r_confidence;r_vec_0_1_x;r_vec_0_1_y;r_vec_0_1_z;r_vec_1_2_x;r_vec_1_2_y;r_vec_1_2_z;r_vec_2_3_x;r_vec_2_3_y;r_vec_2_3_z;r_vec_3_4_x;r_vec_3_4_y;r_vec_3_4_z;r_vec_0_5_x;r_vec_0_5_y;r_vec_0_5_z;r_vec_5_6_x;r_vec_5_6_y;r_vec_5_6_z;r_vec_6_7_x;r_vec_6_7_y;r_vec_6_7_z;r_vec_7_8_x;r_vec_7_8_y;r_vec_7_8_z;r_vec_0_9_x;r_vec_0_9_y;r_vec_0_9_z;r_vec_9_10_x;r_vec_9_10_y;r_vec_9_10_z;r_vec_10_11_x;r_vec_10_11_y;r_vec_10_11_z;r_vec_11_12_x;r_vec_11_12_y;r_vec_11_12_z;r_vec_0_13_x;r_vec_0_13_y;r_vec_0_13_z;r_vec_13_14_x;r_vec_13_14_y;r_vec_13_14_z;r_vec_14_15_x;r_vec_14_15_y;r_vec_14_15_z;r_vec_15_16_x;r_vec_15_16_y;r_vec_15_16_z;r_vec_0_17_x;r_vec_0_17_y;r_vec_0_17_z;r_vec_17_18_x;r_vec_17_18_y;r_vec_17_18_z;r_vec_18_19_x;r_vec_18_19_y;r_vec_18_19_z;r_vec_19_20_x;r_vec_19_20_y;r_vec_19_20_z;r_angle_Daumen_1;r_angle_Daumen_2;r_angle_Daumen_3;r_angle_Zeigefinger_1;r_angle_Zeigefinger_2;r_angle_Zeigefinger_3;r_angle_Mittelfinger_1;r_angle_Mittelfinger_2;r_angle_Mittelfinger_3;r_angle_Ringfinger_1;r_angle_Ringfinger_2;r_angle_Ringfinger_3;r_angle_KleinerFinger_1;r_angle_KleinerFinger_2;r_angle_KleinerFinger_3;r_angle_thumb_index;r_angle_index_mid;r_angle_mid_ring;r_angle_ring_pinky;l_confidence;l_vec_0_1_x;l_vec_0_1_y;l_vec_0_1_z;l_vec_1_2_x;l_vec_1_2_y;l_vec_1_2_z;l_vec_2_3_x;l_vec_2_3_y;l_vec_2_3_z;l_vec_3_4_x;l_vec_3_4_y;l_vec_3_4_z;l_vec_0_5_x;l_vec_0_5_y;l_vec_0_5_z;l_vec_5_6_x;l_vec_5_6_y;l_vec_5_6_z;l_vec_6_7_x;l_vec_6_7_y;l_vec_6_7_z;l_vec_7_8_x;l_vec_7_8_y;l_vec_7_8_z;l_vec_0_9_x;l_vec_0_9_y;l_vec_0_9_z;l_vec_9_10_x;l_vec_9_10_y;l_vec_9_10_z;l_vec_10_11_x;l_vec_10_11_y;l_vec_10_11_z;l_vec_11_12_x;l_vec_11_12_y;l_vec_11_12_z;l_vec_0_13_x;l_vec_0_13_y;l_vec_0_13_z;l_vec_13_14_x;l_vec_13_14_y;l_vec_13_14_z;l_vec_14_15_x;l_vec_14_15_y;l_vec_14_15_z;l_vec_15_16_x;l_vec_15_16_y;l_vec_15_16_z;l_vec_0_17_x;l_vec_0_17_y;l_vec_0_17_z;l_vec_17_18_x;l_vec_17_18_y;l_vec_17_18_z;l_vec_18_19_x;l_vec_18_19_y;l_vec_18_19_z;l_vec_19_20_x;l_vec_19_20_y;l_vec_19_20_z;l_angle_Daumen_1;l_angle_Daumen_2;l_angle_Daumen_3;l_angle_Zeigefinger_1;l_angle_Zeigefinger_2;l_angle_Zeigefinger_3;l_angle_Mittelfinger_1;l_angle_Mittelfinger_2;l_angle_Mittelfinger_3;l_angle_Ringfinger_1;l_angle_Ringfinger_2;l_angle_Ringfinger_3;l_angle_KleinerFinger_1;l_angle_KleinerFinger_2;l_angle_KleinerFinger_3;l_angle_thumb_index;l_angle_index_mid;l_angle_mid_ring;l_angle_ring_pinky
0.99454003572464;0.3965118751450765;-0.11465015011027642;-0.011939342042203715;0.358401464054582;0.21790257515105604;-0.04712350186019248;0.23410007421711665;0.33981904138694063;-0.03566769325847082;0.13896068195167324;0.28165934131577325;-0.016693000989795183;0.725002869501708;0.4404504536781793;-0.27248817993920293;0.30868550294040126;0.8468853280178157;-0.09350288411025817;-0.022901554224695586;-0.10913787659803528;0.024362828157142365;-0.10236656172695373;-0.20572252138127586;0.04833509654582862;0.513302546710805;0.8062347669781386;-0.2941190168212665;0.32363136677326027;0.8076727645157162;-0.07470148951361079;-0.022301204611571968;-0.2167763906174755;0.07602614687844458;-0.10471838448128494;-0.24425674423289678;0.07181667132449161;0.3165867809805952;1.084114414745225;-0.30302905829592314;0.3122525348814183;0.6703269202444596;-0.034591443393428824;-0.024743110036955954;-0.23818251204452576;0.11704127067412638;-0.09987749893014614;-0.23109318720717675;0.08709375145479847;0.14369304509036923;1.2768357092831808;-0.3092945650148611;0.26731367595061745;0.4654716712901981;-0.002265159748434256;0.0016211857881077408;-0.18493246869115598;0.08996579785582358;-0.07947407622753191;-0.18817121277726306;0.07219582906023525;47.525731072550634;24.06241602077892;8.496799719114428;39.58429484541319;169.70126770720236;14.284348175478524;16.04849270695644;158.84944911884185;17.051777676420716;15.028626373816568;150.32359117246833;17.526502268485956;26.756319646799774;141.04906718665265;22.497786199664244;49.23632080927561;25.018440414825744;15.70589779183741;9.667290331210861;0.9399332404136658;-0.30698046965167924;-0.11640111517481042;-0.16502604537744636;-0.24430084544778488;0.2279208632847201;-0.062023480809751154;-0.15548266677809616;0.3186054218565782;-0.020754247702632546;-0.15317895296538064;0.1970166747534271;-0.0005216251615873989;-0.41730332190472524;0.7447188185709094;-0.23857188650420397;-0.1737016634050482;0.6974843617560978;-0.06918123900758257;-0.16535839736347124;0.2588631353842897;-0.007832758089290721;-0.11810330244728756;0.0735047074523396;0.01989302030253008;-0.3040172487763649;0.9403456711275838;-0.15272043490660947;-0.2066893309822164;0.7242381824926005;-0.07010831449355096;-0.18040437142161275;0.19146707789247472;0.0003409990160930947;-0.12743309253893456;-0.013336546346785773;0.025487627608323855;-0.2566061708619732;1.016055120724185;-0.07023832439183475;-0.2106924385122509;0.5869086072442612;-0.04847914241884257;-0.1667576834409631;0.15569269651691092;-0.008329526311106452;-0.12130186609182805;0.001669747825846678;0.015998091770704864;-0.2502441625520209;1.0161600215709334;0.0022831431748088662;-0.17145587310336313;0.4443923692601848;-0.02500393524676754;-0.1484292250608826;0.17275208269665904;-0.004258432770339343;-0.11495490877293092;0.04748724505094357;0.01527080536344414;61.958781099845375;22.004069906799263;12.277581968578769;18.090820326176424;18.98123891272848;27.208120556546394;3.9885027263612427;27.855406253279767;53.49534109236016;5.592609985399425;27.27264954463557;43.2265041667728;7.905787189920774;19.653566761524434;28.01409440036313;75.63809830330459;13.018430759387366;6.19127788681849;3.973933076334154
0.9943766906542076;0.3998691888906964;-0.11232562803195449;-0.007331142085312225;0.35685394706979334;0.21913664321769424;-0.04546147166005401;0.23302283686896857;0.3372972734711777;-0.03461597653381281;0.13808856921420146;0.2754253997446846;-0.015191911289686002;0.7302700915085705;0.43893373665955254;-0.2698310611392756;0.30671162141351305;0.8470828350380387;-0.09196627805136291;-0.03128159014610777;-0.12232630127719651;0.025385725613008628;-0.1056185154772136;-0.21202819385090768;0.04865528462945497;0.5181135468946152;0.8033090813343743;-0.29368839331850505;0.3221721183671587;0.8176293076316965;-0.07434662991785064;-0.02473968616120045;-0.21549663421461837;0.07673070522447799;-0.10483357207886668;-0.24661356942428983;0.07229054471967203;0.3209635667862534;1.0820154117012035;-0.30423571232973945;0.309808798391198;0.6797439513818975;-0.03275520817565676;-0.02545761518280794;-0.23546614090304357;0.11918638892020388;-0.09860047153153949;-0.2320925757085749;0.0880858246781676;0.14709481248369136;1.2754463498192485;-0.3118812503863293;0.2660057964124288;0.4737370923640535;0.0012538782703262166;0.001660406016782934;-0.18472494041092966;0.09271877203973862;-0.07879368084621131;-0.19012735452535684;0.0733129070531188;47.412374167352766;23.735302588613322;8.240213446617252;39.93266372833816;172.1974515130029;11.893472379243109;16.51550279434673;159.33884774889927;16.325957961161453;14.834668194137153;150.0904187516037;17.186514979921228;26.403240017853467;140.7411151304042;22.27509892777174;48.77193554913789;24.968485966188563;15.78210802153261;9.73727761749267;0.9377066175421066;-0.30496405039216484;-0.12343641614986735;-0.16736514911411604;-0.2463436616142169;0.21948442935719695;-0.06530251220029233;-0.15902363416138404;0.31967025102531293;-0.024392267669114957;-0.15409696978975218;0.20685495218231617;-0.004339979514173037;-0.42147439453281954;0.7394799469602709;-0.24368488181865097;-0.1751244283085338;0.6973888595816481;-0.0744283425381805;-0.16590681965276677;0.26035242059489516;-0.010587028879025382;-0.11806875745164777;0.0706879700690413;0.018870957234771935;-0.3094074654025304;0.9375353518537027;-0.15904239805075887;-0.2067063125853634;0.725381044781256;-0.07610698701420743;-0.18172684223025412;0.19272636413204722;-0.002178156809442341;-0.1286844590959929;-0.01579543770556894;0.02490063032184885;-0.26275521061803014;1.016830418640133;-0.07802533525784962;-0.21094694558266427;0.5929323202223292;-0.05489708101689645;-0.16763154333399605;0.1561128105805202;-0.010361246504225086;-0.12177020979989714;-0.0018827637446228625;0.016279759410076738;-0.2571451087201578;1.0198064203590491;-0.006911924608366754;-0.17193773090704698;0.4540629239768579;-0.030637066312461013;-0.14976904141384187;0.1773518248671597;-0.006329757862604046;-0.11678098434357592;0.0479377891507935;0.015110209456339872;61.64487163783184;22.837967337119668;10.640813848725186;18.2963339329826;18.78216146586141;28.259768478246002;4.117734318139583;27.867519403757655;54.54326352040513;5.13186486986378;27.49510678589222;44.919204919410056;7.3344100599219875;19.527033827553353;28.700550152418007;76.18437582739091;13.060654787704415;6.171245156434096;3.8869195442368736
0.9942133455837752;0.40322647497073716;-0.10998864262406938;-0.0027051413489589957;0.3552890857140841;0.2203683868830245;-0.04379164799141686;0.2319340194541017;0.3347550747603329;-0.033559140599519484;0.1372087031708757;0.26915886166723424;-0.0136846124447222;0.7355339690121564;0.43739716009844326;-0.2671551594794831;0.30472037852275835;0.8472539261175823;-0.09042086505272379;-0.03969256597954641;-0.13556107448692487;0.026411707967650938;-0.10887947755939115;-0.21835110197215898;0.04897513267452521;0.5229262681137742;0.8003464786625214;-0.29324670877795594;0.3206969744175618;0.8275975792043301;-0.07398803311284188;-0.02718666928702512;-0.2142050879025556;0.07743548821016609;-0.10494583638512325;-0.24897146868873257;0.07276390583510198;0.32534674174326084;1.0798737037455641;-0.30543720805072266;0.3073458101959972;0.6891750768998094;-0.030910922983312987;-0.02617402738463391;-0.23273186324108283;0.12133586126913593;-0.09731541388028164;-0.2330883297111403;0.0890788543001982;0.15050482898741266;1.274010786497427;-0.3144677926627033;0.26468439976547575;0.4820188254185994;0.004786290024900336;0.0016997224912298704;-0.18451069631785524;0.0954792662717847;-0.07810816473875834;-0.1920848547152885;0.07443189175806478;47.30468256196892;23.405076387905513;7.97504592258561;40.28236459289552;174.05733323963503;10.024844940559298;16.991254104348283;159.78943800504985;15.60925786335273;14.676941630132957;149.81211181933455;16.876741126140985;26.077838803472343;140.39828569469108;22.077078590114475;48.31307506648824;24.917641488273162;15.858837448320896;9.807916001618155;0.9354799946705472;-0.3029229139924713;-0.1304665325336074;-0.16969280327007155;-0.24836876572843458;0.2110259182838982;-0.06857852885483205;-0.16255453197987066;0.32071112233283566;-0.02803064297107751;-0.15500368617967067;0.21668334328376268;-0.008160343739340058;-0.4256155782178323;0.7341809264628986;-0.24878225450130137;-0.1765345837197692;0.6972396065386353;-0.07967293689058229;-0.16644280537614514;0.26182257541215603;-0.01334217535952037;-0.11802510108961556;0.06786406125398882;0.017846813861093373;-0.3147771695698865;0.9346511261682046;-0.16535599738164272;-0.206707390213114;0.726468761278542;-0.08210348248993828;-0.18303613365572566;0.19397158534323464;-0.004698691395847922;-0.12992668637431518;-0.018254622430308547;0.024311355580504942;-0.2688877955165994;1.0175279063229246;-0.08581111920873333;-0.21118536800168952;0.5989140809422462;-0.061314732907836;-0.16849303365341883;0.1565211633570275;-0.012393416212207128;-0.12222946587835104;-0.005437311174256752;0.016560346574366006;-0.26403049353465446;1.02337654230032;-0.016112104902999573;-0.1724066469600193;0.46370445676588345;-0.03627129668186051;-0.1510981494753199;0.18194073633836463;-0.008401867168257436;-0.11859918989073201;0.04838491908122839;0.014948351621755519;61.29035335491171;23.71037725583198;9.096773094266245;18.505413031697742;18.58378598658682;29.327390712999687;4.277053275134237;27.878756783204537;55.56572956693763;4.681182092702653;27.711354173845606;46.59740806934882;6.788946938030319;19.404178345219186;29.362288058184838;76.71816626956767;13.104078906181366;6.154361175798889;3.8026512294626182
0.9941045145749524;0.405922351601628;-0.10844949392970006;0.0012593597531642335;0.35401191199134485;0.22120301334693154;-0.04227414064534305;0.23128948909573088;0.3321265723420067;-0.03252409242444358;0.13665274150878431;0.26281263611135347;-0.012282988998647047;0.739978435078802;0.435928361870444;-0.26482564170130507;0.3030341157351564;0.8472886851283037;-0.0889913811498321;-0.04698400225881154;-0.14726922756952715;0.02734141893152027;-0.11167783114643186;-0.22387137285299374;0.049273417080486236;0.5270644837782531;0.7978329674205276;-0.2926868395342007;0.31953543109560195;0.83549203615452;-0.07350056798204585;-0.029371890933414697;-0.21340836910794417;0.0781434648026251;-0.10504897122496679;-0.2508415173198123;0.07319001685012334;0.3292251619909547;1.0781282587502878;-0.30613114802061175;0.30540657903370194;0.6966985059943958;-0.029233726544785274;-0.026803311449377774;-0.2305669764178001;0.12319322711860708;-0.09625550925090878;-0.23381627040397904;0.08991933272761544;0.15369004679777806;1.2728250732131903;-0.3161742436296887;0.26393322972225197;0.48856339036986035;0.007919306847999493;0.0016944657555204952;-0.1844081278980855;0.09787094363165721;-0.07759829298294393;-0.19358092839773816;0.07538691659991378;47.252780223544356;23.082025340300692;7.693337592848041;40.58680420466521;175.19679271466825;8.738210403009935;17.38795353103287;160.13123675735426;15.002644505974228;14.57164682011947;149.53153601848837;16.645082912852246;25.85713402508596;140.04120524614694;21.94346779969489;47.98173002517746;24.880568893743323;15.922145652193475;9.863731809548018;0.9335351974540024;-0.30130184769882035;-0.136096022517212;-0.1711305133817999;-0.24992837034720572;0.20415720332242338;-0.07090541683423009;-0.16533491118700125;0.3214126805229942;-0.03078371978483147;-0.15551873015715967;0.22417614084044366;-0.011093493820828528;-0.4290489417713301;0.7299885080511055;-0.2518148712886891;-0.17730675535142726;0.6964374070341249;-0.08373241337156441;-0.16665773640738807;0.262895753025416;-0.01569673569443771;-0.11803019401896313;0.06582726951363842;0.016841262475894483;-0.3193288682975126;0.9323451215015764;-0.16959259501535046;-0.20626804341463104;0.7267218540056324;-0.08672938222659608;-0.18390437261812564;0.19509614396550207;-0.006876612368621509;-0.13096346336779688;-0.020028655058348763;0.023648047401712325;-0.27408111556402087;1.018042791965866;-0.09148241278020842;-0.21098211181131152;0.6034746565268545;-0.06639587909085475;-0.16908017528630892;0.1568931623131695;-0.01417854993120768;-0.1226134611184963;-0.00823795581063768;0.016635234751907087;-0.2698272467236246;1.0261568401704395;-0.023151476580970425;-0.17249944667493092;0.47129233115417096;-0.04075952448243737;-0.15199190258882592;0.1856296883155985;-0.010114905425405617;-0.1200254485680706;0.04889567674470837;0.01473932738807542;60.989867159726074;24.43366683250502;7.93120273936659;18.65955926444111;18.409765301846853;30.127547719450632;4.417145959772677;27.85239068120876;56.3230065627716;4.294160507531081;27.876714852530046;47.92704786052522;6.346301228699199;19.298159567307213;29.836533030696163;77.17174665978196;13.12436827243531;6.12932565277941;3.724352778268429
0.994383916037705;0.40391127816012745;-0.11267165581836348;0.00039669296367656935;0.35489833992313835;0.21922709827042994;-0.04189295850837549;0.23388427521182367;0.3290210946565992;-0.0316785160540993;0.13845377735145326;0.2561184934583422;-0.011675154215354373;0.7386135464065551;0.43507509952306733;-0.2650871990439971;0.3036346809358784;0.846530184612843;-0.08844605674309128;-0.04610028617185934;-0.14780153995009557;0.02756525044694595;-0.11112342562606774;-0.22356367875737748;0.049420486288013946;0.5263906498868131;0.7987629066529576;-0.291360091067835;0.32071217462456075;0.8285490392332353;-0.0721211344449146;-0.029637113252512698;-0.21621205268643826;0.0788725692990835;-0.10510670343631531;-0.2492324403887545;0.0732832571358659;0.32946829724148496;1.0794889845036253;-0.3032476335200623;0.3073237487412413;0.6905508287310684;-0.028799719323865457;-0.026799710692253287;-0.23257425408192725;0.12294247150154193;-0.09685178140850827;-0.2326626213013481;0.08966769634930413;0.1552198608283462;1.2737269748875468;-0.31161844722419363;0.26733058527141873;0.4826356543991484;0.00812012804904913;0.0013713695297684553;-0.18514526845526677;0.09758733159185537;-0.07837272038505552;-0.19178406323532354;0.0751622592946481;47.562399085727115;22.82998678283995;7.334181555542051;40.56052579018425;174.92567283079745;9.01718573238065;17.170610445186764;159.97297154253212;15.10721603331587;14.602830348682255;149.52388925641984;16.75405681172083;26.206486335526215;139.79324588658;22.108101773846588;48.52190319597681;24.94781785632249;15.886662165400104;9.809860938922053;0.9335974763453188;-0.3028091503967707;-0.1318040240901901;-0.16631839818577723;-0.2482846298859331;0.208714289277705;-0.06651081020762874;-0.16284210496425028;0.31984493384744356;-0.027247063587035558;-0.15331999505423757;0.21513767248917492;-0.007713126079373844;-0.4276253121616604;0.7340080890020426;-0.2402845348360293;-0.17362498517937577;0.6913196206168943;-0.07938825281588008;-0.16466730470712312;0.26126136710212744;-0.01519763484988874;-0.11843407887810589;0.06942129421885539;0.01598284031019267;-0.31818397814252414;0.9345777302268092;-0.1591333472830353;-0.2027989362893493;0.7213756162743361;-0.08163242233441392;-0.18171843442440067;0.19544326372967874;-0.006609670522382432;-0.13059303469783518;-0.01693593502813928;0.022474991979845146;-0.2726921704550731;1.017713993897486;-0.08214591886133073;-0.20774051187404569;0.5981853581597143;-0.06198351793595015;-0.16779166268319723;0.15707463306323424;-0.014203352760021505;-0.1225153728581574;-0.0056708656981569044;0.015257246356197057;-0.26797524777644083;1.0237706653148613;-0.014813346531333312;-0.1699996797468298;0.4644597003105076;-0.0370991888211279;-0.149857420734077;0.18298711986212252;-0.009271274383084364;-0.11871315194712752;0.04987599593679918;0.014203775237272955;61.33154000059152;23.853638575387524;8.891549510001113;18.408145755401588;18.405858666817323;28.942656785305488;4.251093871956303;27.565009671027223;55.35710256445309;4.28773190915628;27.723150322357053;46.891048920095535;6.452736774500335;19.288501155716588;29.131003631493524;77.13055314078804;12.972039270535506;6.026394509833936;3.671097787644249
0.9946633175004576;0.4019014126492934;-0.11688832912337153;-0.0004649243788683496;0.35578259747727026;0.21725291592693655;-0.04151211186679166;0.23647518222675332;0.32591838798090916;-0.030833872171809096;0.14025219412726841;0.24943171661566516;-0.0110680238478326;0.7372480499584022;0.4342215391943206;-0.26534762308904963;0.30423358147691887;0.845770006104888;-0.08790112466531656;-0.04521750469940825;-0.14833274974769278;0.0277887246304863;-0.11056935379642992;-0.22325567229308643;0.04956722448305069;0.5257160188267274;0.7996892583062516;-0.29003406299704404;0.32188649926273555;0.8216119518564008;-0.07074315929602952;-0.029901921460876234;-0.21901165705684927;0.07960054338556914;-0.10516404229087031;-0.24762455718745147;0.0733761586271834;0.32971012375728903;1.0808447352054622;-0.30036669890817397;0.3092376389211368;0.6844085165044058;-0.028366152177264747;-0.026796031952279697;-0.2345783722142971;0.12269164342586085;-0.0974470296776723;-0.23150966217706417;0.08941609085435948;0.15674733459055712;1.2746238633390372;-0.3070672416990657;0.27072298145102613;0.47671365461505627;0.008320679707273742;0.0010486625971315455;-0.18588094218835832;0.09730376503865436;-0.07914596371342283;-0.18998879708154418;0.07493764459631452;47.8743671076923;22.576038295546862;6.948992273615872;40.53447027747247;174.6351610721687;9.294540077735961;16.95401780109223;159.80937204263645;15.215284551611846;14.644886503081917;149.50523239302797;16.872759404247894;26.569895324353933;139.53382068821662;22.282229552136844;49.06472903845274;25.015558733858004;15.851492999482655;9.756329686131648;0.9336597552366356;-0.3042709989200941;-0.12752768571112438;-0.16152171861892653;-0.2466242477098684;0.21321484359937834;-0.06214007152365013;-0.16034851817865045;0.3182518109363775;-0.02373262329525532;-0.15111946266477735;0.20613932726288633;-0.004356090371628249;-0.42616293837951374;0.737914868255074;-0.22880929358578306;-0.16994971731592362;0.6861593725402388;-0.07506612500279868;-0.16267228485584784;0.2596087872533191;-0.014700369862241311;-0.11882151566184881;0.072981628274738;0.015128738083696682;-0.31701087277438295;0.9366873825897105;-0.14873080998925878;-0.19933146910124855;0.7159851134245873;-0.07656263091396441;-0.1795273570449699;0.1957655282681325;-0.0063438843945839785;-0.13021031303825956;-0.013863430946165482;0.02130776729676443;-0.2712819649713501;1.0172710727293723;-0.07286690397472356;-0.20449835658853077;0.5928654860468358;-0.0575956700590379;-0.16649317624025894;0.1572368265207251;-0.014226352328961342;-0.12240396523097831;-0.0031215155534516544;0.013887382787335999;-0.266105845334849;1.021284411908744;-0.006533250150214865;-0.16749836292625103;0.45762285621272264;-0.033460827441264114;-0.14772107761845282;0.18034253802994007;-0.008432625471288334;-0.11739666894537316;0.05084358438605277;0.01367043380563416;61.65184895707708;23.28723923825588;9.90859580847773;18.172034409045523;18.404533899162118;27.806715003049653;4.104086403125753;27.27912302931492;54.38480573884019;4.283936566029769;27.574799358159513;45.85907614289758;6.554280507569927;19.279972117335248;28.420986384054316;77.06994844395773;12.819922882595257;5.9255454474342395;3.6193430730313874
0.994885862856908;0.39994272688148436;-0.11892162977024624;-0.0007488811882226687;0.35616930282829873;0.2164494311486233;-0.04089954876554621;0.23831448992253476;0.32408556042671505;-0.030017629596669156;0.14172896711046337;0.24468053718749116;-0.010533600874756549;0.7355847005807294;0.43455435914410734;-0.2644520168688207;0.30510880405983853;0.8440653388161784;-0.08738485708145459;-0.044541643841929254;-0.146419211227515;0.027777689405973294;-0.11020384094537568;-0.2216669061118327;0.0495776648615692;0.524835858175889;0.8009772300515353;-0.2880673513464306;0.3227448718890404;0.8154219733652096;-0.06931809311963716;-0.030516822515285126;-0.220564260468002;0.07999357163350751;-0.10528023282410309;-0.24612203516014447;0.07329359621512949;0.32957823358404953;1.0820823513557476;-0.29738492315776827;0.310532185420048;0.6791432963071463;-0.02781579770230274;-0.027153166827286558;-0.23584921370655754;0.12214387623541251;-0.0979973447888883;-0.2305114991101212;0.0889323115420712;0.15753727448432578;1.2753252662805739;-0.30296944595336517;0.2728075020528445;0.4719306822588833;0.008353831442949749;0.0004888574204485685;-0.1863118344585775;0.09674953033489599;-0.0797125496657799;-0.18844758886287769;0.07454074439412381;48.081395489790424;22.33908259540419;6.592377259336558;40.382105089518355;174.44206677607937;9.40281881568386;16.725181155741126;159.72990221674542;15.227280147752246;14.67749852274228;149.55483166371516;16.92723723851524;26.824588772585283;139.4658046288222;22.34998960966526;49.427272408510134;25.037055447274223;15.808007136079702;9.713606119735717;0.9332289393485682;-0.30575776121509135;-0.12419719456557061;-0.15784879524677745;-0.24553997421534807;0.21687273383693123;-0.05872030449857453;-0.15839884460776252;0.3172049928470569;-0.020964504633394037;-0.1494264273392322;0.1990566717850493;-0.0017298921848716;-0.4252654564057181;0.7409032944058677;-0.21994361899426795;-0.1672432950069171;0.6824852421841311;-0.07170906022667706;-0.16118386859725833;0.2584026214686385;-0.014330672270372304;-0.11920450326838375;0.07588743044312728;0.01444256239893071;-0.31610686957231937;0.9382423179109259;-0.140633566015804;-0.19689752295070395;0.7116137709931372;-0.07253610557966195;-0.17802356949298548;0.19624538142744033;-0.006089356497277735;-0.1300395361456174;-0.011184320989269173;0.020392164665781504;-0.27003025641699374;1.0167076173615806;-0.06559320081961255;-0.20192117025496703;0.5890661556684992;-0.054145797404330974;-0.1655994457190628;0.15778725489419443;-0.014226368442939959;-0.12250709748506645;-0.0007703772115721408;0.012812113660700083;-0.26441370110504187;1.0190449185735657;5.8318797676948796e-06;-0.16544624021763465;0.4528371068795799;-0.030667600939770435;-0.14605454151110894;0.17856887962651372;-0.007800631385957155;-0.1165002096325565;0.05181814872734128;0.013232177778958432;61.867305616813354;22.870513711088723;10.774071849673224;18.00921413209298;18.401331833232646;26.9175293469005;3.989771823147516;27.033498699671195;53.48893356732427;4.271921179299246;27.42115390489382;44.93690903848976;6.612483235374072;19.262064719386363;27.836212667144302;76.97552799270669;12.713685705743952;5.8545068014951145;3.5833262536320514
0.994799120443442;0.39824975080563174;-0.10912378437064052;0.0020980422319345224;0.3538562336684661;0.22198792311706234;-0.039027830875059476;0.23608352679322886;0.3291273148611968;-0.029351862662256954;0.1414661864555038;0.2504027153824874;-0.010391180174984159;0.7322923877412076;0.4413164176488064;-0.2572823704999042;0.3074825207705199;0.8372244757293594;-0.08702108361712169;-0.04498456594127207;-0.13124160863378853;0.02649485256833256;-0.11085810451515889;-0.21312555118748105;0.04884865344196469;0.5228325266462376;0.8042227211945717;-0.2826162836694119;0.32189027235050865;0.813250064915002;-0.06763140227476072;-0.03303197632529722;-0.21535965633391976;0.07857130010812763;-0.1057148883303919;-0.24518234977871103;0.07225862183545467;0.32741622168176376;1.0826732591343196;-0.29384165396612333;0.30847065379240307;0.6786059191695071;-0.02662979471979296;-0.029467703059507626;-0.233146920181301;0.11998275093067247;-0.09830519836945029;-0.2303463411164963;0.0871869124401504;0.15432990944530067;1.2749564949614138;-0.3013107816593641;0.2678063168360338;0.47329973850647894;0.007479411039284087;-0.0013586615426314417;-0.18509003556223855;0.09472460886239042;-0.07916008075569643;-0.18827586613006836;0.07320741797929342;47.69022856116169;22.20097645636802;6.517327093532775;39.54079340192292;174.6176369459151;8.427248366540548;16.42613849826436;160.13209256016006;14.688606904350724;14.603417887922019;150.03193865641265;16.58236950564061;26.417667086038648;140.50051836312633;21.78658322412783;48.78307235230188;24.80411284460369;15.718819110718474;9.728657599617506;0.930115769803304;-0.3076120624428112;-0.1259335769206401;-0.16021329165011627;-0.24767584722524047;0.21622801238230688;-0.06035496634642321;-0.15941005665400684;0.31925808892979235;-0.02214557992182249;-0.15050216699755906;0.20219304197315574;-0.0029639459436975168;-0.4276353384406606;0.7394432050655041;-0.22500212426589777;-0.16977846261186516;0.6871088826614816;-0.07349277812457214;-0.1624744059320674;0.25971460324227863;-0.014646284666376937;-0.11964575935184728;0.07540218091599778;0.014647790785761778;-0.3168030738830863;0.9373739536417055;-0.1447960062030218;-0.20008413789014537;0.7129924146164658;-0.07404772258286174;-0.1802884949163168;0.1977102846018456;-0.005888827723562221;-0.13108503359741883;-0.010536495256524047;0.020816204474355407;-0.269738136244516;1.0160343687726316;-0.06894265110021512;-0.20296047032740983;0.5936941322389601;-0.055675992610982286;-0.1669587729980141;0.16055640352199052;-0.014109549195225522;-0.12384771349444132;0.0006014221944571641;0.013298957274158158;-0.2637616533436552;1.0186217538019475;-0.002637043417740364;-0.16584045034536984;0.4592422749544462;-0.03236443075354278;-0.14695136446991172;0.181550068997388;-0.008268837047613229;-0.11791216154451727;0.05289983444865575;0.013299430452558776;61.62012009554143;23.197797501531813;10.521658531575497;18.169932862140076;18.374846621910653;27.13204694018036;3.9614330877608395;26.997731685450567;53.035841054157814;4.2056651140988475;27.214308655434145;44.586896796345584;6.46267904755508;19.18773157738224;27.95319959006008;76.79190139511198;12.855377564563895;5.935412745980809;3.6256284786272728
0.9947123780299756;0.3965457140627007;-0.09935855364503857;0.004934001223042291;0.3515364255578208;0.22749549504356648;-0.037161543361219324;0.23385069403765216;0.3341353313083636;-0.028687346520174364;0.1411981837632139;0.2560920215941721;-0.010248846075263171;0.7289804215614918;0.4480332313483409;-0.25012878190634746;0.3098336409804584;0.830372893044888;-0.0866548697875157;-0.04542381691104191;-0.11611619208848456;0.025215748777521783;-0.11150499093691196;-0.20460743567829873;0.04812027633426877;0.5208138370914792;0.8074204263433388;-0.277173595816036;0.32102477086095693;0.8110506616762102;-0.0659481764370146;-0.035536071375165415;-0.21016545059923894;0.0771510023632358;-0.1061432316885522;-0.2442354631016474;0.07122441999441514;0.3252480575149881;1.0832142645882918;-0.2902989849172895;0.3064034199232231;0.6780407304891446;-0.025447149047395593;-0.03177210352354624;-0.23044468622334263;0.11782459859772866;-0.09860755012673453;-0.2301716768842388;0.08544434195747172;0.15112800132546594;1.2745330243320498;-0.2996451917039308;0.26281244513848107;0.474642737749285;0.006608000804728517;-0.003199065234883771;-0.18386475724263088;0.0927032517605614;-0.07860623803113809;-0.18809651364380775;0.07187596172385792;47.271362711259606;22.058412508998927;6.431928618397739;38.69839398721412;174.08336233006315;7.081404970690267;16.128639923878833;160.5276095934473;14.131580781124775;14.529445440085066;150.51036675592061;16.232790117462592;26.010165443596378;141.54152209355124;21.214450684289663;48.11583645748137;24.57052576666603;15.631571040064221;9.744963017133554;0.9270026002580396;-0.30947622265717395;-0.12768223914239082;-0.16259472197971112;-0.2498250812667994;0.2155737871708423;-0.06200228287941251;-0.1604268019461893;0.3213225020073579;-0.02333620196068138;-0.15158415170210204;0.20535206808594278;-0.00420835397794452;-0.4300171722361705;0.7379568972739171;-0.2300990710312994;-0.17233182403160668;0.6917586085673442;-0.07529016109264001;-0.16377277518200056;0.2610327696896367;-0.014964284092430159;-0.12008848833212865;0.07491142043372238;0.014854475017690268;-0.31749919513146574;0.9364806413399916;-0.1489908369206283;-0.20329387224736584;0.7143692835185274;-0.07557069888566659;-0.18256913690528392;0.19918382813115743;-0.005686496655648694;-0.13213688603055865;-0.009883006628898015;0.021243429968594556;-0.269438480719893;1.0153363392371697;-0.07231905990480844;-0.2040047218275496;0.5983499870346023;-0.057218049228550935;-0.16832642817019977;0.16334589311448944;-0.013991479242888967;-0.1251973100540069;0.0019847822606945333;0.0137896576877908;-0.26309914638002474;1.0181758690503446;-0.005302163407934731;-0.16623486803755522;0.46569284067814115;-0.034074965905864237;-0.1478529899590477;0.18455299334053046;-0.008740836854353002;-0.11933380735840106;0.0539896503214571;0.013367000411207398;61.371534460526696;23.525036124564373;10.274063625916396;18.33480526860024;18.348883333085546;27.348647759331502;3.9454532667749365;26.9607146463509;52.58682787721442;4.140040881892179;27.01265275397689;44.24104937345173;6.315644432145884;19.114649989804526;28.06861852378421;76.60447587547027;12.997281302439298;6.016851423282236;3.668407950377805
0.9946340221173852;0.39515128991632;-0.09025020484614611;0.007474824519630727;0.34949195354371054;0.23249681082937382;-0.035516954744665624;0.23174240834172538;0.33876959088659525;-0.02813742783166487;0.14073428286715622;0.26175916195543764;-0.010166990879992434;0.7259016877685541;0.45418249124993415;-0.24367009018495278;0.31220768107941443;0.8238635640425502;-0.08634023474907372;-0.0458771724569897;-0.10217757103303071;0.024007396463192054;-0.1121886894047652;-0.1966965059261628;0.04742044913750445;0.5188937617348701;0.8103135597980236;-0.2722888151211703;0.32038210895738634;0.809129789432736;-0.06443965025239493;-0.03776685057268932;-0.20529026332842643;0.07580253884858285;-0.1065733986368467;-0.24350342846453313;0.07025092995781512;0.32317180765106474;1.0836673993869073;-0.2871592142296369;0.3046249411275725;0.6776240762982122;-0.024360885675511812;-0.03386149632769775;-0.2279004407576653;0.1158439183390394;-0.09891805591397576;-0.2300681913519698;0.0838381461038469;0.148070325659374;1.2741084681063726;-0.29823840135967644;0.25826242109645126;0.4758807359355747;0.005788528905219327;-0.004899438563930159;-0.18272976304318672;0.09085294734449803;-0.0781477548577679;-0.1879131015538404;0.07065682203223556;46.82360291772399;21.945418651595972;6.409701453010716;37.90469227869956;172.67171860466973;5.405877170121416;15.853870059245125;160.8737783859001;13.615215635144867;14.471407934656774;150.941301835275;15.917837119543075;25.642715535815665;142.50618149329597;20.68988481631834;47.456955650781126;24.35547455399392;15.554011276601827;9.762371054912313;0.9241779045062736;-0.31114562901719445;-0.129425778695079;-0.1650020454700487;-0.2519066997372177;0.21484334844450906;-0.06365727207980447;-0.16148475492497552;0.3233195514558369;-0.024543232532655352;-0.15267578374973054;0.20860559993646544;-0.00546594532078183;-0.4324959095948074;0.7365356498072028;-0.23505043356048794;-0.1747202539685635;0.696127767902985;-0.07708142894366529;-0.1650212962960244;0.26235595373573123;-0.01533215368713723;-0.12052136093119317;0.07447358920947673;0.015018180637508139;-0.3183748153011066;0.9355263509438458;-0.15306182957118497;-0.2063041218163504;0.7157341286563983;-0.0771212085284828;-0.18476300980499633;0.20059507427414952;-0.005555433917808131;-0.13316357488352537;-0.009297312316884665;0.02163163838518686;-0.26935346679313615;1.0144939323258066;-0.07560689256944901;-0.20502827569642446;0.6027791297827689;-0.05878079545123106;-0.16966544926658084;0.16596286668649038;-0.013918514706043987;-0.12649505347265702;0.0032180318313217555;0.014255748723466329;-0.2626464882827451;1.017525654135012;-0.007920147168942113;-0.1666678931382087;0.471789294555699;-0.03579370504795886;-0.14874441494073096;0.18741095828187065;-0.009231738654399756;-0.12068719342430599;0.05501870665261908;0.013426587538842039;61.130838059554506;23.84195474071594;10.012821718803087;18.50519777877628;18.321250549528806;27.551582132298705;3.9522679829776215;26.93009871339609;52.180144259194186;4.069890952603976;26.836766570816195;43.94473974287446;6.17902946058698;19.045088171564775;28.175570787873674;76.42386147168011;13.13015939057417;6.09472124369885;3.709290982430849
0.9947738328771504;0.40211831830558514;-0.09742172917133445;0.0025859933110317823;0.3547948870922872;0.22505771081970682;-0.0395256644466996;0.23290945111560593;0.3344991877597197;-0.03055240198986223;0.1352533359414183;0.2677353067905545;-0.011667212866616252;0.7293619637052782;0.44665021799596216;-0.2549328059181098;0.315769135100255;0.8264780028746936;-0.08743164516653477;-0.04679671662920517;-0.11785702468717599;0.024543402996876008;-0.11402743326817301;-0.20400948756063209;0.04744208973192369;0.519898808257802;0.8064268973533958;-0.2817461417607933;0.3258347015597487;0.8151445931262866;-0.06740211620284615;-0.033137133586678275;-0.20844568707018604;0.07626707535099563;-0.10721133880870028;-0.24856617115721016;0.07083417290953532;0.32361958111662537;1.083032457593035;-0.29451516735328315;0.31052499660178284;0.6817677753373267;-0.025702056359959646;-0.030594323596274526;-0.2294542762819833;0.11841096317501554;-0.09958068751912888;-0.2320591543915709;0.08571197943596397;0.14861089144618123;1.2749725350645453;-0.3037606268850644;0.2650956663430836;0.47501738447371844;0.0062441776742271585;-0.003129281218748955;-0.18402702205237428;0.09336992920778632;-0.08021487523592541;-0.1878049076470458;0.07231664312721914;46.29712489888322;22.706302922034034;8.293692593573963;38.407211943564825;174.63863226453964;7.419981522946315;16.13776213314764;160.15245284513443;14.603573346497814;14.827072983656985;150.10971197581188;16.616035579057094;26.33195881795665;141.33191899204596;21.625714545305648;47.57347077400952;24.63555177464778;15.68070637987294;9.777747177390253;0.9288575732308364;-0.3075082065088934;-0.13071414456400957;-0.1676355351237733;-0.25188417441794336;0.21238291412046;-0.06517989264788404;-0.16346285229100843;0.3232710053526288;-0.025925891523644193;-0.1538517300417051;0.2137124225329488;-0.0067949150058539695;-0.4371651508687663;0.7374699820146533;-0.23522457826105997;-0.1723593785192234;0.6925375539150234;-0.07835663383051526;-0.16477157453970231;0.2636431576657887;-0.016929171051941545;-0.12065839492170881;0.0755490155031314;0.01403049240733777;-0.3238960298558099;0.9336265123560401;-0.1530780757311166;-0.2035411254275555;0.7168210629165737;-0.0790872861413269;-0.18429643285584899;0.20016392240636086;-0.007317148442138865;-0.13337044024370612;-0.010615011489089776;0.020925836636183123;-0.2750194447790223;1.010540131824255;-0.07589629497940217;-0.205382991006716;0.6005986758419982;-0.06056908868568402;-0.17004266661861137;0.16357826303099166;-0.015046164340241919;-0.12621336091581853;0.0002618583102439209;0.013983628630171316;-0.26789704437113293;1.012157448444796;-0.008737129643110481;-0.1680924839401441;0.4675219705473469;-0.03736693915100843;-0.14924376788689353;0.185944345415899;-0.010113117529757234;-0.12001770828537055;0.054261095064843404;0.01327090324438214;61.12945958091737;23.894968424550758;9.290974394378258;18.715078653612615;18.239317380410377;27.34756430610571;4.257695015729366;27.09703294901334;52.76682094133995;3.868636086515511;27.202380129043036;44.82565232734144;6.250712551651922;19.034384600138665;28.10332934131603;76.52043592685534;13.023309178243334;6.0656813908780425;3.688439319474207
0.9949136425631664;0.4091508151072248;-0.10469483988677045;-0.00237954435291741;0.36014238735861315;0.2174779989598413;-0.04359277169812965;0.2340695734399581;0.3301258843310402;-0.03300182836592031;0.12967209191193366;0.2737759490446357;-0.013189627219034869;0.7327975298247779;0.4389519342424426;-0.26634404723390614;0.31935214786327304;0.8290440159755609;-0.08853067099666664;-0.04772557985187781;-0.13376886116576633;0.025085137111238845;-0.1158826020455072;-0.21141475065857387;0.047458942729301;0.5208633939372019;0.8023923439565857;-0.29132087329279316;0.331337329516069;0.8211653534830519;-0.07040361185923942;-0.028431459962235197;-0.21162791790220245;0.0767306336338172;-0.1078476681904523;-0.2536812032009221;0.07141888037907566;0.324039388981375;1.0822705729783897;-0.3019542949819696;0.3164837367573511;0.6859025908437005;-0.02706141656109073;-0.027272769606582613;-0.23100761140014067;0.12100534482621671;-0.10024291879264019;-0.23405616918982378;0.087605845592656;0.14914385115477058;1.2757123549297071;-0.3093363613396188;0.2720070932522885;0.47408921275674437;0.006706274940688837;-0.0013311129163739346;-0.1853246778075883;0.09591617082333904;-0.08230564403052042;-0.1876747308710702;0.07399459870136138;45.73316900923491;23.467186755356167;10.20658721228505;38.923526962271026;175.44783487079874;9.008165086911283;16.435994051188715;159.35274946874537;15.593131668925684;15.186477103677941;149.2640980540762;17.315653011317497;27.02600062017943;140.15499184888992;22.559878180539616;47.66442843777499;24.915736383783134;15.811263652431208;9.794917975563331;0.9335372060154516;-0.3038899720893233;-0.13198764342012265;-0.17024198860447087;-0.2518533488014877;0.2099353116217035;-0.06668795062633548;-0.1654193773963277;0.3232119660529246;-0.027296446796853596;-0.155012943185926;0.21877056764351627;-0.008112861376905995;-0.44178174317241425;0.7383718877724483;-0.2353893863073425;-0.1700118741955986;0.6889531770872452;-0.0796188419628333;-0.16451833175665206;0.2649110270779387;-0.018512646589868294;-0.12079025218461549;0.07661316228875246;0.013050354072498655;-0.3293614901580557;0.9317106612848062;-0.15308903438552995;-0.2007937161884111;0.7178750266662851;-0.08103473082468876;-0.18382743869004867;0.1997295311797236;-0.009064307123249144;-0.133571133544164;-0.011921650233459162;0.020225062948882502;-0.2806301388055353;1.006584411617318;-0.07618079061125967;-0.2057279080309039;0.5984157048083153;-0.06234081671036929;-0.17041109314708575;0.16120751897291188;-0.01616414797348724;-0.12592970562272518;-0.002670312709784776;0.013713247856567641;-0.27309593061326765;1.0067987569901011;-0.009547181972643589;-0.16949984237884516;0.4632735618246024;-0.038926136277437684;-0.14973403846164218;0.18448338255724742;-0.010986996862877877;-0.11934961889392415;0.05350780965584644;0.0131160365317035;61.1277826513032;23.952451579769175;8.596597110709723;18.92760057884174;18.161648634153828;27.146879335690898;4.612548699100228;27.2638024966425;53.345267126893;3.682129734594969;27.569798232835414;45.69926205150016;6.328349905853476;19.02126664278864;28.033868798552408;76.62423937215831;12.916037801282634;6.035687145548408;3.667289818305259
0.9950093077518696;0.4156856753584713;-0.11093125667475053;-0.007148273685218421;0.3649004841335122;0.21215198079835093;-0.04737385914514605;0.23537855767986182;0.32802793973175337;-0.03524167219002114;0.12510420714683976;0.28112261823615653;-0.014654629102256643;0.7354147951637946;0.4331239325067249;-0.2766152061319264;0.32145853317433626;0.8321102257202259;-0.089803398369112;-0.04610910596266736;-0.14459019018760402;0.02529345192892197;-0.11588846882301673;-0.21607415357969473;0.047352157606720534;0.5210749822007167;0.7991382815452394;-0.29976469087176416;0.33613050630363134;0.8261740282954776;-0.0735234800551122;-0.022968417918740637;-0.2134696004704131;0.0770676822447671;-0.10781750332244713;-0.25750644274021106;0.07209194285882169;0.3237132299684099;1.081444004543151;-0.3083554090800097;0.32179492242837743;0.6884844175342162;-0.02847352168496826;-0.02343986653508758;-0.23209473820330562;0.12340946963665038;-0.10039562255535911;-0.2353614342963127;0.08954454840757335;0.14894975377471448;1.2758856337215507;-0.3139910436209532;0.2782809708165449;0.4725366246610071;0.007295273522899892;0.0008341877437093952;-0.18630601259575172;0.09833747982419869;-0.08387901575198027;-0.18737637288120726;0.07570221393953774;45.32917555779156;24.084718129704314;11.862066365929277;39.39058436067721;174.9622474363991;10.455802105595417;16.654567204479807;158.3487790442576;16.68470792016879;15.519743526432542;148.34840483584736;18.03211200959769;27.710017601319986;138.9162316777259;23.46453722281539;47.73750115471083;25.13224098942962;15.918629769043916;9.807434768864765;0.9375048475455025;-0.30013590950372043;-0.13428649485453686;-0.17320804307024665;-0.25211932802507603;0.20745264257477392;-0.06809404157436491;-0.167659046344996;0.32271118756616185;-0.028438161133985042;-0.15599839254141434;0.22437650096739573;-0.00920413425694711;-0.4464211879749953;0.7399515738827546;-0.23514241967325195;-0.16817060030697248;0.6834364511971067;-0.08041290212770737;-0.16410134963176412;0.26608717741319327;-0.019932652647210464;-0.12088737660206657;0.07870005223091558;0.012067633683357584;-0.33477972316876264;0.929908471123484;-0.15229173414151895;-0.19819839606897208;0.7169478807448838;-0.08233014811852557;-0.18325487339429605;0.19969957890688;-0.010547077464379445;-0.13403541339459168;-0.011170169589630827;0.01956301175462843;-0.28616839818533685;1.0023765959190942;-0.07533001517028118;-0.20598215190153468;0.5943756142268323;-0.06347680764297248;-0.17060242197448144;0.15942274506324858;-0.01698117083305392;-0.12568185245362878;-0.003757535352036507;0.013497211721402967;-0.27820208282080755;1.0006286268669218;-0.008983814104654207;-0.17098637678791614;0.457773961699309;-0.03988027924480924;-0.14995656089989523;0.1830977223769926;-0.011597868324965531;-0.11854265934410027;0.05364395742895799;0.013014251983842285;61.25642707726763;23.98709056955528;7.77123915013455;19.05280634905363;17.99669124341157;26.618244966449268;4.9531695831117935;27.31285601549043;53.11869574208909;3.562571389020739;27.765333809869087;45.87266594478449;6.463204469295604;18.88647118375326;27.646196888354794;76.915744978863;12.800140975799339;6.012837593050277;3.6591091620125518
0.9944754274986486;0.41420673016850745;-0.1011293975445482;-0.008033929986667177;0.3606747082768095;0.24042880330982283;-0.04628196590099507;0.23882941852623366;0.35926160309863764;-0.03403284843176299;0.13618284073570455;0.30577340544079873;-0.01498712727918631;0.7267829978346093;0.4558545079962785;-0.26867945402679383;0.30249241647602004;0.8427341225262527;-0.0933814928246932;-0.008675383327417225;-0.08063851867551734;0.020740235957242736;-0.08971408573735185;-0.18085791865254128;0.0455735626218071;0.5112250419088823;0.8088333577673126;-0.29058141008694294;0.3301828848031841;0.8167510368463945;-0.07771634801887745;-0.007999242169517926;-0.19608997690483376;0.07563111034117193;-0.09844935982826246;-0.2424399097501651;0.0739678087114205;0.31327939390319837;1.081360157051643;-0.29893107955026965;0.31710886505854596;0.6692981587717551;-0.0303528758186862;-0.013232583384881673;-0.22661040346651568;0.122722859855801;-0.09339388099488594;-0.22683777053269097;0.09180080815674344;0.13864873762154756;1.269691068370159;-0.30489285492397344;0.2744207078021157;0.46309073031529785;0.00956687249871511;0.007734257816083061;-0.18281224599779042;0.09856025029296996;-0.07783862569547699;-0.18500660895628956;0.07754518050184327;47.55935023264023;22.65341587933929;9.785114108823816;38.983613613949785;164.20875558803942;19.741562125549272;15.55503653124977;155.07058273430818;19.465757202090632;15.463570559590943;146.54853451425737;19.002995015807986;28.188244150671984;136.82038575085613;23.97287810406373;47.88604931705542;24.457580156158475;15.648661763360993;9.730519947147219;0.9313187694436814;-0.2943314599883985;-0.15087747902483933;-0.18139957047947866;-0.2565664431888945;0.20436833559591797;-0.06823517703945006;-0.17401672563961287;0.31622559053895294;-0.026539895613265963;-0.15470475232866734;0.23801349152186016;-0.0072744364908523184;-0.45189375388729575;0.7512130858955458;-0.22931059377631094;-0.17318915903924062;0.6512231240782648;-0.07487547722625054;-0.1614636090469374;0.2661908476485956;-0.01922813698081538;-0.1205582799203067;0.09500712472416632;0.010977040315233364;-0.3400911623295919;0.9298528024158992;-0.14039860093535825;-0.1975566946106072;0.6890253410299968;-0.07481151967643583;-0.18128152150579016;0.2052856446402221;-0.008522556220880318;-0.13819897783317484;0.017868359515400438;0.019387359755052076;-0.29124630105596966;0.9947358077745636;-0.05886628046476915;-0.20508509573975608;0.5647547328500863;-0.056003119781150794;-0.16843952650397692;0.16559296054881545;-0.013739520227565838;-0.1259501068135451;0.020377195832458738;0.014014548008572705;-0.28253288045648844;0.9831989194673711;0.010460303059713561;-0.17373536913812285;0.4348432936181173;-0.03262311835251155;-0.14657650988101753;0.18270145838246316;-0.008652695456886794;-0.11580957165828329;0.06601048984354199;0.013637269884790875;63.16200346910228;23.635009045604267;5.0082688419433;17.899259417841282;16.524297120947804;21.87629847105401;4.57703713963523;25.724631784856225;42.20479650646345;4.179426655712564;25.533094425986175;36.55048342105323;7.3391705614355915;17.038598338052143;22.971181744275402;79.67563397849176;12.580244085038252;6.107831848512878;3.8470769604413744
0.9939415472454276;0.4126634098465486;-0.09159634290913223;-0.008890781640990634;0.35648142034488794;0.26779019251985986;-0.045210806316633614;0.24211346062590125;0.38945946514363605;-0.03285150416368233;0.14689177179618754;0.32960085189955046;-0.015305662776267255;0.7182201793474041;0.47778013807713837;-0.260912196570324;0.28401832901512364;0.852816180461152;-0.09682719053557412;0.02763246014334581;-0.01859298442835819;0.016318787588176675;-0.06430493756547052;-0.14665544482777762;0.0438365831387942;0.5015374895516331;0.8180235042684456;-0.281598460646748;0.3243276635784952;0.8073972050106721;-0.0817624117977174;0.006520903172212072;-0.1791825561009611;0.07421794029749629;-0.08933765461668573;-0.22776367740500036;0.07576768512751317;0.30307760771733994;1.0809944112304306;-0.2897121498099169;0.31248062630198126;0.6505140845298869;-0.03216760722684664;-0.0033294423225192736;-0.2212317488764348;0.12202466357677899;-0.0865785898597651;-0.2185113250692487;0.09396492379256936;0.12862170079430088;1.2633492309761727;-0.29598866882899844;0.2706046040487423;0.4538077074968108;0.011767494695809733;0.014424342314976229;-0.1793756887144632;0.09875038314525117;-0.07195980470568236;-0.1826596024761237;0.0793122081919537;49.52969935372636;21.205223450673707;8.009635129915123;38.60465550670561;106.6162454832554;74.3100814562779;14.48489285802254;151.2075876883448;22.69870373476788;15.471766915505986;144.65143481783332;20.013926475088258;28.667738136749016;134.72226911180684;24.471736745639;48.00436628219437;23.80843882497196;15.392560697833769;9.658299916970968;0.9251326913418604;-0.28880481139421293;-0.16651990316458112;-0.1891061128415624;-0.2607256443234524;0.2014241729962603;-0.06835781662615423;-0.1799928194838843;0.31005236348256104;-0.02474333845833836;-0.15345914867356142;0.25085305769713145;-0.005451199959892982;-0.456990810475997;0.7617297000036805;-0.2237682212360159;-0.1779009265192762;0.6207044966673756;-0.06963514169227271;-0.1589477954069413;0.2662472823681633;-0.018559908489760583;-0.12022875755652633;0.1103901682023873;0.009945545631627766;-0.345053487661242;0.9296554271931207;-0.12914672796160717;-0.19692000603600324;0.6625523725590353;-0.06770045648663509;-0.17938996591696;0.21052827810578092;-0.006609588907496191;-0.14210887210713008;0.0452850052349393;0.019218482293875343;-0.2959957182198575;0.987366131919265;-0.04331134634300103;-0.20420611783460288;0.5366974703753022;-0.04893742054289792;-0.1663709956561257;0.17139335487303603;-0.01067647454577099;-0.12618378930685017;0.04316307387648973;0.014500856634454471;-0.28657820569914794;0.9665879216182204;0.028818645956721466;-0.1763040293374958;0.41312345008719714;-0.02576551427376544;-0.14336209323363688;0.1822988358973006;-0.005870389005100055;-0.11321083710569961;0.07767722163882318;0.014223426392251454;64.91109877636778;23.28422466804319;3.173090985897635;16.745459271201465;15.040271206742503;17.977793801264603;4.2030924854248;24.202886101395727;32.986114678482366;4.813686569854722;23.380254289681176;28.31803203681909;8.227300135459279;15.168755111793763;18.836889081228176;82.23217802274245;12.384807405364047;6.208215349115558;4.047115147192555
0.9933215991656288;0.41117438618101654;-0.08368854820564217;-0.009517595776171107;0.3526920391682472;0.2921830645033439;-0.04418867987646973;0.24485928124152423;0.41689324181035775;-0.031798516368385626;0.1569066596271525;0.35024847277943916;-0.01572713975190287;0.710759512832905;0.49765361979891914;-0.25334479981979857;0.26773869819453144;0.8597402269094745;-0.09893206166130011;0.059475585149694345;0.04066949336683574;0.012609566201486327;-0.04168419604987039;-0.11206325169119148;0.04213172230519275;0.49320426638217224;0.8259634515919606;-0.27300902596199667;0.31876154240084126;0.7983497692155928;-0.08413330360133016;0.019804873418705744;-0.16229822767009175;0.07283806220122414;-0.0805850046195787;-0.21384543976298054;0.07685500758426406;0.29426323867137577;1.0798787711562035;-0.2808829641817581;0.3078948572330871;0.6343377754930867;-0.032765318702693946;0.0061725223085244045;-0.21476976647043938;0.12107413684015889;-0.07988393017946263;-0.21084653691631638;0.09522981246870077;0.11992976437012993;1.2567313813260936;-0.28744448503828246;0.2666703057584238;0.44553642132904236;0.014134542808921818;0.021072273027507138;-0.1751274064176917;0.0985914445867888;-0.06586851204663004;-0.1803505211583479;0.08041560941527116;51.20908140798822;19.942923883954432;6.4442460777197255;38.22961303501629;41.481166263771826;134.55287964626254;13.580744766656547;146.81305510000493;26.23900261346436;15.529387543152223;142.6040859000418;21.088526827609048;29.06682868962849;132.5737071923381;24.995306220104258;48.170910106357674;23.20657560123617;15.16868544372022;9.604999632048182;0.9210583477674388;-0.2852255168278129;-0.17604299562729392;-0.19542697032187437;-0.2631707923487361;0.20327193316238668;-0.06844172316535922;-0.18426460630606173;0.30684040404153196;-0.02308356367040656;-0.15161556426519496;0.2643317114037921;-0.003954323087031596;-0.4595295617725969;0.7721592077305864;-0.21960250540905027;-0.18054815794241946;0.5962559310883457;-0.06464662660107004;-0.15645142441865514;0.26644201084245117;-0.017287832485701;-0.11965430330511101;0.12365455741830186;0.009607386381403024;-0.34641656357348016;0.9303925945822815;-0.11985484732955672;-0.19560834020943313;0.6395593831124944;-0.060679233435714776;-0.17763905633145785;0.21598541796834678;-0.003937920059830438;-0.14435729649340887;0.06934290296862455;0.01984596118674315;-0.2958253262660836;0.9821870883482721;-0.029993959136585157;-0.2016110073784796;0.5140063188317278;-0.04218528362811654;-0.16396945573035562;0.17741006369358991;-0.007132741197033543;-0.12571006683940764;0.06335874239265778;0.015654274137940447;-0.2844808523830842;0.9541237337881765;0.0449632943216608;-0.17657931125308948;0.39690478742930796;-0.019583919023598875;-0.13961134887771784;0.1823893027702961;-0.002924647534464617;-0.11013719997618393;0.08750978444119144;0.015253953997538204;66.43882601131946;22.564553879461467;3.1620501329229285;15.764777117994226;13.800978399858705;15.057080158946883;3.7982341497925187;22.816982630406088;26.06578926505414;5.3725380467124735;21.464105743861165;21.993106684375093;9.008103690132073;13.569407723855626;15.682299822665199;83.9135784303996;12.255013991972378;6.359655911993932;4.263608243872855
0.9917184856813032;0.410902183905114;-0.09141058962348253;-0.007829675138703874;0.35308291702680017;0.2924426521825181;-0.04349550657818347;0.24319893491373162;0.4237729485434357;-0.03190837200029736;0.16291350750714112;0.3433678604882572;-0.017465405844346436;0.7149662718304423;0.5026098015593344;-0.2462116013873457;0.2711605830225532;0.8362911137587186;-0.08715918685651458;0.05243584151808141;0.08847869032535392;0.015606343980586308;-0.04267225404479477;-0.06224987872631987;0.04034202018175793;0.49846222140021923;0.8248623512304362;-0.26671617003728;0.3154397825723127;0.7918915734187664;-0.06897652692375669;0.023779966521577576;-0.14063055431792748;0.07157372984488765;-0.07318066538867016;-0.20436822955737466;0.07062206391640301;0.2987181299006079;1.0729972260018803;-0.2742520090522409;0.30311535899114844;0.6434460573691771;-0.02018874438821037;0.014335256809614758;-0.1948099769775761;0.1173493628608283;-0.072566679785081;-0.20857648701139847;0.0872172139914844;0.1235023297016054;1.2482763445735103;-0.28087961463279365;0.2608668985742448;0.4469611981309569;0.019146612049839706;0.02946518245240879;-0.16099573772497158;0.09478514080056773;-0.05562987463254787;-0.17819443599319904;0.07475442543672649;52.25443694058939;20.517751472157357;4.596603316630591;37.586519089146165;19.085019598641807;143.0647805865517;14.26207859256336;142.86774057465095;28.362524407138753;15.504958630224756;139.54188036795813;22.93972705699251;28.545093048653143;129.61761222637801;26.166291961824626;49.20413444575769;22.86341262340067;15.165549981038783;9.718752727406248;0.9411066573775818;-0.30007571781991926;-0.12751456456838578;-0.19089204304701207;-0.24939134085567402;0.2556900551739215;-0.06821847048553857;-0.17331195464085128;0.3327304329134484;-0.02198356612615791;-0.14274335573976982;0.29164701217673694;-0.0050455240796725585;-0.4373186670386763;0.7876961803387061;-0.22762240890956237;-0.16340027389217301;0.6220907713141555;-0.05969315547118333;-0.1529609362617939;0.2683556428322226;-0.009129993043211942;-0.11633643362720861;0.12207986272734378;0.016255260459997867;-0.31159044560905474;0.9418233882327974;-0.12601626713580943;-0.1867829685875578;0.640909172333173;-0.05095483120802003;-0.17655012654941127;0.22666555463034418;0.007959603264780492;-0.1307363512075828;0.07137104129121395;0.029035311363661387;-0.24499749249026892;0.9976075480879202;-0.032824416280862086;-0.18008885997921778;0.5351938504917959;-0.03516669987606733;-0.1569910054174514;0.18893375144833877;0.0032213873751181523;-0.11777661846988181;0.06743192063324875;0.024307757803350448;-0.2180881517391836;0.9786176563261502;0.046738914905647945;-0.1534536536533746;0.4292620847861859;-0.017159228955893287;-0.12846191393597986;0.18774624875482168;0.0032471424341349933;-0.10063215618068727;0.08361819935115718;0.021421019989989794;66.28514317244847;18.226592984443204;2.850317939049174;16.660179467895727;15.365191535828641;15.671534052253682;3.529218333262172;22.45407047515556;25.124938852219763;5.098039582319031;21.551475643579014;22.431606492407298;8.588798911664954;15.004988978705496;17.947387821099394;77.79276751403967;12.617413029164917;7.031489465497991;4.665427638689543
0.9901153721969776;0.4106037485957712;-0.0990798307145296;-0.00615140917163246;0.35344748292930417;0.2926808340248645;-0.04280356552664508;0.24153210938052364;0.430582390557763;-0.03201540003564899;0.1688730547103038;0.336505475460756;-0.019191997433208274;0.7190991415498552;0.507501977901811;-0.23910474555318292;0.2745434227609107;0.8129267712995336;-0.07545144312911553;0.04543502229694941;0.13599337803258096;0.01858397882712936;-0.043651454666726444;-0.012732883863819508;0.03856038129269732;0.5036546313077283;0.823711936755125;-0.26044319459221277;0.31211666858893383;0.7854186278937451;-0.05390653515223742;0.027729458502591568;-0.1190840951665571;0.07031217159163021;-0.06581604340631869;-0.19493434565841355;0.06442194223131237;0.3031258728073696;1.066084415601533;-0.2676424634457434;0.29834413947565086;0.6524557234363563;-0.007686694396024999;0.02244776040011983;-0.17495741984186602;0.11363910521108653;-0.06528866275042877;-0.20630598597676805;0.0792470510907903;0.12704495780752978;1.239787646928601;-0.27433530534143413;0.25508081508351826;0.44834705515177536;0.024127136814932577;0.03780544554945174;-0.14693842528225257;0.09099537609877748;-0.04544924882030959;-0.17603927309455528;0.06912233279034936;53.286563879827376;21.07799280010836;2.752485880258063;36.92395046980438;12.411789438996259;110.35486828069146;14.954353399837691;137.92760357126838;31.53416852449847;15.563534922473643;136.0189879750639;25.52396920001596;28.03732754948843;126.26436010166253;27.806471866389167;50.23270931696384;22.52246500612479;15.15931095013774;9.832876618302874;0.9611549669877248;-0.31331950642611966;-0.08289161431619595;-0.1865049960960109;-0.23646226081595534;0.3034124699701697;-0.06793115315672452;-0.16306544717914193;0.35605079168499076;-0.020948936011785622;-0.13444030763529316;0.31632322773151084;-0.006039309642469675;-0.41643562314869953;0.8009778398590576;-0.2346952384555967;-0.14748888194782508;0.6450095895645743;-0.055081715243348456;-0.14957695230821708;0.2697836778993731;-0.001643607666802639;-0.11315504835578623;0.12048884292395114;0.0223272220222023;-0.2793001322772145;0.9511554703579227;-0.1315093430830265;-0.17846942249416292;0.6413686632498451;-0.041982220030640234;-0.1753381622415355;0.23617720875371823;0.018852062591460807;-0.11809643422394876;0.07314292789668796;0.03742061459693671;-0.1981250229997113;1.0105278383540286;-0.03537824922186059;-0.16014893685442325;0.5539595770780245;-0.028692673747675028;-0.15040599252858922;0.1992641461596602;0.012705327560625505;-0.11036407139400661;0.07108252612385658;0.032207762066256834;-0.15698569312680946;0.9998753086459449;0.04830928739577743;-0.1320766846850565;0.45839154157376605;-0.014916588602700506;-0.11808948637569017;0.19242728424389555;0.00889862932961636;-0.09180029641932508;0.07995078314051123;0.02704613478889211;65.05328052973599;14.944208623812463;2.592489196514099;17.395734828787432;16.70998830710415;16.258675000315804;4.030786461527583;22.249258635570833;24.169730525012735;5.103851474369473;21.69167541595033;22.6951788661278;8.459446546100134;15.981289909332201;20.066473670544774;71.98755792990283;12.95535066755477;7.669162804396024;5.1767439263582675
0.9891970417879596;0.40942208237762545;-0.1009997322931922;-0.004186738136419124;0.35191934228376487;0.29715404077924296;-0.04350676082892805;0.24036592986435093;0.440188125145736;-0.033033732226935855;0.1726500777254569;0.3360398156880108;-0.02135067740890318;0.7202298354602019;0.5129660975307362;-0.2392730368850049;0.27755550492894854;0.7976319892739014;-0.06511681903821134;0.04086520370455051;0.17819594175046352;0.024582965506752413;-0.04535935511267061;0.024373553165872898;0.0401434412291305;0.5060692408453336;0.8219005892631703;-0.2614829723692945;0.30849940586797614;0.7833367664522325;-0.04096396679048653;0.03014732794743052;-0.0966688753575455;0.07272220945223683;-0.05990193427562561;-0.1858901913970127;0.0617022215815063;0.3045313355116768;1.05842875827409;-0.2680957795651155;0.2937866030198158;0.6618477679535537;0.003345052303870321;0.027989259222129467;-0.1568232321957449;0.11316839194463073;-0.05922504040710704;-0.20454745724717902;0.07416559159209904;0.12700064070532877;1.2294156635692004;-0.2743371953300313;0.2491244819333599;0.45098564264634455;0.0290752722385769;0.04376254069629405;-0.13410788518392214;0.0893730080727138;-0.03669947383521353;-0.1740658420559669;0.06550558774505345;54.15474501928963;21.179436480605496;1.5367199171506094;36.3869930346219;13.592623793298149;73.22318269832199;15.896371682879808;131.33519342836112;36.02572649001394;15.983618651302189;132.27822856226638;28.254421581701653;27.763841351335934;123.03554649455546;29.3571507740935;50.816582331534406;22.111943027169776;15.148583897614548;9.957284018617822;0.9756023517147672;-0.3182488838482415;-0.03762467679112505;-0.1776478350518173;-0.22117479865928227;0.3390653839347295;-0.06520865211986807;-0.14980200682413072;0.37160546687436413;-0.018663039483575544;-0.1244043743312266;0.330229811604292;-0.005090199445470742;-0.38669384302371124;0.820680384420299;-0.23440022043119194;-0.13195963833124627;0.6538319447478776;-0.049067842121346524;-0.143838667508752;0.26343314729619344;0.005627076515738958;-0.10827764658718333;0.11227081947957271;0.027562368462067367;-0.24098314621495814;0.9614210172965514;-0.1326527449425923;-0.16530449909912193;0.6383868388947421;-0.033709463404714014;-0.17069818575616552;0.23251383819595847;0.027547002859953155;-0.1072410187632794;0.06502923213820595;0.043591990181579235;-0.1494856951414934;1.01697492972444;-0.03638184820040949;-0.13977967724452428;0.5632088411605687;-0.022395980654978664;-0.14361700898601468;0.1981785341364899;0.0204210954365441;-0.10317433980079599;0.06562427298132337;0.037693453076090136;-0.09867089187016116;1.0066611617698389;0.04875225100676238;-0.11178508393822931;0.4720245516443885;-0.011952885254802939;-0.10923260803528984;0.1897572382279468;0.013672641540381333;-0.08428921271059973;0.07233347069354668;0.031115764066292222;62.5685653464474;12.851118200876597;2.260461258863813;17.05946427512368;18.004222089078162;17.671654770699313;4.717532403927775;23.301380590124417;25.83820975857777;5.575430624416521;23.054717216259764;24.51305811322102;8.777333129656506;17.327537572302628;22.61827622144481;67.05844474774497;12.91730999914542;7.978301927260902;5.526796290287014
0.9902351069489308;0.4056791167389642;-0.08671427593872065;-0.0014011773615975394;0.3449918143575976;0.31354515634361707;-0.04813946028227914;0.24056505531005193;0.45766901761265955;-0.036621824060221166;0.17027455909252223;0.3535449118764738;-0.024738078736065226;0.7127943673889987;0.5199978291154912;-0.259907020494861;0.27949921127557686;0.8048506801468049;-0.05857260423780896;0.04310930227578036;0.20568192627872306;0.039132627899795;-0.04912507893388671;0.02674940040122087;0.051212855116439984;0.5005922415408498;0.8180853508974056;-0.2830967438106208;0.30398055923274375;0.7934924281439814;-0.03392391652726734;0.02826030556396493;-0.07164062196990507;0.0854838686297691;-0.05802665379247396;-0.17785476482940743;0.06876281628184056;0.29743753215493074;1.0484621829924239;-0.2884139138903171;0.28975464916592286;0.6722760116231298;0.010306403172118643;0.02631795167680913;-0.14338594490573373;0.12180614801985523;-0.05653394778069881;-0.20418783111976546;0.07717925793629281;0.11682764309479242;1.2134738687429534;-0.29274389677330287;0.24260945366046457;0.4571012682591999;0.033960576840643526;0.043036468129770404;-0.12462782985800964;0.09383373233018552;-0.03191784415392596;-0.17256401705585164;0.06753388813447242;54.52457345750744;20.014280988989828;2.055466846703859;36.312361689756614;16.208573157735163;70.58746792477905;17.528020084293193;121.52136265829041;42.2342334082376;17.292046182660357;128.9922881308806;29.74937693588368;28.189070930699273;121.09126721983311;29.558721776519658;50.16288176154357;21.498956005015266;15.129797885158803;10.110040297817488;0.9740481367757856;-0.3032336677656502;0.014876818028973064;-0.15663377496855294;-0.19816209454466274;0.34930724235762145;-0.056122620520032085;-0.12742823243110776;0.3699039802277968;-0.012995413477841302;-0.10883777281653632;0.3192322725246124;0.0007879235639216116;-0.33134354542636674;0.8588158007861557;-0.21584542107914326;-0.11545301353917801;0.6289083684142887;-0.03883598515321406;-0.1315685097357104;0.237053557975535;0.013270575996604705;-0.09860247599433468;0.08662839907097723;0.03138055540284804;-0.18298797166439157;0.9753676629946808;-0.12318004793978092;-0.13850036406474953;0.6265712110052853;-0.026141539397574992;-0.1570069539810197;0.19579035583212565;0.03188681972397704;-0.09946122062276148;0.03143056448819889;0.045054498564908216;-0.09042127514942316;1.0082912547685008;-0.03367514092113473;-0.11582090002618682;0.5500983202080546;-0.015755504944536616;-0.1354899729256265;0.1687067998767635;0.02472218715736004;-0.09564966238203788;0.03693554371815708;0.03788803071255574;-0.03999830278184267;0.9785507041205194;0.04646320523947716;-0.0916618736195566;0.4490276324636963;-0.006835259252467943;-0.10303468565155775;0.1685686676576706;0.016870223470528738;-0.07912022038789714;0.05399220277229948;0.03184382928160539;57.67397324103207;12.131680713647865;2.0444319031412235;14.358929027132866;19.648865042277972;22.16197837330155;5.084384560931016;27.900722256300007;36.16506253975514;6.76873796664451;28.033454046712436;32.2768553360747;9.863161309351089;20.687259839778957;27.268367552967625;62.91614598859726;11.98344572934909;7.535967110426292;5.394661014832839
0.9912731721099016;0.4017841625242768;-0.07258133303933517;0.0013468716384848188;0.33798640374832317;0.3295542512357959;-0.05268447668815554;0.24064087155444883;0.47468070052595895;-0.040142336372183895;0.16784628327907647;0.3706326561837316;-0.02806661018371382;0.7051036326570111;0.5266724585084732;-0.28012766192102095;0.2812761603454336;0.8115669283326972;-0.05208880899250869;0.04530100738068092;0.23268774757862312;0.05346307454584773;-0.05281451940895594;0.029079246767901145;0.062104742578382804;0.49493946929817667;0.813912406690286;-0.30427210842675995;0.29937134201322646;0.8031110489806114;-0.02696344256747587;0.026385005743538328;-0.04691981381742474;0.09802760856789669;-0.05614801512038029;-0.16984042787505366;0.07569208357159438;0.2902919626314947;1.0381068189229437;-0.30830875065410973;0.2856327756219031;0.6822242318117142;0.017167087996441083;0.024656380940559445;-0.13006113003525405;0.13026435348933035;-0.053851436974521306;-0.20373079431032257;0.08011289664825336;0.1067356480298431;1.197142548807329;-0.31075135259797326;0.2360622004801526;0.46290388479520844;0.03876183982408217;0.04229878528613404;-0.11521536120113389;0.09818622964495487;-0.02718581383243627;-0.17099630145840214;0.06950051327453985;54.79371535876832;18.869454302483646;2.5389771555278107;36.32044716319468;18.069295208656246;68.5435111404569;19.15586911946611;109.76249953037119;50.19099016894206;18.657804992562557;125.32835658319168;31.745788580747597;28.71378272972159;118.86993546211053;30.079720469225947;49.54141648250204;20.889924066585685;15.105913610048528;10.262044043146672;0.9724939218368044;-0.2888223200931238;0.06192988606781287;-0.13729585305016367;-0.17690229080264502;0.35741108891917245;-0.04779732626511709;-0.10696115290997751;0.3672294910340477;-0.007870635725960331;-0.09453512730635702;0.3083755391290509;0.006058759078525818;-0.2806602350615845;0.8903616631760536;-0.1985299322851404;-0.10028653855497284;0.6045973972654071;-0.029536420655090444;-0.12015256338053527;0.212652603406453;0.02008639307357748;-0.0896168176221418;0.06335563934108612;0.03470846521096091;-0.13039238966596509;0.9848519647732256;-0.11429974715420972;-0.11402443043939302;0.6140266719032038;-0.019271196883207043;-0.14423720409845736;0.1622379348197593;0.035681113926770265;-0.09217324100643866;0.001191551495478908;0.046226682207255884;-0.037153771671268605;0.9973716451601005;-0.031142427642319153;-0.0939679359044462;0.5366294797326192;-0.00974941436391757;-0.12777866179601588;0.1417440028305689;0.028503977980274233;-0.08860238232987609;0.011084164589002209;0.03794499279814381;0.012761188972591356;0.9502955785543907;0.04426548665201629;-0.0733247905671971;0.4270033715106062;-0.0022230075128742846;-0.09715472025765351;0.14903714924270534;0.019686422839461096;-0.07423753505358792;0.037370621697329735;0.032398144150330446;52.41988860097318;11.545571226482858;2.394125315579523;12.22801827619694;21.37617272577924;27.87109012056788;5.640570930904086;32.927435845114616;48.14516862979515;7.833590547419043;33.3804671323804;41.715199910610046;10.918764382788003;24.22873213994505;32.80915409277016;58.27961477515639;11.226666774808416;7.2035472179712725;5.3158805315349
0.9919864114346162;0.3963138353165502;-0.062237303831941856;0.0033718233642713678;0.32915787850517125;0.33933615989517;-0.05280126368272663;0.2353220231635862;0.4849555794815891;-0.0393634985935908;0.1619625465378415;0.37851864987729966;-0.027357096430653455;0.6902980474687843;0.5427928396368661;-0.2842648378320678;0.27722473566552597;0.8033355247875089;-0.043549910867063155;0.04841191355692656;0.2429459251272822;0.06324473940412995;-0.05145311180373035;0.030769168056343197;0.0684480770836237;0.48241287441005665;0.8203055355525528;-0.3072078237045186;0.2930693107543824;0.7927831613910892;-0.019338393995366503;0.027673587564678383;-0.03572368200690148;0.10499293967406625;-0.05292589074685334;-0.1634673760639961;0.07916969433257491;0.2799192834176382;1.0347090581942624;-0.3088472914862673;0.2792097273607397;0.6710540861259245;0.023016688488650273;0.026264272905143424;-0.12254241758749537;0.13281904626045357;-0.04997765083980112;-0.20065549062573568;0.08022217485680506;0.09862601682737011;1.1840325631722664;-0.30836998114858877;0.22971426400923453;0.4538862279802786;0.04320740179205239;0.04249930192828148;-0.10928148256123973;0.09973843707227804;-0.023929389228222925;-0.16765362016093108;0.06973301924457644;55.113172284646744;18.29621809026641;2.7385764422485077;35.453873742665074;18.89593944905368;66.400578368558;19.357599340010697;103.3059644409395;54.07642199907398;19.343587450597212;122.75224202139349;33.09885700598523;29.255782849010256;116.87734474687427;30.629698022226815;49.83577262194294;20.315212429440212;14.76121780292702;10.121994285937584;0.9709397068978228;-0.27517276274154157;0.10398598724291648;-0.11960514429694431;-0.15738857109126578;0.3637883593231079;-0.04020943198704489;-0.08833324764161783;0.36391312032190143;-0.0032536006262728254;-0.08146829738617938;0.2978659531215322;0.010772033703494967;-0.23449190231704276;0.9164375071794575;-0.18250059924133957;-0.08643041362859145;0.5812783866013684;-0.02112012448452316;-0.10961138110386352;0.1902317108476143;0.02615062028631947;-0.08133207849887394;0.04231969093649583;0.03760721394624333;-0.08288385834824814;0.9909006575628362;-0.10604788006766762;-0.09178258859669103;0.6012396430783032;-0.013059764058536856;-0.13242139141783577;0.1317332726435248;0.03899582163435747;-0.08540508551254135;-0.025938494040262244;0.047162788320557474;0.0107246789436243;0.9850849578014144;-0.028792584812808462;-0.07412921874917267;0.5232065622123329;-0.00433707163771941;-0.12054181966421466;0.11720199776064223;0.03182539319754128;-0.0820590734852659;-0.01213449098557288;0.037901329171010634;0.06005925072805438;0.9225749673489736;0.04218339022659155;-0.05669168386472534;0.40617926472081844;0.0019201420512790404;-0.09163723735754493;0.1311434446443228;0.02216363802427395;-0.06967193386860247;0.02236626381332634;0.032814502643438256;47.20768286753786;11.08015941487043;2.993285308737479;10.618969436111618;23.207098801850417;34.99633872327508;6.22246988682585;38.4980114833487;59.655187709677236;8.769236532040088;39.15522463240419;51.68294309271499;11.898969712310906;27.96648173646892;39.148230124203245;53.57541477169044;10.625070863647919;6.9674568149949225;5.290064131788286
0.9919607024146104;0.38725435640251804;-0.06017899952231922;0.0037990953409386516;0.31637212886945193;0.33526639896352517;-0.04344251367406589;0.21844294395319838;0.4801379678106284;-0.02942129876305108;0.1487316627157139;0.3662390231846691;-0.018049983238914432;0.6600886232867837;0.5780281687105905;-0.25379290035647956;0.26061416727929604;0.7627439969456924;-0.03083276996811154;0.05334458780232901;0.21705311055512597;0.06301649109208877;-0.03933389416591318;0.031020715444804545;0.0648720959745151;0.4551362646360396;0.8481937534201037;-0.2709581836229887;0.2830527287999699;0.7395292032042942;-0.010491730195346247;0.03563001952560489;-0.0535743936471179;0.09979496013529728;-0.04688293757334178;-0.16060186740107527;0.07513031664415677;0.26269370225188854;1.0451904318633398;-0.26788974422844314;0.2677948902194766;0.6146077947530386;0.026530741397160267;0.0347571652275526;-0.1274632414653772;0.12261363298723453;-0.04362778522902339;-0.19189827215563432;0.07424119871972805;0.09486130667541083;1.1769756253959898;-0.26237728822004347;0.22374052025598729;0.4131444316624873;0.04673070506362345;0.04464841114810694;-0.11080481628201135;0.095192467451187;-0.023878790422795757;-0.16046284917997877;0.06620149720854641;55.73238006004808;18.94824821999302;2.4279771024491117;32.59068129496375;18.619567511042394;62.72345448514172;16.59427648739885;108.97954655287442;48.49387303095659;18.728653592431108;122.95093523643543;32.297076383397915;29.874854949020573;115.7562960466553;30.69082621302314;52.10445210679742;19.780483776680093;13.749297460930743;9.35697617439795;0.9693854919588416;-0.26236082232263713;0.14154547413995552;-0.10347713893315703;-0.13954734858286705;0.36878329443643765;-0.03331413672860768;-0.07142652899599379;0.3602023598287617;0.0008993098451004119;-0.06956956016313426;0.2878282107237887;0.01498314253969025;-0.19255812134642447;0.9380105386047802;-0.167738010885545;-0.07381285676893921;0.5591666065457246;-0.013519299112771473;-0.09992417473324729;0.16971357538354323;0.031544008456826346;-0.07372820666802005;0.02334302599093934;0.04013476190838748;-0.04005165297573424;0.9943382845821241;-0.09842378222863604;-0.07162340538479431;0.5885460082430557;-0.007455255728049912;-0.12154358291905581;0.10407319274667011;0.04189412962499602;-0.07915499458956969;-0.05025061962777163;0.0479085378069568;0.05370068148976225;0.9720680697159391;-0.02662433890467625;-0.05616371103609108;0.5100989248056265;0.0005322513651632313;-0.11380009950191103;0.0949259731598924;0.034744157267770255;-0.07601764244079527;-0.03296174868394027;0.037785830453098024;0.1024147322065412;0.8958233499732016;0.04022864343413498;-0.041640095370292;0.3866604836488067;0.005637062688455876;-0.08649777817383256;0.11480991356387332;0.024343708946508752;-0.0654315298273076;0.008846473806489867;0.0331223686780251;42.36654186765065;10.721048911926909;3.6357865987104567;9.475148165237414;25.166117144315542;43.55277605348775;6.7572247139813095;44.75547261025337;68.44583118044295;9.582988466387897;45.41585532606489;60.45675732665649;12.77941081720683;31.917408864501667;45.99670873964723;49.15088974131359;10.155210680177815;6.814436545775498;5.316732768985589
0.9919349933946048;0.3779655075782007;-0.058138052478832206;0.004182060590258016;0.3038377295084746;0.33069058980350047;-0.034737787738132034;0.20239342012558267;0.4745132843487725;-0.020215695149219576;0.13620724664047004;0.3540449154155183;-0.00945612954861619;0.6306914850205306;0.6089482768471698;-0.2251697627755691;0.24470591142891415;0.7235542209587089;-0.019074804981165466;0.05774205988863694;0.19272777611670278;0.06264939498894365;-0.028103892846401954;0.031174261575157777;0.0614254090114631;0.42894504130971683;0.8716903988381066;-0.2369852318379096;0.2731451093498328;0.6887667519485396;-0.002339691996782494;0.04284912874300313;-0.06983674847902459;0.09477118326135725;-0.04121523667238441;-0.15756858309998878;0.07123236131267607;0.24621535006991432;1.0522063747103574;-0.2296001588454275;0.2566410689395781;0.5612252406043983;0.029692177486366184;0.0424712040495284;-0.13166464438035047;0.11293342323974799;-0.03768631251400762;-0.18337514951820358;0.06856207065453478;0.09116634097537449;1.1675530405238215;-0.21947660095364208;0.21769451336712878;0.3746901007738467;0.04985016846447066;0.0465108544093605;-0.11192718231667859;0.09077907303986345;-0.02377265366759807;-0.15345707856279753;0.06279232523877114;56.34254736756351;19.564362007822805;2.21202322144034;29.94847518867987;18.830917808827238;58.31735684976393;14.26437774388889;113.2341942013299;44.114980433356806;18.601830027402386;122.71959550725343;31.719289597032642;30.810616125039804;114.40007568845778;30.875927091386906;54.29244605321101;19.217550644457887;12.81756533155764;8.646879228647974;0.9678312770198602;-0.2504067325441499;0.17510790343935567;-0.08879812994760268;-0.12326822777405073;0.3726770945048847;-0.027056121551123767;-0.056099064664014826;0.35627748828764516;0.004634278486068045;-0.05875086989093508;0.2783286566781401;0.01874755091277115;-0.1545163070325631;0.9558934399603716;-0.15418289903675325;-0.062340528115636194;0.538362252815409;-0.006658725622934377;-0.0910458263692569;0.1509769010291277;0.03634517661713068;-0.06676689915006212;0.0062314600514432866;0.042343511190265797;-0.0014497256158254187;0.9958128296853889;-0.09140408376881982;-0.05336933223445092;0.5761674765488123;-0.002400666469385451;-0.11155884627769726;0.079017643019209;0.04443359348946936;-0.0734028705344031;-0.07204279756884559;0.04850152556907725;0.0922793984676459;0.9587745006687931;-0.024630204903526895;-0.03990848021769657;0.4974755857924201;0.004912383904317128;-0.10754926297813253;0.07472942173467999;0.0373136627033057;-0.07045835883237614;-0.051646680199411224;0.03762041624483657;0.14035587298305088;0.8702965428328743;0.03840445590480272;-0.02803019683379551;0.36846985035900787;0.008972054170636592;-0.08173295445270629;0.09992754551081047;0.026265528967630857;-0.06150988513913115;-0.0033318706546933727;0.03334545175138137;38.097443647093904;10.453525614832625;4.244915602732516;8.72882149796686;27.28116334762868;53.16575515198578;7.219268029106055;51.85569941174954;73.46826145855044;10.2854098287842;52.20484734698549;66.70626275360459;13.548650695117765;36.09974903103558;52.86969385781648;45.219408242722366;9.794634775633149;6.731656377469206;5.393801316330015
0.9919092843745992;0.36864797846864505;-0.05614321488314126;0.0045246199769025525;0.2916984811393613;0.32579660481851996;-0.026678372186993253;0.18724260433160914;0.4683543661532222;-0.011727295983332673;0.12442987530690106;0.3421122314282391;-0.001551632023768712;0.6023934389250191;0.6360352285197752;-0.19843511254654012;0.2295956734043001;0.6860763302797592;-0.00824709213604619;0.06165511010038183;0.17000449254323627;0.062180772456398185;-0.01774157223132961;0.031249540550906355;0.058133930556089654;0.40401282745424283;0.8914137025728545;-0.20531742770106723;0.26348043351434186;0.640744479788813;0.005144479226529324;0.04938228236087076;-0.08461002042513109;0.08996260845835612;-0.035928570177499924;-0.15445409055990297;0.067506222613258;0.23057888985739486;1.0564293023733258;-0.19398751331101757;0.2458677674415695;0.5110674683258234;0.032530222924388376;0.04945923579793192;-0.13524226374377574;0.10381449642089098;-0.032155894013550526;-0.17516959596925968;0.06320737856924766;0.08758449527130327;1.1564514114877804;-0.17965471043701486;0.21168942582738406;0.3386210169629277;0.052607290036604804;0.04812172444598867;-0.1127214089257973;0.08653890561372317;-0.02362525546417647;-0.14670660129495058;0.05953238947329126;56.942753894472844;20.145296989719863;2.106436359996124;27.526353352355915;19.67864998638655;53.17469053345568;12.437725757177974;116.2378756234177;40.74563954647842;18.93470353413884;122.09452265722318;31.312458945255365;32.04573050891137;112.81168199038659;31.162084195201377;56.3804281967917;18.642958874164947;11.963660926493903;7.989327842170138;0.9662770620808788;-0.2392951003843471;0.20514416680081188;-0.0754427107723652;-0.10842420528938039;0.3756959964537122;-0.021376662522213388;-0.042202072772701195;0.35226692410187044;0.007996474721288055;-0.0489165391669284;0.26939369746149977;0.022117639876676393;-0.12000463454086821;0.9707572097252142;-0.14175461341216186;-0.05191197858891494;0.5188884872371244;-0.0004628232118530085;-0.0829186700771699;0.13387994321137214;0.04062698786383778;-0.06040069139444737;-0.009208573274763338;0.044279460896818675;0.03336472974238083;0.9958262109495776;-0.0849526479577027;-0.036836632941621046;0.5642424289952598;0.0021609086307215414;-0.10240679401092186;0.05631723366653369;0.04666502993971797;-0.0681183733818962;-0.09160049235823513;0.0489721856701884;0.12694901676958145;0.9455184540761713;-0.022799266750706017;-0.025196199894508962;0.4854337893035023;0.008856043376582004;-0.10176987006170504;0.056416692116843165;0.039581603856969017;-0.06535166428782213;-0.06842911647563876;0.03742150777326672;0.1743869485948057;0.8461251069206465;0.0367085724352019;-0.01571927016205891;0.35157781642859043;0.011967802999415937;-0.07732782657516919;0.086374017648491;0.02796397032484299;-0.05789189883375955;-0.014310313819645976;0.033502554707022084;34.47448184976107;10.263497296803548;4.796585309998734;8.30225916023648;29.583214072214677;62.9835276585819;7.604433053013433;59.93398900382666;74.78479243450231;10.888137447584842;59.529339293333734;70.02904694448458;14.203481853517925;40.53168752920263;59.19485620641384;41.86388968717928;9.523161279255431;6.706946091574876;5.517048195714849
0.993238085485918;0.3520070131498421;-0.05372163673405701;0.009087538544355343;0.26621116560473435;0.3316978181845986;-0.013867992431318555;0.16315240157854985;0.45191766680391915;-0.0017513367297711075;0.11839612289208887;0.32044739323232574;0.00740920501241744;0.5681464066684252;0.6850442190851097;-0.15337151776826197;0.1900718903179601;0.6520878788846678;0.0006805624710674225;0.05796394740872088;0.15982389249144283;0.057356705647275436;-0.008208667499530491;0.024005860294758458;0.05380717250147626;0.3742315891765657;0.913646296517107;-0.15874874022478586;0.22847816580407923;0.6068619303500004;0.015119251828810173;0.05675280023300736;-0.06944349607688691;0.08278278285723945;-0.020748388499306054;-0.14142193284621105;0.06308308643998761;0.2040391100627798;1.0487054872402934;-0.1486583999436297;0.2151010350555441;0.48582092848914193;0.03596677779391076;0.055077665044632365;-0.12275207405517344;0.09345496986710398;-0.02006611018146357;-0.15976875463589232;0.058770569648531244;0.0650564945031697;1.1204141656438025;-0.13576691009648473;0.18757145512015264;0.3300728265906766;0.05571246012004859;0.05348735720554583;-0.09406401854203494;0.08096445562189578;-0.014610415153354995;-0.13244789646594649;0.05689607835287989;60.01115221565201;18.967684288509354;1.5128421675965005;25.29589510932234;18.93435768957695;52.84182973985286;10.597162253611389;110.6547528132756;43.35373213235649;17.435290622380275;120.61548577075851;31.277295638897158;30.317487328792488;108.55843412913433;33.73661353461122;59.80367947198775;17.170526457950135;11.204705260206305;7.691015256312108;0.9534867906425182;-0.23104370746237746;0.2297420484806937;-0.05842065280117662;-0.10280248089649657;0.3776328386450724;-0.011456028835437565;-0.03544261477336456;0.3400997869391672;0.014436744042792514;-0.04418246103656397;0.2487147007679837;0.028730727393490415;-0.10706191646450411;0.9781584755881781;-0.11553536891352399;-0.05021557080247236;0.48631655098505777;0.006488041516469099;-0.07991831815393259;0.11282949204279367;0.04211736858795273;-0.054081135134034626;-0.020554563464792737;0.04357078325399036;0.04166464659616789;0.9968697673943221;-0.06719169650490146;-0.03001258944605148;0.5413419265725382;0.007826066807624633;-0.09958876786750738;0.04286358265729854;0.04607027413549888;-0.0644150080100868;-0.09961456285778408;0.04727026525911742;0.13207351125494682;0.9422791579085934;-0.013041026090269563;-0.019595857608980836;0.4650792537893885;0.012697918922111053;-0.09920060200441956;0.04265860903032653;0.03936078218173702;-0.0616845559333825;-0.07456141995522228;0.036028284494080486;0.17718597842544123;0.842498034282758;0.039636035246684104;-0.013919872385217438;0.33731673245479;0.013561751106173027;-0.07448488975461744;0.07121429837607175;0.028558877165532685;-0.05348338027566739;-0.024273993591948373;0.033364688051872204;30.929293800631424;10.14019375762758;5.785233039947682;7.4651935043256215;33.167357865817266;68.49240714834478;7.269641901370191;65.43677118677668;73.29969516058851;10.652497689706554;65.39561214060473;68.46398828146131;14.230516299310354;45.229203866769524;63.634184148984765;38.62805950305339;9.059992236831533;6.367780880158341;5.185598188179321
0.994982735429488;0.3343264008049735;-0.05130533838145046;0.014213204805592631;0.23933078958660103;0.3388189821764003;-0.0011851636761759656;0.13892695080282152;0.4333914316731396;0.007534962633894822;0.11415819605588692;0.2977543379359928;0.015654507154181745;0.534518606518041;0.7325102710748655;-0.10805811756575474;0.14804554642109297;0.6208752672275333;0.008158663457202828;0.05256801834040735;0.15351142265245185;0.0517822882538134;0.00010747648088087489;0.015605703389003588;0.04953512154991918;0.3453985181998488;0.9316336150398579;-0.11295428700635823;0.19014518032417563;0.5785903948487073;0.024614960228222658;0.06338856814552658;-0.04806609464747774;0.07554442858936324;-0.004617377986329187;-0.12687226020966905;0.058786242892006624;0.17701432429935396;1.0358991886010855;-0.10532312881078483;0.18195022042742198;0.46833930035922255;0.039088034753728004;0.059590365369045564;-0.10716431640638514;0.0836394936333811;-0.007546934822315671;-0.1437516701156776;0.05488620774851643;0.0399337448655363;1.0788281249509382;-0.09519765514039646;0.16090899654534238;0.32858250126811456;0.05842014540788384;0.059089120872444216;-0.07218651235329726;0.07542862397814266;-0.004259600385678141;-0.1174443835650261;0.054548100912717654;63.52132512716113;17.497195271608465;3.7032788403116967;23.87608023589495;17.80527392526352;55.845212142168805;9.057989300563909;101.99573453543029;48.11865741523037;15.366534596281516;118.83632338806505;31.263941037003782;27.751024982023896;102.74369180273602;37.44326429287342;63.15975330773987;15.673051705056455;10.611796159669677;7.5745826685059345;0.9372469318837514;-0.22367186714284254;0.25242251090077933;-0.04061585396514563;-0.09981818191588189;0.37917493930178225;-0.0004961235492765062;-0.030767278738159036;0.3257781212897508;0.021638547664347415;-0.04093300016165059;0.22502111518340168;0.0361463741844561;-0.10030732001249547;0.9832024960175679;-0.08583468024399436;-0.050971198110932946;0.45048640474472745;0.013546303451243686;-0.07837842706850592;0.09096615794482774;0.04280004482560579;-0.04785816699573049;-0.030588448053365348;0.042127396712633124;0.04243973991201551;0.9980151535183048;-0.04652549649423394;-0.025991717930804875;0.515623883966221;0.013714517912121938;-0.09856190231165214;0.03217943257426293;0.044688064937758926;-0.061196064592616235;-0.10427401748526957;0.04497926117219617;0.1288590461476618;0.941720574798311;-0.0012126703233800188;-0.01661604940447406;0.44262553165058743;0.016452813897236945;-0.09754754391054625;0.03036574116531974;0.03844228173580871;-0.058462321295864796;-0.07762024598897134;0.034316235371165564;0.17120195762578252;0.8445109190292186;0.0438033488968124;-0.015076551348300738;0.3239413584083816;0.014738964663048538;-0.07210673621884994;0.05581703348925614;0.028832357580525568;-0.04890996710450187;-0.03380415045687594;0.03314087254859749;27.579719263179665;10.110793183072264;7.1311197275938625;6.704797032730957;38.01178240319329;72.09391792908032;6.770291011559977;70.18387998784561;71.23108618392473;10.179893865312728;71.07274498450566;65.49965136782778;14.111477750087666;50.8677008862208;66.5031318754839;35.57167540676206;8.555436723912187;5.949676234094669;4.726982160723472
0.9956142108442968;0.32046201416521597;-0.02277308401334408;0.01640555583941443;0.21574384372733596;0.34776458930696275;0.008092706237019583;0.11871727733740896;0.41515793354547864;0.01557407381423033;0.10561008406101575;0.2842137587901782;0.023375020646148548;0.497028149683799;0.775677051989988;-0.0730366519984745;0.11443560999451405;0.5847671011983027;0.019924757603727937;0.04999905525018782;0.1485200142538794;0.051342396150141585;0.008943016312615112;0.017976449652360633;0.04722372235042885;0.31512505128645185;0.9461001218440479;-0.07477139492071115;0.15674839591866582;0.5505059490555576;0.03608127438583458;0.0670664552570616;-0.026836563786984482;0.0710289223550087;0.008078443809387598;-0.10763798827827097;0.05469178164450819;0.1532648346108348;1.024223282784696;-0.06581766771824472;0.1524515415276908;0.4494689640740453;0.04588132585593996;0.06296113109286156;-0.08869386441912706;0.07558433231025626;0.004188607898158671;-0.1262222602144009;0.04946956367962133;0.02205100359314413;1.044189226055357;-0.054671848585164926;0.13736751568993133;0.32304596894614923;0.06276331961332927;0.06127963708792127;-0.05491601747769769;0.07087705952246026;0.004010135801260641;-0.10464862957347475;0.05121877493074777;62.23026686136525;15.877143801370154;5.001432357090725;22.504295697441048;17.82898939871884;49.09039204329893;8.28935581737174;91.67498137011295;53.36432359079424;13.717774100525368;115.10727415818731;32.224234517726266;25.395124023116605;97.23003552757699;40.53143204574883;61.814767937203875;14.188374919651881;9.90882800152335;7.316571980171815;0.9240185448923336;-0.21919471442059035;0.2699666487082688;-0.0291827972811408;-0.09510246074815687;0.3823557280400728;0.006543602284236086;-0.021729590629433367;0.31988148893668933;0.02572903888893538;-0.03391268644122308;0.2130414671248567;0.039974698649931424;-0.09607823722317531;0.986791685074191;-0.0634095632135033;-0.051633755252187004;0.4259806087992644;0.01857358081505609;-0.07718474739696692;0.07589780736111952;0.04269499409769919;-0.04326443929932292;-0.03734432055050689;0.04023644742978557;0.0427244328316355;0.998618108791745;-0.03060221613565799;-0.02620815592071237;0.49441647259656435;0.017858969539666782;-0.09695937877804746;0.020791984620780652;0.041772526636478784;-0.05688333007587849;-0.10835146753043218;0.0410737331189776;0.1264703744326633;0.9408925906851939;0.008089195720398231;-0.015019902437583658;0.42769646052573973;0.01937162720395423;-0.09603647920644919;0.020515881976447436;0.035801506270311916;-0.05543016569140812;-0.08163474109571545;0.030665875564454537;0.16736334652290627;0.844957859395992;0.04712313885315118;-0.01564164636559276;0.3176163470270262;0.015497617359631295;-0.07044685002451222;0.04634984086303505;0.02776887070940535;-0.04553037160927165;-0.04022546561150285;0.03108397717310277;25.732006598989628;10.704603081391909;7.813831643999038;6.284514684318283;42.055090505452746;74.13896834581779;6.682257739435018;75.25642165566893;68.99733123294726;9.889109038732448;75.89762753025991;63.9309930588563;14.00842279676531;54.89870234041046;68.64613771846031;33.438138081530695;8.225356152802597;5.667329913583715;4.42280021369302
0.9943081974635192;0.3116188170596801;0.043766235010481686;0.014708663371544034;0.19561100545661145;0.3605137483164868;0.013273498437560646;0.10299010091371857;0.3969661417963486;0.02244034497457611;0.09074135647220591;0.2830382372691898;0.030918503907648366;0.45272738448414557;0.817245078745169;-0.05013777888213917;0.09052363977553901;0.5406819476886208;0.03844033422899018;0.05127945416382518;0.14532901470382945;0.058091201054863824;0.019092575282477067;0.03546365338145177;0.04757245514274391;0.28150707623224575;0.9585130533147085;-0.04479389083890332;0.12832486032096543;0.521943270159252;0.051098271179913855;0.06701873422226728;-0.004480215558808712;0.07013331791436501;0.016858269559449166;-0.08087107010388826;0.05071940781739681;0.13280945879834383;1.0153890453884902;-0.029172848296070683;0.12639247161802547;0.42833692077236263;0.058297695779249974;0.06509457547836146;-0.065199956239327;0.06959333788250074;0.015612220857162318;-0.10570444907382276;0.041674504777605086;0.013078380152053608;1.0189941946848953;-0.011670906893495963;0.11688825310558618;0.31218356204182496;0.06978110200939915;0.05900773052161492;-0.04301221175965658;0.06753346363838703;0.009943497545039863;-0.09428560521851306;0.04641416752569019;53.48214257517199;13.984489750857948;4.272257153096767;20.715812179733955;19.243986145429385;29.93326431512829;8.395183277424726;79.176684143146;57.56216205139711;12.753830527365704;107.50635894019561;35.29402187794782;23.28338667295617;93.07620948238952;42.20972238529907;53.30807337093347;12.612690206867923;8.958159993784513;6.785551414753319;0.9160316475835416;-0.21948450037859743;0.2798242603060242;-0.027933273626840765;-0.0873290390951407;0.38862376231396084;0.007331171067451501;-0.004998122495268891;0.32800547562722066;0.024802262657368172;-0.020284735169831283;0.22026638271763965;0.037984439096552185;-0.09594356229466842;0.9886243884357151;-0.05221517969626692;-0.05219695782656818;0.41958705418112413;0.020430608521926994;-0.07655913793426485;0.07158628385272556;0.041288496145835324;-0.04121989315126743;-0.03892740492554544;0.0375337453804034;0.04222288791458069;0.9988673563093609;-0.021937006078795892;-0.03354526017931555;0.4800903675363738;0.019274543434811994;-0.09437327507469132;0.007735344371286601;0.036182263765589584;-0.050578447152996496;-0.11169122984938278;0.034313453737392904;0.1254264156382644;0.9400745664808391;0.013573839263279994;-0.01567886334662564;0.4249386034990163;0.021029021982885008;-0.09474740572926414;0.014334383071093157;0.03017849134276843;-0.05261197972392323;-0.08747015740342212;0.023624187576364915;0.16703741868688338;0.8432486011144062;0.04919470909170652;-0.015249066872047393;0.32298936745072737;0.015596859619840902;-0.06995408233602848;0.046422187655334866;0.024433825455430654;-0.04402539268832668;-0.04174411311461277;0.02588250503750727;26.02082049942554;12.222469602821555;6.95228899751682;5.979300910043087;43.00013994398259;75.49257700244787;7.3329762101887255;81.07222122403789;66.47813601664618;9.913406703193232;78.93184176984084;65.02700429074446;13.897678115207086;54.48961203016489;72.08289154922862;32.527542134516246;8.148340066783874;5.579771772737512;4.359552001574185
0.9930021840827412;0.30351103548290537;0.10063227056028125;0.013231032305679154;0.17804303159456883;0.37079916249747924;0.017684023315645624;0.08935286099569542;0.38071025358478444;0.02827735244281607;0.07785997497731229;0.28154170532472983;0.03732035006839622;0.41403175534072234;0.8514010052407542;-0.030454869878654905;0.06990376260720627;0.502018387541425;0.054218655731148944;0.052286294317646274;0.1423463897876052;0.0637658949028086;0.027745101566718153;0.05036709054914654;0.04778843484112074;0.25225014466857076;0.9674742794002785;-0.019062612979261255;0.10377863477502756;0.4965957484678273;0.06386069845258567;0.06686173893862461;0.014659286644799228;0.06924533710904894;0.024342501262481744;-0.057824763833536436;0.04723208975272523;0.11507431734413102;1.0060691512370867;0.0022369972570342044;0.1038730177049423;0.40951050180828374;0.06882212453468173;0.06680747596458839;-0.044981732325308506;0.06434584642707225;0.025361067663861807;-0.08796285638289753;0.03493155071591477;0.005377272875095545;0.9956670888801632;0.025147938828903493;0.09916026499024351;0.3023468364804407;0.07566571583340194;0.056961244145737784;-0.03275082540947235;0.06455508826218677;0.01500381522443335;-0.0852538952093568;0.04222211657991834;45.96490822494983;12.531372547723516;3.8604713390537686;19.657612270706228;20.450193267844185;18.453099036738532;8.729137756451674;68.0120010983132;58.01254904436242;11.923252887650237;99.19686706674507;38.557517134573146;21.31539706588184;88.80025061816004;44.085336595921945;45.9058239021317;11.341022815110168;8.179161996530917;6.353665710664431;0.9080447502747496;-0.21975476778344918;0.2895506874528913;-0.02669567803189787;-0.07963623211324178;0.3947927616354931;0.008109372865555261;0.01154626632736584;0.33601412839672207;0.023884030730736704;-0.0068079598652635645;0.22739402454052873;0.036013661221684486;-0.09580328320493876;0.9903632654329131;-0.04114234060382565;-0.0527499808656001;0.4132340223248821;0.02226531647883149;-0.07593486156782986;0.06731775699958133;0.039894694785950625;-0.03919519701051836;-0.04048986735615866;0.034858540223424196;0.041723831736971376;0.9990397582173446;-0.013367249762561125;-0.04079767674243635;0.46588917148063236;0.020672829084930337;-0.09180914804123326;-0.005175590179207465;0.03065194857213578;-0.044340450812339824;-0.11498529489996687;0.02762636878139783;0.12438485400738758;0.9391960125026038;0.018996029651811092;-0.01632927924593148;0.42218014019643074;0.022666289221023032;-0.09346574999562879;0.008221075455296514;0.02461623613068076;-0.04982146660764613;-0.0932337122354628;0.016659639227690044;0.1667027586823797;0.8414959763403457;0.05123942347919761;-0.014859755093583078;0.3282782460956666;0.015693833719410608;-0.06946164914010453;0.0464902823064655;0.02113433269844172;-0.04253401077843967;-0.04324265176465555;0.02073738838374421;26.323726356130887;13.670438264051233;6.140523657705694;5.701901877840863;44.0183277794868;76.87022014740117;8.095930922561394;87.51419558136229;63.235624276570064;9.93976639670957;82.22122109403266;65.52780222950157;13.794051354179535;54.11500045302051;75.51441426956866;31.669690499093974;8.074131201048907;5.496654268197263;4.304875434102398
0.990777024959018;0.2934367584190946;0.15306302212651882;0.011094825804478101;0.1642043493963571;0.37826964178118044;0.019905390536263293;0.07922278667610373;0.3680447717111048;0.030216136142496523;0.06654117176502274;0.27818284818273126;0.03897008198211553;0.37880220156530814;0.8817029814579771;-0.010963414800183792;0.05672318897322026;0.46302159292388273;0.061655239898653846;0.05197278457822978;0.14191721648717348;0.06147215515444334;0.033474467637213505;0.0658702726584526;0.04335239844412588;0.22638855941701344;0.974028686623555;0.004042004389116138;0.08537127957954568;0.4682581193149733;0.07054871906005926;0.0653289782283086;0.03978364467337932;0.06293720337191498;0.029718450470381994;-0.030781244599639164;0.040220914431950736;0.09933616719478981;0.9955166112922328;0.027839660964790007;0.08658973625431263;0.39001305059984875;0.07271790752546292;0.06657284622877327;-0.019753402987503922;0.056255518246157474;0.032470158589144045;-0.06737135205063813;0.02752870268559018;-0.0013887609503725473;0.974472173951825;0.05289825574251753;0.0845994311308158;0.29405834286330823;0.07625185471240321;0.054655181740931834;-0.01830795324913239;0.0594832118725237;0.019219484906130447;-0.07178160290895086;0.037322576025055634;38.962025582204184;11.440296298668652;3.4247457507616756;18.169251259619394;19.320079611471765;10.28111846569165;8.64565073164863;53.05663402960512;56.05237347614586;11.044591797790389;86.60162759052622;44.94326616783558;19.290799427513058;81.68808711459559;48.269325266425696;39.28151938757911;10.203329395252135;7.509833362456796;5.969902474460474;0.9011660954794296;-0.21910887425822623;0.2975771141049042;-0.028579132370519327;-0.07492363744739773;0.4001208064657801;0.006433709860263645;0.022251275608447665;0.3433737767439128;0.021266292905255908;0.001136671645316732;0.2354892971962476;0.03267882903494029;-0.09619962606285042;0.992467949505641;-0.0378687404739069;-0.05368604061076612;0.4094464831316978;0.019757995522885246;-0.07557003463910422;0.06448746295304006;0.03625433193637184;-0.038511196788477135;-0.04226539085817335;0.031592916577836694;0.0418013614328761;0.9990554736125256;-0.011866205257389607;-0.04457245443240899;0.4596108819589628;0.018046084078159927;-0.09098395056311197;-0.014145551833316072;0.025564599054616766;-0.04136009626620515;-0.11926857690670294;0.022843238519084864;0.12493953223886564;0.9379761958040814;0.01795696216679063;-0.01645868215381823;0.4219823219214736;0.020546370631605446;-0.09342815132408076;0.0014697825029821377;0.02098198880415709;-0.04845581466063928;-0.09873829444895446;0.012855500012307295;0.16842688274304868;0.8392420390854469;0.047257341407677324;-0.014784262415793207;0.33250722886118816;0.013384412419886853;-0.06923966408364537;0.04294695087618768;0.01903815252050128;-0.04123632605509134;-0.04644964184336924;0.01797135288810374;26.28259459117338;14.5415925384423;5.540092519757085;5.280701847375855;44.51220371557061;78.89968121968515;8.453047609637121;92.57596366976199;60.51319103779835;9.960653409062699;86.33389631749218;63.98253320072812;13.904221977365358;56.06678928627074;77.15849338155635;30.855808429283087;8.069291845321992;5.483571663372482;4.291693131297999
0.9870958114323348;0.28000078432581316;0.20515061195222126;0.00788422730214473;0.1539956909724778;0.3831282023767444;0.019493024351751043;0.07273646007474692;0.35912191761340123;0.027254536523122742;0.05617752534785843;0.27227206237883095;0.034574952646958944;0.3448562632347178;0.9107923834488866;0.010257905095554729;0.05202440870746806;0.4200016633205775;0.058938837034902034;0.0499362897663091;0.14492292030563864;0.04852208544606998;0.035975215938743546;0.08380209552595021;0.03238521850472932;0.2025434094593536;0.978926548037542;0.026057260636575732;0.07322698059717143;0.43349805446994816;0.0699954612583787;0.06188733314315433;0.07537596937570455;0.048913790579071005;0.032897649170196136;0.004252720046504001;0.027895884303765304;0.0847010233022987;0.9831221154452372;0.048447641858531204;0.07449873633751401;0.36797738894020116;0.06836048706280422;0.06381138688074657;0.014620942110621276;0.043650132909996496;0.03686325041856848;-0.04098810856337021;0.01852589981652117;-0.007617910052128959;0.9547533755663368;0.07160761220321588;0.07278742397649303;0.28721138499548193;0.06999834066090527;0.05181935174319295;0.003091225785824725;0.05119241687665075;0.022771967141927748;-0.051157545604563155;0.031024640642303584;31.88329594302377;10.542640542216438;2.8429495638911058;15.47328556818787;15.111410745637782;4.466466128170451;7.8372496429101135;33.22577106561927;38.10621198016753;9.913704548868656;64.0951199957988;55.95675952711814;17.058174300156303;68.2000444598652;55.99718319751017;33.03469959500106;9.090606579407611;6.887876396821813;5.570555623090834;0.8960430506117755;-0.21698863401952567;0.30314526450541557;-0.0354975989755791;-0.07482216988490288;0.4042812795756853;0.0007942628548078561;0.02397087511138092;0.3499321193764192;0.015859461503090276;0.0005012618912934249;0.2453805005396481;0.02706833789231778;-0.09746647320938832;0.9952482119343291;-0.04693353509636679;-0.05526289932212147;0.4096464011062745;0.010251055344837535;-0.07560998687798709;0.06386636599193493;0.028921848464337263;-0.039945399483171266;-0.04443587294462929;0.02728736938609102;0.042801878500820664;0.9988502355049228;-0.02159180929337027;-0.04291777074325452;0.4657888021648775;0.00892153311747284;-0.0929091889091631;-0.017104353577285483;0.021029609595759547;-0.043484997106002024;-0.12526296225314465;0.02095137771359279;0.12806004462478318;0.9362017784319362;0.006583499687386255;-0.015761667277369024;0.425873769394102;0.012371245307840707;-0.09537587548123092;-0.00650415982033905;0.020312257376031092;-0.04932212826280922;-0.10400014396957259;0.013975699671152385;0.17349123311235573;0.8361440191570007;0.03354498993661406;-0.015207318968260537;0.3351841579065069;0.007167825035405581;-0.06944416148422852;0.03353818923323593;0.018797594158529076;-0.0402092201982925;-0.05247983917568072;0.018915448521912907;25.678823051718314;14.61063604423906;5.300531178409325;4.608486011977887;44.06168441213986;81.75329735070126;8.061538768283201;94.80387152205196;59.35027506024187;9.986978760822764;91.3963641434204;60.00847648919352;14.349586318610834;62.180346987103704;75.27098367033089;30.04769389204595;8.171645625225745;5.580282904008693;4.345405466107888
0.9834145979056518;0.2675074865260582;0.25237482773944947;0.004954170778950549;0.14455830569268785;0.3871921894304192;0.019099381041312365;0.06676369912048633;0.3506628939335518;0.024533005422354034;0.046690672893414456;0.2666363324536851;0.030541594222970703;0.31363158959707066;0.9364199507876161;0.029566487129704704;0.047698286743954814;0.3804463697104613;0.05641083629213461;0.04803565510794644;0.14752333015095415;0.036687930837942;0.038218000696760866;0.10004729766778092;0.02237124255385187;0.18064698210486857;0.9824682562958055;0.04607378026038825;0.06210319526275292;0.4014492388314347;0.06942625834529735;0.05869636825166162;0.10770577037569504;0.03610218349515256;0.035760923442687505;0.036140852430169956;0.016650035224593306;0.07129902506898114;0.9709183167393478;0.06716211872995305;0.06342227901263041;0.3475732209168592;0.06432981052198536;0.06123780644441098;0.045898898278281475;0.03213431466926774;0.04082784139655612;-0.01693252505752299;0.010313116776808538;-0.013281293206260354;0.9359086900089172;0.08857204063399364;0.06196654222169203;0.28070944606584103;0.06424007826937882;0.049189302575017024;0.022568429213667793;0.043597191657429195;0.025984533081088515;-0.03233513875846755;0.025262445383200077;26.24811520895508;9.762271555260801;2.643963004599684;13.131330101733957;11.775362580213152;3.1811425250532572;7.240007604457753;20.398659407018577;15.474286159068702;8.814909995508328;42.705632531423475;56.95198796553651;14.933571696687753;53.47339582406419;60.739868043336024;28.158952104622504;8.145260317340089;6.344081465827498;5.20487474233537;0.8909200057441214;-0.21479814807702746;0.30881150522147555;-0.042571703469727065;-0.07471096411083182;0.40849745318164987;-0.004974991096560427;0.025727659772791466;0.3566067006200303;0.010326683395946504;-0.00014881426355942785;0.2554749567178401;0.02132610592788423;-0.09875281771204178;0.997993945323529;-0.05620220951979711;-0.05687056309701228;0.4098103811036306;0.0005244056263276333;-0.0756433761300787;0.06322466154084772;0.021417828498461862;-0.04140864137366699;-0.0466518870456589;0.022880078284033063;0.04382117571016066;0.9985414342515135;-0.03153900192316471;-0.04122077619053043;0.4720627451682623;-0.00041379943936624284;-0.09486952103770942;-0.020129526242011097;0.016388217438154676;-0.045654475515978676;-0.13138284537510922;0.019013923784126505;0.1312396681846729;0.9342939003492928;-0.005052246392948366;-0.015047058748361791;0.42981259206862293;0.004006837355849426;-0.097358966585892;-0.014660888982774602;0.019625109609853305;-0.05020348960956306;-0.1093727442817042;0.015120285132176406;0.17865491451701052;0.8328919919979587;0.019513883687583767;-0.015638602551334434;0.337889497944688;0.0008075236200322621;-0.06964649119488563;0.023909672128776125;0.018549641926867182;-0.03915450813904395;-0.05864356039629233;0.01987939009123324;25.071080922046242;14.677229584554462;5.192664113157203;3.976812218725519;43.60793635690187;84.23959747179657;7.705057406146045;96.8991985934275;58.14370021607118;10.036155655231385;96.32623252369125;56.120096130451;14.801714483281682;69.05251090613324;72.27666721468948;29.241106390867873;8.275212206657626;5.683722365590419;4.417599855366822
0.9782959308089944;0.25527834065905675;0.28926847469471934;0.008025842303026815;0.13483739375587786;0.3897237131873856;0.020623673436799866;0.061075836796781455;0.3423708920189817;0.02308286162720823;0.03696480716877927;0.26103238871522644;0.027788242122999216;0.2838948539524497;0.9565216684316074;0.04879412936372567;0.04097100846237652;0.351141513907724;0.053369884317571864;0.045459385393898;0.1455002873828513;0.027093143376721994;0.0384875420060239;0.1061387362770945;0.014696104925375961;0.1577092660813194;0.9854841080459138;0.06283995688287249;0.05118936234709473;0.3771017175897989;0.06708833976579304;0.05435292018140423;0.1222278058704596;0.02612039776558468;0.03494392536922818;0.05137711317390384;0.008697906771517359;0.054249198136772106;0.9623665183621698;0.08024569930620112;0.05382808457128437;0.3329270190411189;0.060188686339239926;0.05729356978151977;0.06275698070275124;0.025273067898274222;0.040530588460405005;-0.0030309446820846993;0.006056378669448345;-0.025317519922374698;0.9205410862319021;0.09803316252543853;0.0536897924777418;0.27840587944274064;0.059899760941089064;0.0456328782606993;0.03474893547060122;0.03971520889414599;0.026157245279356936;-0.020146183641487313;0.022661355007142378;22.39107540117975;9.003387780484198;3.019389652005033;11.399590230135566;10.658348667263692;3.6865147656746164;6.53625697945726;16.002993846241267;10.563918122559144;7.975117800924643;32.9061357921674;51.154833593830716;13.648852748685485;44.162745587915005;60.078075756487706;24.933174062489794;7.4703740653651485;5.96312449379961;4.958463726480839;0.8996535082952017;-0.21585841669090033;0.3076624693382782;-0.04839118541162561;-0.07620522547419865;0.4137624466150162;-0.008600345990481857;0.02160158927647597;0.36273617861075724;0.0073308139868289955;-0.006429889744061369;0.2633637457784665;0.01844075440455281;-0.09931795061748401;0.9970054189176912;-0.06280003387170374;-0.06377662661006045;0.4161610282664887;-0.0057540602359917765;-0.07967432281451668;0.06387224159349127;0.01615679177360368;-0.04607281155066222;-0.04289675045969008;0.019513942838577516;0.04226597935641565;0.9984213858246127;-0.03699085450625521;-0.047178054496226654;0.48070353780808844;-0.007039076129994352;-0.09932975622621074;-0.017318045921669488;0.012841769793282345;-0.05154482301360041;-0.12798648698052958;0.017546685590746926;0.12761383303108956;0.9364741509070142;-0.009953778556970652;-0.023344537394653662;0.43423274282983026;-0.0011934136618591714;-0.10085041980111194;-0.014770231490674784;0.018474194607596316;-0.0541738799315279;-0.10530143604392886;0.015471832708778877;0.17225186438699105;0.8383561986194338;0.014607015453267739;-0.022281379200275387;0.34164389365573533;-0.0018053009203393552;-0.07207321099499811;0.022597684310184496;0.018562114737725538;-0.0417171659360764;-0.0577396970041598;0.02050216559308805;25.300078203214426;14.036858961582446;5.582585913199955;4.121756352706394;43.513816738290025;79.46171716963354;8.128680665028307;94.3557095494416;57.664074413810816;10.84612556925125;95.19849979482863;53.81008914341422;15.394774095286076;69.57638408873876;68.82625571262791;29.462965862460887;8.234233517406642;5.545602581012445;4.162553328750934
0.9711290476423816;0.24276848637127293;0.31516965686474985;0.018909374035853133;0.12424661582785079;0.39055489274395433;0.02467982804378818;0.055447714475231426;0.3339198330466578;0.02317539841188782;0.02639846248051064;0.25522593596127413;0.02651660330890945;0.2544587217786711;0.9709851193122386;0.06901269374831576;0.030821586401190128;0.33333011510497074;0.049520044391301504;0.041891148562645544;0.1375204460464423;0.01981619534165819;0.036271937969472735;0.09968133290720571;0.009569835823811783;0.13220105886572942;0.988271922158889;0.07642962715567073;0.03994351224599724;0.3612896606738931;0.06238689324679128;0.04831387591721368;0.11493966273946316;0.019185773968603773;0.02940759970466538;0.04629464580094618;0.00449249099753789;0.03161447045880518;0.9582464971749701;0.08692144231099191;0.04559573668706336;0.3248764219256029;0.055690906434355675;0.05139936106972395;0.06223076568514712;0.023956049531179135;0.034804719587666934;-0.0012697232274774491;0.006596071908482767;-0.04614635655786616;0.9089881487012493;0.0985051987643614;0.04820008328552055;0.28139192265003965;0.05713635424285683;0.04071039628276364;0.03833862942135809;0.0403510339359141;0.022478738950835634;-0.015718734553537443;0.023942769103099715;19.942794385502346;8.215830415866096;4.031379612264124;10.363967890878016;11.555010988334116;4.056778390537035;5.511059382620022;16.30445982688597;10.386140446581123;7.5104678326517895;31.469201836245162;51.25141356759117;13.491846099316504;41.41946443271712;59.386173280383915;22.913922790559365;7.0613571543340585;5.7649376466472235;4.8752126299651755;0.9281310941961552;-0.22167593085033266;0.2965935098487751;-0.052274807463534675;-0.08002851991638114;0.42050651805541833;-0.009024686228890862;0.00894590268131668;0.3679924168177751;0.008101069910624122;-0.020835914706404394;0.26790867625707804;0.01978869747344966;-0.09882735090849984;0.9906676992224289;-0.06537748737791718;-0.07831530042723894;0.43148768930731096;-0.006875249513575322;-0.08948828816824629;0.06640040493621066;0.014273642434993399;-0.05533992024048226;-0.03047817781167185;0.01773360941309443;0.03697662999436292;0.9986756893127501;-0.035771446853090076;-0.06422995693250626;0.4926970720832397;-0.009580766488462995;-0.10737618544839572;-0.006020388557381999;0.010962427753122306;-0.06277712957943071;-0.11074218028896542;0.01679552406350463;0.1141098428167086;0.9446857674236564;-0.004916071885536583;-0.044678474140543725;0.43931899680865716;-0.0016709316391392733;-0.10649515313056884;-0.0031062581737553155;0.016667381633792916;-0.06259681582722089;-0.08749800369038437;0.014658361547737364;0.1490596974120972;0.856553622106489;0.02313828287390203;-0.037893320186612865;0.34689805329554174;0.0011111801004916487;-0.07771716852194134;0.03347806188741486;0.018957131625587185;-0.049529517966494005;-0.04651833014776858;0.02061656512651182;26.78256951512719;12.414898803687636;6.536411013246004;5.40419865219919;43.80310136803433;64.43140595903937;9.590832782053752;85.91656501992782;56.843516942733864;12.694564151573896;85.94716614878308;52.162416126594216;16.15952893103719;61.19813639165958;64.17163847318969;31.196599243493303;7.991443053973123;5.078348229182357;3.495599286472109
0.963962164475769;0.23076159195085713;0.3393960497047435;0.029177097063342462;0.11414459580167155;0.39103766029669634;0.02849282139877984;0.050087520484098376;0.32567694187633117;0.023244873527626476;0.016395313557650913;0.24954252526725276;0.025294666508671446;0.2264514345534079;0.9838975989252504;0.08806101259012772;0.021208905079747466;0.31624436846813675;0.045844498839988056;0.0384875603782338;0.12987486382134047;0.012925848242652542;0.03415062088513529;0.09350340325022023;0.004719309017041767;0.10799942742572889;0.9901402909705072;0.08920946066731966;0.029287899858532716;0.3460711644737913;0.05789681452415751;0.04257098311642249;0.10796506184143781;0.012619330778277415;0.02415430104176611;0.04145705640087039;0.0005158858909319844;0.010205507569293615;0.9536118477209812;0.09316111980019146;0.03778279486670521;0.3170188772038544;0.051398430919346386;0.04579091385036767;0.06168541636106627;0.022693223017526316;0.029368167029197544;0.00039519887630652347;0.007100845727566843;-0.06578894958849187;0.8973693000055402;0.09887486524942996;0.04297627062929239;0.2839950790874103;0.05448133256042496;0.03602828055974142;0.04170034822573395;0.0409204850031138;0.018986007830890345;-0.011523665170281576;0.025134858358742105;17.895194414892398;7.510857716424413;5.261972557918884;9.626125731910179;12.881617143293825;4.48050537421186;4.558744299953445;16.841150980534714;10.33093490468245;7.093048944754184;29.918246068125725;50.78600763934256;13.41950032355863;38.88384598701599;57.6471389658665;21.203809002082632;6.711543108524812;5.606303528210136;4.830230833453621;0.9566086800971084;-0.22755520949783706;0.2853854428073481;-0.056202538164722045;-0.08389437937667586;0.42731727702529515;-0.009453746396828732;-0.003858910382346552;0.3732994206372133;0.008880142220041317;-0.03541075881722337;0.2724990135691042;0.021151900514917978;-0.09832801076318703;0.9842256631296105;-0.06798329247015429;-0.09302262626082879;0.446981657269447;-0.008009419733059905;-0.09941499721005415;0.06895630936784937;0.012367914329702936;-0.06471436665030494;-0.01791262057128084;0.01593180257493582;0.031623955485713826;0.9989029718758708;-0.03453662138934215;-0.08148049555741461;0.5048168692066016;-0.012152064578519313;-0.1155140308325741;0.005410334063728087;0.009060651236351233;-0.07413966524450209;-0.0932917160881482;0.016035022551910555;0.10044358791700077;0.9529655803356725;0.000181036602787762;-0.06626200040901242;0.44445187352896726;-0.0021540160226444912;-0.11220308007800832;0.008695001474883609;0.014838815833989313;-0.0711169421030681;-0.06948253585882257;0.01383488173506262;0.12559026200471804;0.8749393447237777;0.031769200685115455;-0.05368775183614571;0.3522035880244874;0.004061931710280755;-0.0834251753740316;0.04448540962679489;0.019356225049834506;-0.057432271316820015;-0.035163578333339426;0.02073169067395221;28.346320928371995;10.832526403799394;7.450294229139867;6.716026033378929;43.96657313269603;49.99641372564255;10.994752073739345;78.29830696442346;53.965080470623874;14.499176992102191;77.23885058170404;48.29691440712387;16.889022731300795;53.969680676937095;57.752023390817264;32.99966004820761;7.757815265185293;4.650026691755115;2.969940436677308
0.9642066284841077;0.2233938752925156;0.35183442532369047;0.03231101407500764;0.10356985329931959;0.3876443773393839;0.029410585350475197;0.04159039763074313;0.32016024960396444;0.023450290142609707;0.005750770712107977;0.24007812618121446;0.02581983166914335;0.20427196096841738;0.9957065409709358;0.09058850165243994;0.011773857364690686;0.30031207673732885;0.045935657243414627;0.03657790827127649;0.10093862227636087;0.013003631100575133;0.03157429712248803;0.0698936382273735;0.004560436705058403;0.08649722408061987;0.9921996147770509;0.08976722487979126;0.022435273591072467;0.3281474455163359;0.05746782642083362;0.04072013240501386;0.0850165593605205;0.012163413172446746;0.021395636470257707;0.02206823140295356;-4.31172751783183e-05;-0.010163038194455644;0.9454625337188204;0.09205767107352354;0.03303691451077409;0.3046222683210449;0.0507472303633832;0.043429408633184716;0.04847987148945679;0.023025123365662235;0.02608573600694511;-0.01301738496065891;0.007201980944973552;-0.08450202563637794;0.8786539406742733;0.09648925989171189;0.040480681030643936;0.27648956495336036;0.05353142254386975;0.033661179825540274;0.032781272275174994;0.04136325369444893;0.01610792354289472;-0.021874572638622594;0.025550273257898604;17.406221503708007;7.5372107072825285;6.323481125003948;9.951901722692979;17.599402853055643;5.603185789790514;4.8773928633557935;21.58343316625792;19.909296702661365;7.763994277258221;35.89183574351946;71.21484793108166;14.420367982636186;44.78755245229194;67.80247358881631;20.757259905238154;6.585059335338356;5.588797782620238;4.8986748867454155;0.9583077660857774;-0.2232356043643862;0.2890015714920392;-0.06902764879160755;-0.08526882515148293;0.4239146049045462;-0.01012557077491436;-0.016349096759802374;0.36860425332204827;0.010869326472182049;-0.043340363926007416;0.2676251546811241;0.024668836341648084;-0.08516205575727001;0.9887618224092507;-0.06398714914695752;-0.10016251828873028;0.4503990128136897;-0.003190289785774257;-0.1089615747266194;0.0635512358977614;0.012990674272963078;-0.0714560845469278;-0.0198281866986172;0.015726806948482306;0.026805675501762473;0.9994362326587014;-0.020215652595857215;-0.09609216389111233;0.49127850290369135;-0.006694431231274044;-0.12286164212436315;0.006843888074625593;0.005773776886627823;-0.08040808161668894;-0.0865343015896981;0.012380770738790441;0.0807015820276939;0.9532780276976788;0.023312227535401887;-0.08371091277422517;0.42499182292063914;0.002743657857131155;-0.11611550859558709;0.013260918763120676;0.007782906416968636;-0.07609381102989356;-0.06431497951403678;0.007921747100225595;0.09471538290148755;0.878459512588627;0.06238311396151771;-0.06567663177122776;0.3342113277018824;0.007394067774854702;-0.08794804067387232;0.04648277528181232;0.01385795964454635;-0.06303548665698046;-0.033384151291940806;0.016022701764265703;27.75926235850501;9.337256408862473;7.516873538680687;8.29108783612653;47.544311420663036;45.562339746529155;12.60775040294539;75.79892281065845;50.23726925406116;16.013129144413018;72.35721466916267;46.593913195867;17.476256139740762;51.25785736899552;54.976050401547106;33.22343972215366;6.931298078029422;4.174855248514326;2.9511123416264784
0.9719830585450476;0.22036820043454106;0.35332306791750934;0.02874963520909165;0.09246661310952603;0.38062289541911387;0.027610301349724396;0.030061370941159328;0.3172132162013896;0.023789474617382848;-0.005597119300838277;0.2269958676840992;0.028001954490176437;0.1874148221937002;1.0067381091805356;0.07756903697666538;0.002420269803204585;0.28536571789035414;0.04958796857841864;0.03606536677373463;0.05166433473880569;0.019657341654016888;0.028549617243688038;0.02963079171913803;0.00882653287944169;0.06735442345814342;0.9946112953988908;0.07881467316154683;0.019109694878304623;0.30755541596946845;0.06087462460248032;0.04252976768233888;0.04679877243803386;0.017469322389054263;0.020967810647890814;-0.011224382195557448;0.002616566263306825;-0.02974150894848551;0.9340676413112122;0.08403119866586581;0.03114513420943333;0.2878753206903192;0.053532687043060245;0.04411551093253741;0.023216092925515557;0.024868010428037185;0.024808773016604016;-0.040779921478027704;0.006924407845658676;-0.10252568049454824;0.8532053997343082;0.0914971949577559;0.04054167515344328;0.25942101343706964;0.054189388272757474;0.03346101965607827;0.012199382811440857;0.04169702575347217;0.013785314400875026;-0.0460468646689875;0.02524084528692416;18.25266970474597;8.22282011862017;7.33171259976926;11.406126138658733;34.23540597962308;10.160875243370118;6.661910842540922;37.86027428249023;74.77671281580554;9.55113227676039;55.087875085607166;83.16263837551759;16.511098065793256;62.53405495188353;71.35100068863312;21.353217658443526;6.654128682098192;5.711069738465042;5.091673353411238;0.9327925349580396;-0.2083581735290525;0.30764035343882273;-0.09084262102696278;-0.08402746129170606;0.40981911923284453;-0.01103547658685451;-0.028407222261497205;0.3534744994379583;0.014078408905125366;-0.04436220799077093;0.2529269764283433;0.030354119089884845;-0.059054032550511504;1.003973113170661;-0.05321153791849108;-0.09942261500592883;0.4411419222413017;0.007701870325383092;-0.11798040791687545;0.04998345870434643;0.016196115101745925;-0.07540175806749595;-0.0365791173128019;0.01715341044068268;0.0225593516791633;0.9997178791015745;0.00743221746624585;-0.10782465070405756;0.45123984087210867;0.0069632895563167966;-0.12927041933420944;-0.0019978733705153405;0.0010884574235408666;-0.08135311276841463;-0.09075654501063048;0.005778988235361167;0.05483679134496216;0.9448757029215734;0.06475336951827407;-0.09672981981728626;0.3802093511857171;0.013122806026329275;-0.11808869671613652;0.010357278016350977;-0.004585666036282436;-0.0773516908066689;-0.07233834863963447;-0.0031719674035572383;0.05643431179429093;0.8662017120391453;0.11527786696725816;-0.07362705490820241;0.29226506871383984;0.011086789257754357;-0.09116900377283368;0.03919118766802105;0.0023435204935186205;-0.06619845080674451;-0.041427278617448646;0.0063914655153766604;25.41074469823319;7.949561888545611;6.9592278560346665;10.154129029219593;54.51842327026409;48.32848134934008;14.737069257228192;77.44096534124142;47.272089495284106;17.684797560633307;70.81822875062382;48.0666098821195;18.614487110048955;52.577933255537914;55.309146302301215;32.19245657761154;5.798440560075332;4.034231184790373;3.6732141071321185
0.9797594886059876;0.21736680992429847;0.35458649043572565;0.025323366816883297;0.08178329497933712;0.373718169399095;0.025872275775808775;0.018998831165015002;0.3142424593973692;0.02410353858390473;-0.016469599648247058;0.2143538528379166;0.030080222731076026;0.1711734941242852;1.0168450378286595;0.06505621725646185;-0.006544706367319512;0.27091031280350364;0.053065197825767844;0.035557523003475706;0.004419260980942235;0.02602473739911366;0.025637777968959278;-0.008968137389975992;0.012910799838348218;0.048978122424372175;0.9964630963442829;0.0682820704705685;0.01591385424527181;0.287679325282459;0.06411135720537546;0.04424435840503212;0.010151763277410606;0.02254608528439391;0.020548126067311653;-0.04312463182190442;0.005164222114724668;-0.048490480410935906;0.9227161019490244;0.0763003469988988;0.02931779196746084;0.27169319152785154;0.05617735825290651;0.044752649698155;-0.0010057608828941639;0.026622625120065302;0.023573557587107656;-0.06736686061026007;0.006655201921794137;-0.11975100170744522;0.8284231240877141;0.08667086985351093;0.04058140237319572;0.24294382298557832;0.054794909863203685;0.03325374434681741;-0.007530570406405803;0.04199763162880463;0.011553112559734685;-0.06919071876386097;0.024932651717370965;19.12910179020522;8.875541076261166;8.591089319145178;13.1652927223437;78.9418665629378;24.901809343070454;8.636598604644373;70.19043803308536;76.03333166910578;11.392334962119445;79.95500861988656;69.62347750397957;18.68304639272203;82.33250462759447;61.002041727131825;21.911236485309654;6.733890526563161;5.861165949003636;5.329307242905927;0.9072773038303018;-0.1933150111155836;0.32604165115575573;-0.11259036642543804;-0.08272010645449167;0.39540035266531703;-0.011936906412660476;-0.040445256219402835;0.3380653830911787;0.017277042280935875;-0.04534951033517182;0.23802821338991711;0.03601665356515998;-0.03289514533288838;1.0184012740624246;-0.04239236125299408;-0.09860475972978001;0.4315378937439261;0.018589938204864015;-0.12690849821182498;0.03637414642927658;0.01938944864659304;-0.07928911421128411;-0.05330439424503831;0.018566841142055618;0.01829461527752644;0.9992170724321734;0.03507918488112782;-0.11947482615984416;0.4108408652529306;0.020617987827433383;-0.1355791527182884;-0.010839642757287903;-0.003598546870866532;-0.08223463487640872;-0.0949085016580016;-0.0008284911638409606;0.028924480824662157;0.935732307644718;0.10615119412561445;-0.1096753283696415;0.3351213198653935;0.023493527673581663;-0.11996980473646769;0.007445014223861792;-0.0169528478350689;-0.07854924916117186;-0.08030652304995808;-0.014265171168021378;0.018102263294885155;0.853263735654545;0.16809179187213116;-0.08152126166158513;0.2500825904105614;0.014771489268440893;-0.09431917926773607;0.031867628007222024;-0.009174799811603752;-0.06931016209359118;-0.049439409576332076;-0.00324648555029429;23.763497383568723;6.786741571136965;6.807978816750669;12.012721701870294;61.09971663480939;49.21405401590227;17.264684378252575;78.44865183321295;44.52858329404235;19.987037626077253;69.17017651409866;48.72663541129169;20.681496935566816;53.889318177883254;54.12644164068597;31.676513644706286;5.2626607679066035;4.516375290692103;4.70510789120538
0.9875359186669276;0.21439826961578012;0.35564685905133137;0.022029114606993357;0.0715104138366485;0.3669426062295099;0.0241956915962452;0.008389161549313875;0.31126218263220845;0.024394292325904458;-0.02688208341689415;0.20214765034895857;0.032059138552752144;0.15553626331030895;1.026099516871958;0.05303715760272273;-0.015133373650372369;0.2569422856384582;0.05637503583787907;0.03505575575371122;-0.04085918476728537;0.03211579120343405;0.02283638741819925;-0.045955007993518746;0.016819416002401045;0.031346708135449604;0.9978150498172812;0.05815935219040558;0.012844420274591149;0.2685093563192895;0.06718603336994249;0.045868741314289856;-0.024972626126539017;0.027401757070266066;0.020137211638450496;-0.07367743973584902;0.007603537293325141;-0.06643769221497636;0.9114461253398037;0.06885924133319285;0.02755415101083833;0.25607005349412454;0.05868800725284194;0.04534425790869911;-0.02421796574173303;0.028292839350910752;0.022379808673273056;-0.09281745789344861;0.006394389594178294;-0.13620781925362738;0.8043220114718744;0.08200887231659149;0.04060226005890463;0.2270501128456594;0.05535195841556778;0.03304099938247585;-0.026435265428780632;0.04226789750687818;0.009409016411403516;-0.09134091615237187;0.02462672306349465;20.031529356673158;9.491336972095477;10.090392908534541;15.15833272902874;123.92424927388232;18.06668108258;10.738549839212935;105.16555239794947;48.96725006625915;13.283842023193817;102.26102414389318;52.172749274266096;20.942211507630788;99.41605380910485;48.516502124953846;22.433460273635234;6.821961579301832;6.0343569348883905;5.607232792908458;0.881762072702564;-0.1781416792496576;0.34416276126254186;-0.13422002896417318;-0.08134994468008437;0.38069268909617104;-0.012827762609308322;-0.052435017276787795;0.32241353005159595;0.020457747771208647;-0.04630001924197288;0.2229641523450002;0.04164320771102528;-0.006746803971823131;1.032013903312306;-0.03155505875277456;-0.09771101075528826;0.42161006808237944;0.029448399092612956;-0.1357250820946099;0.02275527521374383;0.02256321150586212;-0.08310914645771307;-0.06996485908312496;0.01996380976181171;0.014021496403491216;0.9979364038949303;0.06266044541703597;-0.13101553076578307;0.37017692592334916;0.03423766176509181;-0.14177323551025442;-0.0196606945240696;-0.008276246373504256;-0.08305069664872658;-0.09898056645575155;-0.0074261688791356795;0.003025476288566841;0.9258706168090307;0.14740874126209846;-0.12251722646870714;0.2898339710357406;0.0338315285752278;-0.12175459003889787;0.004530969496550968;-0.029289652209119898;-0.07968378822274515;-0.08820092492706871;-0.02533186209690816;-0.02019081802838451;0.8396771427595454;0.22070123662046875;-0.08934084944794604;0.20776319850496716;0.01843954521683344;-0.09739131121456975;0.02452932100142366;-0.020669994724806344;-0.0723634193504712;-0.057401819481640366;-0.012868547432890995;22.82344561231465;6.156593338234619;7.216720861838596;13.866934990995512;67.12019877333;48.83989261754139;20.285020792449803;78.76203202677671;42.03295551538438;23.078055656746027;67.40158451478419;48.73647929613549;23.7778976976087;54.78642682838083;51.86075642803675;31.612971905792563;5.472344308492433;5.488039064326339;5.8790421331827405
0.992517339066614;0.21299530415482493;0.3528464945707496;0.022712149266033498;0.06380679468852411;0.36458318079302376;0.022441199326154043;-0.0011757067341523562;0.3058225685271275;0.022764093553669915;-0.03336268233460994;0.18718210544822725;0.03116213322795514;0.15627064884749084;1.029722649267095;0.04196072566557166;-0.026786633584394325;0.2599939860748568;0.053032138690957985;0.030312344173943476;-0.07444975684313268;0.03431314402643611;0.020081429603122546;-0.07560777149295464;0.019062050467453722;0.027625675186270144;0.998621752982428;0.044625290372225825;0.00546172933578865;0.2676191121925723;0.06455381487270725;0.044269481295811874;-0.05400129263182964;0.03069696443088282;0.01966060242317264;-0.09995651192095707;0.010236908666651235;-0.07473985382926532;0.9072055104560756;0.053312038002045245;0.02424098545503529;0.2516663027316115;0.058339653580080676;0.04296254171981453;-0.04558425643522544;0.030832971967954897;0.02030202769352014;-0.11245425776432486;0.007329813328014844;-0.14816408365352843;0.7944379773607525;0.06441251000803104;0.04025069322995498;0.2153044609110966;0.05528000416741984;0.031998096054584854;-0.04339380605089391;0.04320497188054862;0.008106356938157729;-0.10601041011277759;0.024823375854015926;21.15678110178724;10.15460083934236;11.036723565086938;17.059684865122623;141.92237597639655;11.675779071032787;11.008805802433146;125.60713560377614;32.55719326296865;13.959422351334823;118.45585635954528;38.86917091585199;22.9498105679357;111.28815661347474;38.14944071696749;22.477759014068987;7.042841937018041;6.335809705112869;5.963747320792939;0.8761417134556434;-0.15701908323781205;0.3562497349680583;-0.14782482762254584;-0.07645843390934864;0.3730981935153455;-0.010095804996579059;-0.058734853211545285;0.3104405227060201;0.02551191276506452;-0.04290143848883168;0.2125722453174215;0.04804473423210707;0.0158370920609309;1.0425973156561141;-0.018872793365982937;-0.09049113679728152;0.4088615442206858;0.03245187462864835;-0.13801590645651135;0.01763392227703207;0.02030083421675246;-0.08548895255637623;-0.08046006224448601;0.018394049820920782;0.008069197458596633;0.9963925448353314;0.08447949247566806;-0.13340779103008008;0.3362144268364607;0.0371872361436934;-0.14233498391475832;-0.029593190579156027;-0.016247068530013297;-0.0808012212296102;-0.1048257713069246;-0.013584617392005824;-0.022447627260981408;0.9176454482348558;0.17545158855876342;-0.1273996843453223;0.253114205811845;0.03298952202734236;-0.11976506801194835;-0.003386010416645134;-0.04294600398863283;-0.0759675250397845;-0.09493218738505563;-0.034246326573704036;-0.056219028087046444;0.8264634887099144;0.253838893276747;-0.0919893398190001;0.17753372208805018;0.014955032961278097;-0.09500281843040569;0.013379408304225427;-0.031478399831618785;-0.06859164652100185;-0.06673750995228274;-0.02044249019788706;22.656212249538264;6.195862529149244;7.905603570932146;14.41641044285695;69.83602657326432;49.94078252623471;22.032561393335847;80.87598413876383;40.390877769282085;25.35900308904496;69.0474670116679;47.36071263895131;26.333097177952965;58.282910535789114;50.636726503405086;31.137700988379542;5.896996215466794;6.253888701751739;6.668511482200272
0.9926698071926456;0.2141999119836534;0.34280898943002847;0.030567415965567158;0.05968107410209137;0.3697850366711852;0.020320699628745588;-0.010119289297290468;0.2952994608740339;0.017501508605408618;-0.03368053075153967;0.16536368779867022;0.02502698645977594;0.18625906635851047;1.023790988099094;0.03112794028027874;-0.045408259654579244;0.29375483785477297;0.037407688533538375;0.017399958121725404;-0.09157745121382531;0.029860690071083922;0.01705225458634832;-0.09604147986628514;0.018628268195568287;0.04819715329496859;0.9985669318906567;0.023261920572942914;-0.01055962938030472;0.2991712926345086;0.05141675348750879;0.03672184321226852;-0.07593549760128385;0.031640144637840074;0.019005325054503766;-0.12203001783362923;0.013557207739745433;-0.06694030383820798;0.9149393159758491;0.02131326487320102;0.01773886328051063;0.26667502097983975;0.05285452740025937;0.034976862923693;-0.0664320418535924;0.03525177316438553;0.01638061548196498;-0.12428190925772176;0.010517008798100405;-0.15365496310166082;0.8085978859826412;0.02149987227581387;0.03919047641489658;0.20942552082416174;0.05407874128081041;0.029341680340000998;-0.05908409953988944;0.04545129489700171;0.008133536668323265;-0.10925822598051337;0.025940742550803093;22.81410070483444;11.11647070636937;10.752889900744577;19.80050030444884;154.98895163831418;6.982547680295853;9.665208859396769;141.7154034663852;21.786928057314142;12.651281920967303;132.38335216611276;28.145990807015842;24.658475065762975;119.85373668430788;29.203926017433282;21.812082855041506;7.55468032516528;6.945945650113233;6.57499132407864;0.9048938245921893;-0.1258592833833323;0.35829467334744647;-0.14777116362879292;-0.06559971446867839;0.37807885250817164;-0.001156900731275187;-0.055311652700745374;0.305093169393258;0.03379968255864347;-0.032080738424059445;0.2104171042394072;0.05581310849905993;0.03228406100041526;1.0489464641101371;-0.003058372533738385;-0.0725048006873578;0.39167285921072265;0.021994838397633207;-0.12922887451045806;0.02712643659717004;0.008727015821633268;-0.08547307112358447;-0.08043064248367573;0.01175000703784423;-0.0007502490749555065;0.9953371797623333;0.09645380090535735;-0.12021461854504364;0.31412250792811514;0.0218473414964906;-0.13335936684221297;-0.04144790946695107;-0.0298762014361661;-0.07336752992070367;-0.11380590495143225;-0.018993048854677848;-0.047174779608163527;0.9131057878820282;0.1809308420845673;-0.11872904506510804;0.23139477932121583;0.01298392514332921;-0.11141070989734583;-0.01988497886260439;-0.05888922325802265;-0.06399929479402239;-0.09974628642223177;-0.0394851730017092;-0.08836076858446945;0.8146869544242341;0.2537363122652666;-0.08584205805949521;0.16827205885317412;-0.00079130617661609;-0.08333136268906578;-0.004286671931774204;-0.04112204088393477;-0.05317133176118245;-0.07848080552457126;-0.024508452456105233;23.043395625940054;6.408422767485858;8.618004280829089;12.688659737849578;67.51923067208257;54.94014477730328;20.908157048785633;87.1905298797171;39.49374352236879;25.404574814178538;76.31101333427988;44.12834021577119;26.934295827986443;68.4154287380971;50.65084953361935;29.495126055927713;5.9803445868892275;6.350065238480182;6.778132746476817
0.992822275318677;0.2153092364145255;0.33139766462476183;0.039193339175504625;0.05507342752533132;0.375141095565946;0.017963052967732453;-0.019965448405045466;0.28340137285034467;0.011683931068651466;-0.03399650674429695;0.14114974466263622;0.018240115823876697;0.21911868070505025;1.0162107722802638;0.019157719043491676;-0.0658843621052793;0.3306624220884566;0.020150310964729752;0.0031518547352353413;-0.11036009386279111;0.024923342697498095;0.013696512659017734;-0.11846303876970961;0.018131229427977166;0.07081929100581488;0.9974891149988575;-0.0003057453677033362;-0.028205556647744424;0.33363924407936507;0.036886383415205226;0.028366390445446175;-0.10003119652624098;0.03264735996839889;0.01826379864059048;-0.1462322725132897;0.017202602487711296;-0.05827643769969141;0.9225303289134782;-0.013973392698653223;0.010554985013031756;0.2829440000615898;0.0467556736855842;0.02614043577461219;-0.08934011122876409;0.04008569228647281;0.012042248497985266;-0.13719020336604326;0.014018811369623975;-0.15954975302684166;0.8233792723493883;-0.025814836751579667;0.03798211184883484;0.20273313199109988;0.05269976477001698;0.026384224683970326;-0.07631572953728409;0.04788059540884928;0.008155203742870806;-0.112726233079125;0.027145730776543163;24.76684883545973;12.374560125996961;10.625402079715343;23.53585784915394;161.23590490736538;6.3521852436292745;10.886483098507295;153.91076026675736;13.727048108921956;11.735310027423331;142.67328973112143;20.593327940490386;26.755887415989328;126.70988145483109;21.99258608899266;21.306146016758188;8.177250996389429;7.722093340728434;7.40446877099329;0.9336459357287348;-0.09486511592833423;0.36024802060149763;-0.14768529107845987;-0.05479392800087166;0.38294534724778573;0.007726791814428183;-0.05189751287378959;0.29971181042191;0.04202858297274463;-0.021320116827591586;0.20822899878199352;0.06352098856562385;0.04862186595823478;1.0550252210955204;0.012658592281660538;-0.05461410427025911;0.3745045785664752;0.011597845151529413;-0.12046790843399169;0.036554075573207244;-0.0027769080978001155;-0.0854384657152928;-0.0803836931760412;0.005144603438920842;-0.00951480514744752;0.9940691743244197;0.10833256731460214;-0.10707683740231352;0.29209849608624666;0.006597820772170005;-0.12441007622265905;-0.053219941561704766;-0.04341418546683435;-0.06596380846469409;-0.12270525441898372;-0.024363738075823094;-0.0717381097208701;0.9083932160969312;0.18633625265242776;-0.11008606165870737;0.20975916651020474;-0.006900394964986603;-0.10308365672421545;-0.03627719114035677;-0.07472054546838075;-0.05209123454616198;-0.10450854795066916;-0.04468281678491741;-0.12028360903593782;0.8028040873660847;0.2535784910304122;-0.07971401680902789;0.15903080868005315;-0.01643976398896425;-0.07171397821353723;-0.02184218898799499;-0.050696786787653346;-0.037834991898709126;-0.09013395046392886;-0.028543788003262776;23.667498044028545;6.928155670512473;9.814213766176914;10.985082603034712;64.88537059266109;60.236947911153024;20.166290003862077;93.25448550211621;38.19756261906914;26.562569441871112;82.20687664288907;40.95765861739133;28.838134723349704;79.03051634905961;48.31387653689345;28.038119138744772;6.381316440534337;6.62139270627559;6.96865157656151
0.9933480539901112;0.21996434218027405;0.31729306453036005;0.042539713517036115;0.057442419915629844;0.3856984712976278;0.013723343308860388;-0.023327337789317452;0.2873580990324948;0.005645842471742638;-0.03626672609756144;0.13583601690605088;0.01199110123120354;0.2501045849086724;1.0119450504232963;0.0036810727115672644;-0.08211345381331461;0.365248378228696;0.004725189076694906;-0.005739321118173321;-0.1251423530392535;0.020106241175517913;0.011787048917257261;-0.13858344409157738;0.017301816759024487;0.09109676400431069;0.9955589018967359;-0.023745577316803473;-0.04036604077166308;0.3653861239599447;0.023973290417232514;0.0231524726541111;-0.11728381112826888;0.033093689750668585;0.016305401382532506;-0.16514342965986772;0.019375538397960537;-0.050676853196774445;0.9269765017579434;-0.04543499652100558;0.006052650951234225;0.3033859191255592;0.03890974220145563;0.020260443202588598;-0.10649134592937769;0.04427480961688713;0.008244238344497485;-0.14872031511791464;0.017402163564590765;-0.16417472282084516;0.835583627176226;-0.06541022318923352;0.037823791093584025;0.2084809094335738;0.049262749046892505;0.023758605992811415;-0.09100072292643323;0.050596422555383914;0.006620803528449738;-0.11833220778033264;0.028973572984856474;26.530793873841553;13.137227383617512;10.954583331624095;26.557028164643587;161.86218259428654;7.684279518865573;12.60070896267596;160.20124929154886;10.346625481407747;10.971031015523186;148.25178681030147;17.1942923403213;27.517800676648342;132.1176183980785;18.010205686007847;21.67714280103979;8.79369918307836;8.475070909211139;8.127764204257916;0.9533106089040332;-0.07169030148065256;0.36254867347393194;-0.1452931753597591;-0.04697868573989091;0.38545729923470823;0.010544242395389192;-0.04972243276801133;0.2990991152479822;0.042283780214345125;-0.015558782641215213;0.21391373801251595;0.06236165653814924;0.05568008794856001;1.0628491763162509;0.02768492785715124;-0.04857008296785448;0.35907022346041945;0.001686180667962399;-0.11257872540600741;0.04141460306430221;-0.014887669804226289;-0.08422392375372718;-0.07966424578548555;-0.002315053350881799;-0.01924884488916275;0.9929133773983413;0.11727108319552605;-0.10206786842593182;0.2788013202144241;-0.0066812723409011955;-0.11928585214914068;-0.05437670817643152;-0.05720323029384566;-0.06570839357394792;-0.12277093989594846;-0.031321682911921465;-0.09224914696674934;0.9015766950014288;0.18745105634509338;-0.10527353190482716;0.19834204639549363;-0.021573870553808324;-0.09906186895798884;-0.03540324976281913;-0.08740785321904963;-0.0498945748094971;-0.1028615223712428;-0.04985482537712291;-0.1465774753319985;0.7886557789966823;0.24754815320406784;-0.0753890628737849;0.1544593542708799;-0.02645607714583183;-0.06492947058468346;-0.023653129773336157;-0.05684742683525611;-0.033091853987836053;-0.0897561018399127;-0.03152125109976923;23.387026805573324;6.848407657035809;9.74863594497077;10.77051975625904;62.36753455965289;63.66834462676017;20.587499869738597;93.51313918096409;36.99180389895642;27.908853039942215;80.12310507302423;40.65183528246645;30.087840721384673;79.83777317361839;47.71816989922356;26.81488218738026;6.655409677862526;6.805501963864748;7.102209864828808
0.9944136475616854;0.23064876031618842;0.29956081952561037;0.03680773958476202;0.07161293782804398;0.404993795537502;0.006491140108430635;-0.015544722889631437;0.3183526762356251;-0.0004888076202270983;-0.041789977419740804;0.16300353548354804;0.006949602700167318;0.27675421932128436;1.014495098496112;-0.017050280975570167;-0.09047569078148067;0.39468758241583884;-0.006886444979185314;-0.005134354277204792;-0.13258423506416625;0.015730542117010575;0.012432300555676115;-0.1540224315903486;0.015962160632339576;0.10656523846822995;0.993244154484651;-0.04593364270641077;-0.042698466984598026;0.391435934879983;0.014413978861946262;0.02353350253235202;-0.12224759108842631;0.03259948573810525;0.012384129265868283;-0.17437439601909038;0.01896795515001409;-0.04527798716038375;0.9267886303480914;-0.06902312947853813;0.006314933273136201;0.3302919116655424;0.02848809232139229;0.019688169573320626;-0.11319308696414303;0.04722288046634252;0.005543698928071394;-0.15753461743442213;0.020448659084421148;-0.16659477255070698;0.8436787672926923;-0.09016894557746717;0.039493555602293354;0.23530744576920606;0.042532915727272;0.021838522556147506;-0.10078590834291656;0.05372606209611773;0.002518657953342277;-0.127433268950435;0.03180545897293695;27.905872507871084;12.86094763498111;11.837743150210697;28.16612227399223;163.84069322954602;6.8453722070950045;13.220305757925727;162.6032840829518;10.817380562165756;9.972131346135168;150.6947000614325;16.75569553127334;26.153170963187947;136.87256731100098;17.008630254512752;23.230080593433577;9.288005315651668;9.050781171336519;8.517170741425604;0.9598340458083264;-0.05950394517737215;0.3654424570608994;-0.1395389876511495;-0.043385410005405314;0.38464955884882834;0.0046075062258233365;-0.04931780718577724;0.3054382943530167;0.03098192975380086;-0.016961235468426906;0.23114033532743858;0.048329720771002414;0.04939606983574514;1.073483665790364;0.04195033806221064;-0.059623558316129824;0.3459604171262398;-0.007677449128671271;-0.1058463036967352;0.03973242219661895;-0.028071871211463508;-0.0812908480091336;-0.07796953184935772;-0.011131901329911731;-0.0305455725514535;0.9920473727180802;0.12210232708944714;-0.10878712711794818;0.2779950906099909;-0.01731224874881947;-0.1196472186979009;-0.040160360221821644;-0.07158224714426258;-0.07582843661854523;-0.11004083881517344;-0.04069650055134455;-0.10721849103800964;0.8917324336152141;0.18238657653999693;-0.10595727224219341;0.20159765426294055;-0.02892259802191899;-0.10123670725503679;-0.009473121789926622;-0.09574702860770555;-0.061758672036650995;-0.09190577978362757;-0.05507847951160072;-0.16514151387197662;0.7711133481971126;0.2329398350017668;-0.07362264408390862;0.1566127783440126;-0.028463762063855567;-0.06505843255846368;-0.002655809960351475;-0.05813608603878389;-0.04364607545903058;-0.07193235697986322;-0.033015637667579485;21.508866196909246;5.729541945883084;7.803163395895196;12.891567302449484;60.29115631203059;63.81198254381012;22.131208193685577;85.91468995689247;35.96639084883033;27.95258088523317;68.81668417420924;44.134637158754884;28.865600676442526;66.80883236280272;51.140861441387415;25.67761788159934;6.483468753388609;6.722330456572413;7.108550443446504
0.9954792411332596;0.2424957399458431;0.27929568830703133;0.03031009182070951;0.08753253836589373;0.42639883333780615;-0.0016718056259426206;-0.006752960789992339;0.35302992984993214;-0.007407649829615647;-0.04798269692977327;0.19350163506013857;0.0012571482591317525;0.3065675987532773;1.016474103744707;-0.040418104931054716;-0.09982744695819525;0.4275430213748265;-0.019977121859933947;-0.004447471215423126;-0.14086068271690694;0.010781277538028433;0.013149085330707692;-0.1712998585494198;0.014437045354931816;0.12391789378889718;0.9897549486202024;-0.07091894867201695;-0.045291450023839504;0.4204713513820685;0.0036192798368069484;0.023942453833318812;-0.1277381278271298;0.03201324261646108;0.007950372518743962;-0.18463179445456393;0.018491467024319985;-0.03914856105320697;0.9257571005169896;-0.0955671524740896;0.0066051768425640445;0.36034709009240284;0.0167083147181459;0.019025290154790857;-0.12065187833837904;0.05050624807557374;0.0024928566350906727;-0.16733695301081072;0.023866718399839497;-0.16917701527827625;0.8520631501192362;-0.11801457604809301;0.04134195656455472;0.26535700748711627;0.03490471871933901;0.019653546150874005;-0.11173349058299221;0.05720846985347197;-0.002110381260315736;-0.137585660871169;0.03497141642359979;29.740528286600465;12.733322634484406;12.925021826552895;29.902101810266313;164.97293276472286;6.192840847144549;14.034733356262938;165.00375664775314;11.418860616054472;9.219629291458267;153.04577039622805;16.32951609868306;25.10644669890779;141.26260669778006;16.093617125072647;25.118454315994896;9.815147535149137;9.694014746254481;8.938888850053985;0.9663574827126196;-0.047164024569489135;0.368314095026746;-0.13369508131721358;-0.03974286416011853;0.3837728537364301;-0.0014002760237566926;-0.0489007725185265;0.3118054121205311;0.01954139823127926;-0.018377684605338656;0.24853533102690908;0.0341240809177212;0.04302997530532256;1.0840783853076863;0.05637827793503977;-0.07079878141484905;0.33264187326005135;-0.01715082766436363;-0.0990177764871949;0.03802417670773076;-0.04140793584714416;-0.07831047066029893;-0.07624270047690819;-0.020051486715404618;-0.041971419898317174;0.991017922524149;0.12697195417744514;-0.11556919303326521;0.27713638308282346;-0.028066500855908436;-0.11999439132132675;-0.025769384845238334;-0.08612056402961386;-0.08605666645584972;-0.09714292790676948;-0.050176100884136404;-0.12234862623782751;0.8816338481202419;0.1772339330713248;-0.10663275184530163;0.2048607030427403;-0.0363539224260017;-0.10342167930364267;0.01676567238148975;-0.10417021651620617;-0.07375379104835347;-0.08080604912306424;-0.060355515259895014;-0.1838999870553446;0.753244015578899;0.21812247778593633;-0.0718239295636624;0.15876753164590945;-0.030490837543696928;-0.06517887648086736;0.018590682638067676;-0.059431035439918116;-0.054318596984323356;-0.05388634055797109;-0.0345226306979733;19.64047102443831;4.802391369516058;6.309724533094631;15.438278007462753;58.309399777725;63.29823515770002;23.79835410283166;78.33374647009423;34.70193220540585;28.074893524564956;58.10695980905941;47.126230900035694;27.710575588090602;53.680868758674286;52.65252356995965;24.63975435451285;6.36767245958131;6.7026619425957294;7.197870583928217
0.9873482937599084;0.25764838285002056;0.2563211957711266;0.019438012610000818;0.10609455133218301;0.4396871305915011;-0.011265793581178598;0.007116215003496992;0.3864682986146359;-0.013980956274800019;-0.05366193783369696;0.2260215203088903;-0.003970290367321419;0.3219245888332638;1.009719840561086;-0.06895377409627516;-0.09036138898658759;0.48073153738270596;-0.03241640620668541;0.007449692502658289;-0.14723353197584635;0.007031431504715983;0.013838072690410751;-0.18952540430971768;0.014325266533642505;0.12767024713142316;0.9872184989714419;-0.09539362287896676;-0.02794719381434105;0.4550792194514063;-0.005167150933416609;0.0340743806257877;-0.1368509091362446;0.03374672071784569;0.0037664339971489255;-0.19647867558195214;0.019786663998093944;-0.04456265948089047;0.9302695075600994;-0.1160292690086316;0.024777032517616916;0.39274655647961776;0.008818133152825432;0.026658458508954656;-0.13457593300657864;0.05593188706414434;-0.00019978816283244694;-0.17894020734383514;0.028364405705348306;-0.17963766894649985;0.8658878656572047;-0.13449190694083962;0.055157706455113885;0.28836042170810616;0.030344767070390098;0.025050293929076633;-0.12207842560575735;0.06078619449037528;-0.005407489129394108;-0.1474691587921309;0.03810528744024425;31.88808106345488;12.52169435814139;14.446755605993683;28.267017698082213;172.19139049437362;2.0317817467172845;11.887289222450965;163.523249705949;14.848854641787854;10.511296068346956;152.44110767808834;17.049142738489433;26.778388670391163;141.38377262796604;17.234398512674396;28.273723654317536;10.429247591831286;10.180917255921335;9.026090367666722;0.968313721083058;-0.03871835551924057;0.3704269167952489;-0.13197470223721847;-0.03896079173353488;0.38367576673472004;-0.00620245685556598;-0.051389254310864246;0.3145025539265287;0.011468994946705493;-0.02114225197759467;0.2611066592937847;0.024318004045030126;0.03590707109996797;1.091577139449528;0.06349854691018852;-0.07980661878157481;0.3265860833982869;-0.02396568474677061;-0.09593234969748725;0.035644770847213125;-0.05090613452688196;-0.07683952918352105;-0.07576279346018137;-0.02662782057844295;-0.05244824674525163;0.9903529503173493;0.128258392361167;-0.12105950201774437;0.2763301980361839;-0.036836992403678555;-0.12003265254509739;-0.021901616427187888;-0.09775672434177915;-0.09092568353695589;-0.09461224204780755;-0.05765926691235569;-0.13462625516422555;0.8752363101579467;0.17240481738822586;-0.10804266022499205;0.20741263252708153;-0.04249543498047303;-0.10394365834377639;0.028948631441445417;-0.11149518366472444;-0.07874014843848971;-0.08003754634363942;-0.06481822453516975;-0.19781137644570473;0.7423374770194099;0.20724063991263042;-0.07088499613945465;0.1613326077393063;-0.032446513301795744;-0.0645577206943257;0.028898412083902623;-0.06115584303825867;-0.05897048136792908;-0.047890355408754796;-0.036144665112382;18.59094067404618;4.584155941741383;5.661108727393527;17.27262498692275;57.82138146919859;61.68227912264367;25.07170776470675;75.27236432963646;33.794287893285;28.33048505131914;53.43102834478053;49.38439709552148;26.9769012732994;47.94412777322632;53.911103058644464;24.10783628527227;6.346369425862346;6.715856258744802;7.268049726104565
0.9655817551037456;0.2789662166739922;0.22888978525519402;0.0004969938165739997;0.12936778850982733;0.4376085069843824;-0.023384403839217912;0.030347848148254742;0.41714316142877034;-0.019767955557084584;-0.058286140172949565;0.26186951487965876;-0.008205089090289403;0.3097241662785303;0.9873066747585599;-0.10675945685893963;-0.04539283105362282;0.5718218396488839;-0.04337715935209501;0.04041151470334498;-0.14996780617412814;0.00564761929186435;0.01447045943740502;-0.2093143144861501;0.0169142659599301;0.10558675352765057;0.9873302403416968;-0.1184501329095846;0.02690894924632986;0.49990268682827443;-0.009951812526448224;0.06250212939779017;-0.15276406334309503;0.039880161469554795;0.00014983775228445586;-0.2112500927601811;0.024438196455747054;-0.07184293045597596;0.9459630864445798;-0.12458322013969873;0.07657673211539613;0.4292220168028168;0.008498434471421573;0.04992209019421435;-0.1606008934128501;0.06535881442279531;-0.0021540503120932477;-0.19386128197247893;0.03484105958634971;-0.20499563127493214;0.8904467573357828;-0.1291103716336962;0.09147427605345912;0.2977047690657937;0.03173965226890835;0.044765946892604096;-0.13115333518493902;0.06451687466712061;-0.006106165020782936;-0.15674715084032254;0.041141399046925035;34.28012614612755;12.29507581976638;16.72352823301117;21.92280376337457;169.2386829554176;11.390244587294253;6.416073510243465;152.01276815854416;22.937371415637823;16.790987319217002;145.12804292228276;20.440583350424944;33.01610559936364;133.43584364225467;22.283756712162376;33.68836307665488;11.28010608068293;10.388054464176859;8.560694048504908;0.963498233770107;-0.03616554043827339;0.3714410563847909;-0.1365677098746191;-0.04255552232504708;0.3848175077705985;-0.009201459375742503;-0.05835335032722095;0.31164286057397234;0.008483996373597091;-0.02599707615334936;0.26643424426954;0.021164794614493748;0.027568178476151853;1.0945329964934716;0.059501421528727796;-0.08558428634637154;0.33163513932287775;-0.026772785601753578;-0.09856176350794703;0.03222159344321699;-0.05461771720366895;-0.07767577307195976;-0.07719667610868719;-0.02967727444898275;-0.061569454959239066;0.9903594399366071;0.12408618756522441;-0.1246345436979182;0.27563070527740213;-0.04265117936859543;-0.11961281173900806;-0.03411216475464216;-0.10506286097627755;-0.08764384148747398;-0.10794144328281159;-0.06215807152703033;-0.14265986954863932;0.874554372539379;0.16804985443129528;-0.11060209130140448;0.20892307042776614;-0.04672084282365229;-0.10193692635532538;0.019723658901641898;-0.11721591176171985;-0.07305002118372295;-0.09508735095016116;-0.06808084582882923;-0.20444717361737436;0.7420846048900803;0.20231400052350199;-0.0712626346689359;0.16456749137084795;-0.03431375513709073;-0.06280369203966216;0.022553643273521978;-0.0635610119833184;-0.054453248206890174;-0.060294667080842;-0.03796122701660181;18.752428791782474;5.178783896962051;5.846086235417328;17.61498699417333;59.25490166482746;59.29835932485758;25.66400241840849;78.41742995144595;33.42595485474783;28.693205873682512;56.416665401322746;51.125436062253534;26.763059593123806;51.96298970403217;57.23256843244565;24.207362620245696;6.3977757406418645;6.69409800995808;7.192670426997904
0.943815216447583;0.30534238083294374;0.19410021053347012;-0.02329715075425351;0.15841640459469633;0.4343652210077213;-0.038573842075314925;0.05948724168267048;0.45507388221190087;-0.027008942236895275;-0.06401079693156014;0.30652294841146427;-0.013512927673879514;0.29395076277015547;0.9577253691202309;-0.1540961743527802;0.011161576351729837;0.6854220966614419;-0.05708323402259023;0.08175928976184489;-0.1531859239852679;0.0039011366317100674;0.015243950896933577;-0.23387048350687112;0.020142095007353717;0.0776932707388628;0.9860443546777445;-0.1472422707310909;0.09577955036343049;0.5554871238889428;-0.015947857445617806;0.09812235759878428;-0.17253325523599264;0.04752728957901034;-0.004393493212399745;-0.2295005652199502;0.030246080143007045;-0.1060082207750883;0.96431063091659;-0.13514859917090158;0.14153612644798536;0.47442191348978374;0.008084557271802734;0.07907340373751931;-0.1930610654098245;0.07710636618420508;-0.004605853768035724;-0.2123248710053762;0.04292660619723128;-0.23655379951678535;0.920010972566291;-0.12216365974614096;0.13696247199051145;0.3090129483855291;0.03344603665349343;0.06946779057029114;-0.14236364358816103;0.06911010150625654;-0.006975010608537356;-0.16817559673444618;0.044895886335234586;37.4286845131377;12.635588881389864;19.238474676362006;16.501927349991167;150.81546419833003;24.589052292678517;8.630262398616363;139.2584310297995;30.76642251055632;24.4807582172319;136.41759428330556;24.255560622484335;40.37951778929203;123.22709473388784;28.092891339576425;40.54909969202898;12.418560813400811;10.68155293689291;8.096345819171203;0.958682746457156;-0.03352433166185027;0.3724495476358132;-0.14129845025186433;-0.046264846804262995;0.38595641445571993;-0.012298843979096764;-0.0655419951471398;0.30865550041577966;0.005399211037922867;-0.031009989539919167;0.27191017638521786;0.01790488591138014;0.01895011292078092;1.097471131807503;0.05536558809895778;-0.09154432021349157;0.3368164259416891;-0.02967005444886265;-0.10126787358453711;0.02868160472283041;-0.058446490501416974;-0.07853151387780383;-0.07866990553758879;-0.03282461836845081;-0.07098633538313501;0.9902615047135261;0.11976265056926624;-0.1283148546479122;0.2748789162320717;-0.04865347873647952;-0.11916642387557495;-0.04672363348601846;-0.11259994266259157;-0.08424401460810722;-0.1217008242142386;-0.0667993500255374;-0.15094455723642433;0.8737574388775897;0.16353285952583582;-0.11323462801570074;0.21046147331059906;-0.05108129823154234;-0.09985294261789282;0.010190987227856465;-0.1231137776586136;-0.06716366670536648;-0.11062569546099117;-0.07144436155757836;-0.21128120729681504;0.7417449478264068;0.1972027697560317;-0.0716452545290324;0.1678921558844625;-0.036239231501208606;-0.06098491823011462;0.015996294913843877;-0.06603914628585036;-0.04978060966998838;-0.07310355196223711;-0.039833959082248405;18.95883353283431;5.860471373915685;6.134532630681993;17.938514969724572;60.658221341832245;56.92591453502081;26.276334173969445;81.29616481240045;32.88782166513594;29.05052336584965;59.43487461285914;52.253148889776355;26.55164950438543;56.217268983711506;59.483972956673895;24.34081542738864;6.452165907705285;6.671324138129156;7.114185307344547
0.9333752996101516;0.3293904495195914;0.15970685351635888;-0.060550074838630064;0.19069825074039048;0.43402204285410706;-0.062433602574465036;0.08902809243260548;0.49156998645963457;-0.039035296184984684;-0.06083398911470001;0.35990483849182103;-0.022291377191216512;0.2767982396251068;0.9128917854787306;-0.24270688765554788;0.06907547782034991;0.8056942392779792;-0.07508648390501407;0.12082096915714623;-0.13099884097933512;0.009469077631783186;0.022073709064391697;-0.24905593626715947;0.029636073134039233;0.04518717807625132;0.9758737595171524;-0.21360834352469538;0.1624108938574069;0.6384701513948609;-0.031571752590978525;0.13343005772048058;-0.1738876183814425;0.06223323232364778;7.873921971900927e-05;-0.24630683129549;0.04373577989162645;-0.14454605529778392;0.9825412560009665;-0.17860132357363923;0.20369632776196975;0.5452454596666103;-0.0013873914825384612;0.11034613079029507;-0.20830721379986133;0.09544180635022814;0.001555888873363518;-0.2282464259093092;0.05815154521637834;-0.2723042026252292;0.9575748970173309;-0.14423372844123633;0.18040071568865046;0.34469275135343497;0.02445916904333407;0.09717269278257844;-0.13760244543202182;0.07358698932154935;0.0009348258722340993;-0.1748088321618894;0.05128476316647851;39.99931569443825;13.718472757409659;19.834691818893514;14.805951359802688;132.49740529586117;37.65523905758838;14.978511859497;127.4199213576061;36.93038375691748;30.40804006216038;128.04900355195988;27.223501119342764;44.97085925503785;113.08827676562615;33.522702322250105;46.443269352934635;13.967977719351904;11.01615216737068;7.660325718812969;0.9540469647255218;-0.034571410305991396;0.37194773042342044;-0.1454985849503154;-0.05089940049002277;0.38481709837472283;-0.014544888906411294;-0.07161839670586595;0.30527434358522954;0.0035216563041703232;-0.03657150267912252;0.2747528869967462;0.015815223543850208;0.007123261501420724;1.1005164719591902;0.052016908439397054;-0.09576118621141956;0.3396486460927233;-0.030897705457207755;-0.1035170288861107;0.026427231430859593;-0.060633902804449205;-0.07960590312627246;-0.08053461294223471;-0.03479658301343867;-0.08285411515035909;0.9896314289245438;0.11732361436393222;-0.13135305963655194;0.275220943312281;-0.05102082371919751;-0.11931138063980966;-0.05363654472213198;-0.11746878369501763;-0.0827219555023827;-0.12884315286116527;-0.07041194971880325;-0.16132784078644175;0.8706301117100719;0.1619658634596789;-0.11543845418944514;0.20950547269496425;-0.05277274826379926;-0.09941401699492237;0.004807199109788156;-0.12769149483792905;-0.06435047799134071;-0.11954577871567795;-0.07467757657387467;-0.21996991681734937;0.7362024927899329;0.1962195312787496;-0.07278338202332287;0.16826995707337633;-0.03676293586304572;-0.060477461152906;0.013186362330202157;-0.0682821405202831;-0.047573245169248546;-0.07904876800667052;-0.041935709437287506;19.25735831000527;6.316504524280188;6.199240031156787;17.851531149214093;61.502747381910794;55.598198561063256;26.26953615763809;82.70433451060767;32.275357344709874;29.198691176060176;61.00780607643944;52.24920230244475;26.523330687107432;58.00482168843238;59.800162551837595;24.623436501302628;6.53093183108172;6.71255275673931;7.184138691707101
0.942288493997852;0.33734770571695416;0.13468385499628482;-0.11871132583303633;0.2193316066351241;0.4362530663539982;-0.09955957515413777;0.10995377696002066;0.5087933976311898;-0.05867070631051137;-0.03648934559452696;0.41494471139334355;-0.036634522503665744;0.25846367778775053;0.8349092238817681;-0.4023543021534069;0.1125782743080187;0.8984224386653077;-0.09739476070411551;0.14166575181459606;-0.05268618158144476;0.03094505768930152;0.04127655448267209;-0.23460135154774675;0.051149825012463665;0.01061258926868874;0.9370961786835745;-0.3489099093543437;0.20242664361840848;0.7565580926826729;-0.06550554690815691;0.15624866547473568;-0.12862835026277616;0.08900372232956959;0.02498003595993702;-0.2521409328988167;0.07134136054232602;-0.18083023445165247;0.984916120503567;-0.286766868624822;0.23877090857840128;0.6514275973294636;-0.02991225090603274;0.13642175874081866;-0.17540633844220144;0.1232968430554319;0.026666813893806374;-0.23099580271339445;0.08552576616843023;-0.30485250195203517;0.9934505905298341;-0.22830654098272074;0.20428862952136084;0.4250983823827857;-0.007935019987624166;0.12298915385107652;-0.09428936273142932;0.07570519576217391;0.027686293781934608;-0.1661146942705918;0.06162012376509258;40.61215757405182;15.192751291248118;17.190422280580535;20.93319762957048;104.17238161914902;58.23005025657572;20.94594568965951;114.30480917909212;42.822476389705216;32.950648913101965;118.93334901057203;29.681550200638323;43.86334198631263;101.02429839777751;39.885697511664674;47.71136919056438;15.864618814804397;11.395190168192634;7.382453418125415;0.9497182350133389;-0.042191501683193265;0.3687498866415953;-0.14863094513798325;-0.057061901096724044;0.37962443137891333;-0.015204945351802085;-0.07553547768507848;0.30127612064596027;0.0038567327442163516;-0.04296150895595825;0.2727991040195334;0.01587761396978458;-0.010122506616363661;1.1036515389561607;0.05016852560491629;-0.09674004875643022;0.3381922387288679;-0.029102303691109395;-0.10488460644296586;0.026535784363102027;-0.05982195350462322;-0.08104081509251003;-0.08304747531222247;-0.03460969530829794;-0.09878148980403138;0.9880495210709335;0.11832312193140823;-0.1331560836795668;0.2775069898761518;-0.04681529773918498;-0.12050891590435425;-0.0501574929481928;-0.11742536002279144;-0.08460175038575794;-0.12394175658460498;-0.07208259129024054;-0.17517957119327332;0.8634025752971914;0.16572002563467195;-0.11681230934321196;0.20410703243378228;-0.04963902576286571;-0.10193030739620605;0.006998280436616961;-0.12977799503030032;-0.06711483311735264;-0.11637124082124223;-0.0775873774533256;-0.23173605116475463;0.7214866176814507;0.20264954471491095;-0.07524142287810051;0.16335938388858504;-0.034762317143411846;-0.062330327996012146;0.01716171287648824;-0.07004138611063529;-0.04983886136274662;-0.0725425463342551;-0.04438892435112138;19.654206104251383;6.277771251675198;5.7344803208930335;17.078482363200507;61.43899904909277;56.020070908388504;25.158395593670544;81.98198067893956;31.67238241433496;28.991154291095242;60.12032836576113;51.08502342637546;26.80371547598731;55.346910106828346;58.0604417193565;25.121476206581463;6.65265704298374;6.876342299416846;7.537538474678812
0.9512016883855522;0.33750298384788935;0.10072010619821219;-0.18556424121678475;0.2477389970927242;0.426729726775914;-0.1415677551122889;0.13212378140173484;0.5153285882713279;-0.08071982444716286;-0.006093582944346576;0.46973673523510096;-0.052915060403884016;0.22910425285696032;0.7174382925220583;-0.5837174561435915;0.16191614798382453;0.9851513001518742;-0.12158464740229392;0.16285019175386214;0.04328046042127024;0.05599132238305449;0.06329078738124738;-0.21059163029956793;0.07567592267123653;-0.031401980293629395;0.8640683735731356;-0.5023940300444607;0.24504128249534865;0.8778580715861988;-0.10461559849614332;0.17940637855378502;-0.07041724292262681;0.11881263121828639;0.05432628257388593;-0.2521202566784838;0.10265243663568661;-0.21954709991466312;0.9602035360826948;-0.40924892335135427;0.2744059188354726;0.7613058314135831;-0.06349255409456617;0.16406452735352167;-0.13079696159805432;0.15345413483442286;0.05621876574457752;-0.22784519586715662;0.11616051608910623;-0.3355890087665708;1.0089208600728865;-0.3233554186090063;0.22739141874055918;0.5102122127169497;-0.04679939617859117;0.15069533258216425;-0.03938801306153611;0.07614122796899601;0.05918916521811239;-0.15097313640160517;0.07236529421091491;41.582346194471825;17.059385892225187;15.152060475782628;31.75740073501534;69.61734410680555;82.44428348061537;28.868852629111476;98.38361924362415;50.829848636679756;36.41566208544984;107.7414723043849;33.36402509116816;43.2718696208341;83.73389359197785;48.559130466040266;47.16608107681131;18.04689869591163;12.288798304948202;7.670921772064014;0.945389505301156;-0.050023083818855965;0.3653594968224373;-0.15181498161143409;-0.06338927663946915;0.3741779662658179;-0.015880219135206743;-0.07954681282491746;0.297080069130039;0.004200571477789702;-0.04952682975300238;0.2707149229719301;0.015937564469765457;-0.027869846835372938;1.1065818679126438;0.04825261948264614;-0.0977215527926086;0.3366024143831635;-0.027246585713419067;-0.10626400465520697;0.026640384721646124;-0.058970195047344846;-0.08249592048467962;-0.08561151297185764;-0.034408047485163316;-0.1151480733855381;0.9861559918055046;0.11932007803257667;-0.13497606847425495;0.27978535258941745;-0.042474222848767514;-0.12170910326664529;-0.046563237774945636;-0.11734912920961471;-0.0865137913292929;-0.1188637490188591;-0.07378272529979633;-0.18938929722327366;0.8557318081787937;0.16953945678953308;-0.11819496525012552;0.19849591632171368;-0.04640033702746247;-0.10449280189431885;0.00925155253725462;-0.13189065248535026;-0.06994199662791498;-0.11307262066999761;-0.08056142710695621;-0.24378400575914755;0.7061466571170948;0.20921315452030861;-0.07775113246449723;0.15826134452818333;-0.032693861246023075;-0.06422063500493395;0.021248699130093036;-0.07183326326055785;-0.05215734197921704;-0.06582659047940669;-0.04690195305092104;20.057887893352376;6.243348745758156;5.2675238786882295;16.288005140772334;61.36926926498182;56.43083324827268;24.017835610475792;81.22849677491492;31.011074443439966;28.772697948544884;59.24411906143943;49.863415988021984;27.082502837292516;52.77467875712236;55.90975373787504;25.63411170997499;6.782884173412717;7.057719280725597;7.9293762684718
0.963169081387654;0.33332990307214005;0.09833494563239098;-0.2108470150591707;0.2635300243291537;0.4354925580836698;-0.15025952936777762;0.14335594792444875;0.5171331644430991;-0.08086931141566688;0.012153749597378775;0.47614559336859885;-0.051213363935513956;0.22825729007939197;0.6778819496386342;-0.6330940947206676;0.1824903992511735;0.9858865948847108;-0.1195529516425308;0.16568673087865488;0.1145279952540278;0.0683599370097974;0.07856760547999317;-0.16588943102228687;0.08443305342572499;-0.03163738062308855;0.8419090125446762;-0.538691275911684;0.2635899875770315;0.9103797049549931;-0.11177149312124289;0.18378653337468281;-0.017196549100045592;0.12370998174341373;0.07148743106862004;-0.2261939491982558;0.10900976591321572;-0.20815994644451657;0.9636096622767679;-0.43109123062317456;0.289967147154496;0.7839540111812154;-0.07240370935594032;0.17164063244211622;-0.07518703716120556;0.1514809096835605;0.07076774542469104;-0.201117433762219;0.11822685013258473;-0.30946214148915024;1.0368609150001489;-0.33213996387595285;0.2413852689323112;0.5271592710719168;-0.06410833399698157;0.15838280927276543;0.0010163584759767298;0.06541891120933387;0.07307001956169167;-0.12519647094167705;0.06886098322815475;41.190720462170326;17.20567707260805;14.125869147361383;35.45582147830892;51.063597405883534;90.27936408989028;30.965087197350652;84.8700593388427;58.26521835871569;36.43461255146918;95.71773868929432;39.72999517199625;41.67298145910989;69.76551073744686;54.549865513343434;44.650257789980905;18.747206313871125;12.594102376258622;7.757746225105394;0.9422345676026768;-0.056290775442019825;0.35635644574756015;-0.15890850484056496;-0.06930053749284974;0.3721827533769841;-0.01851828594382773;-0.08358339456580287;0.29593777280990885;0.0035239851935436623;-0.05302880133900257;0.27390175924429816;0.015414851305054858;-0.04033713167049277;1.1074932901220185;0.038491057330660675;-0.10193714239601132;0.33928170809369057;-0.028464070332058614;-0.1101352483550714;0.02867605396703323;-0.05963488339962294;-0.08482489422627652;-0.08792449747194954;-0.034882068474249274;-0.12729078977759045;0.9853803631900638;0.11323689627155555;-0.14065634215909906;0.2808707928608485;-0.042516520911865696;-0.12414734494296516;-0.046946402770526086;-0.118040046120403;-0.08661038705433186;-0.11965694580227998;-0.07502988710767507;-0.20100125108252123;0.8515679939578477;0.16697010596648032;-0.12283807097887327;0.19793976375939112;-0.04765884052178633;-0.10631260359536258;0.004871140046137109;-0.13356159917616936;-0.06882148278907817;-0.11612737867432901;-0.08201722314144204;-0.25376304638927366;0.6986398280888558;0.2099144336028975;-0.08159061603891604;0.15803216111512583;-0.03434285149273539;-0.06578030196037517;0.01873853994404827;-0.07331660609237144;-0.051079649090854294;-0.06880421301181994;-0.048152871314961654;21.026336388397894;6.262712752745359;5.424820951072636;16.03833055809152;60.258420513557425;56.95778770162596;23.878363102370912;80.49790015941048;30.993285782049817;28.976710485643924;59.86160103619601;48.9764338801717;27.671655701488877;53.330989707151105;55.36726947223471;26.618578262973553;6.929704812886639;7.262470078441873;8.180118240340956
0.9774936712084856;0.3311308837792895;0.12242462409561303;-0.20149126623480282;0.2699015866083679;0.46270597953580594;-0.1332385248736474;0.14575564106008448;0.5219030490253953;-0.06498133226638202;0.017446260801189797;0.44995101345891025;-0.03649982097667527;0.25294771801041255;0.7162555911395092;-0.5781468042848203;0.17898107528195106;0.932689610922028;-0.09906708207513147;0.1558766072399767;0.15384554441421908;0.06929304110612948;0.08660860379433914;-0.11617131007201296;0.08027688787156495;0.00037759095359758866;0.8753191530723432;-0.48354548668123;0.26322826056931403;0.8794441426869358;-0.09406182482421775;0.17512295805937744;0.021302904076791005;0.10985407372245377;0.07668662177220825;-0.1882623286011114;0.09609084067158652;-0.16272874937330245;1.0013807576625424;-0.3758309003221187;0.29068862708786297;0.7446029081702156;-0.061255865123410816;0.16436531319309305;-0.023070651429088214;0.12685989136867415;0.07166377872477146;-0.16402218407085567;0.09917251112482836;-0.2483195791329185;1.0830553471585114;-0.27630536736752076;0.24875625951747948;0.49464581013386777;-0.06200673931756562;0.15105420565548963;0.0220714986843121;0.049002515086194624;0.07141643248071747;-0.09794134688007285;0.05585864100676309;39.60870590306699;16.06766927704682;13.496398982273341;32.28481012747535;41.40273347543215;88.20725465434089;27.92142608125193;73.49028470565487;64.69285879951107;33.727157900526684;82.16519733357033;48.824953424489784;39.66096699473032;59.411633703147245;57.92494330891985;42.09445232023098;18.24489362514169;12.013647064809325;7.270482233794522;0.9399855496395764;-0.06138722606234622;0.34263386719417277;-0.16929817757849988;-0.0749688260574069;0.37295986855579083;-0.022796839335282898;-0.08770547903607913;0.2972590584067155;0.00200573183200121;-0.054093919600460776;0.28142786568938805;0.014409165320252968;-0.04870979544818575;1.1067636299807906;0.02218366192403576;-0.10885279652057654;0.34547573674236093;-0.0322025554653928;-0.11609669072049078;0.03231643571373379;-0.06154406140873284;-0.08790221426445098;-0.09006989684253307;-0.035913393979346654;-0.13619228025537797;0.9854907211532442;0.10129018372823359;-0.14956985382333265;0.28099975939429145;-0.04612688944724945;-0.12763169812513955;-0.05057272613987033;-0.11936531764784915;-0.08522987969656978;-0.12524061850633378;-0.07592785566166604;-0.21068603711728423;0.85018095437044;0.15915671566768078;-0.13020944195492287;0.20148677689348485;-0.052597857511490806;-0.10755638492826065;-0.004980368560920188;-0.1348987690473748;-0.06446865652020821;-0.12440204712052258;-0.08226006199128584;-0.262218120195327;0.697378250623922;0.20585309206992633;-0.0865742328431538;0.16176045541325845;-0.03904420554189898;-0.06709555680853184;0.010817404628579906;-0.07457219747545285;-0.04721944488096871;-0.07971979868816616;-0.04839636334419213;22.537084487875994;6.3362777302139115;6.095317828867974;16.19740454176201;58.40013478032635;57.541735979925434;24.52992471654095;79.77742060644078;31.534072769777936;29.4641484813985;61.699844791037215;48.31389998389271;28.457714172904964;56.41170139636081;55.887598366797086;28.07092750300365;7.089221905368298;7.481996366196022;8.304498112296343
0.9918182610293174;0.32779124478919885;0.1430236413321728;-0.1924295359701494;0.27433733145342504;0.4845931453532255;-0.11774715254705537;0.1472382398659133;0.5238602127677511;-0.050774336367003355;0.022012160142813163;0.42506644163820256;-0.02344394388858063;0.2735170252535341;0.7468467245624991;-0.5275064420335612;0.17514123057326902;0.8820724230911078;-0.08068352132000745;0.1466109551862391;0.1876618333961588;0.06981575285039657;0.09328943111056948;-0.07208510272338539;0.07629069625782021;0.028445495616840327;0.9008803835080479;-0.4331343768272206;0.26178896104058796;0.8485719133662679;-0.0781336697612103;0.16678050829870236;0.054966951255253;0.0972374267964997;0.08091815756887616;-0.15420275183382604;0.08435437788216739;-0.12220267855178978;1.0302281032339649;-0.32577855612629836;0.2900819779004483;0.7069270842581106;-0.05122072175460146;0.15728589396841375;0.022721372372395656;0.10473230714444783;0.07214388166436447;-0.13079924218906822;0.08204361269018788;-0.19365350177217666;1.1189397737933848;-0.22617380903239262;0.2541584084883003;0.4640305473556161;-0.05989980388144359;0.14398481441744176;0.04043775650047331;0.03440034143951695;0.06966217929564099;-0.07362755925212278;0.04422055259921646;38.10360323911404;15.166310993991752;12.883969993366081;29.60311900312252;34.084960275390436;80.95944269480002;25.331334498138016;62.47099963348491;70.09801795971909;31.569134749574445;67.26845228332803;58.45840461171326;38.34166370764409;49.28604626720513;59.65303139070539;39.754021251750835;17.725003912830406;11.454032254948165;6.841140124468773;0.937736531676476;-0.06668760029648595;0.3282421113465926;-0.18009313090498025;-0.08086233638673752;0.3736821059630375;-0.027253385143991803;-0.09198350200212119;0.2985666891795099;0.00042193050064296957;-0.05519189939640334;0.28921000482386716;0.013356967701399772;-0.05742980186587177;1.1057410038394095;0.005172071451126088;-0.11603912383228207;0.3518535600215506;-0.03609366123652731;-0.122286195085469;0.036105206371190725;-0.06352051654843975;-0.09109064672798513;-0.09228595312767565;-0.03698043138054479;-0.14544309430291427;0.9853727917983676;0.08880747436496857;-0.1588300411950859;0.2810678117049934;-0.049881095045012834;-0.13123521558398113;-0.05434251920085052;-0.12071916782023684;-0.08377005010027322;-0.13103399959514417;-0.07684635897018717;-0.2207361055773585;0.8485334413762302;0.15097080406681151;-0.13786596881919624;0.2051381770772569;-0.05773612859563549;-0.10882804436145767;-0.015252944178684606;-0.1362613546830318;-0.05991402067463646;-0.13300196075236265;-0.08249385890349664;-0.27097358518273096;0.695897707074278;0.20156900418657936;-0.09175098168266442;0.16561029984775855;-0.043937831970547805;-0.06845132006074926;0.0025542045027697035;-0.07586397219516007;-0.04318262386586447;-0.09108438669252876;-0.04863884843720804;24.198395487550535;6.4311026999190215;6.800891104611148;16.33269554166308;56.60524056249234;58.07943888950898;25.18090028747797;79.02640598251526;32.10780915558063;29.887250274044696;63.619643588724415;47.57783574608772;29.186013872914366;59.653794306876044;55.90310368467547;29.676005525354;7.2548430979924605;7.710358812148402;8.435135400173076
0.996698325818922;0.32395823054139083;0.15439558195898076;-0.1805951232228892;0.2652067120867056;0.48572451504078024;-0.10786821428266322;0.1426883673908384;0.5224161777826294;-0.04400170035563399;0.022698382183498334;0.4154778250580638;-0.017725566287731108;0.2729753051590748;0.7643751721047214;-0.4923516387519003;0.17463410075130564;0.8526347605398381;-0.07155170828360728;0.14207405123550862;0.1885810243609343;0.06853456941633775;0.08973849162681807;-0.05802909869457444;0.07351158935609378;0.037126720834167834;0.9149993047786935;-0.40174354861604095;0.2593564090350184;0.8265668768678919;-0.07203588784715523;0.16103170514732534;0.049305812049545615;0.09255595481590921;0.0774611295125197;-0.15095326344856216;0.08120234138382244;-0.10635852929265166;1.0385928097635808;-0.2980381096426863;0.2855316653019559;0.6811728939059584;-0.04424781826318681;0.14948152008950094;0.017219631401241768;0.10038787852001951;0.06576734101716811;-0.13180326540208373;0.07863568916907067;-0.17334427275244196;1.1198495387399474;-0.2018230810712968;0.24832062203549088;0.44124212301182913;-0.05211827233299681;0.13714909980962023;0.031025767440063256;0.03438924495251784;0.0635372310995183;-0.07713957205686313;0.04310984052212268;37.215195490427476;14.68575242045486;12.324555011017376;27.605576519336314;32.686684408331224;77.60626201483409;23.879830530092175;62.995249216616656;69.68980309145641;30.767972063308697;68.07751418144733;59.22187188086953;38.010476415813955;51.41361881631502;60.31206210675534;39.24440212558123;17.10208387397186;10.912860227925226;6.503696557300562;0.9380696463687552;-0.07345267990627469;0.3189974665697552;-0.18419379228260474;-0.08568098734160183;0.3714257796910254;-0.027701281648819825;-0.09399777346082813;0.29912644755425316;0.0018544670573610454;-0.05585105334699549;0.28652369761148094;0.015767417983446753;-0.06437272264815704;1.1032756175099145;-0.0016402400457816379;-0.11672527275126644;0.3536902265498206;-0.03568863986190751;-0.12516314004381218;0.036918582275487125;-0.06148931506946718;-0.09260402766448211;-0.09241161472518906;-0.035482841795279996;-0.15096402942924028;0.9848643607594338;0.08515898498924963;-0.16171940817922242;0.2746953193189718;-0.049245675513379446;-0.13289550517191753;-0.05818677030536469;-0.11629214561423049;-0.08359466491400035;-0.13283643277394303;-0.07344590604379102;-0.22524538045248935;0.8484792441706008;0.15033310290801896;-0.14031415743173697;0.20240249369866622;-0.057817531740472286;-0.1105905305718189;-0.02255098666142645;-0.13159575786812658;-0.05969792929204212;-0.13402032826324747;-0.07898381714749739;-0.27423524282382966;0.6968038295552517;0.20356071742598067;-0.09354800727696452;0.16122929051066054;-0.045279091921134135;-0.06845981126222295;-0.006115778005401134;-0.07379036818488398;-0.041027892350597533;-0.09660843087506961;-0.04622515531266645;25.20952912265523;6.326408388824322;6.977239104424012;15.845833009272287;56.40917983239379;58.004951133267674;25.651177919406816;79.20246384413822;31.810601810343876;30.2432229246446;64.96200153950365;46.1336520115594;30.10007689927489;63.074988767202306;53.92267211067792;30.688289620610703;7.31638828824162;7.782784762967644;8.475180659689082
0.9958300210888285;0.3201168639705364;0.1611545838846518;-0.1672447052660643;0.24888480703673763;0.4761946203676344;-0.10094530523050885;0.13495703302035195;0.5196389264051455;-0.041155184468839506;0.021332042967798157;0.4143665838862325;-0.015873209698550324;0.26133993000640016;0.775942633530093;-0.4654107415349408;0.176085355868077;0.8349325939359317;-0.06731037984921731;0.14014433384399266;0.17200723093490983;0.06632922179205845;0.08071148996748422;-0.05994275799127793;0.07140714527126511;0.03556602125535584;0.9241203003409573;-0.3804428059903386;0.2566063346371626;0.8097764089018014;-0.07119282477783745;0.15673946410615203;0.022440843013080834;0.09215465170366878;0.06988553432920891;-0.16437264419109213;0.08269486179886898;-0.10362422725398629;1.0371201501308758;-0.28211811038487966;0.2790661433973886;0.6620664491081516;-0.038845818735769345;0.14130137225030434;-0.015953749600422625;0.10563502295104156;0.055657599136532405;-0.1513687342936923;0.08262855990658671;-0.1713391856655948;1.1030780645918425;-0.1911215181135195;0.2365831595924318;0.42271044499916877;-0.04120150151586298;0.13045775505130353;0.006538545191875359;0.042261605324300115;0.05501853242488719;-0.09575831704995974;0.047686187799864235;36.72925670332961;14.351652344063856;11.797436424516064;25.89358266398468;34.25810044840436;78.41027085327322;23.02279809746897;70.61624501475112;65.61807902614349;30.608641876008292;78.79556614898783;53.69095919807606;38.04374351495276;61.46171610206906;58.75301648694785;39.70993151653033;16.413643747282727;10.394919023260458;6.227480889232784;0.9399743649906052;-0.081098558283703;0.31311493499364734;-0.1840411428647448;-0.08978912479835999;0.3673366860273552;-0.025610279400832228;-0.09457178032966868;0.29923662481482505;0.0051855722358767654;-0.056232454062711906;0.27725793733883874;0.020352591529230087;-0.07014171223459569;1.1000208210177196;-0.0019413972567706428;-0.1133016215128879;0.35267075515705876;-0.032570212485105936;-0.12593192280171184;0.035845222853387156;-0.05694265197123995;-0.09305369488905066;-0.0912215551147251;-0.0323767260157062;-0.15409411997725786;0.9842060345717362;0.08714059731842974;-0.16056771322381796;0.2643215772878041;-0.04584076075069741;-0.13332494747456983;-0.062053272236188596;-0.10825113356007986;-0.08424180333246721;-0.13211042350900373;-0.06734486181759117;-0.22623231278009956;0.8495146431274659;0.15449366040824147;-0.13945874309433806;0.19566379489478825;-0.05470213361082384;-0.11266031167198594;-0.027910191029253843;-0.12316292966557696;-0.062236050109295435;-0.1302432645866398;-0.07313869760860432;-0.2740188155037375;0.6992798719943021;0.20952934121757255;-0.0931998928245129;0.15168703783361928;-0.044364937777501244;-0.06762172886825235;-0.014975314167655235;-0.0696094465032734;-0.04008569039526447;-0.09840013803905288;-0.04215323580643544;25.77614459536796;6.139137117515564;6.844499347029752;14.976057963746593;57.195603082354225;57.53006956624689;26.046792398917844;79.94475351679384;30.908432803604978;30.604430206819075;65.96195981583318;44.135328314436784;31.24299146580351;66.7255634083879;50.64020414391255;31.30434678611151;7.31460427224595;7.7595222275594065;8.4596365054584
0.9949617163587348;0.31626618211093904;0.16756232296285556;-0.15434167261297224;0.23308732292318832;0.46680299259793745;-0.09424717257744511;0.1274654443487567;0.5167086730487335;-0.038401268710342454;0.020009351633548188;0.41308934679886133;-0.014086648407490129;0.25003580809431786;0.7866551065304098;-0.4393077405457627;0.17738938410331814;0.8175124460412132;-0.0632039867711719;0.13822042581304742;0.15600691793459426;0.0641781353124252;0.07200342150387591;-0.06174969971664987;0.06935036227165751;0.03404949443318295;0.9324086419087594;-0.3597982162583737;0.2538356693458691;0.7932443785836948;-0.0703472417822899;0.15253880109686876;-0.0033644403770184167;0.09172257764292545;0.06257650086676426;-0.17717358735041405;0.08408590778293931;-0.10094634714935635;1.0351798433158121;-0.2666896419464368;0.27271676231190567;0.6433857431685271;-0.03363947552807725;0.13337564389104561;-0.047796449892451624;0.11061935787271217;0.04592267341517078;-0.17007732802563486;0.08642030382404588;-0.16932708079415268;1.0864154140408957;-0.18074961572608642;0.22519358507490633;0.40470306879735835;-0.03069905893151623;0.12396697630284813;-0.016975718637078988;0.04979865525101225;0.046811541220362275;-0.11358615511846913;0.05205587972371061;36.33285115078245;13.977701747201122;11.279944147523802;24.25055990141945;36.00837108534338;79.27299574217066;22.252935341548962;78.52634765950576;60.84425070365768;30.468407500185027;89.1338236181932;47.53324815983321;38.084073456369865;71.80539257923728;54.9329785209571;40.12160369878471;15.725768605711389;9.906290545988691;5.984771992158857;0.9418790836124552;-0.08884148023508888;0.3071523215102204;-0.18388387660294253;-0.09394873690258744;0.3631897652806697;-0.02349204790714686;-0.09515179569289733;0.299343898875359;0.008559391778221527;-0.05661794247811414;0.2678691538883344;0.024996369496999935;-0.07598379423317532;1.0967083404698186;-0.0022463949189792756;-0.10983235716396737;0.3516330986956545;-0.029411257787898635;-0.12670876344054285;0.03475755845354355;-0.052336763636554304;-0.09350779533061462;-0.09001489230275365;-0.0292302438547775;-0.15726219379702688;0.983525048282237;0.08914640656565914;-0.1593989070977476;0.253810766361717;-0.042391447122567726;-0.13375798201923317;-0.06596854519534595;-0.10010526968283485;-0.08489603872357011;-0.13137318183795418;-0.061164475670285885;-0.22722865769970918;0.8505510822818582;0.1587054321191758;-0.13859032804979107;0.18883571142755654;-0.051545927673328565;-0.11475505395814192;-0.03333783344481392;-0.11462000142460754;-0.06480587580152745;-0.12641580359917295;-0.06721743997551434;-0.273795653568121;0.7017776283245171;0.21557161020446258;-0.09284596169717967;0.14202002252776688;-0.0434384007499074;-0.06677190512544773;-0.02394843802315989;-0.06537381485820896;-0.039130807028524756;-0.1002134402301958;-0.03802840274467318;26.365074485052713;6.021120443695647;6.761610219172048;14.08869093306607;58.02477145277743;56.995553469410076;26.48962662103189;80.66325737049344;29.92779706452308;30.99121376521093;67.00085814043204;41.94438543007035;32.515157143743984;70.50681959385071;47.05793781897792;31.961053520355513;7.316262284824402;7.740108661591996;8.446908940895193
0.9943587384040782;0.3160360563301714;0.1710418127309957;-0.14815132391925062;0.22736650892331356;0.46599713392049824;-0.09142467724495011;0.12396481468429939;0.5182203193392432;-0.03765144342933325;0.02096779932457521;0.41278777562245567;-0.01395715518770234;0.24712615279510447;0.7898750550182752;-0.4277685616293697;0.17423413787163103;0.8124957552460929;-0.06232414628253353;0.13684438880339095;0.1544392370561613;0.06226910010684793;0.06966495928655264;-0.05848029752145898;0.06791615278938748;0.034812580405690505;0.9356425616500752;-0.35122796169209314;0.24894076421622843;0.7885479889601323;-0.06852477042702103;0.15104563931891077;-0.010143589340683833;0.0914848169461256;0.061022750486229065;-0.17922974558806176;0.08394822563691325;-0.0991374421301623;1.0373141986200063;-0.26115265202190946;0.2668330961505939;0.6394246540869413;-0.030631048272174638;0.13017002235569936;-0.058151380481462796;0.11226800229904288;0.04326797193212637;-0.175524746299906;0.08708707934040341;-0.1675946851860181;1.0857841702023738;-0.17824673638219188;0.2189048914874239;0.39880530486837235;-0.026076707827478368;0.1206342684912547;-0.026624063571237457;0.05244321945132192;0.04395165532632978;-0.11989973201951531;0.053162187419303106;36.21804453918208;13.806585643285487;10.739109846817762;23.585382264182396;35.924287851323754;78.85146271384077;21.776258516732714;80.8519922945958;59.27805949919433;30.061797419435845;92.68180762761189;45.29258213372501;37.75772594672687;76.35977806391863;52.57378180562816;40.20295946694148;15.470536342310222;9.725466863504064;5.839297068703913;0.9431021433552296;-0.09195715635065349;0.3008328844144455;-0.18459801559225997;-0.09465984766105182;0.3597747502973534;-0.023070926907635077;-0.0963687490092087;0.29809508831243037;0.010356757221459543;-0.06003376321171968;0.2609794727188343;0.027930844645717313;-0.07488381604927362;1.093694455201223;-0.006679556655697388;-0.10759225283599227;0.352906394335408;-0.02718514968467772;-0.12791666522519587;0.03179692845590141;-0.04797712289654146;-0.09243581848239457;-0.09143313953034284;-0.026052928227577685;-0.15544268629095775;0.9840017566022731;0.08705236517345119;-0.15699762107933407;0.25357259589752323;-0.03967399829879967;-0.13252833368492953;-0.07017197241361392;-0.09364599340665057;-0.08123028794152296;-0.13279317442838345;-0.05640547180565112;-0.22504478396832794;0.8529096257063117;0.15911943189879107;-0.1369765831027975;0.18771405893789547;-0.049188848743297424;-0.11415363915807057;-0.039808127111746305;-0.1087707352102527;-0.061856356944745915;-0.1257582194583038;-0.06316360214138729;-0.2708982717203524;0.7062645617231735;0.21838394908886383;-0.09310879194750483;0.1402458305732618;-0.04268314257451537;-0.06560370070772217;-0.03204749274444258;-0.06277678482177725;-0.03549480149039888;-0.10351272471800667;-0.03550502796141832;26.94108850521666;6.299371090646478;6.4009880747861345;13.586767676548904;59.5622669619395;56.865906980416455;25.979032810098527;82.73329017215444;29.941507773166705;30.68068384940801;69.52145206193981;40.75316584610667;32.78487421916906;75.12342033747832;44.69435613659082;32.52489924242063;7.354726103014235;7.774294939143242;8.426556311378125
0.9938856450616104;0.3175687906047283;0.17318890175133195;-0.14511083594925445;0.22640888040402937;0.4693280770690808;-0.09042881364572526;0.12234382859260581;0.5219308061094905;-0.03785154397401846;0.023021605557686932;0.41300653992552216;-0.014615288730512297;0.24821060774087864;0.7896826893324637;-0.42309680153001306;0.16895665189153092;0.8134387661486009;-0.06297704246962224;0.13573523731429393;0.15973215638905353;0.060465822196895586;0.07033881579713647;-0.05277775312108941;0.0667737375937791;0.03667044594378298;0.9366431639584213;-0.34836024716411323;0.24302662332772795;0.7895412609244065;-0.06623099388170639;0.15084577805938698;-0.007954605443891044;0.09135033680222557;0.06219584973597379;-0.17622953374652664;0.08309552218349874;-0.09773828900088746;1.0415543254241177;-0.26029757147368343;0.26115316072568595;0.6425080094142082;-0.028642008819893264;0.1291939864876904;-0.05841039863186839;0.11236477286679789;0.04395616598261465;-0.17475274614624967;0.08628901344042306;-0.1660029059492765;1.0929168393861282;-0.1794823490431659;0.2150100500316122;0.398659243398519;-0.024206112130561844;0.11878683768162816;-0.029784307316819775;0.05279750521101974;0.04360985829544441;-0.12082357864591342;0.052737197862150455;36.21435860926368;13.748949757128091;10.188603348695278;23.3834227648386;34.91116413270429;77.64382677285413;21.42053730281647;80.42747500094265;59.40746904253816;29.524271545596182;93.19913625385699;44.9457657785634;37.251183508254954;78.18221756900604;51.35933673913352;40.13985992125901;15.426029226172028;9.686540417011962;5.732086609574406;0.9439915126930006;-0.09277920367311489;0.2943062094527305;-0.1857433869075564;-0.09365534070546473;0.3567027019933777;-0.02349206442697136;-0.09790431350482172;0.2961595786064967;0.011375804369853146;-0.06496748828288042;0.25530243537112096;0.030024402017734698;-0.07032438931714305;1.0907903784725683;-0.013181708355894214;-0.1059531001706835;0.3553246897824544;-0.02541470425867263;-0.12933990674189594;0.027893392851641875;-0.0437236156744441;-0.0905985024692621;-0.0941598458152923;-0.022848568966330394;-0.1511315077534091;0.9850306318907477;0.0829091165137796;-0.15397077719122923;0.2584377079922943;-0.037310194521025596;-0.13046380046830955;-0.0745315350905164;-0.08800095376906637;-0.07540050614138076;-0.1352878927001373;-0.052335629771318726;-0.22126534231357187;0.8559120529984342;0.1576413526891993;-0.1349828904074584;0.18942262342791868;-0.04721988299712191;-0.11220583936004014;-0.04681857521388188;-0.10423845445690373;-0.05614911046437075;-0.1266721228877269;-0.06002310427272538;-0.26665339502614105;0.7117384302433679;0.21959350533741792;-0.09367696748005595;0.14238855377181303;-0.04200937047420093;-0.06427134919403762;-0.03973898337130898;-0.06098432447931003;-0.030511390057213886;-0.10756006642821121;-0.033768704851860905;27.525375659871088;6.759129817007761;5.958573064037291;13.301029009123267;61.48218029510582;56.91514027398512;24.993508788602167;85.53499342298386;30.508119406997704;30.01341613654845;72.86371857375555;40.13783331578908;32.52296245355597;80.12170120808352;42.996569428981836;33.05340978474562;7.413266448598173;7.83598103383832;8.406301170904014
0.9934125517191424;0.31909135695577695;0.17532517040858384;-0.14208075199373688;0.22545225179211106;0.4726397055594376;-0.08943581716456646;0.1207278224655785;0.5256197884390199;-0.038050362537807234;0.02506685886832256;0.41321922011034384;-0.015270590323317644;0.24928757220519637;0.7894811473642883;-0.4184385056614297;0.1636982693213816;0.8143677336049536;-0.06362651840700771;0.13462883784889765;0.165001768657103;0.05866903732430473;0.07100907497049941;-0.047097486103770354;0.06563507718060671;0.03852037488634012;0.9376279387125345;-0.3454996805560017;0.23713321392952144;0.7905205883476509;-0.06394561109830647;0.15064482018321196;-0.00577432800621118;0.09121524665917409;0.06336344570560992;-0.1732391717775107;0.08224520228962795;-0.0963435333971659;1.045764269557004;-0.2594426512570327;0.25549278613991216;0.645570864063332;-0.026660610746440893;0.12822024951593547;-0.058667638718032836;0.11245973828348751;0.04464103744147506;-0.17398164996312868;0.08549307104413921;-0.16441543905697456;1.100007041481981;-0.180710729080854;0.2111281690650931;0.39850874635196365;-0.02234273718466564;0.1169453426848688;-0.03293146152432073;0.05314970035107321;0.04326888688211555;-0.12174218605736074;0.05231325361472332;36.21424146153774;13.692891926587475;9.643884626398942;23.191639433636176;33.93492626813372;76.26873606363283;21.071549092112765;80.00116740147263;59.52650846735817;28.99336708237962;93.71201064194429;44.60153128556184;36.747405989318224;80.01776786286422;50.12990417662116;40.07685392134679;15.381532337287066;9.64816233223175;5.626552168156064;0.9448808820307716;-0.09360533504852482;0.2877086348847636;-0.18689234104754426;-0.0926381169796851;0.3535891396068581;-0.023916191351763833;-0.09945032101259252;0.29419524792282564;0.012403782027699702;-0.06994408134168598;0.24956375387029622;0.03213605815127308;-0.06572048166200278;1.0878189336594646;-0.01974305914281048;-0.10429494561324903;0.3577519250046442;-0.023627057325063816;-0.13077138695339616;0.023952981050135574;-0.03942942866619622;-0.08874093841636894;-0.09690806977005603;-0.019613940355426792;-0.1467751115534364;0.9860321912981079;0.07872473786763497;-0.1509104001232274;0.26333783792198595;-0.034923298152354246;-0.128375445548102;-0.07892833790345008;-0.08230080738340445;-0.06951439187027204;-0.13780046405535903;-0.048226472634473425;-0.21744294706357956;0.8589101006842668;0.15614382127748877;-0.13296585768680005;0.19113980365782468;-0.04523107952277235;-0.11023597087772927;-0.053891633341683925;-0.09966067631942126;-0.05038737486971707;-0.12758968874978285;-0.05685153596783635;-0.26235959807832837;0.7172359880040544;0.2208059703608712;-0.0942468629684458;0.1445456336748145;-0.04132784523229961;-0.06292436783796095;-0.04749960033658842;-0.05917313307646671;-0.02548109125209384;-0.11164054940627452;-0.03201518171451511;28.13666140516526;7.233465950664391;5.649535962669736;13.04359314671456;63.45535518025538;56.915211766784275;24.019895995022758;88.40236530252444;31.119874040119843;29.339059330142142;76.32461830323577;39.56236100765585;32.269065408438344;85.04726754669268;41.33553153748655;33.61106689418003;7.475758500149272;7.900725883621068;8.391712310045978
0.9931621618847948;0.3195005797897231;0.17724440861819246;-0.14093940823962584;0.2228340417803478;0.47493575045026304;-0.08957852595998915;0.11916110363816107;0.5275846827744192;-0.03906712509141187;0.026500159521774057;0.4155769406930413;-0.016485464207928024;0.2480135912297993;0.7906914632046587;-0.4153316518990501;0.1609974458511278;0.8192583235453437;-0.0658450647735081;0.1340049403613033;0.1692288180633233;0.05655539441483099;0.0704203132909425;-0.042728868911146134;0.0647706705695131;0.03692464188812001;0.9383829841741702;-0.343618896211796;0.23319483648180625;0.7960507226817173;-0.06447352881204108;0.15055064852614333;-0.00695772685269106;0.09137380475047112;0.06287512684756147;-0.1723709312558412;0.08287185042110909;-0.09854842226834558;1.0475356751434948;-0.2593038184322137;0.25168924985282;0.6520058802939179;-0.02709156858871267;0.12886573234007934;-0.05951393298222549;0.11323980149703464;0.04509485203705854;-0.1728026234644619;0.08650238329293973;-0.16645321159532925;1.1036961331212238;-0.1824108992310738;0.20757499040887306;0.4036045639853275;-0.021255674368327843;0.11711640550995757;-0.03233855607176951;0.05428907972717847;0.04408113691821563;-0.12069971936572037;0.05314887297450874;36.28598175932945;13.50909596138959;9.25384892331908;22.91542576529975;33.13821252211015;75.46371928112919;20.802878442373995;80.70777286746598;59.07116262645031;28.635424745939012;94.26142255505444;44.065271460405455;36.178510570197886;80.37975453360548;49.77121428999616;40.03681382494865;15.354886872551415;9.604695919051622;5.536863107986899;0.9469421983896872;-0.10076406444797288;0.2784995897837823;-0.18986043555432364;-0.09733146084954121;0.35081894328501956;-0.023427475776064733;-0.10382813001238801;0.2888308103333537;0.014382896971578346;-0.07750688523541763;0.24162454380449602;0.03454643594465358;-0.07557251532648128;1.0807534580128608;-0.023562282577677948;-0.10459959687589464;0.3584976192984827;-0.02098983495088028;-0.13132652637144018;0.01779200901150945;-0.03663724292839757;-0.08959404418162265;-0.10239015103699385;-0.018068720000767795;-0.15396650337606652;0.9849758373831993;0.07821071288137697;-0.15200221489113405;0.2621290082067593;-0.03191266117213256;-0.13001133970477358;-0.0826660919318083;-0.08023968385824838;-0.0709752859887991;-0.1400923036716932;-0.04766774861397489;-0.2220468293057427;0.8626370623071239;0.15879932932725754;-0.13635074135686248;0.19017527917415242;-0.04300099621451528;-0.11199447999100988;-0.05641174718435278;-0.10056784976010046;-0.05300619057562505;-0.12772823806908964;-0.05832076967438408;-0.26614145686591856;0.7245732038411762;0.22648837541998532;-0.09790343905433435;0.14608410118422857;-0.04091599204548112;-0.06600616730321832;-0.04916017134079962;-0.061620705805677495;-0.028416779973569506;-0.11217552268951513;-0.03441498189728405;29.269770845447773;7.661010424127325;5.442173995142308;12.413373704874756;66.04129913627128;55.80348988548022;23.64999589468017;89.29255067079704;30.22623671473111;29.426353537051718;76.59421531253557;38.015799929023856;32.39820769248307;84.42942724587391;39.982700256585105;34.790979397093324;7.5279157667457;7.867516043868025;8.373079957585722
0.9930788258734984;0.31907308286990416;0.17901309419203976;-0.14120850401427154;0.21894549190442722;0.4764811365944555;-0.09057538856643366;0.11761892538909248;0.5282633678166525;-0.0407059870079489;0.027483687493265626;0.41956120548798453;-0.01812983152923215;0.2449606539793601;0.7929655124388668;-0.4133648975937759;0.16019827007222212;0.8271564442959926;-0.06925903743489606;0.13373809180045051;0.1727016835406907;0.0541875191208836;0.06888006386505587;-0.03931392320557087;0.06410555936485236;0.0327263197018639;0.9389629829090582;-0.34245803352424814;0.23069540728298513;0.8050362494204428;-0.06711990828765758;0.15053480580029155;-0.010678676740636163;0.09175353448879371;0.061137725080808614;-0.1730903365147554;0.08461283689163121;-0.10347500855640036;1.0474779386959678;-0.25970016399264456;0.24925167263935039;0.6610180080790028;-0.029339147359014012;0.13073225488671872;-0.06080881590025213;0.11453972397385409;0.04537790789791112;-0.17130678669368787;0.08887563145470809;-0.17123012625332018;1.1048460150105135;-0.18447673914777085;0.20424108304195962;0.4126787804308362;-0.020744098305067016;0.1188008431991656;-0.02892913324683239;0.05602820573736406;0.045766012738090785;-0.11817418372331846;0.05493716494182153;36.41165378660882;13.226953529271041;8.97763700374416;22.5706087616022;32.46259218712154;75.11357423158005;20.59448421679135;82.26430381138898;58.19438212735551;28.41033954330004;94.83367196634119;43.389841831834524;35.576812650277404;79.62593355177103;50.02986303994949;40.0143144161016;15.34218044274205;9.557275171195382;5.457669451800636;0.9498826128461044;-0.11267225011977991;0.2672909514495241;-0.1941599040362052;-0.10631189914658869;0.34825108435684304;-0.022245346752374176;-0.11031517414727589;0.28085656034314643;0.01707274998447434;-0.08698837591179605;0.2319996397274745;0.037168941067816375;-0.09631530773410996;1.0704098097270465;-0.025291189933987407;-0.10636842308094982;0.3579017727381606;-0.017714067671293847;-0.13119242740978346;0.00996677839302726;-0.034982865349982455;-0.09247817968430656;-0.10990428050571943;-0.01780275083406017;-0.1698422235716207;0.9821811509710245;0.08045996376758584;-0.15620303675100658;0.2562536283748365;-0.028433397742462927;-0.13443499762189157;-0.08587840056019132;-0.0809224747021664;-0.07797594405696702;-0.14218388851387673;-0.04978745734916426;-0.2329689312028004;0.8667421198997511;0.16455844017243615;-0.1437859120049658;0.18714946379401204;-0.0405871314409711;-0.11654688348819964;-0.055469574758782315;-0.10560239493686166;-0.06194642004761371;-0.1272531146700806;-0.06328504510437859;-0.27597054344190175;0.7331436241463078;0.23549216054178757;-0.10386536200045245;0.14712251602068108;-0.040701705056266524;-0.07241626675566874;-0.04619215556775822;-0.06727072946643822;-0.03736394024845193;-0.11000585815581104;-0.03994272587750771;30.79283636539022;8.080330171034358;5.36667651369903;11.484650296041075;69.11503053075043;53.71964239498671;23.746965633228033;88.62554904754599;28.277144371926017;30.107899664462206;74.51452030674024;35.83270063671924;32.806768693155576;80.09898653011082;38.60628157363632;36.44033499659723;7.571109346877901;7.762221419691749;8.34470419948071
0.992995489862202;0.3186365481589604;0.1807899374707205;-0.14147661834756597;0.2150270621586855;0.4780274088296444;-0.09157705024314691;0.11606429657557919;0.5289362210008617;-0.042354848743724686;0.028473157069578276;0.423563528957463;-0.01978467518837761;0.24188283292354856;0.7952390749859978;-0.4113771290740586;0.15939070683831147;0.8350904520288405;-0.07269414407223827;0.13346687772196286;0.17619405362048035;0.05180299216024797;0.06732832703914728;-0.0358757198240705;0.06343481757442818;0.028499708946586683;0.939528490741164;-0.34128284702807793;0.22817501789974323;0.8140652562221943;-0.06978240804562624;0.15051592314010562;-0.01442392475372787;0.09213397585282976;0.05938768844245419;-0.17381110436359357;0.0863636395474774;-0.10843202372420167;1.0473993950280251;-0.26009405546855163;0.24679318073441575;0.6700765996361794;-0.031600956655465896;0.1326085210267812;-0.06211104114665699;0.11584597415839107;0.04566194306068012;-0.16979775759387486;0.09126277678128751;-0.17603516274697417;1.1059819243768425;-0.18655258729632834;0.20088123546191494;0.421804712454091;-0.020228748442438205;0.12049405793695406;-0.025496691634711657;0.057777693111346264;0.047461092751149764;-0.11562971024498482;0.0567361633589921;36.53975020335302;12.942691270563897;8.702522073056816;22.226104035594798;31.795118973648183;74.68059135910644;20.3908778236541;83.81900233532069;57.32363404697156;28.19375248064585;95.39712421654019;42.723006468736465;34.99727575181748;78.86893299220264;50.232699448677614;39.992256571420164;15.330202996587966;9.510080846724465;5.3778314102672695;0.9528230273025218;-0.1245740353929915;0.25598914226236424;-0.1984162831131465;-0.11528184040773538;0.3455856220288002;-0.02105497086007196;-0.11678572953462596;0.2727919278051222;0.01976338323049574;-0.09646549399725005;0.22229407165055245;0.03978675388084191;-0.1170735068306141;1.059761316486796;-0.027016794674767877;-0.10811248384897654;0.35720965623154954;-0.014427119486792612;-0.1310232063923548;0.0021234334944540212;-0.03331592324794082;-0.09534344465354445;-0.11740406038052283;-0.01753152591215744;-0.18570419528985538;0.9791199815506928;0.08269228246891105;-0.16037065914065263;0.2502985511515535;-0.024939703148469772;-0.13883168012614894;-0.08907424079302279;-0.08158511444661938;-0.0849697208425988;-0.1442418298874905;-0.051898127361148884;-0.24385072167337538;0.8706250029120525;0.1702852114470234;-0.15119757486127194;0.1840679435899985;-0.03815771203732318;-0.12107731879280983;-0.05451080225480577;-0.11061883273232849;-0.07088786064623542;-0.1267432418489252;-0.0682423177264631;-0.28574573304019235;0.7415361917260008;0.24445117237553268;-0.10981147199898614;0.1481238936890599;-0.04047618034862646;-0.07881979488848447;-0.04320600069323661;-0.07291404669398549;-0.04631885676108766;-0.10780267751524669;-0.0454707826263944;32.325990625066005;8.543814334095241;5.5209003420860325;10.556956551171908;72.23933603495105;51.458165032021896;23.872256464590656;87.9078580583431;26.443769884138568;30.80967163371818;72.56221902308035;33.810422130833274;33.20897135434722;76.21359753419429;37.04854040461279;38.10450912646462;7.6166670047477;7.662142782443317;8.312149987805425
0.9927867273297244;0.3178321140912148;0.1824988533194845;-0.14104937572080242;0.21239266779859203;0.4817208134161126;-0.09092813894199968;0.11407968150429844;0.5304563102543586;-0.04197711061745104;0.02934755666663164;0.42471526700237316;-0.019520242659407484;0.23890732494037967;0.797767420241352;-0.40933674503949996;0.15715709852078846;0.8407452084649334;-0.07368421458879554;0.1333951752665397;0.17510728892282876;0.050485628112044496;0.06725144456644891;-0.03661814320173372;0.06264402470604587;0.025042750742021332;0.9402192392357385;-0.3396478217304539;0.2275459030917684;0.8183461535237584;-0.07040526816321577;0.1498748793359355;-0.020501929165141076;0.0913684417988516;0.057660469111292564;-0.17725582085861885;0.085871877358204;-0.11187432033772253;1.0468222660030488;-0.25908833377583795;0.2469616944278623;0.6722104912979725;-0.03212887210481271;0.131495574457227;-0.06768946661887634;0.1152310969004032;0.043705861212824784;-0.17244029922662432;0.09081278602375727;-0.17916582148673485;1.1057256425129467;-0.186141005656857;0.2018222500391101;0.42457267481797456;-0.020393472447009058;0.11980993504217526;-0.029047991685577507;0.05768892698243725;0.046143487007505625;-0.11821557515678323;0.056519953565996935;36.68816343776145;12.749802402936195;8.364151910626806;22.03412524898312;31.97570703321278;75.16301079561256;20.364159505356202;85.85277047135209;56.302667594296956;28.290908568216505;97.1503528138316;41.873113846480706;35.1081603444427;80.40909402059026;49.72728673991606;39.97323794746722;15.29029131997796;9.463637062378687;5.339989871477633;0.9385848790955365;-0.13533188514564007;0.24853085984532802;-0.2004966885317569;-0.12336664761560097;0.33832696435692594;-0.022757903652002694;-0.1227582915749484;0.26710085108741455;0.01903931513761092;-0.10353018524158557;0.2167994337478068;0.03946813942067263;-0.13301081708282203;1.0534449759689661;-0.03199008737262129;-0.11422413203351461;0.3575944841256014;-0.012406905519256698;-0.13381208396481048;-0.00896023625665851;-0.030486462918410843;-0.09665359065953187;-0.12472908911297535;-0.01556158728134365;-0.19819759526184516;0.9768313489451879;0.08073554948315163;-0.1660861223857251;0.24989573256867925;-0.019637594401317213;-0.14275140858659013;-0.08904416242336725;-0.07722310501393431;-0.09019119883213364;-0.1421276691351587;-0.05052501349535013;-0.2531525345230382;0.8708001029677975;0.17143303902256862;-0.15639304142664304;0.18107945086179753;-0.03263819549968531;-0.12469897812474263;-0.05238075357260631;-0.10758104528698983;-0.07737215017382601;-0.12257017132651754;-0.06812513392657565;-0.29307457229219414;0.7438718077960076;0.2483465976830254;-0.11442216138200803;0.1440773330293043;-0.03636273367744474;-0.08302252023640563;-0.042488958009203395;-0.07133092527383626;-0.05193172552580143;-0.10435560467888659;-0.04537369886216905;32.671694724655055;8.671673632976054;5.685357000755924;10.514539024633875;76.04386000249771;48.234728595384425;23.65146626850354;86.93770319435974;25.225761117333633;30.67629995934423;71.08539698027901;32.29388453812743;33.0025556745649;74.26494901670381;35.328609288180196;39.021602092039444;7.657408644496916;7.677459943383021;8.322675411620876
0.9925037334942604;0.31680891678741513;0.18416448944123692;-0.14020840801355913;0.21052566147444873;0.48668596065511743;-0.08929733007400767;0.11184152104994037;0.5324772008661756;-0.040393397817019734;0.03015217765119379;0.4241673900660017;-0.018113627986746327;0.23599615442818106;0.8004417819085646;-0.4072667247234018;0.15407724290060335;0.8450331312407269;-0.07321726239027362;0.1334419709370569;0.17129570639530503;0.049805187525545684;0.06805242404026708;-0.0398480585661973;0.06178268354457673;0.022048623416913264;0.9409810255847609;-0.3377403850517002;0.2280428543868762;0.8197925217201016;-0.06981293998464483;0.14886395135395994;-0.02796015779427563;0.08992154204443302;0.05594904638867781;-0.18231681515732534;0.08404561928143439;-0.11440991538096651;1.0459462783380407;-0.2572501348931503;0.2486930863860303;0.6702175365663462;-0.031623836079448304;0.12860440158251862;-0.07580555170416109;0.11347315544327485;0.04041886618970396;-0.17755005705845261;0.0886742967583372;-0.1812949821841414;1.1046379619126145;-0.1842487830721915;0.205321605863977;0.4235509548713664;-0.020962743757398445;0.11771126124059914;-0.03675156443901505;0.05650586391008668;0.04303419604333089;-0.12385151534069022;0.05510428876551095;36.842520177415565;12.615183151878542;7.989267934315001;21.93157729768606;32.67184675590197;76.17676325879472;20.44135571632059;88.19076107728658;55.13769743630267;28.572234474499957;99.6150065947129;40.86929164887202;35.620286499663266;83.33474409745509;48.70651325812467;39.954925271159404;15.233876399403547;9.417729733057742;5.327270447000902;0.9141799250333816;-0.1456040173289907;0.24325210928265556;-0.20130168007461932;-0.13107102115904748;0.32815339515646114;-0.026241731956811433;-0.1285439642077741;0.2627348051549482;0.016237942015966914;-0.10927205466735945;0.21374394553348203;0.0373689530682127;-0.1463395710228221;1.049624028903337;-0.03902095113431002;-0.12309172567897314;0.35863689267468424;-0.011113494494359166;-0.13844160543493997;-0.022213925609118026;-0.02690035765807959;-0.09704892050817941;-0.13208841964879053;-0.012527454391811898;-0.20889407537029225;0.9749642627257893;0.07620991853262012;-0.17284596403629404;0.252839929475856;-0.013141267085633287;-0.1464576694265965;-0.08706402072074307;-0.06974126873151588;-0.09444143882030331;-0.13745174693424642;-0.047020387762410326;-0.26167711019331763;0.8687366756881589;0.1698356008376034;-0.1603484328716293;0.17808973711134826;-0.02514578997131568;-0.12784055676648326;-0.049502110288796884;-0.09961800505712416;-0.08249553214899714;-0.11610351204179276;-0.06493922315688007;-0.299064849450806;0.7425908630344362;0.24925632794700245;-0.11831388956025855;0.13690280210809178;-0.029821175954864842;-0.08597559941842425;-0.0431293098008114;-0.06535064082524072;-0.055632336674641555;-0.10009078830034802;-0.04187554162998793;32.253577328569264;8.577188191396107;5.7582450085287045;11.008569387347123;80.03343925761881;44.613822949949025;23.27170569047208;85.71403669998477;24.280572023416216;30.110526257265786;69.66740749238312;30.89434351550568;32.54617875082789;73.05188908787747;33.40465864480836;39.50912138021361;7.6962059496540185;7.762058098748884;8.363696693990496
0.9922207396587964;0.31577991429874497;0.18583032682072373;-0.13936425712661255;0.20865291961203186;0.4916525310515518;-0.08766276131856049;0.10959834199690244;0.5344942518693152;-0.03880664588476843;0.03095767304764006;0.42361304116127646;-0.016704548762639704;0.2330772599834019;0.803109796641353;-0.40518804783211226;0.1509904790339584;0.8493166703816489;-0.07274860395338034;0.13348707723588502;0.16747583053344325;0.049123012358419565;0.06885377132373377;-0.043082556892384306;0.06091916334862996;0.01904946818537906;0.9417315822252234;-0.3358254677677553;0.22853757830573443;0.8212303446510966;-0.06921875221721127;0.14784945694407595;-0.035429815432571926;0.08847116508756471;0.054234176940665096;-0.18738340639455345;0.0822153615275809;-0.11694800969562333;1.045055083011163;-0.2554056285925688;0.250423930895872;0.6682125723485947;-0.03111758321520916;0.12570695556351552;-0.08393347422622438;0.11171093350510224;0.03712613720223139;-0.18266555196137482;0.08653125271705527;-0.1834251153286658;1.1035339631693555;-0.18235113230044472;0.20882378420164618;0.42252202150963286;-0.021532638605722035;0.11560771193328519;-0.04446683814604214;0.05532018258917592;0.039919417671676304;-0.12949473459816085;0.0536856562751474;36.990652507407766;12.484633821895336;7.616251735879901;21.828149968966326;33.38932831471631;77.13179963702224;20.519978602626455;90.54491546834576;53.9168684870154;28.855889547723745;102.07390330077564;39.823362632061176;36.13419176262907;86.27131752710669;47.559406732908236;39.93549272004805;15.177874619074238;9.372060973941801;5.314557209679345;0.8897749709712266;-0.15610707221155676;0.23780904183145368;-0.20209751650256602;-0.13894545512488257;0.317683329468241;-0.029807199402058608;-0.13445302346864704;0.25822402104540676;0.013365563609370436;-0.11513900265367816;0.21058287791957161;0.035212942797594425;-0.159974074395396;1.0455587783053442;-0.04621857472062034;-0.13215904091511385;0.35965338678109654;-0.009786780908023091;-0.14316475035176188;-0.03578933776691235;-0.02322247941849989;-0.09744001404851735;-0.1396092059573743;-0.009417142672382679;-0.2198227980536439;0.9729114859666982;0.07156240584230325;-0.1797467159336026;0.2558200169614016;-0.0064837980465266365;-0.15023376981286007;-0.08502284159343818;-0.06206600842875779;-0.09878231883426378;-0.13264146968421764;-0.04342309902723809;-0.27037310974428386;0.8664979895878938;0.16817462836292235;-0.16437777773946818;0.17500117322420544;-0.017466101321756845;-0.13104080370135626;-0.04654579364331624;-0.09144545653586746;-0.08773267338569608;-0.10946166198511431;-0.06166589102612581;-0.30515905721348274;0.7411719452901517;0.25015258865510065;-0.12228404294844435;0.12953274216946353;-0.02311497392435206;-0.088988734015888;-0.04377917006335941;-0.05921437262170331;-0.05941568342501302;-0.09570705678452829;-0.038285618318109775;31.754815653550423;8.480707731418718;5.834116901965643;11.51738581549201;83.70724249667208;41.20115705012804;22.963911005892225;84.3418775653062;23.27946520115767;29.64310503990031;68.02627534518781;29.34856120535978;32.26363315551139;71.510966716806;31.28686214714142;40.01318391072716;7.738110423337817;7.85121199201334;8.409233239790938
0.99241351142079;0.31661622392259486;0.1906763137697103;-0.14232089697987865;0.20828564027912155;0.4973135647662271;-0.08897518312214951;0.10729230780711467;0.5385952184031947;-0.03919980218690191;0.03185690335404753;0.4265075323817583;-0.01691117989802866;0.23095335391756008;0.8020394465786694;-0.41224910471802445;0.15147187303741716;0.8548201497888765;-0.07370294085515686;0.1335428898988381;0.17517475025365106;0.049719776585404364;0.07025790612214569;-0.0386389381305066;0.061855854365572775;0.01647141071174142;0.9398001039960928;-0.3413274925318767;0.22865702823637427;0.8315060936918088;-0.07038585917850541;0.15087950872653552;-0.022648603450062962;0.08910908882811931;0.05843718641129587;-0.1836375957742678;0.08310824714223536;-0.11866964695502304;1.0449119540392837;-0.25920934137348944;0.25086054931705526;0.6796505252508601;-0.032628200941105724;0.1301430727655156;-0.07235740256617457;0.11165353955718382;0.04149272980073075;-0.17997985058044105;0.08720071931725491;-0.18365038676563675;1.1064421311083168;-0.18453663169194126;0.21173731999133485;0.4299132086314933;-0.023350549832404473;0.11917280757984657;-0.03484350996262392;0.05450025197425968;0.04326147669067432;-0.12506332559394914;0.05376225004985697;36.740401040830946;12.544328270887306;7.216485990561759;22.192145089722967;32.2959716403348;75.59394311707693;20.726834009143225;86.4765950345773;56.65636453505422;28.71664078392596;98.59566566007356;42.20475509370602;36.01984668011656;82.0652595148426;50.02504479258336;39.44113845537027;15.212036902165696;9.409929916759216;5.34749300443044;0.8746548085992232;-0.1654598948631662;0.2292869993951945;-0.19647434858932186;-0.14768768684947814;0.3087119365347179;-0.03116325181553425;-0.14396369205698162;0.2512764208682742;0.01079103385094435;-0.1260009389150314;0.19592182000607858;0.032637602524628835;-0.17451789170023402;1.0386382796922757;-0.04757995362522215;-0.1482147906713308;0.35808852102432803;-0.00987873747118204;-0.14686916801103142;-0.046505755233546636;-0.021610219967509472;-0.0951631601162569;-0.14160378717266067;-0.008060364627604198;-0.2295792736911686;0.9709006698852587;0.06815604380971291;-0.1868605289994665;0.2561959081254723;-0.002010129967880646;-0.1490113083810745;-0.08584430497148221;-0.05389720572647851;-0.09544629128021108;-0.1280664700833398;-0.03863821197076826;-0.2769968168007434;0.8649825929790478;0.16320795931532558;-0.16922483788208526;0.17363498674610967;-0.01106164823889948;-0.12755893198747073;-0.05048552987009416;-0.0802567146486827;-0.08489218592282831;-0.10677922664653067;-0.05528047972793529;-0.30996630887840093;0.740908799214569;0.24337922201231046;-0.12755308564431994;0.1233032738391285;-0.016991397571322342;-0.0896476303667165;-0.043142329270905264;-0.05208110476635423;-0.05937706663789979;-0.09004199307731578;-0.033632541644746154;31.071364044833473;8.47352774735751;6.532505178450725;12.987495098319384;84.93109996258886;38.70088536762137;23.182444310126662;84.01404461640091;22.81059709017561;29.33117409696073;69.18524740371656;27.99634019383189;32.055971769550176;69.52643243243286;30.253103197682243;40.416600716349905;7.506368138768919;7.676938783633008;8.22205655741383
0.9928980082766242;0.318579971690219;0.19749510826936603;-0.14762781581769294;0.20882697506511502;0.5033885606515762;-0.09210656174642533;0.10492507111145061;0.5439559753500613;-0.040814243328100956;0.03281598179803393;0.43150850349589925;-0.01811520887592952;0.22928766193018166;0.7985808741295276;-0.4249551645359981;0.1541455878649716;0.8610284197810848;-0.07553450464567575;0.13359335114886606;0.1900131734463901;0.05110506202978353;0.07203548507115715;-0.029425784371567294;0.06390372517150297;0.014137894278495634;0.9361154376511135;-0.35140860452845263;0.22852436242241894;0.8472194104690717;-0.0726405802915501;0.1564099904112344;0.0027106405613785706;0.09103198371352468;0.06631242072161371;-0.17441221221804357;0.08568010578148777;-0.11988551106834373;1.0451340562608433;-0.2664981312598351;0.25047721031200354;0.69939025426416;-0.0353896056799402;0.13912039142995408;-0.048543019292022135;0.11263844349518057;0.05060947064336266;-0.17244517119786953;0.08960276048905136;-0.18268361047668052;1.1117422959475136;-0.1892387217810009;0.21428370305715885;0.4425051518323922;-0.025946941746782415;0.1262471616253184;-0.014456741913508623;0.05389674027752996;0.05060532618985192;-0.11437447470989488;0.05475774173978436;36.26001342352909;12.717636947654508;6.804644835565291;22.849405172085824;30.270646049130203;72.25693602685755;21.02999308060062;78.62642605430416;61.558665030059274;28.34260560388849;91.28371373443139;46.78193531191567;35.534938804349466;73.5387129674477;54.31324770088367;38.67687326040564;15.300345714160462;9.504590742389016;5.4174489315241265;0.8652278000440937;-0.17419142475899532;0.21869464097877928;-0.1866865356415855;-0.15708837443013102;0.3005832117514127;-0.031126445775632925;-0.15588572746419865;0.2426870079291583;0.008374900027382235;-0.14017957385141924;0.1737453878187832;0.0297630148178139;-0.1898171604274533;1.0298003134086937;-0.04523534098527805;-0.16892170995451203;0.3548541372855894;-0.01087645790248447;-0.149967416028861;-0.05552914528597845;-0.02129537305415991;-0.09115592375382914;-0.14009674451469667;-0.007805243321578534;-0.23870460111905908;0.9688808050794272;0.06549884696108826;-0.19419490501383355;0.2549125931540388;0.0011254617589786528;-0.1445843653446264;-0.08850044978929855;-0.04531329124231912;-0.08717248655045488;-0.12358417861891166;-0.03303706968724743;-0.28237657543945105;0.8638999413300337;0.1560705555862365;-0.1746506090690323;0.17334855206734723;-0.005392157303298586;-0.11977155596044631;-0.058870731916153475;-0.06700686710190537;-0.07686453399755627;-0.10658791752648038;-0.04683174374715579;-0.3140079008809751;0.7413709405149168;0.2316290401096956;-0.13371334287347517;0.11772373323340382;-0.011164432329183764;-0.0888121177539119;-0.041676620575674284;-0.044224309260589484;-0.05689983557018217;-0.08348955349325297;-0.028244241703538404;30.248225543295874;8.595346350675861;8.551033433859986;15.028792877644571;84.69934387359231;36.79692475857781;23.71004701188723;84.42102943372443;22.81508798838341;29.15024782096811;72.4648581220509;26.65571350317077;32.10403722356679;67.13839745940315;29.94808140985084;40.804549868592844;7.094041621495489;7.330757298556182;7.882646546531822
0.9933825051324584;0.32051932467570055;0.2043400486165157;-0.15295582487611106;0.2093468238721668;0.5094469072241198;-0.09524977509744915;0.10252759413695815;0.5492898720761012;-0.042435600111356706;0.03377812315678868;0.43649368084035023;-0.019325898764275283;0.2275817276414203;0.7949994035707246;-0.4377029976136558;0.1568201975716808;0.8671773947580047;-0.07737034830041103;0.133627887450593;0.2049377401812996;0.05249431944920612;0.07381737298530426;-0.020141162689684584;0.06595888830391303;0.011785460906184216;0.932289429936325;-0.36152112212183546;0.2283628420625976;0.8629451456376663;-0.07490305192300749;0.16196213811048235;0.0282563893323316;0.09295794084997765;0.07423758690247624;-0.16509758409796185;0.08826046080519848;-0.12109570857946703;1.0452303015010647;-0.2738081121979527;0.250060491940694;0.7191900997651984;-0.03816703810731327;0.14814687995823167;-0.024547260784801614;0.11361686327294561;0.05978720577856714;-0.16483394354850564;0.09201156839213401;-0.1816874262941234;1.116945891295587;-0.19395236997443677;0.21682270677880772;0.4551358866536944;-0.028559297497269567;0.13335823572683358;0.0060819901511295635;0.05328220744934257;0.05799710862675249;-0.10359292095331758;0.05575388799951751;35.793509025922106;12.889298161808153;6.39940654936668;23.513806804880073;28.45633777566216;68.65947014840253;21.354846942577115;71.24143321061409;65.84768968821298;27.998889668374943;83.9803278515404;51.21387789703844;35.068036666656056;65.44540381676339;57.69675295224759;37.938814492034204;15.387296097416918;9.606278073093812;5.498325337661863;0.8558007914889643;-0.1831541910294887;0.20777941911397468;-0.176601898718777;-0.16674101857210769;0.2921936435351981;-0.031085527389553058;-0.1681315640245658;0.23382934767666294;0.005889208374996091;-0.15474775138606425;0.15092098028355225;0.026803721112095547;-0.20553296276795227;1.020609514861002;-0.04281957513517276;-0.1902010549998852;0.3514927975494809;-0.011901489926938251;-0.1531390329394275;-0.06480376017380705;-0.020969472369619213;-0.0870257143996219;-0.13853303358983318;-0.007542095787251586;-0.24806601429447417;0.9667080655583427;0.0627596091168573;-0.20171880187974925;0.25356766745652604;0.004350142538694041;-0.14001724810641897;-0.0912234399612566;-0.0364807230503919;-0.07865472771785931;-0.11896220650553052;-0.027273335194293754;-0.28788156681112365;0.862701414801481;0.14871474055256453;-0.18021353069034157;0.1730368978138947;0.0004391477467221544;-0.11175085320572135;-0.06748867483898409;-0.053373495141679404;-0.06860094553047306;-0.10638066944827833;-0.0381380500193404;-0.3181335430358717;0.7417732190499718;0.21952178375462902;-0.1400356763274307;0.11197387506564817;-0.005170604766663685;-0.08794409071993904;-0.04016511178958291;-0.0361396520390275;-0.05434652991453389;-0.07674249111108378;-0.022699876388484273;29.34555140036969;8.809052012830032;11.583010635720484;17.034306657161295;84.34897289903357;35.080766198561506;24.256264431163302;84.87206376384351;23.007963986040675;29.074318706279925;76.14568003598768;25.125739975548008;32.54525274446923;64.38275347507205;29.59543449265512;41.26828869555251;6.668593128191286;6.973850745618786;7.534129518265954
0.9925967302807968;0.31907857573577336;0.20621778349006736;-0.15690110087199108;0.2086180912350454;0.5164630127586325;-0.09800368876209646;0.10076960575333282;0.5512367211305976;-0.044343815453265566;0.03441258326285366;0.4370978419320404;-0.021025403694155707;0.22063945556231765;0.7930318438255733;-0.4484434890042825;0.15589860270639685;0.8786026210751902;-0.08438472870370006;0.13689228208581286;0.20241147622801317;0.048529662412279795;0.07701907173978308;-0.02574982006796776;0.06463763566975014;0.004375744256683682;0.9286807824903945;-0.370854226206509;0.23020628724717113;0.8763374544662637;-0.08173758966861722;0.1674013611652593;0.032945237458207446;0.09168975976930721;0.07886993154233513;-0.16314808235327902;0.08879869770220157;-0.12678658769900075;1.043920412445008;-0.2819761253083829;0.2526641347952389;0.7314653572312594;-0.044063898527390816;0.15305799011465943;-0.01872474406475489;0.1134194042670355;0.06406196078323598;-0.1623820166992886;0.09375521184863117;-0.18503867117538317;1.1187245633572604;-0.2010213525263427;0.2219675141346898;0.46446238569115506;-0.03209108650299675;0.13817287145688623;0.0112727890437682;0.05289289679245615;0.06148567289418188;-0.10130187874872061;0.0564903351861466;35.842569818804805;12.762219825279807;6.110738499464594;23.754911560884384;29.112826515561732;70.88369156723137;21.720371276322197;70.12226423728097;65.88435583812918;28.165589728447046;82.26182701338871;51.75420799140775;35.2628044331295;63.44936464730306;57.93263402794879;37.836026814210655;15.39505073156857;9.602346006971226;5.511004666468688;0.8805791812048304;-0.1895625519859203;0.19506536796266463;-0.183584184727066;-0.17251183669079295;0.2854224287907104;-0.033002247504379106;-0.17418275892838372;0.2273876989970277;0.00605669645505193;-0.15854400353084286;0.14299457386174425;0.0261275534323412;-0.22211740902018084;1.0137074354092277;-0.05371905315833651;-0.2179366251979016;0.30966100450519235;-0.016169965052108527;-0.15824284777805153;-0.0772950334864205;-0.024383734491639514;-0.09199866082486975;-0.13604671418682623;-0.0101405029548324;-0.26128101807656934;0.9637072615122992;0.0547772188170996;-0.22348499635505997;0.2278269516156918;-0.0023091966416721238;-0.14551473367303758;-0.10064044487951547;-0.03785300547137022;-0.08454079808710889;-0.12425928932151892;-0.0265883350217323;-0.29909128198883594;0.8596957173371298;0.14357488014152844;-0.19670134526011834;0.15361787164625576;-0.007167776424483982;-0.1162234247461574;-0.07449995934217067;-0.054742762056113094;-0.07209009059968485;-0.10864831175425432;-0.036998040500360624;-0.32773426324097815;0.7407826238475587;0.21706834726064367;-0.14871585692759232;0.09202273958904619;-0.013112860896284795;-0.08794583251597644;-0.04927622628376411;-0.038561554083165764;-0.05498506297328223;-0.08128186356500099;-0.02270399964509337;30.829990329771686;9.312578002434282;11.950656943269028;22.758666704827398;80.651468615108;30.056062274115902;29.481272017139883;80.35038113011123;20.805391138630128;34.388967926333486;71.42912105117199;23.21843562351617;39.14587314056387;61.43802398955644;26.65203605907762;42.92313337100751;6.718745750860314;7.058961617636496;7.5769269149001435
0.9915372093978104;0.3168550257404766;0.20699316430822498;-0.16053553363422635;0.20758701962375578;0.5236355982473896;-0.10066733403727027;0.09913147791025297;0.5523767434320608;-0.046313677901801256;0.034972899644482525;0.4366912414455006;-0.02283306984564495;0.21250897395189458;0.7912990161737927;-0.45871648126341313;0.15417143313584047;0.8910848531929599;-0.09253257589210986;0.14084871417154993;0.1960587158727585;0.043383742855936665;0.08052772633630084;-0.03460652060778797;0.06257008977007836;-0.004154571549931383;0.9249798985000782;-0.37999332481771486;0.23245861032457715;0.8891395857543107;-0.08957369221978079;0.17280843982633234;0.03311195760292698;0.08971127712717863;0.08278929945197694;-0.1627703270941434;0.08888250348260332;-0.1334496263873577;1.042156191182624;-0.29031485824111725;0.25589631104862437;0.7420396066983267;-0.05064928377648403;0.15706791909291523;-0.01683090172164982;0.11295016055713457;0.06727497016428298;-0.161021293741975;0.0953463398103735;-0.18931829781330847;1.1196088249617842;-0.20859442372389905;0.22766237429627562;0.47303334692876126;-0.03582832139072543;0.14248327155085314;0.01314270862299558;0.05254404271632066;0.06412777959339419;-0.10083467924168302;0.05716463246357042;35.99601624689173;12.575627476406975;5.845666040264585;23.91388847244215;30.351941086347274;74.01985246918784;22.10488759481263;70.2665642428144;65.0966111041037;28.44397901892257;81.72523558001753;51.48764244403374;35.59388191801947;62.71170332664293;57.6133167176064;37.863548276143014;15.384085894477296;9.576861143805386;5.513118511589416;0.9127289009844176;-0.19535011918403247;0.18193236273605126;-0.19425234967109056;-0.17737606451579296;0.2789478959363;-0.0353365670533258;-0.17881880164930308;0.22143173657333182;0.006804627946385442;-0.15992886775679516;0.13831739127757336;0.025947218616304116;-0.23880423471261594;1.0070663664111312;-0.06750600984177592;-0.24698012440469908;0.25939007744921744;-0.021137866679669413;-0.16372096691005633;-0.09044841041614525;-0.02860604420184057;-0.09893662772131277;-0.133328577290624;-0.013359305127487581;-0.2752502532253602;0.9602883654144561;0.04564595654608532;-0.24827820835394374;0.19672516817014568;-0.011124177766412507;-0.1531737715350729;-0.11148287307779205;-0.04145274826927399;-0.09355531636848118;-0.1316917154588485;-0.02701262125498614;-0.3114559148053333;0.8560831959536692;0.13889531979133868;-0.21550516124072372;0.13000471620181717;-0.01770731043525778;-0.12339993571028708;-0.0811261936487664;-0.059388220524002895;-0.07813366465338131;-0.11142737503948616;-0.0375087679624124;-0.3384354480141139;0.7393020781961063;0.21668387286886448;-0.1578591595455612;0.06897073768643604;-0.024094840904659645;-0.08811635410017128;-0.06068848414882081;-0.043274901725389;-0.05630903970883034;-0.08826896224495906;-0.023920134901906;32.79342373919115;9.877664689743797;11.64031629689088;30.198454976255782;74.99303993062574;24.673516180344965;35.90333926873522;74.37183433377253;18.442181719723347;40.81713666664304;64.8017565811774;21.481416941200916;47.335588410428265;57.56666656608416;23.653895279851778;44.79798077243139;6.879868526912186;7.2423271130769065;7.707184827691915
0.9904776885148244;0.31456866900641844;0.20773616405536027;-0.16415662731471015;0.20651645278320677;0.5307464979214379;-0.10332410773788783;0.09747004166688845;0.5534267475172125;-0.04828326875054033;0.03552941160180727;0.43620839834519215;-0.02464384939959804;0.20431059576236452;0.7894241677088633;-0.4689509231242565;0.15241119893505792;0.9034631860652488;-0.10069623195688007;0.14479642316736793;0.1896477726441831;0.03821042928723115;0.08403623308386723;-0.04349168581078402;0.06048381963499564;-0.012717291584388323;0.9211064973620795;-0.38910293112763744;0.23467993179197777;0.9018393922370571;-0.09742489936037844;0.17820696240601697;0.0332736635668092;0.0877097754707777;0.08670972721871009;-0.16236327539806308;0.08895143772430023;-0.1401157140685289;1.0402069364084523;-0.29863632482741354;0.2590972821582671;0.7525280334805657;-0.05725157353024682;0.16106655954301283;-0.014926829811009764;0.11245978336038698;0.07048894992351319;-0.15962775752575084;0.09692734246872944;-0.19358216880973045;1.1203050918015403;-0.21616122860893197;0.23334041677421713;0.48155670265192246;-0.03957393834899449;0.14678604318180627;0.015017640101340362;0.05218485056625944;0.06676917853219133;-0.10034842565306978;0.05783177351106454;36.144253263146496;12.393991339994889;5.579881378334737;24.083598490286736;31.672991736162068;76.72558720311464;22.502809176021383;70.40428752138587;64.30351380475939;28.727957337038838;81.19593897466056;51.2088083269044;35.920601796006636;62.005884916658246;57.27356651002339;37.88747483037293;15.371067212300288;9.553820644843025;5.52135389809138;0.9448786207640048;-0.20108840606840378;0.1687293863574311;-0.20487789715559393;-0.18219503829406103;0.2723838367731625;-0.03766364570962787;-0.1834088742244661;0.2154036460901347;0.007551552964403965;-0.16126902876449992;0.1335939102773662;0.025759104619426116;-0.255443311267679;1.0001238364269123;-0.08129125736754828;-0.2759895579590539;0.20897838579062275;-0.02610607908235184;-0.16915860046533285;-0.10359258361771732;-0.03282552403479258;-0.10585484413430235;-0.1305681389052005;-0.016578406456200942;-0.289157609426582;0.9565857982574407;0.03648955306494042;-0.2730314528581161;0.16552575693768623;-0.019947381706445576;-0.16079822536602528;-0.12230697756431048;-0.045045116503793003;-0.10255434795169856;-0.13909550945432755;-0.02742960438343049;-0.323746055381577;0.8522170520395352;0.1341692898877427;-0.2342707544572116;0.10632306705903838;-0.02825539457564042;-0.1305498929392575;-0.08773745110993349;-0.06402244844122572;-0.08416237468861515;-0.11417765023649586;-0.03800925266243777;-0.34905213349050074;0.7376046380511491;0.21623589262374715;-0.16696844494322147;0.045868718574719185;-0.03508408878994608;-0.088261475342185;-0.07209792865768977;-0.04798179239797857;-0.05761836408083118;-0.09523947618558322;-0.025130895490827247;34.69129443037374;10.45178284382277;11.33212831515049;38.421404551159966;68.22389030452912;19.674903241746467;42.314648470353546;68.23223254922533;16.43553017114886;46.99511781317053;58.34838640660869;19.972437803231163;55.476518436651084;53.11240804737841;21.176144244627398;46.62868711644039;7.048350999232648;7.4271025902256955;7.83965308990281
0.9902030665589344;0.31679363055593146;0.2113461772878662;-0.16825069975022747;0.2039108127279726;0.5415823649819679;-0.10510560379111517;0.09438324219839239;0.5598725186623632;-0.049067697382984984;0.04136720886482115;0.43759337327312103;-0.025501209725596205;0.2000121436505494;0.7924782840963094;-0.47718174291688126;0.15120711418764107;0.9147867559058684;-0.10286357527547275;0.1481403077923603;0.19301127133832727;0.0380097164986644;0.08853516704844994;-0.042714050850861544;0.060812330167287904;-0.01825145069142474;0.9181988291222919;-0.3956991214876661;0.23466506516987784;0.919018114839479;-0.09964397774827519;0.1838943766119871;0.0457753454988606;0.08711716559798377;0.09338711918787314;-0.15166059704679982;0.08852648972499992;-0.14472413778216484;1.0366368697008328;-0.30366552773219174;0.25846989757997685;0.7701463656898809;-0.059897237372716135;0.1669701512472139;-0.0007336030973217079;0.11149887362555445;0.07705994100913068;-0.14861376045791738;0.09666499703992229;-0.19635912445318618;1.1193951619483673;-0.21972469492991015;0.2348090758410779;0.49693983141503384;-0.041729285061993276;0.15137031985086002;0.026321833615298395;0.0507769223937417;0.07155726706620767;-0.09158621447309681;0.05686442517215367;36.53920098378158;12.19885225216665;4.461713901689983;24.36502180889753;31.891487749951732;75.38420141775838;22.833508630427954;67.36959756234265;64.37131299234817;28.639210118174727;77.31501785435601;52.264311325183805;35.51566539571988;58.57429891510773;57.309451409921465;37.84960323690004;15.314500655414117;9.583523399628998;5.585712250390469;0.9472079445119148;-0.2010485512186384;0.1616022604599953;-0.21148476559706877;-0.18533250140162333;0.2658810638347574;-0.038977709774740216;-0.18632628209093066;0.21101862594625365;0.00825174405425125;-0.16360679685462703;0.13227396545870765;0.026128010049748913;-0.26707347935064824;0.996495906394838;-0.0872188508196422;-0.2886435654573542;0.1831997241270756;-0.027761123855642732;-0.17155273401993998;-0.1144531582799562;-0.03517285658986037;-0.10902251268911473;-0.1339586090822207;-0.01842289888767994;-0.30063797605505865;0.9531268425327515;0.034147172607195575;-0.28263759269004674;0.15097452262213154;-0.022160411992650668;-0.16311017621264415;-0.12970574510698252;-0.046648031527139186;-0.10491369026371522;-0.1442318417964497;-0.028226048945155083;-0.33455949753967207;0.84883992095199;0.13500586646403562;-0.23950730503939183;0.10073901289091573;-0.030806203581491665;-0.13405158759207053;-0.09337271764486872;-0.0655464593416546;-0.08704590551853476;-0.1167461647898484;-0.03851775888529146;-0.35825133254019276;0.7357759095528082;0.21990257745465647;-0.1695549282515616;0.04368876801536259;-0.038196745601737275;-0.08903504292477869;-0.07765969621979515;-0.04920250635324341;-0.057788515004855004;-0.09922911876828838;-0.025351162782666543;35.65770597443574;10.761704457062034;10.987811032961048;42.44148304684537;65.70251955327667;17.358984609508045;44.749402913372165;66.31651887930083;15.623519126453727;47.99930278825059;57.53994048454613;18.84176367077646;56.195882565087054;53.68553907975772;20.48066019497862;47.53104770404706;7.235210400428134;7.590936737661735;7.927033264941128
0.9902357225420508;0.3208531577273404;0.21615748475476515;-0.17259862520688074;0.2006491541557994;0.5540766074721116;-0.10656587361418342;0.09067711675499558;0.568572523113308;-0.04939146108064888;0.0494069200759039;0.4397435153748666;-0.025991722605364583;0.19719961456065965;0.7975441216760847;-0.4847428365593782;0.1502046297288364;0.9258665624511333;-0.10267199554137957;0.15129627461783027;0.20032913467101876;0.03979022584926975;0.09350150961203672;-0.03806691569741047;0.062109574304979424;-0.022666082492322832;0.9156240079089937;-0.40139621927108665;0.23375599232946156;0.9382562339617819;-0.09965034380899336;0.1897878023715386;0.06340383191212932;0.0870767764656357;0.10127213891562103;-0.13667490321051393;0.08789701348129056;-0.14858481815029895;1.0323558661747718;-0.30746004228628293;0.25630279312097365;0.7908901895122453;-0.06100605957360215;0.17372836176800147;0.01859374484561894;0.11033395919744787;0.08507643694439215;-0.13358121617383906;0.09566209127185367;-0.19858624587435833;1.1178225745243342;-0.2217465122425908;0.23461992870357984;0.5153062225459503;-0.04328445984544679;0.15614004685984856;0.041571871322778946;0.04892736848555643;0.07727903290744398;-0.07937879523351449;0.055228738272282314;37.02430552617174;12.003435477009011;3.0604649256622185;24.688278325582957;31.670636840051;72.63475381317849;23.14937765163959;63.341315941773296;64.16563213565193;28.42695276826806;72.25504475947861;53.29625131528463;34.85689065883341;54.30370527592359;56.716541024398694;37.793152592844265;15.241623692310013;9.63436312415475;5.67588121782939;0.9378629005546314;-0.1987067437784415;0.15678632579784002;-0.21657796720166947;-0.18783843017209684;0.2593058410089543;-0.03990593956011665;-0.18861265979726455;0.2072198075125481;0.00894256927306592;-0.16636691932208944;0.1322834410157656;0.02672224792221594;-0.2768628021006232;0.9941020931816869;-0.09010312566652237;-0.2949637207153556;0.16684907261997742;-0.028121840516867697;-0.17276484215133828;-0.1245498859634579;-0.03680726012159152;-0.11073990253591057;-0.13983322862706057;-0.019745811487288985;-0.31129973241594155;0.9496861260943025;0.03447808726944665;-0.2863487343779545;0.1428331105768276;-0.021777479642951625;-0.16333816388470213;-0.1358399160830626;-0.04748098207710482;-0.10466457161781235;-0.14853233542198552;-0.029183022666936155;-0.34492157805851675;0.8455830659488444;0.13805838410348426;-0.2394337975459727;0.10226333569376006;-0.030214459073343917;-0.13614730865050406;-0.09869347800745215;-0.06585371158008609;-0.08871646186125165;-0.11927334241680398;-0.03903504490559138;-0.3670000671132883;0.7338458152229628;0.22524561573392723;-0.16958029046330766;0.04978683347524015;-0.038222128943413265;-0.0900656871617499;-0.08097175481650008;-0.049053596395785604;-0.05750663376355949;-0.10208559208757524;-0.02518020212502614;36.304880186938455;10.974472225329743;10.610712248816009;44.77190337649313;64.86899100860776;16.057570945463493;45.692610565775794;65.9952012969937;15.208655310473855;47.06867785725711;58.83535171540804;17.838647618328505;54.12463896999846;56.27945832762657;20.370122650931624;48.11330623751242;7.429574386033049;7.747153488427247;7.996428687131005
0.9902683782743684;0.3249745511495867;0.221052018970863;-0.1770231340439722;0.1973101238388659;0.5667874149422426;-0.10804893164197031;0.08689136240843354;0.5774122977575873;-0.04971872251236281;0.057604518750356846;0.44191014379049226;-0.026490481819870917;0.19431890865380805;0.8026631949462788;-0.4924259703325037;0.14917302210079836;0.9371121962870106;-0.10247038664633845;0.15450626007257223;0.2077813343347179;0.04160396077663071;0.098561582795219;-0.03332449748606685;0.06342902735302329;-0.02716768016428299;0.9129424126165377;-0.407183089531462;0.2328146234774387;0.9578226747894495;-0.0996508238072388;0.19578769859316006;0.0813812257611153;0.08703032448974027;0.10930882101043264;-0.1213811085148168;0.08724963767928172;-0.15251378159216433;1.0279269048318693;-0.31131192858915335;0.25407685972946803;0.8120013559953084;-0.062133387086986194;0.18061131559723304;0.03830669732804483;0.10913907750385989;0.09324820332940657;-0.11823982027584097;0.0946333452973908;-0.20084594665038452;1.1161510652522189;-0.2237954033036276;0.23441283862490156;0.5340090158209069;-0.044868140559000715;0.160995790400528;0.05712454284563686;0.04703785376638001;0.083110623807057;-0.06692232400598663;0.05355698963039528;37.50049671194114;11.815161202800336;1.8490380724184554;25.012388890866234;31.46359889679701;69.97441513723396;23.48202500877807;59.613799971663425;63.230892355811314;28.242115734998325;67.43384870324597;53.591178871827104;34.233492320561446;50.34878328592018;55.188466198374925;37.74213063917756;15.16914396543925;9.686495338220233;5.772522940080023;0.9285179283674694;-0.1963019298526829;0.15187321920838806;-0.22172474059748426;-0.19036026050077964;0.25259212808497733;-0.04084387679325357;-0.19091132908323402;0.20333359142483698;0.009643289546395558;-0.16914976992850056;0.13227604980965468;0.027322549170533655;-0.28677302667806204;0.9915421143458645;-0.09302192504706808;-0.30134698104146757;0.15021552749876876;-0.028484706755517456;-0.17397410432533086;-0.13479202559155273;-0.03846306066806798;-0.1124705048195044;-0.1457837871665002;-0.021087335668535222;-0.32209190952226213;0.946068219346058;0.03480985727752796;-0.29008237426737427;0.13454315105245965;-0.02138562296374885;-0.16354878336533046;-0.14205468972814103;-0.048321142137973436;-0.10439800474701602;-0.15288248040364494;-0.030151542923021624;-0.35540496239309993;0.8421653532331326;0.14114194684441234;-0.23932831158904;0.10379887451954695;-0.029609366147233404;-0.1382590225719829;-0.10408661441044094;-0.06615740435434389;-0.09040231514181951;-0.12182558224677253;-0.03955557988689286;-0.37584146952192826;0.7317904515864432;0.23064510531797977;-0.1695842416813452;0.05597599504797895;-0.038243000858643836;-0.0911012232857967;-0.08432635247760102;-0.0488959947901378;-0.05721284732981871;-0.10497460388097252;-0.02500326856589286;36.98182618472281;11.197430786889266;10.212941084348406;47.18408838818981;63.848673590376386;14.819943012020472;46.65449684816728;65.61859438236701;14.803997398449184;46.12768748710064;60.10479667901313;16.871606195992914;52.08746496040139;58.86532585529542;20.269782283133484;48.72953893790868;7.6263410963504406;7.904289894411371;8.066076038234248
0.9905703682407714;0.3313374292566124;0.2284244383980685;-0.17885948805438853;0.1953694861007727;0.5817472686723156;-0.10752849296300356;0.0810793507264204;0.5879576697742103;-0.04829452093777863;0.06785469889428779;0.44332461378204946;-0.025090564669669694;0.19402917309956846;0.8015216366862207;-0.5000221409326167;0.15153949046686283;0.9509786780890764;-0.10225215877750386;0.15469444944377958;0.22490964347754974;0.04336554572413908;0.1008498012519819;-0.018060337280660855;0.06489473382159082;-0.03110882304408685;0.9094118137488925;-0.4147317134519153;0.23303378502315178;0.9809726303091032;-0.10078019256883582;0.19922423312650475;0.11064909402233074;0.08742309807532238;0.11527836581030099;-0.10218995194359466;0.08757107408090768;-0.15846751902240475;1.0270056353560157;-0.3185636481925965;0.2517468781862836;0.8371378651131168;-0.06322378126448248;0.18677494594902425;0.06554817089351249;0.1087330386180843;0.10046415675712762;-0.10052197883898802;0.09495782697638291;-0.20676716592652167;1.1204457730234265;-0.230848282868325;0.23109113497005918;0.5607020932250986;-0.04504826057917472;0.1653678750115393;0.08336462318381513;0.0466740825817512;0.08934767789213087;-0.05010200505860459;0.05324665012090208;37.78388141394939;11.864170453011695;1.679849337773801;25.527764784572806;29.529206649223656;64.64737397611525;23.86569958047224;53.775328334398026;63.47656733263511;28.142450165230557;61.312207502502325;54.34633657247149;33.30399394341795;44.488292562195156;53.60141372772478;37.53371564812583;15.296944414912351;9.80409367445872;5.822909517231592;0.9250082583448496;-0.18884138200446984;0.15813010774078978;-0.2223371624930102;-0.19041458496698507;0.252502537342973;-0.041669735986466346;-0.1942832094465912;0.20190532604599848;0.008331012535126758;-0.17203627915123437;0.1264919573826045;0.026327384460532496;-0.27846683884300244;0.999506887099333;-0.0894409485856982;-0.29554733990398785;0.1613025199712429;-0.030572211035276665;-0.1740571145109398;-0.13088920458878056;-0.04120462950731421;-0.11357026551804823;-0.1508029720435802;-0.02309210279886759;-0.32015685689508366;0.9466363949728918;0.03713654124697339;-0.28644570307492767;0.137772644246599;-0.02551438920634401;-0.16589591508434273;-0.14085691591024793;-0.05383778769486243;-0.10918951952753249;-0.15542210385098987;-0.03363226679650619;-0.35817126723557946;0.8398787317275945;0.14187031458167637;-0.23718437796576186;0.11109566348259092;-0.03275052415659946;-0.1404014075120103;-0.10385714444033936;-0.06928852989511136;-0.09491119975759062;-0.12404795778180369;-0.04144402296883855;-0.3817876201463902;0.7276060466049181;0.2296595652970724;-0.17022942247465245;0.06453671011304972;-0.03971792795228031;-0.0919893399530233;-0.08175673539231662;-0.04970638805920247;-0.06084224358637833;-0.10311130911024154;-0.025547719557416682;36.43799188092704;11.484146763306969;11.104848087197963;45.619587577770645;65.0670404873301;16.312849540947372;46.082596427515526;65.63944829340662;14.767308932931178;44.61614216541508;61.01395345979234;16.701023495134034;49.698784640405236;60.0234324632068;19.70771146422784;48.15569380559513;7.712093165138045;8.0118639056385;8.131391852564859
0.990986944303896;0.33881120645413576;0.23704185236465328;-0.17957777389934054;0.19399195786692877;0.5979943596795285;-0.10610172191817771;0.07423569790291826;0.5994514919494256;-0.046059695419683536;0.07923613828131289;0.4444068195761203;-0.022816942349634328;0.19486740827625115;0.7975267450770039;-0.5077135388432662;0.15545310033144222;0.966247601996542;-0.1020147357303345;0.1535376901512987;0.24668743669754611;0.045140021903671376;0.10195392142874773;0.002203300074857497;0.06645319510556656;-0.03488675009158428;0.9053647381888352;-0.4231992503683213;0.2337558841493572;1.0061547201413508;-0.10242767810419537;0.2015876790403882;0.14555786590439504;0.08801312405078882;0.12045640335936195;-0.0808409773909891;0.08832275630908028;-0.16543895991013213;1.0275473508058464;-0.32745989442728013;0.24930202226275586;0.8645560123159727;-0.06431760065389378;0.19274347914297785;0.09672245431863213;0.10865998726346532;0.10740944949907022;-0.0813527134135925;0.0958823932085182;-0.21442705872805834;1.1274014383716011;-0.2402578655627732;0.22630050170107044;0.5914864586354664;-0.044607567604182524;0.1696110919476033;0.11491337896851002;0.04697489808624986;0.09589616157738505;-0.030973245093451816;0.053528836472068485;37.98722720869572;12.020976065433603;3.3787703478600926;26.137718164253606;27.077945100522115;57.56415163634096;24.28971200471848;47.616071840473296;63.069896694575604;28.104215026985788;55.08327340141164;54.389919052728644;32.3229367339626;38.62124167658394;50.610253826188355;37.28215215463667;15.515489927256295;9.953200551915433;5.854880430506867;0.9239811709782968;-0.17920678978210333;0.16919054760678423;-0.22098850759050093;-0.18940045904769706;0.2552630020442587;-0.04244515438034069;-0.1981085696272524;0.20153393491946228;0.006152441105687336;-0.17495944515147488;0.11822217463527732;0.024645079574201267;-0.26231150299744815;1.0119746711566122;-0.08306040618749065;-0.2844960234760549;0.18432203212949821;-0.03339970159695477;-0.17365029567265167;-0.12089010790283392;-0.04440959456997029;-0.11439383992564853;-0.1554101598236838;-0.025379534731948806;-0.31272958248369265;0.9489860725153929;0.04031925608669834;-0.27962953078444164;0.14596097371025282;-0.031585941819828545;-0.16915703569040963;-0.1364615636116902;-0.06136184930107378;-0.11615264621385103;-0.15717396885601123;-0.03819055427625647;-0.3575981132649766;0.8380629145403325;0.1415788881592834;-0.2341588687914042;0.12086376317469162;-0.0375017806272864;-0.14255075003608114;-0.10120137321236047;-0.07363275692396837;-0.10062879700235104;-0.12612212862974428;-0.043918664167986426;-0.3864683016220703;0.7224921273506402;0.22591705090805872;-0.17114613375331172;0.07410667536657209;-0.04181680064220141;-0.09281049654862668;-0.07663450269729033;-0.050931835690368854;-0.06615668599544676;-0.09919918536446995;-0.02640183867001265;35.415920516725386;11.874815968006114;12.62947436820806;42.3673026425595;67.14462339940476;19.031499852644977;44.86428073040564;65.82248928936576;14.994292680843424;42.92512796460707;61.735653607890654;16.9509206696997;47.26644330911713;60.40963225527449;19.04818668030568;47.03942252208709;7.790615346456718;8.122902496242745;8.21790179349897
0.9914035203670204;0.3464955780061135;0.24591859639554758;-0.18030049809353213;0.19254805159718838;0.6147141478663992;-0.10461639186422744;0.06715788186806844;0.6112607580629728;-0.04374605787149362;0.09098522049281171;0.4454770273193361;-0.02046572390600956;0.19571240281300545;0.7933141025680334;-0.5156045697649183;0.15947934767790234;0.981917314282543;-0.10175850117132361;0.15232619734429576;0.2691584768263648;0.04696829324312496;0.10308357494198908;0.02313641849074097;0.06805602145057092;-0.038785788840615905;0.9010865965235271;-0.4319011555317462;0.23447672454791438;1.0320609415157567;-0.1041186044062932;0.20400757057973512;0.1816047360459425;0.08861319079926933;0.12579262948898196;-0.05877772546866038;0.08908978880706005;-0.17262302700980048;1.0279965284630541;-0.3366149679932093;0.24674956810777862;0.8927874124137103;-0.06544065811831018;0.1988885575074351;0.1289166591704195;0.10857284268227066;0.11457274130901147;-0.0615411555044029;0.09682721105070016;-0.2223170659554295;1.1344658160483816;-0.24995261402041768;0.22132721394198118;0.6232246809607771;-0.044147515167943206;0.17397631824274598;0.14749247740228058;0.04728060671263064;0.10265076715750741;-0.011208946184906967;0.05381459582476674;38.18983665996878;12.18766563226825;5.4719081945551835;26.76401615678896;24.868864592789638;50.2719250652066;24.741343266372187;42.251092136830934;61.11450323912874;28.10426456588276;49.54688723386424;53.122864774179774;31.441844453755472;33.773234397099635;46.267697971340894;37.06132492219988;15.740909311265357;10.107158321912003;5.890783343298938;0.922954083611744;-0.16952581980413173;0.18027753976958288;-0.2196194151187884;-0.18836931155814074;0.2580149284206695;-0.04322025715310191;-0.20193317612955597;0.20114690136344127;0.0039658294014518515;-0.17788035708933037;0.10991511800972123;0.022955149756285077;-0.24608111881308553;1.024413923979944;-0.0766516856039546;-0.27338589037819405;0.20740875160880773;-0.0362346813250552;-0.17322969570646218;-0.1108475128339876;-0.04762258227556097;-0.11521214500506946;-0.16002236171414685;-0.027673142176958824;-0.30525412795921375;0.9512763947675235;0.043510207100894226;-0.27276966713846806;0.15416748662718938;-0.037676433138499985;-0.17241749460609307;-0.1320411591896913;-0.06890779863046217;-0.12313180284724999;-0.15892075852644472;-0.042762029639663864;-0.3569975031852885;0.8361811024176002;0.14127636632113605;-0.23110613297790222;0.13065734563392295;-0.042266947394122116;-0.1446974452273661;-0.09852913031163249;-0.07798690186002603;-0.1063591828990818;-0.12819455931775073;-0.04639881443170508;-0.3911378055259272;0.7173089312015113;0.22214539453407503;-0.1720538607341146;0.08370476043871113;-0.04392002074486667;-0.09362791181448162;-0.071488940228694;-0.052157933980497145;-0.0714849641517897;-0.09526634832750715;-0.027257058856420307;34.46436791060221;12.348126448778007;14.237256960767699;39.187224332748336;69.0097218591804;21.848685772229082;43.666604861975244;65.97817869250521;15.342348539855866;41.31385864511198;62.40671676491656;17.295896160271987;44.97460005424987;60.598732749367734;18.52679488525957;45.89901499372853;7.912754683724158;8.262269604812149;8.331605067798712
0.9914575474441838;0.34154790401518054;0.24341383556212737;-0.18458836204322007;0.19021172637090614;0.607535434744039;-0.1056627563476017;0.06974999973134832;0.6064425385598647;-0.04331322329916557;0.09537173449830386;0.44254049846162224;-0.020440661931953118;0.1865223587249939;0.791233457550847;-0.5189603952068856;0.15640820283110649;0.9705212630416631;-0.10010702420454949;0.15457874408281258;0.2813786736068193;0.04465261938603944;0.10985921184450444;0.04757679108805809;0.06443493592848035;-0.04509864778155009;0.9004574383774356;-0.4325997152553646;0.23280125716337777;1.0231480339629526;-0.10101935693013536;0.2051642375488855;0.19967475066306883;0.08616816790315052;0.13154861344301647;-0.03537188844277115;0.08455235057928305;-0.17508698245338955;1.0266675905854015;-0.3347776420386319;0.24376422330360414;0.8866677523235437;-0.06387477542828317;0.20038059279194367;0.14396199040435292;0.10369398060764873;0.12143512815558405;-0.04243022269709149;0.09114032921915956;-0.22155043660617493;1.1322222659771874;-0.24572727172789066;0.21929990463750046;0.6160432204202354;-0.043676305460383404;0.17557459415888546;0.157825539566771;0.043848808805475675;0.10892214162154344;0.004825822723063868;0.049384602128976746;38.210161761057606;12.009572422907096;5.782010302977997;27.01239412952803;23.91351208388937;41.02504767044316;25.113143351727196;39.453060873169186;55.410832645990105;28.163083639388837;46.484216371141315;49.009808467391224;31.42826819663989;31.7517281925799;39.892804764968055;37.18351176562769;15.678981529600799;10.048787251232147;5.9499012153927895;0.9199220079867992;-0.16218998972416515;0.17874700615697012;-0.21868843560138784;-0.1813903289482084;0.26642232618850076;-0.04468417516716419;-0.1964836715005088;0.20903020525427898;0.0019380745647483116;-0.1714365548124422;0.12735794635586276;0.02147248268465839;-0.22910346094226958;1.024862877864611;-0.08312726439331075;-0.2584040457163733;0.2399535682764097;-0.04136622929058144;-0.1743324056360961;-0.10224619316428281;-0.04974863172831411;-0.11682473778809414;-0.16242441482251452;-0.028393156082309485;-0.2937842120128072;0.9552632223090614;0.03410297458760086;-0.2676569298287154;0.17702898335180164;-0.0463416399447107;-0.17497665464738266;-0.134004245637402;-0.07434238120605029;-0.12230188388738626;-0.16525715955404963;-0.04513667320778092;-0.3497595643188764;0.8457734481582504;0.12943522053267004;-0.22815835469421236;0.14869385025892973;-0.05061316717227964;-0.14568835338475372;-0.10364330097955073;-0.0825408678622555;-0.10328085065663792;-0.13638505698903738;-0.047942636359653165;-0.3874498741229868;0.7294964243317164;0.20841242015739414;-0.16931138828664058;0.0989501704142918;-0.05070079239172483;-0.09328424902765634;-0.07250223228397698;-0.05583146517017726;-0.06891479013264167;-0.10046943192162355;-0.029154736157840238;35.000169814238234;12.194295027723202;11.471858517595344;34.414882263625934;72.21539423629643;24.125844718153157;40.60503600798258;69.3821282802266;16.670824367960055;38.989828851852415;66.20702460805464;18.706702128419817;42.50156653034999;64.36635990983977;20.425764020879893;45.95670753752401;7.883955162274087;8.109441438996027;8.155780609192341
0.9914005058833512;0.3328228295931385;0.23746238722514573;-0.18986901531144168;0.18765003852025716;0.5931611545908184;-0.10746062475221473;0.07525300582687192;0.5966093856591685;-0.043467328652359145;0.09739228687609454;0.43842894952287914;-0.021130627127115546;0.17445431960422458;0.7898363097284973;-0.5208324604297447;0.15122226413351278;0.9510440040405073;-0.09806214530355727;0.1578404631301155;0.2901607858566315;0.04111532941513493;0.11821194144533631;0.07253299492005653;0.059289774632891167;-0.05200739783291929;0.9009420187096275;-0.43081168681231213;0.2304219787336642;1.0037125860768317;-0.09651646447728368;0.20590103068047347;0.21179979912371655;0.08284121171231215;0.13729824946048458;-0.012089749283734007;0.07848661214728665;-0.1760393084362802;1.0247972879523222;-0.32959564666371477;0.24070832849713242;0.8701086737874493;-0.06151679599505858;0.20040329585620031;0.15338764002373476;0.09745177961594266;0.12804452253360676;-0.023972226383334422;0.08354343611329927;-0.21813526818306844;1.127141408731377;-0.23731442837595254;0.21821917380677086;0.5970492047392502;-0.04321140334307389;0.17628141270976633;0.1610800956447532;0.039345953568965995;0.11489835890641314;0.019346143510603188;0.04360565613502109;38.18272233362362;11.742142047099572;5.517073002485985;27.150691999283428;23.359201034767317;32.92458593902366;25.460319873675164;37.414184126792215;48.54929340569467;28.236436078808907;44.1295068464687;43.982348086004265;31.684637088968934;30.441576440338768;33.57044930906841;37.40297866313189;15.534981581880658;9.936558263083024;6.022321134527754;0.9162756944969572;-0.15552997374510505;0.1732899573211562;-0.21782653756924178;-0.17253520313243376;0.2764799566328783;-0.04634510120324758;-0.1881312992437918;0.2193841743778122;-4.016064076209307e-05;-0.16207028794718362;0.15265598338463277;0.020047938277829296;-0.21183840216212865;1.0213210898895884;-0.09352892758904674;-0.24216544251208455;0.27530810278610296;-0.047186947021608174;-0.17584940308555053;-0.09406213673585229;-0.05152457138885762;-0.1186448380333397;-0.16409733139067448;-0.028621032727511257;-0.28100685670243275;0.9594798102556044;0.020824029343232464;-0.26300310786369246;0.20432101065030128;-0.05577757642204147;-0.17726599809639912;-0.13788529420173545;-0.07910275075852445;-0.11903821475251085;-0.17294848743583843;-0.046821700903538224;-0.3403831417968664;0.8586266379468017;0.11402046317841026;-0.22517584944187785;0.1692041317839586;-0.06003798041014572;-0.14627979487334283;-0.11111321889463315;-0.08712825509181955;-0.09746910501699975;-0.1464072100305162;-0.049183514350423854;-0.38108167070239757;0.746788382601891;0.19156746347495673;-0.1653989973040085;0.11588937364368636;-0.05889778513076122;-0.09255619771178003;-0.07538371959500019;-0.06023707425790082;-0.06390069411781535;-0.10844345815164799;-0.031362391953389634;36.0676685608555;11.818477874896077;7.978233835981676;29.51957324286482;75.45753262617224;26.267752598026462;37.2525690489566;73.48129839237103;18.215549197369327;36.63061070264206;70.68267956972907;20.361818694966537;40.14815222470575;68.91257614486011;22.89120585421635;46.39307679830613;7.815040117928775;7.879319898891961;7.899046331563223
0.9913434643225184;0.32424634138853164;0.2316117717022095;-0.19504028483626312;0.18512750427296695;0.5790294357378909;-0.10921912316768273;0.08064811848222582;0.5869326755771427;-0.043616356183561224;0.09936975525758089;0.434373418859969;-0.021806483187067793;0.1626060108557831;0.7884263346841909;-0.5226431988054471;0.14612695773758588;0.9318880934814018;-0.09605109294287809;0.16103260196163502;0.2987622580254348;0.03764294326218826;0.12640070680443022;0.0970132622030228;0.05423904469518416;-0.05878280457576777;0.9013726334391292;-0.4290360795704906;0.2280762749664298;0.9845950766522515;-0.09209399667985156;0.20661364172852342;0.22368483392598495;0.07957310390122727;0.14293223937992586;0.010752344675904711;0.07253177379884451;-0.1769648577875684;1.0229114310898044;-0.32449534034781774;0.23769830281183443;0.8538197371935695;-0.059200385968776685;0.20041560531094654;0.16262727001098298;0.09132287556690373;0.13452245880129168;-0.005862380985283076;0.07608617086317757;-0.21477389094324767;1.122100672904878;-0.22904901045813744;0.21714804756661787;0.578384991854013;-0.04275315169034361;0.17696608915536244;0.16426504600348826;0.03492636476454563;0.12075575544134534;0.033590685510316916;0.03793391654458809;38.16438858401459;11.497736213682913;5.244936573260409;27.298178250619525;22.866779628528697;26.62816910109825;25.812953683797005;35.499784310715405;41.76992968956757;28.313980202134584;41.87176418896981;38.89411232428961;31.967344447158894;29.15471755609084;27.987465854530413;37.62083791591578;15.39928624319106;9.837793087128523;6.102243498032998;0.9126293810071155;-0.1488186417965296;0.16777449063309957;-0.2168874137898222;-0.16362407858095646;0.2864325124333547;-0.04798842985434556;-0.17971704190478063;0.22965326639864425;-0.0020171300633463492;-0.1526520820042979;0.1778835136799982;0.018617137296495896;-0.19450863233406135;1.0174168984182272;-0.1038906178292829;-0.22585065120124312;0.3105419780568558;-0.05298713529100807;-0.17730265705287057;-0.08584967442499326;-0.05328099167076296;-0.12042142689753872;-0.16571060170396557;-0.02883854659913487;-0.2681372560598357;0.9633511660075238;0.007546049605355162;-0.25825832947697436;0.23152282374933436;-0.06518762929970383;-0.17949060370284636;-0.14171465816217207;-0.08383186667724127;-0.11573410981378891;-0.18057320163337137;-0.04848894580622122;-0.3308911232718304;0.8711651397553246;0.09857474837341106;-0.22211483601435902;0.1896410271261276;-0.06943539598549238;-0.1468186356813582;-0.11853874034485354;-0.09168163275751322;-0.0916262363600424;-0.15637075097143824;-0.050406047277694474;-0.37458143759312557;0.763802774706391;0.1746647673539831;-0.16143002863189898;0.13277648483860127;-0.06706856402032951;-0.09179556146477047;-0.07823646967744464;-0.06461838978107762;-0.05886695547581707;-0.11637372220399564;-0.033557453802071084;37.22190806377926;11.429174015123735;5.574115920091234;25.113629986278983;78.1771166614524;28.45922611624684;34.227517919676934;77.22385240245407;19.68979098587433;34.492165304668404;74.81490607563084;21.92991836820787;38.027907344601374;73.03480234155043;25.168819291329545;46.838334487060266;7.7622766472589735;7.669270026478312;7.657468058947057
0.9926697018978232;0.31615765656544953;0.21577134607876178;-0.19349634664061935;0.1694449724486026;0.5513134571628064;-0.10236875565988968;0.06449453097520692;0.573773829188878;-0.03901516052460033;0.09237699366153773;0.41616500661913725;-0.018647349011217486;0.13057704815522675;0.812460119300452;-0.4815163817795721;0.1360456673719903;0.8851070344233832;-0.0855642209520719;0.14920480712774187;0.30264904422999167;0.0315864865301068;0.12103699502682305;0.11882045904267677;0.04589727966459389;-0.0789945218441285;0.9185447390830505;-0.3873440690412963;0.20838298007723793;0.924565665023308;-0.08069811073400046;0.19644101504242048;0.22983415474591315;0.0693270265454388;0.13970598785180166;0.03312132507728814;0.06228836598169466;-0.18651870352352348;1.0240104857870722;-0.28453019557857495;0.21786607340178005;0.8019887544059099;-0.052251187516633185;0.1887737516393574;0.17326764132774702;0.0770494466165143;0.13249461416414846;0.011258168792044816;0.06354025651299458;-0.2157861801905518;1.1109895163826504;-0.1914935321104168;0.19634281282842636;0.540137127509444;-0.041627926997281677;0.1648240083165665;0.17211443636476292;0.024804050395538655;0.118796166475587;0.05455469875592202;0.029280795625101583;40.043937435345924;12.268187537746643;6.242384251078616;24.87902768718287;20.549316965183998;21.331719629121245;24.715810323593995;32.86180445887539;35.80074769600105;27.709117327699197;37.79577583296036;36.10822708776471;31.209281164173298;25.802672187667618;22.29956789076489;40.7546724335371;14.635638110327205;9.073843701625293;5.722697845403576;0.9217375325036692;-0.13803490808026467;0.17580903546835477;-0.2167254070153106;-0.15232586561289674;0.2999113856664672;-0.04547375268765821;-0.17024730309177577;0.24420779871524595;2.3415397508179515e-05;-0.1354425647082402;0.19831402585870048;0.02095001073644095;-0.16620000029491014;1.0272374347773918;-0.09331070957168207;-0.20683441549569548;0.32518072820776145;-0.050313481672504184;-0.17303330158349392;-0.07528398814809083;-0.05351908269931034;-0.11748759644477742;-0.16173114351438939;-0.028839185975655515;-0.24340046590779918;0.9697476216535261;0.01859471680870371;-0.24031149540833335;0.24826889227222096;-0.06194419235719796;-0.17581483498055336;-0.13372572192947982;-0.08765497230472649;-0.11117731980378873;-0.17661270171022955;-0.051603007768979525;-0.30992820472589666;0.8740182169506254;0.10961335469885868;-0.20815592983634032;0.1983991792970284;-0.06890298010855252;-0.14450431109033554;-0.11261749997416758;-0.09875026092419974;-0.08494911180731703;-0.15951734368235176;-0.05493142130816182;-0.3564369650193654;0.7639034974195229;0.18608664306064118;-0.15291478117184956;0.14150260044159513;-0.06688623344011324;-0.09048873809721712;-0.07462054984057961;-0.0683790045964904;-0.053738783017618974;-0.12133915440737188;-0.036353692508424504;37.70714149902117;11.056948727595833;5.011345231449751;23.240624279694394;79.41686474005925;30.7419112170645;31.874905535948567;80.00422162190499;21.025708232139035;33.45901534560619;76.33374402856526;24.878964930116368;37.35417978451102;74.67456679678536;28.58951297747341;46.535236387385645;7.890521341580564;7.847875151618695;7.86384824654818
0.994395388843593;0.30790351586668585;0.1979615416304042;-0.1897409480748958;0.1510913312360939;0.5206461384540629;-0.09351883823045458;0.04383229097289645;0.5590496228338032;-0.03343016197874318;0.08333194564329152;0.39448898470747973;-0.014687393444672405;0.09549134831086452;0.8387378336385569;-0.4310711572066951;0.12507330133984887;0.8322540993417803;-0.07345943944584994;0.13396679493896615;0.3040759832970207;0.025253162814687168;0.11220466379309899;0.13779472807897894;0.037237025086809886;-0.100832503964106;0.9359265522623292;-0.33745265581215733;0.1851339125348002;0.8559532064374573;-0.0681655963779403;0.1836614661740422;0.2332917437366791;0.057883690153232505;0.13400681398022263;0.05344447788853151;0.05157139958845808;-0.19698709335530346;1.0227167093692069;-0.2378544653368477;0.19459811860991927;0.7426789537413169;-0.04450031846936191;0.17446684865006723;0.18288541252340684;0.06157881513500229;0.12801054025729958;0.02669145216291156;0.050495551261304415;-0.21720909106743436;1.0958523424767765;-0.1487679294570271;0.17148506775580452;0.49826203692807763;-0.0402947631099067;0.1498233523034152;0.18002487586105856;0.013941663349757749;0.11459601066916458;0.07540219925783455;0.020465494327384773;42.46156530131914;13.250342951573337;7.553174608205903;22.14940089314681;17.848628463221598;16.95657071073226;23.515715679022936;30.160613995465145;30.178066556332382;27.03651775505396;33.39377493480529;33.73906219257186;30.20209384784152;22.169686276815778;17.541427007331833;44.81472883607882;13.712657711897462;8.234594934130254;5.287813294316002;0.9345287895111312;-0.1263475630414722;0.1871921354031007;-0.21658512243120276;-0.14059805347128987;0.3136465855372699;-0.04184121724582244;-0.16064177137976057;0.2592460050207765;0.0031163808798508347;-0.11650903150791213;0.21654131918351943;0.02423539463070065;-0.1356202777767604;1.0396082253112897;-0.0771566848723605;-0.18750807467191996;0.33328590322158297;-0.04531905000589506;-0.16715028748288988;-0.06434495097976471;-0.05327624745244967;-0.11322922000090674;-0.15617502982320672;-0.028752643241914146;-0.21595421289947356;0.9757380365581677;0.036042501918992276;-0.2190591315934523;0.26131020668120697;-0.05522247234529226;-0.1704534434232722;-0.12258344126543222;-0.09101671912866795;-0.10632039734224831;-0.16938975909708917;-0.054968954503023214;-0.28617887713666196;0.8732663512617734;0.12756904481212283;-0.1914308026319754;0.20342417729049922;-0.06555503505784775;-0.14133779427950183;-0.1030671185415779;-0.10619319149789498;-0.07818358208490493;-0.16051004859555681;-0.06017617250022171;-0.33532066019666734;0.7585769096188462;0.20485535923629536;-0.1432742807043893;0.14753040173623655;-0.06431832572038733;-0.08898950289165151;-0.06925209123600057;-0.07177775016938029;-0.04870572157410902;-0.12519971601306318;-0.03919066474603827;37.86258127411625;10.711387380734614;6.136562926446093;21.974784234167327;80.14898272688859;33.166618104099605;29.620099661433724;82.48848464221264;22.371223290523755;32.67837075612649;77.15660589939088;28.183660514864084;37.12127841818011;75.62677736667729;32.261624140511046;46.013190524474744;8.050512109289938;8.117731013053161;8.184201512097541
0.9961210757893628;0.2995741023709803;0.18130140444328313;-0.18581161518464245;0.1340713260039968;0.4914527382294044;-0.08525385135375584;0.02502664753545475;0.5441635883335828;-0.028286284941507193;0.0749191842009627;0.37378022266694577;-0.011065571553910523;0.06349900766331013;0.8601379852880545;-0.3842470146397292;0.11480047402295773;0.7821243370439489;-0.06230790945457996;0.119812046775804;0.304510752228649;0.01945567080548946;0.10390301033494272;0.15456318657426615;0.02930186108062979;-0.12029425088262903;0.9490098153436999;-0.29139262788530496;0.16359180308073348;0.7915073661223323;-0.056642212786227324;0.17158980247107966;0.23576171339903876;0.04737404221155167;0.1284767563916461;0.07166986387014433;0.04173627702854345;-0.20589820504805553;1.0186697630604955;-0.19498217881950733;0.17301230669083778;0.6869630347067641;-0.03736696706197894;0.16104005231109114;0.19106708531512462;0.047417382257746075;0.12359601766833822;0.040570790685473285;0.03855876617149265;-0.21788459480849529;1.0790827596364476;-0.1097178808879623;0.148526825656733;0.4589977930901917;-0.03897598764431838;0.13583860803103678;0.18667086507658942;0.004080916007764411;0.11047593867195284;0.09403991639608675;0.012437322825266986;44.86913574928888;14.141126488169192;8.79153901013057;19.908329664708816;15.316382963339352;13.540219131967932;22.605162803301877;27.662042920431055;25.069610454530846;26.47560664764043;29.30022529971512;31.306878613863162;29.24438821681792;18.95170273897902;14.078235543077822;48.83596006169275;12.835360803428136;7.518246378848995;4.934387036240152;0.9473200465185934;-0.11498398638557161;0.19794012001439393;-0.2162270529344091;-0.12918089367760277;0.32652496619517174;-0.03830666186916815;-0.15124379299474325;0.2734328475144842;0.006085988094552703;-0.09819088537286022;0.23383738435800322;0.02736817840042477;-0.10608864047514271;1.050426948503642;-0.061550637717661026;-0.16873920081440813;0.3407327150404935;-0.04047191664819477;-0.161323517221834;-0.05376452026897727;-0.052987933314992075;-0.1090195548019212;-0.15067377372541008;-0.02863982691305045;-0.1893515253353491;0.980490060748414;0.05277537898251618;-0.1984065314177377;0.2735755989522502;-0.048704939684804056;-0.1651246287203759;-0.11174763564390051;-0.09415406800572254;-0.1015425575627284;-0.1622728016103754;-0.05814749457243553;-0.26305712740455217;0.8716436162394765;0.14469576091427253;-0.1751580551207165;0.20804431000463697;-0.06226957333147992;-0.13814860393174808;-0.09378149031336343;-0.11323754819285277;-0.0716002754879705;-0.16129875420354878;-0.06515516780759123;-0.31467900305594504;0.7526753679178424;0.2226838604140815;-0.1338605925959526;0.15317199357642083;-0.06178387545864625;-0.08745678399056171;-0.06402079222968717;-0.0749704901828962;-0.043817968370738807;-0.12878127080473079;-0.041877041010020155;37.900377137236916;10.389170000309736;7.957870222531144;20.688685814287247;80.66525576690992;35.733109597794446;27.363121853444845;84.83609471001412;23.754282942805094;31.881453019226836;77.96305081569136;31.39570174794963;36.961874256451544;76.51639367925108;35.785136056213624;45.49639685317523;8.191680947541519;8.368043901007432;8.490160311613518
0.9970159698835886;0.2869548456558115;0.214896343475837;-0.16205771517493378;0.12235190722070376;0.48774080344641485;-0.07367579069252629;0.022327067632656506;0.5265369850829122;-0.02232316101937915;0.056841262628645015;0.3721462532577492;-0.005377064100422949;0.0610604238733716;0.9110886120498642;-0.3292431633908337;0.07429503280433948;0.7255817152431037;-0.042979720396425405;0.09723391052277365;0.2918571514335807;0.027333175640422668;0.08502621214951;0.15322852658472313;0.033569645612460064;-0.12161829299608207;0.9624028632311397;-0.24287799334897245;0.11361498004146155;0.7425242494576713;-0.04014194124159943;0.14641947028395635;0.22628559470736262;0.05425149682007796;0.11169262627050053;0.07092186182505503;0.04938899010798504;-0.21305265696461628;0.9894373430540441;-0.15254843036699323;0.12487025106542304;0.6495350384544535;-0.025296049578303843;0.14184834110373337;0.19552996730633634;0.05469716326340862;0.11288612538118503;0.047740746918842544;0.04665603199822009;-0.23711028362030764;1.0102330701289075;-0.07138653875396543;0.11487106092379405;0.4477474920029016;-0.02467991834256396;0.11978002616664112;0.1903641564685622;0.01591573146486485;0.0994190434140946;0.09334306979011116;0.023207381249435482;40.57913989195785;13.016410068352847;6.456607348693442;16.571873204521783;15.143298332237555;11.973273304624204;19.166711180203045;28.07384968355212;25.371961630305155;23.790531102649798;29.038878492428058;30.80465951013954;27.55919127659412;19.14437323663914;15.562000767982566;45.71080524215056;12.025597096366864;7.322703391079581;4.753334644721799;0.955624821200049;-0.10647772565247053;0.2105626205088065;-0.21442437319108484;-0.11897239976700846;0.33144786452660385;-0.03579045785256659;-0.13955839642216508;0.2793535378217907;0.0078121609582056705;-0.08548340628177512;0.2395275669050436;0.028815069348649844;-0.08639489340704413;1.05711507566536;-0.05290061128375336;-0.1492386496335827;0.3420083385459483;-0.04168724649356335;-0.1579108605635303;-0.03537473533912565;-0.05606799245221349;-0.1095994631383641;-0.14358999480541978;-0.03095352698889078;-0.17370584183836266;0.983052537891422;0.058600241095579285;-0.18950254227893004;0.27397605529392643;-0.05222839047877414;-0.1599993522426061;-0.10262209904457834;-0.09995918475241877;-0.09686304718487045;-0.15682701898158768;-0.061580174508270136;-0.24919753880149403;0.8722710619064661;0.14713305232897478;-0.16741417794343083;0.20763870584291533;-0.06684269542200379;-0.13402683830962675;-0.08074267197048574;-0.11938090857470615;-0.06768587757999811;-0.1559205869786383;-0.0684277638770815;-0.3013293196218158;0.7488531530802178;0.22204695850986786;-0.12722027162205254;0.1536026306961158;-0.06565519014919817;-0.08485914637481468;-0.05793666324302796;-0.07895287613986586;-0.04156837833558538;-0.12812504780851108;-0.04460979466793939;36.99775406569695;9.923556747318285;8.528337993136182;19.163316362637257;77.60287418092858;39.7787386535358;27.465955986774834;84.11508360169552;25.257619493536865;32.55387257855045;75.3878264315209;34.19002516683929;37.862531574759736;74.91692924047511;38.08271039186427;44.103437719566905;8.19766910808963;8.30006848772464;8.490566175875626
0.9976798263214764;0.27400274544015024;0.2568543417547534;-0.1355499470825093;0.1127332273478715;0.4895254340635313;-0.062250090268260706;0.0236042662332379;0.5089994709021464;-0.016671806134135627;0.03804579755344025;0.37451159870276;0.0002885786102973084;0.06565811332716465;0.962839351458129;-0.27676633829262526;0.0302621274616123;0.6714667939018348;-0.02341838395507296;0.07457003383931197;0.27680682089449665;0.03765212840006468;0.06524491933722777;0.14752635035262524;0.04025115674763633;-0.11837788280547394;0.9730714400511752;-0.19778435079455986;0.06132474936391938;0.7003751951021271;-0.023905778284988195;0.12022323895018168;0.21450009402249734;0.06448536606506643;0.09361166676920114;0.06568498383950745;0.060359459150206726;-0.218797314045563;0.9553313961024874;-0.11381045251048778;0.0746696292576426;0.6187084363127459;-0.013121606222387863;0.12281279688632296;0.19839656847485604;0.06624487471310542;0.10148753960855095;0.05261254878298257;0.0586311140990544;-0.2585450050093167;0.9337710785649002;-0.03657843637353516;0.0815719142794917;0.4433351056120782;-0.008601553373792634;0.10449383157363906;0.19271865881309674;0.03172916189126428;0.08757694522834687;0.08803130011767374;0.037362514101695346;35.24323201345919;11.514503874922672;3.6836489088418327;14.066778505044699;15.661424340941032;10.814039428976523;15.158891420570107;29.226094966218252;27.202039383975702;20.45766580205166;29.913515241384417;30.730183375089112;25.913121091266124;20.26114902006932;18.102727043537236;40.93987302924071;11.483672710722065;7.586335279052999;5.148235508438368;0.9626819366607058;-0.09878821214238034;0.22361560705329972;-0.2122474273529313;-0.10914897496892048;0.3342135034864631;-0.03356229579694356;-0.12733008408320448;0.28302730730932246;0.009195074261335963;-0.07435494264605945;0.24207678666653168;0.029801994005404862;-0.06945397149700504;1.0626682729860812;-0.04616596646023542;-0.12965805350669468;0.34162636982965483;-0.044520488890400896;-0.15516683634082656;-0.015000521039020775;-0.060033218492848824;-0.11146062888023742;-0.13612523331545692;-0.03390422856983105;-0.1610900509000069;0.985023667854145;0.06146844123776344;-0.1838011810962549;0.27119753815296394;-0.05842247302142905;-0.1549603973226636;-0.09400952059036195;-0.10644619565176573;-0.09223837821286159;-0.15186269841264677;-0.06506146673987409;-0.23790398305692395;0.8735070860724169;0.14562117085298154;-0.1620030685119019;0.20589090401276697;-0.0734956107892303;-0.12968077652886079;-0.06677546253446906;-0.12524803668763215;-0.06451037777500106;-0.1489230568699979;-0.07122460456236765;-0.2900152647870103;0.7456185348519617;0.21646784451820608;-0.12136347113884033;0.1526359544580353;-0.07122108179597807;-0.08199228074579383;-0.05166031647725549;-0.0831243362763187;-0.040039399665340515;-0.12633840862759296;-0.04733941244059253;35.883180278126765;9.417242364864183;8.7138354855825;17.55846429257394;73.30354432084361;44.434183671634806;28.24693991732546;82.43764805163588;26.815220711770472;33.65446243191586;71.65445722872329;36.95145843439206;39.06835832669952;72.46523121391873;40.097791803918284;42.53450339846614;8.175039804089444;8.150129979038963;8.403285255290438
0.9983436827593642;0.2620404190817406;0.29354462228122397;-0.11183373942997188;0.10401304298722187;0.49022398115681365;-0.05202075512052274;0.02469268367737892;0.49255359568639967;-0.011637623707390618;0.021334288503226075;0.3759315127255876;0.005304864526165245;0.0696110095607961;1.0069293153908416;-0.22980073408077095;-0.008782576750602086;0.6223397785366641;-0.0060550582187748805;0.054367343514980765;0.2629815058310379;0.0467215239495485;0.047611491365171836;0.14221147898405043;0.04609499415859989;-0.11529535327352809;0.9807655964580319;-0.15749865497156898;0.0149124116016943;0.6617916313817884;-0.009485944826776789;0.09681049603811907;0.2036779394214462;0.07343109148483046;0.07743275508667385;0.06092953212687601;0.06996485931534793;-0.22349000005778202;0.9234106197750359;-0.07930381110051643;0.030083559512150068;0.5902977558469135;-0.0023177626073395117;0.10573602540718419;0.20057754206533487;0.07635081023478443;0.09121154165555999;0.05683166263007646;0.06912919068041892;-0.2770593167932522;0.864383762034485;-0.005690721706453975;0.051939308027996255;0.4386295217990601;0.005650988239432694;0.09077002423003071;0.19445640655196156;0.04567446824365588;0.07693328146763465;0.08316928450754446;0.04982928687662227;30.831619702178752;10.174645205373889;2.1918077769793594;13.14591804017962;16.224325421666673;9.80347769672697;11.45652275229613;30.317581009972226;29.095226411429074;17.117677102833145;30.85070419495072;30.574104328894187;24.549022352397117;21.34972437170899;20.523740766416704;36.699559165596504;11.119513148762035;8.081603140369614;6.0651319316963885;0.9697390521213628;-0.09119049209260814;0.23644716420195888;-0.21006557114743346;-0.09944567653764941;0.33688413386045074;-0.03135990465740699;-0.11525273827336374;0.2866018534946542;0.01055695849916778;-0.06337082916858437;0.24454949578940016;0.030770014583658214;-0.05274012787235548;1.0679650430755399;-0.039518482546668315;-0.11033163847115918;0.34119250422569564;-0.04730634197416223;-0.15243546327112106;0.00508910461543485;-0.06393250287527605;-0.11327687971001087;-0.12874283800743372;-0.03680766565342281;-0.14862502622837942;0.9868018657992349;0.064285917849576;-0.178149343422441;0.2684127037233044;-0.06451947598895207;-0.14996646724032406;-0.08550254421657635;-0.11282394718378642;-0.08766341255982789;-0.14694287035088463;-0.0684827936078637;-0.22672968212155406;0.8745792346132275;0.14410617825199434;-0.15664104731998596;0.20413321030016063;-0.08004245366227133;-0.1253742142189888;-0.052993876339421854;-0.1310114880815564;-0.06136880935230756;-0.14199916317048886;-0.07397009149586237;-0.2788120162916267;0.7423044818318533;0.21093105427037412;-0.11556885327381687;0.1516573081756136;-0.07669660013277509;-0.07915206623791021;-0.04546375128299948;-0.08722307698736904;-0.03852525335608748;-0.12455576315608825;-0.05002262848911174;34.80750776416087;8.921286064667079;8.885920676307645;15.97320885453826;68.85323868274752;49.166824228776726;29.056314372729812;80.61760820218313;28.389399435651246;34.77353500856282;67.71222447106541;39.738259990464464;40.29484816786265;69.8407623557402;42.13005576852872;41.04603462995407;8.158300493510072;8.003972441530138;8.310078378755167
0.9981729956837304;0.24476940378721707;0.32714294802604976;-0.07666156021437569;0.08913326819056126;0.475332421461166;-0.03321038388923946;0.017072396099138028;0.4538357271038323;-0.0008819042001107053;0.012575893053813802;0.35492832556408843;0.01404050652248995;0.07414684959770891;1.028029050127368;-0.16914329243922183;-0.028581011883397654;0.5672126902373951;0.013857316362420493;0.03129246956889937;0.2371102777095344;0.05236982907610146;0.029043442242422654;0.1329673602197159;0.046945059971822245;-0.10405731896159531;0.9882456027874335;-0.1119942094120367;-0.007914472244598635;0.6025574454182904;0.01607701062932262;0.07819366216699157;0.18013675704233287;0.07533716494328604;0.06310086178260277;0.04744702535829536;0.0663463270637922;-0.2143890832388374;0.9124478359586431;-0.04809350487810738;0.009205846747545753;0.5318776541340791;0.021946064362612646;0.09019923444290467;0.16636200339786886;0.07619021280385115;0.07663799841433842;0.03785746200090303;0.06290778768801007;-0.2740355108134104;0.8338497357472688;0.012776930536594696;0.035570801685943766;0.39646087959469595;0.02629304172934322;0.0779463798983974;0.15903314795405196;0.05164334489375608;0.0651811167439454;0.05383739750131353;0.0499025032587032;26.803606122079394;9.280779154678434;2.3784953532249267;12.791322780758227;15.043197438194513;8.12213220848392;9.533745708382177;30.600588387684567;31.57437778027873;15.164937341342972;33.10056066096488;33.74341747014678;23.483106869725933;24.097252309106207;26.416265341905373;32.19709407111911;10.446652187483842;7.990260059409826;6.23761246030131;0.971775557649969;-0.08664617782371882;0.2387497702201093;-0.21140530942376537;-0.0942900477740643;0.3370874248491671;-0.03258666087514587;-0.10899923510822357;0.2901673276196674;0.009446569329626365;-0.053575695266784754;0.25703238720654004;0.029457887507912263;-0.0407304020824859;1.0682263449913347;-0.04209520793603276;-0.10680803311632577;0.3459441182495441;-0.04885878054723432;-0.14874517388001757;0.013333128670070454;-0.06499711024357901;-0.11207212539736353;-0.12405675894871435;-0.03720964160591363;-0.13877702394716018;0.9884666806232395;0.060618140206079925;-0.1742947635987463;0.27174624891044385;-0.06780678150866505;-0.14890847418398775;-0.08020354234963345;-0.11543024831734393;-0.08770333194751179;-0.14633357182079704;-0.06931703895505802;-0.21916810648825613;0.8773329013649013;0.13944467624370577;-0.15441498879933874;0.20751741217747113;-0.08368963050374985;-0.12402336028255122;-0.05188671810278203;-0.13312072636202044;-0.0606063109527165;-0.14288535268169653;-0.07430850308236768;-0.2735892223689702;0.7448378408756436;0.20540146664599648;-0.1125192387735838;0.15377513352234656;-0.07928022186837701;-0.07769880912092719;-0.04281490493390307;-0.08778968604408602;-0.037550378125637496;-0.12199279636630102;-0.049828013318281794;34.67302715920964;8.629116757522455;9.946472578938437;15.869859145551183;66.55425287533859;51.318539574389206;28.93968940880256;79.77943012738176;29.566623566986387;34.81160515564092;67.69186767840495;40.320283071779066;40.286919495240326;69.26693506415879;42.96166005851014;40.83843653644573;8.157268847950947;7.997740429491592;8.317942026307238
0.997954758027509;0.22867048315924376;0.35634900010468773;-0.04461984841713412;0.07541138046443066;0.46044301091915407;-0.015971861928914154;0.009833557153135662;0.4174266768280689;0.008980533370807772;0.005122557623419994;0.3344865342953541;0.021979467780612005;0.07808224147418925;1.0438603353170606;-0.11410507581865453;-0.04526444219553816;0.5167398425298674;0.03170522156776985;0.01052692422840341;0.21303798979217778;0.057146668082255186;0.012392015561884845;0.12429529815538734;0.0473794057151987;-0.09345984772290789;0.9930901926634086;-0.07097271376638062;-0.02712951167877898;0.5476618856592552;0.039366875093552994;0.06168089219054148;0.1582143156114531;0.07656361321411373;0.050295729986957735;0.034925307591825834;0.06237008325765619;-0.2052264244751842;0.9019957646220407;-0.02033743376734083;-0.008297057100017997;0.4773927862987749;0.044177078229288375;0.07625559023183082;0.13382316295558344;0.07541926149420572;0.0633005520011301;0.0197698721869443;0.05645122143934741;-0.2698131420982907;0.8069443704941777;0.02862738466811103;0.0215431484679532;0.3563587235908417;0.04495116997307459;0.0664136271327624;0.12539472322112638;0.056490808637069956;0.054531566822344425;0.026425770658774522;0.049287155896728815;23.674617001570216;8.567732247400714;2.5706229953762665;13.430915403449847;13.85094617586459;6.384122026194516;8.561193856477212;30.769301263166923;34.58990694277303;13.50136410912612;35.932929942491604;38.24396944777243;22.490884579320245;27.704309726680993;35.43828255540318;28.24612881928156;9.852257817634904;7.946479524661031;6.503384486554586;0.9735259991048584;-0.08228335426981111;0.24042526670987527;-0.21291570555118605;-0.08940173842025062;0.33711576913114655;-0.03399801619659658;-0.10308786217404703;0.2936873396377375;0.008200578053864822;-0.04388210702305558;0.27000069205368354;0.028019711341097524;-0.02903053552841842;1.0680915085229117;-0.04517622295434107;-0.10417733367807921;0.3509319945048013;-0.05033030816199764;-0.1450005129886253;0.020875083297471855;-0.0658909822031184;-0.1106905446453503;-0.1195287422873428;-0.03746526336548181;-0.12910227304388275;0.990015010715409;0.05659400721870982;-0.17053897286360462;0.27538214582571363;-0.07091533971711733;-0.1480608361808393;-0.07509850365309098;-0.11780148175727251;-0.08799371405246245;-0.1459541425980735;-0.06999498133443649;-0.21181804924423592;0.8800782656114023;0.13461061356120005;-0.1523584716083094;0.21115549803036596;-0.08714985870924702;-0.12283148270878423;-0.05149217527887919;-0.13500168903564264;-0.05997453781883423;-0.1441926355040861;-0.07450225893643977;-0.26869594857659496;0.7476121576950615;0.19987352559198904;-0.10962491483330118;0.1560425115484187;-0.08168215907912564;-0.07632147751778688;-0.04037217397417298;-0.08814596052682902;-0.03660593953551085;-0.11938367889185349;-0.049466987508148756;34.58283924307867;8.377433495049464;10.98080572275967;15.86139245859525;64.29162791389419;53.362548359763224;28.77599651099874;78.96207597897302;30.741977396539625;34.78784991190647;67.88095624769477;40.774234839978554;40.20847137685005;68.7757333506894;43.73680967380315;40.69727568761301;8.158209289221004;8.001071706090253;8.333188709851893
0.9977365203712876;0.21401611508604318;0.38175765857428706;-0.016079606505781587;0.06310308909943922;0.44650975508046364;-0.000629398034114698;0.0033861443720402166;0.3844367783909455;0.017730559285027026;-0.0015082676506028353;0.31581164453086147;0.029000464415578117;0.08146007430158618;1.0563351688447695;-0.06502419135177698;-0.060020214966382684;0.4711013619280341;0.04751643241903625;-0.007941332582351829;0.19132236735192795;0.06130415294396909;-0.0024232950571517063;0.11639967455081593;0.047693069150492186;-0.08390036280834474;0.9958797540534592;-0.03441285496801764;-0.04416253536267123;0.4980462149574172;0.06000210205867961;0.04691358311447217;0.13849269327900068;0.07753660504436898;0.0388403880523276;0.02374525965738521;0.05874163777530544;-0.19677136803517725;0.8913317621512178;0.004357550399765594;-0.023837418678057408;0.4282492764658966;0.06386407435920646;0.0637489586432752;0.1047050616729094;0.0746191168705628;0.05135235343119044;0.00366713417441273;0.050627801137888645;-0.26564946003271583;0.7818050620213925;0.0426683635526305;0.009045350744057046;0.3201803254219817;0.06146213073092134;0.05606432315664277;0.09531239570695076;0.06071205115913544;0.04498520439890085;0.002027568514928663;0.048665154575048594;21.322525338859396;8.012797799211006;2.719233748716062;14.864855633995989;12.949886147028923;4.658674987425061;8.818682937504178;30.848697598357347;38.2058394170666;12.34190177898341;39.40408645208517;44.14749464195168;21.709026161188568;32.355926278424896;47.321325484267454;24.874539556720077;9.34226616994888;7.9555386780836725;6.862081178487161;0.9752764405597476;-0.07793256027485304;0.24206584639838225;-0.21439505080216778;-0.08452721853912261;0.33710642925977896;-0.03539872882615695;-0.0971937242955822;0.29715754239279896;0.006959726264793528;-0.03423072132028386;0.28287592742279877;0.026585400897833216;-0.017384271803826425;1.0678383677673908;-0.04823723935591478;-0.10154781095626472;0.3558565551860307;-0.05178908175893838;-0.14125789355928398;0.02837807531448028;-0.06677317322671053;-0.10930334717395453;-0.11500940944084674;-0.0377154706394218;-0.11946014172806245;0.9914455557750845;0.05258311965018077;-0.16678243329700596;0.2789697092786802;-0.07400089879949999;-0.14720082551038327;-0.07000990029742409;-0.12014807590870592;-0.08827288517641953;-0.14556030085721214;-0.07066183464475194;-0.2044801060726412;0.882712274088448;0.12978504166525381;-0.15029497564440836;0.21475239306700905;-0.09058357130200595;-0.12163171466335328;-0.05109381411189195;-0.1368584783965722;-0.05933915404164096;-0.14547750821386884;-0.07468677582324919;-0.2637965193783492;0.7502897315863509;0.19435017738306432;-0.10673244152858997;0.15828149568282773;-0.08406333065744852;-0.07494233642803722;-0.037936812945492775;-0.08849068697717369;-0.03566201187293559;-0.11677393967665192;-0.04910220609096274;34.48445330474056;8.15602784551029;11.90300634436786;15.864761150627649;61.952801945568524;55.43088166625286;28.618774525805975;78.10692565661469;31.936109893921877;34.763925715126845;68.05093249670294;41.22503711278941;40.130088168673595;68.24491245260715;44.5235500613556;40.55204654495278;8.16041016143609;8.006128997841376;8.349874784949046
0.9964778713165856;0.2222892430642284;0.3879867669580277;-0.00880111345226483;0.05394625340267021;0.4609506029000398;0.00046789582472500006;-0.01312329603800012;0.3962910704405755;0.01709789386972853;-0.01412919076785552;0.3077272077823216;0.029056859496828485;0.08375917244522542;1.0604289068207922;-0.07988277933014144;-0.06466918567519264;0.5131362029173123;0.035442883004040845;0.009796751507050212;0.12858997226776459;0.05974468988423808;0.005033813148612617;0.0430075766346817;0.04858772158437697;-0.08882356389482873;0.9944501277976132;-0.05638543979017983;-0.04178045965278073;0.5337686037925956;0.04651262921842675;0.059720854554247145;0.08336334944576083;0.07568818940304367;0.03775495931150216;-0.027026020678324502;0.057079025111423695;-0.20812307687525533;0.8882891307272408;-0.02366012352277648;-0.022839622791231202;0.4675578321073155;0.0532282335950766;0.0724856315044606;0.05843310408872066;0.07523848248143762;0.047904504431679075;-0.041045398511216476;0.04981828940102031;-0.28207418770085496;0.7774505951364645;0.009747738465594475;0.011916883090699023;0.3419334166405943;0.054894826369278255;0.061902275254947715;0.0622330077088426;0.0598075022756274;0.04240618528477112;-0.03447363311000271;0.04613308551316745;23.16349068948053;8.901882047711728;3.0093175839813315;14.2870477649034;23.697801695572746;23.506901908948322;8.221433381238448;48.3491826200146;62.55705892195078;13.081614368483027;58.25814814957189;59.92376325578646;23.41078409068303;46.57486385059388;64.76385418619725;25.459222190520972;9.657934436586965;8.261880501795362;7.092031890128287;0.9729639717253484;-0.07197511602669646;0.24950384159281835;-0.2128476903219865;-0.07990799088187114;0.3357710035802623;-0.037911768092344894;-0.094107183965257;0.2997821210122949;0.0027639834411053053;-0.03429010126356349;0.28331169326529865;0.021731123962203773;-0.006938055813871189;1.0690406140894693;-0.04638752825660854;-0.0936586537829001;0.36008383404656596;-0.05288733954868574;-0.1384792787246067;0.03485086710622841;-0.06854919734247551;-0.1088794417447964;-0.1109854956028289;-0.038985812124033924;-0.11069419001146225;0.9924759471848473;0.05232867815305889;-0.160463155315942;0.2848142734347277;-0.07517644300232709;-0.1467275756509049;-0.06336622565512484;-0.1232875160722226;-0.08919048056545954;-0.1425248947365409;-0.07308346554406914;-0.19774674840052986;0.8846085945832864;0.1277752363666167;-0.14493806083359323;0.2205773998291932;-0.08979291218774017;-0.12041926199676672;-0.04206053760438618;-0.13806399007837097;-0.05936002970041593;-0.14597307704049992;-0.07604845816445034;-0.25851750770078485;0.7506674348941166;0.19055599913522295;-0.10348919951011236;0.1627540957249315;-0.0818310450199652;-0.07384293113716978;-0.03138939749014537;-0.08798270223819744;-0.03623518265684804;-0.11535071338447002;-0.04930142460713117;33.16160307088492;7.882818529327578;11.198278114642273;15.211809298038947;60.685696559093074;56.85468368548958;27.88151819772327;77.40445936487194;32.734529695413606;33.702869849876194;66.88442976695181;43.67539290857627;38.78996761239216;67.0373317884866;46.846722595246234;39.53358636796006;8.121243601245222;7.984641880272613;8.335106748838117
0.9950325051947456;0.2353371244214174;0.39094790864497847;-0.004673200839793632;0.04440827810468797;0.4815301616268277;-0.0009243397245287153;-0.03308085497231557;0.4170961957991197;0.014675280626007215;-0.029071715874341722;0.30047181481528695;0.02782020044612772;0.08600502903889214;1.0623459866691884;-0.10778353798693723;-0.06786938204410048;0.574788174290814;0.017060653019717858;0.03587393850868458;0.05207099185479863;0.0569299960639474;0.017281361689131174;-0.049599615833735525;0.04962824771962731;-0.09678420223333563;0.9911238926152466;-0.0911386179687729;-0.03558247812436864;0.5880399423442437;0.025426322098844868;0.07875814228709906;0.016264034927172214;0.07306817187581664;0.038415774764582904;-0.08999111344524846;0.055554387140996545;-0.22399794462807182;0.8854550487891731;-0.0640253975208261;-0.01870562376534084;0.5264020998806581;0.03596321233214974;0.08588427529850139;0.004416643971272433;0.07610303973185384;0.04561920976565634;-0.09533874975326544;0.049793733739901334;-0.3035910533010602;0.7756853429522946;-0.034988169977265234;0.017861653037023;0.37605264119990706;0.0434183795653759;0.07120527589634457;0.025286240573650243;0.05781996679406103;0.0408012806810125;-0.0767436153180444;0.042957530636879335;25.781246476109157;10.02823836557596;3.4036095687288537;13.581455574189164;54.70397232039116;81.935031230986;7.984941132489711;82.26867627475235;62.62733296297408;14.50251075387442;86.73286417033457;57.106269539820076;25.67592937642204;68.3699916487553;68.04738346942145;26.87298843135272;10.173193750111212;8.677122895699561;7.343989234821271;0.969922354119253;-0.06573466189890197;0.2579527353470833;-0.21074949565689136;-0.07533603815481313;0.33418108947280106;-0.04061785905651081;-0.09152088412525701;0.30223470848748824;-0.0019539805086341007;-0.03608190300876742;0.2815085739915836;0.016271356466218523;0.0032799564508704734;1.070439240406482;-0.043660524526536;-0.08483538916295018;0.36415993678675634;-0.053916640717190704;-0.13586861989866866;0.041128795232407145;-0.070478478003184;-0.10862186570411103;-0.10704913394272635;-0.04043437239909426;-0.10209028979368646;0.993375961218859;0.05274251039104051;-0.1536854631672015;0.2910374939739414;-0.07600486987247218;-0.14631555268267843;-0.05645018935735772;-0.1265571427366873;-0.09021568855802706;-0.13901355169793794;-0.07581098674275558;-0.19111911369842396;0.8863193160976655;0.12626371043548046;-0.13899180709546072;0.2267796511170632;-0.08824359373574703;-0.1191992223698551;-0.03149482847622423;-0.13914352971170244;-0.05949465578721669;-0.14631853112232085;-0.07761413560634442;-0.2531629259050733;0.7505903423745591;0.18706481624723184;-0.1001817364363445;0.1676101193449234;-0.07877303256575734;-0.07279071360091136;-0.024114625705719053;-0.08731800667063139;-0.03707644853559997;-0.11413467626585537;-0.0495982539022047;31.639800920415233;7.62461475714623;10.207794298504142;14.470892946244314;59.59381105699698;58.12375729872074;27.066424437080467;76.685662615061;33.45191047828087;32.47723045530094;65.38037538137789;46.553008876093436;37.24123177708003;65.54692928075883;49.59038132271354;38.38841965034501;8.075406458586633;7.960390364112078;8.314413845950115
0.9935871390729056;0.2492779194881038;0.3936152768183935;-0.00014643063701213178;0.03389927015141629;0.5033557658043629;-0.002447421936212623;-0.054884923351019764;0.43926354854952165;0.012001034337975417;-0.04539042120265513;0.292085552749715;0.026425193971148123;0.08833766466286937;1.0628827325414774;-0.13817522454392867;-0.07127365300058912;0.6414492560129719;-0.0030922363551223043;0.06437464439977418;-0.03179077755124262;0.05376429391490707;0.030666516585652906;-0.15092780115962345;0.050694594113434494;-0.10535843997513199;0.9860241660086839;-0.1290579062780961;-0.028743608279035996;0.646600040377041;0.0023002743239712996;0.09948737389581151;-0.05723092039444423;0.07009189818070381;0.03908284336092059;-0.15880299500418854;0.05380326707068315;-0.24105085186988529;0.8810496159384086;-0.10812957888447235;-0.01415155187601197;0.5900600204979547;0.017005821570053536;0.10042893949682244;-0.054735691020433096;0.07693777116513198;0.04304981291529413;-0.1546475603117426;0.04969361525867291;-0.32670466343667465;0.7726116724022393;-0.08392072400605545;0.024344666820037195;0.4128587564196118;0.030788279533324848;0.08128696468582293;-0.015206163530218347;0.05555866070805629;0.03898396910335024;-0.1229146706234107;0.039417249355404256;28.494431601497695;11.125447754004439;3.9445582588214796;13.146158884219906;115.74622367314733;49.22654735144632;8.402730252901861;117.13809370009805;43.66880297539208;16.242692540662286;113.4649125874837;44.18240845267046;28.089615358711107;93.59193804051179;57.44914518048114;28.485533769592493;10.759481430264557;9.156051895301339;7.64564516608254;0.9668807365131576;-0.05950275865539326;0.26636411212999606;-0.2086400716052183;-0.07076831818269211;0.33256962075753904;-0.04331507401997055;-0.08893332234644538;0.3046594069828092;-0.006661617993829426;-0.037867140731325515;0.2796882982633781;0.010822153459341673;0.013475675166241027;1.0717548165632882;-0.04093614078389833;-0.0760248205083123;0.36820001745502057;-0.054939689750909;-0.13325343600267395;0.047390101884158715;-0.07239832630410017;-0.10835672426041966;-0.10311326251158193;-0.04187678387864878;-0.09349732212297981;0.9941997626888306;0.053151506331473544;-0.14691090543960433;0.2972255264687797;-0.07682582660874898;-0.14589347937772426;-0.04954485586885731;-0.1298102520918525;-0.09123193932159629;-0.13549939194306923;-0.07852695445735054;-0.18449149086918448;0.8879600798847976;0.12474600585522173;-0.1330479922918681;0.23295156389517804;-0.08669102078641243;-0.11797290330961904;-0.020949563190393337;-0.14021033675184585;-0.05962454321522551;-0.1466523001686058;-0.07917063176473349;-0.24780097024819886;0.7504572977361749;0.18356718055160218;-0.0968739200069799;0.17244313318712873;-0.07571572913231861;-0.071735324274662;-0.016853748399731677;-0.08664821697787153;-0.03791312709017415;-0.11291272973205668;-0.04989073445023845;30.14072089484736;7.397668236996178;9.210903119577173;13.76683474818654;58.48402489863094;59.34216072364638;26.281739028253135;75.92061847990317;34.15600133154507;31.27768482351667;63.78291185438707;49.48700921203012;35.714732886694726;63.88528041687293;52.48077395852154;37.27643782421809;8.030520880427321;7.938509173461413;8.2935553792793
0.9938800847815142;0.2629504764677009;0.3815796435320061;-0.014176309781525624;0.040731930402812894;0.5150299637852654;-0.01389596069100063;-0.05721857489923958;0.45792885600218514;0.0038401233905843352;-0.04004521120933654;0.31022939447328757;0.018523100557019674;0.09837824283790841;1.0481198793548678;-0.17290233371508398;-0.0589063536104378;0.6929493814212437;-0.016034353211656947;0.07419042904441073;0.001280439819874741;0.047917162820020565;0.0391299903185282;-0.13295825544711562;0.048628100817873006;-0.1010328721396204;0.9818465838723477;-0.1605292636419292;-0.014952303608261018;0.6987900074661412;-0.007251519233625824;0.1127674341563495;-0.02690502657900296;0.06944972072950567;0.04878471824929577;-0.14574606558923892;0.05372829405218196;-0.23798780779161727;0.8887792588732188;-0.13623128987348512;0.0033894635759729483;0.6286349644272109;0.010846883474913098;0.11202324957195402;-0.030076129939314224;0.07905381914036706;0.05024001909295767;-0.1401519243673862;0.05119320888002885;-0.32083979118289974;0.7938771468094945;-0.10982170948985677;0.03725329153277089;0.44073418770668393;0.027433961191810758;0.09070521517546391;0.006485826365870981;0.05711797793431742;0.04484256826875419;-0.10565708383230449;0.040393704653927505;30.037245517595434;11.816543290058652;2.921431485537445;12.942073900797489;93.96746746486032;67.03010840557137;9.804112215644167;102.83888453129475;53.285890983828395;17.919513477911984;101.54937637506485;51.058146669191345;28.899345092060802;80.56092291146265;64.18876150040954;30.019076167855804;11.090021132373632;9.043775582108445;7.037806350659067;0.9691249558435264;-0.0512868484875202;0.2701800483393045;-0.2062512407894339;-0.06362321456964888;0.3358082684526501;-0.04571843226559161;-0.08388813682123523;0.3073380550836492;-0.01113103618856617;-0.03570817945901108;0.28744178684252253;0.005600557239734531;0.021271171554538143;1.0755106795444778;-0.03698507553339395;-0.07405264822332945;0.3674675161262356;-0.058872976575911444;-0.13106678255073684;0.05916315307080566;-0.07662022922692714;-0.10723264980378758;-0.09986308703809836;-0.04469899422270299;-0.08687236475597986;0.9947931611339992;0.0532893873367795;-0.14311684215660087;0.3007873468688505;-0.08199069205741066;-0.14298472402023366;-0.04107854596596879;-0.13382266417274039;-0.08978764520717886;-0.13433979373587748;-0.08102775008458978;-0.17919334384448582;0.8839267929396637;0.120768601071021;-0.12816939195622512;0.23787380397682661;-0.0907825764799304;-0.11615737717963034;-0.011630066859531222;-0.14235641987766828;-0.06112734323581986;-0.14940992163431852;-0.08036222837761986;-0.2457421280727646;0.7408706246071748;0.17554986189090582;-0.09148643308708448;0.17542934211359182;-0.07953326881420979;-0.07150845474008147;-0.009454674369779925;-0.08928438737307656;-0.04217373065494104;-0.11115710151770923;-0.05176210132833892;29.25066507317472;7.211044534408266;8.754883693522094;14.272256925787485;54.4387412423905;62.383229241092465;26.393255643750187;73.86172337363233;36.167999898890244;31.028924027883896;61.49428480990663;52.351508368883046;35.73111800527473;60.68239720626653;54.28474254145572;36.58067936255198;7.919163901416605;7.897312507172276;8.453044303043361
0.9944353052803838;0.27715610998876267;0.3660190087836634;-0.032164719779606304;0.05087199626336077;0.5252291077717035;-0.027687953808759703;-0.056338401505586354;0.47670579219752673;-0.005733582780933589;-0.03067807528074199;0.3336733327457267;0.009037839981976183;0.11023159836620954;1.0290030459072732;-0.2102558038279353;-0.043088196607843;0.7443109724829241;-0.028499568453166643;0.0813503251246037;0.05612287898236315;0.04123125682556457;0.047222225573099;-0.09358852309050242;0.04586758152363883;-0.09417962323979998;0.9767439013139446;-0.19261762591316614;0.0008403325383763816;0.7523678287508718;-0.015055682317370549;0.1254676062825876;0.022831213583649708;0.06910654517436068;0.06054675884073807;-0.11791413475609838;0.053887422293308125;-0.23113072283873057;0.8982636323681162;-0.16315252102759403;0.024159700617326165;0.6646847718571748;0.006487738809752141;0.12370233006919368;0.010270483645219475;0.08144404237725279;0.059464645954363;-0.11216927277749064;0.053008521976133774;-0.30944281873131485;0.8198424304689363;-0.13324344060572482;0.05197762538570461;0.46835583228435496;0.025432506239796253;0.10048651336104658;0.039991644724458104;0.05936812719838091;0.05230864255279871;-0.07653941951756392;0.04215908136015328;31.55631796402647;12.482467365312583;2.679734033685213;13.1840044233513;62.33835040234923;87.75372093159609;11.392706805866244;81.44225441310239;65.43382126944522;19.518811129192585;83.98749373046577;58.995509363915424;29.376888783344018;64.06564674165881;68.04221104288116;31.603146975587265;11.4024409401054;8.843490417093642;6.308299006466326;0.9721666970854312;-0.04283547803262397;0.2732714091341678;-0.2038324944426617;-0.0561453742772524;0.33973691397564;-0.04805808276289388;-0.07851145242685674;0.31002469160539825;-0.015530355105570496;-0.032974909375854095;0.29655851398819716;0.0004527007372607086;0.02864761008287659;1.0795693876380448;-0.03287964399395526;-0.0731156485715406;0.3660156840038823;-0.06320950342438401;-0.12895684099815874;0.07166850200327807;-0.08115168906428616;-0.10598542173824049;-0.09673716196560123;-0.04770455578533967;-0.08058955523488565;0.9953167681066275;0.05338403050371211;-0.1397929371292868;0.303920002382995;-0.08776302120008712;-0.13972197631588054;-0.03244225147335229;-0.13791380618576343;-0.08798372822292677;-0.13353692026242042;-0.08347476414673499;-0.17412888399901064;0.8790486134755934;0.11645008868900912;-0.12348334508471703;0.24256424167579485;-0.09568391645016994;-0.1142640289785063;-0.0025646586151536993;-0.14464306304422778;-0.06282203407919108;-0.1525042399451746;-0.08148767842604926;-0.24418524595834198;0.7299208268573281;0.16691261069639252;-0.08582633398407742;0.17811119396460248;-0.08434703717983287;-0.07140497449667872;-0.002091161879368968;-0.09239192764726374;-0.04691239223611457;-0.10933165013874051;-0.05385362883092949;28.444687130219933;7.05385725989183;8.369595928165731;14.976584182905635;50.21390415311544;65.38390636613966;26.661091070384497;71.5530938777369;38.3821794806901;30.95550805420034;59.08279598737764;55.1986318757563;36.04170206284706;57.33538839610057;55.88445016119014;35.96055471533883;7.801469342132867;7.856522008141304;8.65692211325985
0.9949905257792536;0.2920520095422314;0.3488816524323224;-0.05141789006795291;0.06168488337790123;0.53552402756715;-0.04244594894462769;-0.05532537143604079;0.4962598687909788;-0.015994366049379767;-0.020594216016278154;0.35840806141354487;-0.0011461877963953116;0.12280924473401812;1.0072391701830103;-0.250059769086824;-0.026070401825173953;0.7984841728770635;-0.04183359829664575;0.08892962560021254;0.11487267293948614;0.03401008643952543;0.05584328505856491;-0.05124975067458812;0.04285071059955383;-0.08671408874085142;0.9700742610147548;-0.22679637327462066;0.017776921390788323;0.8089080646176636;-0.023407204472175796;0.1389347924749746;0.07614540302327737;0.0686537983763884;0.07308735903681174;-0.0879198552263323;0.0539920480034886;-0.2234932394327146;0.907334803088844;-0.1918256246299827;0.04640619352088233;0.7025336509718505;0.001804600845072494;0.1360765577888373;0.05352968209855902;0.08390774891803578;0.06928519342532535;-0.08202038545656459;0.05489048476504084;-0.2968403291238688;0.8466855003257887;-0.15819998061080506;0.06770578973051844;0.49740610076063413;0.0232547759703388;0.11085381875891669;0.0758776596500774;0.06170865847929401;0.06025191029912169;-0.04521689455705368;0.04400078340065213;33.26097178303656;13.183709294510937;3.4880023433788474;13.912324275668611;42.513904146233145;87.63408046493426;13.071517084506453;63.4566346947913;70.83715622956537;21.07428775479175;68.20435777502243;61.68293807714728;29.780242803638476;51.06892443843501;62.458285652829936;33.2592790466608;11.749333172750916;8.658998482421897;5.618155214650399;0.975208438327336;-0.03445349237504092;0.2763260473643886;-0.20142608518958624;-0.04872821000134494;0.34361918710504047;-0.05037617286558278;-0.07317689770645493;0.3126765660170794;-0.019892071100487796;-0.030263328486413745;0.3055869379393556;-0.004651885939317295;0.03596089657039081;1.083551586237937;-0.028807443699715708;-0.07218365773421923;0.36456169154445434;-0.06750708363173945;-0.12685957921862492;0.0840658817519094;-0.08564185874459748;-0.10474452079338818;-0.09363372476796715;-0.05068297127969356;-0.07435641328626608;0.9957968992355294;0.05347578214581794;-0.136491494532256;0.3070143849267184;-0.09348336635173068;-0.13648117956422043;-0.0238773047824861;-0.14196513231552774;-0.08619152616585121;-0.13273555581228977;-0.08589792466524108;-0.16910017474532066;0.874176945336652;0.11216331861438268;-0.1188318549633256;0.24720571586228884;-0.10054028550552917;-0.1123821160396833;0.006424620573260033;-0.14690479993439637;-0.06450000831766416;-0.15556655174925332;-0.08260046578230675;-0.24263186952505905;0.7190344500853058;0.15834143647842414;-0.08021046059074427;0.1807635024350509;-0.08911701605691179;-0.07129956127640633;0.005210513967890769;-0.09546971004738276;-0.05160936545376853;-0.10751725671648425;-0.055925454855752996;27.63490102749025;6.9248084332207585;7.972829516431509;15.697977922019604;46.282232060444535;68.0317876074526;26.951128337931575;69.19811243941339;40.587120827545036;30.91442237982202;56.66261361127704;58.0243310898291;36.41115162211642;54.10344363549395;57.424854273556086;35.35918888017532;7.68774123702249;7.819504875139396;8.879068707477813
0.994594590256125;0.2961624193646321;0.33939774310732;-0.06853415522399947;0.07664165746382282;0.5454764661679858;-0.049753257027659176;-0.04268919907795396;0.516765871044034;-0.01772770109667958;-0.014824929147168767;0.37335379207778524;-0.0015104572514292151;0.13003315905273652;0.9765360753318886;-0.2850867548460691;0.0036737634354424616;0.832461156055278;-0.04269228760280829;0.09111651214446752;0.149531872175705;0.040708324463222686;0.05851352449029051;-0.022348894499366688;0.04820465741893613;-0.08306512864878055;0.9642580219890616;-0.2516081306959376;0.04656154636416613;0.8517148984213375;-0.029260155034398;0.1401209591230352;0.11365356485052612;0.07010770215130673;0.07978077486331814;-0.0633531086512418;0.05601929720343903;-0.21946825355969607;0.9294081555146343;-0.20541838279775446;0.07286459486609446;0.73438852762183;-0.0034711591282969695;0.13948598815738947;0.08565839270874687;0.0812347503533893;0.07760313492863753;-0.059787827802881284;0.054488398028016166;-0.2866741922593858;0.8916177051388122;-0.16113874120181199;0.08503679748666453;0.5097569216501883;0.01650206565325286;0.1149433045910049;0.10182609106095825;0.055761470767301737;0.06868969874953286;-0.02618831440270473;0.04090051655803351;33.042800859755;13.091880032600626;2.9955532471073933;15.045470780715558;34.78411633464981;73.85120952910229;14.906100684031934;52.19144926840744;69.43190139775001;22.23839512681683;57.33474522342579;60.362980306857985;29.54883310661258;42.17660064996007;56.8795671975388;33.539672290294725;12.160931283260377;8.491518019575157;5.049088069962241;0.9702203062863578;-0.02398280378687019;0.276766123407188;-0.19315889040555986;-0.046940788095973136;0.3434188203515897;-0.051313343909437564;-0.07498201073143652;0.30762508269346717;-0.02357270275282001;-0.030599364198705233;0.30172256208321296;-0.009324013290077794;0.033236524206453934;1.0826547193225868;-0.027638953869763304;-0.07140962776122681;0.36768846333589755;-0.07202559647936714;-0.12367228168775883;0.08283352380426781;-0.09036774669243719;-0.10101032719647968;-0.09157857740596825;-0.05433070489626646;-0.07991567939908176;0.9957118813476724;0.04659756999309786;-0.13116785863352;0.31767220249069555;-0.09713379475849448;-0.13119489450026292;-0.02202489499482946;-0.14360680008360877;-0.08046831572396855;-0.1342347624571173;-0.08700999397700332;-0.17514181073548574;0.8721606528606417;0.09789471676585043;-0.11463294251511795;0.25877195496691763;-0.10191634823757535;-0.106558467513948;0.009750711686655445;-0.14520181751500455;-0.058542468664656185;-0.15539199081773647;-0.08195194593993559;-0.24971680938062008;0.7117965390886579;0.1370155125031867;-0.07542686655535495;0.17888256194897645;-0.0905446916492465;-0.06703155408249749;0.009035060367251718;-0.0944993248337003;-0.04739136587379501;-0.1035150574896919;-0.05561937009140834;26.517626136462848;7.202703152394195;8.281329862341591;15.782015129670405;46.407377346907445;67.41347725595337;25.53408636877018;69.78270283064371;42.09971837627293;28.854262521862633;57.018155732120945;60.1533608411257;35.466817104894275;52.28420123585138;59.39138682534602;33.93113922252195;7.572395267716428;7.64923748404302;8.85483124281267
0.9941473162216384;0.2997514983655951;0.3294046968183204;-0.08683116111541583;0.09298326713561271;0.5558394622554877;-0.057155311699504815;-0.028320975905839523;0.5386150126978229;-0.01907027001018037;-0.008850524138727453;0.38864581502193096;-0.0013079267071724712;0.1374197277487305;0.9422228574598963;-0.32241089029367875;0.03654076812552567;0.8673606481993942;-0.04283558502526089;0.09309041208996052;0.18537814971523492;0.04875310144366466;0.060996535794290735;0.00804064002123582;0.05445782544361628;-0.07930413580126934;0.9574027594861403;-0.27765231886864844;0.07831183046052823;0.89652200045254;-0.03540600098489957;0.14056574087905174;0.1530994665216213;0.07174633262237494;0.0865978158468359;-0.037128894524282946;0.05828683579010726;-0.2151999509066553;0.9534087180046955;-0.21903967615749947;0.10162490028551475;0.7679220640272028;-0.009198171733054972;0.1425312627769735;0.11960043284095329;0.07798599570856961;0.0864378158684674;-0.036235622216203134;0.05388055191614593;-0.2756634469776696;0.9406193988263318;-0.16287149328515343;0.10378122383105848;0.5217409882870546;0.008926973373939068;0.11890122431445085;0.1291602847924613;0.04880517545959417;0.07778047875444934;-0.006380770956579786;0.03722882744913814;32.850756497759804;13.0312383165766;2.5027724020560678;16.89393873903478;28.92996392882393;55.868877034585445;16.85271050346819;42.618377691290675;64.02336053347555;23.369150457980968;47.48729741064141;56.025642084567764;29.370066375387662;34.21819567661331;49.45848106901651;33.68786530300629;12.698053986980616;8.48298228271214;4.775531727679374;0.9647987629740382;-0.013329436874513968;0.27704320686684525;-0.1845043384890114;-0.04544206903241578;0.34296605449643774;-0.05217736588419247;-0.07717819015668459;0.30209726456876057;-0.027238195536755917;-0.031099647630184475;0.29710945035044134;-0.014002107824237775;0.02994888920170138;1.0813925417207568;-0.026617475806043216;-0.0706328267965333;0.37105060276124563;-0.07657886982926405;-0.12039452888762597;0.08084893333121287;-0.09512891238009044;-0.09710827652643048;-0.08955874162413731;-0.05803338340988767;-0.0861413919369041;0.9955077326036564;0.03929395527940279;-0.12568890647232328;0.328779718455065;-0.10068729293270458;-0.12575227246309087;-0.02052151696117036;-0.14511608635193074;-0.0744884821044399;-0.13585617499502115;-0.08805066360546841;-0.1818055486784353;0.8702086245209014;0.0829855980879176;-0.11042124861157829;0.2707644339122311;-0.10310411047233739;-0.10047466066907247;0.0127912171045099;-0.14326063056289975;-0.05212843066002947;-0.15502754976370356;-0.08119676018353711;-0.2572924983438473;0.704646227795621;0.11485010479693496;-0.07065071115912346;0.17672855009876354;-0.09179286710552158;-0.06250498810804589;0.012695502254938346;-0.09329543674944232;-0.04265990882154445;-0.09935956635582179;-0.05517781953405675;25.44228841740716;7.629072759728972;8.649986013544225;15.86116209521621;46.764001681814285;66.51850869707704;24.107041010341423;70.44000449206513;43.57486504171019;26.782999330309504;57.37525452106391;62.31108869975024;34.4931982733396;50.39527147680795;61.46869298748866;32.47835599489382;7.486959104284571;7.501187208686945;8.861641711448614
0.9937000421871516;0.3033966328592851;0.31828128624968993;-0.10662032336363558;0.11064465017134342;0.566623497011856;-0.06514258067076356;-0.012700217714369695;0.5618819528547114;-0.02051169881009208;-0.002357755263927538;0.40492037147496673;-0.0010869801552381617;0.14532300356284544;0.9041863738796352;-0.36265727642875073;0.07218810967398624;0.9045188927837438;-0.042955283682410424;0.09515520977486037;0.2241349842863639;0.05744509379359262;0.06364084929650762;0.04102248302634072;0.061200208075719374;-0.07515510830997126;0.9491598432987333;-0.3056915137259137;0.11271198172399378;0.9444107861115881;-0.042047829634256476;0.14093090616227258;0.19579079780058006;0.07346505257869075;0.09392539443594494;-0.008630799624332258;0.06069951652481605;-0.2103864791417291;0.9786638876283364;-0.23364257870594599;0.13275984407504754;0.8036807625695976;-0.015407283100574902;0.14571768064867097;0.1563452288776184;0.07439411845593126;0.0959557252481842;-0.01063880475986353;0.05317562130265301;-0.2634802819810849;0.993024604649836;-0.16461611112844352;0.12404188427268775;0.5343132752834678;0.0006965558450820567;0.12309811923906736;0.15872410231498751;0.04121309820713578;0.08758363619672263;0.015126136323545947;0.03321195910957506;32.84144108892999;13.052024730878223;2.1616901203545846;19.40863383191929;24.298109367756012;39.605354949958816;18.887605024112627;34.56540553900148;55.53555067236373;24.477499587846776;38.7188613202992;49.26982348538404;29.285481807422098;27.121644091903345;41.59031796400101;33.75344954919955;13.40278550429635;8.684184465600294;4.841408950670182;0.9593772196617184;-0.0026085575304739626;0.2772962474512817;-0.17577878819684478;-0.04392980033571378;0.3424785743096654;-0.053041910001623664;-0.07938085362551947;0.29650696213115296;-0.030923957401866396;-0.031600150796206344;0.29244000842670204;-0.01870800168670739;0.026638016984812916;1.0800219367996249;-0.02558716773351697;-0.06984462424317589;0.3743991476894597;-0.0811533460291558;-0.1170851884021256;0.07884447766876704;-0.09991084892200038;-0.09317292027516992;-0.08751801133733196;-0.06175369820641695;-0.09239782190656959;0.9952097261175881;0.03194125150768438;-0.12016418094548377;0.33992575397384844;-0.10425353231383612;-0.12026409717019271;-0.019006878061996794;-0.14662126501938774;-0.06846452114879711;-0.13747503867321595;-0.08908961785389422;-0.18849383163228287;0.8681635187034455;0.06797601428460914;-0.10617308471017473;0.2828063333557149;-0.10428967230978918;-0.09434366282948807;0.015849447316709717;-0.141294043791304;-0.04566964381969438;-0.1546464231597023;-0.08042932479818508;-0.2648913846975693;0.6973858996477494;0.09253612829217249;-0.06583827323115805;0.17454470177975642;-0.09304026999318801;-0.057944449851357833;0.016377534354606645;-0.09207538249368862;-0.03789505059874108;-0.0951689836497346;-0.05472839032362532;24.45480537610019;8.178477775717479;9.04085735287048;15.969594641131035;47.14291693919644;65.50638177604522;22.766218054626115;71.00937243167824;45.04300649547683;24.815621581441274;57.58042082187955;64.53157701179111;33.57874825985381;48.3548485365206;63.62458382347761;31.06725555293093;7.434094540603938;7.387047615827733;8.922122715315913
0.993040544643348;0.29996454423033947;0.32063752543916385;-0.10830325055785148;0.10579698202479539;0.5529432631672224;-0.06324167529208087;-0.013133058671603253;0.5545370269228829;-0.020103004283725502;0.006619123782667001;0.40058708313336094;-0.0015030925096041461;0.1427293524829025;0.9069150284973143;-0.3415414526350233;0.07740109809510831;0.8691410216225073;-0.04142974727718974;0.09368063942395462;0.23664390780272665;0.05217729471359392;0.06306805374502647;0.053701371399256945;0.056589673788202545;-0.07101871522366118;0.956202600696257;-0.2839593782738917;0.11236030131383329;0.9074814876905083;-0.041521505081875666;0.13582008307367277;0.2035270826472343;0.0668001983893211;0.0925555443890893;0.005128210714287271;0.05603192066422561;-0.20196743254983457;0.9871112236967501;-0.21320065898861662;0.1295676697981787;0.776830784554701;-0.01629038943835205;0.14128776037551577;0.1634609790861002;0.0679938148002495;0.09479276030942979;-0.0027180689526558202;0.04927426614505905;-0.254191417136521;1.003057591140418;-0.14628011964475138;0.11550099046331087;0.5187139617388473;-0.0015221845393753274;0.11978974494094811;0.1591975327780695;0.0357401282337009;0.08688218347532682;0.019373723890717585;0.02950653730849779;32.58153694194636;12.901627108334006;2.960516538972593;18.08290659961389;21.7726327133572;34.15067442336058;17.7975045016332;31.862983107088542;50.816923326044716;23.473708823116027;36.092267131920096;47.67489769245292;27.821935955201667;26.386447861966605;39.97493477315485;33.21907350338095;13.104040481647484;8.423050508765515;4.697184821850562;0.962585987404334;-0.0028539423223219026;0.27630354150386344;-0.18081043630854582;-0.04431134698803125;0.33552574787719264;-0.057322905446575416;-0.08270920649847657;0.292141559826823;-0.03492740978212244;-0.03776935775834097;0.2927882237639906;-0.022985857240920695;0.021673639306817656;1.0835182279333784;-0.031381602636111006;-0.07352123825569308;0.370681691306704;-0.08578483365632562;-0.11871732943187618;0.07437045028779743;-0.10442363859976123;-0.09378360791922054;-0.09482048112712971;-0.06481760750320027;-0.09912250040737049;0.9947261415988459;0.02635589370261805;-0.12254558551556984;0.3338497268214369;-0.1105268515667829;-0.12053407333100559;-0.020183389239027925;-0.1525663796015678;-0.06733295536560371;-0.1401272170306094;-0.09298996858277139;-0.1964281085148768;0.8626909771032832;0.06220858155263162;-0.10798962575491285;0.2752742716289088;-0.1112965547951737;-0.09187935062840541;0.01145867731288546;-0.14686327208753266;-0.040192769387302194;-0.15878855048903592;-0.08304880266929932;-0.2722084787756372;0.6893782848247658;0.08651914822408838;-0.06783547035332284;0.1736102159970406;-0.09878354615149437;-0.054253138538297795;0.01577894918402015;-0.09581198757921987;-0.030891631387169424;-0.09760672465020005;-0.05687943626263317;24.434838004263092;8.749879568396159;8.677870146828052;16.548482928442734;48.059514964976806;65.24158688142566;23.576796645507198;70.00269213954921;44.790516071993586;26.04997435574891;57.56325772227538;63.813409141663314;34.5812276163926;47.393643150358265;64.61086927352778;31.582420502491033;7.53448815919632;7.557172070468528;9.07275071790119
0.992371832930239;0.29612224399926185;0.3233440818403348;-0.10907866148509385;0.10000441767670269;0.5381766527327181;-0.06091022350903207;-0.01425946208419418;0.5456805653688495;-0.01961009784686524;0.015487308534101293;0.39520536021238994;-0.0019365933634978706;0.13964742213814826;0.9108457335094643;-0.3180072258734695;0.08109389471646414;0.8308766215752112;-0.039843119790718584;0.09202867096665174;0.24754878595129592;0.0463856162991202;0.062328787528481214;0.06514464068662797;0.05155247642466296;-0.06693961468256333;0.9631851497681723;-0.26037176354630587;0.1104094037363723;0.8671354443611106;-0.040665254908486055;0.1305079556184313;0.20940725195777904;0.0598834249577848;0.09077777453914167;0.017901342795642712;0.05112878905108121;-0.1934698153171676;0.9940234468753769;-0.19156741016954426;0.12485285844110651;0.7473852361162404;-0.016906526226781814;0.1365420876447205;0.1689954536010015;0.06158172497789203;0.0931276542554747;0.00423100308613082;0.04529524874050866;-0.2451018841419935;1.0103746054746532;-0.1274056763320642;0.1058188499429043;0.5019302240576673;-0.003420376463089859;0.11615649481925422;0.158275110640063;0.030470841603444588;0.08568006666694283;0.022742899057220097;0.025886055545010476;32.32846257514359;12.733391035045136;4.140754462217589;16.594377320749818;19.46653960500802;29.435256829505608;16.64603395821988;29.409095063326394;45.96431089788881;22.439989575337677;33.75050956314895;46.13085668075147;26.314904591018;25.962194274063297;38.591294576199644;32.718470779415064;12.754238031970697;8.1378647862161;4.537488208065091;0.9661694598508548;-0.0035738875267168142;0.27524096006948007;-0.18640543050758004;-0.04477031432728006;0.32829661656405407;-0.06173055928646794;-0.08606688915852294;0.2878260698240515;-0.038925823977522936;-0.04415665026776965;0.2933316497499382;-0.027226062653745418;0.01665618963848997;1.0871334906131076;-0.03744626335780235;-0.07737129038838964;0.3666461624340873;-0.09039375728386799;-0.1205486661952632;0.06980215852212507;-0.10889885700261265;-0.09458228992321997;-0.10249173242854837;-0.06783589551880696;-0.105832969868015;0.9941649290754243;0.0208680685587378;-0.1252514778408532;0.3270272693352542;-0.11688411066615806;-0.1210440943638795;-0.02147041002116392;-0.15866892629579948;-0.06641341009196806;-0.14280334221948862;-0.09699188219414251;-0.2043699920704503;0.8570299815266337;0.05686113474125846;-0.11005411337450527;0.26690388828849393;-0.11851944307116574;-0.08957754587411111;0.006761799006034724;-0.1527261869474227;-0.03477791485528699;-0.1630986219093003;-0.08579857558463615;-0.27946396099071563;0.6813212856192998;0.08122749265634192;-0.0701150846264134;0.17272125281496029;-0.1046913718498109;-0.050610673192729196;0.014995955331137635;-0.09974152144007159;-0.02381740128131135;-0.10031508074009447;-0.059130448569957195;24.412290962408175;9.327807475240544;8.317259627496522;17.158722891836288;48.945640137915035;64.89393412911792;24.502735101867007;68.89275366753506;44.46747116740184;27.45808873412424;57.43485370436245;62.94179245035765;35.6143254903293;46.587850303379696;65.32758686900554;32.16851044364613;7.641018000726369;7.742343466914309;9.229710824816406
0.99170312121713;0.2921922931184985;0.32579317534879143;-0.10977044400909053;0.09428759518578836;0.5234331578479949;-0.058596859768690494;-0.015350910622223742;0.5367042080407283;-0.019116975344950514;0.02413836768667567;0.3897126060850241;-0.0023587727153261987;0.13655391905165354;0.9141377378200625;-0.2948337093865075;0.08465148516420079;0.7930103798474345;-0.03826976686818479;0.09036019278356788;0.2580495513340218;0.04070183464659091;0.0615694441475334;0.07628063705440942;0.04660239350725654;-0.06291594139459918;0.9694260681639277;-0.23718069626902424;0.10843797209722474;0.8272145858187513;-0.03980466906116197;0.125242006036553;0.2150239540153716;0.05309281586642861;0.08898719384487634;0.03036438556108214;0.04630988420902608;-0.1850552478128118;1.0001771820119745;-0.1703261951459619;0.12017361996893841;0.7181812718677714;-0.01749807813132245;0.13182569656234885;0.17429881284080595;0.055282952772819374;0.09144568688438186;0.011014679943050158;0.04138230146287953;-0.23607828935944672;1.0169138331777616;-0.10889711461892095;0.09630011701012546;0.48523862549889585;-0.005272030461166658;0.11253868898822632;0.1572793280784051;0.025306759294803735;0.08445470723508311;0.026019467710126;0.02233488848534525;32.09862270833771;12.555999931711547;5.450919517830261;15.12950935994249;17.296023401584275;25.216936312010635;15.582352854115529;27.010041432293278;40.980114647399006;21.47212685429776;31.46184913194398;44.401308719292814;24.82751049476162;25.599340228184733;37.19501039610735;32.277210195800414;12.402103731222958;7.854814968681283;4.37964845710086;0.9697529322973758;-0.00429057261574037;0.27416215392414545;-0.1919631929474739;-0.045224016784839186;0.3210729100748567;-0.06611526556480223;-0.08940416292782762;0.2835069304672645;-0.042904701585668566;-0.050514085706616876;0.29385081978051003;-0.03144660397755088;0.01165834348886368;1.0906522021079779;-0.04348291109548103;-0.08119953943401816;0.3625999098240595;-0.09497674736473394;-0.12236335173386487;0.06524761805620938;-0.1133473098089537;-0.09537055969649177;-0.11012341585442327;-0.07083655234797819;-0.11250761391149827;0.993531494740866;0.01540148596473145;-0.12793673160295066;0.3202086417210983;-0.12320618355099579;-0.12154291842698749;-0.022750471820828493;-0.16473421184549292;-0.0654927060010792;-0.145457636311924;-0.10096989019633144;-0.21226354296455174;0.85132824291074;0.051531647880427314;-0.11210176779626242;0.2585482767839086;-0.1257034249282058;-0.08727858987351057;0.0020839339166574757;-0.15855328223301443;-0.029382956481753778;-0.16737854954839923;-0.08853048621260148;-0.28666833180663;0.6732466779133582;0.07595173789281792;-0.07237996673176807;0.17182303149937592;-0.11056679354101892;-0.046979550602429344;0.014215091038793419;-0.10364724430267351;-0.016770785672461708;-0.10300465805269707;-0.06136767133738919;24.3459804747056;9.912851350018073;7.9948041442567135;17.78013684206405;49.77469674022214;64.44872340861193;25.451551160222948;67.74829729128443;44.14929368921512;28.900799269425512;57.201794777213735;62.055994269675956;36.595446267011766;45.88997557831254;65.83251214957409;32.7428065756545;7.747800443787654;7.931117559718962;9.390476800604404
0.9921711265957934;0.2943724016518833;0.3188626057094258;-0.12067153384237897;0.09764090074733602;0.5277364723871789;-0.06217436132916012;-0.013608597666109858;0.5432754292682992;-0.0194388971904873;0.024590324219463146;0.3971716561455686;-0.0009514740143711252;0.12724377314119922;0.9025580217952874;-0.31452429850587493;0.09265661483114551;0.8051691525239332;-0.03835669478499807;0.09499069342426482;0.2669781396277326;0.04735005897206626;0.06681926895546997;0.0774577561923606;0.05246472016348473;-0.07380140001671313;0.9651192370491454;-0.25119357402857395;0.11614120805479161;0.8439622967688607;-0.04346760706631174;0.13298674206433211;0.22225091027779964;0.058016098147985994;0.09774905843820332;0.026779882222010786;0.05225131192856377;-0.1919946542539957;1.0063929310600865;-0.1787013319870508;0.12723454347306773;0.7327659870826063;-0.020847814703596063;0.1364318298306;0.17908549584431935;0.05821982886129765;0.09727716810198095;0.009314708917524256;0.04568745443383631;-0.2337947289456991;1.030417763819374;-0.11222684121040064;0.10448195225171952;0.4944407698094949;-0.010150900268929435;0.11452981634551206;0.1648126524383209;0.023941062693165534;0.08784820194835635;0.02896371827912223;0.023456152299215362;32.8175544112535;12.72476978982408;5.331143710665021;16.39077627959748;17.80562243654399;26.688323810270123;16.740688156045277;27.68123581613332;43.419659021454855;22.137798188335005;31.59278988428917;45.44452755236778;25.142543010965664;24.163636875353532;37.03802864584998;33.25271888743826;12.684254398823384;7.816770380708189;4.304838423345143;0.9706925019038825;-0.004149876704505533;0.27403777766389714;-0.1909512665755398;-0.04700751042164301;0.3228518538590374;-0.06505598040793081;-0.09061034681726979;0.2830707690065217;-0.04206273554796205;-0.05064513893472727;0.29296425800367953;-0.030524272324683063;0.010655480446572756;1.0927549804685512;-0.04079425831588081;-0.08400513702679965;0.3595958442697918;-0.0940604244511932;-0.12168514158655011;0.061362625564023304;-0.11285521501309108;-0.09454321047124055;-0.11211591043067572;-0.07025139553775214;-0.11259334402652799;0.9934744861803037;0.018198466685559953;-0.12949674141855405;0.317630104119454;-0.12160667311910144;-0.12016995606526641;-0.02801328347514554;-0.16325252534955692;-0.06509290673214176;-0.1479390938076512;-0.09966555820439685;-0.2124399665965056;0.8527421046435151;0.05434424785838463;-0.11251637080603764;0.2595230219416785;-0.1232680484127637;-0.08859654710284053;0.0010465122723578302;-0.15630699468155249;-0.031638801469039426;-0.1678893679907514;-0.08710588994723066;-0.28746431297152486;0.6771749323391645;0.07863653021023854;-0.07133140737764664;0.1765685998799375;-0.10765058003428715;-0.048546848784191306;0.01103412584455983;-0.1010804223169485;-0.019762782886161807;-0.10561580594269128;-0.05963101739567973;24.5349754046495;9.870297274803548;8.182195707429607;18.19321657760383;50.48467170651745;64.13401380887098;25.702144199042714;69.14243760911667;43.391318225992656;28.608598405963964;57.84204434956463;61.87430197357919;35.593589580810225;48.62358743473482;65.13753854366837;32.75501131388551;7.709979491212875;7.920095091674921;9.338213770789848
0.9927039778179696;0.2968474730684036;0.31106206196109;-0.132423276700587;0.10157430736138884;0.533048203697869;-0.0661688256970517;-0.011647285895284232;0.5507104851255038;-0.0198091650212626;0.024570466795722015;0.4054292879832724;0.0006020134018622253;0.11725769333102032;0.8894196511352753;-0.33712549698543576;0.10110825001746562;0.8202385525201682;-0.038526482162209226;0.10007820550995036;0.27595963553262587;0.05488120950438607;0.07253842715347765;0.07806012705685755;0.05909763797611878;-0.08582828212434408;0.9596846598829119;-0.2676543658769715;0.12457532003972242;0.864119418415764;-0.04747844733884737;0.14164972331683;0.2296850279921813;0.06373324667190908;0.10733015555446795;0.02215393239613747;0.05896264715154249;-0.19994094031945034;1.0123765358635386;-0.1889550119984302;0.13512313721697955;0.7499988079484261;-0.02444365402881119;0.14165232082398202;0.18390470217370203;0.06175071539959641;0.1036690763448001;0.007071682400426934;0.05057165522341489;-0.23174081054781473;1.0442859250178598;-0.11686904972519133;0.11387754801950417;0.5052001860975197;-0.015339187623878238;0.11685516728991123;0.17298580391021554;0.02274668615372017;0.0915693067890605;0.031960371808160734;0.024870051166426006;33.653327006455335;12.921372273754429;5.146780709543802;17.932787289604903;18.461184750623794;28.2839087364913;18.053294015697006;28.48005970308556;45.8160835007109;22.893993482585916;31.858249782057687;46.499252190871175;25.552935246872323;22.726008318837607;36.9856979283416;34.31807207775589;13.019691706311757;7.834006317907483;4.348242292824604;0.971481245846671;-0.003959001850722041;0.2739649406389652;-0.1895539900555815;-0.04887952955907622;0.32515678284715355;-0.06367657771018169;-0.09170221498480838;0.28285170858288516;-0.04093810759286488;-0.05041982398706353;0.2919883737878772;-0.029300344800927233;0.009874371158367732;1.094782476348562;-0.037586014601955105;-0.0867713927868848;0.35662713546755687;-0.09282158946346884;-0.12085820440311136;0.0574878419328906;-0.11207549873224494;-0.09361658154753538;-0.11379843313857195;-0.06945595905354018;-0.1123010883884052;0.9934418426578152;0.021488853003925813;-0.1310022831610525;0.3152735971331291;-0.11954071968292346;-0.11867893368521792;-0.03354160839749954;-0.16132635975192613;-0.06471957643710755;-0.1504270789523626;-0.09804834157798144;-0.21217355295197896;0.8545667818232544;0.057643101091396406;-0.11283938677551868;0.26103733755586883;-0.12026295261710021;-0.0901304613055984;0.00021035706339332213;-0.15358067019691107;-0.03434896609770232;-0.16818639035807556;-0.08543218717271969;-0.2878962564258243;0.6818134881026542;0.08179605837308562;-0.07008487205962416;0.181669969297933;-0.10420879704827854;-0.05042286010743055;0.007692856230673997;-0.098123496921019;-0.02335130210346943;-0.10824016815204873;-0.05765373195388758;24.738192450170775;9.79648826378568;8.399830618604943;18.603525950135342;51.22102801474466;63.79701726673971;25.91764706679809;70.71697043320953;42.56944124181345;28.214130987144884;58.54092196500672;61.71190379368233;34.50476641837818;51.6417120830272;64.23149764889233;32.733994894753344;7.664082329274708;7.897317506117967;9.27381468177353
0.9932375633661834;0.29918878837273866;0.30315157643881;-0.14403212810148217;0.10557529619472568;0.5379219201238218;-0.07020909676083761;-0.009589701309531804;0.5578017318376987;-0.020248812649973264;0.02452375272424472;0.4133274819504126;0.0020657911729589314;0.10765728959448717;0.8759547968101042;-0.3598521944602057;0.1093964462412658;0.835094346561164;-0.03883983900704472;0.10506106909184891;0.2847094221604448;0.06227152120098065;0.07815058070746139;0.07837705564966037;0.0656369086282134;-0.09741297444620879;0.9537720262330878;-0.2843055299933018;0.13276350724693872;0.8838452349169299;-0.05151989411776027;0.15010409937154878;0.23674245499322802;0.06940340482394022;0.11664133771183052;0.017291691117717604;0.06559876780860176;-0.20756928159467716;1.017695493160356;-0.19943039083369907;0.14289366208939241;0.7666135865572329;-0.02800345709180962;0.14677392360408742;0.1883922107288369;0.06532847652904748;0.1098495064078066;0.004536588472670135;0.05544186807275406;-0.22967448258436637;1.0573832739198856;-0.12175303149107218;0.12319967217386883;0.5155334727802526;-0.020442777843235723;0.11919364243197147;0.18085679711893726;0.021628998916590085;0.09517169593380148;0.03470165336196742;0.02630990637254067;34.50619352378489;13.126549621064404;4.977143088408521;19.547529738165274;19.09018413403482;29.744734399986275;19.344742029205477;29.23661277155092;47.839622956871125;23.62678668069859;32.154317611550944;47.49146303903079;25.95900855003649;21.434716212993834;37.02540066976115;35.33527353711357;13.363896356858628;7.905808837813721;4.506680046120155;0.9722341028621642;-0.003770416119733333;0.27384625050151246;-0.1882379743176263;-0.05070367163242386;0.3273764200105077;-0.06232936136921266;-0.09275672549873985;0.2827155386493599;-0.03982096325510788;-0.050202084397764746;0.2910821059538188;-0.02807947240109237;0.00921855499640331;1.0966311620917244;-0.03449976752918631;-0.08936341392918097;0.3539408970496387;-0.09157608874186061;-0.12008998633278921;0.05377157789161847;-0.11126070856516049;-0.0927345482656503;-0.11547190727022846;-0.06864278513236693;-0.11198135753184468;0.9934033261581442;0.024698322681122983;-0.1323869406519509;0.313282971790858;-0.11748279615245141;-0.11729635950141892;-0.038643394325756024;-0.15945228050609933;-0.06440145769444973;-0.1527071402152153;-0.09649234619270833;-0.21191196362026873;0.8563339424897314;0.06090703810107509;-0.11310559286921498;0.26259329384409336;-0.1173317811307648;-0.09160273042546688;-0.00048744710621386486;-0.15099930417811475;-0.03696441113736127;-0.1684434454906339;-0.0838614800738019;-0.288312110881946;0.6862919773389207;0.08497573773680278;-0.06888510164922078;0.18653548667565834;-0.10088729200218423;-0.05225916815655452;0.00468488577934887;-0.09533054343881878;-0.026869678467971232;-0.1105551260823743;-0.05579701025098113;24.94361175807586;9.725022193357868;8.60783484088747;18.987131769445458;51.97116453176046;63.46756398706968;26.09784907377042;72.22459398180588;41.78345246112661;27.824343417970425;59.19884679622032;61.55578028256388;33.50266760520697;54.49549506413434;63.25472962479137;32.72115214767203;7.6241897562447605;7.877876628381703;9.213668745004682
0.9937864330823044;0.3001101770582874;0.300258614450521;-0.14724840866927996;0.109721486090997;0.5356111518283714;-0.07357218601561334;-0.006732265515343421;0.5586480663012535;-0.022118425394022593;0.024155745203322726;0.41282766096789303;0.0007780203797360585;0.1128774570066629;0.8714041621782865;-0.3755974330894818;0.1104326731778745;0.8446448394529799;-0.0424261229523321;0.10591465319413025;0.28611548147837823;0.06297036738793853;0.07896925171995087;0.07310454925304914;0.06702040235878669;-0.09374251477650362;0.9499038293428788;-0.29815273925139774;0.1322012799317648;0.8912413724958402;-0.05438136131635853;0.15062059350485427;0.2338593533480678;0.07145610238460022;0.1158899312728307;0.01029988983366226;0.0674197286299977;-0.2059199032245871;1.0151923167497685;-0.21052771514376703;0.14499951093612842;0.7675694117963562;-0.02900571567009804;0.148201253237459;0.1849303254531024;0.06847194731067029;0.10895914960897059;-0.002784188691752541;0.05773335343188814;-0.23067940561532935;1.0562786333386416;-0.13017454979343854;0.12674106314910577;0.5155926691224268;-0.02098435753995224;0.12158799761765621;0.17940014126999543;0.02300590518421557;0.09504234452450316;0.030698979991198434;0.027727748032894944;34.378301970714304;13.35562601920248;4.68476941049756;20.293300588663268;19.345836266107177;31.97708053169922;19.584316177645483;30.023002195110138;50.275098814879655;23.890537673874473;33.14571741741817;49.929190098409954;26.44182532695389;21.92853938315361;38.41072711112202;35.20927924037426;13.5094386082918;8.134495473250146;4.698849027841221;0.9722400139782882;-0.0036583226589154863;0.2728454583059086;-0.18885970312638098;-0.051268214108718166;0.32755627533751497;-0.061868212925688185;-0.09289442567865676;0.2843991016208531;-0.0390335354546822;-0.05018623420482153;0.29183241429515533;-0.027108145930362947;0.01128609324122688;1.094706970459528;-0.03443033339620195;-0.08794441336150073;0.35764610693355064;-0.09039426460563271;-0.12069159531403187;0.05393412614262852;-0.10985556962299048;-0.09293704898942703;-0.116735853932735;-0.06759272478104737;-0.11115794393362016;0.9934691820893113;0.025746761723462484;-0.1310652030257441;0.3193201133411292;-0.11592151300575154;-0.11841506616425969;-0.034068315829633655;-0.15898023548426862;-0.06530115649180687;-0.1503303088583481;-0.09646900727838341;-0.21183716475143474;0.8568277593470156;0.06297377761362917;-0.11216774339505041;0.2648518041593523;-0.11640598610808991;-0.09158774648004736;0.0018156762787397626;-0.1518676918731489;-0.03721960546835029;-0.1678630097133762;-0.08469798010550512;-0.2883941847913976;0.6869125279432765;0.08812967427670476;-0.06885664504272508;0.18578690163119937;-0.1005959563005659;-0.053005685297756844;0.00910254678441046;-0.09640433354810934;-0.02840786980218889;-0.10607255658592196;-0.05675129442756723;25.232093318576307;9.605218209193268;8.567638069608535;18.617706157819562;52.33051086299532;63.99232491214332;25.436934078109235;71.63882152798735;42.52811769476607;27.58044554147688;58.89182034814312;61.985034989063735;33.746685242050724;52.18781550378049;63.86163644525819;32.91103911355701;7.70532355720625;7.933444918700096;9.239923885340286
0.994335307013788;0.30097526057517676;0.2972639561499067;-0.15046993340564924;0.11389238872238913;0.5331528622667107;-0.07695877777003356;-0.0038393420207555496;0.5593792586781275;-0.024005313145649666;0.023777947696374858;0.4122293720406614;-0.0005252381519378664;0.11813440089636576;0.8666041120797734;-0.3914457240439997;0.11145647171916032;0.8541195960709446;-0.04604554405417566;0.10675464962111259;0.2874741355683767;0.06366341067719432;0.07977995899053794;0.06775296105572073;0.0684053268844726;-0.09000739839160055;0.945776738488062;-0.3120977878320501;0.131602737545243;0.8985257121746605;-0.05726466715353483;0.15110947184711945;0.23088955427931232;0.07351719434958957;0.11510361591929574;0.0032226379690775573;0.06924723283345406;-0.20420475998509802;1.012431845660192;-0.22170981769073647;0.1470979034219662;0.7683645727587124;-0.030013391618373943;0.14961234039759028;0.18138582636605158;0.07163745210967087;0.10803378493586295;-0.010191395962711144;0.060039148301387076;-0.2316445778843227;1.0549241201831838;-0.1386670363529983;0.13029616048110879;0.5155370129500025;-0.021527674276153864;0.1239835742502147;0.17788595598970544;0.02439402859671147;0.09489015372487047;0.0266418289659543;0.02915623534022712;34.24767119633933;13.591378382558853;4.3961077359673375;21.053896593129746;19.600556686917457;34.30548829362067;19.853970663379584;30.82478832115196;52.74514744090552;24.165946850177374;34.16295460172573;52.36024502904119;26.932133110101795;22.430161024447187;39.85903842943399;35.08344253650286;13.651628302552316;8.365474459685812;4.8958309477674655;0.97224592513981;-0.0035463166476530435;0.2718450195111981;-0.18948057474580732;-0.05183219215132058;0.32773539707492033;-0.061407340941696364;-0.09303184514557318;0.2860807473565962;-0.03824669823798356;-0.050170307999847924;0.2925815744466515;-0.026137585410041537;0.013351878353446932;1.0927824438751734;-0.03436089620126897;-0.08652644574547462;0.36134757466708733;-0.08921327025604815;-0.12129248526447219;0.05409644217580622;-0.10845141302616867;-0.09313921460728228;-0.11799853341864859;-0.06654342434090554;-0.11033502274985331;0.9935332151072592;0.02679427613170398;-0.12974434009729746;0.32535162626507025;-0.11436133229419149;-0.11953262440563285;-0.02949701163472728;-0.15850830326116766;-0.06619998495164209;-0.14795520232037204;-0.09644551627680158;-0.21176205165182865;0.857319637696336;0.06503867269354201;-0.11123048046095982;0.26710795008791316;-0.11548075997997179;-0.09157261212945692;0.004116865910044342;-0.15273508144563183;-0.03747451966443701;-0.16728276178468984;-0.08553362826073485;-0.2884756767558984;0.6875313361445753;0.09128081031351462;-0.0688280897702818;0.18503861348875447;-0.1003046858086155;-0.05375148237901552;0.013516488623371424;-0.09747705205026512;-0.029944721247386435;-0.1015935557283887;-0.057704677725143205;25.520728592751322;9.487981413373141;8.52830562712834;18.25605365506038;52.68536497735613;64.51097605130627;24.79430648063756;71.03093526155736;43.268518335429285;27.34148527337781;58.58751056007061;62.4072393822995;33.99020619142138;49.94889750570979;64.31818597512036;33.101470022107435;7.786822617463197;7.989292518072922;9.26701743122416
0.9948808552014958;0.30177449748299967;0.29424014237467877;-0.15358928604281272;0.11799937028764035;0.5306082964649116;-0.08030299783671754;-0.000994081039749079;0.5599911807549203;-0.025879067553482103;0.023396570925775816;0.41154781267753326;-0.0018317665622612333;0.12334716603961154;0.8616841839100248;-0.40708564771674755;0.11242177340241118;0.8633677267715254;-0.04962169497517437;0.10754396739067233;0.2888034883910785;0.06433986260522985;0.08056421411630572;0.06249468704371668;0.06976207864821699;-0.08628828369635122;0.9414610996268477;-0.32589159238333365;0.1309796402577359;0.9055765877062668;-0.06010110004917275;0.15153962354539277;0.22793203440124019;0.07555712146402636;0.11428411628664438;-0.0036930947397633505;0.07104632813952737;-0.20249935234946295;1.0094304807377772;-0.23280091919116178;0.14915988930872318;0.7690208764478148;-0.030993751616893005;0.15097237022028293;0.17789962241603582;0.07477672767760082;0.10709651021651637;-0.017439798071024505;0.06231550877716799;-0.2326326140864273;1.0532969035020754;-0.1471215758680481;0.13382382498212236;0.5153947877549683;-0.022049996781996317;0.12634695375622007;0.17637079523202098;0.025782438868564336;0.0947311307988087;0.022678197052124014;0.030574641620616256;34.115655952403884;13.830477745357307;4.1193336768888695;21.81304390091964;19.845673066532058;36.658027174284314;20.14959905449782;31.620214930334118;55.14594125462773;24.451807046341514;35.1742253640796;54.67777394370468;27.428143419566474;22.927100218459778;41.30175266293818;34.96011487227694;13.787747532531236;8.594670498795937;5.093481221343063;0.972271275320956;-0.0034165928530762025;0.27090495956919775;-0.19006791213034893;-0.05235374682916506;0.32791152601427526;-0.06093584856103177;-0.09316356800323454;0.2877629531033415;-0.03745826241254051;-0.050170130015716206;0.2933499609217995;-0.025166497650614295;0.015466283247101089;1.0908606993753678;-0.03420724062052389;-0.08506822568344123;0.36498655110201617;-0.08801901622083873;-0.12188391649224414;0.05437474540586792;-0.10705253961934927;-0.0933441659834073;-0.1192141015420128;-0.06550642232477681;-0.10945935924472036;0.9935994435083831;0.02790689043169325;-0.12836094077026342;0.3313465857551447;-0.11279735555187588;-0.12065272527778101;-0.02491813278358508;-0.15804800846589254;-0.06712394561759391;-0.14558938610351557;-0.09643521583122934;-0.211624637198136;0.8578162289111791;0.06714733181581267;-0.1102685343804682;0.26944967651978335;-0.11453147933057564;-0.09157144485895483;0.00646401933917813;-0.1535788951283104;-0.03774964638940123;-0.16664733840105492;-0.08636656645751105;-0.2885023497157515;0.6881213776983222;0.09445214862081482;-0.0688204483337967;0.18440748851643504;-0.09999024086498183;-0.05447768117181637;0.01787760739962228;-0.09852511520727333;-0.03144186517073918;-0.09718333436431112;-0.05864650065800338;25.800167314238823;9.378417952443208;8.486564288764813;17.903963900328115;53.00135278229969;65.04733413232478;24.171097341736758;70.40272485503233;44.00174480965111;27.09963538278675;58.28291592950114;62.8276451622854;34.21652287458957;47.82306740979787;64.625714790215;33.28624473915456;7.868032631294296;8.044221590277337;9.295554766261024
0.9951199210135336;0.30190696923744964;0.297935067859301;-0.14702988183875892;0.11419363352009744;0.5338994225489442;-0.07777705963694652;-0.005688122961849159;0.5605759330619758;-0.02505356694270339;0.023583110258334972;0.4124731763233578;-0.002077227984946189;0.1214167019832276;0.8689805659929689;-0.3949815693545064;0.10924379863279779;0.8596431626590494;-0.04634842135613416;0.1050078636152799;0.29204079251150494;0.06409106566258974;0.07972648057332456;0.0729354494632673;0.06849272942986272;-0.08988252198250535;0.9439683135125744;-0.31756094742000396;0.13148697910532445;0.902267174726157;-0.05676743158649509;0.149203978044691;0.23410161241228353;0.07501344542324044;0.11364785943065887;0.011859088715948894;0.06974843518643414;-0.20780096754251592;1.0083730046035178;-0.22834994836164252;0.14873813736983216;0.7721697742510834;-0.0290170824902297;0.1492716729746896;0.1873599199812227;0.0736597447527044;0.10830760144496196;-0.002405584550817411;0.06070181669739944;-0.23959237700827302;1.05008358999667;-0.14602889540236105;0.1338076233678019;0.5181564629182475;-0.020511015674131633;0.12581594270353527;0.18010631292086696;0.02624679489928839;0.09609797257978364;0.032202102753112215;0.03016791357250576;34.111555893514776;13.76228967951019;4.471707855681614;21.184990502969402;19.295630117444496;32.842069381599586;20.10026190271996;30.40256858840187;49.57094090252562;24.629149773843427;33.35010786830425;49.55979923247995;27.772737889866235;22.317693084963334;37.01459598668092;35.04950781480994;13.710713375770492;8.475138009389726;4.929965389494826;0.9740902969953268;-0.001654213610054568;0.27546281300836956;-0.18764704533923043;-0.04903130059909058;0.3278651897748701;-0.05946436874710912;-0.09279383738407085;0.28965199717814616;-0.03647099223705497;-0.05161914399554778;0.29597066228513086;-0.024080134513890537;0.02219054057850628;1.0891855948714795;-0.026328539054409808;-0.07982622978090587;0.3632043136415929;-0.08553406265151889;-0.12166566599514038;0.06530904232789261;-0.1060498275326934;-0.09383031374151161;-0.1162140189183364;-0.06552959542048244;-0.10370018397243773;0.9939901607668762;0.035068962669605595;-0.12116214366147625;0.3344630825161469;-0.11078628058208063;-0.12210092867681045;-0.019318185945947315;-0.15863989940860718;-0.07042567785881822;-0.14392189434905978;-0.09764450398186353;-0.2057930613961984;0.8588828265043696;0.07342659810753688;-0.10698839444747306;0.2798351347150043;-0.11132303512390523;-0.09286110725153074;0.013193315807184575;-0.1523412453881518;-0.03990144130408178;-0.1609295520455164;-0.0870214643534058;-0.2835415609567807;0.6861997398698708;0.09971462900171053;-0.07073708033502886;0.1944901214518126;-0.0975412853876352;-0.05346664241553027;0.01771416066808553;-0.09740093733661083;-0.029411686420850142;-0.0987701676310828;-0.05860373984569398;25.22468528473094;9.74213134226923;8.14896087187099;17.727416754198966;50.22670284415193;67.70115812671787;23.711305313112682;69.77269504328213;44.60048303069556;26.179933937975086;57.660443381427584;63.70668361609519;32.97179944262685;49.471219526398116;65.50286014746543;32.90834623429989;7.889403281577968;7.990084825506365;9.381106061342965
0.9953589868255716;0.3020130759027049;0.3016188502574774;-0.14042999286783248;0.11036183206485796;0.5371566817634356;-0.07523364487110296;-0.010401248274288712;0.5611131450008491;-0.02422238734197234;0.023768325446218513;0.4133656259485592;-0.002323528633500111;0.1194673556659021;0.8762299213456445;-0.3827917582593582;0.10604282046077931;0.8558264085163974;-0.04305735434377523;0.10245181295539067;0.2952655691990896;0.06383551602282761;0.07887814236141925;0.08341328340312092;0.06721197579718724;-0.09348374688425345;0.9464018272261876;-0.3091672209200298;0.13198471197697614;0.8988635039978934;-0.0534147887165012;0.14684528175448672;0.24027606665397347;0.07446081217307192;0.11299881434423922;0.027475121716980435;0.06843890673354848;-0.21310618149083174;1.0072212087870425;-0.22386004181393007;0.14830136379341324;0.7752629674642711;-0.02702957659589702;0.14755056885481257;0.19684299504479033;0.07253153262290647;0.10951409046996757;0.012691588606927439;0.05907597772750879;-0.24655982443508587;1.0467632405343854;-0.14491863474033775;0.1337794238779602;0.5208834651920995;-0.0189637828846874;0.1252714977592135;0.18384136252030556;0.026710748757315383;0.09746195078868201;0.041762885257281966;0.029756798283982217;34.116129814001134;13.699995033183114;4.853404139406267;20.558570548287626;18.74978383560778;29.314918895713785;20.059737933661538;29.206516882624157;43.96077028780999;24.808158912589803;31.599183346082313;44.343086544124844;28.12036013897884;21.721008384047746;33.05588845722755;35.1305466709137;13.641861876589376;8.364680198543589;4.7698485316253265;0.9759093186696975;8.749331162588278e-05;0.279943950860477;-0.18523916583638694;-0.04574400951608162;0.3277921474534299;-0.05800532100530967;-0.09242075914799566;0.29149465898735416;-0.035492347965778374;-0.05304675755580959;0.2985358168907652;-0.023004597319451772;0.02883355466242691;1.0874397330529608;-0.018540679122304796;-0.0746394949138779;0.3614129297749424;-0.08307134105464749;-0.12143987931441864;0.07610880054029517;-0.10505014006825637;-0.09430292168515142;-0.11323970059208165;-0.0655470478617141;-0.09800039200717783;0.9942936408479507;0.04214355153241881;-0.1140382771347504;0.3375149786516145;-0.10878974307439047;-0.12352188255436852;-0.01378275638113543;-0.1592116147606675;-0.073682569890635;-0.14226212875517835;-0.09883139657177531;-0.20001323750341188;0.8598654368160943;0.07962561661158683;-0.10373809253675385;0.2900747026794016;-0.10814322206127897;-0.09412782265161135;0.019842057404897237;-0.15110554647563937;-0.0420245115143724;-0.15526590319536732;-0.08766139584015012;-0.2786157793202532;0.6842437532263885;0.10490668245565711;-0.07262520123126963;0.20443753400957193;-0.09511313874535063;-0.05246309748493078;0.017551171425048487;-0.09628193725570168;-0.027403034825226047;-0.10033005379041707;-0.058556612612868944;24.662874512062338;10.10596383298596;7.821267665396352;17.547921176089485;47.631655672515656;70.17609426526522;23.277174342193884;69.16942257470114;45.18683108708728;25.339603825138507;56.99013988782742;64.51128972463175;31.855895282787824;50.99493570332832;66.35958216256134;32.546676404879825;7.910362838295691;7.936073395876748;9.463676271917393
0.995563433938522;0.30215974152085734;0.3041694869677299;-0.1351334894051753;0.10771656307448997;0.5396049735472705;-0.07325692435107835;-0.013652892953291682;0.5615448661756869;-0.023669805193834673;0.024273666285519226;0.414460324891195;-0.002590319808484514;0.11878565449234078;0.8820136523408495;-0.37288415971223055;0.10354559245172933;0.8531039214132093;-0.040784238044428676;0.10054361563807364;0.2975877839190597;0.06343812127474505;0.07816821200247624;0.09088111076421128;0.06618010699785348;-0.0955707863106054;0.9483877591957167;-0.3023687864375224;0.1323724699911144;0.8965715282008393;-0.051064329848471965;0.1451746363982031;0.24435329785899293;0.07403489992625874;0.11235688072271827;0.038747387812820465;0.06757854285265782;-0.21670152965301034;1.0062480236731026;-0.2202761185378153;0.14813758698494375;0.7777480434627021;-0.025709344050531466;0.1463847892920103;0.20328442626864252;0.0719600390185007;0.11022519656365799;0.023454739339645033;0.058199314342664496;-0.25169305959151994;1.0440737299020557;-0.14413374801407267;0.13409985829423773;0.5235895709897133;-0.017785667571370657;0.1248766146823399;0.18647883542061208;0.027399922806783543;0.09818310293165573;0.04862254063873683;0.02979183520009489;34.12249157553413;13.646447741174446;5.169173247345348;20.028870709763837;18.338481624475445;26.9833744375957;19.981303962047285;28.402283351656642;39.95252079487356;24.92518458885137;30.47536431900796;40.62226654095164;28.39882691431909;21.325143822716072;30.38950780481925;35.17498852597693;13.59816331189637;8.288612663312998;4.644985489042911;0.9769795032971904;0.0017763604144732448;0.2829815265180231;-0.18362982407307937;-0.04308618017198566;0.32801450036380364;-0.05707018794109256;-0.09199976124734459;0.2929057419311711;-0.03484558825419556;-0.05351961258452883;0.30073871976946864;-0.022312657947819864;0.034166948242490926;1.085788449213471;-0.013680879458595788;-0.07032781001416437;0.3604639737148063;-0.08149991784133613;-0.12129821594749705;0.08443219357763333;-0.1044174891061947;-0.09500043181989508;-0.11014019746400913;-0.06564358630824421;-0.09333870277951008;0.994546914022694;0.04652227822639952;-0.10865280387399429;0.33959431255312056;-0.10765810286869625;-0.12452258588899412;-0.009877755300686013;-0.1595283268483437;-0.0760830097933155;-0.1409001836861944;-0.0995346343167565;-0.19527296820880158;0.8609645587825838;0.08344216939800651;-0.10110463386084231;0.2974025475031852;-0.10601850335329965;-0.09497893853458754;0.02428546406868382;-0.14994413807691762;-0.04368231870764405;-0.15102213899872471;-0.08787842742566866;-0.27451175719325377;0.6834169405718674;0.10804815939697077;-0.07374187793010721;0.2111663444888831;-0.0934452286552434;-0.05165549174455071;0.017319042851730842;-0.09535676184122857;-0.025979688046914834;-0.10128840599083903;-0.058397216131389984;24.29239612305144;10.394032736495346;7.666500336004804;17.353397582601378;45.78107400147534;71.67631875287718;22.987308747024514;68.75102255684608;45.566173356728925;24.765260704992983;56.56785687489124;64.95687709434462;31.127370164340416;52.035723053399046;66.91995815146569;32.286470876372825;7.922764073243933;7.886880054792188;9.506845091752929
0.995580898209236;0.3026523329223787;0.30064470900880935;-0.1370732287785783;0.11161321291189359;0.5378414114729768;-0.07442671681468378;-0.008908864743123225;0.5616336077432676;-0.024651345246177115;0.02652009188611791;0.4168103230047771;-0.0029647835379837243;0.1250561491936586;0.8801019285069569;-0.3757162926950389;0.10496195924692625;0.85673934561275;-0.04410174359607614;0.10223336663219618;0.2950891056236118;0.06230384107666022;0.07825641481058686;0.08189414293188782;0.06654750586667871;-0.08943135287914149;0.9483075871616486;-0.30449097401049297;0.1322116867117371;0.9007428841144532;-0.054224549433636755;0.14733507019974432;0.23706262676283796;0.07433675067271268;0.11181276700457406;0.026225517376898478;0.06920347000761233;-0.21103117040597785;1.0066897295177761;-0.22177392722081374;0.1495232887588262;0.7772131945783263;-0.028050316784760807;0.1483201750973324;0.1931652083475892;0.0744550572960985;0.10827789086432724;0.010479371992305279;0.061434802115490995;-0.24687199206101612;1.045303806053274;-0.1451924626292903;0.13636620791495518;0.526355527634267;-0.01864238381480912;0.12535463454893409;0.18318274605147972;0.029312399831431874;0.09543921084733195;0.04069914703509193;0.03226368982622784;34.09657286226412;13.611315068151502;5.0117025309804335;20.0151996867031;18.635840801748387;29.776580643920443;19.65522713647279;29.63088634281241;44.05274362004847;24.698188757220723;32.43722287421773;44.58918388124566;28.287610514190924;21.96722847502291;33.16319235347229;35.064801584641884;13.649246975839363;8.350639314183548;4.691060972913595;0.9740050622429436;0.003283907743220421;0.27858257989869467;-0.18625737678405585;-0.04364992210678717;0.3299438098977481;-0.05889985375673452;-0.09132974829326271;0.2921963421090857;-0.035946554158104896;-0.04893585369103243;0.30124157561479276;-0.023637794439739655;0.03282936098120347;1.08492427952545;-0.024188036653604833;-0.07046154990000379;0.3640876777644288;-0.0846277522305175;-0.12164021987697035;0.08004351700350301;-0.10574563903975831;-0.09697485461397073;-0.10622562276051628;-0.06619157214964753;-0.09398122626612435;0.9948948030034199;0.036767649725024;-0.11227709502412087;0.33671754255077674;-0.11111992045107785;-0.12338003406821078;-0.01445896247332629;-0.15855662267216736;-0.07407491644014465;-0.14109842147350493;-0.0977292581657105;-0.19587565489639025;0.8630530641329297;0.07478002732652955;-0.10164704315606962;0.2897064587037454;-0.10944423246469578;-0.09369242349637132;0.017213603429196946;-0.1491631740477913;-0.04296708956817842;-0.15416837786006538;-0.08587858730119736;-0.2746520921511896;0.6888157787789864;0.10045342480367084;-0.07082719951930797;0.20116504413673592;-0.09577444753099883;-0.051865250739543;0.01670958817736488;-0.09544593955181314;-0.027609359629914034;-0.09912383972360997;-0.05764864929867257;24.896545943001883;10.272646201323397;8.403352367469827;17.087672389588565;47.02474547145661;68.82398511723613;23.351977962547785;69.20019524916765;44.89364454339829;25.2835547791588;57.688401923935245;63.82144719299615;31.98009109434873;50.9825130055269;65.97330398987715;32.50294296950018;7.890668897369599;7.862902220617423;9.352949711376803
0.9955983624799504;0.3031342091334554;0.29709184033664493;-0.13901557625813468;0.11552205772733834;0.5360473377959238;-0.07559843205975494;-0.004143838998969224;0.5616988777746378;-0.025636104246084503;0.028775154660055396;0.41915282958954064;-0.0033407488705770863;0.13134858534744506;0.8781445104687345;-0.3785447752693073;0.10638002343147468;0.8603541777330338;-0.047431794746862245;0.10392611913890709;0.2925670323727235;0.06116198436454511;0.07834167677818937;0.07286463607017196;0.06691367474698261;-0.08326143656777497;0.9481867841874915;-0.3066094510494644;0.13204458848898576;0.9048941080884596;-0.05739620100210917;0.14949863541222397;0.2297301980064769;0.07463675566322102;0.11126153877465565;0.013648108775028733;0.07083251998309374;-0.205327201676603;1.0070905927009126;-0.2232688252934548;0.15090866175268597;0.7766430063768187;-0.03040027262380602;0.15025767233570975;0.1829938036626033;0.07695775701680849;0.10631752207672054;-0.002552835697760241;0.06468174273260838;-0.24201948389130654;1.0464948257985573;-0.14624961123727728;0.138636615229988;0.5291111473488957;-0.01950203173106612;0.12582940719574268;0.17986454950813732;0.031231943967044297;0.09267933881455272;0.032739586937098816;0.03474491743586417;34.07382049272363;13.577625305915104;4.853959871310902;20.008166249459737;18.938170526890634;32.83620624477894;19.332217350018524;30.902481520413087;48.30442246546064;24.469712176971335;34.4990261474646;48.62126020050117;28.174257695053264;22.636020424351265;36.27176906285303;34.956332386265885;13.700745331136353;8.412668868545298;4.737650489644988;0.9710306211886968;0.004792607880721917;0.2741526556398463;-0.18886963886247546;-0.04421002999056693;0.33184338015307824;-0.06072565646522417;-0.09065033132616611;0.29145825161010314;-0.03704514714769664;-0.04434294347603331;0.30171605405868096;-0.024961955736208498;0.031487325750921655;1.0839553042346999;-0.03470310399220516;-0.07058866789545645;0.36768002002807826;-0.08775052177852231;-0.12197090037887644;0.07564289807158761;-0.10706494861171828;-0.09894190662143913;-0.10229705826780358;-0.06673374851727927;-0.0946153693222379;0.9951476934383521;0.027000002450816924;-0.11589415506253672;0.33380570577890106;-0.11457445965276424;-0.1222245469866183;-0.019043243586246365;-0.15756877869762484;-0.0720577700130496;-0.14128333127728063;-0.09591275956150196;-0.196460158198354;0.8650608992278189;0.0661022873532847;-0.10218023997883334;0.2819751167619231;-0.1128628086409015;-0.09239567791601565;0.010133209301160599;-0.14836715603314513;-0.042247046820544344;-0.15730290596759788;-0.08386857103341598;-0.27476624479309136;0.6941538656450041;0.09284167116713114;-0.06790289675330831;0.1911347312824295;-0.09809675602047038;-0.052070243860019697;0.016097939020958272;-0.09552605782956534;-0.029237971880651976;-0.09694766771856347;-0.056893829524748404;25.51562083156842;10.150334846300714;9.148363009569431;16.817091420154416;48.28579503790082;65.93970818810611;23.729625429658338;69.66281307055237;44.21649418615878;25.847208845399685;58.823814679613264;62.616038416289975;32.95778839220703;49.83360433449063;65.00971736948902;32.732588286303134;7.858124686294003;7.838795498503813;9.200972977936543
0.9955948993515932;0.30346994920686626;0.2936442164673551;-0.1407103884563876;0.11901833315053359;0.5343697397749123;-0.07654849214940401;2.3908489949918163e-05;0.5617908950315923;-0.026378731492102653;0.030959069130712835;0.42067697739909243;-0.003552320683312406;0.13707670454772333;0.8760428557638342;-0.38141241266165987;0.10765980970525518;0.8632773977568365;-0.05027716161411265;0.10508573596181467;0.290105031046151;0.06035772846985083;0.0781272357561188;0.06468318475047165;0.06742445975668629;-0.07747779713012123;0.9479821033561917;-0.308750907153703;0.13158153640366774;0.9077747866001528;-0.05991853879426493;0.1508904823454202;0.22304291243522023;0.07521783243294898;0.11051683497810286;0.002006705195472295;0.07251964101927272;-0.19996939708193193;1.0074595764289025;-0.22474480819457968;0.15172883066254061;0.7751981035303452;-0.03220738768168418;0.15151522508599854;0.17398925066564044;0.0793067060259859;0.1043595687724431;-0.014476415651671584;0.06764485226806731;-0.2375030818694054;1.0474532886881571;-0.1472480980492;0.14018144983873673;0.5299035647420764;-0.020269636396569573;0.1259813411510605;0.1767212596362922;0.03277447693309452;0.09010432583626517;0.025505875900198777;0.03688706470104148;34.0752358302391;13.561432786464866;4.748172518135084;20.041731502565995;19.208516900724998;35.83253615512858;19.052919389567574;32.05710618931873;52.34990465301934;24.24797752634517;36.36411777735373;52.3508193499792;28.058752744313644;23.21828488033243;39.41130267313654;34.86716701835516;13.744622675666644;8.473701436239885;4.78536902419906;0.9684588402972912;0.005859287706880734;0.269962144889888;-0.19139380605042544;-0.04463514858781697;0.33320071351246155;-0.06257969311234654;-0.08983128974866593;0.2908165176732009;-0.03822464181699096;-0.040437776581407264;0.3020281942117769;-0.02631084503663579;0.030687388798174193;1.0828090768092378;-0.044271976620377955;-0.07075923215128978;0.3710461725461394;-0.09065478120321688;-0.12218942427427715;0.07184672424069712;-0.10831722173431511;-0.10060837687825991;-0.09908756939077867;-0.06724480457222305;-0.09479260978270607;0.9953307856324908;0.01819308392747675;-0.11927592611173447;0.3315398268090173;-0.11779950025696581;-0.12124743257436577;-0.02308944526602277;-0.15680478391096844;-0.0702931408161879;-0.1416338355985705;-0.09435855317233441;-0.19668766363488974;0.8672021271681276;0.05835182031123894;-0.10276013984658663;0.2756310293452981;-0.11589847059261696;-0.09141870575181996;0.0043939072883221655;-0.14769095532552357;-0.04174752746544674;-0.16010368403156655;-0.08214189014049574;-0.27464629317346195;0.6996325018301908;0.086106080720196;-0.06536357277747605;0.18232706335033014;-0.10010561710161509;-0.05252566438540084;0.015633420577218973;-0.09560492178854481;-0.031000776740146646;-0.09515188085892977;-0.05624778827437077;26.065067161259996;10.010804525329005;9.7429469920983;16.590759688358073;49.37187840456151;63.481096744727736;24.09051561009869;70.06412189618527;43.64582249436523;26.35108846569289;59.69251360707399;61.6426990641322;33.907399251804435;48.7102451843593;64.1375458416468;32.990475147163124;7.830553805835962;7.816998826683065;9.055785687702102
0.9954194098019667;0.3026912681574017;0.2912884953139252;-0.14035304455783662;0.1190309887511951;0.5338866556574171;-0.07566663774167881;-0.0008733138479169156;0.5622816000272239;-0.025112926148529047;0.03248501859856685;0.4155585203183095;-0.002406833670673363;0.13799527773312067;0.8731218588265953;-0.38461563385996095;0.107789899012509;0.8606891295330024;-0.04904926817290335;0.10185660385641179;0.28832501497165564;0.06237650406502921;0.07548505074161342;0.06380111737648364;0.06912525437612513;-0.07511337196620986;0.9474044495518991;-0.31109932549127983;0.12874842942808015;0.9004054997707137;-0.057031089491652906;0.14594017169725262;0.22198275223309663;0.07810941697113395;0.10824764382251173;-0.001500762983498857;0.07464257518890635;-0.19772485592652167;1.0078799689584201;-0.22608190200928246;0.14792505212089974;0.7668767692581394;-0.029497549360222173;0.14718967518861859;0.17496930500671534;0.08032869120768622;0.10253041270125755;-0.016842913507689718;0.06818536535871239;-0.2359972858216501;1.0468054714413817;-0.1477743919638016;0.13575375960552682;0.5147147380422324;-0.02025848765245015;0.12351703267194285;0.17519232135526633;0.031172279908519923;0.08917547198247965;0.0245188544030088;0.03617434685742694;34.25002018470616;13.676830465845567;5.071889987865139;20.355819053318864;19.186612863977032;36.144897516844054;19.111405686523135;31.914722474973725;54.2089467756572;24.095625346541798;35.821048274010714;54.19179024956418;27.940808198351053;22.880074289263224;40.16829001094918;34.92297889670275;13.723655868944125;8.526579609879526;4.83819980210159;0.9691969875324558;0.003289032440701087;0.2679713182188607;-0.1933155464048531;-0.04398043363643488;0.33033682520741087;-0.06469753256850864;-0.08793737871818641;0.2911864266606797;-0.04008809064134401;-0.04224543217177983;0.30122661737883805;-0.0278718839211619;0.0343718249767578;1.0810143212855474;-0.046022220916615765;-0.07133778714316466;0.37280096569812055;-0.09180740487329614;-0.12157463885331415;0.07310108585498663;-0.1090887289347902;-0.0998656626298407;-0.1018862974850837;-0.06754574356430897;-0.09128318369015834;0.9956735695759134;0.017364424071866825;-0.12078556423254601;0.3348454627242049;-0.11920013045431499;-0.1218334802351463;-0.02269870490173161;-0.15800230964511466;-0.07066958614001047;-0.14344718210315238;-0.0950418875228656;-0.19412444627985487;0.871063216768475;0.05832605305604042;-0.10379523188203729;0.2809416548168258;-0.11584887764938853;-0.09314504111871308;0.009724961141166527;-0.14811382884805363;-0.04309519362630633;-0.16025775003835518;-0.08281802829391685;-0.2728059360944997;0.7067401028713278;0.08668770088808037;-0.06605641802012346;0.18377150800527783;-0.09959651178825575;-0.055074564856644775;0.016393324990312232;-0.09574344079406077;-0.03387565290226681;-0.09656670428400224;-0.05654235236907798;25.92951210925904;9.741267591264752;9.055369622311195;16.7640730947932;48.89935389146083;64.72307512185375;24.218667831204964;69.86474749401559;43.97296802812489;26.008916031972742;58.31340771057663;63.06544602787749;33.57496167524876;48.604330561613075;64.13142377329552;33.38428066118522;7.847763551682786;7.816036319595444;8.953453596615551
0.9952439202523404;0.30191608581133145;0.28895040688304086;-0.1399972899336117;0.11904218841897003;0.5334018355406785;-0.07479176079600398;-0.0017625583134836095;0.5627616005346582;-0.023858078658765863;0.03399704980869328;0.4104808284744367;-0.0012714922848663028;0.1389041356942131;0.8702169473468852;-0.387786066742336;0.10791761636832883;0.8581141322156071;-0.04783172572176232;0.09865499920478911;0.28655755237169145;0.06437664733771548;0.07286547830982507;0.06292616328584241;0.07081016440998758;-0.072769096862114;0.9468212320888372;-0.3134233766132458;0.1259390293659301;0.8930914946278188;-0.05416863920054611;0.14103217628828324;0.2209295014660672;0.0809744403988563;0.10599738297918157;-0.004977065244955181;0.07674581357775889;-0.19549801621422697;1.0082852518137944;-0.2274045695566059;0.14415338433968855;0.7586206787582043;-0.026811443510070507;0.14290087807751994;0.17593868078629693;0.08134069368966514;0.10071634362926192;-0.0191882049562578;0.06872030865268708;-0.23450219860671456;1.0461515916687052;-0.14829434401152602;0.13136385832315994;0.49965498989155466;-0.020247209253484152;0.1210732149443553;0.1736749837530935;0.029583959757141922;0.08825386050286271;0.023540321653090855;0.03546755017723484;34.42504838428577;13.790926420002007;5.403486671617222;20.668162504531548;19.184368320517468;36.464085480063254;19.177328144809383;31.790599383795897;56.04913525226477;23.94786081689542;35.28250352427871;56.03422499797168;27.820465353555132;22.53864881622098;40.938351112204266;34.9798026835269;13.704323771555861;8.579366376172949;4.890717577306506;0.9699351347676202;0.0007229127087619844;0.2659802208447948;-0.19523163233140683;-0.04332620745735433;0.3274732693190168;-0.06681108217696496;-0.08604539575753511;0.2915519231431355;-0.04194798528757789;-0.04404959605378313;0.30042240117041463;-0.029430020158321305;0.038049821330513274;1.0792083349694122;-0.047769017409024624;-0.07191446786330304;0.37454802668206705;-0.09295695306991943;-0.12095926171535841;0.07435245142915436;-0.1098575540776892;-0.09912284877717159;-0.10467914204311274;-0.06784530924903116;-0.0877782682936421;0.9960027645937689;0.016536884136332673;-0.1222911671911012;0.3381413419670035;-0.12059692345918137;-0.1224169805416747;-0.02230830269517882;-0.15919582052957326;-0.07104449451665908;-0.14525570309140823;-0.0957228670113463;-0.1915628553115024;0.8749066285063446;0.05829956430463556;-0.10482728262067108;0.28623996952006336;-0.11579784907012418;-0.09486735079535874;0.01504722077207645;-0.14853407633168378;-0.044440104782822204;-0.16040946807602574;-0.08349198327366338;-0.27096500041038407;0.7138268987528096;0.08726724089719277;-0.06674727230811874;0.1852111991088495;-0.09908693060459481;-0.05761860063251395;0.017151779431624756;-0.0958804814867249;-0.036745411872480184;-0.09797796367443538;-0.05683569753575541;25.797222130239764;9.479373051290892;8.373357186257975;16.93763216997844;48.431485508521966;65.94294149601618;24.347346069495245;69.6686728042985;44.29420812445037;25.67971408437477;56.956074965837715;64.45590043856113;33.25003820023852;48.513213157934544;64.10128827897418;33.78991730593672;7.8658655223613385;7.816682571553097;8.854777903146527
0.9950437520275766;0.301605767296504;0.2867722927345162;-0.14025738352440514;0.11957546485422878;0.5333462179427698;-0.07438814680709138;-0.0021249858237178377;0.5637055659916732;-0.02306604816063746;0.03476515830038071;0.407569630397167;-0.0005143288051950446;0.1394851315747437;0.8675089427794722;-0.39051903578260005;0.10818963572124615;0.8562669390968168;-0.04718856970559648;0.09667941351517484;0.2861420854771582;0.0657287723877465;0.071294557043002;0.0630410922883684;0.07201075854451601;-0.07112129669810187;0.9463128766922667;-0.31533109672594545;0.12417771129843787;0.888108376205779;-0.052450863897056596;0.13769656063697186;0.221170712322751;0.08294385865532626;0.10466405856557938;-0.006699003523664863;0.07828526120045924;-0.19378598737077102;1.0091799353180568;-0.22844893126812452;0.14125503421102092;0.753664568067891;-0.025347875884224748;0.14010736878324576;0.17780175736535392;0.08189250330346955;0.09994078014357873;-0.01984513176182667;0.0691321234503222;-0.23313944701947917;1.0467528569227873;-0.1486253930910083;0.12792455103814546;0.48986599543334414;-0.0206353755578788;0.1196557983957883;0.1732086757218493;0.02829375110112327;0.08822935100002288;0.02344939248740991;0.03495258119738592;34.58617728466733;13.893085437741036;5.5736628935011465;20.916862127670242;19.163286079972163;36.471143667750646;19.234626368837517;31.607164987202534;57.12466332402978;23.792747462759642;34.766530534516626;57.01921321879622;27.63504085716153;22.315002177123805;41.26566862820361;35.06891903560984;13.703218985460756;8.61768313484682;4.930723826792391;0.9705438468010972;-0.0021107160595975516;0.26394435046912795;-0.1971904743337419;-0.04260545326422107;0.324718529080339;-0.06850276622230865;-0.08398179064091736;0.29204270974519886;-0.04330313343502533;-0.04521064678242352;0.2993055743971379;-0.030411649576957283;0.04225733688867751;1.0768129888634885;-0.04940591203332394;-0.07163760938054925;0.37585364116711156;-0.09361308888820398;-0.1207312681657961;0.07479704126493653;-0.1100005090026658;-0.09861090748228882;-0.10786132729054711;-0.06767456465159954;-0.08364343772620775;0.9963668436312267;0.016027733392106752;-0.12337954629510951;0.3407131372345065;-0.12161055069326465;-0.1232430756838855;-0.02340353302450145;-0.1599669297572092;-0.07113502380160838;-0.1480465914900114;-0.09603396955548248;-0.18825380643955344;0.879178809694028;0.05881869694810843;-0.10556186900810897;0.29022369398527753;-0.11581229775764747;-0.09659194361097012;0.0175642154350192;-0.14880098121381238;-0.04528423036401943;-0.16227863644614526;-0.08381600415229604;-0.2682261537108992;0.7217507585131583;0.0886512521924074;-0.0673760324749182;0.18711068410022202;-0.09863787635661699;-0.05982632833318205;0.016000986249246067;-0.09584476518767333;-0.03869592001827335;-0.1016286312963776;-0.05684092949232779;25.73430181303919;9.214714168208967;7.7700374562351655;17.020777876252343;48.31462318494479;67.04848762718514;24.4874432325718;69.91382776490573;44.48614958682976;25.506490910974165;56.41343234375659;65.3415845123804;32.95350144351395;49.41903648824743;64.00610346777873;34.22820890021125;7.885023300021977;7.809217753127204;8.735647062615447
0.9947126755775662;0.30376183247894534;0.28534434872048997;-0.1438063842370451;0.12291323866320743;0.5355932031933943;-0.07646808632380474;0.00028907395625294845;0.5671903992297371;-0.024689775141740037;0.0316276185455746;0.41602414434203944;-0.001724428277431599;0.13836400256890763;0.8657498641351314;-0.3910938433578407;0.10924726686595145;0.8582302226336643;-0.049562249441008205;0.10111152206397635;0.29289422112569047;0.06371628824460643;0.0752099410082876;0.06841809534871182;0.07070783676957872;-0.0730869715477775;0.9462248413403539;-0.3151457507573224;0.1278925067208839;0.89528029392162;-0.05672028130266938;0.1425377024525741;0.22830511530111178;0.08026800349270773;0.1081322609635501;0.0007982165709805606;0.07691749067094156;-0.19472651932041568;1.0127712441273744;-0.22808300209596125;0.14284692779700003;0.766000299317542;-0.030296534454830566;0.1451099728394498;0.18451384405785887;0.08003543700141998;0.10464072823184854;-0.011578186508387697;0.06891569682797742;-0.23241997634606495;1.054100777231199;-0.14797912157802995;0.12935659756960638;0.5075604050928683;-0.0231645313018267;0.12361717192974686;0.1783043312582105;0.028519552742405953;0.09296861503712459;0.028064968326278812;0.035430472491680375;34.67446139698404;13.938448310679389;4.870584129740343;20.836611058173254;18.959608060140397;34.85282553099847;19.21508578469778;31.033471895697232;54.26163244658908;23.580226213860794;34.364139463275784;53.49706836090454;27.12940129912199;22.719089020834108;39.292975389411396;35.32804474246759;13.79173072066987;8.579930932543304;4.907788418091108;0.9704659687950796;-0.006357197373649727;0.2616773326093929;-0.19938360939099203;-0.04153460264399999;0.32254165016371394;-0.06797894089698288;-0.08101391619235415;0.2932025717047069;-0.04200521134159335;-0.04299008213705529;0.29655049191964455;-0.02836148801801732;0.04926029281710429;1.0713440151205502;-0.05046860867464973;-0.06686995110556859;0.37484929081151847;-0.09167614385709624;-0.12254546802256985;0.07099827949893181;-0.10685283493547817;-0.09931623821042151;-0.11310138477092349;-0.06503015460579284;-0.07618866163794547;0.9969451610164615;0.01719400371293661;-0.12227748018987941;0.33948842512213945;-0.12061281322679486;-0.1253511457554938;-0.03232074884175977;-0.1585209068852363;-0.06973105764819955;-0.15601721820063932;-0.09440169311511049;-0.18101068906945927;0.8857414698269401;0.0622122846514628;-0.10473521345038955;0.2873037262590925;-0.11617489056580967;-0.09833437901327882;0.005320856607169151;-0.14826572162544388;-0.043495329190918156;-0.1731954244559221;-0.08230126631903571;-0.26076472181851035;0.7341155318997628;0.09427450138652488;-0.06768106125355687;0.19143908105354934;-0.09850960979981127;-0.06026947819112504;0.0047996591661005825;-0.09490259242348936;-0.03581253746057653;-0.11707535926892802;-0.055331437156369095;26.042653798072084;8.907984727734569;7.558397887299421;16.622513986144426;50.06367875194179;67.59107138504412;24.685400772640346;72.45372406327976;43.98799721956997;26.099438790242406;60.06804207417292;63.60586897105249;32.78023651748144;55.60202964552378;63.06763479503316;34.80018176602072;7.908806764384686;7.755886075275976;8.501941216202193
0.9943815991275556;0.30594892619676856;0.2838939115759819;-0.1474078822917714;0.12630043457787032;0.5378716506548092;-0.0785788238123703;0.002739232399521356;0.5707250792407104;-0.02633768470277071;0.028443033741226902;0.4246034253620383;-0.002952616673671001;0.13722555558446123;0.8639610224188191;-0.39167568455630913;0.11032027747557806;0.8602194372868261;-0.05197122719839237;0.10560950446238976;0.2997461582918723;0.061673454955392205;0.07918357518239098;0.07387523277725119;0.06938514871032032;-0.07508174916127645;0.9461317102559655;-0.3149563744251013;0.13166234233785123;0.9025558846208699;-0.06105331697676845;0.14745066933830278;0.23554529418869627;0.07755181303451285;0.11165189493030206;0.008407546807186547;0.07552895930812616;-0.19568033822824435;1.0164122122793948;-0.22771068985284396;0.14446205600320336;0.7785174394980965;-0.03531907419458745;0.1501868061962467;0.1913255662512329;0.0781502804904137;0.1094105413428783;-0.0031875712218326366;0.06869575851324977;-0.23168881842476777;1.0615543681292408;-0.1473225946959782;0.1308095422513822;0.5255173895064237;-0.025731415487263716;0.12763729005985827;0.18347547500640846;0.02874861711040439;0.09777837864596435;0.03274945333250369;0.035915368655571905;34.76627412123916;13.984245831320115;4.205088431784989;20.75664807275326;18.78050213681954;33.33812729430491;19.20398368656294;30.48925439346947;51.41765066446209;23.375656250432577;33.99282846556306;50.06988848808555;26.64376606149383;23.10351452318124;37.49999070908915;35.593224882139864;13.88167808289076;8.54252396753731;4.888079520163285;0.970388090789062;-0.010557495733354518;0.2594200345434064;-0.20154184362056934;-0.04047296756713912;0.32037008895164065;-0.06745693804161972;-0.07807350406089857;0.2943333969279072;-0.04071892865592833;-0.04079105785603645;0.293808431137696;-0.026331852207487627;0.056184902677064066;1.0658736938256037;-0.0515169938747644;-0.06214997396733405;0.373834657878039;-0.0897549353861887;-0.12433318564756991;0.06723651067451034;-0.1037331075595968;-0.10000836161252054;-0.11827852292260413;-0.062410616897597825;-0.0688100389355866;0.9974610651128455;0.018346719751247704;-0.12118041705183358;0.3382578008023009;-0.1196190466881694;-0.12742940428904664;-0.04113991582292751;-0.15708155657390627;-0.06833831304521049;-0.1638930413017176;-0.09278171191570055;-0.17383553486606862;0.8921834039805608;0.06556574603663591;-0.10391157725404249;0.28439908054907037;-0.11652702471698952;-0.10005247077609812;-0.00679068111077579;-0.14772788416574623;-0.041723281734007106;-0.1839846482492621;-0.0807982371348789;-0.2533691152616751;0.7463055106747751;0.09983175693596973;-0.06797898493009055;0.1957099827068328;-0.09837717690692835;-0.06070445005360778;-0.00628106224558115;-0.09396523960917313;-0.03295825230463328;-0.13234880146285638;-0.05383511646989726;26.383291112289793;8.626222508071544;7.3618296053615255;16.22332985498378;51.856236954937124;68.02569052359247;24.88290625844257;74.93560982845135;43.443653225963224;26.691498496738955;63.68528168374321;61.72201470181968;32.62160071687417;61.80491948595084;61.29622400282928;35.39829241792677;7.938225503874584;7.71061353824377;8.286832171128236
0.9940156601195764;0.30837966679382955;0.2811192375882795;-0.15047309838382336;0.13016874365150616;0.5391805441493535;-0.08045789157981417;0.005369534978306573;0.5733127598844803;-0.02802302781435714;0.026234786025736707;0.4311795204559363;-0.004426676567879923;0.13646427230451452;0.8616686653810216;-0.39143599248090866;0.11128012398474431;0.8602035762300253;-0.0553418822073003;0.11012641367790613;0.3059266298367119;0.058195653512527465;0.08284514799200367;0.07904072243698242;0.0670861084516476;-0.07648770580460645;0.9461669562153955;-0.3145118786736709;0.13431428765516978;0.9090122362124831;-0.06573274604490963;0.15261563516831614;0.2411289630525112;0.07429608797939412;0.11508473200319536;0.013488365485378004;0.07386904256685806;-0.19607388994914074;1.0201862640684334;-0.22773456641596762;0.14512153982822854;0.7891623501674813;-0.04025090766780792;0.15543194650329947;0.19721385609954153;0.07598479902791265;0.11384054666901407;0.0036301298624254355;0.06829130282672456;-0.23059433537590607;1.0682223612548338;-0.1477847163556851;0.13152878126392167;0.5413392787973852;-0.028000658031546242;0.13167405445872943;0.18842406972967266;0.028863040198169206;0.10223185145290344;0.03700242402654293;0.0362791616150982;34.933476935758215;14.070680800265606;3.6816625615524288;20.57430303412644;18.53546026834132;31.9156082591433;19.10711324331754;30.191102999424558;49.5224702683666;23.121970481040453;33.80753707353754;47.362390143540516;26.166638532375963;23.49774502242684;36.00734530194336;35.984982503839205;13.96042945197898;8.483692325045698;4.836080037467467;0.9701495593198162;-0.014302305470567274;0.2568167434467342;-0.203466813129963;-0.03900582412470395;0.3184427742713699;-0.06640076561024963;-0.07500562865369663;0.29662245737358556;-0.03863427106823932;-0.038181180460977196;0.2908762451223214;-0.02350010724590359;0.0652936643927748;1.0590081966321083;-0.05305308776458651;-0.05785272795136912;0.37315483071556965;-0.08662554160243846;-0.1259737678866689;0.06379783683909872;-0.0992648863883488;-0.10110870390303899;-0.12009105793483653;-0.05910837534815646;-0.05931691170080492;0.9980478422870827;0.019545037538396107;-0.11924387029811521;0.3388691058733994;-0.11651991734944235;-0.12976529580250465;-0.046509053112170955;-0.15359030591514475;-0.06878734146485568;-0.16693631788327082;-0.09021865289942904;-0.16485482819868116;0.8998395963122089;0.06958097955196507;-0.10261341650416424;0.2829060779712676;-0.11500460797766517;-0.10204366542861669;-0.015961931295146895;-0.14547180755011174;-0.041725024122338306;-0.1892553788015264;-0.07871517409342077;-0.24449595689224146;0.7604604852335317;0.10662774745537039;-0.06808174979918105;0.20048981333068056;-0.09699710620793024;-0.06162707337877085;-0.01552704839448587;-0.09196876642827286;-0.03145583361895775;-0.14332219758689993;-0.05185992162583954;26.86634271644198;8.410493613581762;7.171140343614558;15.816721026747846;53.58889714468935;67.79387760130702;24.738186225418918;76.94220320741964;42.83373538311429;26.946418018275324;66.753915444919;59.87573412908291;32.228945645573134;67.40464782777825;59.10430134108537;36.009958867275316;7.990355661935779;7.68332226863206;8.083594200626727
0.9934865145062244;0.3118302405558694;0.2722030924456022;-0.150800061269068;0.13609987130848855;0.5357970522845262;-0.0811209423334446;0.008700593087051279;0.5712392380665267;-0.029785965031628454;0.02881347839860957;0.42781823277342984;-0.006984241351845795;0.1375485243355542;0.8571264034169253;-0.38730037410216334;0.1116445020028114;0.8506435502216593;-0.0630948699488419;0.11446378569127316;0.30853957402734455;0.04808756834252041;0.08480045277339694;0.08250684715108425;0.060272181760057525;-0.07500357904255216;0.9468257296597168;-0.3128825670841257;0.13148022355572703;0.9111888352631503;-0.07178316435053657;0.1586737313483989;0.23848461275872312;0.06866522935403888;0.11789927628566794;0.006211510106556237;0.07101630390905513;-0.193776018113279;1.0243827436842874;-0.22964881957686645;0.1411882437967323;0.7902548623788209;-0.044454677597925554;0.16116650737671384;0.1983495476092648;0.07261428567948883;0.11638631116088602;0.0025407119992657437;0.06703259634347833;-0.22783708463189542;1.0707605526129869;-0.15355347335869124;0.12870936766568603;0.5460411737037988;-0.028715215858643;0.13554956771533683;0.1920172870192849;0.028424547685877287;0.10472093590453109;0.03894353873985487;0.03604436363605836;35.447812408549154;14.349321393347665;3.6165767696330815;19.90085312674775;17.9354102174974;30.47187229685648;18.57144094420339;30.965609949947517;51.85747375664522;22.603497911906818;34.39103371786596;47.46376310020126;25.653565579433273;24.017345916628926;35.252827716992726;36.961212135868436;13.98094481441394;8.323105758054647;4.618769502138161;0.9691589399975152;-0.016092084989787637;0.2525308080160626;-0.20439217711275454;-0.03562274422900504;0.3175689893997185;-0.06285292296239606;-0.07124060042600397;0.3043171603567513;-0.03280661356898995;-0.03358901387000818;0.28696553344896103;-0.01688078063664162;0.08476806702264374;1.045490643365153;-0.05688582377542069;-0.05534034064701648;0.37399048464287826;-0.0778329637294397;-0.12699941280752636;0.06171782828345303;-0.08844014644703098;-0.10412497403036898;-0.10651676521601429;-0.052550026286552864;-0.03976483362162243;0.9989884351230999;0.02099677349843501;-0.11338147616487135;0.3479652478760912;-0.10363809263171826;-0.13337084863498674;-0.03622857803517542;-0.14054782886722225;-0.07771270576079987;-0.1478956988237525;-0.0832308136840525;-0.14725368213010268;0.9133591910122959;0.07678313871041594;-0.09908893726513006;0.28784421332400095;-0.10481729879833772;-0.10536277849814304;-0.011963726232696897;-0.13524216642662598;-0.04987430347686296;-0.1693732212220684;-0.07389230507327899;-0.22851337627892787;0.7841638272374631;0.11936267564033581;-0.0672923559425353;0.20778340847956603;-0.08983669881601934;-0.06482369550098016;-0.01668421818670488;-0.08503525459080613;-0.036107928707558655;-0.13494742509691235;-0.047613318919070696;27.909997106849833;8.439427554528727;6.997966409857211;15.490959276069397;54.884155376401196;64.57811349055069;23.069378497778914;76.83059826686323;41.816611074014865;25.64393184157197;67.50238795912205;58.3208737576609;30.71791425524559;70.49172612337107;57.2471078991791;36.610308245818544;8.144499681381747;7.7278502830071005;7.894185388804342
0.992957368892872;0.31530525912450086;0.2632180142062379;-0.1511286915686971;0.14207515674990187;0.5323850872140974;-0.08178857686443604;0.012056813715799745;0.5691469670836615;-0.03156208456447805;0.03141153183654111;0.42442921777150106;-0.009561124128504657;0.13864024577732317;0.8525451792124372;-0.3831313851853575;0.11201104012938062;0.8410066227798245;-0.07090619379680894;0.11883336990703798;0.31117064154613056;0.037902728956470316;0.08677010127753995;0.08599876158109851;0.053406365475391536;-0.0735078191917526;0.9474844217022695;-0.31123925065645036;0.12862400795625922;0.9133770303595925;-0.07787898740919054;0.1647768253929746;0.23581897406538707;0.06299138954922105;0.12073448979289798;-0.0011204489536485393;0.06814159599617488;-0.19145971924621824;1.0286054998238479;-0.23157633063204874;0.1372244254465822;0.7913514135627833;-0.04869002329749433;0.16694360429497138;0.19949277244207597;0.06921787606253886;0.11895071887825782;0.0014430359450355898;0.06576400538396401;-0.2250577480502783;1.0733122225615424;-0.15936506594014643;0.125867928269008;0.5507757299004578;-0.029435027711587645;0.1394536850377933;0.19563666980360855;0.027982584596885726;0.10722829706047159;0.040899135189776274;0.035807595840771506;35.97787181355196;14.634333576860147;3.557939423522771;19.209261400022207;17.426149804258742;28.993976356317738;18.034187756516417;31.803472124586538;54.13301381351353;22.082600906908077;35.006985878167235;47.54518054946247;25.147090709242626;24.537774336001313;34.52598800536529;37.967008681546105;14.002231830060216;8.162860451402516;4.401314988899998;0.9681683206752144;-0.01784763602268587;0.24821733202035265;-0.20522607665049006;-0.03227951767237471;0.31658948176243484;-0.05933728260837019;-0.06750803770840212;0.31177624341995464;-0.027058350793951053;-0.02905649887800041;0.28300841930625026;-0.010359302703599622;0.10390401690138928;1.0317925392200729;-0.06063682396983627;-0.052846682203988166;0.37467227905496414;-0.06914951348551004;-0.12796113184369354;0.05964734282350006;-0.07775253318829312;-0.1070545883400498;-0.09311608101047726;-0.04607514631791362;-0.02050557854737045;0.9995383761594016;0.022417757092631736;-0.10756870922711227;0.3567872873447899;-0.09092005881292874;-0.1368694662666816;-0.026096305309410348;-0.12765778526840915;-0.08646833184292593;-0.12909916989556675;-0.07632166157599443;-0.1298742079388943;0.9263223345760214;0.08384303561463616;-0.09558265961534057;0.29259631945201836;-0.09475092053021289;-0.10859000278376317;-0.00802395877785185;-0.1251226759717676;-0.057876535063916636;-0.14974032064890255;-0.06911755616912721;-0.21269641652549412;0.8071990149213227;0.13185222668595717;-0.06649007139039455;0.2148840163299307;-0.0827552097487855;-0.06794560890848986;-0.01781689508922644;-0.07817889577641234;-0.04067320702973944;-0.1266537153209901;-0.043415651731785854;28.989248220574424;8.53116358220827;6.918828880409063;15.363657402440557;56.20082532392329;60.80776223455419;21.541006689043737;76.42108952971678;40.30771549751906;24.372305175194036;68.14393164108806;56.18315449066298;29.27274879716995;73.48924239384051;55.10002007639786;37.256087340245145;8.32884045616523;7.802764298354739;7.753740710753286
0.9923567632296884;0.31836065319843687;0.2572192371019542;-0.15316454576635571;0.1481003572066739;0.53114319684351;-0.0834998887016575;0.015883884409218663;0.5685751705555849;-0.03375219867201534;0.03516606206433666;0.4224847926234005;-0.012548910072593525;0.14034039693404138;0.8459533519525358;-0.3837185165910557;0.1137506148078811;0.8353389084602314;-0.0784899772823212;0.1223285818955499;0.3157206860012818;0.028787183708301793;0.08803646312895358;0.09232940718408045;0.04711924850205878;-0.07246505331264864;0.9468561137123263;-0.31338844262988624;0.12713190006314712;0.9164726273925399;-0.084037886317813;0.16958117268779727;0.23504279196996516;0.057536996618016284;0.12266467598921157;-0.005555323685924789;0.06490391668433222;-0.19064902092336156;1.0331794595039607;-0.23610624560403856;0.134869439281481;0.7944039373719176;-0.053184371389719313;0.17146930511771408;0.19958251367061616;0.06583000899527998;0.1204747618648672;-0.000384814821066736;0.0641704250376918;-0.2244533006056066;1.079185249167257;-0.16663197092755247;0.12351998283814196;0.557065948704735;-0.031028979534195533;0.14264194091175988;0.19690063485814133;0.027041987474616034;0.10902305114359064;0.0402580642125662;0.03506461200518252;36.243408859970046;14.844223043265416;3.5837800317981863;18.856510132353364;16.83312062465929;26.727276206375993;17.737538635675246;32.265540564778796;55.5254293635585;21.759273586213176;35.56344798751718;47.93395071997271;24.728943141931452;25.223414105157605;34.66338422299603;38.55626026330871;14.117547527463252;8.100755896983241;4.263374702523124;0.9672995211359235;-0.02124346288781221;0.24546646830197696;-0.20463325745973981;-0.031542892115133024;0.31598480806968293;-0.055811715607791135;-0.06753106580888887;0.3145827680290333;-0.021996094593217184;-0.029416764570868708;0.2741787988815096;-0.004837201686130905;0.1132915798287576;1.021341095777265;-0.06320119813554627;-0.05542359048264115;0.3730896659954522;-0.062490129060846354;-0.12942242373134047;0.05457427896541696;-0.06952537076512517;-0.10947830690467149;-0.08196603751323993;-0.04117635784446325;-0.009674344358210294;0.9996800703614261;0.023370151548778362;-0.10562466325322847;0.35938150500505983;-0.07965239160109747;-0.13933735573120026;-0.019189490634021825;-0.11537101948162554;-0.09393971264700757;-0.11181953158447239;-0.06970265238969862;-0.1195105141896607;0.93545880407226;0.08852354972238057;-0.09531574194572946;0.2930950181862067;-0.08540741714413494;-0.11079382092945195;-0.004473668534584047;-0.11497667252154369;-0.06488420648865656;-0.12950119766500195;-0.0641668957826016;-0.20279315315522378;0.8238828302546024;0.1399914160230263;-0.06782546875084307;0.21947377809874594;-0.07538764814772818;-0.07029578474341418;-0.018321950156906724;-0.07107528784919137;-0.04435841304663814;-0.11729186923740344;-0.03919266708647618;29.750601089987125;8.786563778998996;6.653798921030391;15.814895583700654;57.85742177318131;55.87216302084979;20.618597755436948;75.86696321770656;37.749430809486825;23.40525862207194;68.08233346087158;53.23622638793251;27.734964688283796;75.61389524684353;52.90782219612127;37.60614345168052;8.423228963188054;7.826443015303181;7.628846133516691
0.9914482716155044;0.31946339578479865;0.2644650399755261;-0.16273360692438898;0.1542742047855753;0.5394303196661958;-0.08981548659308204;0.02177206332240964;0.5746355042345332;-0.03775826750640334;0.04402223438310059;0.4268764408877343;-0.017338071152919996;0.14470013140630075;0.8302966877021596;-0.40533614231907533;0.12155011855003739;0.8471529064309994;-0.08499491242694034;0.12189136393572673;0.32869192951848986;0.02447517086520196;0.0861525925245449;0.1112010780246104;0.04343419971258457;-0.07342505181755504;0.9403134153156348;-0.3322942111187553;0.1316791871099127;0.9233782480110717;-0.0904167827687573;0.16854974600195582;0.2426104056079223;0.053081664379492535;0.12053690346171539;0.0029043232676629533;0.06006266567982833;-0.19648760292849426;1.0390586554649048;-0.2521091138074701;0.1396446352119005;0.8059488057883938;-0.05878662577479842;0.17037095942793903;0.1949510735979466;0.062488924886686226;0.11734318150628087;-0.005442136179629111;0.06113088105254834;-0.23346109368195497;1.099532302079572;-0.1802750744162149;0.12335248854337932;0.5701003080715276;-0.036486590164811615;0.14259926447713897;0.18765538097817627;0.023888007916687323;0.10761806371518515;0.02808339341351599;0.03207150480108922;35.31406317131926;14.701619560845357;3.9833660316276758;20.080443085745504;15.53784268485201;21.56498960548523;18.504898656784654;30.870432874983052;53.21688010133919;22.302951806297166;35.760273293957276;49.83018379133091;24.664577759267154;26.68736535836814;38.760957073399155;37.223023650739634;14.651268121411917;8.474016595456572;4.47712187634857;0.9669555826879872;-0.03199262563975933;0.2494990136046729;-0.1980707297500381;-0.042011383779111344;0.3172908447193029;-0.05202931900681512;-0.08380689648270814;0.2979081478818371;-0.01951837353359248;-0.05091329732631221;0.2439701040558887;-0.0031950537029776286;0.08154122309666462;1.0251699843278752;-0.060922472050424684;-0.0801035491190115;0.3620347350147583;-0.06409867658492778;-0.13329009957186552;0.03623126040713473;-0.07133141382021839;-0.11003055494286111;-0.07973120033180459;-0.04272982092798952;-0.03431446100152649;0.9991599448169655;0.022403625589026685;-0.12030885487705681;0.33574105175022034;-0.0738409753283593;-0.137708865190824;-0.0256594465401499;-0.10485095883617421;-0.09656318541896826;-0.09984923475018943;-0.06389346973218665;-0.138690489142769;0.9298392150635526;0.08341539281705512;-0.10908548512095445;0.27562881949983564;-0.07854257128752404;-0.10888122522589447;-0.0023293470345884934;-0.1040508364709771;-0.06822413923187545;-0.10521447155464085;-0.05814244810189095;-0.21781252009893126;0.8154019924347053;0.13017707212740603;-0.07854689789676861;0.2138437239581374;-0.06629564768545802;-0.06958105947394139;-0.01618269626762442;-0.06243035937785093;-0.044587898304880975;-0.10272688086525471;-0.034574168475819185;28.985314246058262;9.87362355044387;4.861975184033255;18.07849099939421;60.99305438300185;47.97145663158478;21.897469007356477;75.74229810654772;32.51545124212252;23.775197494804303;65.15440787004336;48.76429722073928;25.52071825295924;74.16124002923338;51.49075817650546;36.47209883114379;8.015517500394465;7.527121059165598;7.412247231913121
0.99053978000132;0.3204741402926935;0.27188687624939745;-0.17261450034850748;0.16062827714110353;0.5478179630370309;-0.09634437739659739;0.027885462519419514;0.5806927041226799;-0.041907804830408776;0.053212354297055814;0.4312613663483854;-0.02231057309274544;0.14917192102357787;0.8136632926771554;-0.427642193644209;0.12960850713469146;0.8590769572877626;-0.09172273125832488;0.12138487743726704;0.3420398841044382;0.019981029487692488;0.08415704849057232;0.1307769597860609;0.039583923855082574;-0.07439204213103542;0.93311012312571;-0.35181148671965895;0.136351537763968;0.9301660276105209;-0.09701123703415207;0.16740553750191875;0.2503761658245905;0.04842632592497059;0.11827311624928653;0.011699620287938342;0.05500307015486637;-0.2024750993109317;1.044729920471553;-0.26864200177709535;0.14455058187530506;0.8176105394713516;-0.06458696672434863;0.16915639221551204;0.19005225742946644;0.05898820467451066;0.11403697089489678;-0.010698538250501734;0.05794428685986076;-0.2427282775943164;1.1202218447908474;-0.19438478656390923;0.1231258452053367;0.5834111873800951;-0.04214601456778031;0.1424942212475359;0.17796212051777308;0.02059826559702211;0.10611134100991593;0.015411947013956775;0.028945559621261326;34.39457405563179;14.551417125960073;4.437373581351414;21.379875364745008;14.283192735477474;17.149313550050778;19.30946638085655;29.463421929078905;50.53518486794153;22.857537384401546;35.9717167394778;51.9242691840417;24.600511359035963;28.27738726303831;43.441740177504144;35.87056479976749;15.213321816590605;8.87215003116267;4.706395119184521;0.9666116442400507;-0.042984198529275326;0.25347268216899077;-0.1912229397453155;-0.052709109069029494;0.31842863452477477;-0.048121701224991285;-0.10042746315868306;0.28063825784763063;-0.01696781166239023;-0.07290285255568135;0.21286954003122655;-0.001510774152147892;0.04896379855456621;1.0284457155711533;-0.058549648051630244;-0.1053358845571289;0.3504813656276293;-0.06570608490803896;-0.1371681774818416;0.017417284502874955;-0.07313657977376323;-0.11052688486092548;-0.07739147255866582;-0.04429427896106653;-0.05953486562150415;0.997996827323398;0.02139935578145481;-0.13527587430079419;0.3113112944924406;-0.06784101176276275;-0.1359537232955709;-0.03227127079262353;-0.0940077617120885;-0.09918983350423448;-0.08752352874420935;-0.05790206938964999;-0.15825152408502097;0.9234957877797061;0.07812982886808083;-0.12312279688807967;0.25756206758316463;-0.07146047803759913;-0.10685322268283998;-0.00013117245782101383;-0.09279245597315702;-0.07160262642395422;-0.08026807341214362;-0.0519341518558472;-0.23306139600590967;0.8061996076124934;0.12004085561668255;-0.08948069250903089;0.2079412370921033;-0.0569397181613996;-0.06880498133617813;-0.013980974188062857;-0.0535348616630916;-0.04479486291807907;-0.08774128226709531;-0.0298210345087898;28.16240091097706;11.488624983479465;2.978544819481405;20.510621357044236;64.15020960055979;39.856730207618774;23.56079363494801;75.37144888585716;26.556450503787847;24.50920618291959;61.68640249681483;42.410914638720236;23.365001310239222;72.20759497539417;49.4736279360127;35.27060868758235;7.598845440458584;7.226952346844995;7.198055840908275
0.9898719280533332;0.3263321659964657;0.2758393023338855;-0.18361454409144454;0.16814817622744563;0.5616176230924265;-0.10293391422681415;0.03247330763496419;0.5912997646705652;-0.045780726593919074;0.05931229769281661;0.4397442707670076;-0.02655680604988582;0.15613377195007885;0.7952461888214747;-0.4538930660366303;0.1365366425368774;0.8782826966681502;-0.1003411048818875;0.12283943646730966;0.35900579399390675;0.015990916320569544;0.08328759204890765;0.14970320054842445;0.03693362407188224;-0.07464057636510717;0.9240068413110444;-0.3750201882169427;0.13976725029106157;0.946642867926446;-0.10511900369442415;0.17071529775594224;0.2617960831480772;0.04597025327394588;0.11818248338302971;0.01860120426055433;0.052628306209064994;-0.20861742802367195;1.0495232042447267;-0.2888325069147769;0.14882554858959016;0.8396857920521805;-0.07213998809979626;0.17283220724262496;0.18919983953630892;0.057846923063269294;0.11324282106767065;-0.016551661382536005;0.05762578584664445;-0.2527494831437686;1.1412723065651422;-0.21221876259773248;0.12276253868279925;0.6061946541876672;-0.049556278527795976;0.14636271164330622;0.17370106256519668;0.01798626493335743;0.1074867014944605;0.004764440624785725;0.027369171341742646;34.297170412389;14.510295658503832;4.635669825219446;22.911244179985577;13.383837204661369;14.043830655710906;20.158140651128427;28.65710911450074;48.30366276683574;23.320194317378824;36.633490844308774;54.02515566399046;24.39844790083261;30.05277368525587;47.61632065256351;35.05046710425917;15.891368084590932;9.340745014113647;4.966157789799248;0.9668357968378276;-0.050721839197748995;0.2556080509836357;-0.18677480602073787;-0.06262975664102634;0.31651067048178394;-0.046623714591723715;-0.11513684641671086;0.26452164880736506;-0.016384138835665526;-0.09254356262444072;0.1878839354079001;-0.0017407697135344844;0.02059334859941683;1.0318285595269168;-0.05792000074624835;-0.13034957501055094;0.3324225954274515;-0.06653037356970747;-0.14124840761417312;0.0008676778665242038;-0.07491261125504313;-0.11141481833753951;-0.07714848562753733;-0.04613987612649514;-0.0825207042896657;0.9963966021933469;0.019599604615671718;-0.15080723932554535;0.2872941332315467;-0.06404129571032001;-0.13495703933714465;-0.03920411699082688;-0.08714432461391242;-0.10110610801403315;-0.08209985986043512;-0.05429717657501864;-0.17706074636216887;0.9161576303104255;0.07347809767863978;-0.13608304631973345;0.24141972110283352;-0.06623756705787094;-0.1059914608465931;0.0003004134697798182;-0.08514116586027724;-0.07453779163941156;-0.06523594009165166;-0.04783308115769591;-0.24883498078875405;0.7959245152487785;0.1121065747979695;-0.09941696882199391;0.2027971811712555;-0.05010415274562491;-0.06892441544891247;-0.01132497868785147;-0.04750251521636462;-0.04603895868892188;-0.07634019321152155;-0.026744738612888792;27.40789879887538;13.232611417811942;3.8708246521350524;23.547765222932945;65.93105486957802;33.31860883693013;25.9245388577958;74.44024741867891;22.25560575380761;25.65640031154996;58.68188310514183;36.9360200817866;21.96172010711599;69.21201738603216;47.53250832894325;34.37837535116593;7.301658831838198;7.057353505807235;7.122249876444633
0.9898575656237668;0.34642598121158746;0.26941056677812775;-0.19752105346846247;0.1788575518371962;0.5910612226095661;-0.10945262308038528;0.032346731245692074;0.6151380680233005;-0.048680719923980244;0.05599762039074748;0.46016156775619443;-0.02847363690119061;0.17023551374250032;0.772570739528854;-0.4908661067652554;0.13985534139535366;0.9185473246403051;-0.11423181684525133;0.13008973625332326;0.3860926751592098;0.013672775414624515;0.08582326334024085;0.1659359009107483;0.037969804655527906;-0.07276920324877531;0.9099404231020025;-0.4083051180961205;0.13935006849186604;0.9914615825975809;-0.11740286704092844;0.18715475963397005;0.2836522463942981;0.05016091109071203;0.12458194054523843;0.01959219167467742;0.05833995127574619;-0.21502028814012644;1.051829337451601;-0.3191017227340749;0.15109045597779586;0.8919798923069289;-0.08459313111995935;0.19091790854170718;0.20045171442947352;0.06377502766405935;0.11997324748089055;-0.023929873229014804;0.06585094942954742;-0.26465682555402215;1.1628436435504306;-0.24040665249724263;0.12204713113664649;0.6563018850678315;-0.0618603474548481;0.161903536585256;0.18579862486603968;0.017503311572327762;0.11739000199506174;0.0005819045196916763;0.030467770723240913;36.43728072720504;14.78243878209365;4.044975933539597;25.057792820380453;13.36555125889676;12.90229228714827;21.18074811474503;29.489732201289595;48.2246992499289;23.57718764558594;38.41280889074655;55.582169548350194;23.886641517680303;31.901284307908096;49.027645465657606;35.65433723673241;16.853882073807924;9.984358409362658;5.301063938367847;0.9686026774062184;-0.04906522806997186;0.25286704417514627;-0.1894995629395991;-0.06995626808710162;0.30662161817679046;-0.05197853844927308;-0.12391711883545026;0.2528228161395725;-0.021330829791551528;-0.10474813863508892;0.1814890251460401;-0.007291931853234258;0.005445018530797302;1.036762673927457;-0.06225766863618644;-0.1536315609865284;0.29764949415797914;-0.06522308993407042;-0.14587462117223607;-0.00851271536556525;-0.07661873395120936;-0.11350132312470992;-0.0828638816386085;-0.048736112698263445;-0.09820045691815311;0.9950427151511958;0.015705581351927896;-0.16730975244167814;0.26607536010255173;-0.06665537629881149;-0.13631132938525653;-0.04672397583607659;-0.09184179009528022;-0.10108438147524254;-0.09629283710002798;-0.057601115303883135;-0.19304153665904966;0.9077008254215472;0.0709355883838219;-0.14555714370413247;0.23181186546812887;-0.06655587898048873;-0.10856908526338925;-0.004209546006189382;-0.08805127202794576;-0.0761887291851886;-0.07868600531001543;-0.04988001759565273;-0.26559250005674595;0.7843001214194687;0.1108728111476103;-0.10619538374380577;0.20031410245010953;-0.050712706644152505;-0.0716268584394483;-0.007558037866634927;-0.04982340061809952;-0.05017013047745899;-0.07562081961452764;-0.02853532767427808;27.010165420037453;14.0956599648188;4.526072516562745;28.38806647085408;63.7817334279206;31.178443653838066;29.319534716243446;72.51478874150001;24.038544927434884;26.9079041261842;58.32326585834478;39.45843815709804;22.213365552694157;64.93688211730154;47.88841311387511;34.50902481940725;7.349805094522445;7.2476370603359905;7.416580383369581
0.9898432031942004;0.36783940819881916;0.2619914237844522;-0.21240394934098297;0.19027887161405738;0.6223137685138693;-0.11640381454038529;0.032160244146959754;0.640236814797949;-0.051773130330057364;0.05229618375731698;0.48175809429327526;-0.030523185043748263;0.18537226719155597;0.7466674600318682;-0.5304862791121604;0.1432684957742618;0.9611209501668496;-0.12922193355444897;0.13780857321012402;0.41507930797498704;0.01112224197083627;0.08846253598129726;0.18340488360807225;0.03904398916807449;-0.07061797775783324;0.893228069599346;-0.4440233292263146;0.1386865045886649;1.0388967417804864;-0.13063447324882932;0.2048177009651451;0.3070829683483198;0.0546597868160376;0.1313803680666326;0.02064451321026351;0.06448666441615525;-0.2216872838452414;1.052774539520572;-0.3516617765091968;0.15333667566249187;0.9477226135905427;-0.09805852420138297;0.21037199082948121;0.21243286817609583;0.07014987058776537;0.12713979361056585;-0.03194695722880916;0.07472978227663923;-0.2772574354504719;1.1846496823601416;-0.27081267040086443;0.12108392954679122;0.7100099629615062;-0.07519700633529289;0.1786234075194193;0.19872468874146307;0.016950043103808668;0.1280233962711402;-0.0039839340570074775;0.033804163249325704;38.62269584931746;15.052876359042637;3.4626758089924454;27.477199049576353;13.373863109612813;11.919524682763083;22.448847726789538;30.298101650271093;48.18197132991122;23.954140800539168;40.094799042780664;57.05252643310368;23.479059116875423;33.624470147400004;50.31365916175126;36.17051836225502;17.872707048843587;10.707601329769261;5.68777203573932;0.9703695579746092;-0.04738305791028246;0.25003810759589046;-0.19219452924897854;-0.07731953415187574;0.2965763428128833;-0.05736000002785842;-0.13273078418631018;0.2409683893030343;-0.026309222343226583;-0.11701707394070929;0.17499755491299793;-0.012883094418634193;-0.009819204291147833;1.0414584550916988;-0.06661155708088136;-0.1770486007744874;0.2625345565744131;-0.0638885910623202;-0.15049700672272293;-0.017961714240693955;-0.07831737823346027;-0.1155734185017499;-0.08860042900351368;-0.051339007889747365;-0.11397256433506954;0.9934140799031553;0.01177796370582671;-0.18389246444242235;0.24462554686473242;-0.06927148670670934;-0.1376396144047807;-0.054288226048331036;-0.09655032982587648;-0.10103561877833506;-0.11056744369311818;-0.060914702675240164;-0.2090917437653797;0.89893882870166;0.06835501315717786;-0.15506412312218915;0.22206979844270258;-0.06685890269646147;-0.11113732184041114;-0.008752459060786958;-0.09095995665058297;-0.07783188570596077;-0.09221676775505504;-0.05192915861147254;-0.28240601753916184;0.7723794092311341;0.10960025229715196;-0.11299677871421498;0.19775901313884162;-0.05131237681567325;-0.07433067721902241;-0.0037606286900268584;-0.05214857532633801;-0.05431917606812585;-0.07487590832140577;-0.03033185883339696;26.69090713727222;14.996924617179765;5.284728933469783;34.02470441671445;60.74423959400004;29.155086888071356;32.99969665894835;70.26553486664997;25.469637746878043;28.22845661630178;57.83109519350607;41.39018530353225;22.443218606154822;60.861310261880405;48.16358989126476;34.6870578309929;7.402726155029243;7.448497177100367;7.71905627022921
0.9892918325316729;0.3826245636553163;0.24751214735340613;-0.2277699733359668;0.19738330920865016;0.6359978446610456;-0.125554141747076;0.031305286145210914;0.6543380485777692;-0.056828476656900606;0.05495816433553988;0.48889168931876825;-0.03486882481886213;0.1894685761407012;0.7156464828932203;-0.5731289088351448;0.14409015067088143;0.9907995859046148;-0.1436101325580944;0.14693670908523013;0.4349235705479478;0.007764112544436211;0.0953811002657594;0.1950275090724353;0.03890301499882399;-0.07504169112803459;0.872803975809875;-0.4822675236869261;0.14005539648874563;1.0738243754306704;-0.14391953371255545;0.22174095536725666;0.3211498879493442;0.05809010369740159;0.1404017210802041;0.017831040053695353;0.06909827027433485;-0.22991905977648086;1.0478297168455522;-0.38580763698689247;0.15647527705962444;0.9879653678324781;-0.11074201000313158;0.22674721422457364;0.21840350759849034;0.07503623253009287;0.13472521966740256;-0.03948287497677832;0.08131498815159534;-0.2874929909560101;1.1957692896136027;-0.3017307411748082;0.12209867227925478;0.7488088925318139;-0.08705200890083016;0.192012467266033;0.2073471778314808;0.01618795217148523;0.137437508249418;-0.007185020661200647;0.03582438402911176;40.74973210570901;15.457911060201761;3.7732703823460403;30.17227846790619;13.810805264157233;11.768702135792843;24.238536209862183;31.49132534541388;48.87276564071531;24.74467030647792;41.764207328953;57.73975412364766;23.54180225944807;34.89590174742084;50.73054457978644;37.15011144129002;18.7006370452872;11.31523972638653;6.094844684933375;0.9725792853523316;-0.04693141747084852;0.2448635204910764;-0.19488225377143573;-0.08391047032120245;0.2862763962900367;-0.06163026048305321;-0.13906949958394318;0.23285648499782535;-0.02980090993568012;-0.1258617845753351;0.17190416320012208;-0.016791979925965872;-0.024108750333813617;1.0440840440354069;-0.07062598874738885;-0.19473679096647892;0.2346855957288541;-0.0628159802630321;-0.1524043297018386;-0.025626474453782955;-0.07895085458027534;-0.11529832955341822;-0.09542286059386412;-0.052478234441783074;-0.12778404132996768;0.9917602099707222;0.00910630002856194;-0.19669024148923622;0.22633562630332568;-0.07049841126624742;-0.13704912681876258;-0.059891788694676366;-0.09861314376372715;-0.09917345130339918;-0.12186215710542245;-0.06223416915828948;-0.22231953112908562;0.8912845886094046;0.06764507134751133;-0.16326872428255954;0.21340785444528987;-0.06696360656907722;-0.11171944011114329;-0.014297197090150614;-0.09146895136090426;-0.07758278587119158;-0.10284643648571891;-0.05220175169994732;-0.29493368739809095;0.7619059704413524;0.11086167385243968;-0.1185517588215797;0.19307673024709024;-0.052430524179132715;-0.0761429321866754;-0.0027419923016812004;-0.05326710423121204;-0.05709226420556767;-0.0739360314134066;-0.030797736786283388;26.79335479200664;15.311192838061414;5.623014319510485;38.75400553653304;58.012396733144115;28.619957128355377;36.07654528213035;68.35735962995896;26.78174628797261;29.509714732299017;57.962062672583215;42.3183225911261;23.181191813357533;58.518619282408835;47.391357823646246;35.23580847537468;7.4469950943486705;7.6113920565936635;7.936730799530563
0.9875225702178289;0.37920434216438165;0.21866344034358312;-0.24202218245201346;0.19298397570634734;0.6052453592753709;-0.1387170049790128;0.029012944686245466;0.640095161171947;-0.06591550220375791;0.0728727657174167;0.4601079807362142;-0.04415062486422459;0.1660661477780125;0.6787335311340542;-0.6167078975217652;0.13865366479536448;0.9853257930604133;-0.15424640426648528;0.15817889149084938;0.4295930432743129;0.003025114157378173;0.11175875888509613;0.19059494349641165;0.03587032782410609;-0.09496326104232322;0.8483539502803205;-0.5208431185068908;0.146416603445013;1.0737742553155465;-0.15525572363175874;0.23426460090345239;0.3103145084966492;0.05839579776669063;0.15354227472229376;0.006049719401883269;0.06925167051115041;-0.24094709147925006;1.0310995415710187;-0.4185282278815896;0.1615250858587286;0.9848029567952098;-0.11947367763384016;0.23308409327097726;0.20894699290157445;0.07554096696976342;0.14224220937621224;-0.04458461539985277;0.08125472445544331;-0.2906239578087132;1.1807664068424708;-0.32900768900717814;0.12800294852305966;0.7454933168559531;-0.09334138088367501;0.19520799721896123;0.20424968478903954;0.015074677938266669;0.1424450900405896;-0.0064864876559625004;0.03432072361614;42.680293626559475;16.225161091258084;6.390084158081967;33.0119580449517;15.240341068917301;13.443618404956975;26.716391477169935;33.61871081877604;50.79132000041803;26.233228342424056;43.596153981609056;56.74784082018317;24.483036271334793;35.36474128125435;49.41065350049702;39.31752905472899;18.992404223316967;11.531917747126117;6.458806097420726;0.9757933538160796;-0.04933545732751287;0.23443608091586984;-0.19762795803125516;-0.08872457972455093;0.2755839594802015;-0.06334731961304799;-0.139741033095082;0.2335112902354705;-0.0298652322534364;-0.1268343205123419;0.17672716048677567;-0.016815029606097886;-0.036082858206026545;1.0424156288998339;-0.07386855244513832;-0.19923019850870388;0.22382717314044875;-0.06238139502492239;-0.14812427033280484;-0.029152808047436043;-0.07716647767667796;-0.10967789994057733;-0.10474788307458577;-0.05026746282887985;-0.1370625001754187;0.9905183263235248;0.009344317145015523;-0.200795530123768;0.21552873072702977;-0.06855455797176946;-0.13211095227890882;-0.060978975149111735;-0.09462222607132799;-0.09319593168191422;-0.12629075820970473;-0.058986624490820726;-0.2290787806210433;0.8866378196926217;0.07127471367357777;-0.1685042878580672;0.20738109828856446;-0.06664247474350278;-0.10778026565187052;-0.022120982414169935;-0.08649612615464834;-0.07301739935087562;-0.10678638343273757;-0.048409434210975294;-0.2976635414929751;0.7551777080023958;0.11799739027417572;-0.12126129566509157;0.1836172947970829;-0.05475935722125763;-0.07592852986843625;-0.008124106713503745;-0.051627488910253906;-0.05670969273783094;-0.07258741752097014;-0.02821356087406029;27.684868281954735;14.236055699998827;5.092833825402242;40.015127697190565;57.608597499791415;31.16889636950316;37.368268758002905;67.75622942248708;28.421036653462096;30.60300004750603;59.88518720803198;41.76307289325972;25.199000606721278;59.70914401527237;44.32973987057456;36.58564595678843;7.466142854147895;7.674514332359088;7.958315759452441
0.9857533079039849;0.3748233177180474;0.1891532253273174;-0.2557268920765507;0.18808504050617844;0.572858200111441;-0.15158603462626094;0.026638971987705023;0.6241965749526812;-0.07487422973441701;0.09067699164638765;0.43005997594541784;-0.053359267173696344;0.14215536038743076;0.6399777222772582;-0.6589208176878671;0.13284912891971823;0.9773690958063083;-0.16453995184669243;0.169070950624562;0.42316821995424203;-0.001740390147953616;0.12792277189198084;0.1856686103423856;0.03273592147250501;-0.11472730621371344;0.8216872487328376;-0.5582720756752972;0.15243754748659738;1.0710420040136237;-0.1662494672945433;0.24625321066796207;0.29866073841781;0.05855686096754603;0.16635187697827283;-0.005793822290052078;0.06923271653313197;-0.25141741614894025;1.0117271225507953;-0.45033431682879116;0.16619165179517809;0.9791681899155634;-0.12794185575232603;0.23886414557178481;0.1989307836705481;0.07585904353148354;0.1494339841331443;-0.04959539900385547;0.08099127251592302;-0.29304156275931154;1.1627543693557787;-0.35557195950271125;0.13361112587137186;0.7403024887117479;-0.09942276694392622;0.19792874076090528;0.20062965782385703;0.013919300442464913;0.14711691559305284;-0.005768960286540411;0.03272532865640674;44.598704606911554;17.08527452534556;9.394687290997506;35.91249240117157;16.757491500532325;15.307667068347959;29.20628733186911;35.76865125843972;52.168117934761085;27.739133758363394;45.45094012424145;55.6436037021151;25.44565263945504;35.83304719613363;48.10911480407051;41.38328106522021;19.27132604827321;11.807883585820754;6.848881669405467;0.9790074222798278;-0.051766041920887906;0.2238534197342444;-0.20039135053883478;-0.09359274534013168;0.2647292107205606;-0.06508082528614814;-0.14040872197950874;0.23415365335875066;-0.029927713153014974;-0.12780804130655804;0.1815964619065415;-0.01683687298792116;-0.04820792124597412;1.0406325497927023;-0.07714626484679243;-0.20376365479276698;0.21280892786343078;-0.061935637743250074;-0.14377585942976953;-0.03272194133860954;-0.07535222695424389;-0.10397529667186568;-0.11418361271605379;-0.04802373156187946;-0.14644817802780227;0.9891719098774271;0.009584563724048888;-0.2049357300921389;0.204563417727456;-0.06657954723054638;-0.12709738362987394;-0.0620747095069525;-0.09057146241086225;-0.08713311377186;-0.13076509362930344;-0.0556919911042466;-0.2359045860575368;0.88185196195196;0.07494472065464518;-0.1737922028785713;0.20125820289197396;-0.06631125082287594;-0.10378073528628304;-0.030043530710653382;-0.08145153816538055;-0.06838670115459343;-0.11076751619243949;-0.04456395890901111;-0.30040193759923445;0.7482953062581619;0.1252144396191539;-0.12399488144886464;0.17401964459672295;-0.057113281784073724;-0.0757045796446813;-0.013574795913479196;-0.04996214666622933;-0.056317125956032464;-0.07121495008726304;-0.02559358868279675;28.605609533872265;13.191952322818622;4.591683735383097;41.35911758540307;57.20922158329425;33.6062054163738;38.74788441709697;67.14953541209509;30.056631741025488;31.72506022396141;62.030607141672434;40.979674617640214;27.344683122486863;60.8588589352608;41.20638249504282;38.01553061405344;7.491359498313413;7.748152950796468;7.997748854592414
0.9848275258150432;0.35408208587409906;0.1665120938793441;-0.27399898995710864;0.16808730228889224;0.5254676206956221;-0.15403586773722747;0.022740153103242393;0.5851429494751289;-0.07217927980287346;0.09241249919088458;0.39834888473251245;-0.04996726002935054;0.10919036671308385;0.656004285538263;-0.6575090714258625;0.1468637123499727;0.8995519574678673;-0.14838289972317129;0.17097080663739705;0.3414528423304386;0.005930901364021836;0.1226215629964081;0.13043355353923203;0.0340612774511406;-0.12229076239441668;0.831853825301753;-0.541354027198314;0.17145692703237622;0.984400187922456;-0.15289214727514663;0.24075047601172267;0.2207472595361258;0.05899831790314576;0.15239655501885224;-0.038928127517247696;0.06565616655328649;-0.23787039929014178;1.0037000692697695;-0.4186431416086989;0.1824253245500776;0.8918694478809303;-0.11924091356082352;0.22583380122683136;0.1346248072452635;0.06966270666003516;0.130516561732099;-0.06863969509349653;0.07166567908870346;-0.26653564339808283;1.136839451844711;-0.3101566287244228;0.14559984559797307;0.6664315938532236;-0.09640436579522584;0.18508875482263373;0.1498163733712569;0.008724060814649553;0.12797357216067123;-0.02598200510042075;0.02596836769453837;46.24635562091759;17.445606462147097;10.754645599991926;35.42809210510256;20.012830344899456;19.25560517342632;29.39861669236813;41.94365694373842;55.59052433666103;28.087037929218653;52.22714945037249;55.54939404876856;25.902330722336576;39.8934292313923;50.87193781707756;42.74708479539129;18.222249528649932;11.555706608595246;7.215881159000881;0.9814738317001854;-0.053593034192286754;0.2161440100688106;-0.20345435134423487;-0.09735154617175633;0.2567211684089786;-0.06666532043865449;-0.14245214429546454;0.23316885947625368;-0.02989225834535203;-0.13015062326790156;0.18090873618762923;-0.016752954303024172;-0.056913873890959685;1.0385609243179283;-0.08219590596931713;-0.20878061971127418;0.20115607101737218;-0.06163171424602581;-0.1418566651957568;-0.03561667635425622;-0.0737864484432946;-0.1010737760209845;-0.12029500568572202;-0.04633705932397193;-0.15338342744860697;0.9881365843617188;0.007721064050605616;-0.20895458656740637;0.19345301209223897;-0.06594229763397993;-0.12409515584961288;-0.0649036472059117;-0.08781417124081281;-0.08319082683526388;-0.1359731333068489;-0.05310548487311515;-0.24108659541918318;0.8789632873183177;0.07637586283843462;-0.17841524086616226;0.19339865566706985;-0.06655025785022986;-0.10153252907750872;-0.03765959931774492;-0.0782921528002505;-0.06518752467205861;-0.11527015290502113;-0.04182697285201201;-0.30273446592293657;0.7443765807023836;0.1299824876034223;-0.12653595501530218;0.16359160734208983;-0.059399161122068576;-0.07584531488152696;-0.01919285837774796;-0.04945540109935205;-0.05599444043001801;-0.07198360139366622;-0.02395282895254159;29.370281490225995;12.837230274068643;4.711308965286111;43.084134718388206;56.21571920807419;34.77786703252888;40.36743019468251;66.6299482621626;30.97516793731658;33.1139251894647;63.74845823713118;39.911558465954116;29.56161108214744;61.85362238622458;38.67807272800974;39.094692815221414;7.542285503411474;7.825391974687445;8.048819186964339
0.9857166768249436;0.3039204768069924;0.15847749928795415;-0.2950960955752956;0.12250678645178234;0.4538974606321089;-0.13584839454107758;0.016511123036247126;0.5052687913093228;-0.04818727144468888;0.06396069970585003;0.3651919762952329;-0.023878329679504214;0.06421682001392341;0.762629902068942;-0.5714729125877768;0.19313522831810018;0.6998778375570933;-0.08565820755819645;0.1547519068708778;0.13371915714148463;0.03480350760926477;0.07824061477832385;-0.008022615079761326;0.04293315305649849;-0.10544903257153221;0.8995124001104445;-0.4239787065139894;0.2093579391641123;0.7511522714142784;-0.0962701882542513;0.2023259217727237;0.03362459843990938;0.059343639745138343;0.09091094184155332;-0.10484768766607493;0.05563250265868789;-0.18092752176334567;1.0084586160543025;-0.27344607298427936;0.2153048218738625;0.6629681081574231;-0.07981591609982773;0.1788528152300342;-0.018668743254811264;0.05205922504030334;0.06625876423770771;-0.10936090018057454;0.04681390436612492;-0.1896048276912987;1.0905920439963501;-0.13909657297857567;0.1658722499102552;0.47429896260620236;-0.07654379237870487;0.14451387865861492;0.020525429591767584;-0.00301471512092006;0.06769997155744951;-0.08054502899607012;0.010736793864904948;47.5983019424818;16.801653840039442;8.227024623814309;31.544394660945482;37.396578833845524;47.62416174474324;27.894727660898685;68.34606361974866;55.30653123850222;28.88400204581238;80.36842100172811;50.16544506231073;28.89302192555755;62.78417488230648;58.36912243099858;44.331342919528005;15.24994777483141;10.656242542203193;7.78721199309911;0.9823314883549934;-0.05407437130668897;0.21488670038701668;-0.20714311737061536;-0.09862950436092967;0.255118349412361;-0.06790388097973421;-0.14748359650478804;0.228678559362109;-0.02964755116470012;-0.13545896228173007;0.16811471033679765;-0.01644177436194456;-0.057993860807208114;1.036040069983782;-0.09103520853340707;-0.21478963149955713;0.18836072650851982;-0.06165187202848893;-0.14530131915230723;-0.03698869437561779;-0.07280292803104416;-0.10436141367682734;-0.11904450797588173;-0.04590548411728133;-0.1548557988440683;0.9879362338929369;0.0012958880374547704;-0.21266226942694655;0.18225873533758336;-0.06824942246444446;-0.1255612745007001;-0.07147653522313518;-0.08794689961790411;-0.0839673590256805;-0.1427064158174263;-0.05212187365849886;-0.24261315150878116;0.8803951812443707;0.07289822548847326;-0.1815238676791611;0.18191668878152734;-0.06804011791350273;-0.10316732161954252;-0.04446946238105006;-0.0793220832744372;-0.06518515703536294;-0.12084457389694345;-0.04156905439126012;-0.3041782938465712;0.7471097147888538;0.12932785806758532;-0.12862647345330605;0.15156530569800009;-0.06150200044704484;-0.07679082300405582;-0.02507485695935985;-0.05149680157170525;-0.05583816946601936;-0.07742692023584241;-0.02448578101608417;29.74643024806358;13.84700453874891;6.296655481927325;45.542249279629566;53.85752706945129;33.503241019270895;42.392151848301644;66.19912956359867;30.38841327067955;35.10756311654832;63.98662448100561;38.704718412577265;31.84587883948093;62.372451181597775;37.4990393081477;39.2655372778979;7.638601707842347;7.892746493901401;8.092969794068335
0.986605827834844;0.26145129201425465;0.15028219864921197;-0.307592950232909;0.08586539578837468;0.3930456984356641;-0.12012459217721058;0.011506639039597595;0.4373730405224989;-0.029107233468335887;0.04124747452522741;0.3350355448382622;-0.0034924776376479656;0.02878210440102135;0.835034669738955;-0.4979938955474257;0.22630446482917865;0.5372928098135487;-0.03628687982063149;0.14030368799093848;-0.027888018987320157;0.05658779110836189;0.043084175427686895;-0.11450273017998885;0.0492179870831316;-0.0911467983949625;0.9401843864663488;-0.3282462194561319;0.23587786969424684;0.5620720986510929;-0.0514620524557016;0.1701805580255863;-0.11084671051169978;0.058856660411173024;0.04242680856403982;-0.1542617230890179;0.04721068100582476;-0.13479842592281138;0.9993288831475616;-0.15820632262278078;0.23788381176828;0.478352538157085;-0.048454524282958863;0.1404185818422286;-0.1364354441964598;0.037847880093019794;0.01595336223320444;-0.13932029391068695;0.027089450480828395;-0.12797918251075607;1.041156639540257;-0.005652098541314723;0.17937352893906966;0.32038086321329345;-0.06028436638175083;0.11144659791295466;-0.07926155245045613;-0.012012839850371075;0.020443273749685624;-0.12152523144992085;-0.0011244892969026962;49.07939690844804;16.64629880366562;6.375745320672416;33.600885723849636;80.57580810921112;53.65215533179602;31.092538541724334;101.22993433182864;39.802574323086354;34.05652199820471;108.3604501808906;38.54963974248786;37.18950294164789;95.25562091573953;45.18731930124994;46.917160115048496;13.469287990571829;10.454328848138019;8.63400019825163;0.9831891450098014;-0.054556837097613824;0.21361078417153564;-0.2108496457647548;-0.0999124350442233;0.25349263823149426;-0.06914847795419503;-0.15254521460536669;0.22414549642305615;-0.02939975795491055;-0.14080001278891524;0.1552200980979482;-0.01612760480953796;-0.05907916478381142;1.0334553012811025;-0.09993489619234935;-0.2208329707026417;0.17546389584436659;-0.06166946598135055;-0.1487646763183982;-0.038369080223653235;-0.07180904246790043;-0.10766841081214384;-0.11777966727100656;-0.045468746871829495;-0.1563320867713794;0.9876909871728806;-0.005176147521673861;-0.21638760978713978;0.1709749032885018;-0.0705703522220372;-0.1270325521370621;-0.07809415915303276;-0.08807672803710734;-0.08474585585372309;-0.14948247081113256;-0.05112880592085208;-0.24414016037461114;0.8817987968759352;0.0693920510337399;-0.18464715739077767;0.17034308603442527;-0.06953783894799216;-0.10480948640988345;-0.0513269749687913;-0.08035602844199245;-0.06517990613948854;-0.12645428714369292;-0.041307429511315365;-0.3056192650834382;0.7498299093323368;0.12866277385696998;-0.13072656439048377;0.13944473759064197;-0.063617453298717;-0.07773984215926578;-0.030998598998961374;-0.05355080793615043;-0.05567830513441666;-0.0829064853076542;-0.0250215386614238;30.116605395505836;14.878977805692054;8.137825747480294;48.093697276478814;51.39795932369874;32.23703193646141;44.49310752364821;65.61862376629055;29.801972316480906;37.2225656070811;63.98887568683066;37.55091065248391;34.370103339603425;62.4849290271609;36.35509611158112;39.42838675807995;7.737155196497761;7.96266442590596;8.140019020537009
0.9871339682848674;0.23254417771771374;0.14202650137425038;-0.30402531380274617;0.07146487831407189;0.35916503386058174;-0.10768993837249523;0.019595003213182926;0.39338286195592725;-0.018610380514030602;0.03989157826377145;0.30174567736357183;0.006016901570429648;0.014902396717114305;0.8753413695979112;-0.438703987935373;0.22796838932415153;0.4537605626155115;-0.013770203169362007;0.12858889013942795;-0.0773452971823235;0.05828121327462923;0.0304294799299263;-0.135275753295239;0.04545000047110915;-0.0756251339298957;0.9617800304872988;-0.26317296987710564;0.2410513687366254;0.45467133183496605;-0.02854310718028373;0.1529471868652988;-0.1538790455452751;0.052195551951191896;0.02674511952168714;-0.15621703592772856;0.03824187480914261;-0.10021432855493966;0.9916904103082269;-0.08947869088347452;0.24199643504952084;0.373613367680125;-0.032198067260909694;0.12171967408991946;-0.17115891029856617;0.025909039413296177;0.0006970288663204892;-0.13709371227568531;0.014466662411403463;-0.08382185276689223;1.0089473903568993;0.0664985227612969;0.18212100285187274;0.23433694557765533;-0.050335434880909836;0.0956512630127804;-0.1117837260333262;-0.01738791430593267;0.004823029543979331;-0.12544905375105164;-0.007568363198323429;49.904613094977194;15.9838174359103;6.050782703477351;35.17047259174147;94.61843705901993;43.54865220528209;34.142360596064606;107.50043364764474;34.10376426232684;38.58305218559656;111.96449497344588;34.90624478192243;44.50552175992096;100.20334534333769;38.32992318700839;49.21234500396724;12.448974505513698;10.205806745270342;8.946051771369465;0.9840122271340048;-0.05558442427957264;0.21165241171659774;-0.21326877795960575;-0.10092083767330075;0.2518613429140346;-0.07018700084694159;-0.15554153969660195;0.22060272091394154;-0.02946391855763672;-0.14353725645499682;0.14847690928802731;-0.01595931902568916;-0.05855323689073122;1.0314349605950626;-0.10634587584575106;-0.22429004472308817;0.17020859336065003;-0.06240311605814395;-0.15137755164493547;-0.038793157959454136;-0.07125401992846932;-0.109785847430637;-0.1176602483489324;-0.04506571190208045;-0.15607916931522547;0.9876909072798704;-0.010293909973160617;-0.21960509670632156;0.1638177408359233;-0.07296429155831075;-0.12887914139469978;-0.08246382686948446;-0.08828569754491847;-0.08545628682893124;-0.15444544197658933;-0.05041881701933477;-0.24400080918897088;0.8834791658523946;0.06587113723389015;-0.18725333167848815;0.16250413755618087;-0.07136140901337401;-0.10645474548663358;-0.0559399646194853;-0.08094447378191151;-0.06534204923328854;-0.13052197681691974;-0.04095288743704051;-0.3056798488802819;0.7525923610337966;0.12665047547704306;-0.13263874422720293;0.1312413346664729;-0.06576732442311348;-0.07839876291331364;-0.03493895430057609;-0.05487802732808598;-0.05540843594753994;-0.08655945403012484;-0.025201248491221236;30.37104053977722;15.51033093437483;8.989768865456272;49.29587572027324;50.06319317416514;31.795404566470097;46.03506881944775;64.91321863776086;29.580308538425278;38.8800123165927;63.61633420152961;36.90785180048293;36.35878290434733;62.128831423949386;35.73071252447179;39.678861035593016;7.789141095703252;7.984635164733872;8.149855670127709
0.986851510861033;0.21935695629680782;0.13218593499473238;-0.2740540397798784;0.09248051712162081;0.365156044282205;-0.09748942308265772;0.055298945579439804;0.37984377861571644;-0.019536407947534057;0.07746826531424476;0.25286690056896566;-0.000142876101847251;0.034591125757896295;0.8870861881960935;-0.38625874348462774;0.17621675660974037;0.485158825106058;-0.030768897216700966;0.11870645646623695;0.05535036546181183;0.024919215892489247;0.05381881712675762;-0.01066024618020711;0.02240159316019854;-0.05233167668917039;0.971795005837739;-0.2299475206296627;0.21302138770835485;0.4567833122784878;-0.036129500333897495;0.15773829131474099;-0.03264369823280882;0.032184043223671;0.0645362526272982;-0.0747577262853363;0.024990562053719124;-0.0733231057631089;0.9978833294271001;-0.07741490738771287;0.21771544534995269;0.37506397308563927;-0.036984771554870455;0.13275781907486808;-0.07184340661894441;0.013377141532232517;0.04281344812776757;-0.07722697298196037;0.00959561643572209;-0.05381909922089813;1.0089846317573168;0.058765919500441265;0.16908199949673233;0.238587047676753;-0.04836098124275206;0.10596730243627173;-0.03722744384062967;-0.018711679586917423;0.04025835488441049;-0.06531835136117121;-0.0070049881076875015;49.248370751429064;12.988527126724195;9.208835891295765;26.413004068599843;47.014392253122715;36.43345734512609;29.207704284100746;77.8092008979971;36.6572252906311;34.22297435394896;88.72921047220196;32.43389164949261;40.30150804450761;72.87067409925376;38.886494222130914;50.55860312318389;11.392363518078103;8.938416420903712;7.8373367541634025;0.984757677066487;-0.05785841399653218;0.20815548185557453;-0.21275546800536915;-0.10130650374365278;0.25023970308490484;-0.07075689510897056;-0.1538226887791018;0.21934762762307475;-0.030242628970924147;-0.14032899720565054;0.15581525448967506;-0.016125890932704893;-0.05435220687396245;1.030782941189432;-0.10706151260999679;-0.2218454477083051;0.18243628154918706;-0.064774949298396;-0.15205114066537118;-0.03703422455267943;-0.07170813955218393;-0.1091878098678035;-0.12016614265653039;-0.0447439833951609;-0.15188783402986364;0.9883211437655892;-0.012304578806040592;-0.22166918785417125;0.1661189735578836;-0.07552360519432251;-0.13158717339531983;-0.08169205662159519;-0.08868116153422664;-0.08601534735812272;-0.15526388715113135;-0.05036104027216755;-0.2400725455496434;0.885849962634829;0.062330944484358476;-0.18868433609492108;0.16322984596550125;-0.07392940114092378;-0.10811010966855249;-0.05541680190189671;-0.08051934946686455;-0.06589078987901527;-0.13106512012959778;-0.040389974603641396;-0.3026086354285557;0.7554972617090082;0.12157514142190962;-0.13412582085572683;0.13201829969602957;-0.06799457234196031;-0.0783987394818292;-0.03434006032005989;-0.05454521069463177;-0.05489195554457932;-0.08603581127674094;-0.02456889567799749;30.380436291219002;15.198876151721874;7.228748726755157;47.343321591482095;51.401878973210856;33.19356902986044;46.18603686304146;64.2085398767716;30.17062081512368;39.28167814883228;62.85072143990988;37.30694946886397;36.67733167482171;61.50044461887202;36.192203947563975;40.15887434820446;7.7319588180561425;7.893940545575061;8.0708978910025
0.9865690534371984;0.20567884220965327;0.1220347318321974;-0.2433638478185278;0.11349717934125486;0.3705485713682001;-0.08703677595613628;0.09118457837658003;0.3655274074841554;-0.020435154338749036;0.11520211755468637;0.20315867845474211;-0.006350608660417176;0.05437280622699348;0.8973551041392159;-0.33272038772983986;0.12374866517271324;0.5159453548068116;-0.047846245384295674;0.1085368817272635;0.1889867003358624;-0.008747919558405672;0.07729608464091094;0.11494936249446756;-0.0008667868189117559;-0.028763431112528492;0.9801708277294773;-0.19605563878334703;0.18439554957405066;0.4581045111651873;-0.043711411209938156;0.16228810801653604;0.08959815010994397;0.011959039762155685;0.10250908500842044;0.007471222313155662;0.011591374560148884;-0.046091838090393716;1.0023610750519494;-0.0651198891432684;0.19285964255925536;0.37586305013405885;-0.0417435711692592;0.14364771666586904;0.02837633072632382;0.0007235245100650031;0.0851838095212213;-0.016755217532434082;0.004669489764689675;-0.02348642047299417;1.0072389041143925;0.050868937869613884;0.1556421184686074;0.2424487374829536;-0.04628560292484717;0.1161767922087584;0.03797812279720906;-0.020012734194891597;0.07589985087371938;-0.00460161407252294;-0.006424823469202642;48.531893400740806;10.010044030013228;15.611921452882896;18.016508874114955;16.592412033331073;4.4887723568231435;24.171962711017017;40.096475069319574;24.78609442646477;29.755341454693358;51.91790360933406;22.46482088990984;35.98515998389368;38.673129818512436;21.862268437369003;51.9346869790066;10.272810965880408;7.651561472957487;6.729585640405994;0.9855031269989692;-0.060170342313360124;0.20459350093598333;-0.2122284951495724;-0.10169653820322391;0.24858442612806428;-0.07133502703277833;-0.15207070016375532;0.21806592070367942;-0.031034095668080814;-0.1370622003844313;0.1632767282576013;-0.016294973450581653;-0.05007744718899471;1.0300963937213234;-0.10778708252696816;-0.21935365192379017;0.19487087864469194;-0.06718625356821828;-0.15273292129063093;-0.03524409880975872;-0.07216847729192612;-0.10857698573960947;-0.1227125709036387;-0.044415692089561684;-0.14762073400964165;0.988939940466464;-0.014349670401827238;-0.22376389623091758;0.16845617049349862;-0.07812538273387658;-0.13433896998616007;-0.0809051223496083;-0.08908144809120032;-0.08658211403799104;-0.15609295134797108;-0.050301129234265364;-0.23607106609437142;0.8882416724650908;0.05872824679219731;-0.19013577658483768;0.16396439305035634;-0.07654004294505463;-0.10979160136612025;-0.054883358990737194;-0.08008507010617733;-0.0664475129903137;-0.1316146776538556;-0.03981643486946057;-0.2994775852562962;0.7584352365237628;0.11640947083846444;-0.1356355332113074;0.13280569276522744;-0.07025872330236718;-0.07839694538136659;-0.03373005507620946;-0.05420541858661427;-0.05436532212420166;-0.0855011886597577;-0.023925074796422995;30.39513993028245;14.879606436017516;5.586810172304332;45.450351017225415;52.690635961917906;34.60072799061002;46.33991611926796;63.511349561218566;30.761797955329676;39.68351130375235;62.09089174506777;37.708666041088776;36.99227725455558;60.869310221868446;36.6668993677362;40.6662617127315;7.674319933854733;7.8031511067987855;7.992450095166684
0.9863186083955306;0.2012715196799553;0.12216678667072875;-0.22498205869335766;0.1276217850962861;0.38141465581172623;-0.08070020206529221;0.11128342849314872;0.36998342967018855;-0.02091921115939515;0.137714088597289;0.18448980592834371;-0.00918523379532719;0.061354796287403916;0.9043460445613307;-0.3013981115526669;0.08734571022662616;0.5488581910651487;-0.0605501419561806;0.10973639210553736;0.26849165044215273;-0.02974721043548124;0.10078803347365188;0.18600312024787616;-0.014329963960589958;-0.021520066480543606;0.9839586247570205;-0.17709407529600157;0.16510037394586907;0.4726871834783041;-0.049375404574655855;0.17131396618198763;0.1682866800901628;-0.0006835792916049825;0.13256322203863652;0.056854086618417225;0.0029883325015009413;-0.03611744167944232;1.003502537307941;-0.05994604103767973;0.17623783005874186;0.38751227136802024;-0.04549096574568826;0.15424359096438178;0.09506195426846363;-0.006683296592270022;0.11669463070351788;0.018870975618769274;0.0020374392668538422;-0.010946141096409236;1.0043914320511993;0.042984802767371086;0.14532882801719751;0.2520504625915682;-0.04542489165857869;0.12521758285556217;0.08794117180509815;-0.02059271096951478;0.10224933301803801;0.03166972429190899;-0.00590455616507666;47.39092531160026;8.42885479266278;19.993754202752037;13.17355796931332;13.119791005610894;6.507039853035547;20.810670458375007;26.777603196191144;21.317038969931794;26.557342599668992;34.03605768784804;22.669156057519178;32.526772305874815;24.717760015901;18.34856933918449;52.20464896072071;9.58181535493406;6.831405362721524;6.040066084850361;0.9861981926016108;-0.060818691723668696;0.20119182217242698;-0.212579009267431;-0.10181247999271366;0.24845217919833687;-0.07243765154258894;-0.1501674649948214;0.21897759022509422;-0.03243278655915291;-0.1346399739886074;0.1703541328628838;-0.017416604351109862;-0.04605379961574482;1.029691873167663;-0.10806945369084146;-0.21671276246044116;0.20627514748197484;-0.06934476671895527;-0.15275668425301872;-0.03321161385072383;-0.07359013270189362;-0.10782949964566835;-0.12547146718316288;-0.0450860563476608;-0.14440379336881431;0.9893946723165388;-0.015675677093680482;-0.2247245554233039;0.17336256023769497;-0.08081536330885883;-0.13615335382232324;-0.07986902535473535;-0.09146960090424816;-0.0864636006606226;-0.1576352549720321;-0.05188071157767444;-0.23356249978167137;0.8899718301468854;0.05618705135483733;-0.19079866658315692;0.16751527275657785;-0.07883507865926781;-0.11112731813296502;-0.05288695922760942;-0.08157576536290057;-0.06629453622997819;-0.13346851509300706;-0.0408462327023626;-0.29793311922340054;0.7603247739588004;0.11263922642080057;-0.1366965753084591;0.13603760218174196;-0.07212679785704608;-0.07878054984796562;-0.03153676054258457;-0.05506458184286226;-0.05399120389799041;-0.08576773089413589;-0.02454663057428581;30.575859113659945;14.43175630480077;4.533956789187299;43.762221297759915;53.777798299620976;36.04030308985993;45.9338610899985;63.356783346127074;31.50084305329174;39.45860351869166;61.426769758767215;38.89215231563812;36.72943008876534;59.884790310333145;38.02112389353415;41.247785478142994;7.662946048169282;7.760773630326486;7.958242407102842
0.9861398661066036;0.21904409689858179;0.14678013982992832;-0.2355445099240247;0.12635053412118422;0.40650995898474657;-0.0840519850063431;0.095243191615078;0.41966269281389906;-0.02050177027726121;0.12556012592559196;0.23862292002305036;-0.004213120967570581;0.03866876607532242;0.9063278540689439;-0.32209020850734316;0.0877737269341196;0.5892808724651288;-0.0635442679812328;0.1379656061349863;0.2240976255296676;-0.02173526622956243;0.12531647807920962;0.1316745406495785;-0.005227697771316762;-0.052439642871896106;0.9797799357800843;-0.1930838193589559;0.16756632515594388;0.5201481817252624;-0.05084653573780929;0.1915960927674459;0.14761281098429352;0.004083089503315915;0.1453173575234985;0.030802478084897143;0.005387922175284512;-0.06644955451062519;0.9995879406347878;-0.0714952978552642;0.1789154563709439;0.4260549578144073;-0.04710394622126905;0.1648983133077213;0.08533732571588032;-0.002018853100455722;0.12400252243923225;-0.002682663388386309;0.0047156623828219155;-0.039821565151193956;1.0016132812542768;0.0350043941020954;0.1424343120030879;0.27611450557896733;-0.04751350613828357;0.13213621812457163;0.08042458210251792;-0.019553914575149448;0.10787706732846791;0.011755673458439099;-0.005524957059347444;45.70273454658554;9.539132774964756;15.069616566295906;14.681213915362362;23.082162283040812;12.333536021785543;21.49511522253819;35.05609699965089;25.658747428575293;26.537446841943122;40.11706681353328;28.73281255171854;31.34935058725426;31.11170371200926;25.36754069634562;50.3082546212426;9.947302132712595;7.088644439540017;6.270507178703254;0.98678039766234;-0.05765902734383415;0.19826676397116474;-0.2149279626977111;-0.1013047488184301;0.25180561815298413;-0.07470548292185418;-0.1479834740713446;0.22486985247864108;-0.035174550416924286;-0.13422132307632198;0.17635044945687192;-0.020675961247835446;-0.04272567981437564;1.0299872762076239;-0.10733803372025154;-0.2138211624732967;0.2149967455921035;-0.07086517787006816;-0.15128685176537335;-0.03068951755033486;-0.07716291319605047;-0.1067978146017646;-0.12863690314687162;-0.04801402926247974;-0.143683321367155;0.9895050721667012;-0.015323684846480974;-0.22308170252430073;0.18398361496809326;-0.08362882000853253;-0.135782740989821;-0.07829982598707064;-0.0983199393133482;-0.08479075249619175;-0.16076337639576205;-0.057151207187010715;-0.2345419461053723;0.8901811481212343;0.056143952940102104;-0.1896528924862544;0.17738461819065102;-0.08034516394665084;-0.1116396539481685;-0.04761909750466036;-0.08741193489387086;-0.06453173101073191;-0.1382446493641766;-0.04550063370302396;-0.3000638939056266;0.759801326294328;0.11216756527140138;-0.13670914338220222;0.14474888013823883;-0.07303911127159576;-0.08003432468164316;-0.025802778110143504;-0.05863256431122496;-0.053978287830484015;-0.08785576768332556;-0.028034199291381512;31.12740156522568;13.728070502935116;4.438106488691345;42.43783057038395;54.485002468023005;37.52131806231565;44.312512003732486;64.3521102122218;32.535287547304605;37.879719295095576;60.93894391678253;41.75329533774035;35.2491505291502;58.09893626046386;41.29004636267044;41.94844992604642;7.757284785994723;7.82751236487278;8.022575945877165
0.9859611238176764;0.23772434721193994;0.1728630090259;-0.2465034222053096;0.12482163830536473;0.4327549975234933;-0.08751694776966136;0.07798623811887523;0.47214054792328763;-0.02002820734522803;0.11241178189914904;0.29610225354654035;0.001101800640295669;0.014392230008274677;0.9072141300209163;-0.3437480773113296;0.08811165209416494;0.6316444095019123;-0.066655155077374;0.16792144007672702;0.17638974176793829;-0.013150645827247637;0.15133780856178594;0.07348399353504724;0.004498763677678109;-0.08538429548952599;0.973988378401371;-0.20989559505341054;0.16997207041228055;0.5701210219710189;-0.05234840525399403;0.21299327809103305;0.12533701555733257;0.009167380689288667;0.15873898131914535;0.002942864077243908;0.007942884037076166;-0.09874790408320418;0.9940515004777482;-0.0837305335471078;0.18153182669785972;0.4666325416319799;-0.04876236064811799;0.1760516197333401;0.07483759863064778;0.0029645626492830414;0.13163759093077965;-0.025693921982300513;0.007569060303260277;-0.07060060200133976;0.997287585556116;0.026435440939241724;0.13915027376037234;0.301435315698087;-0.049679245085518374;0.1393446024655247;0.07228925766640605;-0.01841815668635058;0.11373995205818055;-0.009524431644858958;-0.005112125080825173;44.260318888220176;10.875641437824973;11.698071662604704;16.280179414801054;35.64716817721477;21.016606081224417;22.497767773458936;43.473856415185885;29.39343067973467;26.82934385375075;46.10167257853371;34.12972575160568;30.43487678774193;37.49920997509797;32.35545777481606;48.838207560087405;10.328826645733606;7.354219310239283;6.511214235181675;0.9873626027230692;-0.0544856045651903;0.19532887339139737;-0.21728697437936334;-0.10079474609205165;0.25517345287049814;-0.07698311276029872;-0.14578990190344038;0.23078755272296708;-0.03792819678398741;-0.13380076572331676;0.1823726878778952;-0.023949457786166903;-0.03938307996904741;1.0302832827766628;-0.10660336688340048;-0.21091686513780672;0.22375607417701587;-0.07239214445080858;-0.14981053698250144;-0.028156449181182208;-0.08075115707775005;-0.10576157919108548;-0.13181599972061392;-0.05095468480506164;-0.1429596260716292;0.9896152988924949;-0.014970154019857164;-0.22143156867006533;0.1946506687345466;-0.08645443858038555;-0.13541042928520652;-0.07672376096874936;-0.1051999594695975;-0.08311058432112875;-0.163904975211157;-0.06244455145767784;-0.2355254908637569;0.8903907880067541;0.05610063035328374;-0.1885020179697377;0.18729670282577437;-0.08186175357363859;-0.11215414088634165;-0.04232832946789326;-0.09327338948653016;-0.06276122851523527;-0.14304143212926865;-0.0501752157479835;-0.30220372328816303;0.7592751045921079;0.11169378203528714;-0.13672167587944678;0.1534978900800421;-0.07395533810754244;-0.08129349106959755;-0.020043879690071854;-0.06221600155206862;-0.05396528008140772;-0.089952813528405;-0.031536893773905644;31.693872276881134;13.050794226611785;4.373767194511331;41.15104835952804;55.144849294302624;38.979032414312314;42.758926144038284;65.27038372620603;33.51645287387723;36.3764613712811;60.41867945105629;44.500960076452735;33.87207653988208;56.31421580300341;44.48258428191367;42.65953074589593;7.853521478732115;7.895212443143254;8.08789353866521
0.9848457587279822;0.2451090675122642;0.18940847373747088;-0.2510068843566061;0.11856216065066452;0.44619595715886995;-0.08620437806720771;0.06326919684226763;0.49527199434580543;-0.016601310598100386;0.09652772540826038;0.3250622136950452;0.006961531669752479;-0.004554792102546954;0.9123720268042488;-0.34883867776449956;0.1004133243429885;0.6421026673194686;-0.06211500282542503;0.18478220149218605;0.12904388255529944;-0.003593061900187885;0.1610032871796669;0.01924326923042731;0.012239272625288077;-0.1067028898834543;0.9716581511308512;-0.21093821519936937;0.18713027229088264;0.564595806019623;-0.05012522465625405;0.21962674164777748;0.07677009994620489;0.011494600234490377;0.15511736224976824;-0.033953135934483666;0.008775237647928036;-0.1190564924731471;0.9894909735166377;-0.08046446383196752;0.1967388996616374;0.4585402448086922;-0.04850614125005258;0.17496595243299892;0.03866957243270521;0.003672647191485555;0.12451270682257695;-0.057472573844920403;0.007216525784338079;-0.09098361798128395;0.9927023979151873;0.03401626558073274;0.1457525011298903;0.29782575857116783;-0.05189551506437823;0.1378235917799628;0.04146333538232428;-0.019203370265678425;0.10688482618412994;-0.039425252871633794;-0.005478793663358786;43.772767283960846;11.496945217330044;9.756722931902086;17.842357990697753;46.31894117084846;28.57329681532114;25.401703778253513;52.90310958458878;31.570935938951504;29.976040887936954;54.65610632064321;37.25780803087487;33.039086743960645;46.67971072226021;37.14036964953813;48.263557595578924;10.45389150343198;7.58424656869312;6.7676929284004785;0.987746647657975;-0.0519289210375645;0.19468114571637024;-0.21794788082868652;-0.10037997134595164;0.2565182049437244;-0.0779466373012148;-0.14492429665152884;0.2340616738082816;-0.03929277640684623;-0.13390524661225167;0.18544258376497386;-0.02567041492457928;-0.036478816373383204;1.0288930109933223;-0.10663682146763871;-0.2098566190685606;0.2252934267231273;-0.07360084653013205;-0.1491958094041359;-0.02762295087396307;-0.08258710027864478;-0.10585654802259539;-0.13265620199414074;-0.0524157877144135;-0.14198567309934207;0.9897469521070614;-0.015525444576860213;-0.22005395774924383;0.20097360123626618;-0.08840968335099929;-0.13515059204049656;-0.07559075864504176;-0.10848287751242992;-0.08289311075940398;-0.16531119790664378;-0.06476805795844602;-0.23604355986314726;0.8915944445142281;0.05510133743676642;-0.1873167280792059;0.19404670372449187;-0.08293804313184508;-0.11226347386421333;-0.039913571271853944;-0.09565316178208443;-0.06254894195147609;-0.14535778005689856;-0.051938944379378564;-0.30378781234664337;0.7606326300607021;0.11024542912451776;-0.1362740789342852;0.15889368415971641;-0.07440695555753846;-0.08191057014903906;-0.016702992801585805;-0.06362709865190867;-0.05448975581685405;-0.0907124473717135;-0.03291891502506899;31.896620471203846;12.73303540527924;4.386161937987227;40.99520182419636;55.258409997760104;39.17809878725101;41.85646773584049;65.74989367101564;33.96806686488303;35.34638017192961;60.52016173940868;45.64087519195519;32.95706258355869;55.430797450302784;46.09964906777171;42.79242769194724;7.918257876116746;7.933425261555661;8.109627620503481
0.9824110999570072;0.23586657664747745;0.19074470023275455;-0.24611763676361356;0.10640048211440856;0.4404392356507046;-0.0783307308324668;0.053895145120659085;0.47458551158400425;-0.009362939977064803;0.07863119757104102;0.3105186793571338;0.012955250230208529;-0.013793929352102482;0.9242133667308745;-0.3301674001136122;0.1285445530752051;0.6066895373958173;-0.04724217333382395;0.18131633031132308;0.08764922778624726;0.006284371127747016;0.1464599911401394;-0.02329926149840238;0.01630001737815895;-0.10919527816796747;0.975764234232188;-0.1896326723407436;0.2236671039727222;0.48121530974543525;-0.042898138530741634;0.20473542144440499;-0.003807417093434225;0.009643374839771388;0.1277776672973212;-0.07967931736619957;0.0070681461217799845;-0.12014807709954652;0.9880913212964233;-0.055545802128444434;0.22846944459708207;0.3824863528523832;-0.04560827077296477;0.15676038011836085;-0.0300490618162678;-0.0017938383948183712;0.09727871892893251;-0.09829717849112823;0.0023379124508968153;-0.0943796710880387;0.9895221336595592;0.06384055152055039;0.16591213612475603;0.25371698008871285;-0.0540033069795071;0.12419159777033859;-0.01825542811449358;-0.022666662398904774;0.08278173725685416;-0.07834876801630711;-0.0069238897733599975;44.37677392809832;11.194431086696214;8.460094458647148;19.753587366531416;52.558567855694015;35.028745124160366;31.637719187612497;66.48396165779731;30.846434182162128;37.751748450122506;70.04020367764004;34.48351999449788;40.86412327571489;64.03370129188961;35.43259911042725;48.45172688788982;10.223497670746575;7.756349687736176;7.027222751288627;0.9878515712628576;-0.05025787844154038;0.19727035291356204;-0.21620656482480244;-0.10010179383904497;0.2549977544184691;-0.07704878291126195;-0.1459384241771268;0.23358323022260818;-0.038687897553642;-0.13475008225399873;0.1843252766265418;-0.025189045002411422;-0.03421036664321665;1.0251268644332518;-0.10775435878203046;-0.21140576728783791;0.21662370268134903;-0.07435287536147993;-0.14980080650178235;-0.029915886330351145;-0.08193781588540497;-0.1075479149822234;-0.1301885860047554;-0.05177906340730405;-0.14066364197148232;0.9899052207157653;-0.017360697767967483;-0.21906856989651452;0.2011250650651506;-0.0891242666037343;-0.1350506969636732;-0.07508976939581177;-0.10666716892240237;-0.08474199397459714;-0.16425836441390113;-0.06288437400238824;-0.23590066240967536;0.894192027451535;0.05275790010158344;-0.18608923422891327;0.19629179492527613;-0.08338609270919421;-0.11179976448074753;-0.041573748865497535;-0.09310260046068301;-0.06453791689710027;-0.14415778279719318;-0.04958208012985369;-0.3045770492387031;0.7646398610686661;0.1074291365096962;-0.13517900246752562;0.1595227134213569;-0.07419968707733982;-0.0816171748257376;-0.016795832812323813;-0.061962412542299304;-0.055769932365395326;-0.08957894889446363;-0.031298365833937115;31.579290828690226;12.891011877632746;4.47516560658947;42.417771753672426;54.62284547590461;37.63001147502378;41.79544472640957;65.698756149931;33.731987513369134;34.90181370916825;61.54284067692193;44.63536002348698;32.58281832055343;55.7960322989116;45.606347682202774;42.100334323694675;7.937416124725922;7.929757680657584;8.069831341800032
0.9799764411860322;0.227008524861363;0.1919264445785325;-0.24137838038916198;0.09483438246234589;0.4347928495233569;-0.07083851523182252;0.04499252498573006;0.45478293582223706;-0.002502782355599274;0.06164537875690199;0.2966067486559091;0.018626681374590132;-0.022538986937898072;0.9350227138073471;-0.3123371110656804;0.15513334483107852;0.572880069083332;-0.03313414785095064;0.17795377150029243;0.04840248870745258;0.01563731286117737;0.13262045035417303;-0.06358444289916337;0.020139103327801236;-0.11150798672121409;0.9792242259331363;-0.16936907699763654;0.25817567250313583;0.40202730829088734;-0.036033918288390185;0.1905406056556631;-0.08012714687117727;0.007885689541183896;0.10182585242804354;-0.12295518892661428;0.005448114287707235;-0.12112915479563456;0.9863309688716594;-0.031918913792258086;0.25842348253017383;0.31028139147460865;-0.04284340447492196;0.13944747404220645;-0.09512475331144662;-0.006970794613818257;0.0714404431793018;-0.1369221856360286;-0.0022840404122743225;-0.09755482971211032;0.9860745919360911;0.09206143426742501;0.184933957708494;0.21182642965494075;-0.05597601077636791;0.11122501910865532;-0.0748118105744851;-0.025937052751122326;0.05991536283897908;-0.11518187606895967;-0.008289610163361336;44.97097042503559;10.960157018302015;7.1932278750281045;22.250627072536886;60.11550686912004;40.67448144025643;39.26066051216949;80.30229349536285;27.54462669182863;46.85284381967578;84.2949863990601;28.17501513021725;49.39982583134524;80.92532445587179;29.25973271416544;48.594907484690125;10.025705512804402;7.927331528656004;7.274033512185832;0.98795649486774;-0.048588954745687626;0.19985486548383144;-0.2144666163530615;-0.09982349846105586;0.2534781582893839;-0.07615181027858713;-0.1469503606443262;0.23310426884357321;-0.03808368055029017;-0.13559302501741585;0.18320861304383834;-0.02470823051258141;-0.03194496782906844;1.0213608155546945;-0.10886975384282109;-0.21295162764101996;0.2079651983046434;-0.07510345315167687;-0.15040417463307895;-0.032205407076569686;-0.08128903462763366;-0.1092363245895626;-0.12772381183659304;-0.05114297908605898;-0.13934276956270442;0.9900581859986336;-0.01919325161846848;-0.21808345973742127;0.20127528169413614;-0.08983737629681765;-0.13495025115660675;-0.0745891074924316;-0.10485349561091141;-0.08658781279670195;-0.1632061857194324;-0.06100304661224216;-0.23575675802722873;0.8967813286362301;0.05041752518829688;-0.18486253160376426;0.19853268595523463;-0.08383307725453622;-0.1113361410974671;-0.04323135191539415;-0.09055518918498269;-0.06652373184425699;-0.14295875276286593;-0.047228313691299054;-0.30536360111703814;0.7686374699854394;0.10461629839489515;-0.134084790058532;0.16015002966225883;-0.07399233275015012;-0.08132377810186897;-0.016888454614004157;-0.060299776247693795;-0.05704800201905498;-0.0884466030511774;-0.029679960988647846;31.274109868025267;13.047949205064194;4.566317941591109;43.88027713829487;53.94075151927934;36.0805797719933;41.734047841790016;65.65145784860576;33.49447034926482;34.46062751505663;62.590854004233336;43.60770086778119;32.20968077594648;56.17249159313782;45.09927806627429;41.409341910737766;7.957814690137505;7.927090704886986;8.031352068745436
0.9752140790607072;0.2184039320159117;0.1822947248015344;-0.23666299591731121;0.0897752564249406;0.42033800780196856;-0.06792908130724529;0.041472505290400564;0.43817542067688403;-0.00143455016935057;0.058441425808740226;0.2808027749862982;0.017696760620543494;-0.019391384326112416;0.9322452043952939;-0.30167692989946004;0.16829304775898501;0.5559523616243096;-0.03642282014651061;0.16834937573626588;0.06320902902767944;0.00962893962599346;0.12162180829631193;-0.04380760895907929;0.015061725421230524;-0.10373657694800699;0.9812649944014414;-0.16235064941492924;0.2799343751864533;0.3664558287915802;-0.04156881620975371;0.18645174934429992;-0.109969859127578;0.0037022726318613674;0.09215977548858728;-0.14135074146473217;0.004676752319247566;-0.11218838796357426;0.9924831782776333;-0.02906790497037833;0.2754601706770353;0.2786069019012905;-0.050247962382242765;0.13616560472500933;-0.12518607388628888;-0.01023626317288071;0.06142608145581612;-0.15209985079404023;-0.0018851427087312894;-0.08968886652939732;0.993748084516647;0.09114941955574872;0.1962055712948843;0.18988706310997353;-0.06225872677538969;0.10783917904065705;-0.09828332959541766;-0.027927144117543747;0.050776041931453283;-0.1306478793025684;-0.007488390710183187;45.778155428425656;11.008039271881566;7.354706629042911;22.75067685134025;52.96794627616263;40.3891753989108;43.24019342641091;83.27351017181425;26.36380858522079;51.24604027816992;87.5367880446636;25.52131364692571;53.874529334956435;84.15802347604989;27.327411894406183;49.17285617115076;9.787748917273428;7.687432999955401;7.006469347773155;0.9875744888686008;-0.04958763625702493;0.20341152271374272;-0.21512421114595237;-0.10070474907109041;0.25477120810559817;-0.07503018394693017;-0.14794495975192884;0.2331331316456343;-0.03654749654710352;-0.13637848263064442;0.18225654754136963;-0.023061073724190074;-0.03210522534654978;1.0219358690799236;-0.10839758556801202;-0.21365438774419143;0.20612268479255014;-0.07395810519772039;-0.1514007820452045;-0.03207110652794687;-0.08034864485163476;-0.11006837852714858;-0.1261777904435617;-0.05051814150019408;-0.13919337107752758;0.9901102583879495;-0.017518038789247375;-0.2174536912111618;0.2012785998821888;-0.08872929970916402;-0.13600819325511251;-0.07302443555668975;-0.10441945896756186;-0.08817413928394573;-0.16123361581565307;-0.06078469772209055;-0.23556577621605163;0.8968025668546108;0.053245738352030086;-0.18436861143929165;0.1977614657535115;-0.08310855047318336;-0.11230708116015971;-0.04228626913177267;-0.09106290102914563;-0.06794382973837171;-0.1413786900628452;-0.04755093746181029;-0.30485997390873;0.7691944337581379;0.10854665753867931;-0.13386570502078768;0.15862236223207807;-0.07351600731283828;-0.08176768051789138;-0.016408578157715896;-0.060875840535579304;-0.0580061301296363;-0.08762004096415983;-0.030133316981382066;31.168399654342075;13.152127033841543;4.716524149281429;44.19898329299105;53.57262890145075;35.687411743898586;41.653042794406375;65.24112127326869;33.408393834495655;34.555049103436374;62.14165555663066;43.403780916246944;32.5768155603777;55.680629507564554;44.755977329603304;41.04336495259241;7.986799428643282;7.9662762786076735;8.046079882505328
0.9676819856188752;0.20972747357176802;0.1599729397458538;-0.23178304665489116;0.09189487165895334;0.39527459358603434;-0.07010387845960846;0.04391783209437314;0.4245039189957893;-0.006900232495738043;0.07075900737712196;0.2621828949343134;0.00922835890647398;-0.00259893257389085;0.9139569539380157;-0.29871789325450687;0.16677078415845767;0.5575008966318438;-0.05961776764693849;0.1512489306186616;0.14006133857754346;-0.014088260646736192;0.11338320192975501;0.045049816773684914;-0.00036265597750223804;-0.08417997708944641;0.9818273087521626;-0.17008488247256345;0.2881577799572975;0.37892132574848286;-0.06142944390471155;0.1936764476035621;-0.0883019801406384;-0.0034165828593192933;0.1005833708154231;-0.1322793228766378;0.004836548841437873;-0.09159688538262532;1.007935445430495;-0.04969762449431271;0.2785680074210939;0.2916270225838929;-0.06952607064344826;0.14868863213070885;-0.11676880367070369;-0.011471145356859381;0.06896032621642155;-0.14130056111704922;0.004234647291019339;-0.06894580499508016;1.0144320329878518;0.05710668039036;0.19916669468090664;0.18967817348278088;-0.07371085575697167;0.11519677251482711;-0.08518356519702648;-0.028549677854893513;0.0568403682909117;-0.12251152839045824;-0.004191361319637426;46.92865744897138;11.39183117372944;9.633681923510508;20.480106799687576;30.492189503001686;21.442836048127504;41.72727229792501;77.24513673098907;28.356905713199236;49.03304502114763;83.95381177817136;26.31266799969669;53.00908340809252;77.6593925640421;29.94983762644964;50.469621758735805;9.491905161299059;6.98758575240767;6.165253684701162;0.9866130859412948;-0.05379175166792868;0.20816294922676765;-0.2186567337588503;-0.1029819046578013;0.2594418947224773;-0.07362693902929923;-0.14892512282395348;0.23376581292266857;-0.03387888719581654;-0.13709963351932694;0.18148865801469388;-0.019999837510000618;-0.03517329190800447;1.0276967993711488;-0.10601596430506065;-0.2133488739722741;0.2124264782272804;-0.07052804067559541;-0.15287494302383622;-0.02903005571861176;-0.07904802026145298;-0.10987975643964346;-0.12571525686411913;-0.04989969231553356;-0.14044344844425147;0.9900204813537179;-0.011622576703964528;-0.21723902128450714;0.2011015453782722;-0.08542611403061152;-0.13846158371771636;-0.07016803151835511;-0.10563238690314623;-0.08946279780435192;-0.15813560598521487;-0.06255589179172022;-0.23531144274244084;0.8937269625960268;0.06229410260628332;-0.18474414422671023;0.1933687746822862;-0.08097130345637912;-0.11500412338904703;-0.0382120786433099;-0.09523484825203885;-0.06869811522705514;-0.13932376452963074;-0.05108307965099229;-0.3027987308684605;0.7656167349572675;0.12059359752828815;-0.13469039343907538;0.15449401489451503;-0.07271117757987004;-0.08309766991673634;-0.015237645341875142;-0.06413902885148845;-0.05858877115340853;-0.08715010857535337;-0.03307322034045503;31.294917807884136;13.201789582788235;4.941122337386954;43.128671669806096;53.60315151099034;36.681403774590514;41.54600542286955;64.40467314788924;33.48418102551496;35.2964410315112;59.946444921681056;44.133269847970375;33.845600096703635;54.1755886165153;44.582033216420655;41.06695777429039;8.030144218683386;8.060395065555467;8.130889246733219
0.960149892177043;0.20102161174438096;0.1377417047671515;-0.2268367239527095;0.09395900328168826;0.37021843160445217;-0.07223233575203525;0.04632633778600926;0.41074491451938894;-0.012323571590449146;0.08295699137695627;0.24358218152815467;0.0008168414966879079;0.014073846074349028;0.8954001180402323;-0.29564935734452813;0.16518645502600582;0.5587942003104069;-0.08261973982792475;0.13420529099559456;0.21629942165755126;-0.037628662507068325;0.10515422452357952;0.13324824576479796;-0.015675909994814663;-0.06472721799288236;0.9819557041792308;-0.17768900438905266;0.29619585845385676;0.3911312382784224;-0.08112029138128841;0.20076437140554362;-0.06675132648775657;-0.010482726837121538;0.10890232532406331;-0.12321525151416887;0.004993078143353046;-0.07111342168478542;1.0228352390083602;-0.0701571672162696;0.2815315198344188;0.30442578873801684;-0.08863504459665243;0.16105646398994256;-0.10836096547015575;-0.012692120938738897;0.07641017398664993;-0.13051709982906712;0.010308555244126076;-0.0483217900360607;1.034523024868446;0.023283854033409216;0.2020193135204573;0.18938773989267652;-0.08504832114241402;0.12245099618979272;-0.07214074934115275;-0.029155232953661372;0.06283617926756485;-0.11438007412088083;-0.0009162168519077779;48.19544982689135;11.878832821630256;12.514189599311285;18.249414653633377;15.194018154795078;7.138215672872775;40.29120022164034;71.05071075286124;30.473311037222878;46.93078476252804;80.5945987308014;26.81271460903898;52.13651015051785;71.18453655733788;32.47925501488139;52.015728508322326;9.221018618032689;6.3240741317687315;5.362792102635766;0.9856516830139888;-0.05804170599988706;0.2129607369998602;-0.22222136350172472;-0.10528116029974727;0.264156129363007;-0.07220501016014556;-0.1499109336381418;0.23439705413023418;-0.03117866763204939;-0.13782392254355483;0.18070532697823607;-0.01690303733880619;-0.03827496151110527;1.0334852938073709;-0.10360333221183284;-0.2130320015118195;0.21879413529067754;-0.06705634937284079;-0.15436022557756826;-0.02595333692192456;-0.0777296788342317;-0.10968492856636114;-0.12524281633699227;-0.04927236381473355;-0.1417025575224613;0.9898931022685561;-0.005659617719202282;-0.21701388238039349;0.20091504608551508;-0.08208219448368492;-0.1409377681481557;-0.06727654002885458;-0.10685521018448713;-0.09076281064814391;-0.15499650981276847;-0.06434492376041935;-0.23504552130783649;0.8905833471692778;0.07144310035341242;-0.18511712291894003;0.18891896698000252;-0.07880675102575978;-0.11772759813699193;-0.034090127781343425;-0.09945073714633294;-0.06945844319448306;-0.13724031398841383;-0.05465351640096458;-0.3007028506373093;0.7619700467089239;0.13277312901576693;-0.13551948686785126;0.15031299453242877;-0.07189450537190964;-0.08443971901190453;-0.014052828837321804;-0.06743696966767565;-0.05917587554380486;-0.08667161003114471;-0.036045346338458024;31.429268441761657;13.261256188409918;5.17410441036879;42.071135708639844;53.609052850359085;37.68931080598911;41.43472675480023;63.582413786258705;33.5321160962827;36.05581401914617;57.83432072971285;44.77126484494477;35.14476822551625;52.711766361320294;44.359112147868515;41.095546993116734;8.080861138373654;8.163000104871445;8.226752664893679
0.9587342085098972;0.20257479922322238;0.13547498075485914;-0.22734218640211476;0.09676906089998268;0.37011525723647154;-0.07391119470695347;0.05057427394233277;0.4125984993050615;-0.014065435254746631;0.09344539931022708;0.2413982528447935;-0.001048607419373371;0.017883244529978755;0.8925669364723589;-0.29734802720796066;0.15558282641478507;0.5629944214537005;-0.0854296322519185;0.1314323474670695;0.2386126494648316;-0.04101271121896967;0.1085859413208909;0.16042787796504832;-0.018044376061906876;-0.06256127914087976;0.9815537490677759;-0.18066079830237278;0.2882046117642168;0.41022699132478796;-0.0810444065615895;0.20736326858088494;-0.04286101881968581;-0.009640772199827494;0.11894230154852917;-0.10912486956433443;0.00526198075414712;-0.06949015409071284;1.0225304287823793;-0.07487135083999982;0.27481396772423733;0.32042739479698823;-0.08795738050944203;0.1689312008180823;-0.08898886277563856;-0.011467992643450681;0.08614975842697646;-0.11633497911949199;0.011191745500682809;-0.04661988773241328;1.0322438630662545;0.016357216771572872;0.19736552949674357;0.1966281705747668;-0.08332033969840996;0.12761192882172348;-0.05486698481802518;-0.028551564066227036;0.07065745461180772;-0.10360271887155942;-0.0010830926155002436;48.20327699691441;11.782337769198165;14.272505741099389;17.173729798262453;13.25509524984574;6.132131449693574;38.16899113888707;66.47843352003632;31.171046635579767;44.668076745793705;76.73971760807844;26.85394383143074;50.188636406837375;65.99375817440026;34.067822249696924;52.21533751566635;9.259208399593417;6.234612114527195;5.248901869863717;0.9856447198224076;-0.059533295895531524;0.21219562876653628;-0.222865750863371;-0.10481778889562586;0.26460768642210536;-0.07226852823437123;-0.14886389758876178;0.23360049629915314;-0.030933455449940153;-0.13708937580856667;0.18085883006961379;-0.01663197885196132;-0.037336958430242276;1.034846549756531;-0.10335386500009755;-0.21264075670916457;0.21965620728878144;-0.06624414892532483;-0.15391186168275695;-0.02279878829190569;-0.07754830022635573;-0.10875311356597255;-0.12382705323724347;-0.04930276028374547;-0.1396574611669987;0.9901881160743226;-0.004825797920768056;-0.21718002329771824;0.19739753212430686;-0.08134068632630033;-0.14116376533041802;-0.06624042962823892;-0.10724612940910287;-0.09049622000188497;-0.15396772623041557;-0.06487355141981961;-0.23238203968433124;0.8900834535262915;0.07286263800361382;-0.1857234566043457;0.18528006185469653;-0.07862064592887323;-0.11808058481384733;-0.03303093671748839;-0.1004393784423712;-0.06907366371755588;-0.13631090285485734;-0.055475346029251575;-0.2975138178702402;0.7614307364898913;0.1348231557971953;-0.13638606117898222;0.14746339209595247;-0.07235744080485412;-0.08465765366101975;-0.014204930295072745;-0.06832212223592;-0.05895698925827721;-0.08588258443449259;-0.036682299444553465;31.476334721235375;13.295578337361983;5.121420148883084;41.95360090049516;52.82896719879762;38.55882923684644;42.03905443268858;62.844514886331964;33.660090217367944;36.80729006688037;56.8970428054805;44.96759002509005;36.00227659615597;52.08019687887491;43.991153062122514;41.3531355465021;8.051785184912577;8.161906541037187;8.229682986809856
0.9659477938907162;0.21880566570912802;0.16160913930106852;-0.2356550630806282;0.10072276481618807;0.4056018773893919;-0.07500012387577604;0.057552757440598186;0.43678999754128767;-0.01060751494111025;0.10176693351227942;0.2625771566796746;0.006364914101520597;0.003464501984160676;0.9121768011203697;-0.30591708432821013;0.13434107273907328;0.5715102861585762;-0.059556058286904266;0.14893669919397096;0.18468733944083773;-0.015772530097477422;0.12872582487512962;0.10137278057905089;-0.002033533275558741;-0.08497504225768374;0.9805122599852402;-0.17712975529803524;0.2572215713289551;0.4396508269945517;-0.05281984402475227;0.21345344602601515;-0.015059399681178072;0.0024854147372077922;0.13169450759357845;-0.08754416272115673;0.005698204108235624;-0.09470197627774694;1.000690609675633;-0.05728150812001784;0.2541769786568136;0.3414235973052845;-0.05908885804106645;0.17061978965700983;-0.05353627353708102;-0.006732420322939934;0.09940014763897322;-0.09697976228418875;0.004703915183729036;-0.07183642115730292;0.9981755284278;0.04757628197283124;0.1819305865888289;0.2147983193532748;-0.06294939519782494;0.1299335370003175;-0.03115109493326295;-0.02621428726291008;0.08127931045169169;-0.08880615471758771;-0.006157256747386892;46.46220662056656;10.877323196836317;13.936294098929654;17.98481904345578;25.64016019153348;13.249896889256087;35.176269588067036;63.93468381740155;29.602166726203386;42.10824550616311;70.64433056283703;27.177944624837597;46.659384526527866;61.736594358414;34.734226696329465;50.496873182263165;9.72335978679627;6.95556374910273;6.120732781962341;0.9869843173703832;-0.05711765842821431;0.20365700427257924;-0.21939733051729454;-0.10049635970822726;0.25907095072014535;-0.07440935603967057;-0.14499680973974358;0.2308225174661307;-0.03413315190387881;-0.1343300084575071;0.18231660159967972;-0.020326092431755517;-0.03076716014511444;1.0299482288585686;-0.10613928879663942;-0.21215248565466555;0.2127782738201525;-0.06917882357989116;-0.15076513823556134;-0.01962516765497992;-0.07896306041793968;-0.1068136905307945;-0.121128265164369;-0.05025255002580962;-0.13304042109014766;0.9910473321959523;-0.011199629611814187;-0.21788527390478823;0.18931160287752566;-0.08426379384837342;-0.1382289815471075;-0.06783137541843041;-0.10645863497991195;-0.08804135504575444;-0.15592116645543244;-0.06362047503730044;-0.22643240015428118;0.8932836368555607;0.06341425635755975;-0.18663570213096864;0.1828776073181394;-0.08120937509671658;-0.11510110125294304;-0.03629114940688522;-0.09687770193583392;-0.06709475182599361;-0.13702185332682038;-0.05242287951229184;-0.29287938627048987;0.7652444898423229;0.12262452018447015;-0.1372776953281037;0.14655738388712553;-0.07459794375120841;-0.08329329366681648;-0.016224885595707332;-0.06580126559277269;-0.057614377476120845;-0.08467959642440005;-0.034029667118026255;31.40270547454703;13.289597814330232;4.675481347537854;43.1486830276705;50.95938699062394;39.21824321385517;43.65571571445109;62.20479788768744;33.91744575947095;37.518976055388976;57.564588358521775;44.60853573798626;36.20453426464738;52.620084971087344;43.46104068806854;41.944644487964865;7.907840059170332;8.010804471837647;8.094612207822284
0.9731613792715352;0.23527879323126957;0.18823505122945683;-0.24402612242339097;0.104710196654728;0.44165697708227514;-0.07607314522995148;0.06465487443257431;0.46128357161795974;-0.0070674721587607355;0.11021822709368874;0.284084402469554;0.01393898121874609;-0.011274937133181043;0.9317339630312004;-0.31451252749698266;0.11255796199060301;0.5799097540490694;-0.033078574519110275;0.1667487253264226;0.1294710801362853;0.0100342101635061;0.14924243961788225;0.04095771707473239;0.014332450099193704;-0.10783914673137975;0.9789249592024306;-0.17342618799583695;0.22541624319673603;0.46949091868193354;-0.023942974565938312;0.21956449165138098;0.013365040831229243;0.014878429409052;0.14465849433026526;-0.06543955410660511;0.0061410357865624215;-0.12042082868594817;0.9778342957133737;-0.039272150920408457;0.23294811297265264;0.3627020629611623;-0.029550445962406042;0.17225474964580484;-0.01727115815981049;-0.0018885382165763924;0.11289055255047949;-0.0771448263456107;-0.0019298920013610008;-0.09757228023616067;0.9628216241691617;0.0794603448401846;0.1660573223858141;0.23325575015994998;-0.042094414266982016;0.13223720735511474;-0.006894153975323538;-0.023811348304570247;0.09209271732530414;-0.07363503732640127;-0.011340345725851676;44.92990682216272;10.156945620673055;13.675159376341577;19.21316144655831;41.59380516006087;22.57028319579514;32.55384439617404;61.178869742010896;27.832273374821593;39.703365508409554;63.03680341349179;28.61976914788455;43.14482957565847;56.74219719222909;35.61684452339384;49.136157283798404;10.216014610434968;7.738870183779901;7.0847130162767025;0.9883239149183592;-0.0547520072843228;0.1952949229607579;-0.21598937741900404;-0.0962644915591444;0.2536382410928271;-0.07649559676525834;-0.14120533593505813;0.22808843539633214;-0.03725760419396754;-0.13162205589576687;0.1837263707286109;-0.023934905120425322;-0.024343559449499723;1.025076053984427;-0.10885292222882599;-0.21165781242193019;0.2060385378100044;-0.07204137017345204;-0.14767724638832488;-0.016521777660222878;-0.08033929579320176;-0.10490938416523338;-0.11848060670190122;-0.05117670338174586;-0.12656223308083386;0.9918055542101544;-0.017428247057036928;-0.21855663133514514;0.18139314889274044;-0.08711379398541583;-0.13534926287811977;-0.06938072375882443;-0.10568020872307769;-0.08563482006961466;-0.15781755498429773;-0.06239053151713496;-0.22059881962631847;0.8963378744989873;0.05417455236117209;-0.18751193966691246;0.18051449319604226;-0.08373281795482886;-0.11217959768472915;-0.039474570388414225;-0.09338868469620178;-0.065155118620516;-0.1377054349912056;-0.04943520233319976;-0.2883257723676934;0.7689089423247332;0.11069195151659908;-0.1381378492469031;0.1456598274954382;-0.07678158762470369;-0.08195296713699309;-0.018197777556259894;-0.06333206277370602;-0.05629741966489603;-0.08349687462615672;-0.03143428594594396;31.344667022215848;13.29224774646105;4.256989076246736;44.34537199773549;49.080890781543964;39.876063047911416;45.267914600250194;61.56127260006935;34.15300193879715;38.218834783627365;58.29288334116408;44.2012599411092;36.4094691016151;53.21919387159965;42.92018782268954;42.55919782217071;7.7722893806399505;7.8680367784036935;7.967490362021452
0.971314410587566;0.2331947666628896;0.20255556365594282;-0.2503384579175462;0.09635711439891977;0.4421004436227178;-0.07516197381598745;0.05450185381649473;0.4514413538751179;-0.003462754334607734;0.08795297500484212;0.2916999592881252;0.01905051553630507;-0.023546561387743498;0.9443467066016252;-0.31368785559548457;0.1320396276181101;0.5376623060762271;-0.019003132187419468;0.17267344435234627;0.056613301183720835;0.02343913554112553;0.14191274072208043;-0.03113336368122692;0.023157009949152648;-0.11569967625785707;0.9795775654438801;-0.16444262887970418;0.22952113907585803;0.42247328499557213;-0.016547623964176448;0.205912086059357;-0.020553033873713187;0.015158886521440035;0.1306979581406003;-0.08522602590956097;0.0058872663981822575;-0.12694695304484244;0.9699684337343557;-0.021137425019456427;0.23689269559442325;0.31849049035961186;-0.022856671344373546;0.15899535418806068;-0.04081926678779131;-0.006218132970747533;0.10201671990494551;-0.09003918800244058;-0.006690541867487126;-0.10365699165286243;0.9534881959428946;0.10706203792172665;0.1718858596424705;0.2010501299019034;-0.040606745867687664;0.12467141602487951;-0.030516943806066225;-0.02772091566866341;0.08430186393100252;-0.0801738887929588;-0.014282162991825085;44.156990780801074;10.484199043397922;10.673033448371616;22.180371495684835;58.658655596333965;30.253326726335324;35.835652491992974;67.42037686963694;27.438411054736346;44.107463526474206;67.67769541987789;27.01418586069633;48.97044692916734;62.14365048039876;29.825466017112852;48.094593309510905;10.284793276026305;8.258164545162689;7.709180667151697;0.9882348964782296;-0.05541561265196866;0.19383187626118656;-0.21513011853657568;-0.09657138188322274;0.25255803700102464;-0.07567046774902401;-0.14083685706436344;0.22705294198384757;-0.035959391236117445;-0.13217173753358358;0.17983929386213912;-0.02267724356561233;-0.025694918940712855;1.022718992880665;-0.1108176643595051;-0.21437006984055448;0.19946570660072818;-0.07053520198205136;-0.14769379231639257;-0.0152089334434052;-0.07845338639028517;-0.10549196554332868;-0.11593467875699245;-0.05002085377043648;-0.1273003949144437;0.9916791548988187;-0.019158893334202096;-0.21950134473999205;0.17979483012808797;-0.08479661559005293;-0.1340851334466711;-0.06900456813880051;-0.10268773094610638;-0.08562586053516413;-0.1555022025518203;-0.06045980829993469;-0.22080334779747543;0.8977602045835777;0.0529802794723509;-0.18792375408142356;0.180033324877137;-0.08155537692707078;-0.11130530786925683;-0.04011848440769555;-0.09070922747166894;-0.06562040158613931;-0.13367412688876965;-0.04791881796319191;-0.2887291880898929;0.7708021228221377;0.11011710879225205;-0.1380534445084097;0.14600809481640292;-0.07472408190341222;-0.081746916375268;-0.018412395937131884;-0.0613299890004523;-0.05603137212554681;-0.08071088553104852;-0.030219058231500034;31.497964871197212;13.302036692730114;4.844613516036044;45.477557148430066;47.51393009275671;39.66859220368282;45.418455074844225;61.55692237540903;33.83330975676729;38.07846338739004;58.751455949158064;43.15501861367615;35.9215086318869;53.698190718167574;42.10272833092453;42.549907395060714;7.759798598619164;7.836549803754252;7.970695069985468
0.9623544417806784;0.217542021918868;0.20662097388903589;-0.25465297305327356;0.07953304027119298;0.4161464707605848;-0.07286318978167178;0.032368895376457166;0.4169786303701844;-0.00010096185795652941;0.04469802645878742;0.2884370097048716;0.021925590576811635;-0.033001692745060894;0.9509351161030791;-0.30598667378842315;0.18059775623292146;0.46131253417061313;-0.015268952129203569;0.16932510106505314;-0.02345944231083725;0.02656352987753198;0.11452868392834177;-0.10608728750484193;0.025677223551730514;-0.11180960554861431;0.9819911023308079;-0.15228948437166615;0.25998227467783613;0.32226694130422534;-0.025693540555115142;0.1787234078795073;-0.0980106778938665;0.006429502704561609;0.09789963129769462;-0.13452200899041405;0.005137851549010671;-0.11872264306088963;0.9740113378705867;-0.004373823362272133;0.25923904865705;0.22928487993124616;-0.03366028593739445;0.1357744889177234;-0.10686829521179017;-0.017008187082061685;0.07395218058395184;-0.12619941496023185;-0.009678509819709432;-0.09468300998826296;0.9643653780832812;0.1292784423921293;0.19337781576059918;0.13386932883031016;-0.053619039162527304;0.11040952038654378;-0.0877763581871675;-0.036004767557254215;0.06334409734292339;-0.10231085124883484;-0.015325788341480235;43.92914856922905;11.630683815496747;6.134769208905296;28.003149454830545;76.95602797161247;34.47241836863835;45.39728456458092;79.98432927101153;25.20189505854312;55.613716935409066;79.24380581800787;21.428464492825263;63.870133455756175;70.83073506787251;20.631860368975882;47.20415896228237;10.070485397192455;8.516234425949573;7.967773272925856;0.9870243411402092;-0.05846105648005159;0.19772277447125716;-0.2162426703588607;-0.1004306568387303;0.2548532099703791;-0.07255310120025578;-0.1431338284183187;0.22732137858306395;-0.03117710398515;-0.1352796830054656;0.17172502381490298;-0.01758979920765589;-0.033149851081301286;1.0222803821706872;-0.11224599222010533;-0.2196537728443829;0.1928676955817219;-0.06558247307560515;-0.1501363623113359;-0.01526286234265598;-0.07397592934464105;-0.10803149224448252;-0.11340837265772194;-0.047213704972616545;-0.13369234913825476;0.9908697842442401;-0.017419140439982786;-0.22068455284139257;0.1830950399306948;-0.07839011690795519;-0.13405362943686144;-0.06711666041537946;-0.09789580044758762;-0.08748970254370025;-0.14984437184474936;-0.0579362418702891;-0.22572988595051502;0.8979521941404912;0.05803999978100753;-0.18798486024858255;0.18101204201045368;-0.07565602651138026;-0.11200977007707556;-0.038795373857189314;-0.08859860456621918;-0.06797537665700545;-0.12586606855531113;-0.04751539969415191;-0.2930159917520387;0.7713660569018449;0.11839805986715803;-0.13723098364231157;0.1473390749898744;-0.06930644110497251;-0.08242248225494814;-0.017259460967959935;-0.05964530104514214;-0.05658012828516323;-0.07660707288888156;-0.030052664547685702;31.810238981019765;13.324834932974834;6.33462697454361;46.597194678174226;46.141399450795134;38.746490946803114;44.4275007905199;62.02354406268033;33.04077139561279;37.27433533502376;58.955566005992;41.50101496838012;34.85826218638823;54.04653761052427;40.99552453336302;42.036893165067696;7.842716993893999;7.891806158900829;8.075655320910386
0.9533944729737908;0.20318629125336185;0.21031063236140518;-0.25856348526471434;0.06412583963985015;0.3923348972208341;-0.07074884060550433;0.012110587755973951;0.3853807092259242;0.0029753767753772616;0.0051094940423864164;0.285408509802643;0.02455328657096389;-0.04164905850727105;0.9568235355705732;-0.2988942234743114;0.22500585113904062;0.39137787844816335;-0.011849605889840395;0.16623606130641447;-0.0967292905694539;0.029418688656140866;0.08945303660647888;-0.17466077304536534;0.027979636970961817;-0.10823333924973404;0.9840545716554067;-0.14114582628950148;0.2878183627396382;0.23052205831009676;-0.034059028733852;0.15381706165173145;-0.16887647220198734;-0.0015595700526911307;0.06787192761270484;-0.1796121121398689;0.004451314460698735;-0.11117916057236645;0.9775669949447132;0.010966932683792535;0.2796495359771985;0.1476203369491831;-0.043541530288566783;0.11450537329587113;-0.1672929348363389;-0.026879483327659857;0.04825983081849505;-0.1592704230690603;-0.012411322248697369;-0.08645706729364688;0.974176401561322;0.14958922161594107;0.21301619090003052;0.07237344509001484;-0.06551846130454063;0.09734236622985708;-0.14016058092405645;-0.04357986999766044;0.04415661182998248;-0.12255291965010409;-0.016278528701002788;43.76157675850609;12.898981321811263;4.540382956705174;35.54672875300194;90.52311229359172;32.33067406348109;57.21941760288248;86.3436449406049;21.694148726881483;68.96371117827817;82.52174036233716;17.74386681802969;79.49026161619709;70.9841452712321;16.362850827809044;46.40492978149837;9.928116016577071;8.755337435130809;8.180138205918567;0.9858137858021886;-0.06154725117508662;0.20166013907364974;-0.2173612426819245;-0.10434037379652412;0.2571695042333843;-0.06938799799264808;-0.14545702945614378;0.22758329939800523;-0.026325230268202826;-0.13842577533996403;0.16348727796934356;-0.012429036754641404;-0.04070953970261776;1.0217890099838045;-0.11368957314564591;-0.22500279789705313;0.18616686003709967;-0.060556162883232734;-0.1526069188078741;-0.015316865564136965;-0.06943128380270397;-0.11060230308692283;-0.11084089629751398;-0.04436439427978352;-0.14016933360756334;0.9900037962465975;-0.015653796131837233;-0.22187458651093492;0.18643396178980184;-0.0718887318116406;-0.13401557749160511;-0.0651987884129832;-0.09303111060934277;-0.08937613186152013;-0.1440990755791835;-0.05537406797716013;-0.23071637858892347;0.8981060673730124;0.0631692021650721;-0.1880382849302146;0.18199647477138803;-0.0696691431021096;-0.11271917791639308;-0.03745163830008398;-0.08645386540132789;-0.07036082760183182;-0.11794098563665026;-0.04710406924180088;-0.29735056971684;0.7719029355864608;0.12679166329431849;-0.13639055576764575;0.14868232402187187;-0.0638084226136814;-0.08310392796535333;-0.016089306514051164;-0.05793388547644475;-0.05713413241172767;-0.07244127807492713;-0.02988253177432789;32.125355215340804;13.363843852544294;7.9701242052199675;47.76495487918761;44.70121666911215;37.77732422054785;43.441811565425986;62.44458207669369;32.180285676559635;36.45707993886608;59.14699049878029;39.66004951365515;33.75656927950251;54.38880658350742;39.77980497928674;41.52301590881953;7.930070832943557;7.952230125888986;8.18548771550127
0.9569271133399736;0.2007169696918841;0.19729544596642498;-0.25594157275199203;0.07251453267326095;0.3854067538159485;-0.07396003229860496;0.028459917180750867;0.37396939381238514;-0.0012428787010852634;0.02356427655117595;0.2706812023453416;0.018095775368365024;-0.026180828507029078;0.9495812657491067;-0.30869514117766145;0.21079411806513834;0.4059913719392587;-0.020109063401323738;0.15812454209557542;-0.05085758911053752;0.02105790914053424;0.0887600958967769;-0.12976760219648492;0.021942716945811836;-0.09381715852562751;0.9836543013576917;-0.15369631155850397;0.28061224681256114;0.2544794002256871;-0.03971240441926728;0.1564457773130064;-0.13481811533861193;-0.0029766148866935006;0.07505915841863153;-0.1579102671099226;0.003468634701328211;-0.0984924690147428;0.981783057151449;-0.003862208182126551;0.27755576392677705;0.17098341209639167;-0.046775503556233035;0.12302053571732476;-0.14911635826690817;-0.025393882369500558;0.057059379239862845;-0.14943809899622112;-0.011371558494527464;-0.07457086837776436;0.9802417997335987;0.1325356013188633;0.21223167051858008;0.08245696992415874;-0.06628526641927275;0.10330355508798375;-0.12562836967832527;-0.04264257430085254;0.05123221661784911;-0.1130884422279094;-0.016259515054795223;43.82908250205048;12.219313404315095;4.048410538268533;32.38934725498906;80.79766981614759;37.46234362561209;52.83603914535776;82.90988928425503;23.903056013487863;64.34098021074195;81.1882258172835;18.838710665347712;76.17368153996706;68.84217773831844;16.440412294770347;46.59529274978109;9.902021056135418;8.621456492227434;8.021071556902205;0.9857821907545444;-0.06215259171502731;0.20256768817624327;-0.21727592315426486;-0.10485279354111841;0.2590466631906593;-0.06874374293142356;-0.1458245392569633;0.22785296942107847;-0.025862514805694275;-0.1382719647159541;0.16515877735435963;-0.011790891984043364;-0.03897338426740356;1.0220418973006136;-0.11141493736993602;-0.22370186684479235;0.18701675490644634;-0.06125232927422381;-0.15259285758871835;-0.015170855001309267;-0.07021935648896933;-0.11083899378679485;-0.11095832371711704;-0.04471393787207896;-0.13852352095237147;0.9902687895977745;-0.013377536825462968;-0.22159537479155253;0.18849007454549466;-0.07356077610008313;-0.13520772774791742;-0.06529577186370862;-0.09471601886760216;-0.08992242302924609;-0.14570908768937432;-0.056063043063848975;-0.2294659363057151;0.8990694574467726;0.06523641012739803;-0.1876316051159613;0.1836674416289733;-0.07160137061062542;-0.11355692180028117;-0.03861013326777484;-0.08851399788224665;-0.07052954331776676;-0.12071035684668353;-0.04784972516818359;-0.29595169146294287;0.7744931887115801;0.12875354691022112;-0.1366125871166566;0.14909633495994518;-0.06549601177027545;-0.08339330725128831;-0.01601014677457841;-0.05968418541417847;-0.057563486381299635;-0.07314714900968307;-0.030801348249649283;32.176009915645416;13.360335352739405;7.65850686791094;47.60367369130202;44.89210372719732;37.79038471951746;43.31374316002188;62.4717308925151;32.476718273039076;36.493207332880715;59.56040319195257;39.87241748965849;34.22152266927265;54.1710748460426;39.874421158422116;41.552905562399125;7.9346136876560625;7.953028333579543;8.125163273058034
0.9672046250203192;0.20425269702901558;0.17391564343349114;-0.24933118948294317;0.09442989980060856;0.38660792751455614;-0.08026814520087532;0.06600571137323469;0.3720712462693488;-0.009776025451139387;0.07496803266445838;0.24806723507636494;0.0061373123512399935;0.003717598230057741;0.933754434233015;-0.32821880847013474;0.16349887965507479;0.4671535247079809;-0.035397381651076164;0.14642725739489298;0.06346063155017677;0.005871879255001078;0.1010707588909895;-0.01950595848903454;0.010841749779757326;-0.07216347449411993;0.9810115776423647;-0.18002421359521392;0.25360839278466735;0.34276586368204554;-0.04438166261796942;0.17401899433389323;-0.04097660996816311;-0.000976463537636846;0.10289643165385075;-0.09808579091596459;0.0022339327333512596;-0.08179254025637049;0.9858620294676392;-0.03630081477879257;0.26289111163927914;0.25294100179417295;-0.046677673360797804;0.14825738318243956;-0.08677834375793947;-0.017627685957326535;0.08520338600464104;-0.11544826706092501;-0.008193241462533724;-0.05956501672056812;0.983963993020552;0.09366986950318708;0.20017564389230066;0.13197437802122375;-0.061060506686572466;0.11997304572700791;-0.07358648781086509;-0.03699268791726202;0.07306438095037616;-0.08664725810091951;-0.01570035073251191;44.232342485625075;10.56728031482493;7.327113242620311;24.066637053716292;47.65281227004719;34.48120734139411;40.506766293980654;66.85020674057297;30.401909276084304;50.912230588049844;73.67885687950938;23.29826548151143;62.73996711350891;62.61181996286221;19.224904134308414;47.48012781067054;9.96234778622403;8.28671740910941;7.637158925489424;0.9863871269016996;-0.06140078306837232;0.20181455155381586;-0.2165301089331487;-0.10350778436051056;0.26067070515429147;-0.06947608637373637;-0.1451208088756177;0.22812121044332806;-0.027795472966213826;-0.13631623712796698;0.1722244455717315;-0.01362228945812311;-0.032173968934991366;1.0226797335695137;-0.10712040637684367;-0.2187753026583421;0.19197768790668512;-0.06506545673003965;-0.15122066140583668;-0.014916117894832213;-0.07391120332602814;-0.10979930632067274;-0.11253754105902217;-0.04680583431385489;-0.13245194108789202;0.991130231374955;-0.010832716957335568;-0.22051173136914604;0.18983344318890444;-0.07968196536713396;-0.1370628299882307;-0.06649004762860311;-0.09996388369134233;-0.08973349832357204;-0.15132088190897872;-0.058521127137593824;-0.2248148011356867;0.9004525406622701;0.06562276109432275;-0.18697217045193815;0.18570169228794015;-0.07784287692505666;-0.114458641159951;-0.04112743805449036;-0.09285656561868566;-0.06948700144290913;-0.12929804714891438;-0.0492221301993812;-0.2914261279664718;0.7781765999885648;0.1271958030685428;-0.13741047070859896;0.1489987090293723;-0.07109402432264907;-0.0834658945457178;-0.016526120003354103;-0.06331353872334747;-0.057921774170790474;-0.07650563091208344;-0.032309344689976205;32.08545175313831;13.333964416263443;6.320164949937377;46.722969449072146;45.9679323328883;38.34008187414148;43.66847331067781;62.28183452687455;33.377186073879066;37.013065200600956;60.049861641255106;41.138451268313304;35.527408743327314;53.63288330025801;40.673933669258695;41.87724605576444;7.893289482878421;7.921440520417849;7.972779234093347
0.9774821367006646;0.20777586508025833;0.1486412606378173;-0.2419254870684496;0.11778720773680168;0.38739333617792093;-0.08692244038826481;0.10614610196315218;0.369554944677037;-0.01890563230628997;0.1299440146097029;0.22351716685824144;-0.006682771088628856;0.03574551206952153;0.9155865242908805;-0.34871041119672336;0.11261536198288463;0.5320757633477258;-0.051731144024840886;0.13370501121356151;0.1858571765055313;-0.010405827715906089;0.11412911296355882;0.09865205435229947;-0.0010657278071397836;-0.04887042358762407;0.9769076252410702;-0.20799801307757418;0.22434787617369642;0.4369100481519389;-0.04932666515209971;0.19262094258580115;0.05961695916301361;0.0011677359891395518;0.13258740016721407;-0.033863485897566284;0.0009081932580561893;-0.06379437925852756;0.9889533116604975;-0.0710079728636921;0.2468385933563254;0.34042104525719646;-0.046512308830251876;0.1751034509972962;-0.01987773873755375;-0.009284230119113755;0.1152459359033724;-0.07888229861941058;-0.00477741081685061;-0.043410698848666614;0.986675489538675;0.05190818450123113;0.1869993239836559;0.1848554052026395;-0.055383567429288814;0.1376768636592375;-0.017734121038634944;-0.03089149518339362;0.0963602621721208;-0.05820616124476677;-0.015080903635927019;44.97022903051254;9.342416209251619;14.19905783803704;18.057646485308762;23.887283614080015;13.602297594052267;30.315666514252516;45.94960014569138;31.524257277831055;39.525895662801496;60.390780052552984;27.906722946269447;49.83816704942092;50.75009590637224;23.923645238577194;48.65157729452915;10.091623827387343;7.9489078049181385;7.202767922660113;0.9869920630488548;-0.06064572805029889;0.2010519712230616;-0.2157742068417252;-0.10215724710694618;0.26228440340527165;-0.070205886759251;-0.14441017192789254;0.22837957611379786;-0.029728584644453472;-0.13435309759810762;0.17928755844639233;-0.015454393391775319;-0.025368279049008832;1.0232728949082637;-0.10281808195071991;-0.21383556649757865;0.19693369109812603;-0.06887843542505372;-0.14984081219349324;-0.014660540667178566;-0.07760242445048121;-0.10875403113736559;-0.11411291972560238;-0.048897158836463485;-0.12637018112270723;0.9919485501382861;-0.008285602064198769;-0.2194175831618775;0.1911693937335983;-0.08580400879339714;-0.13891320824438547;-0.06768224192536572;-0.10521108409624313;-0.08954047883304868;-0.15693000519424163;-0.06097838375748635;-0.2201504241256178;0.9017968748728012;0.06600649201366564;-0.1863040139688855;0.18772920046495292;-0.08408540446223241;-0.11535595333854025;-0.04364472524523005;-0.0971981362031795;-0.06844064877451002;-0.1378861631413115;-0.05059334296991488;-0.28688447276297435;0.7818283006534628;0.125631333922613;-0.13820286012883046;0.14889443815676476;-0.07669289647141116;-0.08353485035913585;-0.017041732343885677;-0.06694268936958436;-0.058277761716463775;-0.07986313459098668;-0.03381699203359695;31.997863688104633;13.314978822016812;5.088380749977639;45.862788450365805;47.01776806016521;38.87638823708118;44.04874992134358;62.067299173130834;34.22408107511226;37.55256908708239;60.484129281179094;42.265018069560384;36.809187348304484;53.07291861270426;41.422450427826746;42.20216229015675;7.852557193830492;7.891950608582973;7.822303759688562
0.9807989900380586;0.21433548051136783;0.14958327847547032;-0.24127560942319373;0.12270113892711118;0.39658013472111076;-0.09051894101885646;0.10770238618805443;0.3964161743611334;-0.023525759948057046;0.14047260529247357;0.23659936027897102;-0.010635352319134022;0.02886016572977658;0.9020825719186937;-0.3580925333386184;0.10968416228031454;0.5730677297974479;-0.06174719098292689;0.1430458733527178;0.20752259218653557;-0.015942680427359298;0.13009413037683668;0.11596675137166156;-0.0036995658878367834;-0.05970777792964789;0.9732303462149846;-0.22194070032548122;0.22685184374140926;0.48283839419508;-0.05407064297638959;0.20926072346952063;0.08545894022780973;0.001280509965737196;0.15071068763898612;-0.016311167658520177;-0.0006096025286564593;-0.0745253740192622;0.9929659157070292;-0.09002345361767455;0.24778456662145454;0.3797412385350065;-0.049623218892096435;0.18733285784492695;0.0035813674126058117;-0.005378374191924747;0.1288522114027784;-0.06577698878685982;-0.0028331802707311604;-0.05297169296417431;0.9939133355248767;0.02726544784996704;0.18259932080811755;0.21713982300504078;-0.05613044822904505;0.14526320750515492;0.0015065827441062892;-0.02844497526502902;0.10595269348391738;-0.05231225860164685;-0.01436297195518439;44.68128997600685;9.235986623151154;15.5168612290517;17.866426763113566;23.779616369361946;13.903384869841137;29.133914863539907;42.98554308650752;28.396654633066255;37.23987727054214;55.810892152761234;28.135195338803445;44.72012859555974;48.35546676526067;26.850125039683252;48.79618399463806;10.185017762408052;7.695899621414366;6.848249487755739;0.9875724424677674;-0.060477674944914676;0.1994966309089292;-0.2160623389746301;-0.1002441477400779;0.2617232605404595;-0.07164356711902672;-0.1421370586871435;0.23049909612222652;-0.03131792315538808;-0.13330088081337957;0.18276984481395453;-0.017102101061547286;-0.021496087684217444;1.0220635941153662;-0.10464553443612291;-0.21146144910665068;0.19589610469028423;-0.06991202101544142;-0.14947041103696834;-0.01421690823854603;-0.0781240740373676;-0.10881912238089707;-0.11409198960070467;-0.04931565809909741;-0.12237072533673522;0.9924253424273451;-0.010832603035663723;-0.21820158905059892;0.18721017337687143;-0.08690904462379422;-0.14005834880488977;-0.06566586034586012;-0.10620110534191025;-0.09120780243676972;-0.15528877796189677;-0.061837240831265766;-0.21645068665211423;0.9024091883894951;0.06288403073795985;-0.18576452742177652;0.18368746687492493;-0.08540910666120956;-0.1160606009302785;-0.04241424387468681;-0.09761418087899412;-0.0693490333502151;-0.13773685686129583;-0.050919400659991225;-0.28327961099308396;0.7815658884020763;0.12194042897059328;-0.13826008291018888;0.14388348587305505;-0.07823817705422229;-0.08345138894552309;-0.017562026587885686;-0.06727374293564406;-0.058736697397302834;-0.08003056925229256;-0.033822648413713026;31.872923920584647;13.057907513373642;4.974168516575081;45.910505131056134;46.9285407226403;38.96547734034817;44.71537221039691;60.79636822492506;34.23256904025644;38.310433449897175;59.2862869007354;42.47856585787297;37.91242836771921;52.183354714675446;41.11332921947477;42.40716270411842;7.8155659361357275;7.866716946175817;7.802789443415842
0.9808369134042692;0.22247015779544804;0.16388003891071323;-0.24400328727468978;0.11822936553998978;0.4100654396705778;-0.09257540433460308;0.08955461213887354;0.438501452411499;-0.02589495126566694;0.12840648845953762;0.26899073204407925;-0.01010756970641226;0.0020190583479106324;0.8905573275355139;-0.361826320054707;0.1311653407928166;0.6022013036761432;-0.06864595827172566;0.16372686026946168;0.1779834077173182;-0.016061100297842714;0.14770607797107752;0.08198973058886792;-0.0016312513857979583;-0.08808520085435968;0.9694716580457816;-0.2288355340335281;0.2455417027767794;0.5045963112979923;-0.05875649185317296;0.2250498364156609;0.07344094139122127;0.00035740498180256755;0.16311377745096203;-0.022360455094038702;-0.002244017608441388;-0.1000342013163559;0.9972394198725216;-0.10124049328594201;0.25735445711376276;0.3948648620934299;-0.054431974303884766;0.19220338610241391;0.005154600218636402;-0.0036880471188316276;0.1342030430695051;-0.06446814004208927;-0.0016153771192304737;-0.07576328036618667;1.003291843653818;0.011049622828663968;0.18257722025792664;0.2392527966943699;-0.060150942977858;0.1477409079049545;0.002296138707397386;-0.027826346764858446;0.10864105068363253;-0.057841106501114535;-0.013582157678624003;43.84878054224162;9.994956925628216;14.0273073361168;19.648137625700315;30.306822321457755;18.624269662428286;31.5155696675778;46.29162464010746;25.89269744960437;38.59661217585814;55.48457294503355;27.195789976984692;43.08460410584793;50.749255822932625;28.922729553442693;48.52522847078806;10.224811544705343;7.479149784974296;6.550331071503302;0.9881412540452112;-0.060584929492724156;0.19757391995970197;-0.21683577010473318;-0.0980748041637698;0.2601407426542831;-0.07340545225997415;-0.13913972571962638;0.2334783162217415;-0.032737966028430085;-0.13267909428200794;0.1845530463944403;-0.018655207906348333;-0.019018216113589434;1.0199997433230974;-0.10933841838817125;-0.21029919563811514;0.19204888285568836;-0.0696357868952042;-0.1495731801098133;-0.013686962475628636;-0.07715518098575001;-0.10940323860364116;-0.11332064347886378;-0.04894668547839843;-0.11936542373840828;0.9927253443555694;-0.015757102838603373;-0.21693108225419544;0.18078300756633808;-0.08565394980724683;-0.14086517008779487;-0.062152907950988365;-0.10518772198683184;-0.09373860669679329;-0.15025179530441274;-0.061941263007919155;-0.21321799321732934;0.9026621715696936;0.05813068782382885;-0.18528529669932317;0.17681509401069007;-0.08441771813504845;-0.11666983533371139;-0.03943083304390288;-0.09618526644659173;-0.07116911172398739;-0.13348731535767042;-0.05075286082814255;-0.28012731501343735;0.7794572481344805;0.1172677804673388;-0.13797015431185083;0.13659247347385758;-0.07787331934994107;-0.08329561961490937;-0.018081785687616;-0.06605502331946402;-0.059240896298707844;-0.07869950523870833;-0.03312316579228372;31.731085140108988;12.715530903614951;5.357243825236718;46.38526085721643;46.3057806857539;38.8480045558296;45.532605799196446;59.01015944662818;33.837559048457855;39.201496869290835;57.30047497872085;42.276633313653;39.00278913771657;51.095803604046836;40.31169523541391;42.55617206293374;7.781072110302961;7.842424788210736;7.84254945714195
0.98087483677048;0.2307380373333796;0.17862025142281251;-0.24661947514540908;0.11346265758132876;0.423733524765974;-0.0946320490879822;0.07056963557410971;0.48193259372672803;-0.028338793077452688;0.11572025452873544;0.30248110929181654;-0.009548522954226327;-0.02594006472393875;0.8777319228840526;-0.36538184778934696;0.15341888232931278;0.6319912649743916;-0.07576832593843989;0.18511692069609115;0.1470518110745717;-0.016169639727518604;0.16591424445696162;0.0465242406088014;0.0005245750940511642;-0.11756146904869921;0.9646630307548636;-0.23580614514883344;0.2647824214995493;0.5267938784089305;-0.06358303551013221;0.2412880740505568;0.06085549247532494;-0.0006044156403143276;0.17588227969085898;-0.028640683336457185;-0.003944329348349998;-0.12651157251007167;1.0007713980517905;-0.1128306584381581;0.2670850758258968;0.4102534048440392;-0.059390521663267117;0.19709928025231602;0.006788502580776924;-0.0019240303007955044;0.13965267695946976;-0.0630454390439815;-0.00034544409493693476;-0.09943279099983855;1.0121355321340728;-0.005850702719237674;0.18238590482388262;0.26206477308189474;-0.06428317919478523;0.1501854559640663;0.0031164108554499743;-0.027156343612532895;0.11134105687745069;-0.06354654804531283;-0.012756354448421412;43.09000640111609;11.030350644284754;12.698628917627477;21.743007923700283;37.820801611751634;23.14512763046408;33.92846319409263;49.4245217370735;23.429316509726664;39.99080285112966;55.17412186611784;26.27211244576972;41.65514962242434;52.95198570946211;30.928418885865185;48.47314335014935;10.248701423033543;7.261331169843599;6.258088390965047;0.988710065622655;-0.060689593638688595;0.19565515714331833;-0.2175978051358508;-0.09591404744736762;0.25855824628713936;-0.0751552971150151;-0.13615413680361865;0.23643355742187983;-0.03414917935779257;-0.13205630773913568;0.1863204124313859;-0.020199225521449683;-0.016553231103844355;1.0179133882651232;-0.11400208493428729;-0.20913632102336707;0.18821628967551457;-0.06935875460827658;-0.1496704377388021;-0.013159454373440273;-0.07618901912719486;-0.10998054739896597;-0.11254975391352486;-0.04857810536111801;-0.11637256418705721;0.9929908506760784;-0.020654219378310777;-0.21566032528647583;0.17438491614887144;-0.08440286602148532;-0.14166292776325337;-0.058657060422342804;-0.10417638462994899;-0.09625250341549105;-0.1452373145806258;-0.06204266751975818;-0.20999587566756073;0.9028838967045313;0.05340134887815238;-0.18480254710116453;0.1699743553513941;-0.08342894311836545;-0.1172718847732316;-0.036462390685409046;-0.09476096259372137;-0.07297690640763677;-0.12925653543085766;-0.050585549503802923;-0.2769829416772989;0.7773343098654671;0.1126167383318228;-0.13767724038026566;0.12933671020337417;-0.07750787423252674;-0.08313794287734004;-0.018598111147077566;-0.06484076504200754;-0.059740384070593414;-0.07737309683756874;-0.03242640226760591;31.591288730239324;12.409027873560778;5.749769534959655;46.86761914030055;45.67631728337515;38.73036963635872;46.37800320943779;57.19477955244226;33.41359561718316;40.135595309695375;55.272640245179616;42.04431066917874;40.17062519427111;49.948367178427254;39.49919770506638;42.70592872347498;7.747677119275796;7.817664321499516;7.880163270763208
0.9797789138490212;0.227955819690154;0.1805458714225704;-0.25742419968922164;0.10067115875425314;0.41383025938764817;-0.09892400011409222;0.0499036905595022;0.4785659187921111;-0.029878782305491573;0.08454265058485738;0.3206827503417416;-0.008603724087701534;-0.0496138276304759;0.8677106731208416;-0.3770290747997884;0.19531856641756998;0.5900591655244135;-0.07404895044369109;0.18447774047325322;0.06672960068682474;-0.008022031574950888;0.14312557280114713;-0.02259878075323532;0.00629000191660036;-0.13387502472754823;0.9606981450115137;-0.2431800812682548;0.28826481916617397;0.4775226338789502;-0.06946380270171015;0.21953348091053096;-0.008178431157588128;0.0016437774841341038;0.1404291240719016;-0.06976013269000653;-0.0004057766979353798;-0.13805381914381765;1.0023540511193094;-0.11605366784265868;0.27990008506339253;0.3700271645416283;-0.06731647416440219;0.1766494591797038;-0.04240605219811861;0.00037219184313164763;0.10907399999952509;-0.08715013342159846;0.00262234641940453;-0.10762815486996932;1.0208010160302121;-0.005165334299485445;0.1924362405359071;0.2384647252419455;-0.07428148287794777;0.13937623551284153;-0.039102797472024886;-0.02775449592724765;0.08868920179718631;-0.08295076570633139;-0.010549303214108097;43.521993087969214;12.201833037934575;9.046237710084963;26.60217168497204;51.80011513351795;29.25125432789844;38.96325630225337;61.319778960447834;24.289716308267934;44.58365724869462;66.6714715242843;25.14260523729732;46.42365766664736;65.11223832069962;27.76650663238827;48.78841364544284;10.360627216587101;7.531703570070474;6.51397156899052;0.9892263930101352;-0.06159754319842039;0.18859726659269122;-0.21808571486991654;-0.09633116961334785;0.2564081815525733;-0.07513625437316065;-0.13642113809259418;0.2365571218475311;-0.03336286097669884;-0.13288809811260555;0.18317312623575094;-0.019342810321372857;-0.018400864242983993;1.0143325170379787;-0.1185712026163741;-0.2100665271488976;0.17973333894503582;-0.06808363607209518;-0.15028034642971982;-0.012511162621653237;-0.07419302966355962;-0.1108496126011437;-0.11139081235919152;-0.04750930438858132;-0.11835261831092585;0.9926593747619473;-0.024900269801109414;-0.21581852529741077;0.17203839744215654;-0.082777378948732;-0.1413632164145764;-0.057263276542395644;-0.10179533155341575;-0.0973813706661746;-0.1417512821485857;-0.060707576991676004;-0.21204609294145388;0.9044616033623561;0.04987305894608515;-0.1845032685535836;0.1686066232144053;-0.08261618991661811;-0.11763396029497866;-0.03664107125570723;-0.09291755679791121;-0.07471836675892526;-0.1241398579607756;-0.04967486707933743;-0.2798515634247876;0.7787862088383605;0.109879961329185;-0.13795628151704653;0.12886736174499777;-0.07712498544272649;-0.08372153108851238;-0.019544533515479176;-0.06351237267555317;-0.06046608110019408;-0.07515768803762356;-0.031640592749973266;32.43247511130194;12.436170038329795;6.308700142992523;48.09208864728889;44.08615615852642;38.55425287186089;46.49062888503728;56.60288369411972;32.95149108264464;40.036976059425285;55.16809503657428;40.574363630637194;39.95760558325653;50.27936981679061;38.08557378091947;43.54066170582505;7.774278553814049;7.817799672610484;7.934122338379883
0.9779777022078996;0.21875062577502827;0.17463441746221492;-0.2725023636398509;0.08395425423682192;0.39048345663464623;-0.10429665408250642;0.02969140476235095;0.447256510468433;-0.03077229072650836;0.04439488771054538;0.32844576795680686;-0.007494618466837464;-0.06904104204309076;0.8603567157966819;-0.3928681642458621;0.24621713978684157;0.5078491933413792;-0.06712155394538724;0.17060598214591943;-0.03780845819283374;0.004546369580304212;0.09717157754584078;-0.10723098275831502;0.01383596525677559;-0.14111296327093542;0.9578155828347943;-0.2503526330513399;0.312747961023083;0.38860960691204005;-0.07558949741151483;0.1763822097997309;-0.10651820161877988;0.005677024217262792;0.07832904256403053;-0.1290912198488725;0.006054311245659061;-0.13978506462925103;1.0029503038986307;-0.1140204994899354;0.29376433745875574;0.29908525088004634;-0.07650061686631304;0.1423529671495237;-0.11891290489431866;0.0028288879021159943;0.058875770350777124;-0.12503424136196428;0.006409522781762306;-0.10591279296530505;1.029058738510142;0.006114350132019074;0.20803608728248857;0.1885078492715015;-0.08714858445159286;0.12134876672992684;-0.1044102452993132;-0.02908653491387706;0.05231532708911735;-0.10930470787511887;-0.007664915024425523;44.52055249359764;13.494982823846996;4.7011394912142315;34.10367078045319;76.91092664474029;35.47064778195787;46.544208427972414;82.6301278166317;27.616800901323767;51.955215703050186;85.62047187797309;24.962664296173983;55.688332158753504;80.25245111416763;24.45273065657037;49.172551530569976;10.59466011634697;8.086030260213214;7.067941928322995;0.9897100735498512;-0.06302343930137684;0.17819429802988773;-0.21840500471842716;-0.09837237180221407;0.25386207629791885;-0.07400432915457329;-0.13873283841649664;0.2348993576557221;-0.031182911231654547;-0.1346443204904153;0.1768846482145872;-0.01696446239931024;-0.02298672337337736;1.0097355662453968;-0.12315196195763514;-0.2123223056983678;0.16818962229249546;-0.06615977936616385;-0.15121912449436037;-0.011776350069194608;-0.07151667221258072;-0.11191372575767583;-0.109967337513952;-0.045982580528427186;-0.12348582774871211;0.9919281829945467;-0.028805036475459955;-0.2168726297543622;0.1721957980617685;-0.08088900165256775;-0.14036656658913418;-0.057166387117996154;-0.09851369221614448;-0.09765646472002706;-0.13916659449094462;-0.058447547944032854;-0.2174368383677008;0.9068987005262168;0.04704157927708547;-0.1843108239197359;0.1706514487606924;-0.08189934038597887;-0.11784881153316915;-0.03879873558031889;-0.09077948723119093;-0.07644465541176841;-0.11838214671189756;-0.048281653395282315;-0.28653776368322;0.7824916861759172;0.10829952696756302;-0.1385963726133984;0.13265077332702419;-0.0767234851557231;-0.08477846874239592;-0.02077592780738092;-0.06208972139747394;-0.061344336805004375;-0.07234682908455682;-0.030785616501324106;33.94855859389491;12.65714705377286;7.020807536631352;49.86936861099708;41.79708750517659;38.332083518340184;46.13442738893923;56.784844933535254;32.45688973856229;39.271408492437324;56.30213098545465;38.246730899119555;38.85819896731578;51.566361086430454;36.2445585048519;44.87088865294466;7.838352586660844;7.832976914869141;7.998569349727975
0.9761764905667782;0.2101147012316945;0.16908507175309667;-0.2865839918882043;0.06830298041587368;0.3685971611155097;-0.10931349115565875;0.010774859274901908;0.41791348654530047;-0.03160526068945074;0.006822341148280077;0.3356766083101719;-0.006456018086537509;-0.08721293374294471;0.8533879104579971;-0.407649599179048;0.29382017924643467;0.43087010621148936;-0.06063246541519156;0.1576082366776885;-0.13562550394036324;0.01630671673189738;0.05416052224779002;-0.18641418682213146;0.020895651687052576;-0.1478714903781478;0.9550209613049895;-0.25703887994122376;0.33562615556589426;0.3053702854976365;-0.08131390365996784;0.13598574242517925;-0.19852825621277764;0.009450535002306684;0.020211293906587165;-0.1845968313609042;0.012098686379554517;-0.14139087033057038;1.0034063792923718;-0.11210639342969086;0.30670789549581806;0.23267138765503925;-0.0850868556485842;0.11024576441956668;-0.1904916737230179;0.0051274397563215255;0.011897086709826962;-0.1604713777940369;0.00995270024009183;-0.10429689591585072;1.036681338290788;0.016668628788863434;0.2226124247199297;0.141741844853569;-0.09918004929843227;0.10446734197923106;-0.165510708568065;-0.03033002853864209;0.018273370175962173;-0.13395415574746047;-0.004965086921547499;45.345409512579174;14.861786290075289;3.2368968826758513;42.64532555464412;96.87982659941208;32.98095597935105;55.22792342377093;98.15762969691991;28.160554590545125;60.220353359417786;97.24405023705671;25.88845921906166;65.44849105123312;87.1215304927387;25.270189392175272;49.48875828551557;10.88385522722202;8.615485968009013;7.578187398082587;0.9901937540895668;-0.0644708357111576;0.16760690005999046;-0.21872028119353906;-0.10044399986306649;0.2512617471545899;-0.07284997655181999;-0.1410778159003001;0.23320328043920882;-0.028964580256802642;-0.1364245600389252;0.1704816958279024;-0.014544977186612849;-0.027649495444857782;1.005016888713617;-0.12780521932341332;-0.21460723148505226;0.1564425291087218;-0.06420038063216586;-0.1521673164704108;-0.011028545383489055;-0.06879175750058181;-0.1129910805044184;-0.10851492832260681;-0.04442793316114498;-0.1287009060057673;0.9911417068788273;-0.0327748940291084;-0.21793527034965124;0.1723484318395519;-0.07896504859513491;-0.13934691988197392;-0.05706538146186529;-0.0951720462919432;-0.09793201229901816;-0.13653198364441274;-0.05614659910755975;-0.2229097679734399;0.9093380116196048;0.044159964677724955;-0.18410714563952824;0.17272363845425165;-0.08116677377227942;-0.11806222033037321;-0.040991378537516415;-0.08860117265916236;-0.07819696759900505;-0.11252150592951819;-0.04686268497699781;-0.2933251698279626;0.7862263009434264;0.10668756384335804;-0.1392413488658741;0.13649272684528652;-0.07631184870830078;-0.08584969863872394;-0.022027343712998904;-0.060640218622840636;-0.06223486186033209;-0.0694850920381917;-0.029914785318317982;35.549683521315764;12.880536477259502;7.800429391179956;51.76778086283501;39.374609206204454;38.097431122628585;45.777582720292166;56.96716957961351;31.934391127669087;38.49858135262027;57.465990902922144;35.78767059132451;37.76727366344959;52.86420619272282;34.329718215655866;46.29187455227248;7.903220295311261;7.847358133729206;8.062243407515348
0.9770552476207516;0.19347215209544708;0.14208551541655398;-0.32412103725198604;0.06868782215385075;0.35966929148275817;-0.12450863716970427;0.0212989543445782;0.40013698067275694;-0.03694534030903708;0.015028981931243544;0.3403273211100117;-0.012199384550350887;-0.09931807217563104;0.8453325118932032;-0.45507771031667943;0.2841341365911545;0.4345595009040073;-0.08913945578361725;0.1636727125462245;-0.08003837290398778;-0.01050746244185296;0.06647057190371182;-0.13585789404278645;0.005392045541636009;-0.1483051684064963;0.946064298689833;-0.2880415243822236;0.32966494798632395;0.3071866878585646;-0.10038267710057065;0.1455766641681798;-0.17946649355805097;-0.000456443654385325;0.028562839240422796;-0.17221332991530894;0.0089048926221942;-0.13189024139781932;1.0037624056230832;-0.13029090211903863;0.3050389241176463;0.21863459047222408;-0.10230290332938448;0.10690336084574519;-0.21204319496334337;0.0016000273586377373;-0.00031390294583022015;-0.1622683623206743;0.012652669413253674;-0.08972265242472484;1.0490057986004806;0.008316906246003427;0.2292209480541769;0.11587304559442936;-0.1098297724481537;0.0984578465816645;-0.18201708335748742;-0.029622464617352098;0.0080970165333505;-0.1387365917124871;-0.001300333229960482;47.81662841855894;15.489892224418425;3.2582144129137984;41.689204841800134;82.43302070710112;38.22872067026771;54.10860816565977;93.81196313543046;29.77286133290286;60.990802247318854;98.6631250207073;27.143270752876397;70.10768127171312;85.35289452736185;26.11171962588837;50.35064351818969;11.57159153441068;9.509513952031996;8.20557825848151;0.9903843891725952;-0.06477102717694655;0.16452446484632605;-0.22166871939941624;-0.10120850350558691;0.2503740325022997;-0.07454810892337241;-0.14149278680411867;0.23181762650424628;-0.030043067643484314;-0.13571941025397763;0.1747322933741673;-0.015657376890738234;-0.02699514364040208;1.005719059187018;-0.13222802804361483;-0.2161748817310931;0.160251565395553;-0.06648629067614023;-0.15371296148485822;-0.011086131112304812;-0.07092619792726695;-0.1128379676949995;-0.11043661220482175;-0.04566324232361616;-0.1281527436955925;0.9911003872237774;-0.03601245240427827;-0.21989864162383954;0.17612991312291132;-0.0814510809116133;-0.14040172562106312;-0.06060936261912367;-0.09768692360631061;-0.09596517168216448;-0.1416504932027898;-0.05773354608086738;-0.22294710101760135;0.9098783211363464;0.0420969441539902;-0.1864794018033677;0.17423330064720172;-0.08296815642318464;-0.1186352787184315;-0.0437450646267331;-0.09069192730710271;-0.07553289116302854;-0.11779853570273359;-0.0481661506473047;-0.29316821372079366;0.7875421680637194;0.10570127172945208;-0.14148902760051418;0.13612826895966293;-0.0777479138890673;-0.08628083061159338;-0.024264633252887156;-0.062161094128632646;-0.060210773883178664;-0.07363296806958508;-0.03098538164568083;35.99265069443888;12.960142205095583;6.800481117061834;51.31759434547684;39.72456554173064;38.546577922999695;45.46830588767452;58.05841712361839;32.29496747007625;38.62025750483643;58.16571125315281;36.6221861142619;38.245084940616;53.38660980395199;35.27611619820442;46.919646464054516;7.946328206985926;7.901876210267773;8.06275626282694
0.979299841010149;0.170770809426005;0.10116572956466878;-0.3767205235060716;0.07734002812937574;0.35600933635011617;-0.146169899693371;0.0480955162183045;0.3860168860488398;-0.04505540709478087;0.04782521552113266;0.343425047685937;-0.0219817111265112;-0.10918423736034419;0.8343983261859022;-0.5230219662638095;0.24316537431639304;0.47983203915723716;-0.138335897054449;0.17992545282042752;0.06076298362714841;-0.05986803515242316;0.10862470657348752;-0.01278123012444337;-0.023304496866109293;-0.1452050313386226;0.9313127137952902;-0.33402414283581555;0.3075089617063896;0.35293910132641393;-0.1279678579328331;0.18183466566242878;-0.10041983350031702;-0.018402002433069133;0.07227834038338724;-0.12298241859662273;0.0005858761857806229;-0.11548367095568168;1.002229316183859;-0.16037628536243392;0.29503103301220923;0.23021041716902219;-0.12540425777489791;0.11805154380581787;-0.20909326308413242;-0.0052906875516537475;0.00448254106607318;-0.1463902091018745;0.015136789396864941;-0.06689083853927259;1.0629564862748284;-0.010671480558857716;0.23185401022172017;0.09831323522305031;-0.12053005485508608;0.0973823507541624;-0.17644826898658741;-0.027777779967381656;0.0094152460332102;-0.13334147292120765;0.0032055569473106783;51.39668131783623;16.046723718917622;3.0907450384638793;35.831069856403815;42.7694802470679;25.111928914638284;47.67047708889072;76.96296693383968;31.06288139144458;57.47614306395433;97.66491586843502;28.565972864241925;72.32653402042354;81.31251431500657;26.447684643515313;51.47159682703935;12.413335294377815;10.71201236262762;8.961169961620165;0.9904256747003812;-0.06447775435926938;0.16532866769857282;-0.22596096712648328;-0.10129471369360307;0.250373699790042;-0.07770955773954158;-0.14090970976689438;0.230598367371083;-0.03281720718741919;-0.13373510691043622;0.18445846661825444;-0.01858657211788993;-0.02360063059866834;1.0092125789506432;-0.1365102623680658;-0.2173644392328546;0.17206774175218964;-0.07095129046136174;-0.1555590574819166;-0.011558942235906032;-0.07555725847504195;-0.11205052964267614;-0.11408957182349057;-0.04833190658221715;-0.12463353502261372;0.9914417069886965;-0.038856448513813424;-0.22231677807009678;0.18176496975092427;-0.08620016575884934;-0.14252141663777906;-0.06601662997258019;-0.10321099598722994;-0.09285073791295702;-0.15074401982880595;-0.061318583383178485;-0.22017940308518288;0.9094344136191591;0.04046616392393423;-0.19016880272393008;0.17544507535483428;-0.08606799586242832;-0.11939087703704333;-0.046774791762192645;-0.09497492608750846;-0.070603001975672;-0.12879606112949882;-0.05086779941294814;-0.28942860428007433;0.787602158337349;0.10504234337889062;-0.144552423959922;0.13359507715270796;-0.08013015782497464;-0.08637945351242195;-0.02699968680873703;-0.06520699421316367;-0.05669262014205234;-0.0813770986951629;-0.033052376966567744;35.808985445405106;12.960297469024452;5.028362883123551;49.719327830385346;41.434130834873635;39.31662002928686;45.19959194675893;59.520749313563975;33.05743592262796;39.18751177198618;58.59577197671952;38.965521788812424;39.51626104808755;53.48831837917729;37.51471548524816;47.10371780027833;7.976428593065718;7.976896620866031;8.032078762992548
0.9815444343995462;0.14577235811429118;0.056649935346448375;-0.432606956958811;0.08649240043566539;0.3511134023494607;-0.16920841344034365;0.07694561387469835;0.36973065262889854;-0.053706608956737935;0.08316385588665967;0.34586979227079795;-0.03250204089295793;-0.11956542286392266;0.8203756035790263;-0.5951161374010404;0.19822240786759876;0.527523643917697;-0.19117061307645275;0.19702642824569627;0.21286040579815452;-0.1130870229650719;0.15392242187454758;0.12034315412251131;-0.054274497146431275;-0.14146999598819873;0.912906594304819;-0.3828678496686233;0.28273989399030747;0.4014840262364761;-0.1574602527817638;0.22056358365015158;-0.01467696695978277;-0.037759193093216084;0.11936024491676767;-0.06942177718535388;-0.008411554575830843;-0.09743785905859884;0.9979303187265125;-0.19248690391755924;0.2834313639002084;0.24212142985509377;-0.15005475899579365;0.12979568951058487;-0.2053522899480265;-0.012728117656954169;0.00965743123733373;-0.12883436085966152;0.017783137993420215;-0.04202505463444717;1.0752410575619218;-0.031176720346387743;0.23409030587447185;0.0790656000719277;-0.13178332531650472;0.09596271686595034;-0.16996135917315988;-0.02570980134080669;0.010815920315823275;-0.12715599039588663;0.008069617824021623;54.86281264036087;17.09828142638744;3.365254819653215;30.57928619435279;20.991480439770452;10.455971894079104;41.402012553477;57.3351436367666;26.91089002946093;53.69960256163576;96.47411609002117;29.96875391583531;74.75132154524839;76.986423479044;26.93786601856877;52.39027294740376;13.168355902235268;12.04720513289606;9.785993810016974;0.9904669602281676;-0.06418282040528242;0.16613036923433325;-0.2302534034864195;-0.10137893211621428;0.2503682028579422;-0.08087297533704084;-0.1403230678255716;0.2293729748476161;-0.035593803851683876;-0.13174580366284244;0.194191823200293;-0.021518693133001157;-0.02020179600502308;1.012689230810704;-0.1407945188933974;-0.21855085754116402;0.18389371808759733;-0.07541987104263996;-0.15740403068854675;-0.012032049098832822;-0.08019199242260694;-0.11125989102601531;-0.1177443051645962;-0.051002588821515614;-0.12110778017057926;0.9917629643089574;-0.041702856104403;-0.2247330611153925;0.1874026435126288;-0.090952837833427;-0.14464056284125748;-0.07142864438195923;-0.10873918026241307;-0.08973087074684818;-0.1598447104336619;-0.06490640605341685;-0.2174040373692451;0.9089712479450588;0.038832706796422416;-0.1938584494352398;0.17665460053577442;-0.08916956209356433;-0.12014486657645781;-0.049806976887806075;-0.09926080457987219;-0.06566608731114051;-0.13980335415946563;-0.05357145112042334;-0.28567880084882646;0.7876459724451007;0.10438050418275423;-0.1476162997264817;0.13105626824750558;-0.08251344034649584;-0.08647640629102932;-0.029737273312985268;-0.06825499040270301;-0.05316932266418058;-0.08912829954095129;-0.03512102569288818;35.61820304544789;12.953886473239207;3.532615450375918;48.224903957497524;43.030144507028595;40.04936241847565;44.9490071041899;60.88051978251313;33.75332937704604;39.739933419375234;58.999330718830564;41.053753352700106;40.78216549742143;53.56414100573081;39.51206488385093;47.27944768405787;8.004564437962477;8.051636324482812;8.002301421692984
0.9846744321081272;0.16229360990160818;0.06365723870421612;-0.4271568102665635;0.09439937211504454;0.37126849655321564;-0.16462143025152098;0.08052895891461788;0.3897607814652873;-0.04818753205013313;0.09849503533461404;0.3553665252559675;-0.025914791506736538;-0.11289300874603148;0.8309707956802804;-0.5944795821204899;0.16952208818157313;0.5564965799825023;-0.1744392580832258;0.20373790902226963;0.22728291973285675;-0.09852470669278109;0.17033329192870367;0.12487063800511757;-0.04516793983411018;-0.14518460703524272;0.9143418054030258;-0.3780218152069499;0.2562136532933203;0.4389860550570545;-0.1395241595386971;0.23496686521623963;0.026884136542292127;-0.03263670340746647;0.14042199510594439;-0.05201503966754136;-0.009739645748952612;-0.1077575761432859;0.992658640855668;-0.1811043065353558;0.2611251561813631;0.2876054618205765;-0.13226899256182134;0.14935138075926502;-0.14750887070843716;-0.017983376810938666;0.04115489081103958;-0.10392005295000578;0.007880631514231412;-0.05633333356094509;1.0633536452150825;-0.011947416509252436;0.2163419756221767;0.11400755501061517;-0.118190324607938;0.10794969848366197;-0.12116788174017183;-0.030684118133034833;0.03489988019544428;-0.10123459048270549;-0.0008979315059403476;55.38587294082018;16.539936895731792;4.770347007617325;28.81654052392004;23.817328034704243;12.861604586418506;37.72057894230924;52.527489862842735;27.025644709395827;47.50473311089923;90.693412846013;25.350755323932983;67.54959973746358;72.93116889784982;24.748373986871872;52.52970879452191;13.169215367322327;12.234211704351424;10.137704605220668;0.9899210862049724;-0.06283996409553047;0.16825304623163267;-0.22867533263560494;-0.09873292517627523;0.2506110610993697;-0.08184461958199914;-0.13742950430678355;0.23185188533717513;-0.03768779473852017;-0.13012027117158337;0.19784931595442362;-0.023880646989968425;-0.013570807430393707;1.0140865021074805;-0.13633763454403747;-0.2155337360988846;0.18695760680806303;-0.07639910831282758;-0.15437010716494343;-0.011138554788012924;-0.08221978645034689;-0.10941265393554288;-0.11782404188186403;-0.052390086249808884;-0.11433062398577702;0.9926721494810202;-0.03912175946649114;-0.2231093769669479;0.18786886601759456;-0.09286739678833734;-0.14391366559895827;-0.07077707490788307;-0.11197923999999075;-0.08912558726744219;-0.16306378584169878;-0.066762665177225;-0.2107911321412438;0.9090052347014507;0.039451941790745654;-0.1928771205344813;0.17779846653378495;-0.09092768011758863;-0.11994835848678899;-0.048474917440005705;-0.1019348066099658;-0.0649104800014234;-0.1445033842981666;-0.0548703528327044;-0.2791073807852204;0.7872720734509845;0.1032351859251319;-0.1467497485773497;0.1322016581509964;-0.08385461328932427;-0.0863337721748471;-0.028018993387798667;-0.0697519830801481;-0.05305538557597799;-0.09131422738135841;-0.03593927747751582;34.96140438438638;12.636071998954447;3.4493095819543518;47.825162022927906;43.62572143795531;40.57898622909459;45.21439225796076;60.798844599625696;34.465879949121216;39.98163389422134;58.65824919758267;42.42044428179902;40.96056964725027;52.90738740170894;40.94444841970202;47.072634643984344;7.919488817132103;7.986494372683362;7.92940642571497
0.9880966252706376;0.19398410876951816;0.08925012228244125;-0.39963919224759836;0.10199998636601129;0.40075846919850716;-0.15005767701228792;0.07512260907671683;0.4231604966514232;-0.03749495326539354;0.10692709738432811;0.36756173340617915;-0.01308249959008634;-0.09999468273825836;0.8505849760985879;-0.5677795583625246;0.1461416227738339;0.5792779100960853;-0.13249028278136268;0.2068471639384029;0.19262937932707844;-0.05942117060000864;0.17668333047279805;0.08340008259694039;-0.021542186127202368;-0.15163580231095736;0.9229252162063197;-0.35385820429662257;0.22859688317227492;0.4731945575596098;-0.10428122645644483;0.24090948394213665;0.053342343194611425;-0.018653337587914265;0.1525311443654711;-0.047258913954254675;-0.008343046429362627;-0.12842366482159695;0.9869606972047652;-0.15394037776896932;0.23459565390793236;0.3459204561039854;-0.09896773861991125;0.17205088605169466;-0.06926823292456448;-0.022549036914351898;0.08263667809502519;-0.07593414222806943;-0.006691762841129324;-0.08493003846988814;1.0426122818673027;0.021856343848457926;0.19112498379981277;0.16898063376884456;-0.09545796951916875;0.12495214235166943;-0.05636205872309408;-0.03826943705651962;0.06753417380613856;-0.06778878289620341;-0.014978760344915666;54.58079086032151;15.509824550039633;6.847661868550743;28.359705946270058;32.12372798996907;18.331834441322226;34.98369338150878;51.64990792186712;29.66704425582491;40.99090358900747;76.57450565402236;20.86049095149153;56.364513966234206;62.31568064576064;21.4125745688698;52.501655538991976;13.028567066672533;12.073667191390358;10.36009935762849;0.9891814415531384;-0.061165377602388535;0.17077273636487403;-0.22518166077009014;-0.09521756831198493;0.25091574780515113;-0.08208412550279245;-0.1338050329375526;0.23549825890697046;-0.03953324492687163;-0.12862282942896414;0.19946855011246134;-0.026028759280393426;-0.00595600404452582;1.0147217982865253;-0.12906517302860646;-0.21116229133414716;0.1871129503911629;-0.07622259186683293;-0.14976547721543654;-0.009807709581639424;-0.08336816680341279;-0.10723331213971865;-0.11672719317170797;-0.05333964356935717;-0.10655828671678946;0.9936975147187924;-0.034793401295042006;-0.22016896831993368;0.18662806763903947;-0.09382756135994373;-0.14225546455674;-0.06814711273135664;-0.11442872150161287;-0.08934252010547557;-0.16431519359934074;-0.06802839421835945;-0.20298335551189606;0.9091409309625139;0.04079765866732051;-0.19036786514118703;0.17889649482519276;-0.09222153478884738;-0.11943554159469459;-0.04572857834226717;-0.10404604476648986;-0.06552483962116273;-0.14708162917369577;-0.05569241161687413;-0.2716679829701229;0.786713581266371;0.10193767637980174;-0.14459899332624257;0.13452923217238058;-0.08483502276202262;-0.08610870926026105;-0.024862110482644383;-0.07072118676652665;-0.05405295919717603;-0.09165196246440363;-0.03633765666128609;34.150868168022306;12.234402484226644;3.785031432452385;47.76024640895368;43.916089067326794;41.055828765544675;45.643765780421916;60.25952858375835;35.20046275398728;40.12339044980458;58.07752110987361;43.58623460095959;40.78545303786381;52.00731558640979;42.24390596155711;46.736853699997745;7.799300493706717;7.876725413336679;7.842900476670271
0.9915188184331476;0.22677843157157693;0.11578439210595957;-0.37074214619311757;0.10982423313951659;0.4311124159262772;-0.13480939524305463;0.06944775980233545;0.4575615016386998;-0.026353653148830564;0.11561187273893561;0.3799646674993459;0.000264658464800272;-0.08651448849346505;0.8703410234142914;-0.5396076998436967;0.12173244103399523;0.6025268294308401;-0.0887917158956823;0.20992554648399375;0.15646888499516248;-0.018734204721104066;0.1831524289593443;0.04023514584800638;0.0030296112051317364;-0.15822860017920096;0.9311626383410103;-0.328481127377418;0.19972352518550687;0.5083991140083407;-0.06757360326723527;0.24690753160010834;0.08080260938199092;-0.004105662998557209;0.1650039707959921;-0.042280533521332306;-0.006885284594868456;-0.1498081575659297;0.9803070966483802;-0.1255930092294959;0.20684792137328273;0.4062748213585987;-0.06428217045060786;0.1955165173425697;0.012103851065120746;-0.027277725465595197;0.12569025451871316;-0.04679023572314514;-0.02183287350228792;-0.11458958299119025;1.0202818054959824;0.05697466925737291;0.1647736436925311;0.2259926351192116;-0.07175996934464246;0.1425313351225321;0.011036755358156469;-0.04612501113822672;0.10140314620711958;-0.03297607422253207;-0.029602813190460563;53.35017217059768;14.691667591644409;8.920407596041198;28.339170325881966;41.82069936699585;24.804861774008202;32.53763664210783;50.6511104710861;32.50989593075037;35.35406267085689;58.84307076665705;23.724706002964183;45.634829002439325;47.52354688688744;21.61225554166399;52.5267979926063;12.996307353849149;11.99473445779087;10.640355445239143;0.988441796901304;-0.05950668178727822;0.1732478298356593;-0.22171346109122866;-0.09173818175586451;0.25119691664973876;-0.08231420890362293;-0.13021484363608682;0.23908101024511247;-0.041352765414584866;-0.12713377822735478;0.2010520624396872;-0.02814826262846823;0.0015651157095652758;1.0152693665528028;-0.12187247187330194;-0.2068282754100531;0.18725164482708814;-0.07604225815165397;-0.14520599209246057;-0.008492547469380137;-0.08449578588002857;-0.10507247582340067;-0.1156347182648923;-0.05427326160596154;-0.09887366207834009;0.9946319839814847;-0.030515821933448258;-0.2172475856627391;0.18538792073402535;-0.09476846852849674;-0.14060656866747903;-0.06554430431657655;-0.11683890949357037;-0.0895497381884971;-0.16553819454078045;-0.06927311849283274;-0.19525613969208883;0.9092033872598604;0.042123525217250456;-0.18787465055308364;0.17996686499180892;-0.09349213259700082;-0.11891966411955539;-0.043012596590293106;-0.10612298885088267;-0.06612644532934274;-0.14961641821558946;-0.05649992236472853;-0.26429918473768116;0.7861000690917138;0.10064818583077019;-0.1424634488952956;0.1368174378040689;-0.08579663235477103;-0.0858796511480051;-0.02174230353403604;-0.07167284008288496;-0.05503394369484964;-0.0919783073599557;-0.03672824984264319;33.33930010023298;11.852399991929053;4.152604907650099;47.68842785824341;44.20973103149293;41.540510178069184;46.06990143894053;59.71865886638778;35.938188876693985;40.26465506952031;57.498457704396664;44.736077917202316;40.61484506972689;51.1021038978669;43.54441780626783;46.39642536886382;7.681273372836694;7.768652647306196;7.757342153658685
0.9916329400070708;0.23017274051560538;0.12641496071873634;-0.3667047621008903;0.1021203450712449;0.43632048678924124;-0.125555707704823;0.05938025602218493;0.46143086588014537;-0.017883420375106537;0.09682449774737453;0.3793321579416604;0.009062275488505425;-0.08758938446329255;0.8728507909422993;-0.520800311002995;0.13568628333667396;0.6096127259797737;-0.07195747393224793;0.20724336994213602;0.1352999507154312;-0.0005012898544723235;0.17696357084156247;0.011137134642280012;0.014551962894839768;-0.15965538574464652;0.9375169125313201;-0.3091475319656768;0.22613202922033773;0.48530067563036305;-0.0661388088773134;0.23862886031880692;0.011982308595991505;0.0007243242204765021;0.15066955480078933;-0.09334504420092658;0.0007505946200277445;-0.1520916513848122;0.9876678593117653;-0.10537671259659043;0.2337425588878639;0.37369705137856946;-0.06561179843405475;0.1877164972296375;-0.04084347246884912;-0.02839562079624659;0.11507769831456266;-0.08272345128347576;-0.019324596009733568;-0.11938243115036576;1.0274907816550143;0.07863932563927564;0.18133948943933756;0.20055402450287188;-0.07537147582016841;0.13969245345469908;-0.028906898668926324;-0.050291455593450135;0.09452754088367704;-0.062105543517044455;-0.02987876460779268;53.550016012830014;14.630316362276469;7.824907289422343;29.59265029164928;44.67866658754118;29.89390754666683;35.47603839700503;62.39403009474055;34.6540771253852;40.510705442495635;69.37958741960634;23.20781903913804;52.194365241632475;56.67520609151676;21.150762173363017;52.33561228974724;13.182286560114708;12.021177400708744;10.582343405789768;0.9887558111338484;-0.060440355374657535;0.17179500524634664;-0.22493179375164626;-0.09259440675272176;0.2503619967099453;-0.08299451947143331;-0.13149941962362122;0.2373520414919211;-0.04054412866042665;-0.12807258018226655;0.19533312385907273;-0.026960833202566918;-0.0016991068527617468;1.0115603861880023;-0.12868833900167942;-0.210232278917589;0.18364934656672974;-0.07513627230201372;-0.14672713117537578;-0.008341823380724759;-0.08190089911800272;-0.10684353974443864;-0.11337378248596211;-0.05230532099766257;-0.10097303893621419;0.9942830723947025;-0.03472200105605301;-0.21854943507135832;0.1841808910791341;-0.0925206595096955;-0.1404760600142613;-0.06184415226433191;-0.11211159928734889;-0.09180220609323957;-0.15930641467847514;-0.06609341098718134;-0.19596941058117498;0.9117777370269817;0.04042726516243951;-0.18792084167869968;0.17939356458588068;-0.09173248840516234;-0.1188272832673533;-0.040506026111423316;-0.10243127150837296;-0.0695015282892626;-0.14138058628828198;-0.05412752523062298;-0.26504016488130716;0.7914472863498186;0.10112097578297664;-0.14160130031287424;0.13485820777112792;-0.08457109110514947;-0.08648635094068935;-0.02133161073634415;-0.06982068407373587;-0.057651951613362985;-0.0869924182512735;-0.035311437428255946;33.74111755080415;12.189208116128226;4.639748948581893;48.37821826332133;43.1763744152654;40.87262122706821;46.0727870427372;58.67793176510499;35.700367589664886;40.115775757633735;56.77588391868205;43.64893056353294;40.74243260471847;50.69412457341714;41.72067185169869;46.58496491761461;7.743010858929925;7.75010314392743;7.74961954242989
0.9905280000849718;0.22260433816540035;0.1308223855039791;-0.3719278026353778;0.08894414415375776;0.4320548635990155;-0.11880753768993589;0.048024728609119945;0.45388501870971376;-0.010677580672875678;0.06853449203465563;0.37388636177787427;0.015890323286850618;-0.09398258463393003;0.8688492068604249;-0.5060239611580911;0.1632955668453271;0.6104565285716086;-0.0655734228675373;0.20251072352024035;0.12034656484963205;0.008853336278555477;0.16630281876267047;-0.01181130508393333;0.0208824846113746;-0.1591179951348243;0.94288555266205;-0.2926573050608076;0.27200589622676796;0.44145278247313513;-0.07773942429199689;0.22534628520866226;-0.09001430748844477;0.0018137801598591204;0.126924569592145;-0.16334577965109803;0.010408000048194142;-0.14724991929911624;0.9998612824144951;-0.08881964355541594;0.2798501549460079;0.30793878819084897;-0.08015830955821587;0.16864285734666126;-0.14150325226691207;-0.02814376972373559;0.0850398107387256;-0.14142546677724893;-0.010396732614636847;-0.11484542810306987;1.0452529728309985;0.09462009043257799;0.2131474997638455;0.14557312481223422;-0.08891617817975894;0.12941478042008953;-0.10705956927113035;-0.052955925390847675;0.07286381608748373;-0.11381402030811483;-0.02485761287231306;54.36465998571382;14.802156260619345;5.730005055772896;31.293975541744445;44.97105080687761;35.01218160395569;40.99994986664906;80.30924164155543;30.461097120889498;50.43997356549876;86.41762693994555;19.247634629775213;65.556658987055;69.66420377331198;18.627694750342094;52.08701221940888;13.420542052254818;12.052190712721687;10.379882047248804;0.9894581104870408;-0.06232952916594404;0.16887906741234698;-0.23061671162937974;-0.09504391980430658;0.24909668315215158;-0.08384046571830865;-0.13457623377624486;0.23364596403901758;-0.03876199620501709;-0.12990263186369208;0.1868788296633525;-0.024548600303803524;-0.008948307626153937;1.0062028331217507;-0.14069195243869498;-0.2164912405950932;0.17863597997941913;-0.07395278060002677;-0.15048423852528778;-0.008617142450052604;-0.07791501937342318;-0.1100655919537785;-0.11066049391936075;-0.04925421678161442;-0.10667534304642821;0.9934033592666379;-0.0420729958962522;-0.22139939510020393;0.18296654147134567;-0.08907985417469982;-0.14089416992561773;-0.05771005125156065;-0.10472162092064247;-0.09481722155472894;-0.15028159858583207;-0.06126150168970977;-0.19977650071560862;0.9152414696820774;0.03760625569458032;-0.18888921211720186;0.1782021167813127;-0.08884170890554391;-0.11888294625662098;-0.03805547326032379;-0.09658781441752887;-0.07391619183076051;-0.12912016203837243;-0.05056664063506941;-0.2687497651057338;0.7989778925735721;0.10223867524422592;-0.14119231294221168;0.13131688433870675;-0.08252840460454275;-0.08739952651175857;-0.02191157048896897;-0.06692111815423127;-0.06088724928200126;-0.08001370677981161;-0.03321834216151495;34.57221341163048;12.799257819175326;5.231859821704774;49.357270908370005;41.64860187456889;39.73895703455848;45.938805429595355;57.370591875913426;35.01229239424484;39.86978981792964;55.94900274999586;41.46474073374215;40.9928371657116;50.46194930195;38.52704116064994;46.94492970737985;7.8789984488822435;7.772189603002182;7.774895319124444
0.9894230601628726;0.21518510639585509;0.13506781923166541;-0.3768963161877188;0.07611376546619063;0.42778488468786385;-0.11221535127268326;0.036975495511330336;0.4464209986399358;-0.0036718152262980425;0.04102229815494918;0.36848625982771055;0.022521285002287502;-0.10016843445063198;0.8647098397504509;-0.4915182494173339;0.19007936405729728;0.6111004697514795;-0.0593504439627977;0.19785309486280292;0.10578004801508402;0.017941674260948365;0.15589465863562832;-0.03410935364500573;0.02702850710452835;-0.15854986123850603;0.9478308813209654;-0.276547576224368;0.31650798925675033;0.3987137643755878;-0.08899056186311799;0.21237318927754692;-0.18910937440006662;0.0028719979673335087;0.10381241735832708;-0.23132587377025055;0.01979013267392306;-0.14250221913130218;1.011422549868895;-0.07270374933666958;0.32457712501799807;0.24394562730569744;-0.09427159164423263;0.15005831870314282;-0.23928432146583709;-0.02789090165685619;0.05582425238227913;-0.19843170772028157;-0.0017175734261695714;-0.11040321208852016;1.0622129161104066;0.11012301916252919;0.2439972706090039;0.09210031226940638;-0.10205336945125136;0.11938953870938764;-0.1829780058127763;-0.05553000197877291;0.05178983995104357;-0.16403185499784867;-0.01997085266630326;55.18614590178134;14.978184683605999;4.26406263198144;33.04952966752723;45.61529024496567;40.45092604601678;47.016243416960975;93.29156014765134;24.42951153159161;60.93846512261632;93.41037887882108;17.146090163892556;78.5564045596687;73.48614064664517;17.126254770077153;51.88068114832084;13.6571735964467;12.070355162133607;10.174346249419058;0.9901604098402332;-0.06422278800996813;0.16593349898903612;-0.23631013386290933;-0.09749747768620035;0.24780304168512793;-0.08468331979266229;-0.13765679180743418;0.22990055460396833;-0.03696742567059586;-0.13173052322740503;0.17836526667611757;-0.022121988236741556;-0.016233441616391214;1.0007296037884015;-0.15274399003804578;-0.22276285735678492;0.17358149981437512;-0.07275678670887253;-0.1542471359809078;-0.008893097900173742;-0.07390209338706584;-0.11329428047968446;-0.10792372404285047;-0.04618332331948833;-0.1123971454249351;0.9924317784779383;-0.049457524881888426;-0.22424431014572968;0.18172994103091833;-0.08561378123938804;-0.14130200020624242;-0.05354993106149955;-0.09728499419365193;-0.09783916632861563;-0.14119784400299473;-0.05639972599022024;-0.2035852968195338;0.9186422138803015;0.03476764744511589;-0.1898458670746671;0.17698895338349455;-0.08592846889884868;-0.11892843046236133;-0.03558915863629485;-0.09070625853024712;-0.0783467136799074;-0.11678627146420846;-0.04698326903440378;-0.27245450837537116;0.8064763412183636;0.10335304019582622;-0.14076883007165772;0.12774606761596907;-0.080468109104943;-0.08830963728959883;-0.022492539967389126;-0.06400097605591216;-0.06413357766007889;-0.07299260430506267;-0.031111721440480706;35.382105101655824;13.42399573062449;5.904913685230633;50.341534807716386;40.12064254046592;38.56265062282806;45.82648178028211;55.96505121125167;34.20632146945337;39.63555976886362;55.0615127924298;38.92208629690995;41.2603819012754;50.219797206791334;35.08785949635239;47.27625129093834;8.025016913208978;7.803844796272501;7.805356236253066
0.9887191840074008;0.21122073885386516;0.14339422247544786;-0.35017786751738195;0.07534783798392963;0.4186515968975936;-0.10381444050821727;0.03444130900968507;0.4348045298089396;-0.006164951229274902;0.028837322419332578;0.3555995685064786;0.02018182456501333;-0.08152282604585877;0.8848569376006155;-0.43249890743203573;0.22146754989869352;0.540231595431769;-0.059350411004086584;0.18188511775062322;0.008472953725795089;0.014154844352237465;0.11783894395348223;-0.09892803917395132;0.02494324109564097;-0.13323334528325093;0.9629318568241708;-0.23454448366522812;0.3266283136721307;0.34290701993614586;-0.09143817779214865;0.1820572205657724;-0.22344735191146436;-0.00109579872094986;0.07290582132152158;-0.23673657076042992;0.019458474985700188;-0.11530249490892952;1.0097515777079413;-0.048681553541378146;0.32670704111523957;0.20257473849318233;-0.09626631361567076;0.1263367312489785;-0.2527193316044463;-0.022796768147037003;0.03365721713720313;-0.20601473716920418;0.004673482529647858;-0.0801147693702299;1.043637690936002;0.117198019783462;0.24496245907824538;0.0731357924386818;-0.10239606571235456;0.10175463046448179;-0.19922532459707418;-0.05006537261404188;0.03035344815748658;-0.17051123179402605;-0.012969740686020559;53.713110400162584;14.074149917784634;4.0489014643358425;33.14066594775163;65.75154841540329;42.61815061860227;50.294692131411345;97.04752865040872;22.531029810169194;64.81764771481467;93.94334113965868;18.24597793599527;81.13460466807688;75.80413359068041;18.717618669099316;52.43284651669941;12.628751290676586;10.905936091076692;9.37424396404441;0.9903541822809242;-0.0656802872937275;0.16282910609236914;-0.23562166956278938;-0.09859473032989931;0.2481464553023188;-0.08305693344323137;-0.13787097307248072;0.22969276376676637;-0.034862522166127174;-0.1329574792503018;0.17473020952624477;-0.019586816241450918;-0.021349712964345555;0.9997012949900757;-0.1549827774267694;-0.22516269288896976;0.17329611713095433;-0.07125273813759676;-0.15415614359293844;-0.012572771546039183;-0.07096946786859042;-0.11173232592891418;-0.11070995498088577;-0.043985308637774036;-0.1166349606978358;0.9918639728926109;-0.051011226418314494;-0.22650721305155339;0.1785882973762644;-0.0842572537786044;-0.1410369086321035;-0.05755364003749844;-0.09402174005016178;-0.09680579454872064;-0.14161758389941134;-0.05405828302503959;-0.20722193006471562;0.9189389642594875;0.03408970769654806;-0.19219903795431412;0.17302588240644798;-0.0844069337083018;-0.11871600980452092;-0.03915721347916645;-0.0883593792105383;-0.07777210789712037;-0.11558545024427726;-0.04560482113234571;-0.27589436659076594;0.8077251797698695;0.10357616009156242;-0.14306591067326227;0.12564244548489553;-0.07923205784269924;-0.08823129413315911;-0.0239649853504317;-0.06304070284868674;-0.06347226664626268;-0.07162056414412835;-0.030571121722396902;36.029981054054964;13.40439314814179;6.6719049036999145;50.36007296240403;41.05762595944748;38.54582130056883;46.235673716768176;56.627649529500296;33.37566670374463;40.168222063227724;55.64546901947446;37.56099404401103;41.52693334123024;50.37486199583413;34.05193695508803;47.54567503110113;8.023370332969916;7.807209463138197;7.814439284768713
0.9881253616486614;0.20786611394558138;0.15153829014501596;-0.3172206732539427;0.07737774754136133;0.40799245468829665;-0.09545585393912118;0.03411788151833929;0.4220192448870651;-0.010723626066224052;0.021430741450469748;0.3410738508360219;0.015816690663572795;-0.058322691209607064;0.9065492168111354;-0.36687088394628714;0.2504468102696713;0.4569687393279323;-0.060697924128601755;0.16412389295229182;-0.10001116183019464;0.007542223849775081;0.07623508769610055;-0.1678281034847979;0.020975329039610534;-0.10385300864367687;0.9763817752696451;-0.1894549590719466;0.3265131759998776;0.288107356263097;-0.09125616484998995;0.14980520490290813;-0.23820406424065674;-0.005917677925612252;0.04275267491126907;-0.22573656860195399;0.01673644188664546;-0.08482322718053377;1.0021516489492757;-0.024817478273870847;0.3173393314115005;0.16996614962267045;-0.09485219312082104;0.10319995496599876;-0.24365222855602264;-0.016930033524504496;0.015161737149420653;-0.2002751206977993;0.009902916347922648;-0.04610542955278982;1.0151687426757245;0.12123392622607683;0.23786561650852775;0.06412299177743463;-0.09930071051000755;0.08360900148781159;-0.19887189039748923;-0.04300637694429737;0.01072536344700941;-0.1652552138872016;-0.0060644127842905925;51.55905608464014;12.993324882485593;4.227219205300948;34.82440443940438;92.87172700966276;34.36633563121204;53.493580496534236;98.8081720131313;22.08906967359734;67.09479747858349;94.09999543501098;19.712319720201325;81.09275532491054;78.74306999243721;21.043517546357666;52.85081894314443;11.304519689625009;9.586004949726838;8.514828442834967;0.990408419367222;-0.06702662107166983;0.1596605662497192;-0.23315962743528984;-0.09932327821318163;0.24894636599509024;-0.08073539775303423;-0.13729204324695898;0.23046477032107518;-0.03265782967108307;-0.13402606131313705;0.1724241693509771;-0.017004954802813815;-0.025898227379301524;0.9999000883136635;-0.15451569547506477;-0.22650512004556275;0.17433137418272424;-0.06965352454936274;-0.1529962704473826;-0.017220283882146657;-0.06831724031213682;-0.10883206589057011;-0.11504589338952906;-0.042014959383869045;-0.12048928527842372;0.9914058488395344;-0.05095856179148786;-0.22862391696798087;0.17489813773950494;-0.08347683929882904;-0.14058371516731624;-0.06384714269875942;-0.0918943200925927;-0.09464143351132696;-0.14467517496438975;-0.05240034493815769;-0.2108349743367413;0.9183784101482041;0.034006429949586026;-0.19495510815617778;0.16827465948957965;-0.0832614050610847;-0.11843086535131042;-0.04442177563049224;-0.08697725139722667;-0.07580615247325236;-0.11746362622669979;-0.04482872990119979;-0.2792837389162158;0.8072506541343016;0.10355379241557777;-0.1461325496803934;0.12393200442471122;-0.0782165457211716;-0.08787851299240607;-0.025694284739492246;-0.06261761056502715;-0.061723300766830046;-0.07180586563503566;-0.030461210161207612;36.64550136909462;13.205842386857643;7.466440003846777;50.112198486609024;42.71068752486109;38.818920036346384;46.79229349219385;57.86452911803647;32.55917549343841;40.928020615219076;56.62612929593187;36.59147590237692;41.797799000401476;50.65092533369528;33.7235470582384;47.810145019761364;7.979212627438912;7.801020393694532;7.816626471382736
0.987531539289922;0.2043315955223274;0.15841372795951122;-0.286979131216925;0.0789885156569036;0.3974179170153289;-0.0877470192078507;0.033740524901669816;0.4095104887997842;-0.014764762339143986;0.014764039027487297;0.32722198144615844;0.01187932976203439;-0.037463014897765226;0.9235553687597936;-0.30733880201200814;0.2756623788539396;0.38146190670095903;-0.061742944901275576;0.14784393796369014;-0.1965825685450243;0.001620294167145863;0.03890196679158393;-0.2288911157657149;0.01737911558491411;-0.07735864483410616;0.9858494270851711;-0.14871633126617467;0.325561820907901;0.23844521020698492;-0.09085653438355283;0.12062819601809809;-0.2507566133057797;-0.010206236875566191;0.015727307938973468;-0.21533145463737285;0.014263298267403749;-0.05739743068653806;0.9927635421165956;-0.0034522561852530797;0.3081531085553474;0.14041847184356573;-0.09334345571744417;0.08228019870038833;-0.23492583041071294;-0.011649472366401813;-0.0013864610214659164;-0.1946315222832301;0.014544895206273802;-0.015629367389141686;0.9871194249298165;0.12452123856875479;0.23091288293792372;0.055911647069214615;-0.09627976630606276;0.06719518554242349;-0.19803956609342085;-0.036593850489017574;-0.006822251245062578;-0.16013428273817137;0.00011494249769899451;49.370560884376836;12.047058143723454;4.6495783663402355;38.67908680387969;107.10095323907358;27.549635979057758;57.31141841953505;99.79389213105357;22.290634818567135;69.55138350225478;94.28854788299172;20.887612637726416;81.07069758140238;81.58281001498202;23.312496370629866;52.921012187145614;10.061520408995998;8.435635135069814;7.766402624358508;0.9904626564535196;-0.06838312740358096;0.1564632431026152;-0.23067355537612436;-0.10005636882460767;0.249749130029161;-0.07839332601212214;-0.13670620478745138;0.23123968015785848;-0.03043430622856739;-0.1351014841335425;0.17009632308492198;-0.014401364957129065;-0.030484168948000677;1.0000852792496;-0.154042372158268;-0.2278552541176521;0.1753725799487582;-0.06803995031394842;-0.1518244183489256;-0.021906178968689252;-0.06564191636454518;-0.10590602886330584;-0.11941613119723686;-0.04002758505669434;-0.12437382144305086;0.9909287895270207;-0.05090468177059708;-0.23075473382041015;0.17117462489228266;-0.08268866183413984;-0.14012460838380442;-0.07019200363772397;-0.08974780796469646;-0.09245763121474501;-0.1477559835291454;-0.05072782112272848;-0.21447484547495735;0.9177991832155565;0.03392194088879114;-0.19773112150221858;0.16348136135220886;-0.08210508068041995;-0.11814154294272149;-0.04972943647772636;-0.08558230376396636;-0.07382269296197634;-0.11935562767854464;-0.044045501286115035;-0.2826970338889355;0.8067598664997147;0.1035296588316691;-0.14922245918861557;0.12220544970361709;-0.07719139596228092;-0.08752145761201088;-0.027437571763042175;-0.062190044787223536;-0.05995884999528831;-0.07199161242651543;-0.030349919907117807;37.27077034655938;13.00777637337879;8.278179965647249;49.863279640518655;44.4079451834416;39.04972964751178;47.35777993147514;59.085385251385965;31.74621785229343;41.70859426686416;57.582712402864544;35.629527093772126;42.07677748059211;50.938112177735604;33.4076798088844;48.08306717872557;7.934717576230339;7.7946456406736715;7.8186132281918495
0.9866125264205412;0.20134816494607394;0.15162947962084303;-0.25429416699804425;0.09293745318154718;0.3823892217246134;-0.07844519316510665;0.048970545458688355;0.3932795528840451;-0.013901784609587816;0.0364411202938682;0.28631561227341806;0.008830048106194116;-0.019588201584929105;0.9187601125727591;-0.2774118344189363;0.26829513669192406;0.3800629034674562;-0.062262340612567975;0.1552362568380721;-0.1285675334675122;-0.00869095442338061;0.06299464318888263;-0.1680528536461436;0.008657063300566424;-0.06523790380007714;0.9882778447464718;-0.13802506109775942;0.31945316902695725;0.24927824923140401;-0.08441717383371326;0.13920222053396678;-0.2048023666663208;-0.013814592372031382;0.04298660105197173;-0.18807492834937456;0.008763385382689453;-0.050326873484525685;0.9993985896300995;-0.010270289545729373;0.30218995530569653;0.16120737062546417;-0.08591797285372549;0.09787294040322067;-0.19743636822140295;-0.01359324391089337;0.02040112557895148;-0.17203236134300537;0.010896506901979353;-0.011039982801903454;0.9890603500099557;0.1021874067043206;0.2241357805526939;0.07861368552542844;-0.08796531154335364;0.08019567836071163;-0.16203278169067176;-0.03356912062566675;0.015236533091544787;-0.14109527605245134;-0.0004028315423490786;47.72711672908106;11.323884768693835;3.7645098966370467;36.70942144312759;94.04116818326942;30.26464572491901;55.04020608966621;93.02540542608708;22.092983073390645;65.45614718076457;90.796741516923;20.849404991371852;74.74019346189947;79.87265067790683;22.568778276189732;53.194385205407585;9.208019690281196;7.399365797681307;6.86219017784087;0.9909424752191036;-0.07176866531258386;0.1476205597243003;-0.23164150705376815;-0.10029055852458704;0.24726821941988225;-0.0791172818063644;-0.13616689645998126;0.23142995092101473;-0.030283721598506844;-0.134515090116844;0.17278456577330653;-0.013672800088109269;-0.026517880662333893;0.9936207010946245;-0.1582294179463195;-0.22925846433889496;0.17281731008747822;-0.06748003134689233;-0.1504687936206185;-0.026821095823680644;-0.06282278954463219;-0.10059917191990676;-0.12220474929661786;-0.03765386553944265;-0.11719732526721983;0.9916047353110806;-0.05463365134101254;-0.2309388894630924;0.1761325674489912;-0.08287325857864691;-0.13899214945129848;-0.07815310779959352;-0.08789850990993635;-0.08835153851856552;-0.15391461069813023;-0.048578574561365516;-0.20540359428174;0.9238292043049353;0.031031957318458134;-0.19896942707801518;0.1640438670681999;-0.08272003325972967;-0.1185594632200253;-0.060918308041952855;-0.08406528092875809;-0.07092955631666174;-0.12537276453117333;-0.04252151225973916;-0.27187864331293704;0.8144843275821974;0.10168527413618159;-0.15142643366433117;0.11717721861893413;-0.07846680377148679;-0.08764714486057228;-0.036684495118568076;-0.06163584456321956;-0.056849061765722395;-0.07731690531507461;-0.029399173340193485;38.27900681223304;13.003521864930258;7.934760931763805;50.584775633254644;45.59652812899635;39.38545905492001;46.932124620955946;62.23598283707842;31.455519107410524;42.239308049119444;61.21514297031437;34.00278080987284;44.03420496611592;53.89416149002959;32.08591728076656;49.59004772347933;7.8610823513809045;7.658471490545847;7.658044759598014
0.9856469039773376;0.19837055617040542;0.14280614852245826;-0.22043553236957517;0.10894055484177985;0.36637570416191145;-0.06868679026725541;0.06673354136854266;0.3761331215030495;-0.012346003011477915;0.06256068585946774;0.2406561621028342;0.0058233651852806;-0.0016579712162079388;0.910893950151261;-0.2507683095949606;0.2562894253916995;0.38878117716498267;-0.06272578752414948;0.16606540961232258;-0.036273074344631055;-0.019871022536939228;0.096119543065008;-0.08896295192355447;-0.0009925831840474175;-0.054771175985980504;0.9898454366284537;-0.13117213830283744;0.31249283224585694;0.26867896040613515;-0.07698751214614574;0.16479723119190073;-0.14965767540427266;-0.017424213809927737;0.0783826529085207;-0.15781205203170698;0.002706793630799886;-0.0458593262852964;1.0084377144392171;-0.021121639524886295;0.29652472341484215;0.18942941320480833;-0.07749344532524517;0.11887002271997764;-0.15504536458675972;-0.01657642187175849;0.0480004274679591;-0.14653300710915182;0.006019536819856992;-0.009873286612515108;0.9951937686325112;0.07577198674276098;0.21721544207425128;0.10613805774498059;-0.07871405367614037;0.09756134813705736;-0.12028445336087455;-0.03093058942053628;0.04328770776524341;-0.11966293187909578;-0.0018503040424376247;45.82631061634923;10.544592332517809;5.526223848239555;33.671015930970334;68.32059219934224;31.02182730985769;51.85764438854659;82.24655355100613;21.987351850971837;60.51355319328748;84.18104046696367;20.579865147813575;67.40127543165097;74.30922265887925;21.708777215657967;53.486639204217504;8.407896181839238;6.363504278253019;5.913166082603021;0.991483292630248;-0.07539924114318494;0.13805941640450872;-0.23307062254427952;-0.10044231055514123;0.24432560876539658;-0.08026312700071364;-0.13562838344541292;0.23151463656385468;-0.030427547548882293;-0.13368674482581513;0.1761424536706857;-0.013218349297614784;-0.0213750139882804;0.9861942993829691;-0.16301994763636873;-0.23063359420511226;0.1697630852259729;-0.06707062199066975;-0.14908902291563875;-0.03171140284821205;-0.060009194736091766;-0.09500360339111587;-0.1247262117763162;-0.03524833528510279;-0.10851474482787779;0.992351054013695;-0.058855210073951635;-0.2308235012359082;0.18225677336799484;-0.08318718253834535;-0.13776429253307662;-0.08624876168117016;-0.08610456456545265;-0.08400972104271902;-0.1604295801345741;-0.046381180520888014;-0.1946046279134778;0.9306531300466608;0.027771810887263586;-0.1999574672164727;0.1653489314685515;-0.08357329463394714;-0.11906316141719916;-0.07281487228506764;-0.0825404896055851;-0.06793294563755793;-0.1318995386923305;-0.040905296491075244;-0.25912960607865226;0.8232221209525649;0.09959327620231914;-0.15346636444620476;0.11172450979792874;-0.08004892798385398;-0.08783257873560803;-0.04689408984625682;-0.06106442365446611;-0.05357737039952529;-0.08330828965098871;-0.02833687617329158;39.37486065590296;13.04683302695704;7.459553000355706;51.44492238191426;46.72805840552014;39.7671634478251;46.39232440352708;65.57910544380698;31.22373435291988;42.72628656466265;65.01967868148789;32.40310341317986;46.24879266309356;56.93536629870567;30.736450751193548;51.30446594777164;7.795938535102912;7.51488971270748;7.481735164205864
0.9846812815341344;0.19530634252185203;0.13379887538589272;-0.18592454379195772;0.12521717582315614;0.35001083973173774;-0.05873953030589745;0.0848089870363347;0.35861312640367515;-0.01075988403977449;0.08914550219694053;0.19412623815336533;0.0027609987080149108;0.016598924213338466;0.9027358104718372;-0.22359881705438542;0.24402330505816552;0.39759465125076765;-0.0631874252238296;0.1770645666064552;0.05770739848412698;-0.031251362107320865;0.12983173433571565;-0.008418800272702188;-0.010817725580020783;-0.044104970034460005;0.9912798833833972;-0.12417304223404482;0.3053547500336345;0.2883889479352706;-0.06941002896843783;0.19083124457799897;-0.09348470874046563;-0.021096697190298178;0.11441023637490128;-0.1269725063025654;-0.0034604918546142986;-0.0413029631253846;1.0174766658585388;-0.03216707284126751;0.2907079298522092;0.2181342564690645;-0.0689029035552616;0.14022991077212457;-0.11185736820512378;-0.019611196743788764;0.0760942948822174;-0.12054553889748508;0.0010528052308526011;-0.008683739686344422;1.0012762828920545;0.04886333520709819;0.2101336488418901;0.1341461353282558;-0.06928153274815221;0.11522719951644474;-0.07775650910188685;-0.02823897533301658;0.07184244343666871;-0.09782089678620833;-0.0033238234853186634;43.47728555657778;9.678729758799632;11.612002884301688;30.55071391585418;39.97245314667028;22.10560281122877;48.68974438401985;68.86674967393478;22.29559667032745;55.74191726452875;74.6078847517142;20.25102836801727;60.15077042557256;64.60762970513025;21.91061113602853;53.74173574099057;7.64443791447393;5.328351547392533;4.952423001416426;0.9920241100413926;-0.0789817670441187;0.12859378304133434;-0.23446207549805925;-0.10058308596273122;0.24139378789432772;-0.08138860212237924;-0.13508346446598724;0.23157702261777524;-0.03056694053115301;-0.13285545357392686;0.17944609211936055;-0.012767824622091216;-0.016288396413731653;0.9787610607662051;-0.16774121938972422;-0.23197189731896567;0.16672778680689312;-0.06665966478379518;-0.14771112884521884;-0.03654342637471129;-0.0572219193979537;-0.0894626216902927;-0.1272076330240665;-0.03286678748133115;-0.09992045205370884;0.9929974496129513;-0.06302355372046739;-0.23068814204964908;0.1882948503264541;-0.08348988458952844;-0.13653763642910438;-0.09424481894650344;-0.08432299036667135;-0.07970931081057733;-0.1668560090217502;-0.04420438652001401;-0.18390997187399416;0.9373140188740579;0.02454601070782099;-0.20091589033404386;0.1666239801972351;-0.08440919297906758;-0.11955018234973533;-0.08457005031954566;-0.0810253510248753;-0.06496399583868927;-0.1383402685556528;-0.03930360634120603;-0.24650100692239138;0.8317851145533607;0.09751578011309253;-0.15546905588588186;0.10632322924686433;-0.08160576300424108;-0.08800781705408312;-0.056983784943457856;-0.06049384258331746;-0.05033777723419323;-0.08922416964834187;-0.027283992582127378;40.501843067608284;13.111263128457333;7.023097720174402;52.3041951487494;47.87646888069913;40.17553731706882;45.882008763692795;68.82282969453966;30.979989068541528;43.20640780365118;68.57940650180285;30.94883046601182;48.47343563070245;59.634333804435194;29.536657061691667;53.04658018710168;7.744164292066288;7.382930155849618;7.313599718755828
0.9881619004956066;0.21057018720852805;0.12230562238062417;-0.18812005197710338;0.1391689034993472;0.36758973125030053;-0.06584320971836026;0.09264146170895618;0.38679418960293516;-0.015162892653588353;0.10182465010984038;0.21677994327022085;-0.001440015832486656;0.03510703712021734;0.8736472487041703;-0.2645298834398481;0.2514971836907932;0.43715585847513716;-0.06388016566026423;0.18133469474387734;0.09798262426805472;-0.02165980792451216;0.13162840376445176;0.030583062287227264;-0.004618796939910914;-0.04484651222649926;0.9851837567194488;-0.16553475718794675;0.29982827934161277;0.3715480114170599;-0.07077779124293321;0.19821569617220447;-0.057158659060829384;-0.005053006716915039;0.11669209694068383;-0.11074718549996919;0.007668961835481626;-0.05447784665170783;1.0264334217992326;-0.07116639405098102;0.277390212751648;0.30679111396433545;-0.06956477078705901;0.15509615407339036;-0.0705770334621046;-0.006070944259482487;0.08492452080991346;-0.10470420134100183;0.010265146654823759;-0.02686652312425501;1.0229083901685294;0.012984026986517537;0.20052681836804645;0.2019051387191175;-0.06694809335571374;0.12656289664425557;-0.03863158494623296;-0.020883071812372544;0.07885107455369471;-0.08098894896635299;0.0006812878075110893;45.04290913370134;10.28931083914246;11.831280696980029;28.6201393168414;31.510690907673652;15.789599027918097;40.990994639937675;67.22777439307282;27.718870960618855;45.15467308331278;72.25806226598941;27.22899672884142;47.97463381825726;61.01492763184651;30.15112129523703;54.30553493789455;8.726480663354632;5.584150348712239;4.931769702872417;0.989956768858603;-0.09032301951160249;0.12958246418410158;-0.2274234271404222;-0.10820815773047936;0.25291229958610123;-0.07402342782423299;-0.13876472938318848;0.2372138251918843;-0.024370102660882853;-0.13369210230955453;0.17479002507234678;-0.007074756871757544;-0.030253396277805277;0.9765180875191528;-0.15784763946553668;-0.23564593892423397;0.18596532945383745;-0.06270784633708408;-0.15282047434405863;-0.03879372578998205;-0.05446550342422142;-0.09376467654620928;-0.12032875818287492;-0.030870271102217916;-0.10461091970357499;0.9930791085905804;-0.05338950795531371;-0.23356559153571818;0.20726769664791697;-0.07752356595219659;-0.143221315771964;-0.09385452729726487;-0.07750898770797031;-0.0864549802419692;-0.16334656495725616;-0.039397171048225106;-0.1828013109301789;0.9380111531126539;0.033875125021849764;-0.20587624541666832;0.1772917559380722;-0.08046075142797345;-0.1242884697202789;-0.08588804326723451;-0.07831410524750117;-0.07099228666405805;-0.13882615016984529;-0.03702650786415671;-0.24400080833653634;0.8352344236562125;0.10681959338906964;-0.15771107448695432;0.10849248871723136;-0.08042304611421786;-0.09265573743993757;-0.055880486023441055;-0.061190923641631936;-0.056401704812879754;-0.09084478778082877;-0.027291083741666913;41.166262148055836;12.225826442369705;7.77208385956148;49.121043803544666;50.971524399865;37.20441525295549;43.236291022146496;70.68070245787382;29.97738971415269;42.04862316474744;69.78453499869524;29.878052545386627;48.54497383508347;58.53726478707621;29.221171125475035;52.93343338282253;7.427468812283111;7.144135565756646;7.220517785772503
0.9921571328474214;0.22855785126742523;0.10950973880417002;-0.19457064247754952;0.15336498083809033;0.3896074744131603;-0.07534841220445598;0.09946677220906872;0.42148250333345316;-0.02054552439047968;0.11331847872695283;0.24891586266775764;-0.0060377404022640725;0.05470358506313693;0.8381229942439351;-0.31582204025841654;0.2612949444429577;0.48194931722544115;-0.06449475824632249;0.18460732895364865;0.13383591719111956;-0.008821665008599548;0.1292626201243157;0.0667533975735589;0.003963293812832899;-0.046945977724139325;0.9754710677503917;-0.21506341194502426;0.29346009011149704;0.4668394520878101;-0.07317541165717632;0.20327393169331318;-0.020928208493726792;0.014439606794333192;0.11464895708735585;-0.09507940027565429;0.021614459368758974;-0.0705391233170811;1.0335290974567974;-0.11587284581090036;0.26167156159912175;0.40763590431485114;-0.07125403924499292;0.1697078689227707;-0.02682723229918784;0.010376260385711496;0.09170639153656314;-0.08890309128411866;0.021782114792399807;-0.04851249420709506;1.045409983714682;-0.026248919308319817;0.1895455676928164;0.27830137958395923;-0.06519626657511614;0.1375138093688135;0.00256957549347042;-0.012445988365701066;0.08342986463513394;-0.063553676403499;0.005611998594490815;47.18739673717206;11.065731052739482;11.285535879868837;27.69085776984043;25.901147213805444;9.417143360711547;34.69412554168133;64.6289125574328;33.84637828825526;36.340806175455434;67.14497073228628;35.4227062222762;37.86404396000406;54.37052990178418;39.20357331800996;54.685345525009886;10.279621409517672;6.142456165006106;5.09954506015728;0.9875875562265564;-0.10270798843422771;0.1317824647292348;-0.21927244509897897;-0.11679184478291112;0.26623147262046093;-0.06555797528189976;-0.14296691658655733;0.24354001314385343;-0.017347409296320063;-0.13471387714923758;0.16911680152577943;-0.0006927188584143852;-0.04662238431861883;0.9746994744697333;-0.14609324443140104;-0.23960572752964088;0.20802969410999977;-0.05828035666429585;-0.15873133390856065;-0.04076784783158014;-0.051666950045951864;-0.0992572677444068;-0.11224779165124987;-0.02888679790636151;-0.11089644344853089;0.9929437227942369;-0.04200883471352844;-0.2367971759397404;0.22797274042013033;-0.0707341913755103;-0.15089510173321952;-0.09246764010533781;-0.07000448452715112;-0.09456558092148694;-0.15860706928539434;-0.03421231685749048;-0.1827662170158716;0.9378791199561648;0.0447880281403867;-0.2113384471886456;0.1891711129467984;-0.07588911112025418;-0.12956715491673845;-0.08599492996710417;-0.0754147494216519;-0.07813949011280755;-0.13860365573442435;-0.03463417568812503;-0.2426091018446014;0.8380066747332168;0.11755895046279403;-0.15998717475524737;0.11155638823926538;-0.07889282988914127;-0.09787347582433045;-0.053449811305108945;-0.0620357348433664;-0.06362294460454548;-0.09197309881049767;-0.02741755742884453;41.580715603827606;11.347552027398905;8.776887114602062;45.667793331114645;54.02817905720284;33.66567385713342;40.519042769505994;72.16054715010469;28.767032638770413;40.78899809416638;70.62112112686164;28.828359076420618;48.37526952682804;57.0829862128478;29.062433827694136;52.58350492749796;7.097276531591714;6.897184172481881;7.133105459797435
0.996152365199236;0.247041627420005;0.09559940404334796;-0.2008839876620074;0.16802820507906369;0.4119250638060036;-0.08524291596603153;0.10644466835231219;0.4571815038487887;-0.026210526990278895;0.1252209072052159;0.2823842723193386;-0.010908878312251258;0.07538440537527923;0.7980099715553367;-0.3694690056523134;0.27098006480188597;0.5282222954511527;-0.0649676541423677;0.1875699387086138;0.17157850216820666;0.004851798519389057;0.12638568380683438;0.10502078971959461;0.013076186163150292;-0.04904661930151776;0.9624150142674557;-0.26711751991897703;0.2858684820110721;0.566841264395751;-0.07551962521314916;0.2080826470918964;0.017648492067753294;0.03512261808760543;0.11215593678479015;-0.07815621175794978;0.0363800159871831;-0.08741712741700794;1.0381802401961902;-0.16307787313005798;0.24422804855325408;0.5137074129814877;-0.07285055120947075;0.18476723566080983;0.019760118476497977;0.02783294060999643;0.09865982424012776;-0.07185544531739464;0.03396532962157922;-0.07138947035555857;1.0664065595338907;-0.06788566424484407;0.17734044727621615;0.35874257137533544;-0.06315135837599013;0.1487713246981391;0.04636508447270457;-0.003441334248382138;0.0880642726775971;-0.04483962920772871;0.010838339807310492;49.39321821324627;11.819639176020079;10.860068496839519;27.873861939810322;21.63900144733748;4.399335591098969;30.353205316226735;60.417727695973305;39.133470600433164;29.97354414904296;60.38340925714477;41.7677040928592;30.408647196826486;46.79189732372511;44.8525948625105;54.80174900296377;12.098618572376772;6.851659859619636;5.35173003054382;0.98521834359451;-0.11523988423194129;0.13398898705062642;-0.21097530017763255;-0.12546949866530557;0.27968179455039655;-0.05696868475318294;-0.14720031266054223;0.24990830293850108;-0.01022836998946692;-0.13572600580084113;0.1633390010824632;0.005774276883915986;-0.06320093088994577;0.9726886170218406;-0.1341574037143355;-0.2435768391402696;0.230351495859624;-0.053783961708553894;-0.16469339793631244;-0.04276118278239126;-0.04882228566801766;-0.10480575845506572;-0.10404004741478606;-0.026871976827539425;-0.11724640042589092;0.9926353223414793;-0.03046963122847159;-0.2400308874025418;0.24891371262647582;-0.0638423668594287;-0.15864487846414396;-0.09104637227110429;-0.06238815081955347;-0.10276769206815936;-0.15377722124280524;-0.02895263960964409;-0.18269914190591055;0.9375836115917129;0.05583827677118933;-0.21683681815387396;0.2011757666047645;-0.07124361298663133;-0.13489366972699837;-0.08608840929440587;-0.07246384772751452;-0.08536822968800031;-0.13835430395759252;-0.032204069518233014;-0.2411570615046223;0.8406712792663712;0.12842079803998782;-0.1622659450305383;0.11464178121314884;-0.07732866843439981;-0.10314369863255088;-0.050977608483110524;-0.06288107944073304;-0.0709292078212633;-0.09310054973188983;-0.027540984712504924;41.81565769691587;10.582789228556342;9.893713153200727;42.40813305786104;56.82251471776579;29.955080563925073;37.98023363234531;73.41300259542776;27.436135739826828;39.61632544599476;71.34726508410856;27.770837078941607;48.21429624084503;55.69361961143272;28.960402822634393;52.21450560020305;6.7923172842813475;6.656873330844958;7.0429335357286496
0.996225213900106;0.2587743592263497;0.11665110484885743;-0.1831676795551492;0.16352021098828212;0.42808717044683803;-0.07989095232511602;0.09318602184089224;0.474573644002287;-0.02654255557490067;0.11447106164527404;0.3048829727228082;-0.011968552275007855;0.07535537901459681;0.8139291724512671;-0.34839358159965056;0.25870707339138976;0.5672023230830221;-0.06240426592985419;0.18173873229594467;0.17934837815984056;0.005026356552598494;0.12067053330238436;0.0989266541032326;0.013529624344604115;-0.05936324490816075;0.9644591751200869;-0.25747719254461215;0.27288176440918993;0.6050991594492536;-0.06891187276149804;0.2055273263297612;0.0481438755427542;0.03303596574676612;0.11348777980670928;-0.05556877836103862;0.03236949816234393;-0.10813219495974734;1.0353994367822867;-0.16431366140816703;0.22907492988103448;0.5595707728627635;-0.06526641110743489;0.1850768796925843;0.04716140234153083;0.02870745847068057;0.10306048853420963;-0.05581146218901503;0.03172645588872355;-0.10065925633560872;1.064792178900307;-0.07915298956988592;0.1694294657702185;0.4036898963486751;-0.05582400795320311;0.148019695711945;0.07615372781212959;-0.00022184011593693172;0.09097633222845476;-0.02380535124860552;0.010824977067339137;47.1422890888616;11.838884190821991;9.516535161930316;25.399408512317056;21.927121131700115;6.511120613720382;28.740639844091188;54.43111648261998;38.804846901144074;28.11210685878417;55.27215240298169;42.27152591702646;28.184033561414545;40.53741860400295;42.31905525854074;53.56866298164766;11.65724695464548;6.411450307067449;4.769610325319551;0.9826068471023592;-0.12348652839874485;0.12525218369152405;-0.22541522050208754;-0.1369506709599926;0.28888748161342354;-0.05715195631675956;-0.1550525253597745;0.2543044751109909;-0.0051966826875115505;-0.14151620255903097;0.1659819820941309;0.010921354394489253;-0.08083969152875406;0.9734319812613766;-0.1568804267213001;-0.2313888192560354;0.28948284036791944;-0.05051487436815089;-0.159427169060454;0.03855654656877718;-0.043359751547569964;-0.1079965172600165;-0.026077138534744377;-0.024066077378984013;-0.1368832917953528;0.989621738959544;-0.043723885988741905;-0.22898026869315882;0.28708748532854644;-0.05631966939489159;-0.16196802997090565;-0.02936748805928616;-0.05462541037772244;-0.11208793089058301;-0.09678917571100568;-0.026670272622368915;-0.20299261363713128;0.9348870449428355;0.0513162479343102;-0.2081552399952058;0.22360913703063487;-0.06968885530743843;-0.13836052580127672;-0.05930825000672097;-0.0740361083352548;-0.09286920245597903;-0.11351931301822414;-0.03516165311487264;-0.2624033682853348;0.8431085996453497;0.13156422086997868;-0.1557140605954044;0.12129235614233239;-0.07954380925295328;-0.10426434516372986;-0.046561007596106506;-0.06705704814422005;-0.07288511149141505;-0.08944213142707678;-0.03191019169502121;44.72239936013936;10.91480522729163;9.865807502596846;33.53731741790316;37.65014834489786;26.527988740610393;31.16014366629108;60.49579323775393;30.64168651407116;34.39074722248459;66.81175690316543;28.737588311551907;45.71185930394495;55.59732425794349;28.708018622035386;53.74669533224322;7.312581710507701;7.08695835926341;7.369094299644317
0.9957590976138662;0.26952888575580486;0.14277488083751022;-0.16189126784397206;0.1562080260832096;0.4433359911725883;-0.07231303539914813;0.07695018942985343;0.4893052670334718;-0.02610548599687768;0.10040334231271272;0.32583306272197676;-0.012483588475555205;0.07234054432014023;0.8377588939046231;-0.31644022891371126;0.24317622046888873;0.6051691389084412;-0.059380665225026046;0.1745810459134375;0.18281338730359092;0.003265667599158892;0.11449704214015012;0.08642599195979889;0.012740670150986963;-0.07088682601429763;0.9684546141475158;-0.23889478486146407;0.25900495643137994;0.6345275841712003;-0.0609776580526653;0.20185864181379387;0.07759694785446185;0.027669417777825132;0.11534732274469052;-0.03206260391889151;0.025643629602572788;-0.1294587007023436;1.0313039403872097;-0.15892800499690543;0.21413433433009443;0.5968669340862565;-0.05631980025757684;0.1832311928648783;0.07191604796374382;0.02720227706656261;0.10708991835416216;-0.03983166699131402;0.027403824314006644;-0.13094415933922168;1.0596855807979957;-0.08609617787513536;0.16206208430373745;0.4436443555570884;-0.047696162588937115;0.1455096391442319;0.10404136210206708;0.0021819226952532246;0.09363275674454051;-0.0023454036081623744;0.010058056636216306;44.512647830412654;11.884571899569739;8.232288571786311;22.559554932621875;22.55882215384941;10.223355028005116;27.42753202498015;48.279725416717106;36.32854403446581;26.93299526628074;50.40380032504117;41.438823801488745;27.022480842805496;34.91826387913821;37.31532131686902;52.1561719516921;11.046988965696231;5.896205424536529;4.08490274561432;0.9799620589872674;-0.13135236872236572;0.11450007975032775;-0.243537990545653;-0.1491907096373123;0.29763468976194757;-0.05856424581875228;-0.16362371915149873;0.25840408210772514;-0.00026217407225332827;-0.1481204920264975;0.16982092377181324;0.016074539189907342;-0.0992718162224557;0.9738860280708462;-0.18538285606213034;-0.2162191231635248;0.3560509321612799;-0.04725571040327709;-0.15221720752650883;0.13507494691589322;-0.037271417233049664;-0.11089487258221888;0.06504797090894635;-0.021017162997270522;-0.15911300830949063;0.985371357758835;-0.061043737559342684;-0.21526496635988554;0.3290478024907477;-0.048366122316519;-0.16466631640450288;0.04346152695426956;-0.046493330049502006;-0.12185675464647763;-0.029954395426460403;-0.024706621075995278;-0.22687538144686378;0.9310503105277322;0.04433371144237396;-0.19693334801927176;0.24827081819636193;-0.06846640765270459;-0.14159536658247016;-0.027550261612884992;-0.07626794214749122;-0.10063882614495592;-0.0840734470887161;-0.038986910938487905;-0.2875698927108414;0.8449901268683401;0.1336237858454949;-0.14751554607596395;0.12863131202111724;-0.08233283052990545;-0.10475504235896076;-0.041654783858320596;-0.07182926349103312;-0.0740943010981449;-0.08488332218076187;-0.037040987273014;47.84563127308481;11.442737053731383;9.671612588012179;25.508638275307447;17.399876492569742;11.07967363737966;24.170533374495523;41.97335005202297;28.12231156705709;28.703742419134446;60.22965399322004;28.918761161139578;43.018897092281385;55.66525999973089;28.30814541371631;55.33546730500106;7.951755499880568;7.631044332492228;7.755160980530519
0.9952929813276264;0.28024274932948046;0.16905614635617763;-0.14034734197278442;0.14875356006463997;0.45849653490309566;-0.06463250428732163;0.06053354009798899;0.5039210689724845;-0.025651517955478733;0.08616206817029153;0.346803663236242;-0.01299688966372988;0.06926307437237655;0.8613781057847373;-0.2840484213576946;0.2273875204077269;0.6431657774920633;-0.05630083985666469;0.1672732353922148;0.18621725299789507;0.0014879125354138546;0.10821212940131066;0.07377250607256389;0.011938423555249638;-0.08247592013623667;0.972000284624125;-0.22002992816501377;0.24487687453279375;0.6638963015643506;-0.052943380650010606;0.198056757646422;0.10726931557952661;0.022241984529687155;0.11716542324310902;-0.008334362027634143;0.01884597618994077;-0.150907316528136;1.0266563022693842;-0.15341559078987493;0.19895560259846373;0.6341911960726708;-0.04726658528054837;0.18127760835098874;0.09685165381109204;0.02567028680544564;0.1111010569705283;-0.0236918795689178;0.02302958971665788;-0.16142894386544995;1.0540037720684579;-0.09305712132326176;0.15454900755124884;0.4837269136432577;-0.039473205885705284;0.14290474463037312;0.13212133420370237;0.0046056608378563235;0.09626559282871947;0.019303801770171842;0.009279379770685249;42.21447719297084;12.048025849258057;7.141945698086718;19.823987682908523;23.000840688823292;14.598893848027858;26.18729731930626;42.43351182810385;32.414326147899025;25.98317367095714;45.768236120238;39.83027022073575;26.34053536494894;30.067957752388523;31.612801526027567;50.76290061528297;10.625771208799401;5.514606345409468;3.4394145736073383;0.9773172708721756;-0.13944046319499126;0.10318982282622255;-0.26222394682645395;-0.16182435050625404;0.3064979566339294;-0.05998618341419292;-0.17241937175010183;0.26245522925345;0.004883264221382176;-0.15487866360379607;0.17367689726414692;0.021433860293148282;-0.11840512290768954;0.9735170774792736;-0.21494198442534374;-0.20021465922337364;0.4251534987530095;-0.04381650562721423;-0.1445677177523231;0.23559783478236224;-0.030890873029128425;-0.11382106624326906;0.1600078464656447;-0.017819881071164237;-0.18215430249721326;0.9800871661651014;-0.07905034345412017;-0.20077782393171378;0.3725152025102332;-0.04003112437482374;-0.16733738741185344;0.11936273881323423;-0.037973795425160065;-0.13193730315756388;0.03976013141764621;-0.02263775129176513;-0.2515816993902981;0.9262444146264918;0.03701467404516132;-0.18506194061631656;0.27377080252369157;-0.06713254003925574;-0.144845858490656;0.005587619173324454;-0.07852910527365338;-0.10865316193041218;-0.053297525078130834;-0.04294178416969754;-0.31356228440307843;0.8462211014041493;0.13565571301940163;-0.1388393590369334;0.13617237778921085;-0.08516972699146058;-0.10517608197762962;-0.03650303471202553;-0.07674312146502055;-0.07529103337913728;-0.0800564305620175;-0.042358827730010325;50.78375683277743;12.014661545033668;9.476903738207486;19.373419181782378;6.371348696805576;4.0510988971692194;17.74887971924476;26.40182503642137;18.483442871867766;23.2201921837654;52.80390151422243;27.29892166856446;40.551310723229086;55.72252685913923;27.768625105243636;56.69406159057192;8.596449115466257;8.198150260127951;8.143597169669567
0.995023727127558;0.27148816147117344;0.21796961253600797;-0.13459645947219379;0.12327066061322421;0.48329506983456694;-0.06012062358070165;0.03448565092239181;0.5072309252713595;-0.020838078181151437;0.06335075957104212;0.35460849445836246;-0.00807491816811987;0.02792505105789133;0.8950540166955121;-0.27822501339875544;0.19497696187757868;0.6626454700304384;-0.04635475874524369;0.15239363404185388;0.1914354280655357;0.009488809438045628;0.09778298059981219;0.07138627783937727;0.01681625833371755;-0.1323691449038068;0.9675903496862199;-0.2150519115737726;0.2040103795785256;0.6843271586350362;-0.04455298060080393;0.19044120167201498;0.11403752317335099;0.02778810583839248;0.11727018837725417;-0.013222760398211044;0.02326104455478855;-0.20626066006805224;0.9950985791613742;-0.14818631399577206;0.1690493170146758;0.6448085954153236;-0.03821443852076324;0.17471333162623612;0.10573134132135101;0.029044072839207537;0.1086075847022092;-0.022231071806261805;0.024417468841198275;-0.22016323029088264;1.0070022329504111;-0.08707285759854475;0.13523402194874332;0.4907081115653332;-0.03225230894993397;0.13913597638978537;0.1373767442820157;0.008074500648982802;0.09471588416528881;0.01833729172711314;0.011313308215189983;38.429239142908656;11.326549574726757;6.326293887022044;19.628976133969346;22.92857538113811;16.30420946550943;25.695561430630335;43.73268162378107;37.064865838634354;26.72983501627379;45.45995771469019;42.24432726797271;27.68895841120366;30.53466925338645;33.839409113435224;46.684002036703546;10.44334942351985;5.644391646539076;3.522460887865763;0.9539416136004094;-0.15207326405758465;0.11498579113788389;-0.26431681350815056;-0.16449103376989688;0.3170217989537017;-0.054022192521819744;-0.1687147986945411;0.26512409410945476;0.013197863574002617;-0.14753199829951952;0.18363454609447838;0.03253517134550311;-0.1260598900258605;0.9865599073160863;-0.20425922861743082;-0.17786272395222066;0.4387413569620509;-0.03535065007542705;-0.1474588568591996;0.2184644576148445;-0.02621512827579141;-0.11843463403368942;0.14130626638169783;-0.014499842240277255;-0.18023469721829571;0.9817190183452367;-0.06118188406623479;-0.18794997544474362;0.3707899627996038;-0.029443088296411502;-0.16700082802196003;0.08767718159547623;-0.0338588314474817;-0.12465163101737459;0.0077454847196737125;-0.020281389317004298;-0.24155428987637667;0.9227505173795459;0.06136689478449905;-0.17484680520661186;0.2785517346607782;-0.051602226159499553;-0.14330196538359352;0.00023814441148376346;-0.07322787965201528;-0.10120336948920174;-0.0566528047092073;-0.041925125067501956;-0.2990917936315896;0.8389340778996505;0.1651967106802569;-0.13315793308582677;0.13710811268712458;-0.07093712567037003;-0.10314502436071195;-0.03195887638976097;-0.07371570449819066;-0.06953588170739407;-0.07547559933394163;-0.04192211981325622;49.951142197300676;12.102124858699508;8.320681747129411;16.368209612309574;11.988876537843918;6.042677901708239;16.44973008650567;35.65095642216085;23.812811485678363;21.47647521863402;57.352966198742436;27.77981427648896;39.18920883932279;56.83375360445921;29.016512596443484;55.67292595831792;8.6680394455196;8.358031604986316;8.409719923404339
0.9948008618819169;0.25739788699634575;0.27111765448170233;-0.13219341223351438;0.09338804137150014;0.5086638745899311;-0.0562072805598652;0.006289395134266577;0.506297142720025;-0.014976821783089315;0.03852435613604803;0.3581630566795661;-0.001892374326784003;-0.022140822036952865;0.928058462686228;-0.27784178767056283;0.15833598257295808;0.6755716657749166;-0.03473688399858162;0.13539265778064064;0.1964477341012936;0.019691114168237298;0.08616803110712218;0.07121451986255833;0.022936135277972232;-0.19043539200626466;0.9583760087998876;-0.21271997374063917;0.1565796083666181;0.7003815110129086;-0.036013373605873304;0.1814090343645253;0.11501404439879868;0.03578117898110595;0.11661114119213738;-0.02475564651783348;0.03020280540911918;-0.2684795194071678;0.9544273330265353;-0.1426129181628415;0.13541622861474004;0.6470775050085507;-0.02912214153456193;0.1665844623191112;0.11043665706173594;0.033453124332836905;0.10427275543295107;-0.024164865633651545;0.027073001473956367;-0.28436225924002395;0.947594777756181;-0.07782912531967948;0.11289374203368692;0.48834194189967384;-0.02522929717073469;0.13469833118689595;0.13680035783459618;0.011734708065613109;0.09190528853552371;0.012006598429641078;0.013956329415367182;34.804309879708164;10.665790846246598;5.602522771093272;19.87546952122375;22.671871166109952;17.122969560987457;25.40777469300247;46.51992009629449;43.61475490441659;27.9763363642983;46.06396863182351;45.76747997019411;29.70072253148596;32.161749731325315;38.107607559765086;42.64265696335671;10.511404976339456;6.012060081701073;3.816879826298618;0.9256808951000012;-0.16532182725414585;0.13181940277359822;-0.26229024534812;-0.16463860104272948;0.3274529853608614;-0.04646276992767737;-0.1620792813167176;0.26724285059172087;0.022007382370870156;-0.13699501838352499;0.1946366472040796;0.04464531206504289;-0.1307131319797727;1.0018393974454678;-0.18429019812151357;-0.15457543396150977;0.4385973414566131;-0.025929693932591823;-0.1526693550743524;0.1739726623456699;-0.022064848461181244;-0.12324508279903856;0.09627682798108554;-0.011240784028076874;-0.1723869389375284;0.984394899079524;-0.03534721983356927;-0.17578846045269392;0.35825557783560613;-0.018619786242620773;-0.16587334784406071;0.03150842248383066;-0.03088521861530317;-0.11341735729698173;-0.047317564250573325;-0.01791557882001054;-0.22349965897360188;0.9191626761650241;0.09243564853243584;-0.16522745107869996;0.27815325631476384;-0.033153908988934215;-0.14059442890904572;-0.014029171903487203;-0.06625953404277765;-0.09027119931396649;-0.06792630965320386;-0.03974313342540702;-0.2753425523984859;0.8293929918240778;0.2002628343456555;-0.12827711774211373;0.1363834708908085;-0.05306017814979449;-0.10053903899287639;-0.02767442692958048;-0.06886451968783742;-0.06227297756548707;-0.07104643005001475;-0.04011834515368455;48.441522277971735;12.131835113263847;7.647255293816642;13.871116021898285;21.906485804979575;10.78042099603821;16.20239977196768;53.25529431317507;33.00984625685562;20.4997216473468;64.90609069641671;29.428239004492404;37.82758510631336;58.30646494783285;31.040249342875864;54.27881906159021;8.674587132155573;8.471673072715646;8.668567513101973
0.9945779966362756;0.24263496895734468;0.3225939896191174;-0.12937643644325075;0.06361230105191132;0.5319495341861209;-0.052158904767844495;-0.021528715531803636;0.503660865990849;-0.009147849270878462;0.01391912010028652;0.36045352994415664;0.004208993779808508;-0.07142237815486964;0.957450358211887;-0.276522449996373;0.1216775349198292;0.6860253800662476;-0.023165885320504592;0.1181737213976066;0.20072331479580607;0.02968215349961743;0.07442562805707859;0.07080386576549302;0.02889158625537481;-0.24703366913184688;0.9460444949844621;-0.2097002141745478;0.10929018052054916;0.7138349903244001;-0.027472706909063838;0.17189007344898435;0.1155869753570562;0.04353975958682477;0.11556626276791554;-0.03604125427374856;0.036943871553844425;-0.3289071050301626;0.911097947382774;-0.13663519905894272;0.10180072856598746;0.6471214757779552;-0.02005996762712085;0.15800623933839067;0.1147010681303356;0.03768634762149195;0.09964598191499258;-0.02598937415874934;0.029599168882675015;-0.34668813835779194;0.8858177742361553;-0.06845260488606889;0.09048738788957057;0.48435441678453567;-0.01822028469867115;0.12986709314343103;0.1357685525324892;0.01530329486245166;0.08882306519360486;0.005724904960340861;0.016514611989743657;31.86144124033913;10.294883950688629;4.9620576124808595;19.99062060142968;22.35087773115561;17.7438002216443;25.165297848757533;49.12620952383945;49.75657113317529;29.34664146554345;46.59425078394463;49.353272451807975;31.96858653896131;33.80320217530866;42.57938107473676;39.38992532034581;10.805953988042333;6.5548474814929625;4.196359813843631;0.8974201765995932;-0.17809510603275552;0.14810439895311212;-0.26013318612136255;-0.16466584766015718;0.33737056252558434;-0.03907505792552778;-0.1555087853471788;0.2691154542890777;0.03056298741801598;-0.12664634760105073;0.20520353486386558;0.056396237085287286;-0.13514811124616852;1.015997597331762;-0.1647312679487974;-0.13180902371560946;0.4381473252050551;-0.01674532489179246;-0.15763099911077447;0.13056178365356585;-0.01801127485713607;-0.12783829190458784;0.05239775061406112;-0.008061965645247486;-0.16462971932098727;0.9863028381914344;-0.01018660354653351;-0.16383180047219636;0.3458072119885866;-0.0080761802769718;-0.16465917425846904;-0.023162809648174684;-0.027970242089697808;-0.1024069189269859;-0.10085730839300255;-0.015601122871079112;-0.20577562538103641;0.9150224651719323;0.12259844574910597;-0.1557516293230695;0.2775690265141608;-0.015181332931371376;-0.13786081269414174;-0.027900536892960907;-0.05943291822572872;-0.07957104456461615;-0.07884678668884396;-0.03759210005883531;-0.2520413603867626;0.8195240443676527;0.23423865549562922;-0.12343772926619483;0.1355820723718317;-0.03562944680245301;-0.09793252788889255;-0.023486350452726023;-0.06409593886733006;-0.05516259001232851;-0.06668690438323928;-0.038335030028498786;47.12109860654817;12.230268904860049;7.722940824682585;11.514682386095743;33.680221016848535;17.38164871150506;15.884079693199126;72.69901830260166;36.348966669692686;19.461411339084023;72.50135504577577;31.377918795193917;36.254349626239005;59.884005630277045;33.47248716235351;53.041993271731855;8.753538865017484;8.641287402272246;8.94997967100305
0.9943551313906344;0.22738499543819518;0.3719574790677017;-0.1261955882858291;0.03424271231330175;0.5530205365908553;-0.048023855037250165;-0.048703354088750844;0.499436374313324;-0.0034091644530088614;-0.010224455945913978;0.36152128881440665;0.010170901368379177;-0.11945544005186541;0.98311411605281;-0.2743285037961078;0.08537771171955362;0.6940263986985192;-0.011757787596906417;0.10092423583501796;0.2042561861553462;0.03937050256604763;0.06268248957511273;0.07017076820632288;0.03463008867484068;-0.30165996781007237;0.9308818567269882;-0.20605880868660034;0.06261885308063374;0.7246832633500903;-0.019018448077980726;0.16200670576901732;0.11577114662691942;0.05099646287023248;0.11416603125706638;-0.0469767555675127;0.04342553938802744;-0.3870167934374137;0.8656901947477558;-0.1303350703733933;0.06854596770951506;0.6450541436457431;-0.011119123034004096;0.14908950135924018;0.1185035363535994;0.04170943167615586;0.09478958864099793;-0.02769152735521548;0.03197674922091064;-0.40659901349987687;0.8224250074102677;-0.05904607328803088;0.06824767527896047;0.4788694849292548;-0.011296290543097923;0.12471189156773993;0.13431524090001784;0.01874843469854551;0.0855146884996539;-0.0004460084260886418;0.01896631712161401;29.56550295792187;10.181021782335925;4.4268668764836;20.002268204959883;22.008224259448863;18.191133145922816;24.96922659528288;51.51611715753948;55.40808195172171;30.813548087303868;47.04196515060486;52.98107597794827;34.46179505544876;35.449397447178946;47.22304322539892;36.866413882526075;11.297353311409337;7.280929755039198;4.695232002658265;0.901513556289993;-0.18184003813010086;0.15314169715226952;-0.25628078262240284;-0.16236973065983745;0.3376297767656827;-0.04046195740022625;-0.14943060226150126;0.2811322635220374;0.02648838306650404;-0.11915675331777206;0.21852733267591748;0.05204417127913386;-0.14249703174817865;1.0182427549926911;-0.15108918125003293;-0.12267669064467143;0.4398512446080444;-0.012257919438726811;-0.15625400600732267;0.11351355096037041;-0.016130991951564148;-0.12490012105123308;0.029134835995562994;-0.0067282259381261506;-0.16828777805436365;0.9857352537456916;0.002287636431432185;-0.1527262663324871;0.35180308872692967;-0.0010658002639377052;-0.16097451275854466;-0.011610807382225141;-0.02788347744166629;-0.10276336505058045;-0.08890990999626859;-0.017913065155542984;-0.20482513021547863;0.9107766226070598;0.13408991982706386;-0.14669912439148286;0.2721580322947116;-0.007063748203239464;-0.13620587096666914;-0.015929228502446525;-0.056313929741152687;-0.08295010025641253;-0.07427561465577522;-0.03802810210429419;-0.24730430026668;0.8103117445919412;0.24462099904008064;-0.1166960583180803;0.14224039643441813;-0.02689190521618554;-0.09604451322592476;-0.016610074187926267;-0.0580450512309192;-0.05837672618873122;-0.06251144323703438;-0.0356287084389497;45.941808030880814;11.160662796774654;7.079924755636316;10.201322198798833;38.48934011609423;22.88128722699955;13.781571028435051;70.92338712888566;36.377098018651225;18.260223038577983;69.51595312954393;33.03395776453187;32.98223403148279;60.439935586187744;34.0099451661629;52.6149817817546;8.662498741324674;8.575746242950752;8.97371545980898
0.9941322661449932;0.21183611092925622;0.4188543678540448;-0.12270825757806827;0.005548619905919301;0.5718167075484802;-0.04385000646138664;-0.07500382501083375;0.49377633586891984;0.002187359967163799;-0.03369379499477596;0.36144011544089366;0.015942617135848398;-0.1658399249103952;1.0050477613986153;-0.27134268022734104;0.049779333041156;0.6996633849504269;-0.000616857514797029;0.0838210116186836;0.20706195435799626;0.048678983324794194;0.05105759705210144;0.0693370291970593;0.04010853497664796;-0.353897486933137;0.9132375333225121;-0.20187564606317376;0.016995532794040022;0.732996709111767;-0.010730240659087457;0.15188423895062192;0.11559159013539673;0.058096655892164895;0.11244921357302769;-0.05747562221186603;0.04960011180043195;-0.442380438048301;0.8188077455414094;-0.12379864424480702;0.03596378044698774;0.641042520748396;-0.0023817631632570857;0.13994797493524316;0.12183751210842511;0.04549617099297629;0.08976864623099837;-0.029262551803927245;0.03419194347124811;-0.4636552148136258;0.7581702875969266;-0.04970687306013079;0.04638831099694318;0.4720462970687636;-0.004521556389704808;0.11930735067978579;0.13248430437833977;0.02204377730635137;0.08202931145841771;-0.006451309371203067;0.021293988559043964;27.829030738801016;10.28822172237816;4.010214450099505;19.936770644017226;21.685831338602544;18.54905070762938;24.81795364410209;53.66294297836328;60.53035222482839;32.344805680540134;47.40035474062974;56.627127202813526;37.131302775247505;37.08999067588747;51.99471585064262;34.96120490235805;11.94963312689295;8.18019824686721;5.335046325117305;0.9090355123878684;-0.1846290161321045;0.15699597248842995;-0.2522208675765631;-0.15981199555802134;0.33684733726900545;-0.04276167646517965;-0.1433814056829746;0.2941926646598051;0.021088782484801543;-0.11194446874192225;0.23213203673693966;0.046001914033262384;-0.1501439939097848;1.019143950081622;-0.13803290644005078;-0.11494337561216528;0.4417369724788899;-0.008253967429694467;-0.1541982432432415;0.0991837729648683;-0.014473566184785366;-0.12116012900058229;0.00799225793485983;-0.0055847058218557386;-0.17312373739750045;0.984808200332926;0.013452884692323202;-0.1416809201621179;0.35969410809729707;0.0055843363602198345;-0.15701140094548593;0.006863985181635764;-0.02808879081111438;-0.10429547939595651;-0.07010815677261119;-0.02070849141785751;-0.20560235305740632;0.9064218629493094;0.14363348439098525;-0.1376652015669799;0.26620942640448536;3.604861209181842e-05;-0.13464761506175354;-0.001246490310610925;-0.05357230112408732;-0.08779332387633836;-0.0680754982606604;-0.03873060152851465;-0.24447297203240567;0.8010744742759719;0.2525294024147579;-0.10973614417612995;0.14967017152922749;-0.019048208843770988;-0.09421943678616389;-0.009443625423531343;-0.051847386523174166;-0.0626656745087743;-0.058343911564375205;-0.032819296850906864;44.780685562972316;10.247417058798927;6.4380774810220585;9.040989852939425;42.74718570513712;28.978200562156346;11.527736210977853;66.55645841271316;35.87709034923328;16.956192304021616;65.22196336008682;34.915855326228105;29.59356461062119;60.51422097855309;34.51288381825026;52.257040627836155;8.550887894227866;8.48823691772105;8.976367747177818
0.993909400899352;0.19616958442674404;0.46302601115695496;-0.11897557928710084;-0.022240415730840922;0.5883443942341584;-0.03968247348994086;-0.10024152951152546;0.4868602121683569;0.00759784074466379;-0.05631154837533236;0.3603090915469397;0.021482611668110264;-0.21025235294771116;1.0233506945474882;-0.26766260839316874;0.015178877896360002;0.7030820884600694;0.010168193221483634;0.06702280668565655;0.20917471265955848;0.05754687315448029;0.03965724584294999;0.06832815859357753;0.04529430801542385;-0.4034274457478921;0.8935004710088635;-0.19723895235036815;-0.027212555577059924;0.7389088839867886;-0.002676878379672963;0.14164448734576454;0.11508121377603488;0.06479973148954134;0.11046007934118555;-0.06747006659424752;0.05543202409892997;-0.4946785108343907;0.7710462015336462;-0.11711158560668244;0.00432291169008565;0.6352930749247816;0.006082022242074315;0.1306924275042743;0.1247096801724459;0.04902886074304894;0.08464750723641325;-0.030697931148261248;0.036236458167898396;-0.5175295565890907;0.6937707701630776;-0.04052276591532201;0.025095658273103914;0.4640676408869944;0.0020488434283748376;0.11372891645324609;0.13032637603107955;0.02516913612973767;0.07841697478208319;-0.012245027103316826;0.023484926212050578;26.550172335251233;10.580452999594694;3.713116060030106;19.817709738821165;21.418018070017716;18.95039601997407;24.707888355250773;55.549406421257146;65.11798668422772;33.9052388152323;47.66509887532188;60.264820585803335;39.91131789356365;38.714137709443435;56.83941836269775;33.55318664667003;12.725261690035063;9.226402201551737;6.11406418771692;0.9165574684857438;-0.18738856506384413;0.16082417854350278;-0.24812629516296128;-0.15723229051898902;0.3360153426266445;-0.04505341417359746;-0.13731514350212726;0.3072001012168267;0.015689849753673595;-0.10472061442162817;0.24569262427502453;0.03995707162508877;-0.15776323350983976;1.0198929111145554;-0.12496529917050599;-0.10719841188855357;0.44355566260287715;-0.004251609021677838;-0.15212099187969305;0.08484933874604156;-0.012815155362762898;-0.11740474960846031;-0.0131366108411732;-0.004441160755976268;-0.17793053668806716;0.9837353086304966;0.024608264212618337;-0.13062228188190858;0.3675260620707122;0.012228956279876635;-0.15302772608784657;0.025324738433107775;-0.028289781260984876;-0.10581100004279662;-0.05130922354535329;-0.023498867463763982;-0.20634844460286658;0.9019353404120223;0.1531489583971421;-0.12861716662421208;0.2602254131979689;0.007130837184549162;-0.13307042817067755;0.01342608708872659;-0.05082463544745847;-0.09262007533822979;-0.061869624463664855;-0.039426844706789345;-0.2416072732149947;0.7917245521128146;0.26039466903634567;-0.10276481094783468;0.15707244758533498;-0.011207206095112493;-0.0923816311213366;-0.002280821754178574;-0.045646376639322576;-0.06694227901305944;-0.05417063781305773;-0.03000698300384058;43.63554283131907;9.644902657416733;5.923139822531686;7.964874111307412;47.353202771929105;35.53704163728063;9.31763483547212;61.93183857652207;34.632357314435126;15.553425938728704;60.833612625410716;37.017437454478646;26.309599352075757;60.14830705544682;35.23123628111699;51.89086578884452;8.440863458013414;8.407266991524917;8.98716188872404
0.9934765275593168;0.1817924976010998;0.4829513405325866;-0.0956152970258127;-0.032073480057891526;0.569484587860128;-0.02712901100084709;-0.10289517731899545;0.4635572597126371;0.01300288016272542;-0.061280726875318284;0.3420762076009424;0.027033072810084605;-0.21442941780508895;1.044287787293336;-0.21670359941767536;-0.003362895888685089;0.6557850982917304;0.022663935180071308;0.060932082142821635;0.18907968942877704;0.06323829569902877;0.03532416453217339;0.0556526729128777;0.047889191938660286;-0.400051918337317;0.9033285205221517;-0.15477740999865894;-0.04153909193679755;0.6940969562543171;0.0066182938255882565;0.13254898131689968;0.10060795151308004;0.06596686801305357;0.10006975164847395;-0.07073275535480206;0.05580620358266185;-0.48977068428329945;0.7645534174320581;-0.08297754261828971;-0.01580959825099883;0.600112072452385;0.012676425279643008;0.1214667933694182;0.11205979985781382;0.05123736117953265;0.07916703536177198;-0.03982838471694414;0.037613152929794995;-0.5133719841449049;0.6676710281960747;-0.013426015000537656;0.00520280700925312;0.4349261643249562;0.010322441452370185;0.10449311616409411;0.12353746276209801;0.029231123521877008;0.07424357305726194;-0.019665259460792846;0.026153800380124218;24.914929448718695;10.232317812094147;3.719821104851444;17.545825706303525;23.740227714707927;22.406513217973966;22.467120504876497;58.648675847474;65.93382348300689;31.75643375289207;50.57568167225327;64.84625203949773;38.306692820883114;40.28002908462801;62.823234622175676;31.638912792180058;12.360969458684108;9.436609895464345;6.528420565772197;0.9246143372798584;-0.1855714919116235;0.16202711068551007;-0.24705670633128882;-0.15522753067476522;0.33582034904995767;-0.04428845661679214;-0.13464078670228777;0.31590953884842904;0.01586541091865654;-0.09695276392178485;0.2558179464129691;0.04061596570045135;-0.15859367543940317;1.0201198459590142;-0.1238350472128224;-0.10532150083844133;0.44900225554867895;-0.005006040003893591;-0.15182219343539832;0.07541081355639466;-0.01142309201512779;-0.11535316159684231;-0.02623271862665976;-0.0024948388341540814;-0.18301603336291394;0.9827852964958531;0.02526247263556805;-0.12890367313906323;0.37269602846461386;0.01179881363677781;-0.15005356402053885;0.02314070040750834;-0.02819085918372702;-0.10245104114275093;-0.05049753417293193;-0.023434895695870598;-0.21428717938985656;0.8981445645142471;0.15327821551153076;-0.12946301433520133;0.25047471122343684;0.003927495774173094;-0.12927789064413586;-0.0006755095063520766;-0.05253095788620572;-0.0876768195577402;-0.0718440527749938;-0.03956315499352576;-0.24997722043829412;0.7858252344176089;0.26059095995810094;-0.10181182804161248;0.15438653326096302;-0.013177361860583211;-0.08831214863101568;-0.012759115651095429;-0.04578229356694451;-0.06218222014398482;-0.06347449019389245;-0.029522354295667304;43.58825822190107;9.626771843297128;6.244669119313248;7.590313898892089;50.44089805324052;39.27159582496787;8.530874168522372;63.026486604976164;34.35143599442463;16.31279913068348;65.4305282362134;36.53414349589805;26.625650119107565;65.79120313215468;35.41512212318058;51.60449130912081;8.461945648209529;8.473158960106264;9.092043928033746
0.9929126060880376;0.16849641403909238;0.48630695185933087;-0.06255393427742362;-0.031087733147175268;0.5301833725798534;-0.010653687767520282;-0.09239142541393602;0.431100110374222;0.0179907252601377;-0.05583544283254194;0.3143589770346293;0.03211721741356498;-0.19509654126223744;1.061687633124357;-0.14206010473876168;-0.011649208525805062;0.581127857130899;0.035183747797913924;0.06103405161861483;0.15729788279551077;0.06654837412084273;0.035116621957917364;0.0371321977871338;0.04869437536032583;-0.3659649385848947;0.9259150324845461;-0.09354686710786163;-0.038041290509734434;0.6216188828001781;0.015949288326925548;0.12426087849750177;0.07897510397718949;0.06373385620175326;0.0853512059943309;-0.06976726674806291;0.05291298379729913;-0.45154506902913755;0.7789523780626271;-0.035551782074229994;-0.028078637931842322;0.5488298702507486;0.017731568933449644;0.11247257203631364;0.09121491634499941;0.05237913540576103;0.07358923434338129;-0.05249920550373079;0.03839355919393995;-0.4753027549126147;0.6624761932704172;0.021876137110866996;-0.012565152514553904;0.39445828093203583;0.01894692100403714;0.0934865665374918;0.1142010237806146;0.033438727050685936;0.0697875733052197;-0.02741985487865932;0.028817709959185808;23.13366549691798;9.408424031496104;3.960968062265657;14.338850433513912;28.244417938202485;28.753952304677785;19.294082745934205;62.996333121883325;64.4270451139404;27.474383300259426;55.60317318914259;68.6785108876738;33.8302803888964;41.895397446379384;68.99896097640385;29.28926452873881;11.285333803645946;9.062907178306048;6.730819961187815;0.9330049994423818;-0.18087551161573304;0.16159289631109575;-0.24788108386043198;-0.1535732874663543;0.3360280641992126;-0.0416023665605696;-0.13407937432306105;0.32198003359017896;0.01953843986137494;-0.08879811890660845;0.2638531750761926;0.045483802889813386;-0.15517340649252745;1.0200340278668123;-0.13018643779519531;-0.10711495052841935;0.4567629030202095;-0.00874844394904773;-0.15263897568282236;0.06898692262015083;-0.010189824517502687;-0.11435927638398945;-0.03437022111291241;-3.332029653797562e-05;-0.1883093935357968;0.981919414135552;0.019334850655617446;-0.13303423609479692;0.37623250365561883;0.00692909113217207;-0.14769655287122455;0.00799581845251222;-0.027903608555955476;-0.09601434565247076;-0.06096281391470037;-0.021580657882872202;-0.2267876793934166;0.8947789640102954;0.1475234162604842;-0.1365208806035714;0.23830604521209525;-0.005753888728475419;-0.12407473068023787;-0.03290874789717323;-0.05704170569778521;-0.07657733887843807;-0.09202754090310815;-0.03934962512906726;-0.2654476834119421;0.782064693223333;0.25598201262819315;-0.10462899894332622;0.1453593266260099;-0.021312923945500967;-0.0828195997378095;-0.0343649199082813;-0.04989400994773882;-0.05172664732489778;-0.08128787350021585;-0.030495059210985827;44.230788954446446;9.826511601837117;7.261675303588244;7.619095004646712;52.48802060366228;41.1688611134306;8.616475915019269;68.042521034245;34.87264613439188;18.62165316976467;75.86274331650878;33.42435001158051;29.30095449010009;75.18152649419005;33.98332226195456;51.367446694279074;8.58630027916648;8.64756895352191;9.254900620186566
0.9923486846167584;0.15579714688444893;0.48707426135328724;-0.032619526924957586;-0.030060515006982792;0.49249813558778927;0.004168812135926375;-0.08254684723163735;0.400008664521958;0.022380387180871562;-0.05069529016433754;0.2880559325530098;0.036528114012969744;-0.1768614784226034;1.0723961295899065;-0.07447259012784672;-0.019025831632040826;0.5115041071568431;0.04624805844903256;0.06084414736313263;0.12807412311891944;0.06920975647517408;0.034768646767679504;0.020353759793828665;0.049191922188018024;-0.33371227133992054;0.9419002545109402;-0.038210345580451534;-0.03472946501288907;0.5537625425845901;0.024242854205851885;0.11625616450861924;0.059212930181914196;0.061437733744886;0.07175968256119784;-0.06857991857996598;0.050074733557184885;-0.41518680847784495;0.7882732714347623;0.007138685511357419;-0.0389508323924868;0.5003153528695349;0.022182771938564133;0.10388902181518049;0.07210288825166274;0.053161517448937184;0.0682484167965736;-0.06361910826138009;0.03891637061625125;-0.4389752129444266;0.6547642712304986;0.053430670599571184;-0.028439728302790273;0.35635252773848836;0.026593138501465576;0.08318608247375389;0.10530264024211777;0.03705753935362005;0.06547019680899063;-0.03424699243050526;0.03107359567829489;21.616510735983066;8.582514740867943;4.319012412409523;11.606917466354611;33.585287508381434;35.898797968758885;16.593018589461696;67.81527216399864;62.680631842640565;23.406875540830494;61.190013859202416;70.75028496471774;29.203252888209587;43.593503459671666;74.45043191480643;27.043674781156735;10.275873593802729;8.679305000346636;6.9559343996667025;0.9413956616049052;-0.17613507164724396;0.1611452158408597;-0.24869520841620205;-0.15189757988633296;0.3362155296417062;-0.038894840265679013;-0.13350538470426246;0.328072109710794;0.02323584588559424;-0.08058081779588744;0.27192745317998807;0.05038268180147882;-0.151719242469578;1.0198817402001963;-0.13657375590894574;-0.10891400187811308;0.4645482257816378;-0.012516406016890764;-0.15345160237070118;0.06251373609956878;-0.008947290427322991;-0.1133510686061891;-0.04256230621691431;0.002445382508935702;-0.1936275424849061;0.9809840784451077;0.013364603565346573;-0.13718504065669657;0.3797693685799533;0.002024929087944947;-0.145313551326187;-0.007255295532837573;-0.027612550909255122;-0.08952651985369323;-0.07149720757256657;-0.019712083340071407;-0.23936079130301455;0.891332088667599;0.14171892024400345;-0.1436191967512378;0.22603704932555707;-0.015502480546228499;-0.11882723879496793;-0.06536485853583696;-0.061580256271389536;-0.0653954354721135;-0.11234597281077242;-0.03913206369088596;-0.281008992958389;0.7782273991168492;0.2513243630032156;-0.10745907791171216;0.13625972061921807;-0.0295038983021408;-0.07728336302881138;-0.05611931979361683;-0.05403120531034121;-0.041194751221425956;-0.09922035009772176;-0.03147258461633433;44.88856989420972;10.008732994813682;8.439403449423681;7.665267219492688;54.6138052633551;42.940254947653614;8.70855638194977;73.36009353143758;35.1765060333834;21.117869856663322;85.34058230629681;29.92677023003792;32.1859346221647;83.3043686862691;31.694181643267584;51.1256888095292;8.737563651887845;8.845816015638736;9.420918638490802
0.9927766694304836;0.15539625427891154;0.48821363583334576;-0.027113772575899416;-0.024369660287408612;0.496163383281621;0.005673650255541499;-0.0765843144501455;0.39620545230586734;0.021228038269190244;-0.053398519368171526;0.28347846676607075;0.03508579262356338;-0.17308302864404065;1.082154100943018;-0.05946124261889236;-0.039982862234242494;0.504532953539738;0.04056522853679013;0.053188006985828984;0.13231882051742438;0.06072716525481726;0.03648423865705972;0.022281118787018328;0.0454675754701382;-0.32980400943335125;0.9436607945035576;-0.02708542557539555;-0.048205563315769966;0.5389315487393419;0.02746054587219168;0.10857333408117935;0.07282693461881985;0.05996470420355699;0.07267277185820638;-0.05384636170295163;0.04946457658590435;-0.411602654711071;0.7856476367615773;0.01261387124221157;-0.04964182353481723;0.4824742942924295;0.026453743014936634;0.09645834479862889;0.08516246931332813;0.05397329505904542;0.06754757456229336;-0.044239313764915016;0.03961353523110992;-0.4359174820945792;0.6487791958070633;0.0529290460431077;-0.03409177132549324;0.3469777459712649;0.03102882203509189;0.07652140320442763;0.11286657318688688;0.04037229090716135;0.06403491913077422;-0.02016170699706187;0.03377891841559378;20.788919078124408;8.45840667573722;3.9329214469358647;8.934793573779805;31.50871840680388;37.73809507626019;14.833890160394148;62.76523376023013;62.11443750524357;21.883125473538247;56.17605112621653;67.08656159507301;28.223103488206398;40.58036323771525;68.08950017378493;26.70421944624563;10.286391731695977;8.712797100046792;6.950609828882387;0.9273827100140856;-0.1817022391367727;0.16519649037108375;-0.24801460978767903;-0.14968744953469026;0.33198815256749475;-0.04237460655265508;-0.13230545586133804;0.32237004798007374;0.018892717260916025;-0.08751695401359282;0.2755448919299657;0.04607095712528745;-0.1486283196054744;1.021980497928431;-0.1298643195956093;-0.10621117964821329;0.4598114036590394;-0.009137940839674525;-0.15542558922769242;0.06040026277134915;-0.01010278436379944;-0.11228571316976087;-0.04639469400313533;0.00034647183358611186;-0.18526988477100442;0.9824876583016157;0.019826020325480778;-0.1329894551066359;0.3836713519835075;0.00569544965656937;-0.14684600101254186;-0.0024317082468607617;-0.02986126310886893;-0.09012602607883136;-0.0689944257939417;-0.023295777733697138;-0.22707424920257727;0.8940667164940083;0.14826573109844032;-0.13570867950973034;0.24134143201246241;-0.008079301195691072;-0.12039510971827369;-0.044308492373442636;-0.058977843278842326;-0.06961370038330324;-0.10015511120291092;-0.04068378759633099;-0.26752659269040074;0.7810680538879351;0.25736307813920606;-0.1023825288215016;0.14978136088293312;-0.02299880294363353;-0.07775439257948522;-0.041219389074866705;-0.05057488270079657;-0.04475726689319962;-0.0874267687220284;-0.03130396192671581;43.67490628871158;9.934127049285564;7.561294631461876;7.678021833117162;55.754257422748985;43.81057562788628;8.443844441732;72.37768315553397;35.723218405508334;18.520696505566747;80.99505570086966;33.04404365936307;28.899117720646515;80.8559071627551;34.073939698939576;51.11780244124981;8.642852067633308;8.749504923895225;9.3519349942874
0.9932404154665372;0.15540936043563366;0.48935370372193776;-0.022436753815093087;-0.018519038629637496;0.5012218710530205;0.006726001101555055;-0.07075106861788051;0.39331921238958567;0.019886707139895977;-0.05636727222028505;0.27963165248141686;0.03344353577652681;-0.16979106386930462;1.0918541700907196;-0.046233114450797454;-0.0614029187471111;0.4996773745919036;0.034311637565143584;0.04527591474131886;0.13769800849212444;0.051863366149322784;0.03826925597880214;0.02484377905694825;0.04159818970714022;-0.3268502395438759;0.9449148333258145;-0.017460775210713018;-0.062252561525248454;0.5258871874206836;0.03050547348171266;0.10089781530828314;0.08757491041720125;0.05851797863068614;0.07407703587876557;-0.038649377210637464;0.04892883038748034;-0.4091215271766153;0.7825962891459284;0.016824847906823405;-0.06032673294295936;0.46566138790926354;0.030718456056415287;0.08906354697404328;0.0993147177265841;0.05478483419274984;0.06700263937350283;-0.02381968772346861;0.040315728554116685;-0.4339790835712683;0.6428360038344433;0.05133679042865768;-0.03939630114883081;0.33856949930963004;0.03535518553627085;0.06997755957022651;0.12098801949268942;0.04367611544029832;0.06269581369448263;-0.005363605193422262;0.03649900665989017;19.999096178097947;8.340619944074744;4.019741530036138;6.556125859839155;29.21156047044786;39.72173569188309;13.052050496464837;57.509740632603126;60.50751028315652;20.371138829065732;51.16126542036851;60.46863771606336;27.367819806944876;37.612905219777566;59.96000196747025;26.4335596235276;10.331532931516593;8.771342682820302;6.960503133966062;0.9125620403711604;-0.18761053524242888;0.1693834246341535;-0.24725007583744843;-0.1474427246629202;0.32756632106734396;-0.046067258379193954;-0.13106823729027198;0.31621039029971376;0.014263423887437897;-0.0949789539584217;0.2789612958465873;0.041427348676663825;-0.14553672795158618;1.0240296865979708;-0.12267582504826155;-0.1033366072025347;0.4545720231558478;-0.0055053446858111576;-0.15741907391169732;0.05844002817689081;-0.011341874808277341;-0.11120591187805866;-0.05005784909545001;-0.001914634077558972;-0.17640787132254565;0.9839543092893911;0.026724149496020973;-0.1284821738033202;0.38753257595439417;0.009669401374511884;-0.1484992096576401;0.0031100501635914187;-0.03219453684255356;-0.09096941973733104;-0.06601584623407666;-0.027068023393284197;-0.21388011444345773;0.8969087824177884;0.15523017512693527;-0.127251143632656;0.2575882844676504;-4.6144720784182235e-05;-0.12219176523963111;-0.021345655219705977;-0.056114072634068986;-0.07437317681592318;-0.08679597538780127;-0.042291959152798195;-0.25298221982828845;0.7840480352283059;0.2637467887224797;-0.0970153565493486;0.16408073626733105;-0.01596989829374064;-0.07843202967158117;-0.025012965657933806;-0.04684321949315446;-0.04881793352433864;-0.07456645026067753;-0.03109027800252259;42.4173650722834;9.844641183074506;6.722507019534843;7.694465496473463;56.85917221373331;44.6539955529209;8.177367408236892;71.22806512130155;36.22189188164503;15.993118147462832;75.10684148001452;36.64129635782825;25.796592310387723;76.42364484109447;36.89295545074681;51.13550738217197;8.550077855799621;8.65063565066733;9.273679392044885
0.9937041615025908;0.15540649230770637;0.49044122842692744;-0.01776698117271248;-0.012678461112323982;0.506218598017732;0.0077755132951432444;-0.06492247159638745;0.3903985040077265;0.018546073741940977;-0.05932417993599354;0.27576399701004634;0.03180119987281107;-0.16648839657028064;1.1014223938078036;-0.03302724825636928;-0.08277294362611795;0.4947804336589952;0.028067292849413037;0.037375329597750306;0.1430520843853509;0.043012341148033074;0.04004670200219065;0.027398658082759757;0.03773243494267189;-0.32386895985390285;0.9460693483044597;-0.00785398255194534;-0.0762644935803791;0.512815492594189;0.03354105427926885;0.09322761294191696;0.1022837904767195;0.057068201763411874;0.0754708314777034;-0.023479452478648043;0.04838915706259753;-0.4066034825339862;0.7794708639868639;0.02102550103510963;-0.07098363778144498;0.4488350219397395;0.03497131014449991;0.08167470683090282;0.11342788192921416;0.05558909469195835;0.06645194115159225;-0.0034393056347959946;0.04101235124604109;-0.43200010912720316;0.6368389799193515;0.049742517537277854;-0.04468595866467523;0.33014367599552524;0.03966908841605245;0.06343989486157303;0.12908046990190786;0.046968713081423634;0.06135300853517454;0.009404835538183763;0.03920979624285626;19.227264693963015;8.2035186789254;4.6145641722138935;4.982771178537396;27.06847899123305;41.95117120401841;11.228007656986078;52.583157604921766;57.78512882488311;18.7816462201666;46.65409657576267;51.51342556389855;26.50768014433935;34.88035582353253;51.28320721135683;26.1652686246624;10.375392716957826;8.839447787381928;6.9946666339446715;0.8977413707282352;-0.19348484469631425;0.17354161275152333;-0.2464551990859928;-0.1451829278460248;0.32311005005422916;-0.04974777696695842;-0.1298163395270826;0.3100206822933798;0.00964012726348524;-0.102416193905738;0.2823362355033216;0.036786285659255125;-0.14243173908957682;1.0259443928290768;-0.11548378040596916;-0.10045367019187973;0.4492833346540008;-0.0018781818115268356;-0.15938904930669906;0.05647562846531646;-0.012577420532161229;-0.11011370671823016;-0.05370841020831507;-0.004171674636532683;-0.16753826059049462;0.9852925895681558;0.03360720429296872;-0.12396606930823996;0.3913376928741052;0.013635401513426864;-0.15013062520448284;0.00864204725619695;-0.03451974910780846;-0.09179974925223085;-0.06303385286838566;-0.030830432200588676;-0.20068090757916043;0.8996312908140208;0.16216299095267778;-0.11879161645132763;0.27377472881483655;0.007973444770940512;-0.12396975121597985;0.0015811148187432442;-0.053247961089937804;-0.07911509587588406;-0.07344830611352793;-0.04389200245848315;-0.2384300532913061;0.7869226660562997;0.27008596808967417;-0.0916448400056997;0.1783349578981524;-0.008950826460381272;-0.07909848678786953;-0.008830724447809976;-0.04311186794960754;-0.05286549317903024;-0.06171832024842869;-0.0308729772555704;41.18461226313464;9.748847207022399;6.0175096598189945;7.716484272103052;57.965041197531164;45.496352401158504;7.922291433904589;70.14616522966065;36.658788863626164;13.723917929019223;68.54395530549913;40.09335959226135;23.106367125480837;70.51419094413238;39.66098932449569;51.16945860196477;8.469191259050731;8.560631644978228;9.194835257318292
0.9935642423525602;0.18528617417974136;0.5050196738265906;-0.047310651416616244;0.007220800939586519;0.5573416564248944;-0.02193811048579729;-0.06624078495296544;0.444390429445863;-0.0027428396303335496;-0.07318730293672246;0.3129387294347942;0.010698519635388384;-0.12414574179650215;1.1083194894662332;-0.13315482444326668;-0.12099933055067436;0.6122277631845864;-0.008455321518057321;0.03146435899538546;0.17547579421601522;0.031531568738503817;0.03698217314078744;0.035371186037382374;0.03474712229052577;-0.310933855405107;0.9448602761433961;-0.10275794922603934;-0.10634510789434232;0.6354798363773435;0.004104775153998313;0.10154576623136957;0.11011436358913004;0.05923767060109148;0.08162574429735438;-0.04702824272188991;0.052316522552777474;-0.4230839773910398;0.7849572170443666;-0.067082055017032;-0.08557397350815707;0.5704700481438627;0.013134808891197149;0.09679690461285995;0.10116581306048633;0.06582664486591173;0.07264008615193446;-0.038220456567973946;0.050142658485618156;-0.4762018197545047;0.6540207266331443;-0.03261810467929026;-0.03939653157153468;0.43091468370378144;0.021841139933998215;0.07959780180373101;0.11161133127428727;0.05097689999023811;0.06440464147049477;-0.024529202063534917;0.044314129158146524;19.561255633522002;9.412164769697894;5.1995262621931895;7.693980115791751;23.833409815325066;40.88738007485337;10.720312867996501;55.07403333243399;69.03835302455435;20.557626104110277;55.71063476165716;64.2489657619381;31.259362556137457;43.35966302759697;67.18003716440043;26.453785019242638;11.78631465806298;10.194147297846394;7.974546738780364;0.901933624416758;-0.19113398284564645;0.16949926993121398;-0.24195659877802267;-0.14439949505902153;0.3205453215033359;-0.05019445025509089;-0.1268082715191064;0.3130948046338126;0.007619412015929646;-0.09648638117901295;0.28789246901011967;0.03520865290154512;-0.1402424875070227;1.0229822323876714;-0.11330357412219444;-0.09988415141580469;0.4547582235838587;-0.002680228740792784;-0.15628264876387005;0.035553463673888966;-0.010997092553634173;-0.09821663599171558;-0.08155890698517868;-0.0017542190020778832;-0.16693605533449218;0.9854181009576225;0.03291686094439027;-0.12153987360869804;0.40084467366188825;0.013656446307401154;-0.14494592140506;-0.015330894460823745;-0.03390461111180438;-0.07901068642228429;-0.08126187627423107;-0.030205633137013625;-0.20135930783262718;0.9023358825024386;0.15919712802655497;-0.11887851079515013;0.279653647547492;0.008032746349590164;-0.11851486021115706;-0.01573058843319766;-0.05048290926982884;-0.06669163789612462;-0.08644662484994886;-0.04217918974790739;-0.2387744490318705;0.79038141467671;0.2655407959947897;-0.0936466361793501;0.18850512809085812;-0.007502663807389769;-0.07741781352939171;-0.019258439306634012;-0.03964753126398679;-0.04322269458107698;-0.0725176585892348;-0.028839407229445644;41.160279608516745;9.670048109526077;6.375805494135949;7.489738362433544;64.83451568047396;52.56179569909713;7.248943251705393;79.89044602812298;38.578120026522186;13.270904120232554;76.38787562147346;41.40512718288168;22.009338219030298;77.9501069621806;42.214643033589546;51.482119077507306;8.346191448541383;8.416530445551077;9.043008544338813
0.9933893002521966;0.22044405919027818;0.5166333293360196;-0.08418600747858508;0.03176383392059257;0.6139831263049162;-0.059112232629836656;-0.06742835526432259;0.5066765222036609;-0.029403764572935875;-0.08946386440185934;0.3558603598271364;-0.015884426629783132;-0.06945401047478252;1.1017305885949829;-0.2583082189481472;-0.1660347223870327;0.752288668951443;-0.05387269931411238;0.024155958893624922;0.21359510172789886;0.01727888143462493;0.0325158727008144;0.044761314541877616;0.030798928975641612;-0.29076374309687286;0.9308052073054506;-0.2214906583884588;-0.14183036424729323;0.7823626859683749;-0.033200500982364316;0.11120336154138989;0.1175029565850521;0.06128680752241716;0.08819898376203478;-0.07708723498094415;0.05660625297691362;-0.43841962496424136;0.7817301695564575;-0.1773599296909995;-0.10207164620532769;0.7171733042873983;-0.014810005339117065;0.11505975476503275;0.0834292937909384;0.07778626117715659;0.0795076087440077;-0.08288922490997293;0.060923092272387985;-0.525683919921191;0.6674346723414086;-0.135719010567667;-0.0318565639890448;0.5526235721482916;-0.001178367393721336;0.09933199466475416;0.08759965791119072;0.05512184829539569;0.06748839554523932;-0.06792563527667815;0.04996636500346032;20.220219316994115;10.737878069556007;6.573630173877922;12.660544382115877;20.74495494508065;37.187337575200324;12.541063426094082;57.42577870583868;79.19525761863028;23.29817118424178;66.43211552585447;70.67251068728235;35.90730706165152;55.32181774983506;76.91502811806114;26.629324882075448;13.392776662648435;11.784996128906617;9.050346290825429;0.9072289542555608;-0.18831012083689644;0.16498721710684078;-0.23724932994399553;-0.143702804677534;0.3180938603201639;-0.05045353369939197;-0.12370228620190922;0.3167025711756138;0.005751681764759687;-0.08978970570605639;0.29356943529517115;0.03381025469217311;-0.13810910775047225;1.0197438099258331;-0.11141629169463003;-0.09944947344756376;0.46085122943899454;-0.0037377900397142115;-0.15288630553264126;0.013557640491833781;-0.00925557036311972;-0.08570781529846021;-0.11077898647490655;0.0009311049681325641;-0.16681359684083483;0.9854758682208666;0.03178894561561299;-0.11923774505942261;0.41067201424068256;0.013449119944685832;-0.1393728870038448;-0.04098476712602377;-0.03312003716426187;-0.06544789572507134;-0.10069731544644953;-0.029327637067112014;-0.20284088036868453;0.9050387541912603;0.15566199525969476;-0.11946039504550156;0.2849299015495121;0.0076311607135908415;-0.11264774832322483;-0.035352179908458306;-0.04772698183006857;-0.053288718244811795;-0.10095564652458974;-0.04027664427012343;-0.23998148529835286;0.7938721437597618;0.260371366046447;-0.09607320868344207;0.1984278114986514;-0.006378679600292601;-0.07560337258208963;-0.031214880326819273;-0.03620269197995581;-0.032798391919026136;-0.08467393616583654;-0.026703074569706227;41.21051004644553;9.660997062111186;6.848851025721612;7.254340573840844;72.75914276134775;57.43369400288749;6.579772451549939;90.59159943614708;39.46912565147948;12.922618267841836;85.59939410203614;41.78845226679186;21.053843888805243;86.22029715425977;44.00538727024736;51.81938541727552;8.221637300621907;8.271831372740262;8.887801129595136
0.993214358151833;0.2576833532149546;0.5205634910092217;-0.12601760854516017;0.06006330764240021;0.6690958426115509;-0.10176855181590343;-0.0675548733143774;0.5704595635712378;-0.06024149899611338;-0.10694153378483327;0.3996870347788508;-0.04688533996588078;-0.0037463364906178834;1.0731919940094754;-0.40079999899772367;-0.21593069255597794;0.9030162835022306;-0.10633399873158823;0.01509494560723529;0.2544505526451735;0.00017091777299029707;0.026643654261454378;0.054973603385403094;0.025569148409942937;-0.26152985350261126;0.8966993767221721;-0.35711673653438647;-0.18093790595983208;0.9405556646248447;-0.07649998592428764;0.12047738106086715;0.12398648237605019;0.06254363040827282;0.09427517781036471;-0.11102669266207757;0.06058958150552273;-0.4482075407873315;0.7631857590976172;-0.3038631021680169;-0.11957186380545873;0.8763843929151286;-0.04743473736609535;0.1343934326941105;0.06097153425600543;0.09040113198771965;0.08609424433025369;-0.13392176433932831;0.07246758172278708;-0.5740321840224194;0.6706402621441925;-0.2545569591987205;-0.022377642207183086;0.6855083084390228;-0.02826083169049732;0.12069477930734113;0.05767445729503896;0.05896269901043413;0.06984647329532645;-0.11774228023035291;0.05567923633804102;21.161284162631446;12.074782665792094;8.191107147674876;18.958129969695644;18.045765068813285;31.49021431172802;17.16870471236911;59.35800198076641;87.26929421665311;27.256528158821457;77.53934629889004;70.79935941841511;40.47142525665019;69.4842169388627;76.83020263979664;26.716998538539908;15.023236320356705;13.457245524808247;10.07928291119317;0.912524284094364;-0.18548946912411018;0.16048046885276973;-0.23254751129494197;-0.1430067810600861;0.3156449868986294;-0.05071223535789025;-0.12059993937141526;0.32030551836712007;0.0038862278665601356;-0.08310110291120719;0.29923908192078325;0.0324135228173674;-0.13597815867154273;1.0165080336429058;-0.10953117341447133;-0.09901519887377466;0.46693619143770976;-0.004794053393576813;-0.1494939182287723;-0.008411304821975012;-0.0075161656914456846;-0.0732141793261198;-0.13996319449125771;0.003613144266388061;-0.1666910732003437;0.9855322953986435;0.030662368492967867;-0.11693827783423037;0.4204868094543456;0.013242029765095012;-0.13380648748061297;-0.06660721879362012;-0.032336379888459076;-0.05190160458573297;-0.12010886027429263;-0.028450676785811552;-0.20432038002444328;0.9077371551162914;0.15213098454918622;-0.12004141391436109;0.29019933699104344;0.007230056285173734;-0.10678766532197707;-0.05494973359712103;-0.04497436271305614;-0.03990211833245671;-0.1154467972856107;-0.038376373241854174;-0.24118673652996317;0.7973575819289426;0.2552079216044323;-0.09849669034496464;0.20833810636564565;-0.005256061525050932;-0.07379105284824623;-0.043156661431674646;-0.032762018228877185;-0.022386793294973565;-0.09681524061368016;-0.02456931970705067;41.266518981790334;9.720081733644733;7.361871893684869;7.024903525738714;81.23032020177982;59.294114318380075;5.938584843322566;101.04143914512592;39.21572779172956;12.581275332439725;94.91660298895076;41.32357528124381;20.153383626411756;94.21441990624304;44.92383927518593;52.166310016622305;8.098474184719217;8.13007579974338;8.733483737727923
0.9928332983928184;0.27889072415215915;0.482408142472215;-0.1211118351079171;0.0939095429874955;0.6716208160450126;-0.10430991983682845;-0.04466097558856441;0.5938417569889339;-0.06332651966022423;-0.09895540640399823;0.4211157315569133;-0.04925330282887742;0.06946474910876967;1.0509893558035526;-0.418699144683796;-0.18749699927478333;0.943507828255551;-0.11107523449164221;0.012651439217388493;0.23985054930652394;0.003271001858146194;0.017103166959127336;0.03154420754016839;0.02863072536193404;-0.19692741213276768;0.903159134992288;-0.3814749942403476;-0.1512225880723307;0.9830446460923173;-0.0836845268158049;0.11092974542845713;0.09681464912034385;0.06578959243287509;0.08119212054514853;-0.137671966206557;0.06325223358474873;-0.3981157997773287;0.7959097562158092;-0.3328573992996867;-0.09036890569714852;0.9099156667590474;-0.050520686589839936;0.1255341109503131;0.030733387851054172;0.09726075767548731;0.07470332646986823;-0.16189893897896307;0.0766617520240015;-0.5410351683217244;0.7247293578771805;-0.2877314645152026;-0.0016640178889805078;0.7105029764262611;-0.02858472882720245;0.11490876979396679;0.0327427877506921;0.06415490979756423;0.05990629158737718;-0.14013701025577877;0.058708897380549026;21.978592113621453;12.447573481127005;8.879226156557193;20.93829563718574;16.024461242685945;44.417343195499;17.948202222335293;63.07321916313521;90.33216421957766;26.749730984467753;85.46713087804855;67.80655927291183;39.05701270755469;77.27683643562884;74.11672881143714;26.76422616238344;14.916959266132702;13.41603386275667;10.02349220330737;0.9227675904306778;-0.20451276171933908;0.12506683843530586;-0.2072591022494447;-0.1525619230884473;0.31736627837506676;-0.046108890919299025;-0.12264569947866678;0.32064005138134605;0.0040092263744051036;-0.08603786693283247;0.2781259713124407;0.032195873076077214;-0.16874026263478484;0.982524989643559;-0.12749748586932058;-0.13761012787386442;0.450659774506186;-0.010154376559384398;-0.14609471557968784;-0.05216097503017551;0.0003889354736365742;-0.058525662906656124;-0.15874848637500483;0.010932801960497517;-0.17599198851101613;0.9843871069365221;-0.002973832053510147;-0.1570436994134153;0.40441492380666394;0.005029875779258621;-0.13267312812657814;-0.10143000706101851;-0.019959457426372427;-0.041513820470567446;-0.14397197721706534;-0.01700755028994848;-0.20210785278988383;0.9305971990165156;0.10698071016324195;-0.1528524869256366;0.296957606117496;2.6208714447741643e-05;-0.1101319370389675;-0.08603855416810027;-0.03331474934259736;-0.03461304941764066;-0.13784439414776378;-0.027326586132125578;-0.2340414353848921;0.8378037858334783;0.20134868774659095;-0.12238413827025492;0.22579507938623777;-0.011578535036137835;-0.08488087905719767;-0.05647032034096034;-0.027647657047980584;-0.02636382041587378;-0.11297842780036528;-0.018480049923123534;44.36996342486798;9.404983188874011;6.765425930928973;9.415713150039222;92.67064365160708;50.20194197913982;11.117084781731876;106.13947544377527;36.26458797264004;16.265685731368247;100.46629721333855;37.10902770288468;20.162172531952347;94.31341486272386;42.639213143189515;54.749874110814844;7.12845735131412;6.910929552585373;7.401383543246663
0.9924256080943092;0.2982733461416919;0.43314276190271506;-0.10823069340902244;0.13087220910532713;0.6638763427029489;-0.1005237469733466;-0.01631826482924545;0.6107043055457365;-0.06216755817256169;-0.08609774254335309;0.439252189664231;-0.047237534280709495;0.14920572131145976;1.0242933879950418;-0.4173761322621404;-0.1441985742802217;0.9668384266279256;-0.10846792634933503;0.010989372779918823;0.21476884625903755;0.009695752560399775;0.006205748827086258;0.0010434106639518642;0.03309641175497028;-0.12123240294717799;0.9131051672813367;-0.3892835187363771;-0.10813118571052108;1.0075465864303301;-0.08558544002459871;0.09736601255698067;0.062048247058317324;0.06935479429063889;0.06387576206125266;-0.164755020220664;0.06569093702243216;-0.33356985805682493;0.8361633346283828;-0.3479415375730482;-0.051437956504614545;0.9235034052417015;-0.04913469517161058;0.11122268545431549;-0.0031319296523430163;0.10341761308952259;0.05941355139629966;-0.18791334389520425;0.0797773676607083;-0.49109620197640397;0.7881859307193552;-0.3092945032107821;0.022370235277904747;0.718338201019895;-0.02472902154282984;0.10410498693802316;0.006543026220828185;0.06972404225328215;0.04710236259703896;-0.15954821870724875;0.061350180827305936;23.252208220495937;12.856770046515242;9.510680971301072;22.50859913288894;14.466345296904777;85.14980094274529;18.1354471768785;70.35267009259975;88.75304593679085;25.561736059031336;95.58557800289415;61.42754670341828;36.90438300455221;86.62937489249973;68.54451723094142;27.126262054039014;14.674650747123952;13.264981471114815;9.950811023257113;0.9336501786431672;-0.22642644557136618;0.08479825834111814;-0.17852245699496866;-0.1633997634231819;0.3191906957077412;-0.04071895971874137;-0.12521949599911272;0.32007210543964704;0.00438948026603863;-0.09016065341203112;0.25271689832438465;0.032081219578284574;-0.20639623576993776;0.9424515766820142;-0.1481893975510204;-0.18178896371118305;0.43049348725751924;-0.016156980874399526;-0.14241787282909973;-0.09944578845344898;0.009239167814152897;-0.04320874043040676;-0.17625422970638677;0.018971094488752147;-0.1864275254396317;0.9815937946340877;-0.04145358964321179;-0.20317328862184478;0.38406282275831155;-0.004382338393369524;-0.13190421957165094;-0.1379086464946787;-0.005817298959743433;-0.03130006503451826;-0.16861519505494504;-0.003954546164176227;-0.19907047186850135;0.9551079960908997;0.055428197344673934;-0.190232295393618;0.30358403896733027;-0.008194982848546535;-0.11457795931404514;-0.11904282296855542;-0.02023505801045721;-0.03024465358494622;-0.1614597328261881;-0.014844311306683153;-0.2253269295089677;0.8825480668134548;0.13986707885353802;-0.14931846742476343;0.2442061453568092;-0.01897020534729301;-0.0977290549714785;-0.07010885266348;-0.022184199805069492;-0.0322594420076548;-0.12977910352087563;-0.011738950071045957;48.8775080799749;9.210476719305902;6.326800429666756;12.473736380126137;102.11498046305464;41.265845090388396;17.213305472313404;108.36717039064827;33.19942956911005;20.7969059190835;103.74889360916495;33.151652380743634;21.170659511838487;93.44360499004758;40.35432108667082;58.54048156731338;6.552476424180943;5.71898378079004;6.035962710970363
0.9920179177958;0.31737493821722723;0.37661505074681045;-0.09348432911409181;0.17023131681202858;0.6510009152595827;-0.0957292429032792;0.014643230886327296;0.6249706884943176;-0.06048971279774386;-0.0715251346704581;0.45605330118200854;-0.04472698825546527;0.23500805171409817;0.9883751503227154;-0.41314127293672187;-0.09610088330725454;0.9857609183268923;-0.10490347266044492;0.009106560060171574;0.1860282910150507;0.016624441697120153;-0.005698101264288454;-0.03216497363315025;0.03773588890993882;-0.038023449130976675;0.9178177889602868;-0.395176825717595;-0.06050035083842685;1.027471555658697;-0.08708159313503178;0.08194936782793899;0.02378809077056777;0.0727712740797107;0.04459847387012442;-0.19313287985122382;0.06790570878024905;-0.2610753438893909;0.8743821865506652;-0.3620314769277957;-0.008715561190730695;0.9321105515205264;-0.047296984807420214;0.09489936315679884;-0.03997477826439644;0.10942713566885336;0.042372162790161746;-0.21497286853062947;0.08263466556859644;-0.43344721455489665;0.8519834675022899;-0.3306957739403565;0.04838274009762336;0.7220572581443229;-0.02036633949863369;0.09164754022275183;-0.02202032537901365;0.07531941217353412;0.032849356169888856;-0.1796098165726916;0.06381453465573309;25.25455067291957;13.464054279924929;10.207724169296126;24.36051604108809;13.93159586185824;125.41367836854094;18.466021608271664;83.48357468016681;80.19359300960446;24.404348995034553;107.96792629202233;52.012839767359736;34.850372345351516;98.55892673468912;59.70536174949079;27.99809994375451;14.565129864138173;13.267183408543321;10.022834264082109;0.9445047668196528;-0.2480054534077067;0.043078445701125;-0.15023946212456366;-0.17482985045088523;0.3187247346346515;-0.0358367140213525;-0.12853004790766925;0.3185675974306781;0.004292947237145688;-0.0947438711309481;0.22717494022310827;0.03141859173836035;-0.24551345669774322;0.8997502490733177;-0.1692398096459523;-0.22656610756560444;0.40696794826742505;-0.02252675197791453;-0.1374301062770264;-0.14711158739648916;0.017576165197870256;-0.027123988281600064;-0.19311733469592104;0.02654428638465067;-0.1988516105145495;0.9767315370286803;-0.08033393784299145;-0.24965991512302677;0.36057567846090016;-0.014002433137048163;-0.1297898867119832;-0.17473911665320838;0.008176290383121888;-0.020171470252074258;-0.19243347067923333;0.008914493246177638;-0.1981031509853763;0.9778790661820479;0.003365496348204696;-0.22806290398098522;0.3073627568709149;-0.016504015199820594;-0.11778022316332172;-0.15241330458859587;-0.006899313770747231;-0.025028488240238258;-0.18423185022254196;-0.002262563179215818;-0.21847336388003394;0.9257409345712542;0.0777091325614877;-0.1767849753085863;0.2602798033075697;-0.026167352702939285;-0.10950330654998924;-0.08434742284855726;-0.016336014048711326;-0.03729022191378764;-0.1459030658351966;-0.004806966959474714;54.30926142453;9.27501466839905;6.5917885892218555;15.66355377424352;108.00490517732243;34.93856954165597;23.3177542577523;108.74685958106657;30.59594817033952;25.25655121229251;105.61181779404048;29.980349018269372;22.910683040894757;92.82774638948665;38.251418995086574;63.248138793863355;6.788545845660041;4.801342214491929;4.834760887601221
0.9916102274972908;0.3354669377103415;0.31280200750390963;-0.07687462967573873;0.2112867138441171;0.6320532761173717;-0.08981882534390055;0.04787025380576537;0.6354543362895593;-0.058210640196150916;-0.05527398890795722;0.4705852937560565;-0.041674273527455334;0.3255707932788826;0.9419795448720786;-0.4053553938187066;-0.04355588406579732;0.9984417771130953;-0.10024602738562437;0.007007927781897116;0.15362622288743222;0.023955911931016594;-0.018472452444611345;-0.06767479482299377;0.04243736431522891;0.051878208603589916;0.9157269888574369;-0.3984378663608345;-0.00873603570728484;1.0409063008096984;-0.08801287781066215;0.06470792357172446;-0.017598647158395375;0.0758822156801925;0.02349124708028882;-0.2221841579183769;0.06976056004426255;-0.18097026197832664;0.9087121820311691;-0.3743779578072641;0.03735872973205608;0.9341020405532242;-0.044948758485166794;0.0765804455028058;-0.07933745304988182;0.11504425149594154;0.023690079112764016;-0.24243396715249357;0.08506643763300076;-0.3679830039191099;0.9140331227851616;-0.3511602171182604;0.0760169549827203;0.7204248797786577;-0.01550931488876645;0.0775170360048732;-0.05260727616497975;0.08075682996677845;0.017244330448996533;-0.1998111828883201;0.06597009300604709;28.249948621051235;14.297368731542116;10.964824363013882;26.519851765378995;15.446200807334446;138.17761143268987;18.990272582272212;103.98313378331497;63.100096983028784;23.32017882178328;120.82262697929613;41.41465489081429;32.9583319100432;111.7841735359527;48.87186408152885;29.61204203111271;14.64145723609877;13.453594152475123;10.249203917736743;0.9545636314243784;-0.2603691539075618;-0.020128612860356734;-0.15479983029294084;-0.2058465400164785;0.2648103270699268;-0.049662810501317094;-0.1574510902545007;0.3038649246387295;-0.009583758121759777;-0.11478514371581788;0.2192646792530179;0.016306189066495884;-0.31995745399148257;0.8380768346494544;-0.1983175424521899;-0.2778862867152286;0.3130355982164239;-0.037699379896556764;-0.10211147631249338;-0.1902007181936693;0.007726845079816574;0.0029159201159631924;-0.1915524656303565;0.0180823949166314;-0.2724540431584656;0.9550990449739463;-0.11642426145980342;-0.29579716289445535;0.27126757997248396;-0.025876553426297334;-0.09467441611019115;-0.2123326350139319;0.011677777849064952;0.011822712817220244;-0.18921922262432328;0.010803518176243235;-0.2668749978733021;0.9808121893153342;-0.039446935573676276;-0.2713816993562747;0.23886756337610404;-0.024253967408278423;-0.08799415208684537;-0.18761608428482976;0.007492294192601047;0.001611443813847579;-0.17956786486881923;0.0073218475828221805;-0.27881023357483115;0.9429473554861038;0.02777128730292178;-0.2147347163707347;0.21136901195333901;-0.025437156155437603;-0.08895779794407123;-0.11323246481556078;-0.0025894304412083812;-0.016177388196056682;-0.14092102654269714;0.004319457679277435;57.07124979921997;12.453669509980454;5.3789544746452265;21.709781530855132;110.27202238347014;29.226605096973707;31.561757260444622;108.6233365236753;27.56859970353988;33.414487874838706;106.3228755325348;25.623359431088478;29.66199546137222;96.2825406790129;31.72299426188139;69.61810496395276;7.579273863346839;4.517585023338588;4.038543525169986
0.991202534067688;0.35170648763078566;0.2422566023894061;-0.058552875509343814;0.25301534558673167;0.6063254791526881;-0.08274528870453797;0.08273398910004416;0.6409534066421;-0.05527400223409468;-0.037524575569709846;0.48184582735941534;-0.03806263831958146;0.4188644872723753;0.8843527903897739;-0.393492018700664;0.012634923581102726;1.0030555528359733;-0.09441072619059025;0.004716965909336325;0.11785183860239433;0.03152975221684524;-0.03187544198634648;-0.10478732176505857;0.047054175660703204;0.1468967903245079;0.9053862381925787;-0.39836803672464594;0.04631689233902016;1.0459441733989732;-0.08822147564569859;0.04582312376071392;-0.0613967117628749;0.07851325238993567;0.000866345634323882;-0.2510673740250579;0.07111187020774375;-0.09429118232110917;0.9371137574316946;-0.3841705266045096;0.08595991141604374;0.9279338780155363;-0.04205627725086908;0.05644605222857239;-0.12043842223153733;0.11998965925697529;0.003638998871000938;-0.2694487925902583;0.08689473172919068;-0.29519468300262264;0.9718267347227798;-0.3697802219571998;0.10469134605429693;0.712302838737367;-0.010213460240857114;0.06182257480243992;-0.08462515942549155;0.08581543755296842;0.0005183482341774877;-0.2194938854795125;0.06767437644440591;32.508505595365904;15.380519413110834;11.77457903440459;28.99260161608626;20.402573114034297;139.19367660832913;19.74071935200955;126.78745424710931;42.698305129051676;22.345405509121044;132.06329880582982;31.847797495624462;31.284884968479716;124.10249724126504;38.306082256216584;32.22627763911482;14.954477745483075;13.842583428086664;10.627112446006006;0.9646225732819752;-0.2711331625532183;-0.08498807415655803;-0.15832950747829677;-0.23620457071227371;0.2073719636327402;-0.06351096740571745;-0.18601658765588208;0.28646417453258266;-0.023784509636535216;-0.1345374655346171;0.20948452728278844;0.0006403433130185084;-0.39412611748758464;0.7683593260908019;-0.22673775448162348;-0.32858687347576915;0.2140759242590399;-0.05302219621127352;-0.06501947511645176;-0.233092949059119;-0.0024614245374009838;0.03379102247010001;-0.18850655033490646;0.009243484832433892;-0.34611334662844745;0.9256873368956345;-0.1526712336909751;-0.34103263686224194;0.1773772976325471;-0.03789540951101773;-0.05784713903122008;-0.24940649859219893;0.015191596752460046;0.04464105707291236;-0.18449436675044295;0.012665425690988538;-0.3356077313207364;0.9764741548255649;-0.08318503443214392;-0.31390139337223905;0.16662695163812527;-0.03204315733382778;-0.056698419505376435;-0.2224163423857693;0.02223832215858222;0.028999348026451818;-0.17342428256038314;0.01712480377429305;-0.3387778349575689;0.9535737839748267;-0.02379956895203923;-0.2521569533843052;0.15947776317340145;-0.024495380329152768;-0.06715904144123451;-0.1420925180690497;0.011568770260699286;0.005659119264407582;-0.13474011803783603;0.013673875181026226;57.21905330162361;17.253420025819597;4.140723497725368;29.990893584838535;107.25290765619171;25.956892711879977;41.785579698918085;104.66861557942025;26.609858356355772;42.91146615981158;104.0493087656834;23.681137271525103;38.21610325617294;97.31832112958394;27.639245511577318;74.53082976981804;8.807359250338115;4.4446123834044275;3.3117998538598274
0.9907948437691788;0.36523561096225604;0.1662222076106816;-0.03884811477330122;0.29412564628297927;0.5735441765253976;-0.07455128391305592;0.1183358771667219;0.6404451174758415;-0.05166814936158583;-0.018622603537533526;0.48890606555001953;-0.033919732864967314;0.512207545037563;0.8155473508695446;-0.3772652714517979;0.0711926826944077;0.9980912439873896;-0.0873960609308686;0.002278473363111406;0.07934268125823447;0.03913173635258636;-0.04556153111275318;-0.14252257927185477;0.05141668002060856;0.24469360984049907;0.8857572160120324;-0.39440992835606886;0.10335785323235996;1.041004473859094;-0.08757891574037473;0.02565451529453617;-0.10653696398113821;0.08049516711441292;-0.022769660220483497;-0.27878199403612963;0.07182952929231205;-0.0028511957785684614;0.9576345528182284;-0.39065034786376773;0.13587657901669578;0.9124424567171048;-0.038625447151223534;0.03486886998907572;-0.16218623427086284;0.12398400067131683;-0.017336164174520562;-0.2950329521118222;0.08795658666469733;-0.21630168247116405;1.0227035701469775;-0.3856190248776382;0.13361545555023494;0.696873945749613;-0.0045833028211120785;0.04482965074738194;-0.11723663330625836;0.09026128806919312;-0.016953925339590552;-0.23790818630318947;0.06879417634343274;38.1708648635459;16.728548431933085;12.627787850986984;31.750488610074093;31.323758961962223;132.17084363292395;20.71582351310332;143.88107585025153;27.28151007648366;21.500609056000805;140.72903393004083;24.41378246542721;29.87281991947395;133.94032710909286;29.68372522337141;36.01363168243682;15.538789383205609;14.433342589214897;11.140768186592384;0.9746814378867008;-0.2799372407617613;-0.15005201810006197;-0.16067797061948108;-0.26513456857903267;0.1475600031372106;-0.07705086922147518;-0.21351950689664526;0.2666094811790148;-0.03798987457360275;-0.1535091822249761;0.1979490790629847;-0.015239099890607294;-0.4662251408744682;0.6917529063366732;-0.25377756435641563;-0.3774136959213033;0.11213768763906042;-0.06813776150811729;-0.02692912067318519;-0.27474820944201217;-0.012766282364737853;0.06481517487248242;-0.18395775598689543;0.0002151573364615587;-0.4180686794058413;0.8887030389774325;-0.188216598131334;-0.3842250184258315;0.08086064912986854;-0.04978035813186581;-0.020080672635494685;-0.28503935528027363;0.018634364141456205;0.0775501627898591;-0.1782753965069357;0.014453878786953507;-0.4026523803701874;0.9645034772814288;-0.12686031881140958;-0.3545522946471902;0.09213168787032726;-0.03968750925568503;-0.024546075053096156;-0.25595468745679445;0.03700821962011614;0.056527032279528946;-0.16585356671576104;0.02692546750320006;-0.3969160305347012;0.9569445054546107;-0.07587259858252107;-0.2881214866794118;0.10565832412437139;-0.023351042666653776;-0.044549002235275546;-0.17023465116869854;0.025825779723133147;0.027742534767528252;-0.1274316662788871;0.023046796931016873;54.65753962960614;23.21653089955443;3.00110429582098;38.9841983009837;100.31684351715398;25.1449115314308;52.33107922809323;98.24898022904958;27.47562652717568;52.40830964555991;99.83331543713719;24.035846946431953;47.19475682500001;96.0343011107946;26.646483483012783;77.44028715045319;10.465207072744644;4.658098585890265;2.73500729879013
0.9910655966607818;0.3673020596509657;0.155590133952038;-0.013955216734749748;0.2817910932884497;0.5305855290852708;-0.05847008666352403;0.10623392871854738;0.5805804847105042;-0.044987689638615484;-0.020160587562184463;0.4430306734732364;-0.028349164535968346;0.5407444882994943;0.7935488659537744;-0.3077685015357338;0.09712079370203298;0.9424882845760618;-0.08201949350791152;0.004126122532717615;0.029785324074983428;0.032947368440380355;-0.04663531212321605;-0.17054647977083787;0.04737970935400464;0.29242073601245705;0.895298621493486;-0.33605132271990296;0.12882687501320883;0.976319979570176;-0.08267983012574598;0.017052277409693006;-0.1356001304985349;0.07165154064511794;-0.035729929416456946;-0.28119451090856834;0.06783535536364618;0.05621133207785634;0.9839572382487285;-0.34582390808561975;0.1549041460533567;0.8533686292694821;-0.03362325330059574;0.02322493952868903;-0.179195587453716;0.11757523417059706;-0.02951896624285315;-0.2845689531249038;0.08521516576811054;-0.15199354891879177;1.0496170790728863;-0.35369783168773533;0.1427756358388762;0.6475296338560169;0.0042490661959961665;0.03645250268369695;-0.13120535479023707;0.09183979892960235;-0.025703903423491933;-0.2313449350162281;0.06989557409993263;39.13675162588378;17.577599759632246;12.96174256006887;30.574177213163946;52.5916876816379;117.03417578214948;18.06086294651751;153.1989417351807;19.55580880545227;18.44129930828304;144.9998158389799;20.3765109059936;27.686575468955137;136.7767739419522;26.139900128363607;35.81571201993957;15.435878609767046;13.9684615602952;10.923840672841443;0.9808452727668;-0.295556757543479;-0.16492362920835607;-0.14143376426556728;-0.27730803627763295;0.11852055831443303;-0.0726099296644776;-0.2255298645931344;0.2615676807549395;-0.038230577182373306;-0.15771461546377055;0.20074667741820054;-0.015759712407921938;-0.5103647672748155;0.6505128039448669;-0.2329652399551735;-0.38281573141854164;0.09946345870118253;-0.0666179854619693;-0.008576847407643985;-0.27857118833694794;-0.012057553636173491;0.07945750174121224;-0.1722960364427519;0.0010968723388969468;-0.4505503920246871;0.8746457870443789;-0.1788828987128726;-0.38997948585971876;0.05642985314072801;-0.046476370348165506;-0.004571878364289665;-0.2843810332952975;0.01785019668202187;0.08799755028434907;-0.16186804202108845;0.012996240418782277;-0.41738169934292246;0.9720307971623178;-0.1277842001288458;-0.36018667184038267;0.061526044008986515;-0.03238916008668817;-0.011460064439705226;-0.2559227345432105;0.042034000842337715;0.06837185113078122;-0.15638851835831222;0.027854010410562565;-0.3940981638369615;0.98351112688054;-0.08622845170810332;-0.29276590613567666;0.07589874203880194;-0.01582174415943191;-0.03305914166938578;-0.17687067072253726;0.03303137468654092;0.03889508586298393;-0.12155393394123348;0.0270046614446276;50.29940555518157;26.669722764239765;3.8121868147325317;36.88155171956988;102.18720941728306;26.662094870150842;53.97172611748639;97.67150866425604;29.38781736278603;56.75654081948043;97.83344084321963;25.828993366591767;53.5248243725133;94.41833014821862;27.82477053368296;75.94843670358807;11.890290497617684;5.238012152762766;2.6345747295911113
0.9917699860809726;0.3610398020687324;0.18596203785307702;0.012670058650148266;0.23608195827297465;0.48242384300978225;-0.03829940970251535;0.06482613764098873;0.4857457850570216;-0.03667503903873329;-0.034293530448681143;0.36571616885800096;-0.022152396231189836;0.5255457259540474;0.7998350910555712;-0.20847578776382622;0.10081284364690235;0.8560520219641307;-0.07776310767537929;0.008520596361290595;-0.023675385698845777;0.018453802022756056;-0.03964294404992408;-0.19028789774489444;0.03821878438419926;0.3051241445069025;0.9198784387764563;-0.2464201986711324;0.13265720281656718;0.8755890320802114;-0.07519306325135822;0.016148281426027925;-0.1524462385761355;0.056399385338132886;-0.04112613048869684;-0.2668719789361434;0.060955927602192206;0.09125791992577868;1.0094495754349666;-0.27078781803045987;0.15304359809047607;0.7683326737293407;-0.027854898631200466;0.01843161337463031;-0.17920845229732146;0.10473897288306398;-0.03537831004595894;-0.25145644984394194;0.08002771717525832;-0.10033360154046873;1.056911612646454;-0.2929560820078672;0.1386327524085116;0.5782383876888382;0.014518838680566503;0.03386386941623878;-0.13230527193387803;0.09126921409385891;-0.02839787348370072;-0.20894824664985967;0.07071710972363168;37.115335479903685;18.425499913602287;12.955425523554073;27.21158448651829;140.51698238150283;37.97417881672013;13.436207982304753;159.05055263830047;16.034900816427573;14.254703372772607;147.5077624588836;17.912104997128107;25.14861536892275;136.17158343839742;24.899203194637977;32.44992913241074;14.687711811848809;12.775432389714787;10.228241065027602;0.9845195444923862;-0.3167313850644414;-0.14747032356334738;-0.10782507325756002;-0.27938065115984634;0.10932584150802126;-0.05638341226631086;-0.22814797776508328;0.2667699527333608;-0.029365455454903176;-0.1526595863877313;0.2135211845994903;-0.006210607176674255;-0.5383389968886134;0.6330828518329661;-0.18066221108444086;-0.36062760060258453;0.14552286908657447;-0.054256038795645285;-0.002803469087764218;-0.25820827507016697;-0.004103492223591091;0.0838464995098291;-0.15606513342832334;0.008531595630839934;-0.45885914330144856;0.8773828228102878;-0.14017014249158644;-0.372113320273715;0.07903009577169026;-0.03319312642495018;-0.003361645337541226;-0.26045694086074406;0.014303591068338619;0.0841040397235813;-0.13872597552213892;0.009394775587869535;-0.39896992255583197;0.9948428064982852;-0.10086099603716181;-0.3437236465329124;0.05923684932308504;-0.015144201457175072;-0.01064480500116352;-0.23436675945268776;0.040859489467912645;0.07033025499460833;-0.14580883258347668;0.023024468986827657;-0.35196673690973396;1.0282871917298855;-0.06955092346226346;-0.2775677443275107;0.06144496219645076;-0.00393991318589533;-0.02869368062008597;-0.16990921365757536;0.03584269738202828;0.04320679428073922;-0.11675837969619698;0.027553579182616618;45.346329400654575;28.42973577283731;6.0339833569254315;27.545649765144844;111.00100441421857;29.092427442919238;50.1396953986955;101.46924872238205;31.914576960216934;58.283887597131205;97.49389400690056;28.051111859786413;58.63777747512807;92.99763055566378;29.220751354055977;71.89574266426452;13.248720982477336;6.314136050118085;3.410187216886231
0.9923851513805833;0.35293028998434806;0.20704476812094233;0.03549691020014799;0.19629960469838756;0.4353170132906656;-0.020045891422461166;0.030666666410767485;0.3994498101821918;-0.028288015844886653;-0.04398834113024146;0.29441538619855234;-0.01573228947688991;0.5080061703282833;0.799020872155347;-0.12288448714960037;0.10425578111831629;0.7750189000899651;-0.0726177558958862;0.012871140478350595;-0.07013670147555283;0.006938758934104904;-0.03321806017149155;-0.2062990299935844;0.03069511966428687;0.31284093355400294;0.9347807772790473;-0.16827194870993797;0.1365528383101802;0.7801351909191819;-0.0671270546528933;0.016010996812476207;-0.16632588281613045;0.04381195997142723;-0.04536922394120877;-0.25183543650277684;0.054849539417882925;0.11994883832562954;1.0244240256428498;-0.2042663066555916;0.15181460469154065;0.6869592687525321;-0.02207020315368001;0.014719388400180186;-0.17854294943989918;0.09306010369570245;-0.04018258891008823;-0.22101592860608657;0.07469720726850408;-0.0553269909296173;1.0556208225311328;-0.23773972013481334;0.13496512192235943;0.5120448810290359;0.022971429631361746;0.03195803382565316;-0.13235263334190833;0.08952372983399293;-0.030324724441517147;-0.18783504947434723;0.07035139348859482;36.05592428397325;19.916977066851924;12.902896542522443;24.71874653077677;162.0196242158017;19.599680900925186;9.78600713650105;161.90446329538713;15.49813054239096;11.018263927370455;149.52832976864397;16.509264277673804;23.26069868324741;135.30908877884517;24.035993407782176;29.778374853509305;13.976826454297159;11.726670857856952;9.582306267497549;0.9880356542562484;-0.3369064560255379;-0.13149988292614337;-0.0762742697612263;-0.28152949117202813;0.10168937378907318;-0.0415151983089131;-0.23062653192855828;0.27257874806274673;-0.021203942674940798;-0.14809859239795312;0.2258437340828555;0.002680882284373315;-0.5640994890518091;0.6135909340295672;-0.13439652321877185;-0.34076544078690607;0.1933078314004153;-0.043260587130658536;0.0030966184949408433;-0.23852890850560154;0.0037266300043709193;0.0885041623921936;-0.14103786959813983;0.016087134173869283;-0.4657424849056581;0.8784957393405113;-0.10643859128376057;-0.3565168224584805;0.10424313419270602;-0.020963028560022513;-0.0018935874203841515;-0.237559455986738;0.011733092340953644;0.08089871752508948;-0.11696856479757266;0.0066332942923345755;-0.3807447139083193;1.0168793335561477;-0.0777787405984637;-0.3289331867376321;0.058970715150002094;0.0013566772521030408;-0.009236640193334476;-0.213935405864848;0.04054633207611568;0.07284017715914463;-0.1353018216675544;0.018906538547022716;-0.31161682240391214;1.0729273579297258;-0.05566573196213173;-0.2637742453170252;0.04673459137194485;0.007596448310015925;-0.02376979946547809;-0.1636270773393276;0.038815365543276935;0.048053524291407156;-0.11146951915378434;0.02822687526056885;40.729669357832364;30.08747924316119;8.024869968485197;17.90550438215966;120.21637461084725;31.64591040926122;45.69607083665575;105.96185699267937;35.0841164519026;59.41538138092735;97.51294207468686;30.611044635663355;63.8939520104425;91.36258544895608;30.736977309136996;67.4609654287936;14.847013259033451;7.643586276681705;4.499515817661965
0.991994573310825;0.35067713048950216;0.1615722900741945;0.0356402235674324;0.21086981663777857;0.4075052667266938;-0.012347517062139867;0.05398661318371807;0.3836120314238336;-0.01638410960156119;-0.01695545339016799;0.2673855487073954;-0.004372109191752988;0.49861839924629453;0.7917102264445619;-0.13857105633425906;0.11612270720786126;0.7669748419120863;-0.061213490047951465;0.02053758611745867;-0.07790730055711587;0.020110070100889537;-0.03162212244715245;-0.21075284536047373;0.03830548334301292;0.2998608555818152;0.9374870429615642;-0.17663949606167947;0.15520308942230626;0.7479214502716052;-0.053778366337986556;0.025182803013612285;-0.1719140140717622;0.05512003379025855;-0.04403199822634441;-0.2416126107879496;0.057768869623187245;0.11001839541083135;1.0261156579862707;-0.20342087264704442;0.16942043709436921;0.6526190454650534;-0.01444452918473113;0.021298033846065312;-0.1856342634926317;0.09427023190553453;-0.04033428019971128;-0.21872036018388913;0.07097848265995285;-0.05701121691192905;1.0539396156689997;-0.2267277267557466;0.14555623850304034;0.48135161541595706;0.019566751288341205;0.03875906794479772;-0.13272943726943703;0.08206280108914944;-0.02800046264609659;-0.18323296967025784;0.06335008183783092;38.467512767338754;19.357387689164074;11.728435416133058;23.760549800723037;155.07750765586135;23.090598396472615;8.565228240454399;156.12100281911805;18.501482505519657;12.983950474035224;147.39625130452342;18.12976404896908;24.44848867948971;134.4257212991993;25.477574562432686;35.699985140118756;14.380631482962114;11.457710189855337;9.07837984807873;0.9897689462881322;-0.343759920825287;-0.1417614403856083;-0.08250062350646914;-0.2889285346039791;0.11776398117708356;-0.04933986210681744;-0.23466427776742077;0.28873518827441813;-0.02495280922625135;-0.15388650285523459;0.232345367477204;0.0004032326836399982;-0.5636999337048528;0.5865247588399957;-0.18116302625402245;-0.36265373980074384;0.2491331107669173;-0.05373609346536473;0.00855138000050419;-0.23844779614796016;0.00735748107730126;0.09643681146982293;-0.14864158313933232;0.022779335342090357;-0.4610182502086588;0.8749902343263559;-0.14783187345107662;-0.3807681106125919;0.1547276656067955;-0.02637133545395444;0.002205870700241391;-0.2395978967420162;0.022307254552645282;0.08875377598455955;-0.12199471581394315;0.015313248934603965;-0.37803880951276947;1.0399317719396421;-0.1115233134179079;-0.34585078776119127;0.08480103239003049;0.002937567118474164;-0.0011768189510361472;-0.21836127283576315;0.051691669619072914;0.08258191925135369;-0.13179782910472201;0.025342306935925846;-0.31294497133152666;1.1195723890987463;-0.08206483772175151;-0.2768655505680306;0.0348450797177065;0.010975717959525729;-0.01411018731693022;-0.17085938419358243;0.04343567992589801;0.05866584342988734;-0.10395219598685336;0.03070574316434464;43.896684280603715;28.99039635154906;6.8195688086697315;12.764615122406706;126.47517949667596;31.306641140935422;40.14493277633013;112.85909457010743;35.339909789374204;56.496727145255285;102.98712489617382;31.98804133648655;67.45996781472903;91.82189014499347;33.06738821876687;66.6968573027993;16.31466441879907;8.21782845138275;4.671505927005353
0.9916039952410668;0.34837591074556395;0.11678927980512797;0.03577268997875634;0.22515609039087245;0.3800411420790818;-0.00476946856017301;0.07692013956918067;0.3679358459367731;-0.004666911776359449;0.009648574041404005;0.24072443242072336;0.006807188128916568;0.489261329695616;0.7843266904684657;-0.15397315695204322;0.12777172233809087;0.7588755742007017;-0.04997717420201311;0.02807632651134622;-0.08553476062683853;0.033065618785059966;-0.030044155818976043;-0.21508476359231618;0.04578477654773682;0.28701670106075095;0.9399250197517663;-0.1848306537261745;0.17351741809909896;0.7160441467380287;-0.04063055178280179;0.03420168117333147;-0.1773714015557848;0.06623378409040276;-0.04270562263556493;-0.2314955279934596;0.06062758553746968;0.10022058873504404;1.0275339844012175;-0.20254016769614244;0.1867036618860039;0.6186721823203974;-0.00693751361100406;0.02776621257972447;-0.19256746831635815;0.09543836007052253;-0.04047386403134938;-0.21640907347856111;0.06730228185882428;-0.05865479045962446;1.0520324422202139;-0.21583768633218256;0.15594281355076922;0.4510343996318921;0.0162119034893892;0.04544188407746541;-0.1330683585316056;0.07470166747907599;-0.02570670498795385;-0.17866062524649268;0.05644569468796618;41.2281341873996;18.835539507671815;9.793056139629138;22.968177434515727;148.37294031539298;26.39024890616533;8.202065985304811;150.66352698365097;21.159874318548834;15.303026843387508;144.92281918282725;19.690010545984947;25.935381339393704;132.86420407560993;27.033781454320067;42.1392711712357;14.791974331429248;11.21325916517533;8.603775479681989;0.991502238320016;-0.3506833590043324;-0.15289476513503472;-0.08926316460800812;-0.296572168148624;0.13541871300369537;-0.05795010632077032;-0.238677156064495;0.3061294097369949;-0.029075352758390537;-0.16001408341456136;0.2391062241808065;-0.0021334548713928267;-0.5620957740493363;0.5551839421789728;-0.2328586929790306;-0.3862775983029938;0.3107747259750928;-0.06528865506292722;0.014606940717394773;-0.23786709541073492;0.011384816798273757;0.10507042302289513;-0.15680160435366533;0.030183358367039885;-0.4548103140725675;0.8692878137964851;-0.1936137262647976;-0.40698558743629015;0.21061722685903045;-0.03233852655993848;0.006765532535593003;-0.24137466966793245;0.034034292990015765;0.09731680173027328;-0.12733976791229268;0.024945724443813246;-0.3742486702253034;1.0634588504512483;-0.14886402352589662;-0.36397499576798287;0.11338523438104862;0.004691635173363598;0.00779913450021014;-0.22283980095850767;0.06399420327031058;0.09325820800856663;-0.12762554583923214;0.03245555533046572;-0.31378008331338675;1.1692028755850343;-0.11128793694344184;-0.2908715652781594;0.02153603577688066;0.014715510122099262;-0.003326481782159972;-0.17856020048147977;0.04849045212110411;0.07036058924060909;-0.09536887322701042;0.033402481512090805;47.14800207081298;27.892204015517674;5.66436675611102;10.582771223384391;132.30912722313576;30.792395697200902;35.4032816507743;119.22272505992923;35.39194291703434;53.79354261446804;108.32374996321768;33.418409373730405;71.1318895134332;92.29518496122893;36.08519994704428;65.72576901440317;17.998692733483118;8.899121491581361;4.89571415055924
0.9913542970252488;0.34590274119063336;0.0826826984667384;0.035914632537545996;0.23547426659329856;0.35845466035315415;0.001251067290518413;0.09437323582846381;0.355557414220147;0.00466315614364444;0.02938975643981478;0.22038224984178556;0.0156764299553105;0.480045698451704;0.7794385829203433;-0.16573120759716722;0.13740832750020657;0.748579067652015;-0.04041591878108691;0.03475507705889143;-0.09065655245233092;0.04389143423959005;-0.028392547432219587;-0.2171187783006357;0.05193255272711144;0.275340226798661;0.9422027394151199;-0.19089724289550505;0.18815173709796737;0.6880072652089553;-0.02986313087880464;0.04204285958514114;-0.18109398968185944;0.0751494090075725;-0.04142363014463081;-0.22261373721366592;0.06292760370011354;0.09138540511790207;1.0285084760827152;-0.2014037488290109;0.20070356642192663;0.5902658187581528;-0.0011295901098507127;0.03366070470694668;-0.19724568426402952;0.0962794276882268;-0.04042685834489753;-0.21397440624383762;0.06442664781308952;-0.06027589565495631;1.049726841678451;-0.206716056910153;0.1644746863420536;0.4266016421516307;0.013345882121462727;0.05106209938348956;-0.1328069580774165;0.06888467635896547;-0.02393700030429625;-0.174491659292294;0.05106321580376127;43.53822550036846;18.444463889446595;7.979098757258834;22.27149930242914;143.00713262749085;28.980331853700832;8.664133834288167;146.17796987904467;23.243920284083988;17.46178007122006;142.46405496580516;21.093996592380886;27.404505376074926;130.89485326845949;28.529496104305085;47.527064089513196;15.091634492830632;11.005041153782702;8.208152553242776;0.9926702985690858;-0.3552509864007579;-0.1618191920588733;-0.09465966339493022;-0.301937702997146;0.1493642576846302;-0.06514296303351856;-0.24144980066754493;0.3217395108655477;-0.03248853360487241;-0.16517244563547448;0.24529578975561644;-0.0041812150805663004;-0.5596460482465142;0.5281948070703404;-0.275580700012299;-0.40462483913583014;0.36216204601896407;-0.07418574470556999;0.020892183393759232;-0.23765924209106867;0.015588646267708162;0.11311523903316492;-0.1630339489239517;0.03688040984493519;-0.44827754777215756;0.8634263545101423;-0.2313918116544036;-0.4279318357774049;0.2579824523745536;-0.03650696692358826;0.01146750815673456;-0.2429329341947792;0.04457155130537198;0.10514855609223116;-0.13128461950028497;0.03340318814387325;-0.3693706097432836;1.081558949007836;-0.17956165908252897;-0.37773488334710664;0.1371981649028646;0.006612275597871775;0.016095399771305526;-0.22602729853215253;0.07465555315427867;0.1028075984538664;-0.12311173259826771;0.038539230734084516;-0.31213684907444933;1.2087459848450879;-0.13512008287272306;-0.3013441632820137;0.01034437702940412;0.018023519796042952;0.006943289807606153;-0.18467965725251445;0.05286849943169061;0.0809856807853785;-0.08706539588686082;0.03570810698507503;49.63433476406732;27.271266703010603;4.802981653831363;12.013639939988616;136.9021744823213;30.24809787797151;32.39791057924894;123.96408467122176;35.33939596715829;51.93103716908852;112.43517952090127;34.694043709707096;74.06573093053068;93.0109259833726;39.066457895045495;64.87112438464496;19.46034055295236;9.521012717743098;5.137167882288191
0.991697901190513;0.34290179846217983;0.09073688389553572;0.036131909439194726;0.23023665802439752;0.3602110894024217;0.0011803179598468788;0.09029628130457815;0.3563928222203292;0.004664409343103037;0.021998366153224744;0.22512950305211446;0.01552004933511374;0.4713855894194263;0.7851826877510503;-0.1632666842044801;0.1393737406082819;0.7294486283979721;-0.037298445327617745;0.0382534884571814;-0.08584285592147732;0.04654279726506356;-0.02638745063400678;-0.21003054819576353;0.05296153568646869;0.26813163197859313;0.9447181347159835;-0.1887142651503835;0.1885676546238193;0.6749604064593412;-0.028359653708774274;0.04546402325178026;-0.17804485457744815;0.07554904877059093;-0.04029875083520454;-0.21856094780756763;0.06310133731030465;0.0861564843492691;1.0285730880434432;-0.19933768951160272;0.20208865715488064;0.5837033691206484;-0.0020037419728559033;0.03750869105713721;-0.193082326412454;0.09590221928545622;-0.0396484246897134;-0.21110201059634107;0.0647464702494738;-0.061930201985378026;1.0465637315093832;-0.20457933734860162;0.16595208938665781;0.42546557517134687;0.012358131457189118;0.052638259106458724;-0.13018952378798312;0.06917233549275917;-0.024248984688696552;-0.1719263005418684;0.05169956332068408;42.88941832477557;18.37634803898583;9.20186476573023;21.28383091963442;139.1890148745252;31.628123132865852;8.563629024231886;144.7089676323175;24.25744256934483;17.822603006057474;141.18143789854358;22.10713207381883;27.597882611102197;129.82390641922998;29.498996314385415;46.814299577312426;14.898709001647507;10.856891779291464;8.025318538790385;0.9914579378195076;-0.3501603322031814;-0.1580174208581315;-0.09218919413246174;-0.2971513560107811;0.1412470746338293;-0.06315567241282992;-0.23948791193022556;0.32515105005287986;-0.03138888875365487;-0.1650843725892986;0.24839308812022712;-0.0030817907393328623;-0.5596145223009956;0.53842814600578;-0.26013931956974123;-0.39405795657401077;0.34639353058710765;-0.06746028433632575;0.025662002929320266;-0.24152249156088;0.018900776984744426;0.11591845495870214;-0.15905498682553046;0.03766296475653037;-0.447349272658166;0.8675589887357933;-0.21730170113447675;-0.41905787597190686;0.24705729832506568;-0.030786396979598663;0.014858959788740049;-0.2450725338674954;0.04531498446777952;0.107093618245115;-0.12819135830752146;0.032951411878357734;-0.36506222588164017;1.076535076051105;-0.16738261858404319;-0.3686124683786683;0.12951171330732447;0.00852141509288479;0.017700240602086;-0.22391429756174644;0.07364693346082428;0.1038428580621982;-0.1201649605924769;0.03749144529391815;-0.3026079233378639;1.1951378377397452;-0.1245352870648141;-0.29354436846178183;0.014079305925189599;0.018023212183762762;0.010334290895653445;-0.18245667531079623;0.052650757568263644;0.08268147077416609;-0.08456469742105634;0.035505666386851126;48.585850258365944;28.659916131527186;4.7401506198843695;11.470600717311305;137.52464127082925;30.40792605745056;33.066183079290894;124.06597849370884;35.74521092611429;52.62628737418666;112.19544484612099;35.23551145051702;73.5342947646308;94.76700238952499;39.37639620953057;65.3679719430492;19.0816723308496;9.380731434934328;5.191565492577279
0.9920415053557772;0.3399516834103133;0.09859316678602312;0.03634179904139215;0.2251101544584502;0.3619036576451005;0.0011111867848407667;0.08631121859324238;0.35718660137004266;0.004665348941621422;0.014782190698590195;0.22974967085933692;0.015366460209049236;0.46290367061863535;0.7907418364111646;-0.16085109997105704;0.14128373131593894;0.7107307822598945;-0.03425316834362627;0.04166600950223468;-0.08113892004952727;0.04912799863899721;-0.024428643341585093;-0.2030988563572136;0.05396271922890982;0.26107891706229047;0.9471159934695128;-0.18657195389403886;0.18896216966802867;0.6621841405524483;-0.026890364288184178;0.04880070321487876;-0.17505772408283274;0.07593454810882252;-0.039198289910690715;-0.2145916725664895;0.06326708355794913;0.08104722332003073;1.0285736038529283;-0.19730885787407296;0.2034283732019569;0.5772621738570732;-0.0028568917598772604;0.04126248231107196;-0.1890066732783178;0.0955281886738384;-0.03888617367835287;-0.20828538753866;0.0650547157587322;-0.0635412268319738;1.043412529293642;-0.2024812145043191;0.1673841103998819;0.4243307698344222;0.011393222900034755;0.05417356906651659;-0.12762669271919588;0.06944891680081378;-0.02455204222784258;-0.1694117628944629;0.05231756675973501;42.25429615465982;18.30616972247961;10.365903418020059;20.30936890032791;135.3460919721303;34.271457416714064;8.531902746775884;143.23907406830702;25.262464913387745;18.192949358555165;139.88064823785615;23.131799126665676;27.790984732379126;128.75865137482106;30.465557769459966;46.11072576629868;14.710513853246027;10.712756902451035;7.847168844156351;0.9902455770699292;-0.3449647807536183;-0.15415990118904613;-0.08968478905824914;-0.2922733844303703;0.1330536774944298;-0.061143485054134875;-0.23746277683828676;0.32851068498418445;-0.03027624416100844;-0.16495977081678107;0.25145348090929676;-0.0019755470568061273;-0.5594606616321448;0.5486011633809482;-0.24455482418569566;-0.3833459780604828;0.3304612428161258;-0.06068249761077291;0.030452887605614935;-0.2453546174879852;0.02222729916693985;0.11871203910343577;-0.155019059136572;0.03844167328059948;-0.44631815573732353;0.8715253477360221;-0.20308538133711165;-0.4100428276950054;0.2360171341447447;-0.025027124335990122;0.018266128639815287;-0.2471705985476097;0.04605268216008151;0.10902617726367929;-0.12505282049745262;0.0324899168644579;-0.3606500653124533;1.0712481185778702;-0.15509894999486676;-0.35935858763344064;0.12175401745528117;0.010439367982823482;0.01931018991808853;-0.22174060497498863;0.0726165984007813;0.10486123765957053;-0.11717548304049684;0.036429617916351395;-0.2929596672784802;1.1811927236715487;-0.11386412936379033;-0.2856368889590406;0.01783204252942733;0.018018968557773758;0.013741994375601555;-0.1801814366759829;0.05242030520853226;0.08436869294522026;-0.0820315584936526;0.03529434344654995;47.481695855673486;30.096196762772372;4.679153575557378;11.093101063139091;138.04605162183557;30.635043415230047;33.7815213208904;124.11160905810863;36.18475144297279;53.36480112322997;111.92283050866646;35.79329119467941;72.96346981329356;96.59168238298138;39.680121495694515;65.86182359507573;18.704029522119814;9.250075721558426;5.26067506250144
