r_confidence;r_vec_0_1_x;r_vec_0_1_y;r_vec_0_1_z;r_vec_1_2_x;r_vec_1_2_y;r_vec_1_2_z;r_vec_2_3_x;r_vec_2_3_y;r_vec_2_3_z;r_vec_3_4_x;r_vec_3_4_y;r_vec_3_4_z;r_vec_0_5_x;r_vec_0_5_y;r_vec_0_5_z;r_vec_5_6_x;r_vec_5_6_y;r_vec_5_6_z;r_vec_6_7_x;r_vec_6_7_y;r_vec_6_7_z;r_vec_7_8_x;r_vec_7_8_y;r_vec_7_8_z;r_vec_0_9_x;r_vec_0_9_y;r_vec_0_9_z;r_vec_9_10_x;r_vec_9_10_y;r_vec_9_10_z;r_vec_10_11_x;r_vec_10_11_y;r_vec_10_11_z;r_vec_11_12_x;r_vec_11_12_y;r_vec_11_12_z;r_vec_0_13_x;r_vec_0_13_y;r_vec_0_13_z;r_vec_13_14_x;r_vec_13_14_y;r_vec_13_14_z;r_vec_14_15_x;r_vec_14_15_y;r_vec_14_15_z;r_vec_15_16_x;r_vec_15_16_y;r_vec_15_16_z;r_vec_0_17_x;r_vec_0_17_y;r_vec_0_17_z;r_vec_17_18_x;r_vec_17_18_y;r_vec_17_18_z;r_vec_18_19_x;r_vec_18_19_y;r_vec_18_19_z;r_vec_19_20_x;r_vec_19_20_y;r_vec_19_20_z;r_angle_Daumen_1;r_angle_Daumen_2;r_angle_Daumen_3;r_angle_Zeigefinger_1;r_angle_Zeigefinger_2;r_angle_Zeigefinger_3;r_angle_Mittelfinger_1;r_angle_Mittelfinger_2;r_angle_Mittelfinger_3;r_angle_Ringfinger_1;r_angle_Ringfinger_2;r_angle_Ringfinger_3;r_angle_KleinerFinger_1;r_angle_KleinerFinger_2;r_angle_KleinerFinger_3;r_angle_thumb_index;r_angle_index_mid;r_angle_mid_ring;r_angle_ring_pinky;l_confidence;l_vec_0_1_x;l_vec_0_1_y;l_vec_0_1_z;l_vec_1_2_x;l_vec_1_2_y;l_vec_1_2_z;l_vec_2_3_x;l_vec_2_3_y;l_vec_2_3_z;l_vec_3_4_x;l_vec_3_4_y;l_vec_3_4_z;l_vec_0_5_x;l_vec_0_5_y;l_vec_0_5_z;l_vec_5_6_x;l_vec_5_6_y;l_vec_5_6_z;l_vec_6_7_x;l_vec_6_7_y;l_vec_6_7_z;l_vec_7_8_x;l_vec_7_8_y;l_vec_7_8_z;l_vec_0_9_x;l_vec_0_9_y;l_vec_0_9_z;l_vec_9_10_x;l_vec_9_10_y;l_vec_9_10_z;l_vec_10_11_x;l_vec_10_11_y;l_vec_10_11_z;l_vec_11_12_x;l_vec_11_12_y;l_vec_11_12_z;l_vec_0_13_x;l_vec_0_13_y;l_vec_0_13_z;l_vec_13_14_x;l_vec_13_14_y;l_vec_13_14_z;l_vec_14_15_x;l_vec_14_15_y;l_vec_14_15_z;l_vec_15_16_x;l_vec_15_16_y;l_vec_15_16_z;l_vec_0_17_x;l_vec_0_17_y;l_vec_0_17_z;l_vec_17_18_x;l_vec_17_18_y;l_vec_17_18_z;l_vec_18_19_x;l_vec_18_19_y;l_vec_18_19_z;l_vec_19_20_x;l_vec_19_20_y;l_vec_19_20_z;l_angle_Daumen_1;l_angle_Daumen_2;l_angle_Daumen_3;l_angle_Zeigefinger_1;l_angle_Zeigefinger_2;l_angle_Zeigefinger_3;l_angle_Mittelfinger_1;l_angle_Mittelfinger_2;l_angle_Mittelfinger_3;l_angle_Ringfinger_1;l_angle_Ringfinger_2;l_angle_Ringfinger_3;l_angle_KleinerFinger_1;l_angle_KleinerFinger_2;l_angle_KleinerFinger_3;l_angle_thumb_index;l_angle_index_mid;l_angle_mid_ring;l_angle_ring_pinky
0.9934732913970948;0.38280794332975504;-0.11787064783349603;-0.07033123144072483;0.32553406370400995;0.23084382417910188;-0.08377943459763816;0.2332114892969373;0.4520029815757024;-0.040603370209340295;0.10074133091602394;0.41734453359708035;-0.017697236165716914;0.5005275278847855;0.49783054481989264;-0.47274186176131977;0.4244085042703154;0.627075502205542;-0.03721815228920813;0.13658814335191688;0.04896036386745943;0.13097400249376626;-0.00828028183702301;-0.10804448511349753;0.12136562266689009;0.32482079325751667;0.8384885604197304;-0.43752529791179595;0.47155233221421194;0.5950440446394561;-0.05720892241600472;0.08385144929491999;-0.1502825330891875;0.1588335643813463;-0.07176739410610425;-0.18871353467538554;0.13627207491324103;0.1805807913069979;1.0928270045266322;-0.3753513346623028;0.44831879998602986;0.526666258730014;-0.030539644748193186;0.06951730657334279;-0.19498240895962404;0.17019435691722654;-0.0711074993513359;-0.1905575137612018;0.1326528898727048;0.07304085754357972;1.251669538290137;-0.3102584197431194;0.353049988104594;0.4270772888565605;-0.013831983206740716;0.07940213219981278;-0.14950254302803762;0.10073146459564807;-0.055774828359093136;-0.17743212903948924;0.09127163032593126;51.470095837847104;28.026941349100046;13.870880795256294;32.670281268155776;55.56431444910208;72.66702550675271;27.208738476155304;109.3128482406418;39.547139017182744;34.412101981473796;114.42667377634669;32.65438166632332;37.937038425101655;109.9252555416777;39.937120130083294;61.25264524420437;22.162719288458195;13.07315919757306;7.540340829807433;0.9958481788635254;-0.3716237035338624;0.07722787294711692;-0.017001807237562543;-0.2888213456202728;0.36346172576600627;-0.06984704495904677;-0.1609230543495921;0.4874376243530233;-0.039908742446988034;-0.07423052770490153;0.44114565176064213;-0.041065035572114314;-0.502473139440073;0.6463130988734905;-0.4366886946740707;-0.24106078903718806;0.8862523908307156;-0.08981326762493398;-0.09644331351140634;0.37340391514613847;0.05041786794835566;-0.0321597634848095;0.1778459353971989;0.07185598475870782;-0.2622641498236469;0.863410396761715;-0.4309756402409045;-0.28196502029180637;0.8912645742956359;-0.05664181438445675;-0.09061530756874582;-0.025243907962853234;0.1386648444171852;0.008475028937535028;-0.21494592846088534;0.11806082973637771;-0.05919216552164169;1.015172789640925;-0.39886696272105215;-0.26814883886358687;0.831951536598517;-0.02536510367199051;-0.10202284560297861;-0.08436204898302488;0.15496398492115454;0.00441972862623223;-0.23613531259322043;0.1194148181046131;0.11127953186372876;1.1044478913753635;-0.3603817602909153;-0.19477658125265268;0.690299958843173;-0.0080706118621959;-0.12117810890645689;-0.014349106073418647;0.09712470775330367;-0.03677464761491729;-0.16034405851117034;0.08663336851490881;40.025445465389325;20.4828668148726;8.724016059618346;31.10409844695038;13.053806648022201;14.808035536398016;22.071143853527385;91.75390605714458;59.23923437111214;24.30134735943285;105.20977506336195;45.24816515631869;27.3393117509843;83.37128872903013;58.45219463781797;46.18465259604883;18.86269840452103;13.091164000434846;9.217727748964894
0.9939808469096842;0.3823807043802035;-0.11422538153769976;-0.07165980206766744;0.32371650202948804;0.2297736358033484;-0.08435996213763151;0.23320357060446972;0.44393203076305254;-0.041216514497644165;0.10123553326624792;0.41340135858660265;-0.018279991705813937;0.5007506596533768;0.5037239407705707;-0.4714111583248224;0.42400323228353315;0.6182135234375673;-0.03633783196198016;0.13786281895033933;0.050672032567271735;0.13154060804122544;-0.00646871996789368;-0.10523813297461361;0.12219486104613381;0.3251048066658177;0.8395266411346594;-0.43531814056841034;0.4695689681328917;0.5873125472970282;-0.0568180630821411;0.08515683208057187;-0.14771036513310548;0.1602347203112798;-0.06942747841062787;-0.1858972578520054;0.13808333004891957;0.18115810847692662;1.0896143154348394;-0.3726535549313364;0.44613242141002507;0.5236379101709219;-0.031372757514938926;0.07227476023923893;-0.19173134274520032;0.17025562453367749;-0.06820609739923761;-0.18881620443218322;0.1338938615863623;0.07455885987418798;1.2470247577950697;-0.3071200805585433;0.35176888337682366;0.42740711501132106;-0.014805007491976626;0.08284037194990425;-0.14483053729335738;0.1001234595856251;-0.05248917057405478;-0.17428071913393114;0.09168687659523202;50.98800083807509;27.592357352918928;14.104188375425286;32.290607571773755;54.9426276069542;71.97080004134139;27.241009451704823;108.46023878554566;39.45914330852692;34.311249197039025;113.61670502594407;32.748163096646714;37.68445827180731;108.52995423267998;40.682704354825844;60.971860458844326;21.910697932514182;12.996302356295073;7.530008143953227;0.9957083528732992;-0.3740363452566531;0.08156104009381378;-0.01664028615054142;-0.2912050104646315;0.3646896935439573;-0.0703763083805253;-0.163350569322368;0.4897468200226569;-0.04100820479041246;-0.07711562529468687;0.440656661930761;-0.042708815838966775;-0.5064800054816118;0.6449695727905617;-0.43557333884906396;-0.24305238105570143;0.8904062105233733;-0.09129045919286767;-0.09414700174237972;0.3738086258915267;0.0472433213035095;-0.02963224344740915;0.17971267095071694;0.06893579879055156;-0.2648632450418543;0.8622655475483769;-0.43167764238722894;-0.28206685074139515;0.8978964776537702;-0.06069856176055795;-0.08991278285670253;-0.023704907358245035;0.13269920450764208;0.009197263755224384;-0.21537106461231756;0.11353391395122484;-0.05951001851449012;1.0153907647169698;-0.4011446370362951;-0.26886008130278405;0.843605878587102;-0.027071079402762918;-0.1018237325190925;-0.08312023200200291;0.15158856274166527;0.004676158983427912;-0.23752165429199698;0.11646040297725496;0.11340644603480303;1.1057370429318532;-0.3642352237328028;-0.1952112443122708;0.6965377332429494;-0.008393319305172248;-0.12180356900523936;-0.014680674436308331;0.0963083371150917;-0.03660640167216692;-0.1618137089937521;0.08535930705653279;39.35654100163111;20.426414906590328;8.535631117578726;31.137862328693853;12.686114621855166;14.499572155263918;21.88677930896477;91.49155938876766;60.65917295840743;24.197092602484425;105.28309999938027;45.93239149588051;27.421948964004766;83.51514770593448;58.844926578773354;45.522307047270324;18.93634064249884;13.206130997327191;9.297226645474279
0.9944884024222737;0.3819569114110298;-0.11062812196747157;-0.07297020644108161;0.3219213004765147;0.22871638170091546;-0.08493223832633105;0.2331943795325663;0.435966242318407;-0.04182122680403704;0.10172253739223526;0.4095084008083978;-0.01885485664409495;0.5009678523261192;0.5095356548950237;-0.47009544031142797;0.42360086694198806;0.6094662411179722;-0.03546905338272332;0.13911965682066507;0.05236054284973187;0.13209886934547127;-0.004681312890883187;-0.10246863715375737;0.12301230300644603;0.32538310590780234;0.8405458972667048;-0.43313788679576615;0.4676093165038693;0.5796808316778469;-0.05643208782059384;0.08644427851974489;-0.1451716750231624;0.16161621718724434;-0.06711840150014323;-0.1831174932282666;0.13986958024896956;0.18172664513433692;1.0864380919678167;-0.3699896012481601;0.4439726050010834;0.5206469100832777;-0.03219455884034663;0.07499496159156127;-0.18852256077238794;0.17031506779744138;-0.06534303997825054;-0.18709703409322712;0.13511746913487477;0.07605614899940316;1.2424346379703122;-0.30402183827296697;0.3505028087259702;0.42773001061814636;-0.015764949755825635;0.08623220519639395;-0.140220069305613;0.0995229826656625;-0.049247081854413066;-0.17117036570700545;0.09209603551020427;50.50923855766017;27.151924364977404;14.343083517392163;31.92496068831145;54.333630762407964;71.25959093379824;27.278707202553516;107.61620423792168;39.35978485762806;34.211506170257756;112.80826947267464;32.840123366847;37.43449329347893;107.11664762197417;41.42720395755868;60.69021924281707;21.664080899746047;12.920474627849954;7.519793823472607;0.9955685268830726;-0.3764800384044303;0.08595513625621959;-0.016273476723204068;-0.293620038654273;0.3659319417212844;-0.07091248565974974;-0.1658111891755956;0.49208458395831417;-0.042122949176318855;-0.0800410910572983;0.4401568635670876;-0.04437560654804929;-0.5105394439384954;0.6436012956940939;-0.4344383084773837;-0.24507017989917693;0.8946113367496404;-0.09278786665901932;-0.09181720042561732;0.37421582596369374;0.04402320170908764;-0.02706850878440839;0.18160439090044825;0.06597346867271836;-0.26749699852585296;0.8610968739634344;-0.4323858571115166;-0.28216766388615616;0.9046148743720466;-0.0648124882918123;-0.08919947824326076;-0.022143806261047658;0.12664753950105068;0.00992969241524927;-0.2158003657603988;0.10894160737861626;-0.059831872914081353;1.0156029637959303;-0.4034512057914502;-0.2695790911656889;0.8554186359277263;-0.028801087055074587;-0.10162089675397348;-0.08186002272811531;0.14816379781565284;0.004936196344461418;-0.23892564109803222;0.11346294129536275;0.11556262547518817;1.1070348668221799;-0.36814032088469295;-0.1956503841376348;0.702858154603534;-0.008720544089020546;-0.12243686182886705;-0.015016831226444906;0.09547951113340045;-0.03643544230097761;-0.16330285156383453;0.084066375032571;38.68982480985114;20.370160192855614;8.344844402996719;31.174504106340414;12.325859787106165;14.213980896294514;21.70642915747106;91.18384814616934;62.14380101418752;24.097193439101215;105.34928941964809;46.628310058250754;27.507003258323333;83.66045146902755;59.23719210399806;44.8610158163545;19.011425574907864;13.323493354801162;9.378400211867088
0.9949370593057844;0.3814378755074878;-0.10762784777609186;-0.07378478922770619;0.32007649422202333;0.2279258950325208;-0.08531551461105917;0.23266810920210604;0.42989854854957915;-0.04214940207310771;0.10248163439753685;0.4062001427068415;-0.019135393860045254;0.5008827413146131;0.5141336620501916;-0.469601932724191;0.4227254521877674;0.6025671667312265;-0.03441860123160056;0.13987433145025366;0.05362538015184061;0.132935369289887;-0.0032963004230958477;-0.1001949220213266;0.12391654436176336;0.3255481496747788;0.8410888857337682;-0.43195820230487125;0.46550550197734736;0.5735207038467475;-0.05550935280095042;0.08780800677765108;-0.1421712330918114;0.16328823099272208;-0.06491004603997717;-0.18056940151129572;0.1415866068892092;0.18234496145851137;1.0834363054483624;-0.36835949045396715;0.4418723712538647;0.518060608053809;-0.032217975180895905;0.07752488113864321;-0.18519886210446773;0.1708714688208247;-0.06251375345839993;-0.18519592682965716;0.13629142963333538;0.07755141827741427;1.2381011648304778;-0.3019903218005983;0.3487398103787125;0.42748162041139354;-0.016036057151095625;0.08903401411057568;-0.13611636338775351;0.09933524950909561;-0.046259392580947536;-0.16828650942481205;0.09256375938996211;50.15791280369795;26.824114905938632;14.417822384735334;31.70947191974364;53.94201701037871;70.53274129018826;27.356342743106087;106.69828630657668;39.33597554476953;34.147139603880284;111.95552814073095;32.91097905738211;37.218354005346555;105.85098826840482;41.99406055865275;60.48251438874902;21.45036501475955;12.85345606522218;7.511144271159728;0.9954565942758166;-0.37823962034952696;0.08903701303378958;-0.016001473496050883;-0.29503361060336997;0.36666523970988746;-0.07120997111615193;-0.1674259748789968;0.4940803191263729;-0.04281128942645888;-0.08211634121343599;0.439264963836059;-0.045393366129054716;-0.5132403182773337;0.6424017435964409;-0.43369995307106923;-0.24627812593994103;0.8964916688160668;-0.09418425899513798;-0.08998351877680674;0.37443189064245236;0.041680482936049375;-0.025096384915846932;0.18264356069630294;0.06400825332643106;-0.26933424602168676;0.8603241057607951;-0.43278342963521366;-0.2817761461901849;0.9079428788678736;-0.0679335763514642;-0.08870722960702378;-0.020841280338680192;0.1227431011207412;0.010507463645738608;-0.21626493935271443;0.10619679559213265;-0.06012495833219403;1.0157284208144024;-0.40486684951228696;-0.2696209762813004;0.8630547438926864;-0.03064392058781501;-0.10157533959749979;-0.08068059135891316;0.14584886977655787;0.0050928391149869705;-0.24009574953684176;0.11182464515892976;0.11687889614090746;1.1076729483314813;-0.37050752129528486;-0.19554434099479673;0.7066266739401204;-0.009317749108700278;-0.12288353757970402;-0.015124940923177226;0.09496383020701592;-0.036239756997313695;-0.1645243108962557;0.08347843507912449;38.24634219969003;20.34115270259367;8.172307153200068;31.18659312544338;12.103384692919914;14.101803760195127;21.557398286823833;90.89093900347515;63.221066762630045;23.977567984006384;105.33940738517074;47.15290518420878;27.5207526508172;83.74953440345269;59.546941792258295;44.4095260092585;19.069331154086218;13.403265394706025;9.433239133491492
0.9950909432726984;0.3804271208872462;-0.10739884336313768;-0.0722059686051069;0.3178889406965759;0.22840772404520954;-0.08479150325238133;0.2295709280990157;0.43283893835579595;-0.041135606050530356;0.10462443996195919;0.40559027500576;-0.01798332930645046;0.4993131423292943;0.513025065557306;-0.47313541022217137;0.4194793278568203;0.6043866680561396;-0.03241535142795857;0.13820210721443207;0.05287695730597455;0.1351906895736635;-0.003813987431560057;-0.1002351237446523;0.12530098572134546;0.3251704102927677;0.8393321047662279;-0.4356441462693225;0.4625813331772054;0.5742665130659483;-0.051893585682859907;0.08962544226788301;-0.13673139788654473;0.16648704772803688;-0.06307417825013832;-0.1790211369528068;0.1430619289458304;0.183246128279205;1.081141998173604;-0.37173237110331186;0.4399544530332053;0.5173292083125108;-0.02831350110863304;0.07926194716379509;-0.18112544117108312;0.1739081056663243;-0.05969241362408757;-0.18229531892905074;0.13728937703935076;0.07912222239058644;1.2348073883144148;-0.3050999512286045;0.3444373900790787;0.42441437483665084;-0.012932171713470783;0.08909089115098287;-0.1342781769952963;0.10117015868118166;-0.044356420782284446;-0.1663578955029315;0.09334761279186306;50.429145723181705;27.083584835910422;13.650421376930975;32.178959793484985;54.577253658066425;69.79239653005386;27.613436933235416;105.36393595888933;39.74609893276965;34.25906991089201;110.86829112728579;32.8791952020028;37.16368125603638;105.3919051476933;41.68238160096786;60.6491781359801;21.377342294248677;12.82605454097672;7.50964688301948;0.9954842610782668;-0.3764458854399199;0.0853021144742218;-0.016226452870472974;-0.29132279619233786;0.3648009459344203;-0.07028905376550516;-0.1646784116297913;0.494227399569267;-0.04130833638270319;-0.07976989141117273;0.43648594105436994;-0.04307727199993734;-0.5089352539720298;0.6421619774629582;-0.43502441435804545;-0.24333755786092467;0.8865880960424652;-0.09497273035348235;-0.090781311778349;0.37368535220805826;0.04392035880877249;-0.02624330975055265;0.1793300523381676;0.06719958360019623;-0.267043988908226;0.86162817191287;-0.4316067670392449;-0.2789512008681882;0.8940277218680984;-0.06583827903412996;-0.08936505216843553;-0.020935151467186858;0.129918046046901;0.01026584125249553;-0.21687984485337714;0.11293905691918366;-0.06025389246290911;1.015445358367157;-0.40171703176817275;-0.2662686163716124;0.8491764188310111;-0.03291731422307918;-0.10232674217020461;-0.07999756780795267;0.14928560123298143;0.00471871091209184;-0.24001272806547555;0.11713864583622931;0.1138829870064823;1.1049897951348233;-0.36498781461431046;-0.19271507382958958;0.697323260879637;-0.011226782333975482;-0.12236410049938791;-0.014080195213600844;0.0960627003259776;-0.035935757835029176;-0.1643163208450673;0.0864780362236216;38.90925067202235;20.445363401931935;8.103469752974927;31.062660805169312;12.52787414577325;14.762342590790483;21.548561021880296;90.89844100351702;61.96829644125898;23.74049874705871;104.99662071473975;46.76742342044504;27.167679409083643;83.5560175075325;59.44537944865742;45.000871361078914;19.035675925150393;13.28539673033966;9.349690109938
0.9952448272396124;0.3794176229494486;-0.10716977108865224;-0.07063779042966646;0.3157125109876942;0.2288821411817551;-0.08427001280341367;0.2264931624801511;0.4357500752869735;-0.04012873072845343;0.10674943248516625;0.404978238500022;-0.016839607566209596;0.4977470153539586;0.5119162550442276;-0.4766345160177937;0.416250578758682;0.6061824722363157;-0.0304265893550492;0.13654012878083244;0.05213326933930439;0.13742684461879087;-0.0043277277779170615;-0.10027335735722;0.12667295886819926;0.3247900979708411;0.8375745465903611;-0.4392951982028058;0.4596714079402265;0.574997179858939;-0.04830407818026421;0.09142775474708005;-0.13133009436017049;0.16965910156756892;-0.06125103288643438;-0.177481509681679;0.1445238057788198;0.18413748858271717;1.078846925323841;-0.3750737706814914;0.43804360654083463;0.5165946935782099;-0.024437844339172527;0.08098466534936376;-0.17707956412079168;0.176919072766466;-0.0568912446185405;-0.17941343801136841;0.13827755605862552;0.08067992814323735;1.2315177884887591;-0.30818118213173173;0.3401615161282406;0.4213630806457332;-0.00985135397777447;0.08914586028525648;-0.1324515465534087;0.10298962182215157;-0.04246698597649461;-0.16444098247135072;0.09412403435310514;50.70083180698732;27.337148349344545;12.892508181392088;32.64523519325863;55.20412327856405;69.05585440844273;27.87763698903272;104.020405763222;40.16345951851988;34.37826727842206;109.77500497859019;32.83710590790575;37.1160349663754;104.92348191926497;41.36326501941151;60.81782798280582;21.304643282702305;12.79891600550138;7.507919570898178;0.9955119278807174;-0.37467792911836173;0.08162657130867501;-0.01644768314127103;-0.2876692748884756;0.3629636598583475;-0.06938237124869098;-0.161973684220688;0.4943680969290468;-0.03982921165573545;-0.07746051878267739;0.43374804996114075;-0.04079806532428813;-0.5046952676898516;0.6419208450946825;-0.436324044223389;-0.24044228917077887;0.8768365424523142;-0.09574775264462757;-0.09156553991983121;0.37294777819171776;0.046123865309030725;-0.02737158118477552;0.176068359845718;0.07033905793512968;-0.2647883828675385;0.8629042660180601;-0.43044551337681136;-0.27616940641616533;0.8803290210092594;-0.06377613418335525;-0.09001157180143227;-0.021027343139699565;0.13697657734028845;0.010028020148389848;-0.21748310066883833;0.11957199926247132;-0.0603802637177191;1.015158590785779;-0.3986145899707424;-0.2629679901144811;0.8355143224006785;-0.035153889055108106;-0.10306523186785599;-0.07932487534625816;0.1526658638330399;0.00435055950150533;-0.23992908995500944;0.122366256672715;0.11093431956349276;1.1023407969335013;-0.35955388510830855;-0.18992972816944037;0.688163756587277;-0.013105031226057983;-0.12185201993359915;-0.013052132235734879;0.09714312198669028;-0.03563635413185397;-0.1641103388298879;0.08942870726682267;39.571775643636975;20.54581084204336;8.038642317829286;30.939420927135995;12.95192679389326;15.454418334890832;21.544349740688343;90.89545529216764;60.76082396805686;23.50558606384738;104.67565215907199;46.38510964546395;26.81672474701616;83.371803306657;59.341757769436406;45.589442129266715;19.00391722551188;13.17033777455523;9.26808332521608
0.995329252246964;0.3784525963689008;-0.10722210379507859;-0.06972544951636851;0.3142026577284616;0.2284451462012919;-0.08401263857176403;0.2243897277203726;0.43789387842227634;-0.03958272407105995;0.10784776216412835;0.40450510894949604;-0.016193462671895188;0.49664151563588993;0.5108606722000273;-0.4786287037657449;0.41433165390739807;0.6072316531603507;-0.02907656002676648;0.13527025564374257;0.05162452143633764;0.1388756907164871;-0.005054661322848626;-0.10080007787071468;0.1275387673226103;0.3245757922288345;0.8365514365861891;-0.4413980618949382;0.4580705729327905;0.5749715263615385;-0.045960210750213074;0.09266927488187582;-0.1278325714382357;0.17130527132718176;-0.0600339854409055;-0.17658171417056137;0.14509646482406552;0.1848909901341833;1.0778806364458593;-0.3769839374388274;0.43705090883995434;0.5154936492205036;-0.021989130482979072;0.08210535507364695;-0.1746492069492871;0.17844960640939453;-0.05514304188837833;-0.17790230103409246;0.13855234189505927;0.08201651233304243;1.2299273461923417;-0.30993278862830165;0.33767179596414754;0.41836540417268686;-0.007957079281116823;0.08903007263065758;-0.1316352745724561;0.1039648935615847;-0.041440555219052065;-0.16345330897696833;0.09443790516873017;50.835336868606205;27.60225746291122;12.411794575872626;32.94788425183448;55.61449420775053;68.75320959967043;28.065016827996487;103.11080735364332;40.492740843004;34.486122748266574;109.07025005092864;32.83505200471162;37.15105383081435;104.65642884364857;41.129526515840176;60.93895751772031;21.275428464366186;12.78089574899604;7.498043922412349;0.9954983930296896;-0.3733696679248972;0.07870900633816502;-0.017081811335903762;-0.2845745939989526;0.36212984110839763;-0.06887499423640693;-0.15984334634565064;0.4945340479479604;-0.0389114127439414;-0.0763907300093233;0.43114352806008005;-0.03936395366672496;-0.5022321373032559;0.6419479938562767;-0.4364981908664001;-0.23834446981795357;0.8703719524747706;-0.09578513824133443;-0.0919793359593427;0.3722426873321573;0.04744406476471685;-0.028097342163458845;0.17407427598198058;0.07201179933676397;-0.2636875946128693;0.8640276545504872;-0.4288648558919966;-0.2741625680445222;0.8711675134965363;-0.06214970458497533;-0.09037483520742678;-0.02139449149467835;0.1408298814068469;0.009710385728928114;-0.2173130737457831;0.12305541718636825;-0.060916652239594464;1.015454030004441;-0.3956581148172104;-0.26053598327662036;0.8261141374303247;-0.03619933783712593;-0.10365194215408334;-0.07979920229066662;0.1540775214653584;0.003917721516890365;-0.23975593115639388;0.1247929975385204;0.10841741933812235;1.1011790623988118;-0.3550363458332951;-0.18818720279329906;0.6809210730287568;-0.014200406319148488;-0.12123537240798907;-0.013949516480282458;0.09741375693992728;-0.035156877933089664;-0.16432196269655597;0.09072926352432063;40.16388831137676;20.5562266188875;7.884266474421103;30.86177573949426;13.190350430659313;15.827053965414757;21.507861628797755;90.96966063671982;59.967013261354545;23.310763681501598;104.7098757667324;45.99890824933423;26.55942887208894;83.79096564326746;58.92245221776436;45.95937056471587;18.985574171901234;13.095675119735983;9.208772280361268
0.995160134687172;0.3776411456003003;-0.1083020667020565;-0.07117356988135248;0.3150878366990935;0.2246986647850229;-0.08471116977960527;0.22577928595552313;0.4373266326188565;-0.04069747262843661;0.1052521887525556;0.40454211943322343;-0.01733771900409985;0.49720192492425214;0.5099940297638413;-0.47523235845128453;0.41713676565105484;0.6056244741683324;-0.030011881499971173;0.13539724679277623;0.0519578875177846;0.1375098591887282;-0.0065743391381600695;-0.1031180094828426;0.12659502842776837;0.32497306781440594;0.8382054698838133;-0.4379544444941153;0.4612012048639505;0.5722253478036389;-0.0480800963529802;0.09191101570097365;-0.13116198460490103;0.16746219785396804;-0.06098860753220433;-0.17798936028518011;0.14246234936646807;0.1851715912953919;1.0817611638331084;-0.373764372591221;0.4393851802009986;0.5130568478742713;-0.024658554845462893;0.08107301123456112;-0.1780288018027802;0.17465324149407485;-0.057174841432944226;-0.18133625441106893;0.13625068483359198;0.08258829887976779;1.2345189819062745;-0.30691645943259616;0.34161717857575735;0.41550422519399016;-0.010321854150820112;0.08829542982895365;-0.13447161124367768;0.10190531787471332;-0.043522429423854155;-0.16582080604244015;0.09308493934483085;50.465155190078264;27.931283255129262;12.912919024426353;32.66306532045526;55.260213177490336;70.01780300716389;27.955279551911495;103.80226408058623;40.47819863367526;34.53469137335943;109.79268253362352;33.00266952331737;37.470364252838856;105.1421601198439;41.223406409582836;60.881817234202565;21.403935041736588;12.794890276707052;7.459111541175352;0.9953344618430524;-0.37365343486878405;0.07836684586443819;-0.019241778223183525;-0.28332953720235643;0.3648770579993361;-0.06978181985782426;-0.15967049211944848;0.49480725065813314;-0.03996948781555169;-0.07973722211171559;0.4288820248430437;-0.0409014175617899;-0.5060533595464664;0.6429540101713305;-0.43262541323247905;-0.239012211442486;0.8754260205941206;-0.09316328018416518;-0.09108020674416357;0.37162094345503616;0.04564964815529026;-0.02741079176949476;0.17654774597640505;0.06848381868760771;-0.26669799802581684;0.8646741508101069;-0.4256886077520068;-0.2748456404134292;0.8778881002717328;-0.06200676408630638;-0.08973702836872739;-0.022774808071523666;0.1333288755519616;0.009087172121036102;-0.21434532463272807;0.11536483909239706;-0.06296367263217355;1.0178815972676585;-0.3930701221041923;-0.26110821999109307;0.8315884982691415;-0.03300364365190713;-0.10372474934601562;-0.0844413440139434;0.14846351397940896;0.003227438991863826;-0.2392533691206203;0.11724571684598487;0.10732102769499088;1.105336843460733;-0.35358116880754575;-0.1901149563669506;0.6802054515757097;-0.01253077065546583;-0.1202087671209832;-0.02184715054249007;0.09477766362969786;-0.03400129736048403;-0.16605504489453543;0.08614676743485328;40.50117947220028;20.25030764408774;7.388346421405707;30.948435812143217;12.753441529048727;14.955471718446026;21.339310916964912;91.3772931862072;60.53747002489094;23.254846592905427;105.99799906498662;45.5680609015679;26.63790862365073;86.42795157864248;57.30812894967489;45.54268193977594;19.010037084696204;13.159683779647532;9.224650912594846
0.99499101712738;0.37682255169358947;-0.10938249831725054;-0.07262341425523104;0.3159700515335074;0.22094167458119834;-0.08540978725971297;0.22716816856537647;0.4367518289541998;-0.041813756784924584;0.10265008076215142;0.4045732158448048;-0.018483913119725474;0.4977560529722735;0.5091181802408489;-0.4718224692394575;0.419941085251492;0.6040052531804949;-0.030948552582350457;0.1355224783166343;0.052291124183190006;0.13613937406235643;-0.00809683390567244;-0.10543886049560305;0.12564760684289217;0.3253662973854268;0.8398502741174887;-0.43449774405683295;0.46433101697067314;0.5694654371695194;-0.050203335837367566;0.09114994265270894;-0.13449584194451605;0.16360927715457724;-0.06194415795581648;-0.17939707249442163;0.13982107490965925;0.18544999101002702;1.0856331284897955;-0.3705331040300348;0.44171742735287645;0.5106077831056872;-0.027332733427772257;0.08003748827254942;-0.1814122436837809;0.17084701253472306;-0.05920969138723712;-0.18477411012392858;0.13394259821245122;0.08315996005334708;1.2391011585564233;-0.30388980524830855;0.3455650729730455;0.4126314122368856;-0.012691011133859953;0.08755807193915072;-0.13731139757282448;0.09984028498314079;-0.04560765204648129;-0.16819038989413895;0.09172800184393894;50.090828656243836;28.264642674342404;13.416824986755932;32.377090874710994;54.90232550690457;71.27712523899682;27.854439165464154;104.48676306004376;40.45708166553666;34.591975344210105;110.503410593133;33.15123987710065;37.799139702669976;105.60778130790123;41.304133736684385;60.827135238963216;21.532535073786242;12.808192182079502;7.420085710787779;0.9951705306564153;-0.37393132847691213;0.07802133503935095;-0.021412757749008457;-0.2820723252595133;0.3676315674667293;-0.07069205190210773;-0.15949357685869753;0.49507213466089534;-0.041032355056942596;-0.08309979164165716;0.42660013460984453;-0.04244618365286716;-0.5098847543397023;0.6439526507420028;-0.4287236765126973;-0.23967876058349244;0.8804894780244688;-0.09052575627557637;-0.09017453883545982;0.37098859045739063;0.04384486697735356;-0.026720079695692615;0.17903077937427747;0.0649358798673926;-0.26971901861831743;0.8653070018967163;-0.42248721100654385;-0.2755268943735497;0.8846268174010953;-0.061861846656940486;-0.08909408760429066;-0.02416195554458843;0.1257856778582532;0.008460492303617735;-0.21135769514845856;0.10763142363665111;-0.06502024758104903;1.020301891255668;-0.3904607267523296;-0.26167832468250213;0.8370753297970726;-0.02979044366696829;-0.10379589465965898;-0.08910630393638391;0.14281696860371842;0.0025334520984307217;-0.23874343739201742;0.10965631747669947;0.10621673661454448;1.1094947518174145;-0.35211134276056466;-0.19204912750779832;0.6794726393095497;-0.01085208178788786;-0.11917437626664604;-0.029786007640707338;0.09212579754571922;-0.03283895134221643;-0.16779399247855306;0.08153840302928249;40.83939759008502;19.944708834472667;6.8906280557027;31.035090177447454;12.316109074131653;14.108516648622127;21.171955856813653;91.82250704112522;61.10791900265372;23.198415187553366;107.32588128220486;45.10796196293466;26.717860540306702;89.12873215880833;55.62199942611401;45.129798706501546;19.03426498470923;13.224022663641106;9.240827961457448
0.9948215499104776;0.3761026533746716;-0.11015615654875825;-0.07390719480208599;0.3169493919274559;0.2177664337973948;-0.08583022388473996;0.22848083549556805;0.43639817873118186;-0.04270016183219974;0.10025888683642381;0.40456559597678604;-0.01940838520762432;0.49825062408459364;0.5088858769853043;-0.46765895221028164;0.4224125248614485;0.6024699414601195;-0.03185849771145233;0.13571927572771228;0.05269384104021277;0.1345281653811383;-0.009307777395605062;-0.10737581496183897;0.1244845609098615;0.32570174658020073;0.8418363036640575;-0.4303835616143387;0.4671041192843897;0.5668260770479017;-0.05219664893768732;0.09041127246027517;-0.1375764256386291;0.15963204366662057;-0.06283099854027355;-0.18059182324992326;0.13705924749453458;0.18566854749389033;1.0895881411331951;-0.36679963652979936;0.4437764175165224;0.5083157164211425;-0.0298920361018804;0.07908107269945044;-0.18446187617928816;0.166914456204901;-0.0610712130329509;-0.1877452219500222;0.1315311318929122;0.08360282429404378;1.2436902502329752;-0.3005274818761687;0.349235360424334;0.41015930922681826;-0.014993574728365475;0.08694770394228675;-0.13973500505642045;0.09768667550279692;-0.04744303069525781;-0.1701562904962493;0.0902905825971061;49.73515596578207;28.55685719757101;13.874829688011001;32.03334716327165;54.49433232149423;72.48092844948833;27.72983894506453;105.13370663445944;40.46459860061294;34.63313723074656;111.16527665460882;33.30258784438731;38.09370281394007;105.99080751847693;41.41883266443311;60.7749927496299;21.641562890539987;12.807800467397216;7.376516027853736;0.9950511849071978;-0.37431031418710997;0.07811142752549304;-0.023178243850434474;-0.2811527260749475;0.37006745118603507;-0.07160652909361079;-0.15951168846272953;0.4951543098255396;-0.04206616387410268;-0.08581872092861319;0.42488381639847134;-0.043881100324389695;-0.5132331250141017;0.6445862072799644;-0.42604860554734064;-0.2403126186088194;0.8857306912458469;-0.08853608820633131;-0.08947318669384748;0.3705848942566908;0.042366376222910646;-0.02603616948574598;0.18067243927799248;0.06210210193927365;-0.2722394316093272;0.8654982793724039;-0.4204740423384526;-0.27619594836990424;0.8912682667244903;-0.061910937500557796;-0.08866143388016305;-0.025066022709402773;0.11962529091954002;0.007908881309673647;-0.2090553134754896;0.10131881529329752;-0.06663364382644063;1.0220785892929107;-0.3889925914364499;-0.26233033655808785;0.8426168106169577;-0.027190498096504645;-0.1040018840350458;-0.09269529275969361;0.13826581178700106;0.001857254508361452;-0.2383125076921172;0.10345049884179955;0.10548706144964047;1.1128775330779033;-0.3516347884518129;-0.19391449730303298;0.6793116151984326;-0.00948826072277205;-0.11842284153418889;-0.03655609421881893;0.09005546300120706;-0.031874005170966974;-0.1694798818842464;0.07781418768916912;41.07094391535556;19.67120660274853;6.514057666349416;31.14314056701497;11.959516441625201;13.50283831547756;21.069751477205262;92.13436664770431;61.66380992489828;23.178377852308007;108.35845236774416;44.77347284407696;26.820306178857805;91.441865555875;54.14399618782153;44.75485002922074;19.056363205496282;13.284719270235854;9.25856694094917
0.9946479250936416;0.37660243215181344;-0.10726486679550963;-0.07318985189834298;0.3190894152595043;0.22160904238258217;-0.08293218881997251;0.22887429015973615;0.4387206908543735;-0.04083081527619129;0.10043978980014773;0.40412675055336134;-0.01767180231352815;0.49806191655787346;0.5163675997099708;-0.4546347226394606;0.4208952236866356;0.6020121192952126;-0.03243302369863323;0.13677510642586735;0.05392020019423885;0.1300915038998076;-0.006780078582239602;-0.10470372709229749;0.12078504149168212;0.32536560672387405;0.8479105726880122;-0.41855093200839094;0.4656013822331827;0.5657216345265951;-0.05260300968534388;0.08996197641240362;-0.13758312867475533;0.15426882427721414;-0.06288475532081252;-0.17923624173958383;0.13292891164315845;0.1851829670874665;1.0945307308995904;-0.3571859631974364;0.44256768643725586;0.5079813430729986;-0.031030181870447496;0.07909371708291332;-0.18348176600696722;0.16157149861480313;-0.0608318636490338;-0.18510388067176464;0.12794805818874624;0.08250727138365599;1.2483574815995042;-0.2932572592275687;0.34954501691602585;0.4125464990652033;-0.016454832291242276;0.08787044721200155;-0.13715689197827777;0.09452995162886049;-0.0462649896372966;-0.16728134940210493;0.08793087042024526;49.64526129317506;28.31405204625893;13.757132932818745;31.01171917641206;53.52424444779265;73.0818142898502;27.22546161183846;105.4311378549087;40.89225463792683;34.387734602471845;111.39305159135968;33.71079176795493;37.880283440310585;105.61535985794836;42.09421945920547;60.72401690185105;21.513943201432944;12.652673041230855;7.280884059642431;0.99546198256425;-0.37592065946070663;0.08340905681588885;-0.01999596322726789;-0.28435681857122164;0.36859591232806477;-0.07252519868756473;-0.1618782253123111;0.4931109924065957;-0.04269542458036862;-0.08069524621066322;0.43008044195281486;-0.04392232580147978;-0.5106729082920515;0.6409010632570766;-0.4382414709193011;-0.24054759151550292;0.8928880287368333;-0.09441674919561391;-0.09126609690263116;0.3729833141796352;0.04488037007742668;-0.025478248324813428;0.17218700304337328;0.06797855612945423;-0.2686613066076813;0.8605116543453315;-0.43282882883157653;-0.2767132346928365;0.8964564703102449;-0.0642822006183423;-0.09077796821895721;-0.02014804539579037;0.13037106601463666;0.008288408204715783;-0.21510394583940326;0.11237317519010705;-0.06286378747259007;1.0161876642975138;-0.4012943848546611;-0.26395397961650985;0.8485803163563239;-0.03207691778410358;-0.10581908284709544;-0.08322581750299396;0.14709230856032357;0.0014347978172356112;-0.23888119356213794;0.11416077242654193;0.10928958557095643;1.1069354995444776;-0.36309563885617085;-0.19486914425327964;0.686075264517875;-0.011969414574632029;-0.12111038955347202;-0.028959254978825028;0.09506830440471847;-0.03332949690622593;-0.17045092986577048;0.08488667205042606;40.03658759663239;19.773743772109658;7.585891382255646;31.506234326456394;12.566425433299957;15.546677380789017;21.72832877406124;90.50334611838578;62.03986936222329;23.599885109092863;105.50812193775906;46.22898162696164;27.177133163129167;88.66965199450838;55.7551359475793;44.81392267737837;19.053900944235092;13.29704396240592;9.291049808590016
0.9944743002768056;0.37703597495635005;-0.1043514443704862;-0.07245875936061213;0.3211751665895318;0.22541649656575424;-0.08001632817155535;0.2292275875671314;0.44096791605711666;-0.03895221588106074;0.10060307892117593;0.4036157780234775;-0.01593021581809889;0.49778469596170705;0.5237658245540694;-0.44151585631884205;0.4193016607615028;0.6014470631368318;-0.03300241783960766;0.13780782305870626;0.05513831968896298;0.1256269980883242;-0.0042484553283368255;-0.10201019673526351;0.11706012173229552;0.32497141527059903;0.8538410431590537;-0.4066313468906239;0.46401447240473104;0.5645156961683219;-0.05300048119738092;0.08949624559803021;-0.137565444486244;0.14887247586495742;-0.06292742009281964;-0.17784742046291896;0.12877055827666087;0.1846640294943664;1.099284575849287;-0.3474986045636203;0.44127918325396115;0.507556540992805;-0.03216405153463185;0.07909235121911404;-0.18246806768318877;0.15619413900859522;-0.06058147057853041;-0.18242687451424142;0.12433843950070689;0.08139590947085001;1.2528083970427393;-0.28592721013413;0.34979303014440666;0.414863112505739;-0.017914746045896754;0.08877860421919403;-0.13455168345038473;0.09135306720429258;-0.04507747674680083;-0.1643736519044512;0.08555302612272818;49.55003064962037;28.07731896783491;13.640106465098077;29.98273082520834;52.54055317815547;73.66386050924294;26.733264559325853;105.73326250265292;41.330502806669664;34.15066572900227;111.61964522613181;34.1374665362953;37.67327312798239;105.21574283943774;42.791951380542585;60.67232094223943;21.38103377306813;12.498096544296622;7.187098207149665;0.9958727802213024;-0.3774578469489055;0.08868514151153026;-0.01681330524672061;-0.2875034369394395;0.36705592139480675;-0.07342910039935868;-0.16421146000275436;0.4909761794768725;-0.043315896364368514;-0.07556194845910215;0.43518976281794275;-0.043955161561803305;-0.508018415064892;0.6370981085974935;-0.45033795784574815;-0.24073660691862508;0.8998680181977217;-0.10027314715191556;-0.09303973831628837;0.37530828699708874;0.047383133188475354;-0.024916086151574025;0.16367797519436222;0.07383577515402222;-0.26503598267029316;0.8553668914428905;-0.4450880911834404;-0.2771773883461614;0.9014687652816765;-0.06663870006089431;-0.09287497851208448;-0.015231528242498337;0.14108051512723552;0.008665952165442898;-0.22110520358403182;0.12339429693830527;-0.059086040560240465;1.010109994875897;-0.41350670276386114;-0.26552572462819996;0.8543761764173285;-0.036951988330645696;-0.10761422163095746;-0.07375071169816257;0.15588136608116462;0.001012522782143089;-0.23940387970446134;0.12483783821312011;0.1130672554149163;1.1007895341548415;-0.37447517591436785;-0.19578573888193768;0.69270128425077;-0.014445626186173212;-0.12377203624982104;-0.02136508235011444;0.10005769215359485;-0.03477709082097542;-0.1713885474306465;0.09193542254391433;39.02568044486728;19.873075792475586;8.653700429128248;31.870577003936553;13.17234316109056;17.78185040526981;22.38761529820912;89.06708689072855;62.30213643732182;24.026500657580197;102.75827014131511;47.60084338618647;27.54084506260751;86.03842557021046;57.24728758018646;44.925426771863556;19.047595070134985;13.307007173506321;9.322899217121044
0.9944157797733404;0.3777851165306798;-0.10092291222651614;-0.07322692605486898;0.3229029005365952;0.23056489608339104;-0.07789089879757108;0.2284972235625853;0.4443313892673033;-0.03733805838893626;0.10007954320303408;0.40322310521251165;-0.014480396458372336;0.4949460154668573;0.5308080077214731;-0.43222337940144456;0.4172773886210262;0.6025101835454076;-0.0348737516459342;0.14031516916906595;0.058366893958159104;0.12011719778124019;0.0003792380791707538;-0.09781523951690467;0.11279776039907682;0.3216439938876158;0.859232775964814;-0.39782430532060653;0.46255887233598786;0.5665339036267198;-0.054282996054990734;0.09212152142300443;-0.13443375822049336;0.1432584509798538;-0.05964670306449559;-0.17622267477445408;0.12463651573244784;0.18154994820105164;1.103382796494005;-0.34015294089921816;0.43994624842518515;0.5101982118355656;-0.03364233067859371;0.08246655268586363;-0.17870021333050543;0.15115043879575607;-0.056815408430039016;-0.1795445287137004;0.12119374709838836;0.07844037900724342;1.2559927306352354;-0.28031601753545826;0.34995181087832594;0.4187562339167572;-0.019559984202086947;0.0929525657954449;-0.1284936061363322;0.08817027012912985;-0.04006870719623597;-0.15969649681454823;0.08334495844568372;49.52245757807185;27.84194546312926;13.448814309590919;29.12583780175544;50.95690165898612;74.16232205752979;26.356307993151766;105.05185980140007;42.1031749049614;33.915275726503374;110.99650943873547;34.64868700585138;37.456567074072375;103.42368334797939;43.85964903371431;60.58184841302643;21.259222300695455;12.346605470178273;7.081223102049101;0.9962192507189856;-0.3788494972937168;0.09271086414313433;-0.014264828799905883;-0.29051029852465343;0.36559957408380894;-0.07395540952276625;-0.166359856710008;0.48957725584325285;-0.04364241463306787;-0.07197118973377081;0.4406463607350751;-0.04386463191593377;-0.5059831073459363;0.6341769292677343;-0.45931363210199005;-0.24064196060490858;0.9051533954681172;-0.10465413581366209;-0.09495084016194166;0.37756908909687203;0.049293513069063016;-0.025358124538186057;0.15838314088311384;0.07829509840836417;-0.2623343880536709;0.8513981947233865;-0.454204560596065;-0.27757745469736494;0.9056884780110597;-0.06847659175072274;-0.0949191646805881;-0.010594783178090292;0.1492777206474558;0.008630725809466824;-0.2253130093357199;0.1319640771410418;-0.056225880106277874;1.0055265177886796;-0.4225851178409263;-0.26683186769262457;0.8588487626999014;-0.04078896181693402;-0.10919920352049582;-0.06552895806058309;0.16267234608319112;0.0005402192555247956;-0.2394703441526177;0.13326381836594633;0.11601452813091244;1.0963840284562163;-0.3828966278246387;-0.1963586767519917;0.6987185720598399;-0.016301513650545257;-0.12605739559620052;-0.014594401220613111;0.10396402744865432;-0.03629038230394227;-0.17185083895589515;0.09753330619685634;38.199949249112045;19.994774738706045;9.484818985709015;32.15352702079027;13.613508074623198;19.40080126362679;22.87928803408842;87.77657466087777;62.655143662387154;24.341718009582575;100.4633355819958;48.77566329372308;27.794465019910774;83.80086244038523;58.49561808512695;45.056052195420065;19.038312244627203;13.317730590781307;9.351621049297375
0.9950485013790508;0.38069083861550385;-0.09447036371421375;-0.08307365831949998;0.3226893991720693;0.24393292793638754;-0.08058593636735988;0.22139738850608776;0.45471201716853016;-0.03734691262031476;0.09548868722991703;0.4038192312501681;-0.014802114386116555;0.4770241713161481;0.5360473279828052;-0.4463009953801633;0.41294924908943714;0.6137886353591153;-0.04460573721600367;0.15179346340127828;0.07373598442625222;0.10840890914879509;0.017619550155547253;-0.08465525235118677;0.10538737766608672;0.30087722641494713;0.8619499965198945;-0.4080626154454763;0.4622139894767366;0.5883535039267228;-0.06092991924652777;0.11342081968179243;-0.11264555759867508;0.13644720665309001;-0.036397677511674824;-0.1733017490412705;0.12074588870572497;0.1629368027350811;1.1042727352731185;-0.34716583245522337;0.43864966639673186;0.5316512934585127;-0.037213847717639366;0.10622008424764219;-0.15847542536466963;0.1482342415439197;-0.03192226141891867;-0.17555613271136997;0.12094132118699949;0.06443850380384909;1.2523954159534374;-0.28526585989559144;0.34981137810501006;0.4324199201889876;-0.022330117078797777;0.11684954010460709;-0.10174224841371475;0.08502120923542628;-0.012084305031309596;-0.14448343094128907;0.08222278663308862;49.91136947206731;27.597422544186045;12.82419208561827;29.34402543854004;46.08322030405515;73.29979030617997;26.626530437982467;98.07600615371652;44.970063597263945;33.676106943715546;105.00516954646378;35.576130945080834;37.168139081514816;92.9241737865231;46.49593336529377;60.26702564183696;21.22911063684552;12.212188620778756;6.896816449911333;0.9961793969940164;-0.3797602821697732;0.0893355644440206;-0.01552465829650844;-0.29300446809444636;0.3649943595608974;-0.07228344262659014;-0.16758772042630443;0.4930915098875565;-0.04224253578543491;-0.07771574502016712;0.44871326252224136;-0.04307208214848587;-0.508164381280582;0.6371738100566618;-0.45003052437107305;-0.23907447601058263;0.9011857192407097;-0.10029232761413265;-0.09781232699874443;0.37985056200687123;0.04770292926797126;-0.03189326209631255;0.1725780755502458;0.07445421164397767;-0.2654350569606642;0.8553272946018261;-0.4449263418200927;-0.2778737155438291;0.9060864414053752;-0.06727708057468279;-0.09676684568614119;-0.007595300261423644;0.1425691404205572;0.006111994963533461;-0.21897655611145475;0.125983378179819;-0.05892258385395902;1.010907137579584;-0.4132903668895977;-0.2668191707787791;0.8562526395479679;-0.03845176592762043;-0.10964607833586264;-0.06482832279859664;0.1576558232485807;-0.00023987055037617475;-0.2370233090183238;0.12834752598412866;0.11410472886011813;1.1035224802334163;-0.3739577151932401;-0.19506126866513013;0.7018409600559941;-0.01445403753813433;-0.1262280653215565;-0.012718506814200415;0.1014889531951291;-0.038256848108065324;-0.16962196851696731;0.0945457338578278;38.356286511812506;20.269789915513915;8.943853532605049;31.942160878996052;13.080284726678512;16.50269559038688;22.35892994313957;86.35595401307242;64.10730864495389;23.960573663682542;100.2307573730474;49.29772235064956;27.348429175685748;83.09599097780574;58.9580371239278;45.03090748843758;19.031063712308214;13.34561641200931;9.364771535457237
0.995681222984761;0.3833986698202479;-0.08794382453398703;-0.0929091630078359;0.32229887327575124;0.25721406970928884;-0.08324629839776129;0.21415197780735623;0.46488024482243784;-0.037335395091321964;0.09082974191283943;0.40419682018935493;-0.015116861915452237;0.4587795654365963;0.5410119812423207;-0.46018362971733656;0.40838050402643766;0.6247708982592527;-0.05434711206482602;0.16322864807431176;0.08911810378928486;0.09660078475386559;0.03491003799989277;-0.07140337046425392;0.09789371791511661;0.2798740574527956;0.864205762337997;-0.4181135160536081;0.4616154046239327;0.6099273743792227;-0.06756661276160601;0.134732037203775;-0.09072024268240671;0.12953779566877616;-0.013048124438819225;-0.17027601745805893;0.11677580329981001;0.14417008233825476;1.104562501076729;-0.3540133941999721;0.43710895432540114;0.5528883500918879;-0.04077742345405191;0.12999798177537927;-0.13809390941643987;0.14522694912541453;-0.006925328846157485;-0.17145799657692726;0.12062194991611873;0.05035285796350776;1.248101444571279;-0.2900770320849296;0.3494793576205525;0.44589477220408624;-0.025097659825525483;0.14076557110748908;-0.07484251718967237;0.08181477847718659;0.01600376789587103;-0.129138664956823;0.08105180436868985;50.2671273531898;27.37984620559693;12.228559392485108;29.568337023243004;41.70539558781133;70.56755290747388;26.943009708971715;90.67908075131953;47.89920134675746;33.493605848449626;98.67956396087187;36.46483367578649;36.91802813427947;82.21235529846015;47.528576202833726;59.96188812486656;21.193245785793962;12.083161798135446;6.721722004637324;0.9961395432690467;-0.3806384684237698;0.08591189376774819;-0.016797018332304434;-0.29549379966717315;0.36434102537031776;-0.07058434654222552;-0.1688105638002457;0.49658987600313775;-0.04082200865820485;-0.08351665396108306;0.4568209157147816;-0.042265676914998294;-0.5103129486976802;0.6401326500424587;-0.4405912851994557;-0.23746219377530398;0.8970711876855224;-0.09586972379742491;-0.1006952043996287;0.3821149684948176;0.046088917545252295;-0.0384988973563155;0.18691446104680245;0.07056135666259183;-0.26854088134600973;0.8592042652920728;-0.43549262399014027;-0.27814192633012147;0.9063864980589268;-0.06605636333867104;-0.09862453975915976;-0.004560947295826188;0.13576837548100756;0.0035640130422461957;-0.21254350107282535;0.11992062281185249;-0.06164320556372211;1.0162345012138052;-0.40384350538990305;-0.2667761700419274;0.8535302922834287;-0.03608372189127663;-0.11008562649888377;-0.06411241508848929;0.15256459683369217;-0.0010287787794101095;-0.2345217347616425;0.12336097940526156;0.11216037632915181;1.110617139376326;-0.3648751728674803;-0.19372710039295718;0.7049194207528504;-0.01258397885148923;-0.12638640212861177;-0.010819903770294025;0.09897434197864889;-0.04024128756124937;-0.16734865144960706;0.09151359810070625;38.520527636291725;20.546630256714217;8.417985328869035;31.73155105193602;12.551098626743295;13.971578029148569;21.83302197642999;84.84712279180106;65.64029156940055;23.578931608438992;99.98997501971175;49.83722293860497;26.899985117810637;82.37380274711113;59.42388322083291;45.02623083245911;19.021445384461863;13.372238583009292;9.376993929110165
0.9962058221884224;0.3841782933912817;-0.07765711719848822;-0.10324193417729129;0.3182309601436574;0.2700648887185369;-0.08710749184444752;0.20566778174973938;0.47223934978904875;-0.038453290456744296;0.08572494649130044;0.4055870663868445;-0.016232845592847885;0.4385042567809569;0.5497465026027178;-0.4747101778687015;0.39939846709162297;0.6345729256716284;-0.0620470103931524;0.173253778903597;0.1061479432472194;0.08836434721868994;0.051501391777469895;-0.05781829078661216;0.09304949314977111;0.2571834624187326;0.8663409990361012;-0.4281471009448065;0.45578639026373;0.6310167242205941;-0.07336058221200037;0.1537700860908524;-0.06828378672322885;0.1257636391354985;0.00908860964330166;-0.1666335478762498;0.1156512035624183;0.12382457129396547;1.1008447359818052;-0.36016004716166145;0.43054506420141436;0.5735301142472019;-0.04442961382009214;0.14984006955716125;-0.11847487307494094;0.14431915784085644;0.014650114676755427;-0.16795514659924374;0.12234203713660421;0.0350451593626258;1.2369983710458157;-0.29342201231660375;0.3441769337161079;0.45883390371332367;-0.027173247093951768;0.1591635242302972;-0.051122119074246554;0.0801849158057858;0.038604264044434164;-0.11764502849080054;0.08135568134062107;50.34801544743999;26.936818188768374;11.75617087084975;29.886893351009626;38.16064319536842;65.76925977768775;27.215004449230022;83.78785084425198;50.164900363286485;33.15967720966666;93.28192375227766;37.14875204427151;36.42586200980262;74.11226526781209;47.14676809062891;59.45260487711277;20.96243094689953;11.917957048309141;6.566384534020403;0.9960965122073246;-0.3805526900897972;0.08477077522104767;-0.016157079172508713;-0.29646046076752564;0.36266165840014764;-0.06938990126298462;-0.1697631780409364;0.49782283150545825;-0.039971271318677636;-0.08601959230864936;0.4630509096503479;-0.04184707508627992;-0.510944351791713;0.6423597610671112;-0.4348855183032695;-0.23613500151109962;0.8912637642921482;-0.09309296429803882;-0.10228121004715235;0.38314863186527265;0.045681861401392916;-0.04194882831056176;0.1962840487463202;0.06890697367003037;-0.27033795212849643;0.861276337542226;-0.4302562748279453;-0.2775151626002296;0.9044928746876177;-0.06468177694138703;-0.09904155619525688;-0.003282945041898737;0.13320409461195634;0.0023132701489100693;-0.20807596039008983;0.11757198269597281;-0.06342448146849912;1.018877484162337;-0.3989459647300451;-0.2660527772342865;0.8490082868648327;-0.03458372295511861;-0.10945652187324717;-0.06422798965090194;0.15075735821320757;-0.0007735483438662527;-0.2323782256873064;0.12161009454374531;0.11067141350810634;1.1139182192180743;-0.3603464704923843;-0.19238669654856155;0.7055087404331004;-0.010660702562833652;-0.12584983618100334;-0.010044197324242188;0.09877835927146363;-0.04097039143278216;-0.16605116425441066;0.09081378627018656;38.46256063472737;20.707991903163208;8.310345388988233;31.538060920596386;12.33705317661594;12.690444247869651;21.575733131710024;84.20373586855399;66.03855785971187;23.389485435559322;100.05101163561713;49.82472697487567;26.686677233203056;82.12014698898587;59.415031867961;45.084514759049284;18.95882749358413;13.369721287974476;9.376496124085532
0.996398665849949;0.37947190815431353;-0.056357291219471785;-0.11490202329687772;0.3034607310548238;0.2815311897026533;-0.09457464449285301;0.19385572102868948;0.4713622511015474;-0.042988018244169236;0.07948690613972363;0.41037538212712527;-0.019754124477266616;0.41303423512661325;0.5701465901368612;-0.4912421709289495;0.37769581236999916;0.6411441785807741;-0.06343887080044049;0.17891998445661603;0.12780662842006335;0.09121022243943099;0.06559580947686101;-0.04363587604581606;0.09641845669460747;0.23022946709220277;0.8688609329404022;-0.4382637010891663;0.4347392954381574;0.6506777275079553;-0.07652655899055218;0.16558929544755738;-0.044953761569239914;0.1316720462062073;0.026992967475143823;-0.1613787308843597;0.12325554386445836;0.09935856329754963;1.0861453185228782;-0.3643640230869733;0.40938467496304487;0.5923673669994648;-0.04829517608781705;0.15741818413647057;-0.10178102245458369;0.14990870407229118;0.025343774423770914;-0.16649732376597493;0.1302890629027089;0.01648004234472512;1.2067735609569923;-0.29252474674373524;0.3243241963284207;0.4702432371932624;-0.027130403143492063;0.16056613303020958;-0.03766943650705071;0.08343267640697868;0.04407972113762616;-0.11818982963748093;0.086180606447507;49.62364313724491;25.759568746537116;11.563541905615946;30.448094684844143;36.05065690738363;59.70071564591103;27.256244058348347;78.92701317984151;50.88135139854208;32.2744535828591;91.02113108567019;37.64681756011008;35.13894820198351;72.32176328882228;48.472520018327536;58.22304047023022;20.18271306757945;11.642902707030496;6.460268037962499;0.99604373201816;-0.3776146415337178;0.09069251961066843;-0.009688040793389727;-0.2927979477859352;0.35800079274428087;-0.06980878509678559;-0.1698922662936818;0.4921916075866056;-0.0409117472611182;-0.07833619341562059;0.46339032041108474;-0.042644755671144105;-0.5070324455763657;0.642418431721838;-0.44096636489225777;-0.2357967447188826;0.8807373579794652;-0.09549752947350257;-0.09985446922352671;0.3804671861622554;0.0490016107026064;-0.035598045414595325;0.19009962342609782;0.07419741888405006;-0.26812043647649525;0.8579543287056314;-0.4382074866988504;-0.2742432641028076;0.8961881594795492;-0.06290891049066662;-0.09505244258123811;-0.007440101538217133;0.14376084750148682;0.005089524540783086;-0.20986841729590844;0.1267308612037783;-0.06227049267311212;1.0134485864978913;-0.4082924247228399;-0.26334278951116125;0.8393763906892006;-0.035814163572485146;-0.10560694931384748;-0.06690313161927709;0.15912592658909028;0.002670387539272123;-0.23147987730102498;0.12987711809415983;0.11066757726279379;1.10574604417412;-0.37005050740843654;-0.19113184527562327;0.6986282662089557;-0.008656229406530993;-0.12323844302608751;-0.012743721444677478;0.10572050386739222;-0.037833497384681655;-0.16783988920034104;0.097312745189136;37.728818275203686;20.509989205071058;9.439859650802045;31.395248792581015;13.083405729600445;14.442764956109608;22.15182764079678;86.33565625349188;62.85939275801668;23.787172247397216;101.01606265717498;48.101149277832306;27.204752360967674;83.31361009328211;57.93858052106925;45.306144629258235;18.7423367552191;13.281325747765505;9.33868655582991
0.9965915095114756;0.37460153897549525;-0.03564174953870378;-0.1261258668646402;0.2888845469332843;0.29243390716487383;-0.10174566168333657;0.18223783431725427;0.47013465488195194;-0.047354442074787124;0.07336968944394782;0.4146945211440273;-0.02315559471455153;0.38798687560679157;0.5894886748890461;-0.506893451318149;0.35633273530967935;0.6470092964714211;-0.0647389499184138;0.18427590754004827;0.1487233611887082;0.0938991814091325;0.07922143498034354;-0.029837625310122396;0.09961089061258793;0.2038879573888628;0.8706125799205106;-0.4477314334687145;0.4139668575829604;0.6692382548499628;-0.07953788811350766;0.176927081348246;-0.022277107972132844;0.137300745418868;0.04434679767458239;-0.1561502933818081;0.1305367921865203;0.0755360432295619;1.0710128337102325;-0.36815282902289415;0.3885225370757485;0.6101750452530178;-0.052007966359866736;0.1646467006549469;-0.08549910215253723;0.15521339991647914;0.03570125871451092;-0.16494961329693097;0.13789725559491967;-0.0015497411440387888;1.1764780419046241;-0.29142039184987406;0.30479900245859226;0.4809399724130068;-0.027067159746479188;0.16179908108557017;-0.02458412305868699;0.08651785815895185;0.04935820927326443;-0.11862415338754709;0.09079416206098229;48.83314310551273;24.630407181650604;11.342007176033325;30.959681651760594;34.42211409861665;54.12590717163275;27.32759453098147;74.55252048738045;51.39971966432859;31.482542095377667;88.78256974751886;38.276870784721126;33.93346646428564;70.54235250696375;49.904332025022754;56.91046310638567;19.45620298942291;11.393116976886184;6.377056134121963;0.9959909518289952;-0.37469948800709074;0.09650245795872299;-0.003332757717886979;-0.2891776909776803;0.35339482795161664;-0.07021487345642205;-0.1700059735077662;0.48662211576988446;-0.04183242307174257;-0.07078275227700549;0.46368800307354613;-0.04342503001561415;-0.5031506954971251;0.6424265429715685;-0.44690558840910277;-0.23544629864674355;0.8703293774798185;-0.09785217235439198;-0.09746298446209473;0.37780387372420826;0.05225882307777877;-0.0293569274207621;0.18401000869539344;0.07938850359208093;-0.2659215027865026;0.8546249839372243;-0.44598418266354184;-0.2710081381855137;0.8879613550801714;-0.06116257446737252;-0.09112660922388492;-0.011523102760448023;0.15411966382587106;0.007816246847885436;-0.2116129699365013;0.1357178583101453;-0.06113212937089757;1.0080376585746502;-0.4174419788975354;-0.26066046880121546;0.8298502757965484;-0.0370200646256255;-0.10181737353574231;-0.06952576628245231;0.16733410488949296;0.006053159841559027;-0.23057958603362272;0.13798780356386128;0.11065527809022856;1.0976332801704043;-0.37955425727239234;-0.18988447146460166;0.6918157226374991;-0.00668656819802695;-0.12066377172573138;-0.015394481582612645;0.11253162288311963;-0.034749210022041406;-0.16958401571299161;0.10368917103667233;37.04077887799867;20.311860173718006;10.558194936867364;31.25343278820308;13.838983870580654;16.295727129505792;22.719095744398164;88.27065364212393;59.88254259426796;24.17928139557473;101.91197959209386;46.4304853857713;27.72810868236022;84.44440444759557;56.46676553452494;45.56960287313602;18.52931400646793;13.193041026861753;9.299675065268119
0.99664995438131;0.36906516802642464;-0.024036850970492782;-0.1362701935721302;0.2789703449221367;0.30057054305041686;-0.10668212409181976;0.17370331238021164;0.46907818101262566;-0.0501467280949319;0.06920699814108978;0.41572513319259885;-0.024840191319589717;0.36695656844479985;0.6040922716709761;-0.5168194978800104;0.3407267338091247;0.6517634035234963;-0.06763812519315819;0.18883984590886949;0.16358885843796955;0.09428479606762163;0.08807968884100305;-0.023852550416854884;0.10121115317343632;0.18245657043177035;0.873002022897022;-0.4523019654213145;0.3958314242490197;0.6841393570172724;-0.08421952355893735;0.1874338345015353;-0.00213477313292901;0.13899464310597842;0.05892676559166505;-0.1537990106362176;0.1346180771302901;0.057624744249334045;1.0609139813055817;-0.3683635318758476;0.3712747491975759;0.6244415937322569;-0.05735983243692866;0.1735136231227209;-0.06521015790522448;0.1558325918346816;0.04731344116720872;-0.16219904879806343;0.14164906391560686;-0.013351378744148327;1.153779070641336;-0.2879425489465741;0.28855450240333197;0.48724269681549665;-0.03044521136371772;0.16521157850247417;-0.008382372397544836;0.08532605366787296;0.05738734268532089;-0.11572798926980084;0.09222583910338458;48.6812876964175;23.867892161709225;11.085671700355983;31.103590158368426;33.435087899517995;52.261053559312295;27.105668917300356;70.79199010886562;52.69460009217894;30.649728337334324;85.2013766022155;40.067990100254;32.76925831250346;67.1492211937197;51.67464687362424;56.33031919979566;18.96307534378135;11.147545381180324;6.258506101499167;0.99604324076805;-0.3730654439592166;0.09879556929133335;-8.120424844898279e-05;-0.28781374268976195;0.3522807941411884;-0.07045688662145372;-0.17033077066861108;0.4851288068097862;-0.04227318503163882;-0.06565334993581813;0.464558545366623;-0.0438388042853353;-0.5016703016760683;0.6435864705298013;-0.44914871542072243;-0.23529922931506375;0.8658821695523556;-0.09765732688558111;-0.09592159673426702;0.3759532313048378;0.054291341500298976;-0.02546490789760422;0.18106312410601375;0.08162483274387147;-0.26466294182378464;0.853185834710884;-0.4494746474205991;-0.27061752912757037;0.8858476100374789;-0.05998915795297801;-0.08792948810969689;-0.016827822341041812;0.15808207348659054;0.010271627840315904;-0.21306316200857628;0.13864935975691522;-0.06032871414940344;1.0057923645376112;-0.42175856764580943;-0.26044009996121537;0.8260699525632759;-0.0364800149124125;-0.0987396544137019;-0.07333093391790657;0.17067601105199043;0.008978380491437466;-0.2303696958528775;0.14044780834269147;0.11074129242954593;1.0945049855429683;-0.3842496183167311;-0.19056847776770924;0.6890534796478954;-0.004605450080628821;-0.11872106733390606;-0.01819263940849232;0.11570122690549271;-0.0321677501580904;-0.17029668361398578;0.10574605249695317;36.837210975034665;20.180335879934947;11.276903238719568;31.192514932575435;14.204679052363607;17.186636149397604;23.005618528753164;90.20211116763257;57.84251584784078;24.460656598632955;103.01964984883485;45.25637651070556;28.10795715925147;85.40298718969973;55.55206097745254;45.76352784438547;18.41623923467293;13.150354103905356;9.266173589100044
0.9964103017878354;0.36233026802100327;-0.03142404500099773;-0.1447352430901717;0.27893860205344106;0.3035424731687387;-0.10719841844655173;0.17160250585396378;0.4689420359345392;-0.04976245885203296;0.0691259744188514;0.41030347789293403;-0.022960969597053644;0.35404486025470266;0.6099925630485732;-0.5156109456728836;0.3371691562268329;0.6551908216327995;-0.07417314199441254;0.19215690607040004;0.16639071899544033;0.08988349332500167;0.08725370333861633;-0.034336638517765895;0.09960843413087762;0.1707987596594276;0.8779820945970455;-0.4471858956471972;0.38303035375291183;0.6927604655356713;-0.0927903429985;0.19687449124881057;0.013487652144845165;0.13252908660347673;0.06830390260319104;-0.15769182591185626;0.13221245407809315;0.05162509522775529;1.062487070732521;-0.3614053157107185;0.3614593767797061;0.6325761032017422;-0.06652965699391984;0.18650345345899563;-0.0355284335945592;0.14666062011398273;0.06218909408386271;-0.1569613944723343;0.137504638355345;-0.012381198475072993;1.1477871758960099;-0.27960324558645344;0.2789677848741148;0.48505714326422616;-0.04137191980478219;0.1736492218153348;0.015197760169275367;0.07504506979929593;0.07173115561253887;-0.10572918692395206;0.08703626583345833;50.05755632786888;23.821430509855162;10.804840769181622;30.537105711363044;33.16565158584971;57.15050504527033;26.1975713322583;67.51551053588008;55.97159813359864;29.57793904992809;78.43678302788368;44.370148861790895;31.555700522506108;60.329952301814224;53.67145348823231;57.50128456875408;18.89114437802831;10.876192009993636;6.033633317987816;0.9963285737709684;-0.3742286080584908;0.09344615123602341;-0.0035328687347647935;-0.2913976788792138;0.35885548059663447;-0.07035553682321356;-0.1711538535612421;0.4926109978346898;-0.041679689339806675;-0.06565793556898723;0.4667811507088712;-0.04346729928026939;-0.5054769798478055;0.6474069309883848;-0.4433921797230044;-0.2356210522737067;0.874483020488196;-0.09184707934293783;-0.09619981200381414;0.3758587173579365;0.053716536322345715;-0.02658910629252624;0.18493887664832867;0.07745293790768719;-0.2654540836632088;0.8559491909314199;-0.443717378530945;-0.2765099700949983;0.8972178074475916;-0.06003587029060934;-0.08621401813426874;-0.025049593156753792;0.14813302986206242;0.012233344828461955;-0.2139499129887048;0.12837516493079745;-0.0602365824066165;1.0105438708842756;-0.415654100149519;-0.2656656996772373;0.8348873893300545;-0.032073852687681474;-0.09711269117209437;-0.0799102739089475;0.16345384040726427;0.01101916567656108;-0.23169876493501682;0.1305746213155022;0.11106022735771583;1.1023547574663877;-0.3785897061620103;-0.19555921802064066;0.6951797025525909;-0.00219183176463291;-0.11810301644847983;-0.021435220977364274;0.11099226692866383;-0.0305896399551935;-0.168785686156894;0.09838230734583737;37.63658972243438;20.196995710594038;11.133317834380366;31.306941185830308;13.692482944559806;15.792520537249928;22.682688310551463;92.64820554430355;57.38708975321146;24.504072228986754;104.79059605175473;45.045024814943254;28.160923903182294;86.13820186863666;55.84465538083764;45.75192300064565;18.518955932642232;13.20827389779017;9.246162734529902
0.9961706491943608;0.3556372461861674;-0.03868707895936455;-0.15303818379525458;0.27885648694741766;0.3064113895911335;-0.10768688177505088;0.1695040764973847;0.46872253386504437;-0.04937527287458055;0.06903364037825789;0.4048938966607136;-0.02110768636813372;0.3412755652575305;0.6156869951320968;-0.5143277159362244;0.33360710910915703;0.6584437797853632;-0.0805898625753648;0.19538573738831572;0.16911731015104162;0.08553635457081818;0.08642504371996163;-0.044646387312173776;0.09801323957526459;0.15929668606410866;0.8827221756252519;-0.4420702732240821;0.3703646355212909;0.7011169982261333;-0.10120683322835346;0.20612788799912107;0.028857165770354905;0.12614300826208105;0.0775182504667762;-0.16149346887581736;0.12982128000069262;0.04571221283555121;1.0638411331158912;-0.35449272653612446;0.3517354260760657;0.6404648159855539;-0.0755403395784348;0.19925101689549213;-0.006316071991837684;0.13760893680032982;0.07681492363300163;-0.15177907646618552;0.13340157208763387;-0.011424313228202709;1.141681972802694;-0.27134663165323586;0.26948387064317836;0.48281814832119696;-0.05211590975428266;0.18191992148664254;0.03839709492369379;0.06491521687431236;0.08583193081558721;-0.09587139463776408;0.08191401309632818;51.451054809586886;23.779095753925382;10.532054009073619;29.985935346476918;32.92916321114382;61.87432381884758;25.30977931310915;64.48265432762238;59.04547757310834;28.54346742647496;71.7776436400094;48.61282393775126;30.377198726141042;54.070123294864786;54.95247958202493;58.69391032498996;18.819449853464075;10.616677024603886;5.826799352413594;0.9966139067738864;-0.37539136984375726;0.0880219478798321;-0.007030092032015637;-0.2950167676840319;0.3655020750812797;-0.07024987349998743;-0.1719806074054794;0.5001714652724701;-0.0410765740786827;-0.06565980890730844;0.4690134742939056;-0.04308903887741043;-0.5093127187569347;0.6512506403766299;-0.4375406878076747;-0.23593718561407853;0.8831608333700129;-0.08595601158713366;-0.09647764855179444;0.3757470776849095;0.05313185071249783;-0.027727068700530873;0.1888581423460059;0.0732225263636277;-0.2662444907733392;0.8587129899334653;-0.4378651299799673;-0.2824687623916286;0.9087006791661262;-0.06008066563255988;-0.0844721901778707;-0.033379181276869604;0.13804598159417505;0.014220522818548732;-0.21483937057003494;0.1179594941678282;-0.0601406865745217;1.015315618513965;-0.4094512405134008;-0.27094927820286263;0.8437863284351803;-0.027607988068619423;-0.09546008168512603;-0.08657336461801851;0.1561291281587048;0.013086510189437493;-0.23303564832187326;0.12056517572941518;0.11137869516700086;1.1102619213016545;-0.372838854198183;-0.20060778790142622;0.7013576903622617;0.00025384100958287956;-0.11747179313783106;-0.024719836521929148;0.10621626174835772;-0.02898933999095335;-0.16724755104831365;0.09091689406996761;38.461476148812224;20.214024769651243;10.992866385131492;31.417641387964277;13.182190073862655;14.42431943498923;22.355090999512807;95.37702448046272;56.73285931655059;24.54289268150951;106.67146293537617;44.78135062618123;28.214034887107854;86.93340262469252;56.140299100163865;45.77613240768862;18.622533989011814;13.265847110440438;9.224808005823952
0.9961178140034834;0.34796886666536814;-0.03875602413043703;-0.1652174574391264;0.27559405745039833;0.31085853728246476;-0.10895874910878285;0.16702476778734215;0.4702524779440413;-0.049072889297870556;0.0693399670007662;0.40119965460565543;-0.02003855173561575;0.32122147768224485;0.6292081308950067;-0.5114305502403084;0.32840509079430363;0.6642074271963678;-0.08367067304263293;0.19753634060827238;0.1716132369457282;0.07874687337913773;0.08941526231725272;-0.04574847192659643;0.0925351675884936;0.14133200712287788;0.890237682157107;-0.4330151648962892;0.35655159957617766;0.7088680129249052;-0.1046203654657759;0.21423567608797317;0.04492572581889082;0.11637376360561699;0.0891311845798687;-0.15390618949174326;0.1217740755932646;0.034605755092368636;1.0623482615362074;-0.3413934685456637;0.33796970785811004;0.6464928839116062;-0.07916409293449933;0.20794370122663072;0.018346737965827253;0.12515186786111185;0.08999378438612204;-0.14179911582169283;0.12364860163895401;-0.013656837629769372;1.1307224629856856;-0.2552322779429814;0.256966339854611;0.4786943290266841;-0.05786106383103293;0.1870238375308356;0.05881625463926475;0.05399950619888183;0.09833561640959491;-0.08372704100701983;0.07319663133994711;52.225020952829524;23.459365570532658;10.115794214116104;29.467123471241482;32.2810065360472;62.730661037032554;24.763960856524967;61.04475856885926;60.451858260135936;27.667896096938936;66.14405788764479;51.517734156361236;29.268434313407642;48.86616705310245;54.75902513146367;59.39812675104229;18.51666965046016;10.282587959345086;5.653719940099147;0.996768323461551;-0.37611949786760174;0.0866459937098058;-0.009424869391899909;-0.29701094176321635;0.3686520748373963;-0.07107588940027353;-0.17230314095093271;0.504414949995371;-0.04143530564443657;-0.06464960862953342;0.47051330478342973;-0.043601007899353283;-0.5104385545581158;0.6530456883768115;-0.43676722567285853;-0.2358606888117987;0.885632453030942;-0.0830118463116655;-0.09653074113854752;0.37387628739391665;0.053230926683846325;-0.028402856601973267;0.1905814028677804;0.0713199464710682;-0.26567094290720444;0.8593794203549626;-0.4369049804764935;-0.2856170076877866;0.9132687877978268;-0.060586480513986476;-0.08439586906231755;-0.03636201127716067;0.13304760682016037;0.014450428714750984;-0.21375858372891215;0.11281702392473117;-0.05905739400181546;1.0170757218877708;-0.40801179850748115;-0.27338807052603203;0.850182864690845;-0.02587354732463868;-0.0955095506750986;-0.0880896384356195;0.1524586596556822;0.013368648755297096;-0.23245983900529504;0.11566596142089976;0.11244180775932437;1.1136399739043525;-0.37130524742569676;-0.20319175759422833;0.7042723933960876;0.0012731750461503972;-0.11778132066810132;-0.025720551999304918;0.10383893047681718;-0.028466931113656738;-0.1658586682866376;0.08722587840368297;38.66057108375618;20.28106101113735;11.025513283005495;31.51604506981717;13.031723183375899;13.748481384952935;22.284394679191063;96.35626510821598;56.58203724563971;24.614576891090856;107.13429829407002;44.9860850663424;28.315348312644716;87.07563423453259;56.43069488237523;45.68833063305075;18.660458959353647;13.302837159373825;9.212665458865137
0.9964570508326644;0.33822960117372436;-0.024483328993068324;-0.1848674125134901;0.2658674982774343;0.31820062944892613;-0.1117067642345408;0.16371134748509644;0.474951758384619;-0.04891200063602298;0.07039269319445639;0.40071014190788407;-0.020529638699940952;0.28669946990428674;0.6577553097852394;-0.5050344961107684;0.3197934973321965;0.6744851917245189;-0.0800250649543475;0.1973927773926284;0.17351396000986566;0.06712568357101739;0.0999148662602832;-0.028485559294466643;0.0793349535540247;0.1106242802297385;0.9026324327631855;-0.41595307421350486;0.3403906793373663;0.7148809420201768;-0.09797303122773977;0.21983631394871506;0.06217269249439631;0.09991118729374265;0.10532818194601115;-0.12364517583084263;0.1024872697812854;0.013269748392567712;1.0545415496837702;-0.31591907872603775;0.31610711177402817;0.6483439696150174;-0.07197639018196092;0.20833687414082766;0.03366092341494264;0.10598262739690388;0.10008534610484969;-0.12229744389005547;0.10268664178671517;-0.022202234939719175;1.1095202653370846;-0.2235058908376256;0.23839460080912167;0.4705671379852838;-0.05355606045422924;0.18564992352035078;0.07343133006138262;0.041611470160558564;0.10745578625081476;-0.06711938457643314;0.05737906537083791;51.705750267184364;22.595922978432583;9.41670722705503;29.069205935553764;30.871543367381495;55.458308325631776;24.89606250500473;56.60807919904219;57.53369224609989;27.066585504622697;62.119047823350854;51.644965953667224;28.239951217402538;44.907095182056885;52.139494127318606;59.061683376817086;17.786584994374643;9.837430434499796;5.590087908460755;0.996647987243616;-0.375909028486794;0.09386588164235543;-0.009424338160454912;-0.2955159386861494;0.3643246448584019;-0.07384938734827977;-0.17155092820650006;0.5015312502580569;-0.04381789540301316;-0.061526890557082985;0.4704239937714745;-0.04598129292727116;-0.5058046858774873;0.6504609658096018;-0.4467504564778178;-0.23495610645194834;0.874916190727296;-0.0863773130767582;-0.09610723030894726;0.3683366336356045;0.05477292756276496;-0.028083304134208235;0.1876154110100158;0.07439010185327652;-0.2622291245343646;0.8555934676322711;-0.44631345979135195;-0.28273832687436684;0.9030944694969857;-0.062053340132319196;-0.08784279300824481;-0.027960378991973324;0.13894232058217149;0.010958921109702022;-0.2085413892384751;0.11896165489946302;-0.05591572581712794;1.0124209855684807;-0.416681846993024;-0.2697466652149012;0.8511163163437;-0.02996059415431792;-0.09915619289229242;-0.07868366614829579;0.15661283429748657;0.00986890916420522;-0.22785568843677273;0.12170274507529535;0.11505057843195114;1.1073513538207091;-0.3787289607385905;-0.2004954205213926;0.7002091980692684;-0.0007505128772799268;-0.12007141491209675;-0.02186568991365625;0.10659689284407488;-0.030237463283424266;-0.1648227187305542;0.0916141019622624;37.51804991813623;20.453850685334636;11.414766550865773;31.594973683403794;13.640530353824303;14.47709843251166;22.75808957481824;93.27587800261489;57.72832582854119;24.764912882390767;104.45797921212086;46.23113291055569;28.51748477422635;85.78085915811826;56.678757769379715;45.32548955973003;18.558162885743346;13.296671195969237;9.22208833512961
0.9967962876618452;0.32863043060633;-0.011013600264247825;-0.20313463790792427;0.256372076975855;0.3247100766203917;-0.11415250881685028;0.16038389158438293;0.4787739998510675;-0.04869847257280385;0.07129461618348973;0.3997409655668843;-0.020965988939497516;0.2538310924320498;0.6838000320465305;-0.4983715987184062;0.3112794882468118;0.6833068479785185;-0.07649098181922014;0.19700722658716444;0.17508352644182235;0.05609843173716854;0.10967419448849966;-0.012195269209931732;0.06680546093070516;0.081570634100222;0.9131579833153002;-0.3993604000899708;0.324742360726676;0.7196357387560146;-0.09158986155639544;0.22483083540745538;0.07833297580693242;0.08428386847282548;0.12044511142820429;-0.09499562340666186;0.0841974870830606;-0.006836325466592228;1.045853421042437;-0.29153256113026427;0.29512109510813284;0.6492645160137516;-0.06511740292395546;0.2084428137221729;0.048037531967133854;0.08779910656689655;0.10946025971850956;-0.10378022312889837;0.0828193393858121;-0.030220122278594674;1.0881496768746883;-0.19334992852579536;0.2206057127346911;0.4623179812898983;-0.04943468741402553;0.18412081202814004;0.08709923538956428;0.029894545275181074;0.11590672223501863;-0.05139705709151223;0.042413014402822476;51.2336351947282;21.799135079477885;8.76424380864822;28.78137488163646;29.69727923170523;48.08911163133785;25.02284325122948;52.69377128097522;52.776477675116965;26.47828266977811;58.310868980652536;50.88410638913558;27.222156193233687;41.45140683207439;48.79268540924824;58.75083586410311;17.14194649733478;9.48677917104091;5.630010662702416;0.9965276510256812;-0.3756570045602943;0.10103409297589026;-0.009422738174325583;-0.29399581855052764;0.35998035801336986;-0.07659873614130601;-0.17078347786206563;0.4986068910399122;-0.046181971273441605;-0.05841490935929395;0.4702816915532068;-0.04834283112584036;-0.501139610951244;0.6478169490140265;-0.45662618625755935;-0.23402994112279243;0.8641612873877929;-0.0897138441668399;-0.09567519492200502;0.3627865509833462;0.05629994241811707;-0.027762372667958866;0.18464492671145916;0.07743436186792474;-0.25877703058909746;0.8517317140313058;-0.45561775179725295;-0.27984384004037016;0.8928752279140386;-0.06350481249885193;-0.09126015202308864;-0.01960327989818064;0.14478775715829922;0.0074859955203483595;-0.2033301071272513;0.12505786168325497;-0.05278554024795416;1.0076775471800976;-0.42525527154513737;-0.26609526286422097;0.8519476747333137;-0.03402102337242611;-0.10277084937355259;-0.06932216226407698;0.16072560673412659;0.006387922298638001;-0.22325177226952445;0.12769140527754344;0.11763144988137104;1.1009725146675962;-0.3860674442141609;-0.1977915948719723;0.6960894472173124;-0.0027626229060136454;-0.12233484871083354;-0.018030232978154422;0.1093270701122837;-0.03199450186443267;-0.16377390807615053;0.09596698605245926;36.39954415462491;20.628790733948456;11.802050062922492;31.67322443148027;14.261280404227255;15.213628801696206;23.22700858306925;90.41117247910906;58.6422984938566;24.917685473685903;101.83407969983276;47.40499236271085;28.719457594647487;84.55008308514779;56.88371938659692;45.0004660819244;18.45441853894162;13.289564371018068;9.231219269874394
0.9970779735452696;0.3224386044311194;0.010731659841697837;-0.21615935692671345;0.24502416356024995;0.3400602741610908;-0.11417419457587868;0.14985692366282627;0.4829401140814406;-0.04599545896892359;0.06635679281333783;0.3992660098637667;-0.01825432631773871;0.22628851848654394;0.7111721882847152;-0.4944273630469536;0.2880891260548823;0.6925267995388966;-0.07100572792525471;0.1929136725128492;0.1768798483478943;0.053325941207804636;0.11490031104149372;-0.0019440837645752305;0.06215534148616206;0.0559188016268373;0.9207221789444862;-0.38619134742292716;0.30293465541524184;0.7252395748362346;-0.08396853801616277;0.22346442387556045;0.08394975942807718;0.07922761431871611;0.1249239691284139;-0.08366541885046955;0.07679142838384778;-0.02647050140878289;1.0375440167686185;-0.2706363886204373;0.2715666463242086;0.648807155343476;-0.06132597247105911;0.20516461084224302;0.05416702839296167;0.07714500703134501;0.1122306255923984;-0.09317345260658945;0.07210513628443606;-0.042983969753949365;1.0750894945192568;-0.165486928416269;0.20504174626187446;0.45952483844278297;-0.04756615760841096;0.17954655725997626;0.0906965643082292;0.023756179420312985;0.11730214652510856;-0.044426590446239075;0.03481978669217779;50.48728842713503;20.79678315226547;8.211873743602538;28.48859918688116;29.997819417120706;43.92066603540018;24.874235367325706;52.17269935894567;50.55852324107108;25.66143723237491;57.29532068077548;50.14952200195668;26.341465829539125;40.91743955157434;47.365956942662386;57.36728816707714;16.4936080448757;9.353180900684487;5.926708764387367;0.996373140242962;-0.3751582699617406;0.10655612496437512;-0.01108309442418972;-0.2914914337451836;0.3587303991821375;-0.07917469565237616;-0.17014944669415036;0.4945510600715415;-0.04742387297567669;-0.05598599667320234;0.46907191520179775;-0.04914088259288651;-0.49692941328016826;0.6438884908317399;-0.47035374513166883;-0.23253721380720815;0.855802051757734;-0.092224096783434;-0.09540495563393658;0.36146581706824943;0.05958126671864842;-0.02693851754556514;0.18163172068164754;0.08179255913961472;-0.2557342753475027;0.8461604811235678;-0.4675600716455799;-0.2781221369504603;0.8854989178816012;-0.0623203093910716;-0.09127866132837234;-0.017144382313839482;0.15403244896333002;0.007184210205234232;-0.20276468647039417;0.13275987669729095;-0.05037680567175044;1.00212222643819;-0.4355091118410294;-0.2641838798659763;0.8475640791294251;-0.036014495557446076;-0.1033204419375825;-0.06796149359221554;0.16612168537458008;0.005892659800658116;-0.22131078114266578;0.13336064032618505;0.11883910597522956;1.095997976848573;-0.39433414018681434;-0.1963842674767615;0.6904996877346207;-0.0036451880622033407;-0.1222991880878366;-0.017953790225170956;0.11206687706833318;-0.03100906722345488;-0.16332273746486428;0.09918394209656725;35.76788632147658;20.443526677221353;12.145404641757324;32.058533086704124;14.99806592147361;16.13799291905062;24.041959747541714;89.79250570710471;57.75298256616198;25.341630414181427;101.37390338798943;46.880654997376524;29.036020877360393;84.62891577409857;56.472126998462834;44.76856274750667;18.339594992073295;13.305059381882106;9.236915198645217
0.9972729207762276;0.3211068602763775;0.04375677661041496;-0.2223816982207244;0.2313463139074103;0.3677235447407838;-0.11103288119055044;0.12970674859980788;0.4880369781767492;-0.03996431845936306;0.05358083510757748;0.39982347719561806;-0.011300964770721959;0.20599443484055502;0.7411310484225055;-0.49458488932487416;0.24525671644362732;0.7029702526578684;-0.06292698230333976;0.18397745325940115;0.1791543788020934;0.06171874211414685;0.11414694004962389;0.00021510595375035313;0.06816286789666333;0.034773721047663846;0.925181989289609;-0.3779273409249732;0.27298955706045447;0.7326862992063325;-0.07471611642768151;0.21372046390544275;0.07545652275592259;0.08847202019318354;0.11519726301341994;-0.09570681110870714;0.0840932922478252;-0.04559362131143886;1.030660146070025;-0.2545889149017392;0.24467875292927282;0.6470883229765634;-0.0617078161632971;0.1974959127809066;0.049257985652378475;0.076659706038216;0.10621354584847909;-0.09326427664268726;0.07374405884319743;-0.062252231394302214;1.0741597928937627;-0.14072532750570893;0.19258708221432896;0.46449806574709507;-0.04876955558630074;0.17100860065169535;0.08081739828373179;0.025130077078966407;0.1092996895121693;-0.04926191482235893;0.03716086092304118;49.238856045228815;19.657281413235758;7.806396412176366;28.12155285539122;32.094470445754425;44.029182022505786;24.346990231028666;55.94399873884262;53.53351582146562;24.519694188131346;60.02915483885246;50.54492643052379;25.737540029430992;44.07938820589962;49.21576923268621;54.53181940055391;15.844509399911002;9.455752609307687;6.456785454402477;0.996167122822792;-0.37426020907534496;0.10960737576597172;-0.01520681531257315;-0.2875052503632606;0.3620482169133222;-0.08147862707590903;-0.16969988789108267;0.48878057043219725;-0.04699085055431392;-0.05457356357977433;0.4662369031457429;-0.047609476381756326;-0.49336147774477707;0.6380041464071957;-0.4897222838022297;-0.23018577383781436;0.8509472529794658;-0.0934913731596516;-0.09536714154916509;0.3663990133000985;0.06545419223327456;-0.02536736374020631;0.178546930008208;0.08808309061793862;-0.2532848497390021;0.8379880797758459;-0.4833453869090733;-0.27812220589591996;0.88228604450638;-0.05721739687001655;-0.08623941139624668;-0.023453273577447732;0.16828717496545664;0.011593711494929496;-0.20908432732764068;0.14281381579757638;-0.04904202720040982;0.9952849563131241;-0.4481909583046098;-0.2648387655122835;0.8353680703807792;-0.03492839334719389;-0.09930556636526441;-0.07848460822414406;0.17339399449566265;0.009833887101472844;-0.2233111339999916;0.13852728453830046;0.117992471576002;1.0930236998262939;-0.4039206806346495;-0.19688907611790826;0.6826787662081585;-0.0028468778197441777;-0.11883690536839768;-0.023460375320050245;0.11480309352410109;-0.02594930549185308;-0.16374580303295136;0.10069528648814827;35.839110735416206;19.724465798116086;12.42743721589485;32.90339465474925;15.871718818896362;17.353816359956575;25.373028345639447;92.0561018584929;54.65854375524822;26.1680934194162;103.92802381998162;44.05876997099509;29.52517131297698;86.58906978300146;55.17815628110796;44.63922621682971;18.207450156237293;13.356674095696391;9.243797141469937
0.9974678680071856;0.31973599897205945;0.07399034533957573;-0.22797747427073495;0.21870742400654147;0.3928929544897046;-0.10810297755887253;0.1111863482274305;0.49247690441205055;-0.03442044868825388;0.041851678671110386;0.40014633050577225;-0.004925719644514935;0.18730636021280583;0.7682280059718821;-0.4944968393912752;0.20590296101617078;0.712207182468867;-0.055496524875188996;0.1757045987821089;0.18115389573169408;0.06937834455059282;0.11340315416938337;0.0021930265959718854;0.07363430613665901;0.015386493354621245;0.9288329408354251;-0.37017917802229733;0.24542876679668627;0.7391639816932737;-0.0662049223654648;0.20469366920618728;0.0676404659287949;0.09689920436081516;0.10623256125247135;-0.1066929000097616;0.09074298162829154;-0.06309078501799019;1.0238696602028818;-0.2397683060541798;0.21993195171918584;0.6452097043097473;-0.06202863035359197;0.1903778763713146;0.04473769719150305;0.07617910931626208;0.10065143279110726;-0.093303663933286;0.07521082129892291;-0.07987453232736047;1.0728034518322633;-0.11797524895155366;0.1810869551623835;0.46883578772442774;-0.04984906956219975;0.1631066852131163;0.07172918070910952;0.02637689083040773;0.10191733348491284;-0.053668385072304245;0.03928804762395352;48.00613376797653;18.814041903765435;7.465156441731617;27.83234780330139;33.983627611083016;44.066749616691716;23.86120242438773;59.48093330978177;55.85510354303535;23.43205390775261;62.64525024558678;50.8960261185331;25.244377819118135;47.16572161109886;50.950608890290724;51.99561960566896;15.31820214916097;9.57296369606348;6.935071343602021;0.9959611054026222;-0.3732569052713478;0.11258090116525593;-0.019267384561115482;-0.28348486907976045;0.3652049772126667;-0.08372427427786272;-0.1692032084350344;0.48293770027871574;-0.04654914658721369;-0.053163919817332164;0.4632950724846353;-0.046084738023568626;-0.48968854734868017;0.6320020032601849;-0.5086623767650919;-0.22779506589779006;0.845892973902367;-0.09471125014074766;-0.09529980658535117;0.37114692000512073;0.07122337527848735;-0.023810450148621196;0.17544952433012959;0.09425683790137569;-0.25079026292295087;0.8296672331850345;-0.49875497611765895;-0.2780346205301756;0.8788405774750112;-0.052168668239277516;-0.08124429778557948;-0.02966548963024697;0.18228712999752392;0.015937155480845826;-0.215248637134909;0.15268046182509548;-0.04771068241493144;0.9882307722450132;-0.46055207842438983;-0.265400916284051;0.8230813843461443;-0.03384665361787269;-0.09531621218745145;-0.08883406406683159;0.18050873858146402;0.013716238756682958;-0.22521279878333794;0.14357715179315012;0.11712063212416532;1.0897470361861035;-0.4132442518919553;-0.1973246888869448;0.6747533727576919;-0.002058968066067975;-0.11538616820945749;-0.028881637230701068;0.11746440546578203;-0.020952971469121992;-0.16411127503432768;0.1021535070314165;35.90989180188757;19.02257559196276;12.71287162312529;33.740080560224946;16.71336944991939;18.58653948429889;26.68753012577263;93.99938156258884;51.889304445152874;26.989468010575667;106.25459877969949;41.463326845590124;30.0135257270702;88.51839213435305;53.88848997111327;44.52049851627412;18.072127735624004;13.409376205511695;9.25903695803519
0.9957128817137104;0.31456934210114046;0.13589269047854288;-0.2215783773041112;0.19992190215748984;0.41781397856702845;-0.10220117500709351;0.09057931261690368;0.4939838443841693;-0.031020276003657896;0.03143812831620729;0.3985647237127027;-0.004746874741718779;0.1678796508430298;0.805834264163074;-0.4711947722969096;0.15689836837596016;0.6955634101505489;-0.05487148880315059;0.14962240171693592;0.21534552921163141;0.057068188791110454;0.10037958024362;0.0525612756858275;0.06196788490560998;-0.0042512655053797525;0.9367227731840927;-0.3500462440019972;0.1918942451583086;0.7167638938175618;-0.06137730531139037;0.17492484510409181;0.11934787656610206;0.08356640112637764;0.09052750025039723;-0.04997350077779183;0.07722058597787106;-0.08474362320927756;1.0170692849388785;-0.2234437942673515;0.17371774362893846;0.6253987725292138;-0.06137560562502902;0.16560126517436666;0.09582006253675515;0.05920804469369822;0.08838053763085722;-0.042617104834888356;0.060956721587849955;-0.10381418348110036;1.0650125918468156;-0.10468115985632706;0.14824338974208345;0.46596229315087545;-0.051862696672494595;0.13842959918062045;0.10232152455774006;0.0173398058796828;0.08649604823086245;-0.016203074729284693;0.030964558575510854;42.671034902175826;17.45973172133676;6.532492657936235;25.40367640528071;27.56603894796663;30.460474897886417;21.63726229165755;47.74176398295357;56.24625781256009;21.198843257287205;49.35098419473503;52.255668801367435;23.09891899506329;37.713070803723575;47.7476401872663;46.43739523062453;14.300829355016816;9.213614489526966;6.808367160625421;0.9956483379301388;-0.3694611914411535;0.12042741003227736;-0.018965185347156455;-0.2768380349996728;0.36117429523792116;-0.08518081810238262;-0.16749068744879145;0.47164919107276343;-0.04619710055310764;-0.051846671519386024;0.45745070470214083;-0.044704970178098255;-0.48400339264083153;0.6290873254990145;-0.5234832833137958;-0.22361577010155814;0.8303173225042797;-0.09437073845570274;-0.0942349403358873;0.36922184364223043;0.07862437997357502;-0.022366988425944957;0.1720408197781198;0.1019053954236754;-0.24876803298893288;0.8224834746891692;-0.5115030788040752;-0.27407559458371966;0.8638521977863054;-0.045327890635336494;-0.07752846625447328;-0.0281768225604778;0.19881019173598066;0.01757426595759217;-0.21344923884834197;0.1652018739673707;-0.0476965047829309;0.9801057241980092;-0.4713864953443717;-0.26215336815321544;0.8051940725385126;-0.031958928408488116;-0.09241710261370821;-0.08939813722791731;0.1904258011684146;0.015240456274454051;-0.22004539578014765;0.1519064639966779;0.11437702450856567;1.0826216646625197;-0.421776902025621;-0.19469791482893956;0.6597998123836136;9.72897897204736e-05;-0.11274318536469219;-0.02865521441450381;0.12270758399517226;-0.018144265460098185;-0.16044207213299333;0.10685628552859366;35.085871312164564;18.522302595295617;13.028916132283683;34.238560879686815;17.937000678182724;19.83444421264113;27.91033902754595;93.55283528380302;49.906688335693936;27.703257543812885;106.05279359119548;39.92808736993312;30.50217023896107;88.49444804048791;52.88399846556646;44.353278641439566;17.74372550150094;13.372443327183314;9.244732579749979
0.9912203059697052;0.30431041114625673;0.23816880574370405;-0.2000468248118125;0.1729254535222917;0.4426449908105716;-0.09240139461936703;0.06681857099615267;0.49145601351848334;-0.030148636060265247;0.022362845335768253;0.394228766308185;-0.01218985584748535;0.14691596409120133;0.856544879922875;-0.4183021995176038;0.09467458842908034;0.6459980408080758;-0.06256081265527627;0.10083698454458773;0.28980932860042724;0.019814515688844708;0.07182473869634504;0.16369284459113423;0.028856355611624546;-0.02466993365157079;0.9491526627984893;-0.31384807961203803;0.10489721598158461;0.6575921094497655;-0.06091164959971322;0.11872837235127501;0.2454989123828901;0.04303604252292407;0.066056841558015;0.09154437393732276;0.038457366896782044;-0.11196038133358636;1.009145732590158;-0.20466347776141747;0.0997848311118466;0.5824427564401118;-0.059450413658079265;0.11832390354565758;0.21652447613162812;0.021462998968023075;0.0674682289399779;0.07180523221845292;0.026940652444572846;-0.13601748961109458;1.0481183002712184;-0.10261184235722759;0.08818180371816702;0.4537053955829794;-0.05502724365823245;0.09236732235898913;0.18242553149259716;-0.004596761785261068;0.06072066993068359;0.07374924631325032;0.009540844757296966;33.07202386170767;15.435514789140218;4.805591480071644;20.273585472931753;14.19285646772678;7.071850653621058;16.639675887808735;21.91285024105967;13.817893934795938;16.841692852507304;21.731450136368938;17.645059456592573;18.327494636434057;16.739684322586754;14.404632381329193;37.62757858300404;12.76389969233068;8.331328547167212;5.944891384097139;0.9951856998013506;-0.36207772334261235;0.13470514328331668;-0.012818412625702123;-0.2668531887221255;0.34765997069541305;-0.0855741001740372;-0.16421874007645657;0.45337010435984454;-0.04598316060877682;-0.05068963356898252;0.4479289711020293;-0.043555277629110725;-0.4758394863859776;0.6305250107826215;-0.5326464109825362;-0.21716600133564756;0.8011051699692795;-0.09196591365335642;-0.09187382689229658;0.3584684090968475;0.08810447498283948;-0.02110682716068914;0.16831758813941067;0.11142381400819444;-0.2474777077836327;0.8171584971186927;-0.5205831103069696;-0.2650597621992843;0.8338545080753598;-0.03621420783374673;-0.07561431827987862;-0.016387193579429665;0.21847774752476914;0.015555136600658239;-0.20104810973900228;0.18110657386993562;-0.04946212028190767;0.9709325899727075;-0.4800993484533036;-0.2539163375263283;0.7803081484086808;-0.029030892833226563;-0.09105533242674559;-0.07684310148641812;0.20397639330120826;0.013577108037004449;-0.20553785568083244;0.1645279197287833;0.10919862203352364;1.0707285371764226;-0.42920351313930505;-0.18805666431712034;0.6358437684271544;0.00405182951977914;-0.1112590331272186;-0.020861007215546876;0.1313538641759069;-0.018325325943272276;-0.1514634084892301;0.1158570216479681;33.12698459773624;18.28554920391486;13.393255747966514;34.277660416911225;19.730211530363018;20.966796941769942;29.010763874369776;90.43309995224428;48.42588536135337;28.267271726686793;102.7364566505668;39.40674565723163;31.005178883189135;85.91488519306202;52.07571345400961;44.19097272379477;17.16711958703439;13.211318533678817;9.180011351873338
0.9867277302257002;0.2944270144419451;0.3313111122429129;-0.18002602348841037;0.14795151419598257;0.4646245441515814;-0.08328698250761934;0.04497857455888212;0.48833466015262234;-0.029301830829635295;0.014026382676253722;0.38961398807836006;-0.018976609822423298;0.1275020157570278;0.9015103072090898;-0.3692412524507677;0.03761307762652631;0.5996048403062011;-0.0694898786371465;0.056055116997022356;0.35743135262079756;-0.014287750368907358;0.04559214431650144;0.2650564189205379;-0.001472687608875105;-0.043302792639256744;0.9589566403326261;-0.28022674767338634;0.025162969898631062;0.6023944491432914;-0.06038545353486131;0.06713939492324683;0.3604634904717534;0.005898894386556767;0.043568858999729725;0.22081600612057342;0.0029438644491790503;-0.1366665085328581;1.000237037271686;-0.18715116105181595;0.0320065416692623;0.5421987065253121;-0.057591834053418174;0.07489239283602374;0.3265556808287694;-0.013091357954759296;0.04823214152331539;0.17632968115356132;-0.004212464452300938;-0.16524433853818907;1.0309413895947441;-0.1005503557956496;0.03310838106799234;0.4417486991059329;-0.057830672574021774;0.05008980216805432;0.25538259128000945;-0.024650852895607745;0.03704827157521088;0.1558919133835109;-0.010067514647433941;26.115786191521558;13.81899455443279;3.257965334747432;16.064737364518795;6.852798858401815;2.123809630756318;11.627211293659709;10.511009517043103;0.6344374840470899;11.902222277829834;10.248317720587421;2.550858993871946;13.446321687019205;7.064498675922072;2.9025929153500267;31.047027054099793;11.593767356223657;7.669470564766804;5.171029623332191;0.9947230616725624;-0.35499344515758313;0.14831675815604103;-0.006950986892657931;-0.2572963110951253;0.33472631278945497;-0.08594044800872659;-0.1610789822760669;0.4358781794296805;-0.045774167450326565;-0.049580115205700305;0.4387950668259228;-0.04245351749712104;-0.46799847721143656;0.6318309144744239;-0.541335241547963;-0.21098798369978408;0.7731429652110928;-0.08966125933870366;-0.08961089752232222;0.3481684319911105;0.09714242250861561;-0.019901997258554523;0.1647467240062917;0.12049588931999414;-0.24622034942976576;0.8119909796173929;-0.5291939044874487;-0.2564278366968847;0.8051392027962018;-0.027512901726613418;-0.07377964908140114;-0.005134217418716592;0.23722427341951527;0.013626579028682013;-0.1891921901338475;0.1962659936064391;-0.05114192160833397;0.9620765133354489;-0.48836397734892584;-0.24602881865433665;0.7564767967345069;-0.02623352075281491;-0.08974619730776975;-0.06485333008276178;0.2168868066192526;0.011988292353692531;-0.19167124311871617;0.17655576289592262;0.10424523764781198;1.0592662086636593;-0.4362459740669595;-0.18169896192715304;0.6129149856266253;0.00782536086692815;-0.10983098553561293;-0.013420533323644936;0.13959153686638617;-0.018496196354890197;-0.14287886849139805;0.12443458942351382;31.351186005891485;18.049426050058916;13.77049863765928;34.32172097014478;21.51984178404744;21.926110343693395;30.09548858295;87.74699266074505;46.68768949381091;28.82436457455908;99.70401757308704;38.599800594716086;31.525419795231823;83.53482922200476;51.04575431290685;44.13972546973861;16.61668966609974;13.053857760626263;9.115495330497515
0.9833859823041956;0.2792292146866948;0.3901564429597533;-0.1581069753229807;0.12844188141686974;0.4842687830277636;-0.07006890339021248;0.031504059936278486;0.4822374622929133;-0.02248499894326058;0.00643734037455732;0.3808131976292785;-0.015097346759573183;0.10176563152007947;0.9436735959738323;-0.3126239516925857;0.00199962738501789;0.5664246590519583;-0.05660979530090752;0.03317883825193665;0.37283856989470526;-0.02098375227295378;0.03245474351404663;0.2959528032056612;-0.010369438500685038;-0.06527074945558231;0.9704498487215233;-0.23230759863138167;-0.023364439339409737;0.5659396923257687;-0.047001095403012415;0.03979410334150161;0.3975993370963322;-0.007005322830891425;0.03357673867167445;0.2642471531165394;-0.010380014223659377;-0.1607427614481593;0.9903369229192026;-0.1477028419838594;-0.00862128764697776;0.5132274342348643;-0.04378733708008456;0.05232426967488397;0.3598676009571307;-0.022356323317743884;0.04055527566419319;0.21055143787190114;-0.014741858272756942;-0.19393335617180527;1.0074170564525378;-0.06856605771243471;0.0023139095250994048;0.4328196888902136;-0.046687477477072685;0.029759847180804194;0.2746160331589425;-0.025780386589986357;0.026319717968118522;0.1785607762856301;-0.0136585463270273;22.627982665052745;12.267542032208492;2.79464248350771;13.80537600876166;5.471729546699975;1.6870448841430532;8.81188818066374;8.892257152018782;1.9577837747311713;8.91567515157606;9.309655646502353;2.6567783063043673;11.400617121021588;5.906860102041056;2.411352780729261;27.926728349535864;10.749009260826137;7.306525642920587;4.846899553346734;0.9946010119446984;-0.35247075679212186;0.15190356887974021;-0.0041679370428064225;-0.2541521596560718;0.32961365835212875;-0.08500460969302258;-0.1598169995803693;0.4302763277996467;-0.04501745082780163;-0.05024096270660868;0.434922934698723;-0.0414551276829304;-0.46539855771483585;0.6331809810075969;-0.5407009887341079;-0.20926057058864125;0.762309585350043;-0.08983015272811733;-0.08848034597627942;0.3444842719928839;0.09818735391771076;-0.019334417330306844;0.1648586169686783;0.12208958357005527;-0.2463458200354751;0.8122299216593687;-0.5287686557581351;-0.2529145115077807;0.7935106940180812;-0.02520104902456462;-0.0735044319692208;-0.00060134314837802;0.24148490591895025;0.012758352618593472;-0.18459389858325265;0.19989850905829468;-0.05230190544424147;0.9609585803870389;-0.48817416483641435;-0.2427935506877759;0.748008599059292;-0.026309665388367307;-0.08973763800320031;-0.05982469232185447;0.2195755331395331;0.011063276048075783;-0.18726289215126962;0.1797979166731275;0.10206660806216594;1.0565635297436073;-0.4358672151381712;-0.17878932834992364;0.6058794101249133;0.00816444711334972;-0.10985987374232903;-0.008863063725485445;0.14146488413930453;-0.019480134912345733;-0.13867990210124526;0.12696952613382168;30.836974680585197;18.060738999475646;13.724461329531225;34.06936779907947;21.93606514533214;22.003985449383038;30.19867340452213;86.72175214766996;46.367084632160505;28.76375427221504;98.58617622641681;38.58321819512521;31.464806138044896;82.17402206538043;51.00576840466927;44.201163555330304;16.44660009887098;12.98187498404729;9.079680338011498
0.9814990586135456;0.256216834034663;0.41196573310569834;-0.13222278152311864;0.11370947923841959;0.5011711379095737;-0.05110287842315884;0.02678842909696639;0.47106717345893456;-0.00828192388476445;-0.0007743372785080408;0.36563554022719463;0.0013985177058433115;0.06685662232771095;0.9827571257792549;-0.2429446911630822;-0.011018538324799057;0.5449987931173363;-0.01987185569828076;0.034135554056955626;0.32783742487824113;0.0036593256917318586;0.03356530057967009;0.24648900791703696;0.004999063999758186;-0.09228836568278537;0.9820875660933788;-0.16427680933224828;-0.03874359649923509;0.5474337048459278;-0.01779249077180232;0.03869197251676426;0.34598286123203453;0.007337938662413539;0.0373314044735642;0.21039588171302184;0.001162939073096195;-0.18516516185433193;0.9761029609731874;-0.08005305659642815;-0.020341342474667373;0.49416541584260165;-0.015196054985158637;0.05235302392001191;0.30557146423783843;-0.002886375048481598;0.04566720475897254;0.16503132975448093;-0.0020310742209331354;-0.22327466325399487;0.9724749271005554;0.0001893876452838675;-0.002313018485865689;0.4257144875444272;-0.018600796200583837;0.03347816025848516;0.2321883475423635;-0.005023746606217101;0.029829321139974753;0.13338007956445955;0.0010898537621827418;21.050623720499594;10.595817876876765;3.591255804037979;12.78204882135914;7.6058633490099306;1.8817322543928345;7.710881284088578;10.868768637363239;3.78757823952869;8.84120239851887;12.138588707634195;5.747286067287662;12.863175572773581;8.606243592224823;4.71239334391374;27.107118556226382;10.077457428542655;7.205921138987646;5.109328256342595;0.9949095185943602;-0.3554295028131517;0.1432928748487363;-0.005035276039637906;-0.2587468034807217;0.3338620124089609;-0.08239799784630944;-0.16079751623907715;0.43903841243310887;-0.04353588671014265;-0.05313057801024147;0.4373149320415883;-0.040523344176808106;-0.4691122631469317;0.6346433702058;-0.5284705840132161;-0.21293012344079892;0.7719981199597654;-0.09306715832646792;-0.08868027032154162;0.3487545957705328;0.08939904450013844;-0.01952079602002678;0.16952898741531877;0.11451895093809764;-0.2481811808460693;0.8191444964476717;-0.5171154565600811;-0.25551628924427977;0.802303310857266;-0.03065743733851455;-0.07514002803210092;-0.00411377969013031;0.22806402569225437;0.013149925749158235;-0.18869550342338742;0.18947548440823234;-0.05288612746642075;0.9693152639759647;-0.47749178882516313;-0.24511325434083678;0.7580193093671568;-0.02994570003877095;-0.0913348826325717;-0.06310780041100611;0.20976681287047683;0.010903967830227285;-0.19428924380780027;0.17235443819415444;0.10318779564314151;1.0645012583614768;-0.426265216680889;-0.17996621086243805;0.6180697692744738;0.00427304280633382;-0.11168958427925477;-0.0076002984807206795;0.13556871283815664;-0.021528561558897794;-0.13965195235003028;0.12217323882062131;31.77196477650452;18.38416358272883;13.131936940567222;33.435801663596855;20.612315508073653;21.100887514407287;29.063832283797325;87.47710662877176;48.02754857977177;27.928092692225306;99.65442236573638;39.76981148532908;30.660833786247856;81.88226674237548;52.42054783503686;44.34270204544757;16.735620457757847;13.012909388893604;9.080215114469409
0.9796121349228956;0.232653224828125;0.4308824400314307;-0.10653201032252872;0.09888661917236465;0.5148830621968759;-0.03251734236744259;0.022093955566274196;0.45782113653677164;0.005479817434090185;-0.007735955350719729;0.34906871367241477;0.017324344013615538;0.03278982281182398;1.0153818561582613;-0.17437542823208763;-0.023535132544069602;0.521461455948033;0.01571643620657198;0.0348816008721309;0.28266165021559214;0.02744263822722946;0.03446291458662226;0.19742708937312486;0.0198172090979741;-0.117902972972634;0.9882062698027267;-0.09771006747922655;-0.053396040790508616;0.5267039375299358;0.010512479126143956;0.03742564509549853;0.2943227967581904;0.021153619877936732;0.040763283567231225;0.1572844034771409;0.01230604778000615;-0.20778869548166926;0.9572637909407923;-0.014293583432639445;-0.03155548754932814;0.4731764028275799;0.012499110371951566;0.0521077541018859;0.251533916075205;0.015934423904786058;0.050366570385968236;0.1202033985900616;0.010256683681273339;-0.25045054152291407;0.9336529553085092;0.06659830376118953;-0.0067700388786331505;0.41663139405104116;0.008624739587868463;0.03689502307058809;0.1899970909426694;0.015050996814506504;0.03306362426860231;0.08904505566487893;0.01532943896996243;19.383923620212663;9.143707163852907;4.570559611179741;12.285079727908537;10.315423578126218;2.856862945540389;6.820656269994397;13.348420755094878;7.267641731234559;8.751128544760581;15.636747791714406;11.043926792926502;14.336772573919266;12.342757047089666;10.440664103579266;26.141350184103057;9.517669932004866;7.230653871936943;5.520766955668429;0.995218025244022;-0.3583801900801495;0.1344786400490018;-0.005919364758228744;-0.2633854461436803;0.33813281222444874;-0.07972224946364061;-0.1617670723217401;0.4478948886742554;-0.04201566197712005;-0.05606898915671508;0.43967150850949394;-0.03956471305685483;-0.47281142217171146;0.6360133117681654;-0.5158884441265404;-0.21663360596419234;0.7817357973729991;-0.09635235953290319;-0.08886718645231251;0.3530449436719963;0.0804139533584209;-0.019707219977500683;0.17426210023809685;0.10677157267659403;-0.25000620318367434;0.8260424531019206;-0.5051245035068528;-0.258121973047517;0.8111209251550082;-0.03621939380970301;-0.07679455733935894;-0.007697184486698457;0.21432499040830522;0.013546964353343353;-0.19284453614586092;0.1788029904716113;-0.05347209189066403;0.9776558477229184;-0.4664991307672508;-0.2474331062649002;0.7680884390829784;-0.03365024912165295;-0.09294715546649673;-0.06644582056292704;0.19971726284211166;0.010739303151903844;-0.2014216994935556;0.164725664348482;0.1043120006953431;1.0723959808960852;-0.4163848826625256;-0.18113244997659123;0.6303900541023764;0.0003013111789363604;-0.11353514914562912;-0.006310269261084658;0.12952594888737806;-0.023614689232648495;-0.1406169447767323;0.11725541206983063;32.769806364266586;18.708026443699215;12.541543557995901;32.798944192543225;19.27685286963503;20.160325235169296;27.91374807626864;88.2826484413192;49.740636498135366;27.09134294849873;100.78014388458753;40.91073157442037;29.867273280665685;81.54286282556711;53.880330119144034;44.539123168708024;17.02834864108521;13.041881112213796;9.081228329162187
0.9808250781570832;0.21240959708847762;0.4333661888152335;-0.08490384531926852;0.08195855493713214;0.503764018711739;-0.019815480919065993;0.01774557935805636;0.43497369369506217;0.014660463539730394;-0.011193856361013985;0.32598135887168134;0.029046611920775185;0.0017592743846037572;1.0299855020876936;-0.12843916875820852;-0.015746471524060633;0.49281187385563663;0.04238275569251536;0.041929228783813964;0.2312963563097266;0.04834009209039729;0.03777930229772718;0.14791965117100986;0.033508605308016144;-0.14279372831914702;0.9882286471978129;-0.05490074690109842;-0.04735307779022242;0.5013949172932801;0.03173523577790724;0.04263663380478414;0.2400330345307039;0.03514705102744791;0.045092320385981294;0.11160921574924448;0.023588775031470544;-0.22847299899055593;0.9369060407572831;0.026933730739046702;-0.03039034866712563;0.44486982842293815;0.032916874326056444;0.05463377553099808;0.20558311240025967;0.032121453776299776;0.055377630428366915;0.08530511952921438;0.021301938006422293;-0.2695076369890822;0.8910654811202638;0.1074661462366445;-0.007418665778881441;0.39499120427313;0.028743875291245346;0.041583915099130335;0.16231507244000967;0.03039897637469732;0.03853121517445345;0.06059747802324253;0.026635471656267153;18.467882842840464;8.055443514797629;5.331725982205717;12.17404450979316;13.722600025883365;4.035698703240839;7.319980795176398;16.053232424287017;12.105278924453508;10.12841523009165;19.17091149593146;18.109138525018604;15.86756737205031;16.49289635733555;20.107680573862364;25.876517446397276;9.183001843819548;7.250501282711963;5.878239340410782;0.9954595184323678;-0.36070722175974274;0.12926940165479564;-0.007181382666834766;-0.26734006996967064;0.34233377583909597;-0.07929183880460193;-0.163405997574002;0.4546457693697625;-0.04213402750755938;-0.05576757258806188;0.44266179823677104;-0.040126528270365724;-0.47532430679834176;0.634775324547463;-0.5111755582711808;-0.21973224612943365;0.7915288393653797;-0.09929450796042735;-0.089036648493895;0.35768496689161106;0.07444156805792664;-0.02002110975589894;0.17887608694981205;0.1017630840568214;-0.2503303186964606;0.8285486150292735;-0.5008412164293201;-0.2611918938896732;0.8212664294671879;-0.04032470626510626;-0.07785191382626064;-0.010272708089625491;0.20593479286350883;0.013937071155427538;-0.19684752751117476;0.17222790654919687;-0.05255311877155841;0.9818391031601713;-0.46279413570741806;-0.25031292504681674;0.7791220391975812;-0.03621305452539787;-0.09381957248434805;-0.06905963805044738;0.19378462342632088;0.010931624363307416;-0.20697590078583997;0.16010292472479284;0.106244298278612;1.077294335113618;-0.4133399444624707;-0.1828699084485463;0.640240075089116;-0.0016441969339447949;-0.11492459683298206;-0.006456053646002638;0.12647135414184377;-0.024579131511927543;-0.14220444304710494;0.11444288183296457;33.407447617699916;18.826719232004564;12.54037517276301;32.606014314445716;18.373663612069308;19.399351858124767;27.388020189212586;88.91716250088975;50.90384921790201;26.753286521557452;101.63057796727452;41.58371563796831;29.58202964953177;81.57916798911484;54.66493887033912;44.6619784294475;17.271217064503404;13.09774306786815;9.083750570862767
0.986747014795375;0.19853943354274978;0.41577870163215397;-0.07006932608835774;0.06330650957761687;0.46217769251745416;-0.015664660756840747;0.014132428654654338;0.4023154741121075;0.017363025925966058;-0.009844856116905294;0.29669813161613384;0.03476588055872015;-0.023885985903212947;1.0248593133508197;-0.11553640331500586;0.018991583231466127;0.46092817425367055;0.05613742418854479;0.057382477940176056;0.17488016348464605;0.06472550376139997;0.04440515321347665;0.10060452783282406;0.045282110949262135;-0.1663913493405873;0.9849796043168484;-0.046142149326220086;-0.0139208388669067;0.4734741174705606;0.04269696610112931;0.05656965099917537;0.18565238278224572;0.04897541390694205;0.050675787312218896;0.07840264501046285;0.03470967763116288;-0.24682988314190177;0.9200315132720739;0.03354153105749047;-0.012750639497518416;0.4101046484532532;0.042849981592043666;0.06106114586688242;0.17345839027748525;0.04425022715052416;0.06087765176199314;0.0656556184862938;0.030322068098427614;-0.27818613352056204;0.8496271803996815;0.11277304619649679;-0.0029476034404811056;0.35930896231696485;0.03860020947369813;0.0479997236989065;0.15613634832826317;0.03889562388645758;0.04697298102027925;0.05503278147715741;0.033654400188816;18.87723955149207;7.2648469474053305;5.738003375498038;13.867317662175978;19.75890622947336;6.07358959870445;11.09589434447921;20.43777007546229;16.425786133426588;13.779148318302113;22.17945742531899;23.089024851697726;17.571028143694242;18.752916884305623;24.873367228408302;26.714102716483882;9.055096778086057;7.154767445419464;6.030882053405911;0.9955992117838256;-0.3620918492492811;0.12978317484168572;-0.009012249118874867;-0.27021398943496217;0.34642014581818786;-0.08237913077423506;-0.16609034703016026;0.45809120715551677;-0.04480943562446243;-0.05043735114253736;0.44667157980164485;-0.04305372905711918;-0.47603707898674896;0.6296155838115561;-0.5188876521385434;-0.2218787688727587;0.8013932011225919;-0.10167230938145665;-0.08919269537570428;0.36285913133417663;0.07327247659427741;-0.020531982218663654;0.18326148943585407;0.10112070175155594;-0.24835884158540814;0.8243297365217233;-0.5087222928989651;-0.2649823636066277;0.8334641780842102;-0.04210166301280773;-0.07797649436645053;-0.011238303867040767;0.20604956908257938;0.014312519662992577;-0.20059348946252228;0.17217309237734726;-0.04931606270155323;0.9796631171433838;-0.4705829372939856;-0.25406346039703087;0.7916195210782726;-0.03696255495800853;-0.0935430995710797;-0.07051549743092736;0.19439598843684355;0.011678595657028735;-0.21001942439294383;0.16026668300916627;0.10942250968551216;1.077646895963361;-0.4210645269597596;-0.18550196902254468;0.6462001092418648;-0.00040311971366847573;-0.11560228069720146;-0.008836080534960858;0.1281432218477272;-0.023785797672425873;-0.14476130971432147;0.11497600109558447;33.42235893163329;18.63398832401197;13.42914507239845;33.09454295082185;18.14140792153389;18.957501892463398;27.834858876126358;89.22259868551413;51.17410622870402;27.176822932730705;101.9907554393458;41.61388523605969;30.056950610236846;82.24198109556438;54.37321649351912;44.60424232390738;17.434044868117468;13.19744057994843;9.088168743369271
0.9926689514336666;0.1861208733007843;0.39994335050112745;-0.056864106864663935;0.046716428523303766;0.4250154647175921;-0.01197185881919054;0.010917699455254202;0.37311031019676455;0.01975250424675447;-0.00864214480657262;0.2705456678018882;0.039823655961726;-0.046636332838860664;1.0197561971861013;-0.10402131274125966;0.04981551377700167;0.43237886224438477;0.06831604600460235;0.07106812141930767;0.1247096801251487;0.0792345906893739;0.050262427498795156;0.05855241102696287;0.05570807127019839;-0.1872472761218298;0.9815641985634957;-0.0383429482872337;0.015761783378958852;0.44843558323855925;0.05240377367258074;0.06890634538780091;0.13728287293070363;0.061223312898420694;0.05560443752299638;0.04888553610809726;0.044562079548681736;-0.26299062479202734;0.9045569060627923;0.03938864525193571;0.0029135923372697603;0.3790251021862172;0.05164368060812912;0.06673325738257668;0.14485025966017875;0.05499208687617799;0.06572672913811954;0.04817890864412213;0.03831215069765438;-0.28573922887816955;0.8123872765017893;0.11742270267946711;0.0010225896497910506;0.3274428230318291;0.04732805635833591;0.05366862068944355;0.15056774105479886;0.046416426824926124;0.054440711402163604;0.050063752243863856;0.03986637894126606;19.482934783833887;6.525145953500969;6.377976943881488;17.354316781038833;29.489748775006262;11.553132741703669;15.558806422765112;28.1646824936336;21.76162558952214;17.42593113763457;26.133379968047677;27.525224972271086;19.3706249670995;20.582782148115673;28.33003343311556;27.43063371353391;8.927588296507382;7.095611483085828;6.227540802661821;0.9957389051352832;-0.3634624485985456;0.13029213304017398;-0.01086465457212226;-0.27309986730845914;0.3505267441842188;-0.08549700982298501;-0.16879323046212452;0.46153953450925134;-0.047513618253739426;-0.0450378799389916;0.4506921016319413;-0.04601292212864972;-0.4767179133698621;0.6243392464719337;-0.5266494342836365;-0.22403251178775258;0.8113093677566937;-0.1040704067659809;-0.08934303235909598;0.3680653754990556;0.07208288772864706;-0.02104732727744952;0.18768468695918827;0.10046186327131663;-0.2463421495035866;0.819989109385874;-0.5166559840614582;-0.268796405811639;0.845739425791024;-0.04389667822449116;-0.0780959387410712;-0.012214705857892657;0.2061481605865122;0.01469132143976883;-0.2043679762116339;0.17210291797070856;-0.04603535658030854;0.9773770186317032;-0.4784264838708524;-0.2578380134202667;0.8042017249322028;-0.03771803343230072;-0.09325527551243798;-0.07198307819905628;0.19499821383828964;0.012433671777795832;-0.21308210962847676;0.16041876027000745;0.11263010823163842;1.077911791788662;-0.42884729761788437;-0.18815026997547493;0.6521776196453086;0.0008531137222178512;-0.11627835685448083;-0.011244352663991763;0.12982452522902196;-0.022980767758075404;-0.14733697716155697;0.11550580465779052;33.43502642973095;18.441993511814186;14.313886769966846;33.58894993378365;17.913245363723075;18.5269746316238;28.28941915171967;89.5291039220644;51.437241760099774;27.605542949769383;102.35211430683003;41.64005732512466;30.534028299234958;82.89864732567227;54.08271270764908;44.548155219850145;17.59685679775856;13.297708469705636;9.092977828545633
0.995750129290032;0.1833534535663289;0.3832771480801405;-0.05919360982211724;0.04376884250109562;0.40850568212695176;-0.015372135143876642;0.010183050635295204;0.364860551601108;0.01706791904141626;-0.0054445827168906665;0.25683892137272774;0.03820321646998042;-0.06367894077489053;1.0086798699243353;-0.11699282711943114;0.07545478016782739;0.4380038805513619;0.06602297610086742;0.08516817544574086;0.09920099408578475;0.08265141714818876;0.058723144320433164;0.033816226317743024;0.058671298640404414;-0.2048996578151713;0.9774403878192605;-0.051248594975467555;0.04674349453255632;0.45643207023198357;0.04847588486398142;0.08647479392643545;0.09752749573627155;0.06461013268716127;0.06365488708765926;0.017177673514168337;0.04749510549695196;-0.2773075444565151;0.9011035766870946;0.027194479536758322;0.0268759009936749;0.3824096857047306;0.04831781175147896;0.07879400153023974;0.11309242481597825;0.0573409066644448;0.07106375736215767;0.02089324639095322;0.03996404113167662;-0.29373348353533674;0.8042029880840561;0.10566389176532394;0.016265347378117596;0.31676569898215406;0.043650074077169906;0.06371618752231248;0.13378328381002602;0.045128428122577446;0.060538310580674465;0.034890900597933844;0.039137741375598244;20.212454568680776;6.604734596538891;6.422979925645032;20.117066912204503;37.23702188998942;17.740776234413158;19.80877727352404;39.637308746959704;29.893032632523795;21.768187184061997;33.435862322238;35.30501240323955;22.821853002904515;23.78066983464284;33.9457029578873;28.96830112460387;8.979240176721914;6.984123718047796;6.138528180275889;0.9958166804515992;-0.3644621536335227;0.13034080448542074;-0.011863448431799544;-0.2744488338167031;0.3543571049938255;-0.08653565835632686;-0.17019591813829454;0.46368230515946623;-0.04859564238252188;-0.04358020714897281;0.45377665230623504;-0.047314496878824566;-0.4779377255071188;0.6241041437681758;-0.5278166192071561;-0.22563269346360368;0.8179174470804214;-0.10416661493981963;-0.08957203435074047;0.37121114946628575;0.07152154727575223;-0.02122935634842646;0.19007533735672597;0.09963994913748433;-0.2458358533978871;0.8191299885079446;-0.5182574602561038;-0.2703141870207341;0.854943675231588;-0.04524586397094977;-0.07827978777445523;-0.013766843260772349;0.2044076929450636;0.014804074736062864;-0.20657541751567368;0.170706462701016;-0.04446690279848979;0.9764755487271348;-0.4803492880952399;-0.2593595977510237;0.8123546836098545;-0.037542751171206035;-0.09338234769583781;-0.0734559948215552;0.19442251878640707;0.012600866210918058;-0.21468484322059164;0.1594535182647245;0.11485226265129862;1.0769661698641624;-0.431284292835665;-0.18933834643659006;0.658763825296255;0.0014506961830920927;-0.11692188943119057;-0.012159930904220588;0.12989875882200497;-0.023109261252372892;-0.14884766387525622;0.11497330857719773;33.59928936516874;18.201986330563102;14.598418752749751;33.7128598088593;17.704222660974818;18.212765123114785;28.33780682403742;89.95877929331107;51.5795081482627;27.740694670773525;102.69825084341261;41.63013905665593;30.698137889502853;83.15317601165907;54.14176673610837;44.43904300873456;17.652951746283783;13.34282836602262;9.107419924330994
0.994334500391362;0.19454226070408004;0.3615072106164151;-0.0856385726374912;0.06098824808773899;0.41967926606432077;-0.030273943970782403;0.013071453922028829;0.3864932515035007;0.006072614739096714;0.0014565852753404328;0.25903517400583387;0.02601782172665525;-0.07542230842558306;0.9850923101450901;-0.16984990333754707;0.09833632974100398;0.49643626962781295;0.04110343409133061;0.10268599742701387;0.10600261263237422;0.06974679361316567;0.0728195159907736;0.030411849272312545;0.050785979982220675;-0.2210401743644356;0.9702951116070251;-0.09832923120034393;0.08598554465738303;0.515961203695259;0.022884446523320733;0.11551949183041806;0.06268459341154393;0.05509441377082138;0.07804263490394135;-0.02437137445304205;0.040415129064845214;-0.29142467960849583;0.9142769949758077;-0.015052804728230831;0.06836704705454731;0.4386485315437663;0.02576366416789668;0.10297963818536117;0.06991210842115395;0.04729748699292973;0.07815608571604139;-0.026959554150683275;0.03223650150460541;-0.303704484689985;0.8377819878023052;0.06634445242126656;0.051806274947995015;0.33588556160976235;0.020240274800548266;0.08242703318379453;0.09630366085999298;0.030084350953246856;0.06572300743576691;0.0010076047351492532;0.02762489490749334;21.2527401458487;8.053482830066143;5.09738130497675;21.174287112818337;37.68892283113473;21.594945403504358;23.711424546946745;54.3044741934686;41.633891907484575;26.859889555158517;48.898074395151866;49.4058914755275;28.64096016550145;32.93828748450835;46.9132885715282;32.136076136933326;9.331627268540116;6.775256412948608;5.623911448120378;0.9957964420117116;-0.3648699920039945;0.12965669047884015;-0.011481793299459645;-0.2733288674874277;0.3577103234710181;-0.08423225158349854;-0.16950393286010845;0.4637247058532214;-0.047065976010646264;-0.048460597373722436;0.45534057498455965;-0.04594466157019847;-0.48002586542628756;0.631977976986265;-0.518422178703047;-0.22633461083635198;0.8191731365220424;-0.10057683700709441;-0.08992795329380196;0.3710298040338262;0.07197736259730085;-0.020875740944773454;0.18918568555602164;0.09857151892091193;-0.2477671867371957;0.8238964089263252;-0.5097118092948614;-0.26814369521580556;0.85914355798551;-0.04586503175709058;-0.078567803122073;-0.01622223548784481;0.19975097028327216;0.014489612926868295;-0.20625166669725192;0.16720969375694988;-0.04566475903544423;0.9778462445559473;-0.4727786616388623;-0.2572617783867477;0.8133382251790436;-0.035879624948052156;-0.09417668150288877;-0.07492156063033921;0.19197469070572198;0.011824257484241159;-0.2139361726516853;0.15671681319218472;0.11547125720320503;1.074138390287763;-0.4251406172188185;-0.1881788603185262;0.6662684716473992;0.0009850255078288185;-0.1175099163255833;-0.010671910805966507;0.12740194623426038;-0.024733203632143194;-0.14863834890501043;0.11275005279976343;34.0087311596474;17.886435262111526;13.939783927330899;33.24251567386998;17.520204081883232;18.06864929233334;27.733076948643927;90.59998562041784;51.531824810816246;27.402526226151327;103.0240364921321;41.56714874284904;30.365267931451317;82.77111113561804;54.75817380257735;44.25066891420637;17.53967967627258;13.301020274238109;9.140077933711062
0.992918871492692;0.20609470657528126;0.3369222654935851;-0.1140085693186743;0.07944624133577767;0.43057408467424113;-0.04631172923855249;0.01615952801676934;0.4087995132522962;-0.005841778161505389;0.008919613747151915;0.2606738629918219;0.012758930633803504;-0.08791403311290835;0.9567647936565924;-0.22655841766353016;0.1228144937758347;0.5582472959618493;0.01402302595189985;0.12134813332647354;0.11306019599545666;0.05558515183262975;0.08786464185108016;0.02664164938542389;0.04210930562086107;-0.23787498880359775;0.9598005549127736;-0.14899122286504002;0.1282012109180256;0.5789033213832397;-0.004871079561937907;0.1466173481285776;0.0248054873460411;0.04464134991722125;0.09338815988012344;-0.06925871776401737;0.03263938274533129;-0.30586971806492724;0.9259271289107472;-0.06072218898070489;0.11306644665799974;0.49825067880632634;0.0012863367734493824;0.12885562233763176;0.022991201164989778;0.036295646740646774;0.08560752446272889;-0.07866029007701554;0.023783372691821632;-0.31362836737844646;0.8717291404736355;0.023611237394409238;0.09011460338542056;0.35561701524698175;-0.005147151953692196;0.10243773462061269;0.05547583804212368;0.013720737886948562;0.07114576520248367;-0.03565754488629233;0.015089135347798741;22.904376667517912;9.697631282053457;3.6313234312573233;22.847197823282567;38.013544098992895;24.989046325154888;27.51891879111423;69.03476906287098;44.24417411483558;31.26676793299196;67.9338279926631;51.264432698900386;34.079682201444534;47.83577485557151;54.50346357410941;35.57314236940002;9.721235590063756;6.621503446126841;5.2441880872130815;0.9957762035718244;-0.3652428499243173;0.12895705899195284;-0.011097568404126281;-0.2721773886549269;0.36104024566238896;-0.08191184139090464;-0.16879241473925335;0.46372087652190563;-0.04552590532652304;-0.05335431344314586;0.4568647721492128;-0.04456512929445504;-0.48207376255225426;0.6398179118103727;-0.508940895847489;-0.22701650099798598;0.8203515572815284;-0.09696363048345984;-0.09027620181148767;0.3708106679716902;0.0724276751429565;-0.020518720484363314;0.1882737960144147;0.09748924966604584;-0.24968092697331012;0.8285981613814745;-0.5010833480180604;-0.2659382976677371;0.8632731372234717;-0.04648191715943576;-0.07884903157939568;-0.018685148301073266;0.19505692524240556;0.014172530685949158;-0.20590607826435245;0.16368317706229912;-0.04686250783327748;0.9791242273657506;-0.465132550192389;-0.25513041244992984;0.8142440683317143;-0.03420671644470066;-0.09496455243243726;-0.07638508923796548;0.18949854357898968;0.011043574014911612;-0.21316331345243178;0.15395424032021268;0.11608100578527586;1.0711926310554398;-0.4189315356595749;-0.18699623237093388;0.6737344146408569;0.0005175222402466101;-0.11808837799946041;-0.009177282095902307;0.12488309161795337;-0.026360719078228834;-0.14841338570538942;0.11050723933757209;34.421418084380846;17.572963398919757;13.283324465634426;32.77193739651928;17.336038538189907;17.924884124600112;27.128059191124347;91.26809924293163;51.472274453813526;27.061460557413664;103.35741913724715;41.502602021255726;30.034003525173954;82.37736716213172;55.382661797393354;44.07242851585728;17.425649304877506;13.260764957005394;9.177817194521547
0.9885721502717276;0.20631541241471274;0.30635364159407413;-0.1488826591474307;0.09038919483436869;0.43072945743011487;-0.06475101562076435;0.02753283209376764;0.4170700792991887;-0.018109982318950214;0.018119884191772365;0.2667953443170549;0.00029694288570115886;-0.10622020062766357;0.9312018855509869;-0.2809931293565205;0.14011680947220398;0.5940796749497367;-0.0057941755740371975;0.1408594159839406;0.09660020238491317;0.04561850498756368;0.1013725222659356;-0.0019061061573880148;0.036294465858235536;-0.24830682005252597;0.9497295822616064;-0.1906762798373123;0.16629008096038914;0.5995468457511858;-0.0240967442635414;0.1705852340364166;-0.008398028437544745;0.03526863853288891;0.10243402195452915;-0.1043592842489454;0.024969640536504564;-0.307525966257466;0.9341374617875847;-0.09138730698502752;0.15248911166566828;0.5202619821100107;-0.01677269500638948;0.15027093661516855;-0.014370039989733595;0.025671500329929313;0.0936417905240199;-0.11598095333682348;0.015308856416428821;-0.3076779562145639;0.89913563445187;0.0016322164135330957;0.12359857531758323;0.3554468522727186;-0.02588068625682464;0.11845781695970661;0.02066115615839692;-0.00039321138732770753;0.07655297641236251;-0.06487925685711499;0.004956320018129336;25.235217303669803;9.961666497984334;2.546871114555864;25.303692416090986;44.58184492116906;34.17583888727366;31.178503231067907;78.05107566363063;41.9842151602568;34.665186337785855;79.58962500356358;45.329536450038965;38.24764561244708;60.992657803571255;50.24584505542927;38.439531521570366;9.742970573670885;6.691604767852499;5.448417884760612;0.9957892050002118;-0.3643984453577782;0.12654656722808572;-0.011302129834906818;-0.271089732365438;0.36207258035082246;-0.08026940207812878;-0.16904055956272804;0.46379040811679667;-0.04440858006810656;-0.05748364041174477;0.4550334509642211;-0.04363550922629351;-0.4829233382633801;0.6446681501289557;-0.49953894309777097;-0.22715610104773562;0.8177079709009065;-0.09419082126050686;-0.09041236789014559;0.369639420910572;0.07051670250279335;-0.020963227601504895;0.18944644517743015;0.09429298542758073;-0.25031126154867367;0.833960977846376;-0.49178588813774204;-0.26600626587725834;0.8606574419740041;-0.04680893619287287;-0.07793809242510248;-0.024265075602789676;0.18866857751441585;0.014826901517067384;-0.20607801115634414;0.15797004311849788;-0.04763431816302086;0.9838469343110094;-0.45603643805171645;-0.25547940199096575;0.8107580147566512;-0.03277703810589855;-0.09370905680760092;-0.08096569565887593;0.1847791338796893;0.011933378843419227;-0.21370091105032277;0.14892090311481598;0.11521397464115805;1.0742898335379578;-0.4102886226340463;-0.18816005741235592;0.6710747055341005;0.001346372560199054;-0.11627621465987378;-0.012479974809523318;0.12226020701116654;-0.024927754872804662;-0.148782604820417;0.10715348452581487;34.835298712438565;17.35584923257685;12.774214826016458;32.3250034870797;16.92456152982474;17.31070570914664;26.487220950834732;92.77677375876164;50.9968229262467;26.719349547598387;104.61897803837;41.10806779296115;29.84011625070281;83.3435371152375;55.22392665130948;43.980134776370235;17.453849063844864;13.218872002999804;9.139527894422905
0.9815681193697932;0.1954147818054584;0.27045600647391393;-0.19019962663149273;0.09379716026712245;0.4206698133562326;-0.08553353744133073;0.04718174484469748;0.41171777485058525;-0.03065083362485687;0.029012188576555686;0.27774228888284624;-0.011252519536763173;-0.13036273198294507;0.9099320881752025;-0.33304623044927656;0.15023791566539516;0.6042706848216854;-0.018134677254313895;0.16124721812956513;0.0567512542135792;0.040024655446157575;0.11335385951316979;-0.055139948334918976;0.03346119734960511;-0.252545244801932;0.9414844174399075;-0.22322184267174727;0.20011868613348396;0.5782666387036943;-0.034601451241342604;0.18740122158694084;-0.036614279271288776;0.027114668670847653;0.10520141638023438;-0.12944442284800964;0.017508811075340733;-0.296721500211873;0.9401024895096737;-0.10680749612153947;0.18646340209323417;0.5049658650383209;-0.028236017526455562;0.16721521841410214;-0.041800261107850276;0.015556766981268733;0.10232082224922416;-0.1386599883613331;0.006908828931613716;-0.286229058961672;0.9209582377867997;0.00073635710154908;0.15210205229667392;0.3357400076176977;-0.04178311176834268;0.13048369660663614;-0.007765835344755108;-0.0121189549973803;0.08200239378702352;-0.08644131193627475;-0.002661829707470064;28.45767165536927;9.198296838190407;2.0061421951225245;28.28896960397445;58.10009003077895;43.938086084716524;35.071361277567306;82.5181181040804;39.58378357935215;37.787462144760816;84.07315326198928;39.55269576836778;42.05307352703779;68.62807629771487;43.20720534785567;40.866996204488366;9.618398884293564;7.153065905571857;6.232367265917539;0.9958323414820364;-0.3624441294067134;0.12259654993062145;-0.012038388736592366;-0.27005717024724984;0.36100531523008517;-0.07924815343100251;-0.17015070197727838;0.46391018515551763;-0.04367934530520022;-0.06089392120611782;0.45015826734805836;-0.04311748895453736;-0.48266598110521924;0.6467594142397294;-0.49024814026942515;-0.22679594116335175;0.8115905078835509;-0.09219261897104807;-0.09035254248030031;0.3676002083824635;0.06647598272878473;-0.022130361961786263;0.19249374418443038;0.08919784990877871;-0.2497668266933316;0.8398620699063003;-0.4819214000397243;-0.26812392727037015;0.8519184229446439;-0.046869850481001916;-0.07595012116001251;-0.03263407400475511;0.18077740627404462;0.016356765828463658;-0.20671065712339037;0.1503051619504703;-0.048014081767759745;0.991628013615758;-0.44566589785699;-0.2580642461069883;0.8032871748334087;-0.031575116353830826;-0.09060706195742076;-0.08833948441249874;0.17804980623840214;0.014330533490909608;-0.21541499264825367;0.14185583792526496;0.113010585541989;1.0828054781174634;-0.3994789971239893;-0.19143586395055665;0.6592365326617039;0.003344416732450579;-0.11230557971239467;-0.020107753243413524;0.1195546389188686;-0.020730421173602347;-0.14968274340336818;0.10280990316748645;35.25417688823618;17.225007752207837;12.391410540406675;31.899032622108827;16.30305906158783;16.290270926342878;25.821363879104474;95.1346301853979;50.070389088044045;26.394810732021323;106.76602164391396;40.37428786281914;29.794156625090142;85.63042567150129;54.29060185888899;43.97356248952614;17.609278331092607;13.172535469090768;9.028779961393392
0.9745640884678588;0.18356766107454764;0.2319107366058532;-0.23393308233263907;0.09730618790935917;0.4094343731725859;-0.10754431025302161;0.06803428814383414;0.4055035117577437;-0.043959222171931586;0.04056812704477556;0.28904348637758687;-0.023530197542048104;-0.1558930939468386;0.8861504599104523;-0.3880262160771201;0.16082058774008173;0.6143565973371267;-0.03124558306104127;0.18274265464624262;0.014269523372858741;0.034020897571868915;0.12596273246828937;-0.11172616601017353;0.030403720407249316;-0.2567384123949253;0.9315249211824935;-0.2575785488290564;0.2358699683315691;0.5548911545588888;-0.04573784741507989;0.20506235534202236;-0.06659814140631275;0.01840247257004515;0.10801435256427823;-0.1559791357135527;0.009546392537996926;-0.2848492851502569;0.9452683201894168;-0.12308449693120962;0.222386911676645;0.48805132301981313;-0.040400654155866696;0.1850382861013898;-0.07094104571024035;0.004772313787536965;0.11142900481679299;-0.1626223464328752;-0.002039822565530779;-0.263041414124301;0.9430250125240126;-0.00021801213809245683;0.18224632340435976;0.31434410725740114;-0.058655144189361005;0.14311842633346894;-0.038010274315602784;-0.024583155164509738;0.08769893022654905;-0.1092805825267452;-0.010766306744210818;32.612598909193125;9.058939258840615;2.1366128065872165;31.455437164828673;71.76475126413213;45.243162378979974;39.270369252745844;85.36573762959705;37.26849005265837;41.144017458424656;86.5938957000013;34.65851004524002;46.39706280879644;73.62414454163297;36.44245547663189;43.582626409072915;9.841683582125077;7.932926970540894;7.19149982586662;0.9958754779638608;-0.3604515979202824;0.1186494846234245;-0.012769510467390487;-0.2689940886924627;0.3598957412624102;-0.07822141638078607;-0.17123311518120093;0.4639683936891385;-0.04294788859447451;-0.06427973224745165;0.4452474376838891;-0.042596300908393614;-0.4823464103334079;0.6487555527909694;-0.48093773834854636;-0.22640770319452724;0.8053958787711153;-0.0901919429722302;-0.09028112724901367;0.36552251231020105;0.062446031003505265;-0.023288952194752795;0.19550102440652475;0.08411558566669018;-0.2491921834084722;0.8456242562581583;-0.4720411771826213;-0.27019611485339096;0.8431095921658741;-0.04692430871230636;-0.07396176219299716;-0.0409583784542105;0.1729005649521643;0.017877093892213345;-0.20731307258460074;0.1426575244102804;-0.04838569955427057;0.9992411584156523;-0.4352868325125957;-0.2606026835106118;0.7957467942386967;-0.030374846017752238;-0.0875081307013936;-0.0956660602636663;0.17132955800591082;0.01671423120603411;-0.21709247846536014;0.13480623142556203;0.11080297638996567;1.0911376547871647;-0.38866903845433254;-0.1946706876027962;0.6473688419032922;0.005332375127914557;-0.10833934924569899;-0.027696062994940953;0.11684641482918846;-0.01655062578503917;-0.15055885754624143;0.09847377518347926;35.680875338499696;17.094604772637922;12.001015148380528;31.47249778347388;15.676336046026053;15.299170358501886;25.165922076183985;97.6317187930221;49.03345882411585;26.092453868984247;108.97131333141377;39.58921728835803;29.780740660042923;88.01665718818633;53.282377907726485;43.986633757912436;17.761722190543754;13.123721874777411;8.917916065094946
0.9725314247859294;0.1802817129768821;0.1925749836379694;-0.2773012139799822;0.1106067343892991;0.38768749118753865;-0.1307899650240837;0.09677322947092504;0.39769651588617416;-0.058859885664125394;0.060154880089441295;0.2995330948460038;-0.03798729820837746;-0.17202530523210977;0.8599273786074058;-0.4472763299309882;0.17874500659683418;0.6311566273997056;-0.049315594949072464;0.21113599908920425;-0.00959927399781095;0.021682699624427183;0.14562185217736634;-0.14632887040806222;0.023767139882974738;-0.25531795482314745;0.9199085808445588;-0.29762551105957785;0.26718239782865677;0.5482153199267438;-0.05790047004423036;0.2298510656180567;-0.08612743485060917;0.009123677333395811;0.11933344138697792;-0.17982416230472106;0.001447198534667172;-0.2686544815939906;0.9479339245319791;-0.1460876466358477;0.24831669276703133;0.48398124432599593;-0.05287739656215958;0.20831192548355226;-0.08974043740938371;-0.004191771455461445;0.12605601571541467;-0.18492611258239555;-0.008773528329213739;-0.2354784386376735;0.9593541772768077;-0.008768755985147099;0.20422501364501788;0.3116613063558763;-0.07209608349292003;0.16245224933522115;-0.052476842504391184;-0.031054368428066553;0.10288361199870491;-0.12617200164488318;-0.014337801783433766;36.22101862844243;10.031480306028225;2.5476585022610396;34.44404301809759;77.3484061121106;42.27946160958722;42.26857542209695;84.7885601099769;35.92187864768828;42.741379940529;86.06136159545906;32.42044824706252;47.863215885998216;73.17582122217075;33.01287312101509;46.65438927899498;10.455126406075088;8.88630975495418;8.179824186258346;0.994817059884184;-0.35174043875343564;0.12782125789991766;-0.009795776458355424;-0.2558703240929375;0.34274779663127236;-0.07598295329755675;-0.16094863017775657;0.4427190103963704;-0.03870737962996469;-0.06551737721400445;0.43402874023391;-0.03774188189441655;-0.46504080758338223;0.6618053903293311;-0.4822652839481198;-0.21311209279755003;0.7606972233736912;-0.0738156543005347;-0.09193301188989461;0.34388820487601396;0.07775832126624452;-0.027069007948851472;0.18820059963307367;0.09425404408358887;-0.24314984198568576;0.8501614977140957;-0.46701561231597155;-0.2582866324121199;0.7886067574217949;-0.023929655711839398;-0.07263891300441976;-0.042277532545610626;0.1921103094608092;0.015997638018667968;-0.19081438513056595;0.15379123259593885;-0.051353535932297106;0.9946321676729755;-0.42309207864458687;-0.2476920154402615;0.7485167421639365;-0.014812771571830847;-0.08568327831841778;-0.09455240268536598;0.17993594866433751;0.016024607712960947;-0.2004860348790243;0.13837411052710266;0.10043618382284222;1.0829996341472528;-0.3686119914905441;-0.1840472368849197;0.6057330120236212;0.015805878655055977;-0.10445094594506156;-0.027357814346736193;0.12056800373539552;-0.01461595003825566;-0.13974478192329892;0.10006091540452712;34.173199768526395;17.465252103992825;11.356309861911754;31.344058029781195;17.673588408980933;15.425798445612461;26.271445921105624;96.32429006443795;44.945777612469804;26.52621827594154;107.46850526006311;37.92013965133518;29.703650755115525;87.45114912723474;51.40950592849993;44.167074320003806;16.92201160023201;12.687787780434082;8.824445367548849
0.9745964910694972;0.1854815109397443;0.14257271818615996;-0.330360821112953;0.13787350921162292;0.3484264089294235;-0.1608489413855311;0.1411102730067608;0.3856660673200261;-0.07905497563877571;0.09333856542674468;0.3112332733560009;-0.058314926276853224;-0.18134960503054542;0.823428881271586;-0.5249822147515534;0.20892947860037464;0.658607279489941;-0.07720987708612931;0.25378153896952627;-0.018497761265899942;-0.0007253473409636852;0.17768269414522198;-0.16461061556092696;0.01150558872356035;-0.24694147435557118;0.902339042933054;-0.353276322220662;0.3007477374533464;0.5577502449615737;-0.07406617533278881;0.26824947987751957;-0.0986151290260554;-0.0030433521475628847;0.14269560876634949;-0.20618732245677626;-0.008765366554550208;-0.2433491673277508;0.9471219210872777;-0.18193973794792853;0.2690373688966693;0.49254915220031714;-0.06864494066532836;0.24299145315062207;-0.10144263464713278;-0.013290709604186438;0.15018960934231898;-0.2105163942363449;-0.014656688622241143;-0.1960433484296204;0.9718888813077168;-0.027835754923558758;0.2221372381345078;0.3287313782163515;-0.08486495380965996;0.19369426697395187;-0.05279595633437562;-0.03237233279384322;0.13216326677605061;-0.1403466012204774;-0.013704339443165361;38.94320574782343;12.417353601993636;3.422534980474801;37.892495705392236;76.63432010795475;38.73743765436637;44.48231521148957;81.83481963353894;35.14674581975542;42.66911769014124;83.71462670889412;31.79049233147204;46.244781017322445;69.85229278618984;31.660025307678456;50.23237287107382;11.51259466142349;10.184699877597629;9.417145401660342;0.992850667612392;-0.3388535488582059;0.14587071884312808;-0.004350286913062244;-0.23501971931654161;0.315296165284119;-0.07305369191572036;-0.14318765655470514;0.40763753721346263;-0.032258660854900006;-0.06504398890710517;0.41917290621090375;-0.030124968050416485;-0.43674147606779323;0.6818310751447693;-0.4913590773300716;-0.1914777588333745;0.6915931661673624;-0.04830071763250068;-0.09470838171532235;0.3097586161788064;0.10599355977756485;-0.032440801810244654;0.1739303176030437;0.11474023064759427;-0.2336117677761495;0.8533552358671218;-0.46605834760754067;-0.23711080635041526;0.7052789121428871;0.014021624279386349;-0.07193299547786822;-0.038273209886687046;0.22962519820508578;0.01177039479215303;-0.1631641806273806;0.17782171761969626;-0.05597009892071247;0.9813712728583102;-0.410685955904808;-0.2245196135858185;0.6762382671767148;0.009953219648777349;-0.08497389324670294;-0.08727714135623993;0.19911107171714715;0.013118171209522076;-0.17186009803732852;0.14948733256266916;0.08498221214427311;1.063385826699905;-0.3435639965759706;-0.1641295370445694;0.5458911242018872;0.03159748903599245;-0.1009829830283739;-0.02116744234462072;0.12871246821132656;-0.014528582166810586;-0.12126405533573756;0.10589492002665238;31.40767623207464;18.29386767119068;10.508214149161995;31.807956784791934;22.02158262596577;15.92930445317734;29.02908356406521;92.1230747137677;38.25451821960344;27.70373829193331;103.19208471631413;34.952209117719505;29.716568379138753;84.46356867176654;48.51495746816501;44.418074868989635;15.458520241574114;12.024063814832015;8.787182503187147
0.9766615732129362;0.19188687395983609;0.06904023813240404;-0.40540443122865927;0.17663529850033902;0.28922418633936964;-0.20352516885573937;0.20465360814776015;0.3657967841070172;-0.10790674347685643;0.14097310459301474;0.32630379621319555;-0.08748779303832807;-0.19377311465192865;0.7652967111569745;-0.6346285766802975;0.2514900698619123;0.6944090735234814;-0.11725933135949271;0.3141690077970969;-0.03131184725974091;-0.033277781457348596;0.2231631328600753;-0.1901522454639467;-0.0063806748081483575;-0.23324080713729456;0.8712199613365779;-0.4319427101533664;0.3476514062515708;0.5681471001035311;-0.09709451737331562;0.3223765847887192;-0.11614750543330332;-0.020702119545906325;0.17575446139421852;-0.24321287635400604;-0.02354900725683;-0.2050746502134609;0.9400725353913739;-0.2329021475967731;0.29747538605350804;0.5019450880296026;-0.09112838649760276;0.2918718736388832;-0.11781622986067491;-0.026428302923843933;0.18432283402651814;-0.24639219474411164;-0.02311357300909259;-0.13753267382962583;0.9840776036886756;-0.055365927108738965;0.2467854761040707;0.3514954443941269;-0.10289106872923878;0.23788579685649963;-0.05293240743976495;-0.034086597921481346;0.17388498250249948;-0.1600712801955682;-0.012699044002408826;40.52044092092499;16.671605626774852;5.71510020104335;42.64949033539583;75.06896139118358;34.986460354487626;47.37450513315472;77.98639315241208;34.26339698877117;42.34659506350076;80.7150263911008;31.121679280735375;43.717537457607456;66.34214313370714;30.330874224054867;53.57488759123826;13.220813939085316;12.245850139350296;11.269305694480831;0.9908842602385526;-0.3274475471366771;0.1617933899455376;0.00045765738963035786;-0.21659172627810197;0.29103361433305086;-0.07046138143891781;-0.12749515055972618;0.3766311103862667;-0.026562642984995413;-0.06462053676663594;0.40602179795328036;-0.023397784907970426;-0.4117202242745846;0.6994529870619374;-0.49934588122092194;-0.17236154155306938;0.6305256522949747;-0.025770641518436492;-0.09715059335521864;0.2796008701317882;0.13091217452033754;-0.037180561739718586;0.16131697594933944;0.13281681751851623;-0.22517121318316496;0.8561024330458044;-0.46517367604656623;-0.2183955127902194;0.6316527011193742;0.04752589437943477;-0.07130366931276443;-0.034734727879581116;0.26272590387812766;0.008037355171355532;-0.13873922719429285;0.19902205187774083;-0.060041103332567514;0.9695805601662758;-0.39969830651320026;-0.2040427024113081;0.6123695070490476;0.03181714290031525;-0.08434039919500944;-0.0808467382014315;0.2160230211643336;0.010551097439804265;-0.14657297701114103;0.1592860067725661;0.07133139215017795;1.0459794571298402;-0.3214211083764947;-0.14653117855141332;0.49301312176316603;0.04553650284987608;-0.09791270759422996;-0.015700448210350503;0.13589192412199322;-0.014450216262936183;-0.10493797243320376;0.11103651208298526;29.0679834977574;19.182396890969205;9.656644086975746;32.6534775525913;26.38639881952797;15.780122611725483;32.06284929435385;88.0932058577576;31.93526952379833;29.08115422475078;99.2184122370386;31.524180625356774;29.950284818914945;81.5294895197675;45.323077279675644;44.61542799529441;14.207250327711261;11.460336810525652;8.796147799099085
0.9326508454560676;0.23018188373417514;0.010746387736814378;-0.48381648699405644;0.21988416765306312;0.24828501566629912;-0.2648732961410737;0.24918756471224013;0.3387456013956904;-0.15032313245746;0.18265143598790817;0.3412265681438503;-0.13507279327796198;-0.17366979180808542;0.6421103143098033;-0.8298452263413749;0.3273969750947908;0.707024547325083;-0.17865199086475375;0.37462760860618916;-0.007279106709937291;-0.07267810702781345;0.2731753777023718;-0.1628947914411447;-0.03178677417450298;-0.2082251848172775;0.769004886875289;-0.6043788185978513;0.4287920957986435;0.5948092714238331;-0.15370316485148025;0.388874284277212;-0.09889303438146343;-0.0484976897898479;0.22577205686076948;-0.2305517469425139;-0.047415030436557155;-0.16653110329933807;0.8712386462094555;-0.3789323299571401;0.37390041531321266;0.5234162609097274;-0.13625086733929112;0.3564975721336614;-0.10052596032328298;-0.0415918904318868;0.22768463327542002;-0.238750419743709;-0.03579001773707993;-0.08044369587593614;0.9437919252864145;-0.17776403589724474;0.31785148779009376;0.3680881103798343;-0.13866806673776885;0.29473249530107704;-0.03686345850854857;-0.04428390918408845;0.21673298489192502;-0.14953322939207903;-0.021557789593294643;37.09280107648362;19.467592159230236;7.723988940085135;50.095657715272644;64.679042906788;29.831312184535367;52.02197408879227;67.60219974051938;31.0815747664163;45.391511118432064;69.37079572806766;30.422981346868117;44.69191435714634;55.393902704135066;27.547754374319886;49.72801728836866;14.101115975385133;14.537111818651624;13.73215105469422;0.990738567006294;-0.3269482767706195;0.1561142987126413;-0.009692160725335327;-0.20893896105572507;0.29265203711566096;-0.06640862486932786;-0.12099405215700529;0.3811801720534636;-0.024310950952881254;-0.06476781241167229;0.39952003042626283;-0.02009733583916986;-0.3923112617328873;0.7349440504197915;-0.4551229048618585;-0.16733557812751576;0.6172142995633159;-0.014824250974832502;-0.10044540506445622;0.25359642826161427;0.12728103566680352;-0.041795405655915385;0.1340696220269102;0.12615477507293352;-0.2084256290865786;0.8846785603455285;-0.41701630903937936;-0.2161973219072497;0.6107135267991645;0.05243308409733236;-0.07889273117389023;-0.031592647802249046;0.24347090752927297;-0.0015360713522456723;-0.12491973952202712;0.1833520741202916;-0.05013275881390135;0.983325616803912;-0.3506673644908054;-0.200663602406444;0.5911127862531858;0.03736342780810698;-0.09097446143836335;-0.07381483273735741;0.19888633346471404;0.0031770737380807743;-0.1377332989400413;0.14448671539854333;0.0744649187733219;1.044988562742613;-0.2737117409430744;-0.14254361788891018;0.4792689328214231;0.04396352360360262;-0.09943474747386234;-0.013582868489303427;0.12397681620193449;-0.018849826211026117;-0.10049610839998868;0.10152283690920433;30.113776338827243;19.092981572028712;8.413340539778327;29.976334824343688;27.071764232066805;17.28732916114871;29.895835600816305;86.39869028135122;31.642901938710505;27.793129501420655;97.14188750152631;33.07751127493569;28.381074364154983;80.57243767971732;46.48153566039056;44.02103558939121;13.839405875601953;10.817869787736049;8.322045256354025
0.8516172509464734;0.29154152013480167;-0.022298815543446513;-0.5209908042928928;0.24796234027421568;0.21595777828588936;-0.3259454673002062;0.24286477432433165;0.2758422181790352;-0.19617124905542693;0.1976001437145516;0.32670034213438626;-0.19377839311579184;-0.09495335198037227;0.38403033338255177;-1.0621808332130054;0.4174524906201693;0.627766576359878;-0.2506266280909396;0.39959331871950066;0.06747291388797205;-0.11265029117606513;0.30316236810717184;-0.049854399749693655;-0.06318421758405408;-0.15209315945719765;0.5112705888017934;-0.8458546304611655;0.5165869155504211;0.5934146374754917;-0.24060177216967188;0.4355949556578022;-0.025757670398561937;-0.08441614868987911;0.27720749176909915;-0.1297827394169165;-0.07831544782059982;-0.1169667629170881;0.6489821512902517;-0.6164643788394921;0.48128035039531125;0.5171963038464579;-0.1985600787409475;0.4089215119901151;-0.02880890195030642;-0.05499499913410481;0.2619198989772948;-0.15063924878859988;-0.05047714388926147;-0.02326868453292592;0.7550016489241254;-0.4097952577034041;0.42269003924306886;0.34438593863098;-0.18527159922922043;0.34070943931631786;0.003844498156115552;-0.06200943419911319;0.2399560446692806;-0.08480589780620408;-0.041869324687022424;30.922947642449326;17.719253758139736;9.11742460586911;58.71247635513423;44.729631426230775;18.796993498748794;58.62548518548873;51.014068578197026;21.43908094520153;52.66542501240604;50.559351117446525;25.646647250525465;48.77792894165419;38.151855841706784;19.83645924534856;40.20975718640296;11.866021702462659;15.223355560665059;16.10011172463268;0.992055843633618;-0.3318023329310702;0.13292122720470154;-0.03141752064566837;-0.20703624722293867;0.3110514007970095;-0.06048596571574851;-0.11986128539358364;0.40910047549789685;-0.024252439283074797;-0.06482183149524871;0.3942695152516671;-0.018943885357450823;-0.37262137143349683;0.7799257714404628;-0.365987118311887;-0.17100227087187228;0.6331998011955636;-0.011577532093759038;-0.10376825755167463;0.22693409973756856;0.10138883869971596;-0.04627702236262811;0.09322892914906553;0.09984994007836098;-0.18281573021620678;0.9269492807069711;-0.32763308713001466;-0.22426407796490005;0.6222618223827217;0.03619564499230907;-0.09237734294033285;-0.028285844777354806;0.18250400207807005;-0.016007083838812657;-0.11700792340499426;0.13807620505528848;-0.028901429323049115;1.0088029415118502;-0.26767906157946353;-0.2080262367864393;0.5950700731480362;0.030960476944588027;-0.1026459382092184;-0.06529412604665158;0.15400004144300575;-0.008231353893489984;-0.13931456904432807;0.10947853090102416;0.08954525335962837;1.0475787870117501;-0.20192862666875758;-0.14716260891262534;0.4895640973934522;0.03052428518470731;-0.10363029049833436;-0.013683800874839445;0.09625152828879867;-0.026673448486227474;-0.10370081558085198;0.07979966706144746;34.49261818321029;18.203064955192403;7.004893098088298;24.16121745541069;24.89769036240661;21.750952494261153;23.832559221464265;85.92460910640963;36.93971134540996;24.836893947646256;95.9006044381827;39.653942272294316;25.82613736166654;80.91558026814577;51.30098694823761;44.84403347316852;13.947666390293397;10.049396255061593;7.505373241768816
0.7705836564368793;0.3157122455860458;-0.05696848838350905;-0.48028387385431476;0.240610362031799;0.1438234000209879;-0.3442535467495577;0.19650884783268366;0.1586867914468875;-0.2177147102006753;0.1831441099044553;0.2573727492589262;-0.2305905670986176;0.011432693563524323;0.023544794078927754;-1.16040941230253;0.4546040633677046;0.43511265896700096;-0.29366190552133;0.3642660947002307;0.14316230480923617;-0.14081626952349796;0.28914757980810046;0.08901687775416024;-0.08937475043053257;-0.06266703371899528;0.13073343607409757;-0.9894349961352299;0.5351872257447887;0.4964185125343086;-0.30252469105887714;0.41966507258137276;0.06304553062758807;-0.11242762222455947;0.29219370694119107;0.007730087716484603;-0.10149851560175875;-0.04078952317452755;0.2873799961564844;-0.7923500784778472;0.5282277644748252;0.4268651271511449;-0.23877529385131743;0.40388117420012504;0.05884287325482571;-0.06167118368699926;0.2594520562141329;-0.0244270651826444;-0.05936590589959227;0.04665840366297701;0.41509981701366055;-0.6125317513251346;0.4761129239015264;0.2615934031736579;-0.20944148601450333;0.33916989128664976;0.050350968671493045;-0.07256188595487144;0.2282705635136454;0.0037550169055395725;-0.05865258976082087;24.616009223418853;11.526291349801848;13.074807189650896;63.772521229883324;21.231197998693094;5.303573338341735;65.26009200770744;33.30955983254657;7.9830208238871165;61.45108103948581;31.56782014911473;14.078936753698526;53.114281576272255;21.504596545909067;7.706210246348802;33.41278171375402;7.598907472357701;12.416455249382675;15.55011416847561;0.9933731202609416;-0.3332008323031414;0.10880869479282158;-0.05242243417753035;-0.20306854778211805;0.32595522330494797;-0.0540592608327971;-0.11753359582998572;0.43235456797934807;-0.023948993445854043;-0.06421730052278107;0.38511663253548467;-0.01761959828579616;-0.349515726402251;0.816164136792821;-0.2747870760654107;-0.17286651572084377;0.6424665332912187;-0.008273409691228296;-0.10597704072081796;0.19846279984019205;0.07494695716532995;-0.0502063314860474;0.05219775490239329;0.07301866161662848;-0.15582493402427075;0.9590353745207115;-0.236579247513915;-0.22990673314691723;0.627284356342229;0.01989130266973609;-0.10467552216162664;-0.024753260584158814;0.12081318721260995;-0.03004812125331294;-0.108055487867962;0.09223694069008283;-0.007769536549251769;1.0235758634305945;-0.1835100576200878;-0.21314250726584483;0.5929178046683135;0.02436186782141968;-0.11306034674319874;-0.05626864314905201;0.10838161899801149;-0.019345316937845147;-0.1394533944229609;0.07400717405664962;0.103438375764711;1.0394944980667513;-0.1294245745974121;-0.1502033710023761;0.49470275597210317;0.0170239290463518;-0.10669702584764719;-0.013644058654168704;0.06806256628799838;-0.03408182062589655;-0.1057943223297027;0.05766871857541235;39.56327188892282;17.352659331020558;5.753959761005993;18.320609917772007;23.0343913795343;29.852181450373184;18.805024930790434;84.1917063759275;43.76497150307906;22.888359315943607;93.61943534059327;46.992113163805655;24.23814637836636;80.88129730347613;55.60055353830825;48.17268536846913;13.896403664329469;9.294897943280603;6.796531251874065
0.7624354121160952;0.32017872997310026;-0.06474496347653141;-0.46359311293151195;0.23509965036364136;0.14611259659027362;-0.3351176757563085;0.17651799090669834;0.16081888469005884;-0.2100042599598434;0.1743183590876454;0.25483731930734577;-0.22255540686290717;0.05001478706065525;0.012670221596520084;-1.1526001789334783;0.44812557934768965;0.3912424108925533;-0.29025138212311896;0.3383567391645544;0.16703217122640948;-0.13266702990379303;0.2759434408471748;0.12635095467078047;-0.08465275353114582;-0.03033821036788385;0.13128112821395246;-0.9908808497324721;0.5276457707085257;0.46981582167372926;-0.3050828491649984;0.40243261648704653;0.09241630688368335;-0.10529688452263923;0.29210534529076787;0.040744085591720096;-0.09492204426931526;-0.01356258202320209;0.29078784402731955;-0.8020615854069159;0.5266497814499592;0.3995256640539266;-0.24021757178983094;0.3868929206410775;0.07851795906002838;-0.05625495871779897;0.2538473720632389;0.00557352116673493;-0.05453647066348317;0.06980443113512336;0.41510658777974174;-0.6297050264077445;0.46701755818183704;0.23573396822523016;-0.2087863174351155;0.32240600436434513;0.058024531060994006;-0.07425265902816515;0.2171415391379904;0.021072083566780354;-0.06120960997307642;26.201678464215377;11.647973350111275;11.76161592712806;61.71209699288465;15.207691826208698;4.107493178815167;63.11684765125188;28.609783070790456;5.95791498063719;59.81902417611042;27.561199426316616;10.82398363331644;52.12548544665976;18.1831130847622;5.367865218652008;32.87527858600575;8.103062876225122;12.405232580291337;14.808325113926374;0.9930390208697388;-0.3284004067913991;0.10428371396891742;-0.056722007790731686;-0.19746730590435332;0.3344229511831284;-0.046640191382933925;-0.11365467136352138;0.437310720197486;-0.019027173988026048;-0.06309666349716604;0.36830389054744794;-0.011462606608955317;-0.3343675546204044;0.8367110310518414;-0.22761450222977248;-0.1672755056124773;0.6292878834357384;-7.188581964788924e-06;-0.10321887849285631;0.1763111895034722;0.06865414651951982;-0.04907946899854522;0.02802787629590375;0.0641855506704267;-0.14106485621831635;0.9718151116908534;-0.1888811664232298;-0.22384083916913042;0.6140249854900182;0.01795874871374726;-0.1048284561095506;-0.02997142675167524;0.09698079992427407;-0.03237716672395341;-0.10573258185604754;0.07435936538990891;0.0017015782441745068;1.0201386940995083;-0.13758517830003297;-0.20600244588699915;0.572841260794138;0.025015848432619024;-0.11193446337600706;-0.054887962632890024;0.08991732627314777;-0.021981943103435438;-0.13717859081102754;0.05930965148296256;0.10700187957731187;1.0166977722469566;-0.08678200600322532;-0.1479253874165215;0.47487920168309766;0.0148730050884926;-0.10287263752333156;-0.0167663541695891;0.05719395906638517;-0.03473714222229529;-0.10248141634443961;0.04862596396903454;41.45774047129979;16.54158743041189;4.88795044774134;15.733955794342666;23.991263674310797;38.55705333252601;17.098309234411907;85.91064483232066;44.89554655514134;22.222057410405437;93.75542518619856;48.70631707448531;24.195753019810105;82.1246678847287;55.084420302511006;49.683529487071574;13.601571397782594;8.845522966228005;6.521907677655246
0.8011925701914118;0.32031125287465423;-0.05749026881692165;-0.47360098224217045;0.2367510524735159;0.19623213788614008;-0.3183182783247761;0.1779136163685758;0.23794557653397808;-0.19042628268740636;0.1736754924429625;0.29853346207599546;-0.1936642747778901;0.04666163198253648;0.21167509124672038;-1.1098576149973425;0.4268657254772052;0.44870963728460517;-0.2663500028861598;0.32802988159406826;0.16235228155169212;-0.10659253179300106;0.2708006805085649;0.10353172918694308;-0.06383674621617257;-0.03506372035539056;0.3625931920051622;-0.9312876637357259;0.5177645775410928;0.4984433765217361;-0.279383011904706;0.3953338235874942;0.08650883500710028;-0.08020993899119354;0.2900817597434589;0.010061901660349402;-0.07331566745672295;-0.017768355311909373;0.5190191050271439;-0.7312427257836105;0.5089291886478313;0.421346199020643;-0.22420971665425954;0.37328723016333404;0.05813963553025573;-0.04534719117356405;0.25289105728462935;-0.023815869286607175;-0.04316261699141636;0.06510893395114928;0.6281824102202611;-0.5500876695336776;0.4324947791848159;0.25135378085727367;-0.19839604801075827;0.3054929804369856;0.043379715017024784;-0.07232973975489287;0.21235803333424172;-0.004843187871045003;-0.056573858312049294;32.15779672152513;16.914298526797776;6.585206053722453;57.42042400354618;20.153780607214706;6.484226604534807;56.75181430758949;31.851349111093842;10.527652613751377;53.34391324231985;32.203182232116774;14.358809170316094;49.083750856379424;22.663984493914406;9.267654757996006;35.59299034550921;11.349562459116235;14.114623521709902;14.534268304243367;0.9916421776424214;-0.32154631858501487;0.11181817733633931;-0.0512447143350126;-0.19203208333073066;0.3398120641556194;-0.03932637368549996;-0.10956171653454815;0.4329274823474641;-0.011833707749836204;-0.06198660118430226;0.3495608934105115;-0.0029663466096598043;-0.32611010479026237;0.8498378211936626;-0.21005987443920274;-0.1583607341483503;0.6063163699310378;0.010571102190199404;-0.09814963775853197;0.15999616803520844;0.07473607747646563;-0.04527785765963688;0.015400762929299198;0.06663695938047728;-0.13493370595187382;0.9761093004236555;-0.1703042237424985;-0.21222519643430102;0.5933373516858022;0.02456294134680217;-0.09831214593932278;-0.04001942232863933;0.09710448458297168;-0.02787139701225584;-0.10780582239515982;0.07420436564263252;0.0037645975387512833;1.010142327322542;-0.11750476193026968;-0.19300255559127955;0.5458591012959644;0.029925079748473984;-0.10460423439360982;-0.05823995707785153;0.0888048147080881;-0.0196008600431092;-0.13416639222906543;0.05789099326858745;0.10472370415347029;0.9906855369066581;-0.06470788995824951;-0.14326451757937644;0.44368756547183097;0.019508954216543237;-0.0956926621014526;-0.021571034709622492;0.05733034229436031;-0.031558077959669945;-0.09663777763364838;0.04797604643782773;41.108310150272196;15.812931590678708;4.273785383588921;15.31850246737993;26.47812467386648;44.160048264184944;16.830629133601782;90.31295253104015;42.202632399515224;21.869241300478635;95.94073892237182;46.939425896786055;24.684978105616025;84.30971244202854;52.04750625417551;49.081187733252975;13.250564943351199;8.605074905534037;6.48967028453252
0.8399497282667283;0.3050985614106648;-0.04828897793846697;-0.4598312498819062;0.22688800832699602;0.2313986205090058;-0.28814777515803935;0.17063921152180486;0.29512610678815904;-0.1639065797189483;0.1647916234074754;0.3230929965291761;-0.15870980620163472;0.04144724843109603;0.37846784975219855;-1.0187384380651798;0.3875344657212713;0.47832462580290475;-0.2323528042683649;0.3031489320596318;0.15042127065731573;-0.07830953673196471;0.253267677546999;0.07828930404456313;-0.04227512042753207;-0.03758670500802622;0.550885286469235;-0.8337341547270021;0.4841988952096289;0.5000383482674643;-0.2431631309040814;0.3701015074491621;0.07711641650945517;-0.0540676251589571;0.27439901863042987;-0.017697441719768257;-0.05059769613111503;-0.020657050404883567;0.6970854885623361;-0.6332835239123933;0.4688168194016054;0.42057941070839405;-0.1992470855085816;0.34332518346811636;0.0372398003309266;-0.03347934634270913;0.23993716034210769;-0.04880443038412583;-0.03098495828956728;0.05781823943779803;0.787550266971661;-0.45297654381474034;0.3811028005592089;0.25321034292991923;-0.17966316522298467;0.2758352937875239;0.028283640916669708;-0.06715838795893826;0.19794156347062192;-0.027651166275616885;-0.04974477984790808;37.51238887605095;19.90188060075922;3.4167410571569166;52.68537270048168;24.714751344792457;9.872665159477297;51.39904121745589;34.90784693254339;15.426017551874565;48.826734213826555;36.89791840310869;17.656694209111095;47.41207108432478;27.541621284490375;13.41162085534255;39.805676975788636;13.772130717547256;14.312838635472461;13.277927605254037;0.9902453344151037;-0.31521710686628757;0.11861421431635778;-0.04625824397251524;-0.18703492571847996;0.3445828500981347;-0.03267804852483069;-0.1058108041129911;0.4288010375652069;-0.005304098218506387;-0.06095810717810871;0.3324370190777224;0.004742006442866521;-0.31850625965597845;0.8614508147719484;-0.19406242639002277;-0.1502188112773784;0.5852675349569468;0.0201634577889416;-0.09351705415633876;0.14514059184430264;0.0802273267328144;-0.04181354122210266;0.003940820087641593;0.06883761567388988;-0.12932505478949383;0.9796660457247088;-0.15339318452202214;-0.20161450644973725;0.5743648260250912;0.03054536617507477;-0.09236680687239517;-0.049120506071262074;0.09718299015578816;-0.023774347991755148;-0.10964914092468425;0.07403801064706847;0.005634745017739045;1.0007236845174652;-0.09924817769569058;-0.18114282499205783;0.5211930143815141;0.03436807148800737;-0.09791837119904116;-0.06126048718154707;0.08776479327502844;-0.01743407566985086;-0.13138734286341283;0.056583979742657636;0.10262073510866006;0.9667449604743238;-0.044661054682559195;-0.1389867304925356;0.41523833305856706;0.02370765417386669;-0.08914619260062373;-0.025922082688008267;0.05743416844634067;-0.02866326141856297;-0.09130322883619044;0.0473698311000851;40.73899903031063;15.16935639884844;3.7776049393223747;15.030808151877652;29.061877716012134;49.33183958824802;16.604156278582973;94.36390987627902;39.65762165697678;21.540049445923888;98.00986321511598;45.23343021106842;25.214563830855433;86.4216187385402;49.03227227811822;48.47688128491562;12.938098462711363;8.396256652952907;6.475472549528243
0.8787068863420449;0.2822654085534759;-0.03907667343652187;-0.432965204462991;0.21110290002746204;0.2525693156876414;-0.25356022139892015;0.15888567207427196;0.3322874736236349;-0.13652054998180335;0.15190910104427627;0.332428139283483;-0.12454822025289275;0.035751381878303845;0.5031460338372217;-0.9092677670221377;0.3420435354993178;0.4865870301460095;-0.19649474037753853;0.2724141373180999;0.13551263209499328;-0.052359188577650165;0.23027161638789742;0.05484531818000971;-0.023079843463114896;-0.03839735353824243;0.6874618453638678;-0.7252046982819159;0.4401969867528694;0.4844771488774892;-0.20510856084818213;0.3368176030085339;0.06677372185564776;-0.0306995044791493;0.25221457239508605;-0.03997615809557365;-0.030168620262656938;-0.02234042629277002;0.820301171290732;-0.5311846685532531;0.4199390262747743;0.4057535537413967;-0.17195151880544376;0.30704725546446787;0.018759828126331805;-0.022569386390443202;0.22116454492630905;-0.06774997759568589;-0.019903868318912145;0.049858824239092894;0.8923037687705379;-0.3576616785080067;0.32588990652987754;0.24619481161644605;-0.15816235269961162;0.2420858718139346;0.014888702484752549;-0.06063026850663429;0.17938095979438415;-0.0455136269153264;-0.04243824205087881;42.21817053200547;21.28377060791646;1.7865517154328863;48.01258995898057;28.838213693088118;13.59454570274983;47.333790284230126;37.77873365537135;20.175983862282365;45.8066614048053;41.58770134371421;20.4748325629703;46.07102250293797;32.69664711955583;17.299684773324923;44.54553587779441;15.095888370453407;13.62803163799326;11.87636110417766;0.990097249856289;-0.3097108951591896;0.14066775664041847;-0.03649107327346449;-0.1792928861880019;0.3521492262804875;-0.025395939031184755;-0.09607448027579596;0.4222184089450898;-0.00029569875362974265;-0.054709902826461924;0.32139575413728627;0.009070539404166605;-0.3072844777327074;0.8763179587110252;-0.17175086996613526;-0.13819980721911804;0.5651901315815895;0.025620635600983984;-0.08698840711122967;0.14347626084345824;0.07923669942845533;-0.03824323489435187;0.01267124540156453;0.06658410006487801;-0.1208358557668223;0.9834433983371225;-0.13504731847849333;-0.1861974065420195;0.5616253484756489;0.032776526253519046;-0.08807891784696738;-0.047117438391703494;0.09221340594060846;-0.022070236588344814;-0.1054050008221791;0.0702509351033961;0.012430818417407547;0.9954146496428941;-0.08473726782788739;-0.16692966571120904;0.508226288470038;0.03615441708200927;-0.09286030307490685;-0.0579105229212452;0.08343437270575667;-0.01664354627933162;-0.12640237330129964;0.05363149384309464;0.10712249612200703;0.954224829601101;-0.03323675245101381;-0.13016915547767097;0.40399000565151844;0.02669663195927105;-0.0854256946318606;-0.026605230744519752;0.05668491133296343;-0.027702831985047204;-0.09116964279817126;0.04639524142438419;38.518615644838015;14.613429835679662;3.5552955238296686;14.137909387815268;28.309628540116005;43.81168293563776;15.730337462518508;95.01322944931866;40.00942228272698;20.80094400602604;98.50633458303537;45.50411881799324;24.886569707574484;87.60183932871156;48.60908563675791;45.9323846013138;12.460895179972953;8.200928385941127;6.36887784448761
0.9174640444173616;0.2580687465480804;-0.03092986152785475;-0.40231685134034045;0.19403034297481764;0.2638971472795161;-0.2206654539648114;0.14613680558401798;0.3545698874935547;-0.111862375060646;0.13841593135380528;0.3326488517508684;-0.09477743255635124;0.030463970503235738;0.5911155212908955;-0.8028494874274967;0.2985943469950169;0.4826279455648333;-0.1638252589552041;0.24216637241930822;0.12076741910923161;-0.03065677326792006;0.2070687343699325;0.03507607619214463;-0.0073647239874176165;-0.03821070170179046;0.7808828112841244;-0.6235078005257506;0.39580834624448913;0.4616779629521189;-0.1705118099002716;0.3031581473225039;0.057132636865006164;-0.011511885871322352;0.2291811741274055;-0.05677377505355988;-0.013322334251352515;-0.023192396251195315;0.9002616168642126;-0.4387757930291838;0.3721226450196102;0.38523750732995515;-0.14659984560564251;0.2716573067518754;0.003705052087790991;-0.013433305013744947;0.20150639970479672;-0.08130545594222588;-0.010689694982313714;0.042472349753246284;0.9560736453430624;-0.2743782876147439;0.27508270609442464;0.23531626699790545;-0.1377021588493472;0.2101033302418077;0.003948587371750603;-0.05414579069173983;0.1607932924203896;-0.05869075449317709;-0.03572958667807467;46.30208978957988;21.68553188057559;1.5345238870208933;43.70804180233194;32.53975910487805;17.419505649146792;44.339582352158736;40.466544999786414;24.582679272545075;43.65145080661543;46.233788515345886;22.726897400875703;44.62232549568076;38.054238462284694;20.740442532449055;49.13582207949801;15.53552829198738;12.645560818165926;10.658689562565055;0.9906639265356212;-0.30476534419241175;0.16932017027112653;-0.024756220160583833;-0.17047013414317672;0.36069017540447024;-0.018101180676073154;-0.08375592635711263;0.41458577625131104;0.0037459494320863217;-0.04612241870946795;0.31375594416441294;0.011536568405059615;-0.2946628027076555;0.8919411331743111;-0.14720684768677855;-0.12473024753996324;0.546297463563146;0.028788436443062976;-0.0797728734530352;0.14838946126099245;0.07505152560733727;-0.03476157272249769;0.031045539509852012;0.06219882137366751;-0.11124554190498466;0.9869134832339956;-0.11673134119510588;-0.16900007668328026;0.5523711722795691;0.033043540342589946;-0.08477194005052158;-0.03967786555347665;0.08492574354569937;-0.021619731904482766;-0.09829295807081027;0.06480958510525694;0.02137968665619851;0.992109482608342;-0.07267713276042424;-0.15210730012597;0.5014803997246499;0.03653764090279724;-0.08879980455136087;-0.051526763149798774;0.07763312865872003;-0.016564946623303205;-0.12050112145945022;0.049973693763791974;0.11468239788282891;0.9476518133315767;-0.026565471951460265;-0.1194387472721514;0.40164639833842697;0.028951876548102794;-0.0832425019902441;-0.02543276564229875;0.055529353839091036;-0.02773554384113626;-0.09359823829470966;0.04526705690923002;35.61498207274455;14.214421555798934;3.440063151630294;13.021372538592802;25.792259741813467;32.81005119213973;14.529654193303296;93.75126416789467;42.03439022751033;19.854572890152717;98.07343433214147;46.925152931413244;24.09415583367436;88.23579586730155;49.583780235869696;42.63973246683525;11.944256717455309;8.034207553471715;6.224565049744177
0.956221202492678;0.23565841835440896;-0.024130226833526364;-0.3729258284283024;0.1780590157773257;0.26926189811895307;-0.19193387842854084;0.13419368185448216;0.36731517919365786;-0.09103858497541852;0.12599213189457678;0.32838893437090877;-0.07017280984691002;0.02591243891986037;0.6522100699385243;-0.7087139402856028;0.2605491449660933;0.4730922246835654;-0.13602778476058688;0.21522363526884283;0.10759715187684353;-0.013232594500408918;0.18611721245415194;0.01910869669910316;0.005054758203002194;-0.03755515273408382;0.8437226679050575;-0.5354639765346421;0.35573107376850416;0.4376499672069348;-0.14111416575241195;0.2727277037016093;0.04881224197470929;0.003685453005367982;0.2080678586984879;-0.06918725599898974;6.342442933579373e-05;-0.023551309860194658;0.9509569662480796;-0.36047596992437436;0.3296735163906872;0.36401825787446995;-0.12476940205881329;0.24028986968411817;-0.00814792235002605;-0.0060912036670136204;0.1834082309120247;-0.09085004345069023;-0.003322928203215182;0.03611503449010368;0.9933311179606539;-0.20542404594851943;0.2315818245946407;0.22365112823776806;-0.11982542100236952;0.18222773312448023;-0.00468155915042798;-0.048340116768502174;0.14407697838349254;-0.06824006794825356;-0.02999356693740933;49.825371953902064;21.530796780432077;2.0324204919655062;39.895337053980946;35.85862794791974;21.21807659043284;42.08647031046594;42.97588888811966;28.54923228130734;41.947642775896476;50.80778883094801;24.40925295794542;42.96754378230166;43.560419472236504;23.644414729344014;53.254450962788326;15.42241644365365;11.664761716599086;9.678396668405153;0.9912306032149532;-0.3001417393950253;0.19536674109253077;-0.014052595380278367;-0.16236457896726822;0.36833561702198014;-0.011446428695637082;-0.07249778398208775;0.407471359282872;0.0074277308465798145;-0.03827886100577955;0.30667357918051175;0.013779482332431179;-0.2830476966015905;0.9058373769811897;-0.12478316498177647;-0.11240749321538668;0.5288711931111335;0.03166428249936943;-0.07316671521878347;0.15281013892968678;0.0712087872736473;-0.031575376236994086;0.04777842919404352;0.058178643831353835;-0.10246316431317934;0.9896980817346048;-0.09999503472559937;-0.15326320462237703;0.5437262806304469;0.033274226867029515;-0.08172579454873682;-0.032882883438283494;0.07825188103402318;-0.021200905185387645;-0.09177402408062586;0.05982599451904511;0.02952674266390543;0.988717702672358;-0.06165873181939868;-0.1385412346959345;0.4951408269128594;0.03687289374366995;-0.0850654225324983;-0.04568942428641496;0.07231665294926655;-0.016486977312199554;-0.1150770993532203;0.046621157677682455;0.1215279559779987;0.9412990091431056;-0.020475665061784176;-0.10961424848426285;0.39935690283777486;0.030996033717983842;-0.08122106430833416;-0.024354546020050594;0.054455022868547136;-0.02775473883583955;-0.09577562929335394;0.04422159925593635;33.13721704932522;13.953502201040907;3.3404612806284346;12.0866454576171;23.478977547229984;23.544695926826968;13.393781360753737;92.36365678034667;44.16207201894655;18.950166250227547;97.55039174734094;48.40105578711095;23.3490042125086;88.81604659950618;50.48119654743332;39.770999474156945;11.499064778792233;7.900135001056122;6.103335565653193
0.9849142493940172;0.22164677676754843;-0.023084660391174225;-0.3571388041425409;0.16831552948524628;0.2677640598711179;-0.1765781773483224;0.12683394194804307;0.3677378892718942;-0.07900914061191337;0.11757249547549675;0.3280439849611927;-0.05591960549796244;0.025864033442674055;0.6811203812236853;-0.662300909675823;0.2344883845727781;0.4673469335248586;-0.1180356484672832;0.19870522792264134;0.0980899921883252;0.0005609552108843695;0.17319749345980556;0.005248093915794648;0.01567885401903324;-0.03515673360095568;0.8715590578742033;-0.4890284375370643;0.32668597716571934;0.42487557077742694;-0.12156010877741318;0.2527312656811835;0.040271984394295725;0.017135799147974216;0.19326176967849773;-0.08023276323932037;0.01165765073479134;-0.023385790491446075;0.9726342026843033;-0.315390591807953;0.2989608047303738;0.3513081204047467;-0.10889944710544258;0.21806556442898156;-0.02209138878516709;0.0020200697116428863;0.16859749061865562;-0.09987938611339107;0.0036201771097100852;0.030518118429808384;1.0087289514146425;-0.1612833559846817;0.2031264287336229;0.21375120871038494;-0.1050983677458397;0.1635678605856858;-0.013661649770783593;-0.04160231185362133;0.1312619817628222;-0.07592995542820109;-0.02440948174138023;51.851864367059896;21.511347811022702;2.4598134496912545;37.795536154330634;38.955800117625714;25.012722912257402;40.43991363572399;46.18452393421385;31.545168127994973;40.42144119190376;56.58550700296563;24.861528386695614;41.72802167410577;49.14085165483446;25.248075546087016;55.51096156229705;15.321005093163008;11.347621455426104;9.380826372398174;0.9919700979130088;-0.2908640320527599;0.2253362013890581;-0.005422107266904117;-0.15211824278905195;0.3760344642694127;-0.003871972733980003;-0.06092443488924201;0.39514448964033394;0.011596906207773965;-0.029173014245530773;0.29828209465888594;0.016663078575470478;-0.26716432307344234;0.9224887973006062;-0.09125143150598373;-0.09676355403385835;0.5001811793480173;0.03506684923072192;-0.06406567573023951;0.15704166511186243;0.06298743861032134;-0.028373584092119254;0.0679585500652829;0.05054784102871592;-0.09296236554730637;0.9931536371063354;-0.07073790846714696;-0.13318184986060647;0.517855948159069;0.03599530165392281;-0.07679002820702585;-0.00941020326310905;0.06706694636135682;-0.0234352904318796;-0.06943699973395209;0.05094702220146001;0.03563902414151001;0.9858280153838762;-0.037788530627512466;-0.12168305663099152;0.4733457818900809;0.03835011742802895;-0.07936044255495797;-0.02352652550832222;0.06306728114944574;-0.019430499205064306;-0.09257636770587536;0.04031046746602827;0.12384204391160933;0.9361743647445456;-0.0017413161548609905;-0.09802877576886801;0.38804979461348105;0.03346287986769451;-0.07714658460999682;-0.009541242683554859;0.051319071229510634;-0.02981754159422487;-0.08045499330729382;0.0415831505645989;30.208791309582498;13.441146822584813;3.5214403954131983;10.710265703476965;19.74856084515715;14.097420645511162;12.031577849467237;81.86143896975209;50.03484424193588;17.77752429137455;88.94503451337451;54.17937016976567;22.231435499110727;81.42615334308786;54.14619346718534;36.30770913141775;10.853806968671448;7.637151662827417;5.849217090148488
0.9803016333958576;0.22697455059586735;-0.03786297916708655;-0.3772265635473521;0.17343843734044767;0.2527112858871514;-0.19238376440125915;0.13036107703583114;0.3431560683904935;-0.08528463245305577;0.1175041492410212;0.3462641519208538;-0.062252959148488295;0.03890000402065825;0.6564595040663577;-0.7334153298015753;0.23001057829386068;0.47959934828075573;-0.11813123738097434;0.20492296056565057;0.09479355983808806;0.013470838766304614;0.17815377097389648;-0.011859842650315325;0.028767758386527998;-0.027179184861335002;0.841896461528345;-0.5389542095357688;0.31682780226812807;0.4450983905599108;-0.11924635570246195;0.2544915393620638;0.026416213030092218;0.03510005915258976;0.19077876409516578;-0.0967704080911282;0.026275302657285237;-0.022221176040768047;0.951763550123588;-0.3400811890704022;0.2876087583271915;0.36224565110530854;-0.1016426097765631;0.21169710219619456;-0.0516411574801952;0.01770825226865756;0.15713370550448427;-0.11590055851393072;0.014093266640940573;0.024046340955621602;0.9981322582163642;-0.1605165022032359;0.2023936388529013;0.20733409508264558;-0.09185587014655612;0.1620175125367842;-0.029915192506333805;-0.028804195005347772;0.12392095242051811;-0.0854130010187834;-0.01612352419645738;50.19341173879845;22.783455049843504;3.9678869140931345;40.12117483017328;42.40134537690682;29.018024726941675;39.67904985207304;52.356787515066046;32.55021642911974;38.83134452797731;67.04493721260253;22.641688897425002;42.51652560916185;54.89633758623492;24.172454036262142;53.21655577247478;16.002739649797856;12.962834243457761;10.847510549379564;0.9932815078627008;-0.26698865476703876;0.2694148685378565;-0.001391267471198175;-0.1343613625281948;0.38405624537935806;0.007200190981437812;-0.04688904065905461;0.3660761351140697;0.017610326200083324;-0.015379240965730217;0.2845926208084219;0.021639132036556832;-0.23695880563540916;0.9468693936497267;-0.022718010748607336;-0.06979552623370072;0.4358054701968482;0.04027493987922289;-0.04681190034806093;0.1609549485591322;0.04154422493777469;-0.024663208752754823;0.10003399618234243;0.03190936931155586;-0.08008449803186876;0.9967830158032632;-0.003176882297929101;-0.09832173928089961;0.4402166599143554;0.045836381988437744;-0.06586717372208677;0.06294072998160176;0.041911791965534136;-0.03320272476109377;-0.0006030849544757784;0.030118028412696948;0.03685113233345728;0.9818596945396388;0.024544145839996517;-0.0933740987257623;0.40526214096846025;0.04307488009479475;-0.06734272223099069;0.04640991708032446;0.04169202694131821;-0.031018632139596092;-0.020045957481412014;0.024976182012096386;0.11371838471756905;0.931791249517973;0.054158408185320736;-0.07992308690750365;0.3496760540051994;0.0373339515049611;-0.06674368329733076;0.04495800048490719;0.0420047935257811;-0.03770087428836171;-0.014880355066362773;0.03413941531861752;25.486836169075747;12.099004525758037;4.49579945810526;8.205216846185149;11.178058790884581;4.001233790906097;9.977492474119048;37.430377120260125;40.64409242415005;15.740739006822986;45.52099898982759;57.48735777282809;19.941289172969952;46.285384994007394;46.991044870676774;30.708052858276904;9.525392349233078;6.932492106961353;5.15587496489001
0.975689017397698;0.23175271323687544;-0.0533230984709574;-0.39702643366992185;0.17819994201745745;0.23587798210010266;-0.20835220708682411;0.13359856300725462;0.31592582679800113;-0.09159159978528464;0.11699386685018252;0.36420787429434004;-0.06870688721149588;0.052516880230024494;0.6279776095546208;-0.8057553449014354;0.22442578562578694;0.4907458268851133;-0.11779168120646508;0.2107228645422771;0.09096010457099539;0.02704942247014381;0.18272178421064317;-0.029876268135601864;0.04247829561736424;-0.018656039649761362;0.8074428844405284;-0.5896506936746078;0.30523930828001317;0.4647877730606326;-0.11635912778682825;0.25540093343980036;0.011690342486112951;0.05393384089109032;0.18744614006751553;-0.11386818284878306;0.04160901407793649;-0.02090885167085891;0.9261818699490466;-0.36487872228034074;0.2745521489888205;0.37244159124505105;-0.09360266415714041;0.2041846506421703;-0.08264394814739222;0.0342040536358336;0.14444562877219394;-0.13238177005908366;0.02509703487688893;0.017124501910166873;0.9832237835719339;-0.15910843628477012;0.20086538923631853;0.19978655088661643;-0.077533424877438;0.1597767242572452;-0.04696232271037819;-0.015185973924986008;0.11570905848002651;-0.09510566630876784;-0.0073160179756973955;48.25608171561884;23.88112355631434;6.901670358180861;42.75164218441512;45.95474221038961;32.718154433520155;39.52441673285964;58.70097979517408;33.23853578982073;37.40833112358626;77.88940180004202;20.32132719244871;43.50860088776856;60.89909103462056;23.10643561216426;50.89578569419829;16.421092092261915;14.634763183283134;12.502577624299912;0.9945929178123928;-0.2458042662624275;0.30570276968620075;0.002023508885691558;-0.11884359389568638;0.3894197036219106;0.01653930260328664;-0.034843102482560936;0.34013219718355653;0.022631779369231955;-0.0036543572989748926;0.27195914811054256;0.02576817550365089;-0.21053104095780917;0.9639865963109926;0.035337465683794554;-0.04672525805636082;0.3797374018390421;0.044531257345761514;-0.032043869053745365;0.1636691677423652;0.02325191729393956;-0.02143333947635455;0.12679572390882968;0.01602522433120356;-0.06889478120280963;0.9961622702287631;0.05398370583512829;-0.0684700567867947;0.37291280225473594;0.053991081329142;-0.05638381449768708;0.12390821311344093;0.02047825019626461;-0.04134190663216325;0.057624689949860565;0.012387587540264927;0.037739987467220924;0.9748674291230753;0.07717951154175413;-0.06908225435325441;0.34617068313310734;0.046911990594189316;-0.056927769457256944;0.10539622849422946;0.02345665789000349;-0.040706001770361856;0.04138061661313079;0.01191266844942708;0.1047338740961075;0.924633504005678;0.10124258686670708;-0.06431183466760935;0.31592155863718285;0.04047019488318713;-0.05769689895896386;0.09089160012342565;0.0339704595250557;-0.04422966851871719;0.040643312657312226;0.027716467272239524;21.917605498593637;11.201717641844004;5.317036489593185;7.000947628831536;4.23373883380694;1.690076140048683;8.13948760405691;13.92169667131353;11.126204209882806;13.76701232284098;17.22014807302594;15.845365424380399;17.87056669836771;22.861911529266123;15.754367293536237;26.533175059296273;8.419800223071931;6.322983778466376;4.550520493636237
0.9730476030323214;0.23618489332858272;-0.06470268621581998;-0.40655390260800506;0.18333331067047856;0.23238729168248615;-0.2155236909673636;0.13224079366895272;0.31051693044437056;-0.09513616248981413;0.11625737786437085;0.37160237926868356;-0.07238621257128813;0.05804085582008237;0.6118728137288244;-0.8333598064609865;0.22061169678128859;0.49651947713405087;-0.12225643530948475;0.21359717780464235;0.0910106765355602;0.027248863707587848;0.18670601000778816;-0.0365750311907081;0.04389100136064374;-0.010891972487648052;0.791353862986241;-0.61126134220322;0.30032905908319457;0.47230466022509776;-0.12207176083280194;0.2579430509335819;0.014880082503103376;0.051338769435584256;0.18954392231673872;-0.11362184133036686;0.03995490008758605;-0.011975140915437128;0.9145845604258092;-0.3791138946433012;0.27181353521715707;0.3748518710818147;-0.09906521082132448;0.20430088596526583;-0.08510776478184087;0.029643751781310634;0.14356561042734176;-0.13396252875914993;0.021887571980529878;0.02452604512520224;0.9777702899042013;-0.1652530162560753;0.2013456179574588;0.1979132917643543;-0.07929263826253662;0.15691734805273314;-0.054396415418552856;-0.016004768820410697;0.11372143286884091;-0.09986249368176638;-0.008731047635106215;48.17462211999217;24.417665115687196;7.608287935312249;43.472674427667386;46.88544978910571;34.209870309881886;39.01439954620197;58.7752140155681;33.638007856315646;36.4458108498744;78.71413597380892;20.288386543620565;43.34183562102615;63.151275589618955;22.210080344061854;50.45172348434263;16.47557261956311;15.167534407210082;13.092214128359098;0.9938576106298016;-0.22969636710432154;0.3299919023647426;0.014039714858401687;-0.1086774970859741;0.4003651128695305;0.021809861755990364;-0.030086364251029903;0.3390137653844972;0.023137129436398948;0.0004066816704278733;0.26789078796783733;0.025368477570115802;-0.19625806416286484;0.9762611093330362;0.061442334233578554;-0.035129741875905604;0.3630309351874597;0.043592320910326714;-0.02712246868216106;0.15255195712561728;0.016874968272458754;-0.01661358452782062;0.11616568958189818;0.011266493831956274;-0.061081816878830415;0.9954371981647242;0.07330618089045929;-0.0509611199303758;0.36169679415107847;0.05297028310172467;-0.049843172878097856;0.12444212084403877;0.011572586692100291;-0.03759633322573996;0.0543848399248172;0.005562193803709185;0.04378589862679647;0.970442839881561;0.08938471209856208;-0.055195925449726096;0.3394584520246968;0.04727446091891594;-0.051011666736825036;0.10233261326968267;0.018857144326537224;-0.037469721034595845;0.034094591507202995;0.008342636307570579;0.1091005762245321;0.9195159104203181;0.10691147524190663;-0.0546802546356121;0.31197018812685356;0.042445841860928916;-0.052316068706522306;0.0908380753407732;0.03308783310405089;-0.04020627904677369;0.03845919168170755;0.026272274617896572;19.660441447244768;10.135012386823334;5.361505742629971;6.678576685020252;4.564356662034867;2.066017574736388;6.038247167078615;14.10962626511792;12.782518020326112;12.01852408804908;17.13357040413539;20.919047818903948;16.611390474714494;21.848912555891367;17.05107879717036;23.495306492083426;7.866204893170533;6.164554290836561;4.36777527483156
0.9712455590931602;0.24066390945023722;-0.07426778178875791;-0.41185221213838835;0.1887781465199109;0.23506543994616336;-0.21895248220121524;0.12897508930006737;0.3151289614305937;-0.09752444351429308;0.11553533609909837;0.3746232782156028;-0.07488139559199611;0.05999394221386269;0.6019398891995772;-0.8417302608564805;0.217815858259582;0.5003474051543831;-0.12894738305254025;0.21535938804690558;0.09287333743939429;0.021529101985587707;0.19058673394582656;-0.03824320911465202;0.03987402840907594;-0.003518714777812218;0.7842678608569414;-0.6204123959699627;0.29869948480275793;0.4748220904114466;-0.1316897554501653;0.26144236054168735;0.02602580384852437;0.03928668738803638;0.19422338185375365;-0.10577957620424804;0.03080074422174988;0.0002834887125421872;0.9101367623542512;-0.38893873795966205;0.27393339484935775;0.37414715507990665;-0.11059071079619322;0.208000540368366;-0.07495975403830901;0.01578228851333558;0.148073449675837;-0.12904226556801132;0.012402185254549421;0.038273389713360965;0.9774800706115822;-0.17487647231971035;0.20290748157100183;0.19876012607897126;-0.0882624189752914;0.15394866785111355;-0.057570155238760225;-0.023248336582105206;0.1146186070079965;-0.10249519233167932;-0.014688192680363615;48.94094169503933;24.826171660759446;7.17535171667598;43.33092548667417;46.681543372407646;34.853110827736344;38.16478664418877;56.14485137313702;33.90125116377125;35.6064246698196;75.09080437606218;21.2097286096052;42.62419079129504;63.73781477139207;21.307466291512274;50.78064905026901;16.45633624036738;15.209066040727487;13.175960065990688;0.9922507772658724;-0.21511523665943316;0.3508341711765202;0.02977314399778954;-0.10026537515750328;0.4141305151052223;0.02573725780231022;-0.02795651249867653;0.3475620974510484;0.02195866038678318;0.0016961506951478362;0.2671388622736713;0.023249301401846202;-0.1862475246957433;0.9878680158884523;0.07636722022748978;-0.027512675386222946;0.3609833601791389;0.040674487127404936;-0.02579348734582297;0.13588405369452114;0.014818030721447887;-0.01102780440228175;0.09100503344515339;0.010580958195029518;-0.05431966141905806;0.9953957742775276;0.07897231751544466;-0.03756049245280407;0.37170412622467985;0.0484593212718541;-0.04422535743281975;0.10208023778886641;0.00712526359882142;-0.02921960740905814;0.02766713727308646;0.002647525132580187;0.05204549179496203;0.9675674238330475;0.08670302238191581;-0.04481373512442517;0.3527027125058364;0.04636266173070356;-0.04663417668301717;0.07561187960881152;0.01929805413199398;-0.02922496151306179;0.0004116650199773921;0.008264999138295225;0.11878951588906674;0.9156834001134215;0.09709669126064915;-0.04702030387505973;0.3194585176752577;0.04408257927027204;-0.048176965147771963;0.07334249587472881;0.034921240815290744;-0.03205106281755788;0.014254640497523724;0.02669150171380802;17.87792639012161;8.99533915170794;5.134747810615062;6.6209469009707425;6.358258999541448;3.843859253093211;3.887534177163811;17.958943350102953;23.08993398339037;10.515701270168533;24.530223849629895;55.76344242879968;15.749405008778682;27.76710073601324;32.224461245783615;20.78108897111352;7.532943563257306;6.208066660641356;4.383513035549707
0.9694435151539992;0.2451474210142;-0.08392668503131426;-0.41713148439806724;0.1942483233072828;0.23772881625289305;-0.22237806546246522;0.1256477995485232;0.31973272857969376;-0.09992102066237363;0.11478301194286142;0.3776065481419988;-0.07739041873550952;0.06195759735919739;0.591779494881454;-0.8500340453202604;0.21494672634013476;0.5041227402520218;-0.13568920457707723;0.21710025552863682;0.0947392487150315;0.01574061603733381;0.19447478682139122;-0.03992290365030735;0.03580404968181063;0.003938492950337451;0.7769516234892188;-0.6295479831043438;0.29699429842986896;0.4772770150861132;-0.14139115770348143;0.264931120946896;0.03729242433032372;0.02709096076346574;0.1989184950300494;-0.0978284788619379;0.02153729918852126;0.012680517231219976;0.9054644193356732;-0.39880005664020085;0.27602473300457675;0.3733628228666302;-0.12222520333216531;0.21170214354379047;-0.06468277182588984;0.0017612464714596501;0.15260384288995713;-0.12404171697143763;0.0028072920297362515;0.05216867140114673;0.9769993658643207;-0.18457512655468808;0.2044481244374099;0.1995784581635268;-0.09731660340461677;0.15091697400408544;-0.0607687144959452;-0.0305692631561156;0.11550396231078863;-0.10513799564098412;-0.020709806681079485;49.68829103788835;25.277872801982294;6.763432613736528;43.20676559225036;46.48212950876852;35.47174409214177;37.31472424184467;53.53000762936663;34.02910524791522;34.75835450040616;71.30425378360151;22.117120009543676;41.917639556341;64.25693115686995;20.351426995378237;51.079946787693274;16.441480659695674;15.25456552333256;13.259981310259445;0.9906439439019432;-0.20061925487528395;0.3715040240251084;0.04539452456323048;-0.09190421312466138;0.4277679940076441;0.029635274270239667;-0.025839365220026903;0.35602402730568533;0.020786720985324466;0.0029764938254654406;0.2663716066618854;0.021143117789214096;-0.17629247315316462;0.9993178668012442;0.09118210927113311;-0.019946626021412433;0.3589222656239505;0.0377738751802759;-0.024471790259694978;0.11932195858733302;0.012774300938335512;-0.005480140956505254;0.06601288717068964;0.009899389855720975;-0.04760049457729196;0.9952779729758999;0.08459284499874092;-0.024250453966389033;0.3816130187503172;0.04397609524350141;-0.03864332523472463;0.07986648750683167;0.0027084159579635523;-0.020899066583518682;0.0011336846911618077;-0.0002470149074738521;0.06024345796223305;0.9646375434895234;0.08403336201070845;-0.034500518709673196;0.3658274163371628;0.04545365229763676;-0.042283631914449143;0.04907172440954295;0.019734401822696233;-0.021035465981681115;-0.03303632318822333;0.008187266982495061;0.12840171682911197;0.911807098300879;0.08734289611288748;-0.03941016690017789;0.32687000408894834;0.04570450361729762;-0.04406302507788021;0.0559633155625434;0.03673916912001719;-0.023950268260926454;-0.009782159160105048;0.027105748501411217;16.33830219702607;7.976954901750768;4.92955094646074;6.8463586016333755;8.363202803306121;7.239340836735775;1.9274734576200991;22.635620386401587;61.115527055714146;9.151372781626298;35.906105282512854;102.14720422728021;14.995615685846724;35.42366994182428;59.95168814949201;18.302801267837438;7.244474591053619;6.289634264670213;4.446679496745525
0.9665370129914586;0.24569622792657952;-0.08466674626417345;-0.4216509585971908;0.19551701779070976;0.23854224173006697;-0.22422119913901375;0.12273949197152799;0.3158028856235605;-0.1007416159833485;0.1135442234253236;0.3760732317534578;-0.07847068266747752;0.06062653155900648;0.5913630759223565;-0.8537656242457946;0.21176535375379418;0.501435632828175;-0.13670391099789775;0.2175527084454425;0.09245104835030234;0.013452726736466547;0.19459093597088578;-0.04422886196579884;0.03328859173138871;0.005159477092338296;0.7741848634164351;-0.6329385254928076;0.2936121364656781;0.4768432528396646;-0.1470127648052493;0.26544616951200606;0.04091267507002392;0.017995582903898716;0.20024771716937145;-0.09703647035075222;0.014953304517255883;0.015186689882299828;0.9021111575929797;-0.4018013336082655;0.27513610395275484;0.3716502911523556;-0.12675244484405;0.2140299197220319;-0.05512160038507039;-0.008827017563602834;0.1563553435060926;-0.11684876148711958;-0.0053315682713055606;0.05317925135913223;0.9765639870980883;-0.18696109455588358;0.20437678650792485;0.19842491132272308;-0.10198819991094005;0.14945608934020144;-0.05820204078639105;-0.037596808662805306;0.11723228291381974;-0.09972011783652623;-0.026747872361328754;49.61000645935075;25.24066840719788;6.800189816087945;43.13309459025573;47.019344622682745;36.1207806009784;36.777787636914205;52.53349311542033;34.53582500087656;34.476561938525215;68.1212519667954;22.328370365223982;42.04952191312666;62.73807898010082;19.01067831690471;50.92259029390194;16.300569932326813;15.269984126929183;13.341001076605929;0.9871858137311652;-0.18572197559400724;0.3906628617165339;0.06675723128327343;-0.07194263700132622;0.42175387734938863;0.03695300249600453;-0.014252032042831965;0.3431071370101283;0.024881404253953875;0.009689796819473231;0.24573142847173993;0.02435951126164848;-0.16019493646294525;1.0082938494362113;0.09798645850104523;-0.00626215544507814;0.328972407857922;0.04798600327755694;-0.019150747026526076;0.09066642292168307;0.021744654666904333;-0.0018426838336941397;0.045526483272734154;0.014372731355133329;-0.03517419215131748;0.9958339683757632;0.08412778159134991;-0.01040267347443409;0.3556980833386856;0.05323180167120595;-0.033567257032516944;0.053422362020831345;0.010851344145131253;-0.016279348464873656;-0.016475806404454157;0.0031973507142114025;0.07207288571370783;0.9535799415374141;0.07959206032270359;-0.022280074123559247;0.34474484405415057;0.05642447789044647;-0.03865707070909657;0.023158824252599314;0.027253912755928904;-0.01805071905545549;-0.05566858007166015;0.010197988727690926;0.14093275311689446;0.8889639613867667;0.08071072025640365;-0.03037897143038579;0.3050183130008971;0.05505035144990467;-0.0412277163719785;0.032392125083277726;0.04250280369611236;-0.021422020864973985;-0.03222611282612069;0.02948542428057244;16.09392770759261;7.321713369989016;4.861019701729052;8.366651518466712;11.719259153980266;10.212694593665482;3.6981051264292506;30.097394767339832;101.52349475607588;9.151045276933779;55.72023133542097;95.75118193579019;15.412933362226086;50.13803985875361;70.5659179715287;16.598551691004154;7.007035546166289;6.323365715741414;4.683116832761202
0.9629944765634436;0.2439818230525011;-0.08024654800567456;-0.42572888106184303;0.1943594307264281;0.23829645275678502;-0.22515158851864728;0.12010303647799647;0.30698534854170273;-0.10065162612188777;0.11204083760833727;0.37196407432746426;-0.07872212061846531;0.057402682417948554;0.5966304622043237;-0.8548860218713058;0.20844100076694413;0.49506382310504254;-0.13440709092827174;0.2172719490143652;0.08778182321264064;0.01320771187742128;0.19253749301269812;-0.050027196797383;0.03169290423130552;0.002763456207976876;0.7741257483313184;-0.6330258202318945;0.28930454099010694;0.4747750796615438;-0.15024417607757629;0.2642557564832029;0.040085458353194374;0.01076005657448691;0.19963409892290762;-0.10039977089276399;0.009967577137331159;0.011952635803680944;0.8996095159383832;-0.40084037256199584;0.27254903847040135;0.3694393655998317;-0.1271439011195931;0.21556151025245213;-0.04604637728466938;-0.017354397640733737;0.15964070967128077;-0.10844648057806487;-0.01257054407043764;0.046730476061429084;0.9762277828484615;-0.1851118863009857;0.2033877690746907;0.19615266947491047;-0.10409789791890396;0.148925234134565;-0.05232155848706088;-0.04440744890773157;0.11944453535973087;-0.08968330815998875;-0.03275456292287627;49.0676388794394;24.890681442572724;7.100035092903285;43.083183591031826;47.99402658463288;36.795556486585646;36.41834903317496;52.46139019792656;35.29228447327249;34.52357803520079;65.34051080744341;22.086766623134814;42.66396160651715;60.05328576497314;17.337405940177433;50.517517625198046;16.087163750800425;15.266469751427524;13.422398960786321;0.98266156065977;-0.17123152815121018;0.4080833293959297;0.09030157107473402;-0.04651305648942843;0.40519769156625396;0.04580940929631352;0.0019995091036515617;0.31902289942880574;0.03166810621994199;0.019072951338369105;0.21510428239824883;0.030337364592760863;-0.14142525852774415;1.0153493949149723;0.10009749109551298;0.010161516371525596;0.2850534764072523;0.06490229816391006;-0.01187660065774089;0.056654260677398295;0.03633203116091997;0.000590937615561468;0.028398383882584137;0.02146214194063677;-0.0201728597752211;0.9965630130796339;0.08034436315094223;0.0031291437563470102;0.3112964841761199;0.06957509341144172;-0.028985999513127834;0.025825835436985405;0.025494092623788298;-0.01388256372117159;-0.028429797383781784;0.009951940844556523;0.08535142315083191;0.9384073000272402;0.07436542921006505;-0.009553562836961868;0.3058471939589205;0.07339100013717569;-0.03557954139926588;-0.0012710861014145322;0.03830615415670326;-0.01803798092251908;-0.07138337348758711;0.013259071442700434;0.1544808282624638;0.8566160018950328;0.07606290339878688;-0.020965077107563432;0.26809321386735335;0.06819356154567681;-0.0392090562124191;0.006473648507110131;0.05016013905128956;-0.02204597063363738;-0.052803289269561134;0.032828659220413066;16.809246693218046;6.9087585269650225;5.22182926852299;12.214153469621104;23.116797767150757;11.804507116491449;8.171533560524722;48.986141389561155;92.90646820838037;11.31595717887182;80.33610425820504;71.5152052063085;17.165960034560914;70.32224673967924;59.080031330161766;15.82398867027356;6.812256904163234;6.337179316242737;5.031599252977746
0.9594519401354284;0.2422716487663507;-0.07584039855939274;-0.4297909820701699;0.19320453066981053;0.2380501065727157;-0.2260776354333176;0.11747454700813424;0.298194995570309;-0.10056135552415271;0.11054174496171616;0.36786627508897646;-0.07897228270621975;0.054189086144362936;0.6018771447352909;-0.8559978489425365;0.20512636602018033;0.4887100935312953;-0.13211704024681867;0.21699086749255828;0.08312742112158679;0.012963425616810773;0.19048968789870807;-0.05580621379731746;0.030102272748164943;0.00037528380632344114;0.7740623963790858;-0.6331092051723239;0.28500942814395874;0.47271097722030614;-0.15346412114455218;0.26306773813595785;0.039260727315935544;0.0035482173442092082;0.1990213520605869;-0.10375145763459703;0.004998157027002881;0.008729128231897643;0.8971109361224061;-0.39988027130709675;0.2699689043404693;0.3672335822453445;-0.12753334480525397;0.21708683992649228;-0.037000677627958015;-0.025853689533175014;0.1629143787552191;-0.10007115719715512;-0.019785687910114577;0.04030259967683808;0.9758870944230064;-0.1832676880465615;0.20240083368834513;0.19388676292800178;-0.10620007557579741;0.14839526890994348;-0.04646007782860747;-0.051195480864257764;0.12164884300675437;-0.0796789283122502;-0.03874135064472864;48.53018252755215;24.52032064340507;7.417947980321978;43.0353585628972;48.98694584533702;37.46583879966456;36.055715279364684;52.39743958742448;36.0192868417901;34.570087827562546;62.58713002961683;21.768127315700514;43.283559383873616;57.36143555965377;15.531388432860734;50.117078294544235;15.876030334443913;15.262920788487405;13.506363671792869;0.978137307588375;-0.1575148740304223;0.4244384057690771;0.11250752212602705;-0.02249732623772261;0.389479484659394;0.05415976313117298;0.017340503538447134;0.29621718898850796;0.03806777392291089;0.027926439332705548;0.186144948074535;0.03597377310448924;-0.12367557683424002;1.02178633213242;0.10206827073534519;0.025663205401739022;0.2435313167451181;0.08085697374452586;-0.005007201406883966;0.024534351804275302;0.050094499298781854;0.0028881431530828248;0.012223228669757717;0.028149812640704704;-0.006007180490697177;0.9970318765430395;0.07675513624258247;0.015902473566827384;0.2693129104392675;0.08498782620712209;-0.024654918017582517;-0.00023093572924577806;0.039311217388372156;-0.011616946220348586;-0.039708092247724654;0.01632607496738806;0.0978675591782757;0.9238777922364872;0.06941512736659716;0.0024623507627697465;0.2690605407134654;0.08939122183216064;-0.032666526148929564;-0.024332611188446245;0.048731024656315805;-0.018021985794766313;-0.08620240662883805;0.01614581124424039;0.16723619145301263;0.8258910184888313;0.07165862785761269;-0.012073757992534215;0.23317695630792515;0.08058572535468404;-0.03729481322387692;-0.0179947859309111;0.05737761329872087;-0.022630125889912905;-0.07221649558537277;0.03597744290116524;17.795285572864;6.624045268197515;6.2040129508399895;17.829972290456958;46.744117385966604;10.827238433835872;13.582629869206935;77.29485112804629;62.987837544149265;15.10276744257402;97.24573950991677;52.35652730792201;19.966769570501807;87.12010131856526;44.79288396477165;15.630058246258661;6.651471945174249;6.375049377666642;5.4150866112699765
0.9614899086876334;0.24034175753925766;-0.07512615933052409;-0.4323737161100323;0.19176854419137063;0.23977221176819824;-0.22667922099957813;0.11696757888110074;0.2980811921599389;-0.10051076932806105;0.10962070733411618;0.36569484539358843;-0.07858954355588385;0.046595960775929056;0.599179875359825;-0.8601709670225862;0.20475088432190258;0.4922475557032799;-0.13343127038997266;0.2172861675872319;0.08287835554187549;0.013542518416584198;0.1881487135592668;-0.05805988411075078;0.030651447775656464;-0.008074981086906494;0.7709564369201364;-0.6368366878971828;0.2847596170375713;0.4801293394002941;-0.15816040084086344;0.26223739622396935;0.03681488867522752;0.0016922973883524161;0.1963747643571;-0.11110159634946351;0.00507186622368081;0.001040328619930525;0.8951600463565373;-0.40330513130688694;0.2714794044716257;0.37258308834914416;-0.13211095470549286;0.2193305879180185;-0.03347608588951178;-0.02885169093929501;0.16346050366592146;-0.10186149621926772;-0.02038655994915028;0.03331913425983514;0.9738565150663873;-0.18626693448528625;0.20485848110583788;0.19714000228848752;-0.11004120338752102;0.1490508796606126;-0.04260991475623411;-0.05415465805070601;0.12195054682518496;-0.07909762486068722;-0.04004217700668608;48.677667475296076;24.354044093384232;7.38876740605433;43.36311976738896;49.302835733628264;38.18986282554151;36.135258286227916;53.17838203618338;37.49784165225664;34.702063868074426;61.690595556182316;23.129014193476113;43.5208660337369;55.862109765218534;16.68352794751063;49.9124238989962;15.865067534974482;15.313228435007776;13.551605578493941;0.97455629681491;-0.1524095855796602;0.43216651413732976;0.1295516936463396;-0.01218434748876056;0.3801366022881327;0.05767811961679868;0.02794107323406341;0.29130423737055;0.04122867754211101;0.03591322186046937;0.17559297580535885;0.03846213316390564;-0.1229557069774119;1.032203047541707;0.09174976951933507;0.04569517544684645;0.22863936339780008;0.09916772394311195;-0.0008162450738261036;-0.016541199303129587;0.0677092266881614;-0.0007168434664025416;-0.012690232617624461;0.03670069052917142;-0.0027814954043966;0.9981193559229505;0.06123736290264068;0.029434961352124655;0.24464817702603653;0.1036036979360353;-0.020590525354875017;-0.039133796101906586;0.05339113248684378;-0.012795755975496256;-0.05873188746220701;0.019995263669247303;0.10486649179650562;0.911297487423601;0.05348534097849096;0.011575186754006917;0.24906812589698787;0.1101538621102468;-0.030212771878548973;-0.0528763775896621;0.05674382921440401;-0.018887257232988123;-0.09965474699091775;0.012853932536320424;0.178582393164431;0.7995998574020015;0.0568921710516217;-0.008889881764979967;0.21205913965422651;0.09689955286129308;-0.03470025418129958;-0.04113158351476982;0.06285510226836885;-0.022303938914072844;-0.08407446003842864;0.03394562320476851;18.610251310659915;7.262744910213407;7.250550290133973;25.077250351142276;80.56472958613412;5.359194279322932;20.455966758662868;104.52789477525572;34.26489841750212;20.842138218094235;108.68517762755171;39.4717455450393;25.125212650045537;96.9115646214121;34.519468941845176;16.40864852402917;6.790045307368737;6.7142725879907355;6.046607193814126
0.9657584834992932;0.23828246649355822;-0.07587587429361456;-0.43431463495709977;0.19018740778884005;0.2422555794025801;-0.22712176613535223;0.11729115391124934;0.3013973347083643;-0.10046181556454463;0.1089119023364233;0.3642343046230354;-0.07794099372139902;0.037212699400402637;0.5932089673862697;-0.8654660342691943;0.20552140905019484;0.49968884852904455;-0.1361745497943025;0.21778297111804434;0.08437955429278272;0.014451578214264254;0.18565455411164697;-0.05890395151364956;0.0320548655663683;-0.018984557701064435;0.7665125160619495;-0.6419487123511306;0.28608779229293574;0.49130555823058086;-0.1634445943350529;0.2615101508933166;0.033705181381268344;0.0019717932447132804;0.19287603501172898;-0.12006635295506654;0.007163252936142568;-0.008466954257514503;0.8932952861561758;-0.408442384470908;0.27459509472741833;0.38092581493512573;-0.13836481170439188;0.22184037036652038;-0.03214173982574083;-0.029656513828656465;0.16289456250312886;-0.10771287990279153;-0.01834024400684826;0.026080091206481772;0.9710053437945259;-0.19119061925457242;0.20867597632559032;0.20258759315135585;-0.11457855484654655;0.15016277960042143;-0.039542892772075226;-0.05558621343205977;0.12147509471571047;-0.0822736776806938;-0.03946757827049388;49.09607592697418;24.27459082444401;7.21942557788829;43.844507037906055;49.340976699033305;38.94492474233793;36.40948950066163;54.28648182015653;39.26210847813097;34.88252712916469;61.52405305965227;25.16031559456793;43.61203919893538;54.83466245685054;19.03260055643091;49.783404664923125;15.93230736827627;15.384504552350919;13.57970947673098;0.9713523132426394;-0.15050776638387292;0.4365395571651597;0.14477739127348083;-0.007012282086516633;0.37301720876511796;0.059363419646222736;0.03683825824341353;0.2931238767617813;0.04316983510378926;0.04365220425958783;0.17193852211733573;0.03975835430215974;-0.1287382347378087;1.0439627966719094;0.07655344542121867;0.06769696740472814;0.22373836170130887;0.11857528439488223;0.0023955967300018127;-0.0615509485631778;0.0869972232054353;-0.006634636632349033;-0.04126050010920397;0.046060050524943684;-0.0037227347514134554;0.9991552040485896;0.040927001705376324;0.043413702348511295;0.2262711985449867;0.12364443220896609;-0.01657340272679663;-0.0834337601884493;0.06772577691496925;-0.01530937101163711;-0.08094571596269058;0.02266254218572445;0.10979657460286482;0.8990386211673987;0.033125282884488204;0.01967815427492478;0.23521677370505106;0.1329648583911853;-0.02789685040554316;-0.08385653083901555;0.06390860454261577;-0.020096108959211816;-0.11271364396092577;0.007142617806501266;0.1894694812434665;0.7744539796817745;0.03794581226776083;-0.00785954368817572;0.1959280746388509;0.11488879200847071;-0.03180227452160915;-0.06402300021573928;0.06771055238528069;-0.021617006284660456;-0.0931448272604804;0.029886934908042534;19.350616019716018;8.177916291597251;8.193283202405787;32.19262557393773;96.76944984938537;9.900312139164123;27.95028417386931;113.25269890101309;23.1492297818638;27.377462927001584;113.487925315934;33.19821800792559;31.53776121460157;101.6397450618138;28.4313077184961;17.70681641812338;7.043657966998432;7.175330704805806;6.807669378478091
0.9700270583109528;0.23617644195406984;-0.07661564474677064;-0.43619037510780573;0.18856919016354962;0.24470751135661536;-0.22752821577729512;0.11759642217283844;0.30467516283527846;-0.10039603629542031;0.10818255328457113;0.36270825448291116;-0.07727724553010067;0.02779030985333583;0.5871187499110956;-0.8706362325694922;0.2062605710285361;0.5070734460617825;-0.1389048915269543;0.21824541783352458;0.08587203852332027;0.015361435516416083;0.1831208577889533;-0.059741219261842594;0.03345789923548477;-0.029929307968429027;0.7619259208378386;-0.6469722773658408;0.28737320810187456;0.50243959067899;-0.16872025475838487;0.2607370005289246;0.030578963695697434;0.002251943987559323;0.1893330430580024;-0.12904269555899373;0.009260798352274982;-0.01800622862687424;0.8912758943135592;-0.41352997514953693;0.27767620946409627;0.3892346999272037;-0.14461769912441216;0.22432219414724303;-0.03079737863418833;-0.030459247560710858;0.16229963040257947;-0.11356696145881595;-0.01628369996157883;0.01881129716461137;0.967983194042413;-0.19609990518090506;0.21247228857989614;0.20802073615553637;-0.11911285041662537;0.15125369269496208;-0.036458542614501224;-0.057013582736517965;0.12097783562197999;-0.08544724812450818;-0.0388844186731571;49.51259248110533;24.194909884498962;7.054119238718489;44.330354874150395;49.3763135694814;39.709351773079575;36.702704475740724;55.38552781942944;40.99196988535715;35.07867935933653;61.35631545104705;27.162551202890818;43.71210935005135;53.80537199269196;21.363825574618527;49.65279625065926;15.998071699183232;15.455079563987034;13.60652663378626;0.9681483296703688;-0.14855008135290865;0.4407182741179817;0.15989366145439635;-0.001854212441590422;0.3657672137337548;0.06101873285256201;0.0456911983782182;0.29481667810958306;0.04508684932247825;0.05134791321101873;0.16822508638735462;0.041033944991848335;-0.1344487842674859;1.0552535738227067;0.06137516677965369;0.08959899768410522;0.2187610837957073;0.13787056955429539;0.005595963129641543;-0.10638834504899802;0.10618635894350721;-0.012530370518989717;-0.06972046192806984;0.05536985309241031;-0.004659365336573361;0.9997755765795271;0.020666078237888172;0.057328894100267654;0.20786090119400408;0.14356873301147127;-0.012562561312018678;-0.127554663718061;0.08198568268186932;-0.017808464325687445;-0.10305362610226504;0.025311764480697344;0.11466527492770553;0.8864489817014409;0.012818042546010891;0.027746547757042446;0.22131363596311793;0.1556465315624993;-0.025576985092478674;-0.11470094123433233;0.07102362674847552;-0.02129272504792665;-0.12568341298700114;0.0014470058441128084;0.20024287549337763;0.7490707915473226;0.019045667016977845;-0.006829328284657343;0.17976887213026418;0.1327719074533438;-0.02890064080809902;-0.08681326571795316;0.07252222174545811;-0.020923400883253142;-0.10214716095035711;0.025829172488960942;20.129419917987285;9.02968128503457;9.210886679337305;38.79843226216164;101.39418221310066;12.032621375742377;35.64413285767973;113.09956704482536;19.37909667587526;34.08723212652985;113.74767051264391;30.625121913051753;38.445165381261184;102.79233224114267;25.224980758290453;19.21100146756273;7.301970271177583;7.644920775588472;7.617031266605878
0.9706774607347292;0.23283425836081123;-0.07466285775494733;-0.43621461246670734;0.18962121758808487;0.24807864933907853;-0.22595568358049506;0.1207995515683397;0.306083691343536;-0.10019148087645599;0.1066175380782554;0.36477276858016877;-0.07728154523829542;0.024083071456158223;0.5963470022473237;-0.8587775571501793;0.20545947367853273;0.5068484792561132;-0.1416907974363905;0.21850529165560928;0.08493996023749614;0.010119980570414636;0.18611528426023086;-0.058060054733768615;0.030086646275048135;-0.03154510793229672;0.7707475624488782;-0.6363592547803891;0.28708459682571913;0.5017067934826018;-0.1692725653243853;0.2611519723177935;0.027424182904887837;-0.0021126448410868815;0.19100402144465958;-0.13096364582045136;0.00650657096616811;-0.01768251398377269;0.8988250054266338;-0.4055372693164831;0.2759290693053605;0.3909468276614662;-0.14738366296056918;0.2251375389933113;-0.03337441754551201;-0.03547997346416606;0.16368634569590015;-0.11593412512575409;-0.01869558287277943;0.020259440907139714;0.9725192024920601;-0.1907384511627182;0.2112330046657643;0.20872214672521142;-0.12196745207413043;0.15353178253311253;-0.035559325232805146;-0.059861808929654134;0.1237380043457292;-0.08456355429607412;-0.04016634403181663;49.88284480338905;23.6120508288866;7.443972949361494;43.45715142913224;49.26417335664488;38.869600589970716;36.31115404823347;55.71796240332617;40.48026865692718;34.638018275319446;61.911360931499395;26.896134762036226;43.57863528767698;53.34392663809192;21.067605966163068;50.06694921329346;15.985721225025646;15.275309636604707;13.368938188174207;0.9700794028224736;-0.15762243144256946;0.41574086960091644;0.13879881306634076;-0.0005048117585314457;0.3642839637668707;0.052603123727527096;0.05188696994288884;0.2998781249006172;0.03893332393319105;0.05366417035210593;0.16804008534194306;0.03594108143977847;-0.12938037182905973;1.061849077075648;0.04751622701926383;0.08952277180765413;0.22559894920057025;0.1187268063851313;0.0009905618569515553;-0.12211891434862672;0.09118612431257134;-0.016353409923443866;-0.08733622528224373;0.04708182880301866;0.0048333177322582195;0.9999279407534766;0.010988736970691887;0.05714349314611333;0.2118534851007271;0.12656348772060627;-0.016685030604480643;-0.1380339877584484;0.07358435322569391;-0.02057504180243497;-0.11507993160088388;0.021872937374889784;0.12524317350683248;0.8762554193508467;0.0036271841137003468;0.027416990961116695;0.22011565591535948;0.13652294448207816;-0.028004870772932542;-0.11793648210395774;0.06442867141640826;-0.02257840230353604;-0.13147130313211694;0.0012848119833259275;0.2108997312802699;0.7292998765374067;0.008534578229803493;-0.008630716750298913;0.1786007607211357;0.11654769431126998;-0.030380387272959698;-0.09198206650295619;0.06678552233060676;-0.021433077078860236;-0.10667429571168179;0.024555170247854263;22.110495020419513;9.848788074554443;8.859262286823181;36.150729103424254;113.82552958367931;12.84519617175856;32.55624101147516;121.60590640394;17.558317526199218;31.391809015119655;120.0999273651471;27.657144229380293;36.99419870558902;109.49800496791717;22.74886607440434;20.072598015297643;7.470075211763087;7.8669210081790615;8.00489502850298
0.969917736736361;0.22892802612126906;-0.07163426666336721;-0.43535409152536036;0.19164349473559203;0.25171142929977625;-0.22352910412259108;0.12508415926934555;0.306646809990009;-0.09989584149366294;0.10468905400180936;0.3681001872483928;-0.077517881278476;0.022603097274619448;0.6113191612973143;-0.8399707068165624;0.20398204408298792;0.5034654048700444;-0.14444163643580138;0.21860454219240755;0.08303135440153368;0.002481544038483376;0.191193873874049;-0.05537681647888096;0.024845708107700815;-0.029505537885045705;0.7845033255806334;-0.6194222755011647;0.28607539304570545;0.4961568598172326;-0.16791756615192835;0.26193306309254377;0.02425272998730979;-0.008282924141240782;0.19463668401346929;-0.13007925448655686;0.0018602614417712153;-0.013503001317568066;0.9097638213163166;-0.3923002472209565;0.27219745153671426;0.38993635687083567;-0.14872977577439705;0.22521758581598345;-0.03746584368192946;-0.04212645691648037;0.16578367780767356;-0.11689371258705944;-0.02284106487463441;0.02510030035298176;0.9796373193820276;-0.1813052070260447;0.20795159666569796;0.2074981003743232;-0.124116908682584;0.1562128469256861;-0.03550112552606439;-0.06323817330480916;0.12771956024475853;-0.08206612738169484;-0.04215943029278598;50.23645389773041;22.841492572432326;8.119803946846352;42.050301480217854;49.11637916134168;37.41399411800826;35.67839812116891;55.770591264567955;39.105469211643864;33.97264079364258;62.75369904676015;25.770631129738383;43.38083783803136;53.114044180889294;19.80265965646878;50.71141862037948;15.931003656721495;14.991392857351968;13.031108388169468;0.9740117844778714;-0.17153312337077256;0.37785655833842935;0.10213002788023601;-0.0006404165063561982;0.36504014460126916;0.03974652152366309;0.05726536341404435;0.3064918782429247;0.029246312126879465;0.05389550434865085;0.16926097101251278;0.02804939549241322;-0.11971958995919044;1.066727592293081;0.033598120538305166;0.08053456737199156;0.23749197321987428;0.08319160771327268;-0.006971858444192977;-0.12671964779702471;0.06169410728108847;-0.01949810808598576;-0.10130135290331642;0.031310523166057515;0.018952734645273837;0.9998069357209044;0.005185087640661861;0.05123465648930922;0.22506928280253408;0.09386832353177886;-0.024275038777413653;-0.13532233326708237;0.05564197619320163;-0.02356569885037458;-0.12352430679045107;0.015820432391180264;0.13857153488389617;0.8665197134591571;-0.001452865243092073;0.023669984682491898;0.2239921417504098;0.09964393937249148;-0.03245616407971388;-0.11011800903363168;0.05199532730437437;-0.0239527648641147;-0.13458489088160283;0.003356504843774447;0.22194339008003328;0.7108954164998676;0.0009732297053952236;-0.011654636558431184;0.18343788135932326;0.08581059889866062;-0.0336946481183964;-0.09022603768228345;0.05652708130396333;-0.0224497842950219;-0.10957190891343986;0.024352143733055307;25.10213698365512;10.663382852248375;7.8981910131951185;29.69343908124815;133.20297406365864;11.558033547408845;24.645852615097013;135.760449177468;14.876143722133207;24.14157772397954;130.72834822910727;23.76236939274475;32.152401447119296;119.94393078103568;19.90990833350197;21.493994939757737;7.635995313092704;8.009236077124877;8.254581676337668
0.9691580127379928;0.2249181120354088;-0.06857600936356001;-0.43428630016095404;0.1935708396253393;0.25521802029261936;-0.2209991547511399;0.12930224742426108;0.30706213762579954;-0.09955279303574342;0.10271337465780549;0.37124612048540906;-0.07771671242830029;0.021114568530285094;0.6259753970576806;-0.820790311478795;0.2024091509935685;0.4998463038197645;-0.14711903912277616;0.2185988990291605;0.08108589970033059;-0.005146337835660679;0.19617304775629651;-0.052671170570773626;0.019600923127744106;-0.027454966419610746;0.7978620569498344;-0.6022145488932306;0.2849306720972536;0.49037773268839974;-0.16648419501299372;0.26258745166249353;0.021074532660347322;-0.01443974835561478;0.19817050430841537;-0.129133897317016;-0.0027797959680730864;-0.009323444647575356;0.9202499196367239;-0.3788956114620122;0.26834115156187993;0.38874060742694416;-0.15000255736268148;0.22518959992191864;-0.04153302828766521;-0.048742537522488444;0.16779835261488074;-0.11779581685826786;-0.026969229482836577;0.029921690823724173;0.9862751139604333;-0.17179959626686314;0.20457559673184797;0.20617651630157105;-0.12620359185946997;0.15881494228017284;-0.0354260054628387;-0.06657904708761368;0.131633799809148;-0.07953321935443103;-0.0441292522367197;50.590892583737954;22.08098309373267;8.856235738016306;40.64248719658402;48.99405457679094;35.97861828446098;35.083102816427875;55.84216164422054;37.73403985609298;33.34020477192514;63.59874951747549;24.669005796552963;43.217004208763925;52.89530157194117;18.599029977060123;51.37567887479907;15.861836483999074;14.70036040085447;12.696526073554946;0.9779441661332692;-0.18608509512400784;0.3380140858192132;0.06363195075415304;-0.0007825310856277632;0.36574206659873604;0.02624755665201272;0.06289396840375001;0.3133541698251855;0.019075477640657694;0.05412471484214428;0.17049950546045217;0.01976249721678171;-0.10955360907070254;1.0715788265904667;0.0189869773161009;0.07108406455602052;0.24991050488585273;0.04588762191940249;-0.015324196444427063;-0.1315149397493944;0.03073594770334984;-0.022792606232955464;-0.11592803338778723;0.01475559668681472;0.03376192484336721;0.9994294936590773;-0.0009053370814646431;0.04502233342025804;0.23887876651066461;0.05954139612184103;-0.03223231100534448;-0.1324433921536415;0.036803089406604005;-0.026697559670341726;-0.13235310634614475;0.00946624651914885;0.1525207897379567;0.8560880248271259;-0.0067824337240448215;0.019732736374878688;0.228003190996865;0.060925924639509986;-0.03711828120129871;-0.10188736399345731;0.038937371480765356;-0.025388730133732888;-0.13781791525411177;0.005529261519608967;0.23347467244316555;0.6914075544697651;-0.006960298662578396;-0.014824380421581811;0.1884669783729426;0.053540074656772005;-0.037163492880437556;-0.08836102673970932;0.04574987476140142;-0.023510878018171588;-0.11258460172618898;0.02413302950218573;28.97978966317246;11.46762391798522;6.875779605331814;23.393569539004613;155.1623532232855;7.40342901823246;16.30179144799191;150.9748782466349;11.322388562119617;16.178716920532217;142.30394398484447;19.840002887970616;28.114982752195328;130.85807780311245;17.171064474410986;24.35779941245226;7.843978819395564;8.176504226003004;8.557230699155319
0.9663567328471082;0.22449041600413056;-0.07185631404456341;-0.4371496596342854;0.19201872485128937;0.2518446760903496;-0.22371691899260973;0.12828986139072565;0.3036114965582859;-0.10239363671389093;0.10492380064092367;0.3707333050434125;-0.08105169989366;0.020818635229124076;0.6224697330943442;-0.8247698889054559;0.20113148425328642;0.49024655234984243;-0.14920025517229996;0.21999451162265465;0.0813897990115988;-0.006886843422130929;0.19814109642881853;-0.050585389006255525;0.01822845487966457;-0.024081725649724654;0.7951496504283739;-0.6059349007223187;0.2812782754993477;0.4815796417414775;-0.16856961609397514;0.264454350267873;0.02055154331218125;-0.016786694143027827;0.20000186807722806;-0.12602568955242868;-0.004669013700502543;-0.004236026654321154;0.9180328274135825;-0.38255671796197654;0.26452954458036415;0.38085975303727954;-0.15240160438104006;0.2270150674926924;-0.04115342559694916;-0.05223445671504324;0.16959032175145408;-0.11540757825814159;-0.02956608602022879;0.035116039286547066;0.9848817595422211;-0.17539159310118876;0.2023605120783852;0.20428707350189806;-0.1278306518131742;0.16037370165507417;-0.0358614985878788;-0.06879875756872003;0.13436886627249042;-0.07784262099826203;-0.046131809050360295;50.37797473754742;22.088937799465914;8.726430550566395;40.53553963619914;48.75120227689035;35.245476739955336;34.821670784221794;55.76745288340412;36.708614735962186;33.068793953696115;63.04520464430882;23.98482926558113;42.9055053065126;52.76536148280751;17.565460219872175;51.36272276952654;15.851203405919286;14.728794930487597;12.723573430546828;0.9793929427521352;-0.20206435687583885;0.3087035253518626;0.04095481782725866;-0.022755420540655505;0.3636832481773157;0.02165004708183244;0.052737344501520414;0.31897870047827376;0.019812031016537626;0.060801372694045834;0.15583293538776527;0.02358554262815592;-0.11477734972147435;1.0612475555928702;0.005674021333719395;0.044839945355533414;0.2756836320596574;0.03501726912945344;-0.026041374053806417;-0.12996650102844018;0.025295268423156703;-0.02046930558003803;-0.1256073725016122;0.013610580494434553;0.034482327037371356;0.9993965653958768;-0.004180214948116299;0.022245716215638197;0.2752057403226272;0.04725581741367123;-0.04271730311389074;-0.13094080554318646;0.03246443457052824;-0.02386999672913949;-0.1426809952368972;0.010493417437715133;0.15327569262457455;0.8645775779510254;-0.0029917469692112703;0.0029448041580495323;0.25004318503696354;0.04830464261643912;-0.04519679280021467;-0.09704077546367797;0.035064185597950784;-0.023786989664011597;-0.14209729083160252;0.007757972425880612;0.23176685546675574;0.705549816934363;0.0022186075735677315;-0.024633899872029973;0.2062096392784536;0.0451379654439022;-0.04272585443294615;-0.08070083057194949;0.04268128200374091;-0.02322658461240926;-0.11501501542133422;0.02440128777541396;29.65967154353264;12.944973158369844;12.69425313684642;16.82291670625048;161.92941349585058;5.127978599773144;10.294107468196612;153.42821694579962;12.436850565915815;14.517035612065927;142.3137973523702;21.361817290031272;27.5903905029535;129.6263679597664;20.49239952161393;27.641128681780692;8.166941762671547;8.077128165728954;8.139962917839958
0.9622824429801272;0.22624816438221979;-0.07904264380960545;-0.4423682339030774;0.18828363729697786;0.24417697222971746;-0.22964156977325462;0.12401752707954186;0.29772672882778634;-0.10718139283566001;0.10970426372518327;0.36789338887986334;-0.08630574970111313;0.021259664498241262;0.6076154288512572;-0.8429576761732653;0.20000841056175256;0.476892975957341;-0.1508800331717938;0.22221778939286124;0.0830737175369916;-0.004970287916657273;0.19820299948785347;-0.0488829965858814;0.019258432105807903;-0.019896559372708008;0.7823536070803789;-0.6225166346479815;0.2760381732325364;0.4708623318614901;-0.1728014009445036;0.26702294463452314;0.021673081478178525;-0.016760701750172417;0.20073854731846355;-0.12156705491042873;-0.0048454329931754215;0.001396824594126467;0.9077980847048297;-0.3967216562964256;0.2607158276295628;0.36880018504527984;-0.15546535631761654;0.22994585292349481;-0.0380117377514791;-0.05376865656387663;0.17121006976886335;-0.11096913157916008;-0.03119957219568105;0.040517390010845276;0.9783532028391028;-0.18706166186586873;0.20083981356813438;0.202018828770597;-0.12914604866465182;0.16125384694773282;-0.03660611092402609;-0.07030426756445264;0.13634119334487715;-0.07666744098561282;-0.04813998561722532;49.78623579416103;22.56480258583903;8.131797862699965;41.209958381270745;48.43328906685112;34.936406082458035;34.73971849784992;55.605475093021546;35.884839390923624;33.00764411766359;61.627963457547914;23.525739417278977;42.48474445586598;52.68167107670421;16.63033672250225;50.91487716881233;15.874466948783098;14.952108513621575;12.974392361848528;0.979293070127658;-0.2191917753677562;0.2860913292022019;0.02856276752162806;-0.059535381797482925;0.35978148252752556;0.02293376937864367;0.03194453455033301;0.3238618328820484;0.02782854524363527;0.07185641581715234;0.13040400578403483;0.03552607977115149;-0.13032621335545963;1.040738228509869;-0.006927516848751651;0.007100693163007117;0.3106727327196205;0.04164227179880656;-0.03846047984792422;-0.12417926134353909;0.03680161873222526;-0.014375753844858265;-0.1321084755848499;0.022724511133389892;0.02582223865400969;0.9996507720462104;-0.0056165770991649135;-0.01183432219088887;0.3269784078033947;0.04952224765095995;-0.05501106693954269;-0.13034580142906674;0.037742481508856215;-0.01703882952198442;-0.15413599548190451;0.016453112189044973;0.1452535679388398;0.8858274327306072;0.006921750984785752;-0.02260300213785394;0.2843700953768173;0.05293464369522238;-0.055648686781465895;-0.09439929698699234;0.03727024120576357;-0.02014330062964529;-0.1471319088971762;0.010050245418045377;0.2212282033155522;0.7423128044200598;0.022910201511812552;-0.0389841956625518;0.232643950223633;0.05255055207977477;-0.04975054946853703;-0.06909381455260491;0.04471776529681596;-0.022043580146470308;-0.1170921274335214;0.024998923157051735;28.00512717785681;15.042769292645776;24.438055679280918;11.624194946384051;151.76354912327892;12.335421848345392;9.604501909002686;145.84985999786443;18.541411994597993;17.06353313167509;134.68118371136083;26.74725469133227;28.05157416143465;120.46812749310702;28.339238067761006;30.685783680248853;8.617414200336466;7.869584054000594;7.388699358358776
0.9582081531131462;0.22789303418688572;-0.0861499285026874;-0.44735536575958296;0.18448593881554093;0.236445089577598;-0.23542669478940342;0.1197148739112977;0.2917428275011656;-0.1118918382895216;0.11440631952539712;0.36490426664275044;-0.09148911629643394;0.021688424450662252;0.5925759503498594;-0.8606547549765401;0.19880168319906;0.4634042793063053;-0.1524814758390939;0.2243272050405354;0.08470993046956998;-0.0030630360676740646;0.19817492347767174;-0.04716876452065035;0.020273495288809475;-0.015727621152397585;0.769280987026952;-0.6387169990940628;0.27070485732676314;0.45999673989553835;-0.17692955956976375;0.26945533967422364;0.02277806213848439;-0.016727288628766844;0.201380034452974;-0.11708033204384824;-0.005018598461693234;0.006995096318995588;0.897214616415096;-0.4106218707842812;0.2568072276202986;0.3566465659605737;-0.1584403590091489;0.23275501843354535;-0.034871799406470956;-0.05526930172731404;0.1727426531952798;-0.10650726624336766;-0.03280910861026153;0.04586787032235882;0.9714216867327807;-0.19857682845537858;0.1992374819186763;0.19967292318331645;-0.13039513199453148;0.16205578621094838;-0.03732968630527374;-0.07176892016500282;0.1382399948455761;-0.07546468280258924;-0.0501142956161262;49.166063958290934;23.03066497223752;7.684706431650633;41.84673725415997;48.12979350463765;34.624345025486775;34.641809225416445;55.45867070794462;35.0473973805732;32.946095551918994;60.220923137049446;23.039602340190875;42.06118493706805;52.59251733895746;15.719533251281083;50.462986380662834;15.886983741246167;15.166267736177982;13.224673854042312;0.9791931975031808;-0.23702831101301053;0.2624956827759601;0.015642289614107793;-0.09787188263260996;0.3556845342320296;0.024270106825641822;0.010266380039796134;0.3289256790573261;0.036183101426677;0.08337488128931501;0.10388482932525145;0.04797061426515667;-0.14652447578091357;1.0192727638570849;-0.02006346211127303;-0.03224129480211659;0.34712172533694263;0.0485451080917325;-0.05140365884199868;-0.11813613886843252;0.04879342903415675;-0.00802233088691955;-0.13887472455907238;0.03222349165891725;0.016792381481372777;0.999833693502937;-0.0071134562948662996;-0.047360196289422715;0.3809221449013727;0.0518808290873745;-0.06782222389652741;-0.12971483533373518;0.043241499658412494;-0.009916258286533815;-0.1660646419162797;0.022664464275775786;0.1368789520770277;0.9079066807309992;0.017255540529850052;-0.04923353923077468;0.3201309451608616;0.057756856987988145;-0.06653972823661847;-0.09163792851835817;0.039566890875569645;-0.016343271383201602;-0.1523681823327072;0.012439007596149977;0.21022398733986086;0.7805755509349841;0.04447833917408747;-0.05394050688615477;0.26018138137121943;0.06027351218176404;-0.05706938061925297;-0.056988370332062756;0.04683703227654015;-0.020808543427171027;-0.11924780560043331;0.025619877529313568;26.683254230153224;17.288252888275615;38.343951884829856;9.486933175114844;139.69888577222184;20.788503720943677;11.406630673055599;138.03037354662936;25.165593994358108;19.44158806533694;127.04130301925393;32.573617061417224;28.185952500025813;110.56430010084007;37.26997286249056;34.088342482810646;9.169208199352529;7.754355377294784;6.817594316661212
0.9609235802235792;0.22872856587860532;-0.08785506993774632;-0.4483247303366751;0.1847017425439775;0.23652752533942442;-0.23559734745146482;0.11889861856795263;0.2918291405410093;-0.11156559185971651;0.11475828257265341;0.36360783951656284;-0.09095802195164215;0.022583038746839017;0.588935840315872;-0.8640672930734831;0.20026802914223818;0.4628974945229366;-0.15333105933158947;0.22421977056151082;0.0847821841979405;-0.0029346630702209563;0.19703454359617342;-0.048468013720878826;0.020423085199287087;-0.015255407904415593;0.7664299995541503;-0.6421466563901856;0.27159148674443423;0.4582071953460754;-0.17809840638641775;0.27050699103159875;0.02585243852272054;-0.01653492560854257;0.20230524634867866;-0.11720468865261732;-0.00492121873489675;0.008285856328534996;0.8950107011910323;-0.41412902854059386;0.2578998062723479;0.3526502598488809;-0.15953516767309536;0.23389872785061405;-0.03087892137213567;-0.055448305848147146;0.17409078652802934;-0.1037872668106835;-0.03300677254750899;0.04838359206124348;0.9696311975921428;-0.20224406088024682;0.19994800086748885;0.19825818046743782;-0.13229191954526806;0.1623085484288913;-0.035971276960403926;-0.0726285016239738;0.13910768894075068;-0.07426148900308184;-0.05059048795647379;49.308571510684956;23.150386829978338;7.537968054822567;42.018162083946606;47.97693538116904;35.07726460909283;34.76083854662507;54.74450772455546;35.584655897442374;33.197637058889434;58.867799802002374;23.167620380167616;42.16792984670146;51.76568454560759;15.69380207833414;50.37461134030558;15.904343888735449;15.187450918332846;13.246274864197682;0.976637768847176;-0.2600220226105914;0.23058185123800345;-0.019236885155832727;-0.13283615961939496;0.34931503721221013;0.0017840084226079852;-0.019010911425500498;0.3450918747600191;0.02215761547883838;0.07483236268683117;0.13471147324963614;0.03653835910622032;-0.16464967447395848;0.988003136872345;-0.09465167020201526;-0.08003602067335583;0.417547727707334;0.0273667048586311;-0.07605199886885308;-0.10751072785847503;0.047488869630985156;-0.01608306527109458;-0.14562010772625197;0.03506590232195559;0.008467966589421207;0.9976121266021843;-0.068544426455459;-0.1003267260990599;0.45640875296028294;0.03305536659146671;-0.09228881914224898;-0.12878558270525717;0.04607299962629922;-0.016710083340498037;-0.17967613403182073;0.026097072295965657;0.12847422690911664;0.9315635247748804;-0.03138924475976345;-0.09680142790545018;0.3866774468435772;0.04396089214327838;-0.08711564454924962;-0.09368545164623505;0.04261396519842566;-0.023425022091417978;-0.15917991022793504;0.015381021360330543;0.19755476457769564;0.8251418822302445;0.0067870927472682445;-0.08682978092241161;0.3095122778965001;0.04877674612929776;-0.0734386160020214;-0.0454487737492051;0.0439072006577639;-0.0280956835693177;-0.11833746775049701;0.023920217623868242;27.81408040665276;17.977702646530066;33.239166086115155;9.18677410440201;128.96460281817656;28.43801456566287;15.144250629438131;128.38369359814868;30.64069189142313;23.360321478672436;118.6417908649147;36.101699867515975;30.1444541423573;100.14505326193868;45.00102714031046;38.92094793551589;10.022437064560494;7.6279169116046095;6.091161924960248
0.9667009549633216;0.22923076699460984;-0.08714843837205104;-0.44754738601847105;0.18674349012811473;0.24014908801084894;-0.23327609183426284;0.1196612758758563;0.294678158392421;-0.10899048525599563;0.11317153686699048;0.3631141883202316;-0.08787068694502434;0.02369151929653962;0.590481153768561;-0.8611788483430188;0.20296280978942494;0.46827763330807776;-0.15386377981093094;0.22314437308217222;0.08416272825006646;-0.003605316758650823;0.19541677231907642;-0.0511293609394079;0.02018682270760108;-0.016444385915800008;0.7682591848089236;-0.6399276577306067;0.275307192438088;0.46054716952281655;-0.1779627200338991;0.27097432234697083;0.029820824441858313;-0.016272837138716394;0.20338493902926028;-0.11941479019998037;-0.004702744777529907;0.007645716492423312;0.8966769658593456;-0.41302717783962134;0.26127281192861956;0.35235320070691656;-0.15980763321577066;0.23432588438734328;-0.026498624428250083;-0.05504100066737181;0.17538049405100165;-0.10185689724194032;-0.03257485025633008;0.049637351286497364;0.9702665379873263;-0.20241932248630723;0.20172358239653876;0.19728339182077906;-0.13449994342238777;0.1623353680293589;-0.03367949977313137;-0.07322712985792261;0.13953137324914977;-0.07306486669560867;-0.05040111772856264;49.798613543941684;23.116520376424734;7.488597369010299;41.98820239364266;47.890147810088486;35.88220655367882;34.98130482461308;53.77600202861281;36.736847936395876;33.588855815468776;57.53673240276163;23.58179112462879;42.51286025487433;50.60975425571223;16.062843779179918;50.45103451944649;15.927511355217538;15.124270784638965;13.166105286809849;0.97297496207889;-0.28887631031086425;0.18422415513781676;-0.07476440934938995;-0.17272380121040634;0.33681723055564006;-0.039743828404692594;-0.05932275635695779;0.36815909735116764;-0.008298866906093846;0.05197576292136488;0.20462471917685077;0.00827552323394123;-0.1865412104817683;0.9343595801595755;-0.22127517497020918;-0.14308948636747737;0.5200587966189117;-0.015257862641175372;-0.11248993229219478;-0.09073404558982981;0.03773171333367855;-0.03421059090758514;-0.15253599437498322;0.03438298652963042;-0.0014672011899808165;0.9839719760376362;-0.17831712675247346;-0.17476519222550424;0.5575912868768598;-0.002730393297065836;-0.12831913373268566;-0.12623967695536256;0.04758063617292294;-0.03298160860972667;-0.19571841865186926;0.028471823079676162;0.11687036460099681;0.9527621079654827;-0.1251995802824363;-0.1666417169271028;0.4828527223223646;0.0157569666758668;-0.1172580474322661;-0.09810016983272281;0.04639870512615314;-0.03823102410181609;-0.1669723096076867;0.019181702704009394;0.17908860814923783;0.8758686840149341;-0.0740455976535544;-0.1369295782626232;0.37999400428853836;0.02301330033382104;-0.09815793652669197;-0.031116451942012464;0.03695411766726871;-0.041744602434048886;-0.11431246981901243;0.02025356590571056;30.571938828126726;18.563876475991542;23.664271564698023;12.149907809568582;113.13474935380229;37.42710806626268;19.915723447093097;116.23480060439566;35.76014246804911;27.553733212131068;109.38237714268602;37.82242440000435;32.34790938754433;86.80465862693805;51.494721603510705;44.99771105729245;11.323626480538941;7.548396194586146;5.27739011809059
0.972478329703064;0.22973087544080076;-0.086440782551626;-0.4467655081579322;0.18878394885308628;0.24376924695527138;-0.23095198503482195;0.12042296829598693;0.29752504746131725;-0.10641366678202598;0.1115832905902293;0.3626168937822226;-0.08478171416175104;0.02480005274529613;0.5920211407819157;-0.8582813252822844;0.2056563108284065;0.4736546064571269;-0.1543951454941394;0.2220665399729035;0.08354229918025882;-0.0042761063821134485;0.19379669583696874;-0.05379089087955492;0.019950304469299265;-0.017633507539103612;0.7700813937665582;-0.6377018946078361;0.2790211778041868;0.46288327841589616;-0.1778252751447599;0.2714391477288652;0.033789932494281284;-0.0160105242583921;0.20446293654080552;-0.12162429800875962;-0.004484169603514407;0.007005339503713392;0.898334968709391;-0.4119210453283635;0.26464414590304264;0.35205265255280105;-0.160078620078318;0.2347508797777118;-0.02211695482942106;-0.05463305852299728;0.1766688311957207;-0.0999250491656518;-0.032142502364984775;0.050890949079471795;0.9708926410383801;-0.20259266785805238;0.20349766214022388;0.19630644369764638;-0.13670722689805176;0.16236062188036843;-0.03138681245451892;-0.07382520123372856;0.13995381382407682;-0.07186723173078657;-0.05021121100742173;50.28354536826864;23.081689678419593;7.455057668557725;41.95475020163222;47.806299460548836;36.69424976099429;35.19999959475172;52.8150435217625;37.87835808457007;33.97806754214916;56.20726353773622;23.99748543224713;42.85564910758626;49.456454458806554;16.4347873351518;50.52745882614339;15.951290112431224;15.060941632505646;13.08727232231654;0.9693121553106044;-0.32126724703275855;0.120075597621587;-0.14608427236922367;-0.2217328492495223;0.3141600386592486;-0.09338443387150265;-0.11100528535697081;0.39149082150033043;-0.04802824015919796;0.02107310167541846;0.29235807306006695;-0.0288907102112465;-0.21172534511968205;0.8466597032971962;-0.38296262572165524;-0.22298887531530057;0.6445894309255181;-0.07079201329318306;-0.15810637926595905;-0.06706947759188686;0.024249496578400618;-0.05731059826813205;-0.15874383405442793;0.03284650944324698;-0.014450424568117957;0.9477320694206102;-0.31873987799070386;-0.2689822397874374;0.6796811491854414;-0.0495427374335067;-0.1731061441290476;-0.12054793076637663;0.048666313489446444;-0.05367403905902414;-0.21307124971790323;0.03104992295422468;0.09949173522018608;0.962728259023734;-0.24571083715592548;-0.25498892938930195;0.5997811901278338;-0.0214718496271759;-0.15454111233911666;-0.10204928249908586;0.050488444003978665;-0.056906232503974474;-0.17405836529065188;0.0238006431827758;0.15156140754147393;0.9259397140981237;-0.17851733487403726;-0.19998050277804463;0.46519648290938287;-0.011155104004117754;-0.12869591742961017;-0.011766366431429967;0.027158505694883938;-0.05883892719435925;-0.10690653605591043;0.015073621161078826;33.78725872442818;20.27924874409658;19.86630182083391;18.417169705407794;94.67453798799399;46.563017755634945;25.031509413987056;103.78122976101942;40.57806965113434;31.137948089847967;100.5347134585714;38.45479799000948;33.7046774040262;72.63675188944687;55.316376909335254;50.575924009344675;13.290833639831094;7.812932226197069;4.800293641145878
0.976838570731212;0.2314571914592809;-0.08624097172620639;-0.43662515760814835;0.1951353612038816;0.2422283705939565;-0.22800705145253855;0.1271132186088429;0.3078443456962229;-0.10480551383858637;0.1107647299788332;0.3663813200518234;-0.0814169256220665;0.03094792283264219;0.5887146771335555;-0.8505631900053242;0.2134931077601041;0.49793777368876035;-0.1516605882168378;0.2203613970229697;0.08923555583377842;0.0023152898684168947;0.18882631184376414;-0.05521551827592099;0.026608946966468303;-0.02121606406456541;0.7754839586187948;-0.6310107039904568;0.28233843846689094;0.4839817381509699;-0.17039280678346713;0.2654397840384523;0.03236098431794371;0.0008775182436802284;0.19548265221381894;-0.12632353648128583;0.009212642192398144;-0.0014288492344509045;0.9090004139526928;-0.40582090111676367;0.2687667778748555;0.36904551051835655;-0.15269381377895638;0.2288384252251444;-0.025150860894285507;-0.035662829770033926;0.16764194056482876;-0.1070778243495931;-0.01703597010645586;0.042719135198042324;0.9828125772706559;-0.19689777443628864;0.20716813289826605;0.20551866914354594;-0.1283586249441118;0.1631548613100486;-0.028358878193418147;-0.06106959852187097;0.13332614034392118;-0.07337531606055327;-0.039029262278359456;50.20492215845537;23.734133690250697;7.69837695707437;42.57568717478728;47.056813274633214;38.87850090109838;35.48953162478067;54.71794949843914;39.864486677226985;34.05306975035455;59.05518668392531;26.390558279395524;42.419683365672626;50.47407082718019;19.013707938081332;50.84985933658898;16.437066605188733;15.118301374580092;12.973418149892952;0.9724458382824724;-0.31689968072220576;0.09126529192063283;-0.17650982133035922;-0.22738621852089155;0.3071293777625944;-0.109001337200552;-0.12410407853033399;0.39665040677665236;-0.05584356545835139;0.00025566854483937;0.3101694252500893;-0.03595168737627988;-0.1964767025864167;0.8129544760297207;-0.43274200540022223;-0.24233327938691537;0.6486029290209325;-0.08113921701441873;-0.17322488348898565;-0.039862890632771764;0.022580757845354394;-0.07403055960082223;-0.13990216234029615;0.03321459048474128;-0.00701412660999238;0.9353031485287727;-0.35377792805666;-0.2957302786394435;0.6804171375446693;-0.06214441144432479;-0.18557261818086046;-0.11790581944280337;0.048746596181350486;-0.06295998396614151;-0.21002701967597034;0.0338582456401827;0.0943267967164301;0.974446170145027;-0.2663245268947819;-0.27917468545045354;0.5963103862203717;-0.03350609519558652;-0.1631904548417372;-0.10895558687590287;0.049913991973088885;-0.06215526078809253;-0.17657518190706248;0.026123818372346386;0.13613291015087672;0.9575241131538541;-0.18669635536043505;-0.21800752736651088;0.45160924571777555;-0.02382185256069575;-0.1361405974922577;-0.01949226147802418;0.02112505213649624;-0.06376407113578797;-0.10717778576169353;0.013281312397351816;36.601376772428885;20.45994176398801;17.316338468116523;21.686929491906618;83.43064034514911;48.63470447128871;27.487826416065595;99.74357215262619;40.31341414473545;32.57544201710113;99.08853405893353;36.69220984961541;34.57078480983036;73.04294948868899;50.71002050098122;52.824122653596866;13.714917800803974;7.895866469407117;4.9651660516591765
0.981020550380492;0.23335843920285645;-0.08609337944158531;-0.42500190128929916;0.2021695512567781;0.23996337098276865;-0.22489142241966828;0.1347090867945235;0.31933417145352033;-0.10327445786362516;0.1100153428919018;0.37074532692167655;-0.07793064970493047;0.03788388740598855;0.5846494060028874;-0.8419614923643695;0.22215242228768534;0.5251680598245455;-0.1484272197617334;0.21851419027124233;0.0958646766492332;0.00999406843323418;0.18329079895234257;-0.05650842308406632;0.034306871031576404;-0.02518762533841663;0.7813958156566634;-0.6235271949194111;0.28565348894761305;0.5079364319055326;-0.16183215464341058;0.25844297981406994;0.0302007652291314;0.020297039405647734;0.18498009985585973;-0.1314396308634858;0.0249609823791283;-0.011061625644053772;0.9209825198312794;-0.3988963648462791;0.2730549961414728;0.3886217879635837;-0.14413723189642344;0.22195048317882382;-0.029207257312604866;-0.013859964733603337;0.1570613780238752;-0.11555524184843732;0.00031130685180620095;0.033140377115643556;0.9963652803579932;-0.19029600250771478;0.2111472434243643;0.21623568805597096;-0.11844496317555836;0.16405034483274128;-0.025163359604586197;-0.04629334198439622;0.12562411997703443;-0.0752594090627094;-0.026169332671392317;50.03857194745581;24.452995495845844;8.056005588137603;43.22178254579614;46.19714042854205;41.26769020986869;35.78749892559759;57.03900163914874;41.90564586253676;34.12973096992447;62.5889361177804;29.05640620061493;41.95891897305728;51.679495612025455;22.308336310683583;51.224073650605106;17.009338526053313;15.189332832788189;12.850032093532139;0.9764346369873848;-0.3077127421912814;0.06853630846582222;-0.20033236917065622;-0.22686041371930166;0.3029532557216484;-0.11877780051979815;-0.13137283020056792;0.399512953963307;-0.05886611960660157;-0.018493023603429092;0.31769308753812736;-0.038479813000298076;-0.17604110739606071;0.7890775062867145;-0.4653604914563213;-0.25262193871612415;0.635799748792135;-0.08472375856587973;-0.18369016448132608;-0.012980087704286906;0.02270429480949599;-0.08943089669493505;-0.11814192207103356;0.03388983352433541;0.0031637618669357846;0.9278532666868025;-0.3729320395319751;-0.312269905265252;0.66434940242649;-0.06948877863738287;-0.1932133486285029;-0.11592951981749902;0.04873898693155524;-0.07039802854974518;-0.2043689463646579;0.03666058442130137;0.09120262686479516;0.9872875223420429;-0.27216100147359695;-0.2936861971747355;0.5761921520826474;-0.041573531381459375;-0.1676324632432206;-0.11622633389965935;0.048740646317910155;-0.06537907739382168;-0.17857438611306978;0.028078586978124858;0.12307791163691134;0.9866953835444652;-0.18088350538611367;-0.22924268593837296;0.42462713723594336;-0.033027829017849133;-0.1401840516872723;-0.030951067314239206;0.015839178185191604;-0.06685796606310573;-0.10868921381207423;0.01204949034695934;39.47794305649995;20.457565904807687;14.784281523186444;24.40991557074205;73.54675525725665;48.38319012692633;29.56636205997998;96.78050893669652;39.35542955481919;33.845759872833135;98.36119794011573;34.85349353611298;35.748771450373155;74.66905751800986;45.70848616511247;54.67354963324888;13.998366056334989;8.12567631543246;5.346460352088669
0.985202497912086;0.23528067297517435;-0.08593262201415228;-0.4130453692277013;0.20935458086234948;0.23761603061778822;-0.2216741740015369;0.1424770940338757;0.33107158844825413;-0.10169426640307004;0.10923532302518923;0.3751757574485486;-0.07434989576488726;0.04498645926928945;0.5804193045913278;-0.8330547683173066;0.23100038362510839;0.5530107667084817;-0.14509779719907523;0.21659730553728343;0.1026464300675239;0.017860833827820492;0.17759868123723013;-0.05782691068518362;0.04219056194183497;-0.029254199700656295;0.7873667534140715;-0.6157903761979874;0.2890185518373802;0.5324247911127795;-0.15304277783372613;0.2512452664275197;0.027984006574132022;0.04019252762046531;0.17419844021096328;-0.13666716074839083;0.041094368925321735;-0.020930388730462893;0.9331577365019394;-0.39175715071750394;0.27741858615240167;0.40863711874682807;-0.13535398442109495;0.21486835250226577;-0.03336031094363339;0.008481339423917817;0.14620287779153338;-0.12422862727622735;0.018085733409337355;0.02332206937635045;1.010141425916301;-0.18351059319110716;0.21520096703333721;0.22719268061065906;-0.1082740613046858;0.1649497194860462;-0.02188636440542179;-0.03114808913767182;0.11771852737688836;-0.07718156736592097;-0.012989824866802589;49.85165706767196;25.153651454925846;8.479364511017481;43.81006753650176;45.32325822016951;43.678536384546625;36.07925812396703;59.4230123741019;43.81587694106347;34.24315959152766;66.28053223623635;31.611307533175054;41.57688669388337;52.79272871859432;25.985034688317022;51.622313881951634;17.61219449143506;15.258061522839906;12.721351608765467;0.9804234050582444;-0.2984424608533289;0.045960964030094684;-0.22385251761767597;-0.22622115106090024;0.29865454373999045;-0.1284111710247543;-0.1385128257864223;0.4021441533616642;-0.06183293223931683;-0.037076011341344785;0.32498909309711144;-0.040966902682745644;-0.15568421677609473;0.7649894706745985;-0.4974656838007432;-0.26269371956474996;0.6227729193865169;-0.08823444862837442;-0.19397290094678665;0.013685635169853513;0.022815010179513286;-0.10465656079244574;-0.09650148910894187;0.03454185156602373;0.01325526746232247;0.9199834667429844;-0.39173296874792457;-0.3285096265081276;0.6480703690878289;-0.07673590393999036;-0.2006901048071908;-0.11390945855961991;0.04870612507529238;-0.07773757901732799;-0.19865182818686775;0.03942054914553189;0.0880570959949173;0.9995091433986617;-0.2778075168279917;-0.30792434202726837;0.5559421341261105;-0.04955220522573649;-0.17195041665275193;-0.12337617560525327;0.04755175293970661;-0.06854209384860742;-0.18046419030259842;0.030002495921615024;0.11006767805401822;1.0151112699287612;-0.17502509797868418;-0.24026522924987345;0.39764911827821775;-0.042140002619845324;-0.14412102642128108;-0.04229839228758204;0.01058908645115819;-0.06989137438476621;-0.11013160268878713;0.010821665525796439;42.37116845910654;20.56562749926411;12.435360453979744;27.202804375180396;64.49520551160053;46.42989091977524;31.654916446189343;93.87007146238034;38.30365141201664;35.199053508816796;97.47944238783896;33.152481283491916;37.27008170863182;75.69061467531245;41.123053463056046;56.31598334661743;14.407138818967978;8.562185098592037;5.858162455580597
0.9844204376804316;0.23407814719050096;-0.08935642836889443;-0.4124841895021998;0.20689740954023328;0.23132507124908055;-0.22504106167297608;0.1430991434709014;0.3265396117109475;-0.10607531350768193;0.11236996380188527;0.37280975620629053;-0.07995251597095777;0.04301700079152111;0.5695213259756613;-0.8407768333980938;0.23663469990096264;0.5429532758226194;-0.1499450009341217;0.21820089613916158;0.10007861715693905;0.013834197556851589;0.18124779709674443;-0.054423814175703786;0.03944934428356442;-0.03077786388036087;0.7795121046238672;-0.6256305633837201;0.29717851921597765;0.5264027823792802;-0.15977881978272565;0.2552957738016372;0.024080218048010298;0.0351367807994066;0.17876806842419188;-0.13420392066187795;0.0378525131696854;-0.021945451834344244;0.9273896630087762;-0.40292173847232554;0.28253273889353375;0.4096837350739016;-0.14201717116501317;0.22172300362654054;-0.032253814896948875;0.0037948913674988325;0.15274541207409525;-0.12354131856544921;0.01580112447122771;0.024090009315908874;1.004608690553487;-0.19523022245744764;0.21768237472151947;0.23368041717672572;-0.11185024632230862;0.17120388880156676;-0.018506429318978366;-0.03295947429145948;0.1227724984442375;-0.07716389570682537;-0.014145080655344998;49.32525959315602;25.207946393331014;8.324354671809672;44.163758485893325;44.990774887544404;41.80757819150057;36.72470473689498;59.17302898373594;41.8115128537405;34.57746431810902;65.06578129199643;30.861127960533473;40.89691756289181;51.872075389096175;26.23383794503642;51.408027837274524;17.637634443016417;15.270360038513385;12.751069543585041;0.9844121731291045;-0.28910621245112905;0.023572225078247983;-0.24703965146534818;-0.22547245219441236;0.2942434995270331;-0.13788941359881526;-0.1455157402111767;0.4045457576470718;-0.06474060285621412;-0.055467186686131924;0.33205145370704814;-0.043409956556457824;-0.13543732612347334;0.740735374581927;-0.5290184272843039;-0.27253780256279847;0.609549650226485;-0.09166747018000433;-0.2040610278212582;0.04009627168533938;0.022913058623661466;-0.11968718059710402;-0.07501318473410538;0.035170184961391855;0.023246117769316933;0.9117176522279995;-0.41015916498905586;-0.3444306921014692;0.6316122525251137;-0.08387646063417308;-0.2079949329793997;-0.11185009304490222;0.04864872641572108;-0.08496919002023286;-0.1928865814476225;0.04213472786625271;0.08489591857797363;1.0111072511162857;-0.28325979955602626;-0.3218729540308355;0.5355969702027913;-0.057431368957386604;-0.1761404911965018;-0.13039656498716412;0.04634966761479251;-0.07164072073950147;-0.18224436541517836;0.03189320145722236;0.09712235562219851;1.042745008736499;-0.16913192742197922;-0.2510626681794299;0.37071929007813936;-0.05114590027661763;-0.1479478614120566;-0.05351856400051758;0.005382442204511111;-0.07286091085548409;-0.11150439851442134;0.009599745169697391;45.19898472123078;20.778943420438452;10.273022187562386;30.039489658531842;56.438103477663816;43.14296742345872;33.7472076379192;91.01266882832374;37.17155462488788;36.63162043777863;96.4568811987247;31.578819259986748;39.130799654478466;76.11134262620685;36.9581411284335;57.710486720978196;14.936233540107239;9.169571757575929;6.444033484611916
0.9821280875466316;0.2318886010051916;-0.09375377279272559;-0.4152607513474294;0.20151979901193934;0.22392535541376193;-0.2302496278310157;0.14149977670561867;0.31709627971721555;-0.11212058319349187;0.11657819612145758;0.36833210587169635;-0.08817239529661584;0.03833729885846958;0.5567010570745167;-0.8530869347638754;0.24108601709159888;0.5215082294119788;-0.15710216289741083;0.2207644114899762;0.09471400976073543;0.006302895924560238;0.1875793577914027;-0.04965899602935681;0.03354797561031789;-0.03148507305986441;0.767430327569582;-0.6403587920071521;0.30649880433908233;0.5111354593361116;-0.170999493603146;0.26257357645755064;0.01975464741898678;0.022643229818684902;0.18781720601608215;-0.12943301903664198;0.02881498089923388;-0.020249262484603556;0.9160520621361793;-0.41922918831289885;0.28766258346511603;0.40483952152107133;-0.15314825790005157;0.23255979580032793;-0.029572958647419247;-0.008957427502461566;0.1643471368427235;-0.12000044859244839;0.0074969999464133226;0.02803573052806204;0.9930639430421644;-0.21220286207534614;0.2195608955797276;0.23858502371063003;-0.11946514501323567;0.17887290025373215;-0.01517293758511613;-0.03984829908203867;0.131587148377711;-0.07653618788486682;-0.01960610287511116;48.685321151284015;25.0531104496252;8.028725417874261;44.42984091086376;44.76387900262129;38.723308288936124;37.46872955198257;58.05462705474974;38.71406163751289;34.949648137086605;62.50047597371936;29.199840268699983;40.11857250797709;50.50331053923704;25.472133336926504;51.005899061627424;17.48121949146475;15.259963501172578;12.822597212106096;0.988400941199964;-0.2797212495596227;0.0014014432493874597;-0.2698653627291308;-0.22461872743567304;0.28973063320089176;-0.14720146808759615;-0.1523740547136977;0.40672049472434574;-0.0675860742597751;-0.0736419155792935;0.33887535938344443;-0.04580624155678881;-0.11533049533116849;0.7163598831007016;-0.5599829502650631;-0.2821446357298034;0.5961573704769783;-0.09501944153398435;-0.2139436306268819;0.06621585423084665;0.02299864722834065;-0.13450373590524514;-0.053707883562028026;0.0357744899766001;0.03312282751136874;0.9030809095886185;-0.42819125286984266;-0.3600162117284277;0.6150072909156331;-0.09090181709026177;-0.21512083122076003;-0.10975594820688499;0.048567598343712944;-0.09208412020730507;-0.1870840746860662;0.044799993044665684;0.08172474178280867;1.0220809159510618;-0.28851453889349604;-0.3355175363571046;0.515192843755319;-0.06520097259748761;-0.18019952093691943;-0.13727973286462358;0.04513674824071856;-0.07467173971994837;-0.18391517353535983;0.03374856296697655;0.08426132135388321;1.0695739412444092;-0.16321468394092803;-0.26162380942508584;0.3438804860323326;-0.0600338179115064;-0.1516614718163448;-0.0645968480448809;0.00022653498144149927;-0.07576355412171663;-0.11280736895815408;0.00838556475999052;47.891052048085456;21.090541092520734;8.298587742042152;32.897492776857554;49.38834024001682;39.15889174630218;35.83734957256023;88.20887058750816;35.97318381248789;38.13866514442076;95.30682383855141;30.1232587126341;41.31921928996471;75.95569294703623;33.20152539693965;58.82999731309971;15.57453155996336;9.910126975801317;7.066139268177871
0.9798357374128314;0.22966824932729726;-0.09801666988959959;-0.41782747877657433;0.19619566233664681;0.21661794847076454;-0.2352571166644613;0.13988769255552655;0.3077597569468871;-0.11798690460653649;0.12064833928254248;0.36382861212814815;-0.09617151078661625;0.03375221425776717;0.5439815050981113;-0.8648134081001466;0.24534994187395234;0.5003754237498347;-0.1640389153371577;0.22319126085870705;0.08944005392887867;-0.0010566946571377545;0.19369888042985747;-0.04498678806381909;0.027771117171954608;-0.03216490236784299;0.7553582686186755;-0.6545221960216963;0.31549630318706723;0.49604135271424304;-0.18190104138387145;0.2695911738300122;0.015522036681722709;0.01043025088077553;0.19659146422943477;-0.1247268754907601;0.019976044081283468;-0.01858513833443994;0.9046548427198812;-0.4350129381478771;0.2925730225315743;0.39996511932019313;-0.16396855143101502;0.243064725613654;-0.026943635149746393;-0.021412109896110105;0.17562327014409357;-0.11649924106461432;-0.0006179854939978306;0.03188049425661158;0.9814373373324153;-0.2287090854880788;0.2213189915620416;0.2432926474772132;-0.1268622702968472;0.18630204256020805;-0.011911103067048373;-0.04656405535518696;0.1401520650760127;-0.0758961194804284;-0.024934132230575893;48.031406637536165;24.880536125162582;7.788810984624791;44.667941228877986;44.46624728075249;35.754634795195734;38.1992738730919;56.88277126322309;35.71536756481478;35.295840645688294;60.113973356104026;27.622973196498673;39.348678239991585;49.28540569784833;24.801842516234263;50.608086334622136;17.324813303155732;15.243105873852125;12.885966746488576;0.992389709270824;-0.2703045013137698;-0.020521989150889305;-0.292303752414949;-0.22366471870284024;0.28512658071059616;-0.15633736517243416;-0.15908113361511406;0.4086720221674051;-0.07036666355350883;-0.0915773057133446;0.3454572182346785;-0.048153319693496205;-0.09539221410566222;0.6919068028422856;-0.5903272361601811;-0.2915060286060038;0.582623404836338;-0.0982874498504968;-0.2236110571868341;0.09201084651886386;0.023072032341351474;-0.14908876142143707;-0.03261467227190161;0.03635454119769629;0.042872845432641964;0.8940991979532803;-0.44581222879572246;-0.37525132679312373;0.5982873678502538;-0.0978041281166281;-0.22206181810328826;-0.10763156261548763;0.04846362910563482;-0.09907442473479756;-0.18125500209417186;0.0474135341942679;0.07854908029915512;1.0324320320506506;-0.2935694120299889;-0.3488454077400918;0.4947650665296484;-0.07285177187717572;-0.18412502574927714;-0.1440187679781497;0.043915327200457;-0.07763233600696147;-0.18547735796385043;0.035566665185499655;0.07150296693292237;1.0955797215266652;-0.15728382999427537;-0.27193886845510945;0.3171737879178801;-0.06879294675049924;-0.1552593763093012;-0.07551960740986274;-0.0048718015131205775;-0.07859667701267709;-0.11404060146446639;0.0071808675360166205;50.393718371348086;21.492106734199584;6.5146642586166665;35.75694813538926;43.27134177730037;35.10436189584207;37.91978378866873;85.45941334065863;34.72292090672631;39.71438633687549;94.04236312862727;28.777517803951955;43.81563904808492;75.26330804734984;29.831047473746764;59.66305768473113;16.30644301991385;10.75014269381249;7.700565493757981
0.9796968073604916;0.2299204601539682;-0.10064475663400799;-0.4194142956722331;0.19555409997632092;0.21080505735291363;-0.23828192632187123;0.1408090456037732;0.30189347277425016;-0.121737994308719;0.12274795349645208;0.36073133396378887;-0.10110725460636226;0.03318233195968045;0.5319676753885108;-0.8714195896161678;0.25488428187349677;0.48998569885245413;-0.1697757139512282;0.225299303604964;0.08744678948929577;-0.006751961679134633;0.19726615592831043;-0.04030255275869377;0.02365563719509915;-0.03171838767379124;0.7474759441076106;-0.6635312026301485;0.3263237510469093;0.4865595085886435;-0.18782710160379135;0.27339190168029937;0.013741602430874923;0.004645543073879865;0.2013504082190611;-0.1226462277565902;0.01562739066482986;-0.016975897831943077;0.8998970364478754;-0.44634930010948115;0.2998553616278145;0.39572637064092014;-0.16988101556218388;0.24917641663072349;-0.027536217728958597;-0.02578501195646421;0.18111885036777342;-0.11586048458366001;-0.0034091613177801325;0.036156623636891545;0.9790933733517573;-0.24230431816468015;0.22485858600640274;0.24365095177888327;-0.13225048811218285;0.1907891609220098;-0.01334033364182168;-0.049343771433537055;0.14352746479250736;-0.0783626458028868;-0.02669784504013708;47.34244059031484;24.84891886981244;7.891696161834695;45.04183081133438;43.44922626049928;33.73493937057313;39.02253249073243;55.65459601433116;34.30594036569061;35.938219575430914;58.95556334579168;26.710802160532825;39.31444297071454;49.085624747119255;24.64333735838373;50.203153555929745;17.392890341309272;15.232938033600504;12.8397515455129;0.9946504143704532;-0.25636418896151014;-0.02158807197906771;-0.31273689307009916;-0.21471628587937852;0.28117340905505117;-0.16215480618592942;-0.15830152061771263;0.400612867151611;-0.06989121626326002;-0.09948120349382514;0.3477903951333584;-0.04622280772010564;-0.0676150559769902;0.6830651443381757;-0.6145115503190001;-0.29613602136544687;0.5681477684346669;-0.09470470231929218;-0.22771986222144033;0.10043020863783211;0.028977804832440057;-0.15475306116301296;-0.020394529363440786;0.0396136177411964;0.05510083909828422;0.8875198958630076;-0.4574629296216046;-0.3781253935417309;0.5796253673778493;-0.09768382585750703;-0.22317045691745474;-0.10895810517666471;0.050336010765635486;-0.10291555895976581;-0.17716349475410562;0.04871537168966906;0.07727934481084132;1.0328948115939984;-0.29301648256034074;-0.34959046462744464;0.47089556338792055;-0.07493537944652046;-0.18387556817295753;-0.14659031953632431;0.04114137771086825;-0.07994459814454988;-0.17897222845772023;0.033575472524130456;0.061237807499980576;1.104214540617727;-0.14576804349822428;-0.2724366197337741;0.2872062431315373;-0.07236889851051331;-0.15554253837220952;-0.08131446841839218;-0.009854761583091893;-0.07991302185776031;-0.10847930993888451;0.0037196721647407096;50.76260033566182;21.544712843413155;5.868534366310025;38.60211657715953;41.3873958187556;31.67501032829573;39.631485997049786;84.71453348422922;33.064258952015535;40.86213237723646;93.18026719590762;26.959554529772564;46.14650260967952;73.80171001490122;26.450481560625878;58.530319016089;16.4398920899295;11.447481190917294;8.357298071885312
0.9833064183394872;0.23452070088550772;-0.1006161012058519;-0.4195802707718561;0.20299343439413275;0.20744618022137956;-0.23813440860296375;0.14616344466093506;0.3019024626851402;-0.12205980969301783;0.12160862181334832;0.36010336000924503;-0.10102336641000967;0.039476816223068985;0.5209950843174312;-0.8699131836306193;0.27388880229159346;0.4978439405941327;-0.17374118505574926;0.22704304667510922;0.09103758625329256;-0.009802363782354644;0.1966861855732879;-0.035453347270725515;0.022249662090184225;-0.029344663802719627;0.746841710789014;-0.6643540846055244;0.34081530815060135;0.4865788729973766;-0.1855385815866466;0.2719529244974871;0.0161002532267003;0.009657272687062924;0.19950293780307432;-0.1250425874713115;0.018815426345268525;-0.015412428017335006;0.9067595787634932;-0.45068669289928487;0.3115924323897704;0.392615610247246;-0.16768560457423654;0.24810526417367415;-0.03367405632432994;-0.016498162654455223;0.17700446176831217;-0.12015120122330031;0.002807514613095007;0.041337249749382375;0.9930133672108652;-0.25151036857261755;0.23167647779028117;0.23669795066337598;-0.1344535056447166;0.19049131717620568;-0.022850434160933752;-0.04551107131633192;0.1382119504646994;-0.08626686335165425;-0.02243873126963098;46.612296111797626;25.08701387965732;8.53929071281943;45.67135232360897;41.34182509192965;33.163229625112905;40.01430896456269;54.41379986962693;35.49359134744394;37.12336879767105;59.72937563747517;26.807430736469698;40.55480820047541;50.490211768427656;25.290958297960138;49.773259011415114;17.8576373940402;15.243564951146123;12.62116518377604;0.993903013895068;-0.23539195556183556;0.011887401256163575;-0.3295075059033413;-0.19285082180536015;0.27852556902798786;-0.16241591836374522;-0.1452223985367845;0.3763655791622241;-0.0640703612225717;-0.0906366102765964;0.34319886751954115;-0.03727963761705734;-0.027561240610411684;0.7006011347747191;-0.6282083435964261;-0.2929626380525081;0.552729728441226;-0.07991243309237041;-0.2226361361422869;0.07993204840173612;0.04440999198756398;-0.14558751444973977;-0.023165661484162565;0.047247824871582834;0.07116296878693296;0.8854950325779398;-0.4591670492894969;-0.36064731958327806;0.5584709604788057;-0.08598772952455275;-0.21470339094530203;-0.11601675972435373;0.05545874171558966;-0.10150007621742786;-0.176130317279086;0.04783763145961936;0.07923161701585273;1.0174660926231331;-0.2833324897084305;-0.3296539491826207;0.44212494723315465;-0.06778871070323794;-0.17680801197604268;-0.1422707436159613;0.03588355633590418;-0.08116587216264627;-0.15935380499648152;0.025342292388544952;0.055375352243820265;1.0844088750587726;-0.12535286730182765;-0.2568001430470909;0.25269669984896537;-0.06731317951795207;-0.15040537313824767;-0.07852007586822489;-0.01453165951521264;-0.0787247182160119;-0.09185563229865894;-0.0033918847234527803;47.807300486371304;21.02788919961426;6.945983486895157;41.37412342358125;45.781502532997166;28.770257654337726;40.68209047358175;87.31068388519385;30.829387918502636;41.180588479116864;93.16495374082105;23.932118824341625;47.965014269798;71.5421421793412;22.04293620176472;54.436722838251995;15.567831517107596;11.817950744434345;9.055781293545618
0.9869160293184824;0.23913232895838088;-0.10058668660408382;-0.4197438848077138;0.21045237242797205;0.20407643538019213;-0.23798486942581448;0.15153195284899648;0.3019094424016185;-0.12238170933669264;0.1204652583031418;0.3594711877796496;-0.10093856058708096;0.04578877913791831;0.5099880476070524;-0.8683966656508071;0.2929450518089079;0.5057209789049858;-0.17771666381664764;0.2287901747338251;0.09463789204517742;-0.012861299201473785;0.19610325408940435;-0.030590232318612517;0.020839573376888743;-0.026964050299733974;0.746200654016737;-0.665174807051821;0.3553454205880556;0.48659501130193233;-0.18324235901919872;0.2705080570783046;0.018465444755424873;0.014683065784675823;0.19764891404954002;-0.12744485969491384;0.022012322575860322;-0.01384444669921403;0.9136353536057196;-0.4550332745632287;0.3233604903277716;0.38949343313062024;-0.1654828738915788;0.2470294192069022;-0.03982897109475947;-0.007185021502585257;0.1728772808415477;-0.12445320374444432;0.009041697083464952;0.046532201885339346;1.0069659077461;-0.26074067603724693;0.23851202788581702;0.22972375239526618;-0.13666182718212794;0.190191349414468;-0.03238719059599177;-0.04166725955854255;0.13288051926220903;-0.0941927820849615;-0.018167459315465623;45.88750181261812;25.32321652605315;9.225795604488782;46.27500947688965;39.31650425366562;32.554423864530094;40.98569063856224;53.20791783199406;36.682420773368506;38.29446989848391;60.54647867378394;26.89507970113457;41.802859625015756;51.91317020490605;25.974956707078853;49.33487708795329;18.331892958384074;15.25492930042324;12.412558220535852;0.9931556134196828;-0.21555440811625007;0.04345758463399683;-0.3452450332763412;-0.1721811361919164;0.27596056973687505;-0.16262275154611927;-0.13285129497149856;0.3534048645603053;-0.05856474555135962;-0.0822726435719532;0.3387849350917954;-0.028835652996723783;0.010223018735476158;0.7169704294983649;-0.6409742012306524;-0.2898984561693297;0.5380536706155109;-0.0659413995847952;-0.21778725346080147;0.06057938355308655;0.0589543873695502;-0.1369074900306912;-0.02577368542195424;0.05443670846088601;0.08629501069447486;0.8833702137903829;-0.46066282302479494;-0.3440749431086107;0.5383831379524007;-0.0749354388539882;-0.20666536911123698;-0.12264609983524281;0.06027688183250731;-0.10014038738798003;-0.17511308466458325;0.04699815641117814;0.08105370195118551;1.0026671090701518;-0.27413003320482743;-0.31077037010122976;0.4148819955433479;-0.06103172406694942;-0.17009916838264114;-0.13816210004380336;0.030915821965944203;-0.08229803166220989;-0.14081159541457414;0.017570847963655063;0.049832611928383494;1.065465429792065;-0.10606744082577818;-0.24198992389873034;0.22008696245265735;-0.06252842992946546;-0.14552362829718746;-0.07586542066560392;-0.01893924167213246;-0.07758482857641183;-0.07615436867228513;-0.01009846985832451;45.00211060513615;20.755171429294855;8.02254750936885;44.03084771652288;50.24313311852507;25.77900865503002;41.6875279090342;89.7983702167516;28.718844554757396;41.50752930438093;93.14930151628312;20.53670908922707;50.08102603100715;69.01520735065263;16.88884340233597;50.53035104604918;14.882559110250412;12.218688460513267;9.753372628167018
0.9825977454740464;0.24032024754775638;-0.10291682483660884;-0.41871789437617424;0.21148211875264306;0.20283351185705142;-0.24147289708919967;0.1502469384628348;0.29992450304161966;-0.12530227971509436;0.12421539993013349;0.3565749994159752;-0.10360012573019974;0.049326690888348415;0.48999629195786504;-0.886251092031431;0.2978835824499454;0.5062458425808394;-0.17960594022434404;0.23004846729256068;0.10945563067556094;-0.008163105631941048;0.19366660826118445;-0.02079606274996385;0.025338003595596435;-0.02379403824795975;0.7289831440797644;-0.6841179864551407;0.3543953567142447;0.49022299807761693;-0.1833829214005851;0.2693132766886018;0.024061105275631708;0.024792239879045636;0.19149612040700723;-0.11872962295157925;0.02965875966629288;-0.013163308236501445;0.9041506557407702;-0.474286105371136;0.3201382021832259;0.40080586796959855;-0.16573038749246918;0.24579182982259862;-0.03651675935108483;0.0031405937077881316;0.16783193362782914;-0.11901154707862584;0.016853504120399668;0.04489892965666133;1.0075910163682935;-0.2802094231899381;0.2327988551397017;0.25028780013764057;-0.13487179013873116;0.1883318094368484;-0.022175869500849925;-0.03480602737276041;0.12967824413125795;-0.09162922101937311;-0.012837671935884951;45.63538737353382;25.35975751356851;8.716436212984824;47.35040259311988;36.77465589467608;32.829929769656374;41.36627220848424;53.24840717288134;36.73593488932932;37.48525943045739;61.69050350779298;27.14472818003923;38.64431357115006;52.64426492565365;28.850958981559206;48.364940877689676;18.351436207960248;15.51144229858321;12.54985540018147;0.990061634521217;-0.2121112192035414;0.04260853559892644;-0.3632872739398454;-0.1660747976023092;0.27057363799069106;-0.17103257780346515;-0.1313431295800814;0.3467230721966711;-0.06356563545666374;-0.08379258548614449;0.3489901037309615;-0.033576813482699655;0.019848779244091414;0.7157174500630145;-0.658345131093265;-0.28485264119116155;0.5328342034346126;-0.06865547662610477;-0.21545796180090052;0.06182050184139106;0.05698319918017298;-0.13463985102721565;-0.026871169413604165;0.05323076821467556;0.09137032088569566;0.877789850027897;-0.4702514685242855;-0.3328549834313967;0.5360049173196018;-0.07698705340977666;-0.20379136214517388;-0.12163279331519858;0.05878158013759362;-0.10052281536965016;-0.17778983137828594;0.046760716176387586;0.08465935115623131;0.9928652196411549;-0.27742356416374714;-0.3032755633155325;0.4002468172813736;-0.06351250481450271;-0.16774692929119944;-0.14020399931242677;0.028919572503967147;-0.08120330653984087;-0.1379798608599836;0.016839480456688545;0.0529756684495105;1.0577885065289867;-0.10457800486576212;-0.23773393164010062;0.2055684539161628;-0.06558729448521536;-0.14077084375395918;-0.08479716568198185;-0.020702270076585386;-0.07299724699625768;-0.08097322300514212;-0.010752810696906128;44.428248952683646;21.17126399356225;8.413906379417506;44.63172768711858;49.99950553926707;26.86476247010827;41.46816079245132;90.69615308615145;28.876285282396765;41.95879320708508;93.63623750193192;19.554614265632736;51.71264096719214;70.91012794887874;16.86583321447177;49.800390977812405;14.96917499827145;12.532178054061088;10.112089263733825
0.977725290707154;0.2410982324463312;-0.10535648394914286;-0.4172892617536431;0.21190983410204514;0.20158020622761386;-0.24506755446072534;0.14837034518968692;0.29756039089791586;-0.12833753247531382;0.12824986028855903;0.35323094999894866;-0.10640074293250687;0.052661397252664714;0.4688425044959776;-0.904963497719571;0.30164555094669004;0.5058809817142232;-0.18123045979611038;0.23111219043871617;0.125106254563265;-0.002872560712584166;0.19093554461123385;-0.010557674202638222;0.030271824708038332;-0.020524545983513786;0.7099135083944674;-0.7039897397059344;0.3520821514095343;0.4937726639401716;-0.18356079539369063;0.2679267792159628;0.029913101419057776;0.03532520760650324;0.18484728967944022;-0.10906980008299008;0.03766034330742354;-0.012529406188162687;0.8927630398959192;-0.4943984842813711;0.3155940013891704;0.4129335493109632;-0.16603012236570347;0.24435052518707046;-0.03248190422800165;0.013620459875529933;0.1625558476212835;-0.11274905796498479;0.024828577541500703;0.04273692382263874;1.006534004102519;-0.30035377840703664;0.22598030077532144;0.27277985383664005;-0.13268483190668415;0.18620732428653067;-0.010469927473889524;-0.027649455336784343;0.12650379991201885;-0.08823618814930705;-0.007379722889201664;45.42258949203451;25.37545667558179;8.159819326520298;48.458313973297116;34.46893990600041;32.90642183311886;41.77424815270269;53.4405263982504;36.554346364469446;36.64406529374868;62.861109209189934;27.348208251739834;35.41589121418069;53.02807819831425;32.01998518977684;47.37611454888648;18.318790406423492;15.787835115022947;12.725794728334154;0.986803626513095;-0.20967061922493044;0.03946323672110197;-0.38201224138930423;-0.16076508367896675;0.2647772381878562;-0.18025794464418582;-0.1305253543508341;0.34091225006286374;-0.06945004886151238;-0.08603840227180211;0.36048935764831636;-0.03938464868407181;0.027813604991952467;0.7130874296736267;-0.6764937765314882;-0.2794647667733262;0.5280283944189934;-0.07261053136330516;-0.2131979164091965;0.06452939267666581;0.05378779973300237;-0.13272721968691753;-0.0278942528565944;0.05139242083088188;0.09589212256449156;0.8716587988443543;-0.4806408630435973;-0.3216005004093686;0.5347066536618614;-0.08000728604315974;-0.2011555228179009;-0.1200355007880185;0.05678907401734347;-0.10102401637573664;-0.18078330039635346;0.04655071945511463;0.08849197616217183;0.9829505803575339;-0.2816529663607317;-0.2962909431101264;0.38596436872525497;-0.06670778044259111;-0.16559855730798365;-0.14271942829945203;0.0270626456187781;-0.0799060453868471;-0.13613359717518425;0.01657361282276253;0.05681742048906421;1.0504945730598036;-0.10426746584487352;-0.23404311521264531;0.19181824611457743;-0.06928149780920516;-0.1358542203555202;-0.09481016838759675;-0.022333924859107426;-0.06801159977619714;-0.08736610283263473;-0.011004012563572018;43.88752551116374;21.664724056606328;8.806045872665326;45.078394540121515;49.39884031711614;28.306084228665757;41.14883553830503;91.52510865074812;29.189059818058045;42.4458347853242;94.14751422373931;18.73916327437346;53.452961091480205;73.01799014893004;17.188573208423307;49.270001243981156;15.095182321225145;12.841977860424844;10.462487328999575
0.9728528359402612;0.24169433240943802;-0.10773169930417818;-0.4155259505174756;0.21217585030300715;0.20016119388103681;-0.24849741287436122;0.14636495267386793;0.2949479910802273;-0.13129473891471044;0.1322134985200292;0.34958831039239474;-0.10913868952853606;0.05597904095411609;0.4471726894904112;-0.923106296628648;0.305199928679002;0.505120179575949;-0.18272570493971035;0.23200383928360527;0.14077169202298276;0.002458106965339841;0.18803646732665216;-0.00023775264813814936;0.0352174436906216;-0.017215680518385665;0.6901553357793735;-0.7234564484746467;0.34947863171838417;0.4969638375631622;-0.18359722265053097;0.2663220359268172;0.03578375004067231;0.04590614356449347;0.1780071211220422;-0.09925599341852163;0.045689950564168344;-0.01188122256527029;0.8805997358623034;-0.5142705015961357;0.31077187843606074;0.42482702494507246;-0.16620291353275854;0.24270891302946546;-0.028392897620259303;0.024164789665715624;0.15711558682550614;-0.1063540550846862;0.032841461564478376;0.04052620589877349;1.0046868301340839;-0.32040887301064;0.21893721168451638;0.29522089948225816;-0.13037904735630113;0.18392284588181024;0.0013279895178620147;-0.02042013229200039;0.12320826311643336;-0.08475025074159381;-0.0018769478152442722;45.216684395059886;25.383948758952233;7.654626631775935;49.562347020028625;32.46123497300465;32.721563010229396;42.25133185186674;53.700160244454366;36.19101123752379;35.91956938275791;64.03234168730762;27.480438172935287;32.46178069858706;53.11002855738045;35.30333691454434;46.40806108370228;18.26548152831717;16.066013598423474;12.91676983966631;0.983545618504973;-0.20711815269275183;0.03621386350979067;-0.4012496011376319;-0.15526331956312664;0.25875567310734576;-0.18973713701238604;-0.12965962375859477;0.33486258836204424;-0.07550427571775584;-0.08833868543692176;0.3722814049913533;-0.04536515427705973;0.03601978170372935;0.7102522189400532;-0.6950858344453247;-0.27386180215891215;0.5229822980739378;-0.07667521615989921;-0.21083097232805165;0.0673108001828275;0.05048428849854168;-0.13073240966564012;-0.028944111985369784;0.049488322776032406;0.10053702660559541;0.8651867925975012;-0.49126787010362705;-0.30994227595733226;0.5332753565126956;-0.08310696926926779;-0.19840326181746148;-0.11836798153471093;0.05472511468463808;-0.10152315593443142;-0.18383788287145925;0.04632614375673046;0.09242768765324873;0.9725587026318416;-0.2859641571117266;-0.2890389555735824;0.3711734045420636;-0.0699902278393393;-0.16335500875387107;-0.14528780870078448;0.02514362110702687;-0.07855480365320965;-0.13420661429678007;0.01629664784940811;0.06076804459611189;1.042792668333066;-0.10392921187495914;-0.23019755474177897;0.177609706659998;-0.0730778469975303;-0.13076202502027187;-0.10511618814982288;-0.02401213167801206;-0.06286003487532413;-0.09394139929652258;-0.011261066835935534;43.2260365814261;22.197111273537903;9.252495244003653;45.50717316645686;48.7671973244155;29.82461763609504;40.81221161919614;92.39587882166927;29.503682221162904;42.964446733636365;94.64224439090145;17.90911627509102;55.37430573831069;74.95849094297523;17.461392708998243;48.72613545414991;15.211024946198725;13.154648591279368;10.829692945796236
0.9764083207243264;0.24462551112822783;-0.10773612781387164;-0.41559226180626707;0.21368374965581766;0.19998430275617815;-0.2473364074654795;0.14681878495033746;0.29658303044034967;-0.1293391126939689;0.1312762600167259;0.34883458093489805;-0.10687715185773057;0.062056385813346625;0.4518746110467509;-0.9211024218232432;0.30457118168218533;0.5064193478134966;-0.17758344330499193;0.2312565807673063;0.14235276527556914;0.006574543906509589;0.18772351868439255;0.001069072341409976;0.037205153177485656;-0.013980827916453146;0.6938596375007372;-0.7199745411458075;0.3504620337328666;0.4974754810267806;-0.17918187334157515;0.26529928641425116;0.03655039030369629;0.04805381977394206;0.17762174851920343;-0.09592223885257574;0.0464663576268991;-0.010497167375788628;0.8822580465803397;-0.5089915808064857;0.31368129677695966;0.4233163190237054;-0.16311999879715905;0.2412206142410938;-0.03263676222961125;0.02509986783525935;0.15601075295228653;-0.10813765933571681;0.032772280698916724;0.04075045303074765;1.0038012277182151;-0.31326827566176424;0.22295303824470272;0.2878185079135647;-0.12822749429253458;0.1838200329891032;-0.005140979761393237;-0.019981104756191696;0.12239408516382282;-0.08586931642629192;-0.002121499243082047;45.157132869595145;25.70587302322788;7.606760206670507;49.57072367005838;32.50593206040039;32.57175622107739;42.287520076967425;53.54760862529911;35.560321902802194;36.22551659188437;64.66390376887229;27.043217600162237;33.64074601369158;53.902082455008546;33.80593402548379;46.548067575632864;18.30439291081109;16.076894652808082;12.955077280012272;0.98353946308245;-0.21054998365730976;0.03061896908787985;-0.416909940565672;-0.15675152269395373;0.255879126440376;-0.196818933420058;-0.1302299770469763;0.3354626412080503;-0.07755114234740107;-0.08960071798241095;0.3795878314869593;-0.04668747556652475;0.031037176580989468;0.6956835474196174;-0.7244984223526637;-0.27249548471807467;0.5256168444569191;-0.07874566135104077;-0.21299237632850962;0.06669465650535929;0.053031412709808774;-0.13274947264398101;-0.030278282680361986;0.05162042888282091;0.09445692264113655;0.8533751750509749;-0.5126682166585754;-0.30707098280865736;0.536436295444364;-0.08092210378788055;-0.19883880678562693;-0.12045242864756585;0.060939719713596276;-0.1024476426510459;-0.17866219770800945;0.04917430778782848;0.086585416018354;0.967017716189977;-0.2999859131797298;-0.2870671133331314;0.3724506894591702;-0.06846244208595095;-0.1637052709973941;-0.14980266680006635;0.02798651416006071;-0.07799618905544659;-0.1321549055122006;0.016663991709834177;0.05547777920067469;1.0444167428748752;-0.11177818340960027;-0.22835030534657783;0.1756340438667668;-0.07227191985138284;-0.13132773245907928;-0.1076299700629175;-0.0237487841093377;-0.06212073644829951;-0.09432493629245048;-0.012335907631305574;42.975643172139485;23.095825094671188;9.469579966468672;46.35400195126512;49.53581599687841;29.7820294400005;41.02935434906835;93.24815185568517;28.10473309756896;42.53022519559197;95.78655932658796;16.90275711391978;55.0770852669801;75.43991996570833;17.248024509330588;47.657299468273784;15.568200813069065;13.715057344513896;11.254454749081527
0.9802222481783224;0.24760919780914006;-0.10766416479845041;-0.41570016851647656;0.2152168942248959;0.1998392774136118;-0.2460304122730363;0.14734131885562554;0.29833214876898;-0.12723557048471404;0.13018769215916132;0.3481602008611556;-0.10446692757029319;0.06819404525634859;0.457352360634897;-0.918456633669227;0.30380604110599074;0.5077595627091344;-0.17225035807501662;0.23045387249220656;0.1434914110643365;0.010638520842492278;0.1874845552711802;0.002094783632998959;0.03909365893894832;-0.010759560424076792;0.6982459175868287;-0.7157771094641182;0.3515397937547936;0.4978860520674185;-0.17464000227702403;0.26428900968601937;0.03715650950330678;0.049933480712694565;0.17742957225888803;-0.09279600784052254;0.04701598080557135;-0.009095239617871785;0.8843037779981485;-0.5029434081637126;0.31680637186256116;0.42138567588595605;-0.15994292213559386;0.23973416968503775;-0.037119491019071714;0.025736087550733765;0.1550375071695396;-0.11016178031126606;0.032454458698182274;0.04104713290331102;1.0029139072514959;-0.3053092419291928;0.22728560503179918;0.27951833624766514;-0.1260841172679164;0.18377817345098318;-0.012146186696675556;-0.019751160895951834;0.12165474874147182;-0.08712253080792833;-0.0025412802526377882;45.10170286900919;26.034191032733858;7.578712174758517;49.548866564389165;32.60769346157122;32.42402809767924;42.30891572393253;53.37941722406636;34.9163203473602;36.561369442251745;65.28558005903908;26.583176412359453;34.968693242517;54.690514952355635;32.16806073546388;46.71908546411212;18.347072988285458;16.08103190543467;12.990135350733185;0.9836330256822698;-0.21409406007944454;0.024828713061906413;-0.4324626318937647;-0.15838451340345108;0.25288122233296484;-0.20382182346965763;-0.13076995202196073;0.33606240979509794;-0.0794563690241279;-0.09079321088343233;0.3866321611376181;-0.04785490022290762;0.02552593313605681;0.6800199592626689;-0.7543040107336995;-0.27105862064510095;0.5281945551916841;-0.0807379693110402;-0.21519535596104525;0.06591548591556567;0.05577488837777096;-0.13484224337770623;-0.031625439482915546;0.053884786843603816;0.08786461822607733;0.840616726166665;-0.5344561053564864;-0.30422353891334186;0.5394447251912131;-0.07847669728745806;-0.1992517090346548;-0.12261368998777679;0.06748846644963699;-0.10333444658459771;-0.17301399786639482;0.052138660863162774;0.0802704797971336;0.9608908215299844;-0.31436949865939245;-0.2850372892003854;0.37401420959255804;-0.06670923511614467;-0.16403576657680946;-0.15436136424859773;0.031013117879961336;-0.07740104129430042;-0.12997484189346936;0.01704735701472415;0.0497624136787959;1.045674588484009;-0.1199541572113518;-0.22638206179596226;0.17389467696058514;-0.07125763728385544;-0.13199619456718678;-0.10987052325660175;-0.02340337897646865;-0.061467000195314606;-0.09445649577748925;-0.013447869851372309;42.69347370629506;24.007428401229852;9.681748550487239;47.250697937018955;50.35252620084859;29.68109711506362;41.343425827041614;94.0827829280628;26.596865849553385;42.087314217184286;96.93861500338319;15.904034232953482;54.70666695714417;75.87700019601998;17.059962846837287;46.54345376753122;15.902438667672241;14.289973574406728;11.693017131489839
0.9840361756323184;0.2505702925975179;-0.1075874086696887;-0.41578815152664317;0.2167342970813791;0.1996853974730594;-0.24471765750137736;0.14785501194834394;0.3000608277082545;-0.12513377881346877;0.1290970076558868;0.3474719434743906;-0.10206064996324356;0.07430595462052596;0.4627885038091896;-0.9157774207859881;0.30302944013973426;0.5090710025760087;-0.16692877256575958;0.22964328751295326;0.1446191336003779;0.014687069015998224;0.18723766269838682;0.0031166285717296066;0.040973390867793884;-0.007549620836172194;0.7025832849206868;-0.7115614737851447;0.352597081220634;0.49827172693008237;-0.17010661215483322;0.26327002936814065;0.0377586567152355;0.0518038911151623;0.17722976729406673;-0.0896769019958156;0.047561376391086096;-0.007698034598711448;0.886300454697954;-0.49689382797763526;0.31990508516301536;0.4194423305892514;-0.15677000323066861;0.23824192419348664;-0.04158400883055349;0.026368761172782636;0.15406055379786587;-0.1121732908826067;0.032136279685145284;0.0413407947538106;1.0019827349851365;-0.2973651039681983;0.23159157950440026;0.2712355250386011;-0.12394269120347233;0.18372783479740612;-0.019125089436285513;-0.01952113393394582;0.12091241360207293;-0.08836704896856643;-0.0029593998208820465;45.046028829613;26.359127337124175;7.557373935815553;49.5303243790738;32.70821148391284;32.27349890244694;42.330105610239116;53.20929412176539;34.264209196691716;36.897326601328814;65.91319107393642;26.11715670427623;36.32284213098587;55.443355487078954;30.54376127441532;46.88747638197212;18.390345355067364;16.086641976725083;13.026877337533708;0.9837265882820896;-0.217550754816098;0.018919364958807715;-0.44798629673993334;-0.15993548512605987;0.24965387941910477;-0.21080528467055168;-0.1312280060059417;0.33643780802923284;-0.08133953096716465;-0.0919431915973683;0.3935300051512758;-0.04900938622426673;0.019900012600122096;0.6636058209019111;-0.7841060328692483;-0.26940703971516344;0.5304483478177372;-0.08270884674284372;-0.21728662057848686;0.06507654994273494;0.058527581044172015;-0.13687752972124187;-0.03297416001939154;0.05615126472964453;0.0810950672145881;0.8270465137982412;-0.556253228384013;-0.30111341143675074;0.5421289408092853;-0.07593346876045069;-0.19953258865800416;-0.12472721813101298;0.07410510225348506;-0.10416460091725228;-0.16714562002748345;0.05511865355954062;0.07378847875407994;0.9539846101187519;-0.3287860634784914;-0.28277255857804023;0.3753437644057245;-0.06487859378427255;-0.16425740765199917;-0.15889226055176084;0.034071221794490195;-0.07674133306027786;-0.12766562107622126;0.017425542030384208;0.043911843210267705;1.0462236056373173;-0.12818993735419174;-0.22422099390200262;0.17200319596749877;-0.0701757241593469;-0.1325841360996779;-0.1120736439441091;-0.023035545937350375;-0.06075881198566882;-0.09452434147348295;-0.014569969525468872;42.36751279601284;24.920326932914477;9.897082706985474;48.17999521973654;51.17369125128639;29.571231627745615;41.74033579573436;94.89920423097108;25.027905311016017;41.66870635135402;98.07758531683075;14.918655995597486;54.334373272400555;76.31100484873728;16.914678491201204;45.40571526504944;16.203265244083823;14.87048138785776;12.14416989125138
0.9841341319901974;0.24858922071848066;-0.10185531082952888;-0.4112231081022428;0.21782944518868091;0.2008192383970078;-0.24148341732498194;0.14888265772855389;0.2998362510017456;-0.1225875597606363;0.12764939043603266;0.344236371395881;-0.09910609498500507;0.06675433169864782;0.4689622477473871;-0.9074041770044208;0.30594102246613775;0.5088963828092443;-0.16411959277694588;0.23021021843849754;0.14443142406794426;0.016132140312548154;0.1881373651076723;0.0026262952705354025;0.041683554242030435;-0.014728318810098225;0.7090811091745005;-0.7049730897253371;0.35452097668798277;0.49701124316878753;-0.16863017623626916;0.26280172284664244;0.03927844282714718;0.05272538159483953;0.1783147349609627;-0.09070929121677031;0.04836755418811492;-0.013924588092211802;0.8919937165527198;-0.49194006046913696;0.3219693642830686;0.4178990972680638;-0.1552600423140669;0.23608327694048814;-0.04196763923995191;0.027698549492096297;0.15379651612346223;-0.11487280326372594;0.033190123839793896;0.03547854578715524;1.0049360918328099;-0.29384694273153555;0.23473859978816122;0.26858036415393644;-0.12329008608151115;0.18318778270126052;-0.022760498472131914;-0.018335078573739175;0.1206686539729293;-0.09140453264424521;-0.00174731491464523;44.89513071444623;26.21577796823549;7.641955399300209;49.68298014872098;32.60520539223067;32.26927465533767;42.61776181854308;52.77317375264994;34.6864935074583;37.466503241021506;65.91340288972309;26.59096424966879;37.31248779113718;56.00102941489163;30.419690510466907;47.144687091514164;18.404993623677463;15.955036675715863;12.86767795982721;0.9841380136405712;-0.2216788932341711;0.019574611497198007;-0.45278753668235355;-0.1600431799425351;0.25162187981658013;-0.20968107613723333;-0.13305524551889347;0.3323623232317355;-0.07746304764810287;-0.09401701219325309;0.39390554831709845;-0.044533840306222136;0.009861226809665197;0.6662743335446871;-0.7943081753238623;-0.2676647439149446;0.5325205563538773;-0.08015532786710204;-0.21703018287763076;0.06777312673183035;0.06318186136946018;-0.13787099129030952;-0.029758375659688807;0.059713614511308646;0.07109349478354532;0.8242481818232409;-0.5617478524752398;-0.298632814120576;0.5468099631998904;-0.07196076640929273;-0.1964077656739423;-0.13427537412307175;0.08116969044069398;-0.10014751277229388;-0.17170528782795244;0.06007276266544062;0.06546669190382658;0.9497907373442105;-0.3297626519206424;-0.28120629514880213;0.3766608244534945;-0.06130916225302929;-0.15834996875536392;-0.17510339416171225;0.03886181787624724;-0.0693077550678357;-0.13530367033180335;0.020552510659337962;0.03580033962804889;1.0408341148603621;-0.12515436903563637;-0.2247251922517536;0.1712770567254847;-0.06730332209205706;-0.1289920201624153;-0.11835103506861921;-0.02132231501519607;-0.053982391917457885;-0.100677673193219;-0.013741728258718;42.61796823905286;24.849585478529164;10.18694900580211;48.16904220299865;51.09908690163079;28.78441285427716;41.47707195239113;97.51134234083827;24.23337568948917;41.164035375522865;102.11734062253296;14.924609250838154;54.10102867676342;78.56887339262954;19.122912796297467;44.901998781846366;16.110715700284143;15.097563438955005;12.401435698422514
0.983811673709775;0.24598754330317618;-0.09540744348261437;-0.40602041827265195;0.21885369003391175;0.20208005206757992;-0.23796178664838294;0.14995601997491204;0.29934090432869664;-0.11994719836465416;0.12612748135623217;0.3406263133008075;-0.09604520158343059;0.05756194965351494;0.47520803066963174;-0.8981616309351189;0.30925429111910285;0.5084726721073357;-0.16154435460518857;0.23090435209864552;0.14406982447303704;0.017292024185444455;0.18914762928195814;0.0019584549909318263;0.04226091352154132;-0.02315841332146751;0.7157794683222105;-0.6979422903226352;0.35650794515374173;0.49547471268764626;-0.16746197993128395;0.2623513436264449;0.04091153280581062;0.05353957271131839;0.1795293158192074;-0.09221094734363959;0.04920385700408807;-0.02107830302341037;0.8980267444873975;-0.48698771891140413;0.3238863994447932;0.41632242632868477;-0.15390116654039665;0.23379154533290158;-0.041883440649584235;0.02911644048196905;0.15358759110715173;-0.11765929775930738;0.03440547451786358;0.02885239029273094;1.0082067467086582;-0.2907540544144577;0.23774805916450453;0.26649967918838896;-0.12278193553855901;0.18255859165694582;-0.026046603488679418;-0.0170257470758679;0.12046085371079134;-0.09466181146441424;-0.0003374061865516109;44.72183431197716;26.015595079732652;7.749573617324;49.86887850767105;32.47795579557393;32.2805212954798;42.95264370280012;52.303965124583314;35.23220251755638;38.071133424818726;65.84483737948807;27.163199105097327;38.266017216089416;56.54856749520127;30.4357577794779;47.41280824735047;18.408844257110967;15.803598915255005;12.685456924106823;0.984585401107814;-0.2259447654868101;0.02100472742576075;-0.45639514655096963;-0.15997284293033395;0.2542121770096497;-0.20757651975102334;-0.13506563175493044;0.327668555760074;-0.07283869161039996;-0.09622960859744019;0.39349918025051056;-0.039316924223936275;-0.0008772896220274253;0.6711637439946477;-0.8023572519756637;-0.26585967650735176;0.5345699558737982;-0.07702195434702383;-0.2164794306531752;0.07092598692255624;0.06813867514121469;-0.13875116478032207;-0.025949623087230214;0.0634880909210998;0.06052576242493488;0.8225904937765659;-0.5654038482636157;-0.29615735057885817;0.5517688536065923;-0.06774294322232459;-0.19281407075259568;-0.1448551962278827;0.08841071125811643;-0.09548447845061912;-0.17755025356569643;0.06534361481004311;0.056772247463927554;0.945764062214041;-0.32916787721056706;-0.2796713696098474;0.37797250619877937;-0.057466839481273506;-0.15160810802380592;-0.19296035894698488;0.043939599529138555;-0.06094319996417258;-0.14423058053786314;0.024055653315306957;0.027273252524886174;1.034575810910058;-0.12074120353240765;-0.2255321414784289;0.17066035001378774;-0.06416442338020621;-0.12483731168405687;-0.1252097189759789;-0.019419241127854155;-0.046370419831817215;-0.10764547697544216;-0.012670116184261995;42.94503760212821;24.69319808005603;10.492417800382567;48.06593778059581;50.926856696651626;27.907183284080254;41.154866622351804;100.25825985059579;23.533282714980622;40.643092783843755;106.25676822476134;15.108909749902695;53.873103348650694;81.04184313726792;21.481295524887177;44.46877653580004;15.96825809628264;15.287556222444145;12.643226505904659
0.9834892154293526;0.24331934471432845;-0.08888099278815331;-0.4006991141784552;0.21985115537690275;0.20331919641676235;-0.23436605334719082;0.1510146391719361;0.2987905264256059;-0.11726108764771592;0.12456964045096373;0.33692406916573636;-0.09293848797237816;0.04827069888709202;0.48143469684654905;-0.8886786919839164;0.3125478273732848;0.5079595368893272;-0.15891701987927517;0.23156648068863528;0.1436805433069457;0.01846026329379675;0.19013596240966937;0.0012838048150491564;0.042836785385854684;-0.03166643524503805;0.7224227394099152;-0.690726155912997;0.3584543813466495;0.4938401387399615;-0.16625434936091443;0.26185257575446846;0.04255360750012393;0.05435268248111138;0.18072556227567996;-0.09371170552972956;0.05004002051872018;-0.028297907273393045;0.9039676496335199;-0.48190560784731334;0.32576769694159935;0.41466060267768867;-0.1525032812395042;0.23143834680204073;-0.041791397643886244;0.030543206711042766;0.15335086929862538;-0.12045309373364559;0.03562684740407624;0.02215708791388014;1.0113399841253752;-0.28758236678013943;0.2407468351566011;0.2643540876503372;-0.12224825288676869;0.18189266438665347;-0.029360229581698132;-0.01570085207541173;0.1202308256355653;-0.09793481922365078;0.0010862421332598123;44.53550535532613;25.811071624613856;7.869238840185329;50.070103531986305;32.34934043436953;32.29045237331724;43.305545761264696;51.831543857983945;35.779398710735634;38.68508580401085;65.77917030160418;27.726525617146546;39.22653042556603;57.10564944186302;30.421740588254917;47.681200538558805;18.404410627572208;15.64777884192714;12.502493540290814;0.9850327885750568;-0.23026865196184945;0.022461505391745337;-0.46001685974080436;-0.1598799799871403;0.25682228295579024;-0.20540130378789712;-0.1370995921332701;0.32283502286991217;-0.06810957568206229;-0.09847505748204657;0.39303260110152854;-0.03398747116462245;-0.011836673337380603;0.6760653367863143;-0.8104662458058084;-0.2639824330031536;0.5365910924912598;-0.07381395196497265;-0.21588882078261326;0.07413438292046881;0.07318851469678109;-0.13963116867940212;-0.022059072787622883;0.06733187512517612;0.04973258661856527;0.8207903059715722;-0.5690605797727687;-0.2935919230620028;0.5567570879770507;-0.06342939742401181;-0.18912101711724005;-0.15563364896224333;0.09578909237767487;-0.0907129044197111;-0.18349210555298975;0.0707143234718827;0.04789140366142495;0.9415299073382069;-0.3285174907706895;-0.2780680072268611;0.3792613776413921;-0.053537875354637346;-0.1447075333755098;-0.21115936877800767;0.04911608484930825;-0.05239848455823047;-0.1533221891783082;0.027627715851421885;0.01856709690253955;1.0280524014736372;-0.11622131235142191;-0.22632597974629384;0.1700084656682832;-0.0609524762526715;-0.12058065647804875;-0.1321930465070985;-0.01747444604113683;-0.03859569464874556;-0.1147424842248879;-0.011574782456759702;43.281501391633824;24.568001504794314;10.805977940404105;47.980327368014734;50.75888441119677;27.017359213373652;40.856695104539575;102.92091895160482;22.842711882339305;40.11756828410309;110.13841950218398;15.349606952044077;53.63359869699592;83.51232677176576;23.666823376227935;44.03304729671912;15.817585708992594;15.48075275357905;12.892918522074998
0.9834429574921464;0.24457194246397274;-0.09261953355929738;-0.40256851739906446;0.21814772705748842;0.19998639786595435;-0.23798377005407295;0.15122652333099015;0.29830216165976486;-0.12062153354408131;0.1270517953117076;0.340842342508805;-0.096984086309728;0.054038091264989006;0.473426257368166;-0.8979629565572039;0.30933678096534795;0.5080945202553858;-0.1600719753503758;0.23039142467316592;0.1451954201752458;0.01896191131201874;0.18907732633397423;0.002045583636321634;0.043445842187941834;-0.025399841145814707;0.7153055314142863;-0.6983500875620285;0.3529777656150211;0.493704983874589;-0.16546271442258956;0.2605487460109973;0.03967209363813952;0.05647306669011134;0.17849797480984494;-0.09393673328146236;0.05127203503309196;-0.02293655489226121;0.8979441330455649;-0.4873018662820048;0.31978521609054295;0.41326341430448166;-0.15008788309178944;0.2314044042902666;-0.03950141852273017;0.03313074965233513;0.15245362102387233;-0.11715091504449662;0.03650144083430179;0.026981147893113233;1.0078267502188736;-0.2908324106533185;0.23437252389023552;0.2631465218257846;-0.1188672404054553;0.18191020766534347;-0.022943904342077912;-0.013792118253913608;0.12009769410328057;-0.09307455462941179;0.0016973226500676967;44.22855330035277;26.000996281911036;7.860006111770177;50.18155621390556;32.386360206593395;32.47252462237426;43.04402013359288;52.927849713531515;35.48632725491691;38.1523503668463;65.86483615076119;27.60329596226704;38.33366560953093;56.001128792631015;30.95814330210482;47.313877752686096;18.439787376176724;15.82109596402347;12.69368724251831;0.9875153281920231;-0.23075826222110427;0.024810087183220395;-0.4490806214496707;-0.1612663309802864;0.26565957106432864;-0.2012742236056891;-0.13793407113097308;0.3278719541339717;-0.0675140605960434;-0.10066265165381351;0.38532403574268065;-0.03483177803970004;-0.014500372908897835;0.6873687489140722;-0.7908816970757949;-0.265568430696346;0.5330840936623946;-0.07165921972084804;-0.21575843134760536;0.07394964068543326;0.07089003031780734;-0.13896739471573796;-0.02595058494338244;0.06567094378630668;0.051490359782623445;0.8312134679307238;-0.5535638297252049;-0.29851948257221306;0.5450268466916537;-0.06429727149214734;-0.19254837794631946;-0.14094677190276145;0.0902556041394674;-0.09423830942412732;-0.17708753002920571;0.06748898532665602;0.05007352895951811;0.9494037532686909;-0.3163124291981095;-0.28210119754872715;0.3776225864879163;-0.0535544204235794;-0.14978184880001658;-0.19139287723603884;0.0448248342016356;-0.06017171071557437;-0.14629503941719477;0.025152959066395388;0.02118580846376357;1.034132292185018;-0.10627422715753422;-0.2300371522705898;0.17153599612507006;-0.06231748736208774;-0.12340258138045744;-0.12390980922342809;-0.020100100417421076;-0.04585051162694956;-0.1076561479846301;-0.012506997713245089;44.19610221163565;23.501187762351517;9.928272773800055;47.2203227505865;50.2368084172854;28.49640716520238;40.75380293092423;99.07651714003423;24.34090166865936;40.5200597713423;106.05386616658869;15.525322979821667;54.075648278184985;80.6644789338475;21.683621577774737;44.84914768131412;15.788039587431664;15.216460279803215;12.664963880261316
0.9834256964187672;0.2461782208879395;-0.09738841216728644;-0.40509874654909755;0.21613076842583823;0.19615946195204897;-0.24228426073662102;0.15131835489606899;0.29776519728010764;-0.12456741369141075;0.12991423249760484;0.34546362227938876;-0.1017306506247847;0.06133100298091387;0.46389128498665294;-0.9089696865780487;0.30540662053914164;0.5081965028750297;-0.16158343085010193;0.22898709011083382;0.14687022491066037;0.019386283128613426;0.1877746963209291;0.0029519410608954432;0.04404536837330945;-0.017625530622576747;0.7066574297987083;-0.7073362832348956;0.34669378068396256;0.4936308694372078;-0.1646879361263688;0.2591188336970733;0.03632973897570712;0.05870383036862695;0.17589272039845746;-0.094007915207958;0.052526428490397764;-0.01629127140465448;0.8905340407577432;-0.49366104451796966;0.31295940613383866;0.41182291038023894;-0.1475540072635882;0.2315682902537073;-0.036990066821379036;0.03581448502473047;0.1514637238779275;-0.11321092372646377;0.0373260970126364;0.03297198314417515;1.0034443461698117;-0.2946745409512727;0.22701635393024702;0.26199436317519553;-0.11518917023721938;0.18196347904134572;-0.015550212185462044;-0.011833461154696146;0.1199520704711389;-0.08737908579704079;0.0022184202485696866;43.90943404531075;26.23504687193714;7.8526771688413195;50.29504816114607;32.44420522283448;32.669305815774415;42.74446572444667;54.19297379375836;35.10399222662623;37.51187299539718;65.97295003641197;27.388332228934924;37.232729609983686;54.736057863476034;31.501106514971976;46.8848490759602;18.470361797579415;16.024022644971947;12.924325048182846;0.9902115280422312;-0.23074205533907993;0.02725221240137417;-0.43635737377980227;-0.16274690678497095;0.27508159145447225;-0.1968370838686172;-0.13858483175307953;0.33384119420222885;-0.06732844477662103;-0.10280943946342906;0.3766486305160059;-0.03632313488662765;-0.01628298350868398;0.6991047796802872;-0.7679294879472204;-0.2674165334288698;0.5287460671090058;-0.06957799287443744;-0.21558445399724793;0.07337056757974018;0.06776843465473788;-0.13807698848904953;-0.030676207751432188;0.06338827387637998;0.054571967503495286;0.8426255330711946;-0.5357276466445264;-0.30413781280437596;0.5312350446621803;-0.06569381938224926;-0.19666629301258803;-0.12342643728601098;0.08328474644687084;-0.09862218259205181;-0.16926547552322982;0.06330531552803703;0.05342296178689772;0.958193930413595;-0.3026926588491071;-0.28663067924420366;0.37550380289922464;-0.053969105550209576;-0.15608924039640754;-0.16741823255456015;0.03948785016649528;-0.06969001402225286;-0.13745870065369403;0.022012820772862412;0.025013785828470095;1.0411382850795354;-0.09566458980378025;-0.23397550650562943;0.17322861081695215;-0.06414943015063847;-0.1269378234780993;-0.11391306061067343;-0.02321485918492016;-0.05471707583080897;-0.09898340203570194;-0.013653765320488249;45.1201225247646;22.357610256497438;8.906378963293434;46.38436805958934;49.6745051230747;30.250915118360773;40.77378026127528;94.23925294087384;26.216903214516627;41.04920605342048;100.56921851229946;15.997759876058772;54.591385695235644;77.09889149849809;19.024124115836486;45.809305360467484;15.755645795526256;14.89474750186067;12.385314604875346
0.983408435345388;0.2477198891376446;-0.10210075754158496;-0.40752350300843687;0.2140827668210385;0.1923193109703998;-0.2465007840911558;0.15137718284338766;0.2971686659563834;-0.1284571233051959;0.1327274759312489;0.349976495984097;-0.10641992158878345;0.06855616833954253;0.4543286932983027;-0.9196998198143299;0.301440687764421;0.5081891910521377;-0.16304905275002787;0.22754437636156877;0.14850111415554115;0.019803334840362175;0.18644172631335162;0.003850876392805994;0.04463099577153233;-0.009905711832318378;0.6979232181759962;-0.7161040834990093;0.3403828442272906;0.49345189074984486;-0.16388379284362034;0.25764429893644253;0.033004671269607384;0.060905341328106266;0.17326942455754926;-0.09405848744751752;0.053760204781727224;-0.009692304369442628;0.882989292975147;-0.499867144976717;0.30611790905031244;0.4103052519527198;-0.14500760714388639;0.23168149452354048;-0.03448963403908235;0.03847046163044863;0.15044889786959995;-0.10927627896508532;0.03813660238505507;0.03891088532820073;0.9988804859374799;-0.2984249501401133;0.21966682499548623;0.2607948866682099;-0.11151406147833536;0.18197749118474804;-0.008208602849369124;-0.009886953860846035;0.11978192113395006;-0.08170763461228923;0.0027351393016908196;43.59058086499612;26.47141658754355;7.861714940830772;50.420770670317076;32.505489603312405;32.86245576735215;42.47421353508292;55.461807583790076;34.720950561166916;36.886507548691135;66.08795686273125;27.151456463735233;36.11833526886805;53.49278035835447;31.979735072974034;46.46136784468125;18.491338630835777;16.22134029635014;13.15499225376888;0.9929077278924392;-0.23061943015206546;0.02969253470657425;-0.42337696798448093;-0.1641589958490938;0.28441833255509874;-0.1922896784319921;-0.13917458643976366;0.3396828639683402;-0.06711098026513125;-0.10491829978148745;0.367761416832085;-0.037804320049423856;-0.01806594169944799;0.7105702957730922;-0.7445222442902214;-0.2691495270711915;0.5241452376105517;-0.06745553051104435;-0.21531034937507482;0.07275512787180945;0.06460185473467163;-0.13711902165944378;-0.03540850819895244;0.06106633389262766;0.05764199775864094;0.8536995090832368;-0.5175659844748621;-0.30964071702045187;0.5171376493473872;-0.06706624128028642;-0.200711705489216;-0.10577204074755582;0.07624479745110668;-0.10297991233526843;-0.16133095251796345;0.059074040124144064;0.05676252646494286;0.966581204780899;-0.28887338610899493;-0.2910480075036511;0.3732026199351936;-0.05436074346471727;-0.1623524754825009;-0.14326081976678132;0.034109157513962325;-0.07921812526878827;-0.12852008499582177;0.018848704889713963;0.02884709652854786;1.047695287695903;-0.08496412682998496;-0.2378233717214368;0.17484884186207922;-0.06595987662492597;-0.13043013357154154;-0.10381977555395358;-0.02633263872069268;-0.06359747800224003;-0.09022683272207095;-0.014799291459340917;45.98891895314034;21.240265065626915;7.863465196322587;45.546355622745544;49.109738132358984;32.02886725585312;40.90863697678988;89.07775474758192;28.23523368501509;41.607124584138134;94.43088048654883;16.85764684014838;55.1082081694325;73.37664550029956;16.18540731409969;46.78086869011555;15.70613176119185;14.563981233818525;12.10483776517326
0.9801680279341786;0.24649880303520835;-0.10114616978271476;-0.4102067460136446;0.21360821846077999;0.19222016417738405;-0.24606504498629014;0.15052352746545103;0.2911856869810364;-0.1270569728896119;0.13231320214806164;0.34549459440383445;-0.10438554424722675;0.06572847364710026;0.4561824275567283;-0.9210692891279885;0.300785657410924;0.50280416302008;-0.1608417140712492;0.22741124712519037;0.14511354028196577;0.0221552467313574;0.1865344392270265;0.00043528516258919075;0.04603231326064295;-0.009205293439993519;0.6981740768267856;-0.7158688574171594;0.3393751865941702;0.48904693846703323;-0.16365268933553764;0.25733582377708786;0.03290701322326871;0.061638252948654416;0.1749615612010946;-0.09475704090968642;0.05482554700473864;-0.006778346134703687;0.8816339211877849;-0.49825202043519995;0.306722749616198;0.40388580070771285;-0.14458396693214448;0.23038943678959062;-0.03669185680474574;0.03847452959043391;0.15156854121764315;-0.10983461643963002;0.03835475655418539;0.042459753038410056;0.9948283411473583;-0.29575343118777186;0.22088562158854566;0.25503665051285124;-0.11157207557682698;0.1815457413663549;-0.011852164842082043;-0.010369062861546489;0.12069070833670525;-0.0820128093706842;0.00252104783353871;43.53724292413453;26.146903239401116;8.12888829297449;50.58958080229521;33.078350203718564;33.225753381742464;42.45748003557711;55.458628732002595;34.62854830207121;37.08553702411309;66.21750869614405;26.515069826770542;36.66393236057448;53.811760795788935;30.74425419493236;46.32698914532221;18.40664216164196;16.24426066172055;13.197588980312938;0.9928205095420052;-0.2267772305662133;0.01951608041139217;-0.38235578376591894;-0.17495351059239492;0.2816697263953805;-0.1784539674012199;-0.1489407024493724;0.3454932865999669;-0.06626142209653857;-0.11590035779923832;0.35342506655244765;-0.03967418839615798;-0.03785795377030667;0.7210170897050548;-0.6746102904903506;-0.28525536575680926;0.4912111199006662;-0.06873573337156348;-0.2164896583124814;0.06380949403312061;0.054257234577131615;-0.14022011241761495;-0.03295626606281547;0.05316579192985088;0.042410410747905934;0.8802641635811835;-0.47258476422215884;-0.3275850571028089;0.48670841821021205;-0.07061593602453835;-0.20571206887146287;-0.10372477239036283;0.06688935599160344;-0.10792865639357387;-0.15696085948844124;0.05450159592520757;0.04601127794299143;0.9932142074967116;-0.26857020869339404;-0.3028361257532501;0.3629065996984536;-0.06208540755727495;-0.17131416595946522;-0.12757613830968084;0.029609407200500985;-0.09079092759692142;-0.12270840486078222;0.02041636350874745;0.01959462111048135;1.0611134095712667;-0.08591481425723399;-0.23985251750794892;0.19234737683980319;-0.06787961757945048;-0.14208993699646025;-0.0868895024611726;-0.021984609756389346;-0.07785846875167524;-0.08199591701053575;-0.008831419672898744;47.404772185963566;19.974852332392782;6.430345053145501;43.31904195317345;47.710793213515416;29.113279778764912;40.71248543037837;85.07063497550567;27.583118108112583;42.293535655481286;87.91306651520517;16.675063616657464;52.25222389190095;69.11105699888593;15.260546824357835;50.34485218264566;15.56500852858986;13.086839130768833;10.604209499987713
0.9767671271641922;0.24513765029082038;-0.09990724259712662;-0.41291295828554253;0.21321142286122383;0.19230763674386744;-0.24539768200043555;0.14962253253636326;0.2849176691985604;-0.1253899797569408;0.1317377212659605;0.34055306187880485;-0.10201095630893119;0.06239236756629862;0.4586117258876783;-0.9219815522196109;0.30029462830989045;0.49713732356177115;-0.1584456137892472;0.22734386141338492;0.14146657572953605;0.024610741057161874;0.18669918276036157;-0.0032054214130416486;0.04747872667739004;-0.00885187359470924;0.6988757230392882;-0.7151883444800925;0.3386297089955059;0.48442041759438353;-0.16345010842181795;0.2570855474938106;0.03296972008564015;0.06230065852507633;0.17687433197980904;-0.09549040118828529;0.05588604245317864;-0.004038712104076466;0.88058616174114;-0.49624515630493854;0.30770118206505226;0.39720457554167304;-0.14426524697425927;0.22902453750226617;-0.03913492470795959;0.03834688752816676;0.1527984764484801;-0.1106186309221651;0.03854429425052454;0.0459008817025369;0.9907936186860575;-0.29275560245975263;0.22253532082126862;0.24903507206321823;-0.11181643966084127;0.18109130476915059;-0.01605337106339219;-0.010973494284298444;0.12165650085563141;-0.0826165462338419;0.002269960077913961;43.499840223784055;25.784793042978674;8.420144153050282;50.76632701021506;33.68532576151328;33.58286965418613;42.45429738693515;55.39176756595926;34.55182919982588;37.33560433761003;66.34340894939804;25.85286340360388;37.3109981719118;54.194145960100315;29.421550600171305;46.20744389400723;18.319142286069557;16.2599806327984;13.231721484033303;0.9925946936570258;-0.22206704582595296;0.00867820740023224;-0.3388764614073497;-0.1856528256146165;0.2774662477268345;-0.16364641635906227;-0.158683468673566;0.3502318336570857;-0.0651801801814967;-0.12694177621219221;0.3377747721694037;-0.041437400491872715;-0.05837978172491645;0.7291838241363535;-0.6005027595939499;-0.3011637950614384;0.45545098179597515;-0.069972039901758;-0.21707696765494994;0.05427733150530764;0.04341621069383123;-0.14308693138471082;-0.03005206075677974;0.04484550258188761;0.026177519539945678;0.9048425778550095;-0.4249407567784438;-0.34510182112273885;0.4540578328307008;-0.07404916041990321;-0.21011871464805829;-0.10214274767028136;0.05723840558027768;-0.11256439859040027;-0.15229995755019757;0.04975744821533637;0.03444578680175946;1.017652896316858;-0.247176137715103;-0.31403572085685305;0.351130569586636;-0.06996553958012067;-0.1798638033744512;-0.11196382023111774;0.025074533481372924;-0.10215839245649048;-0.11669247909877727;0.022153141277771356;0.00965476577684286;1.071597149641506;-0.08718053337982903;-0.24105324539615677;0.21000365631839496;-0.06959250913134814;-0.1536922309411865;-0.06939706169716027;-0.017209009940148085;-0.09211275081375445;-0.07356186781809373;-0.0024978637435622217;48.87790555484255;18.748105490798586;4.8382357291800435;41.24897997594284;46.06503188099407;25.825346424357864;41.114466507250896;80.89317647960189;26.75872979405122;43.19274084028134;81.2733066970387;16.810547284313014;49.432946705826936;64.73405087511048;15.005944468170417;54.48767316482454;15.16985621351549;11.505372171052928;9.10242452506264
0.9734122718275924;0.243409972615349;-0.09914608622303284;-0.415727301684583;0.21235551406063616;0.19239344580651657;-0.2448156995157952;0.1485047634930944;0.2790053261081179;-0.1237719545929329;0.1310617599149745;0.3362917648193089;-0.09982585402390289;0.05936607198468509;0.4609023861948083;-0.9233541284190936;0.2994674363693973;0.49126543754013363;-0.15664815255304967;0.22745709063378214;0.13619905393444787;0.026347721448516943;0.18713113414377625;-0.008159664696578275;0.04841905315293039;-0.008289411324221521;0.6990996310104675;-0.7149762174932296;0.33803895929492106;0.4799800800374662;-0.16393933565975197;0.2572782890276015;0.03171910795776607;0.061914625760958616;0.17905494681712958;-0.09751079966607215;0.056178642725199804;-0.0011949569611495714;0.8787424768578994;-0.49464686924918855;0.3087609387307687;0.3909371121605263;-0.14468322601412353;0.22821814607919433;-0.042014534670409394;0.03712888265426421;0.1544023186809148;-0.11152519710919145;0.03801118866506669;0.04921191214929146;0.9857940305435858;-0.2899865167438976;0.22425574433885687;0.24320421281690807;-0.11250102197279518;0.1808867382997447;-0.020387096275219046;-0.012048892639097749;0.12277537599068307;-0.08323131028331023;0.0016380414962950745;43.5318975274752;25.44950809712481;8.70938914512539;50.88728496901583;34.51676944157785;34.00593588242219;42.42041965456916;55.48658080315919;34.497728932896344;37.54933580253428;66.47070516762378;25.096792657665425;37.961678894887214;54.560459936941825;28.036416671599373;46.08746544741583;18.21533298968968;16.272841856772196;13.279059223549092;0.9920545216689892;-0.21737127609053097;-0.001080647523062874;-0.29570248499454455;-0.19514312090539357;0.273189521610887;-0.14815497568399036;-0.16725718079186308;0.3539288917327818;-0.0633049876562391;-0.13633997520958202;0.3215319656827424;-0.0424072213657909;-0.07895601073594331;0.7369336810237008;-0.5251818494400997;-0.3155541982900402;0.41962341808020254;-0.07026717304491474;-0.21619051727500257;0.04492141662627419;0.032408726266340934;-0.14462364044573342;-0.026843768746365716;0.03622069743414261;0.009665329546891728;0.926669490972662;-0.37575289207831436;-0.35921256500920135;0.42280760223193503;-0.07655172266344805;-0.21353634065194685;-0.09854375818548719;0.04699157472178406;-0.11670137916505958;-0.1464571729270756;0.044330319663379025;0.023010409481130253;1.0378862691005988;-0.2239813816665561;-0.3218158809879605;0.3414450857450656;-0.07606558030682467;-0.18717498782089564;-0.09584700625883373;0.020525383205818818;-0.11224258189384961;-0.11053683102284266;0.02332725625100716;0.00042967300782349304;1.077783207766349;-0.08659611094251218;-0.23967634011556121;0.22900866878558812;-0.0700110396602226;-0.1628839756368411;-0.05143669873899406;-0.012353796429751885;-0.10427711120063311;-0.0652514264010018;0.003526500820382407;50.352209558038965;17.598551625409776;3.221228039472742;39.54318395991588;44.171612940522934;22.501548921380476;41.8630494241756;76.46174525613299;26.13086149206134;43.8556393753299;75.02673799989483;17.54548435229439;46.36827446685449;61.00639652953838;15.610222671666417;59.00705257602138;14.48966101277912;9.916560973864906;7.681025052589492
0.9705448679204792;0.23791538169856669;-0.10341841958703442;-0.4195444163674206;0.20672605252230694;0.19245471524569216;-0.24514854800087105;0.14516320606264402;0.27706825951616937;-0.12273457696076437;0.1293607567629138;0.3393312976959041;-0.09971762232213131;0.05971362698694114;0.46163405543965913;-0.9294703349017264;0.29515119266806383;0.4834925850251253;-0.16119357601072357;0.22945242117428727;0.11419029093353956;0.020486115906914078;0.19033870834728311;-0.026651681071982566;0.04401904361854986;-0.005562517928955955;0.694299562141048;-0.7196646277294995;0.33908783698508527;0.47767308131183495;-0.17164766547473695;0.2620965078847595;0.016771739658006553;0.050567114650813975;0.18394218155938208;-0.11291713828838465;0.0484177250724254;0.0026156837741095644;0.8686298601636395;-0.4973869110658539;0.31062075465882355;0.3892665106113961;-0.15279374274069304;0.2332902370464674;-0.04933914907026744;0.024546956927834648;0.15984869655642098;-0.11367360263513979;0.029934467900869968;0.05101641022460336;0.9708916303558343;-0.28972727807511933;0.2266381000143701;0.2394092523764871;-0.11776300872153438;0.18330397353689307;-0.025920058153497003;-0.01800846775567133;0.1254463453514896;-0.08393340571429807;-0.002953799000515393;44.255996590055474;25.504397205747505;8.84420025376472;50.35126151244215;37.81232260408019;34.99084961249499;42.04783849581242;57.297869951209236;34.48495945212206;37.270653245450134;66.64198659407329;23.44972328829388;38.451875852087895;54.88044336264067;26.06619397076269;45.96502431673351;17.919260329424475;16.238490174530153;13.45466738324138;0.9881864771747558;-0.21891695634998753;-5.899183242439766e-05;-0.26223272609818743;-0.19812041002900105;0.2758800040968655;-0.12907107380583704;-0.16888116066781833;0.35719989557133436;-0.05487730092032647;-0.13297166760939044;0.30765457492239956;-0.03636028200584948;-0.10338803620667694;0.7621148814766112;-0.4488035386813186;-0.3239362051258654;0.39355791560825365;-0.06277740668310518;-0.20613407124084504;0.03826267941456215;0.020071655500684522;-0.1365294099008957;-0.02108124141159857;0.025048450020312675;-0.010282767591205241;0.9477091206258226;-0.3189697279888723;-0.3488287219983829;0.41698032720598316;-0.0716683953963363;-0.21298301669742561;-0.07654499750528523;0.03138548903181424;-0.11921421057399978;-0.1322307455500309;0.032788291856819654;0.013052757473987656;1.0452860891914937;-0.18734871054840088;-0.30356905630499664;0.3630749257344046;-0.06605719150780875;-0.18732873922824478;-0.07646320906311597;0.016204057647623046;-0.112656730111424;-0.10583571733526352;0.019352539355950653;-0.0017540505720096326;1.0706518991560332;-0.06915444440800311;-0.21824585782531072;0.26968845848665013;-0.0589501312281348;-0.15204721693383844;-0.029212226027535756;-0.006790979201535073;-0.098205702563868;-0.059728990139592736;0.006710890239684875;51.53759934064968;16.339817655065115;2.5713073353313995;37.75008413012532;41.850005614870035;19.699533621261878;39.74563426488159;71.32048258555604;27.941148180158123;40.1452267748878;73.19973145003539;21.050971554696755;39.05144504697829;61.87849879317047;21.245257107593318;62.53759601358728;13.328864106403094;8.53864512046861;6.514590521584026
0.9676774640133656;0.23254674591064428;-0.10757825193769167;-0.42324449671794445;0.20122750773610756;0.1925047275325616;-0.2454606590088622;0.14189822481023795;0.2751658412492638;-0.12171705003000927;0.12769593337552984;0.34227737200614405;-0.0996070727350061;0.060049439414710276;0.4623240406030515;-0.9353860262328463;0.2909284254063396;0.47589049364133895;-0.16561672358858961;0.23138606184746424;0.09272840281262508;0.014770661103025303;0.1934561283582148;-0.044678015972110116;0.039727295683835775;-0.002903816086500437;0.6895849621980953;-0.7241989697330334;0.3400932538706787;0.47539988968738567;-0.17915377073175762;0.26678050550776017;0.0021988536970897984;0.03950198664082083;0.18869740875031207;-0.12793092070746737;0.04084923949064801;0.006330507011025123;0.8587273073630074;-0.5000330329837616;0.3124181846208023;0.3876182005919815;-0.1606928880672711;0.23822318670942272;-0.05647735042431295;0.012279724503047248;0.1651502434487294;-0.11576232122786195;0.022059042418783;0.05277302099655952;0.9563144017382037;-0.28945991811339183;0.22894918971790792;0.23569749380669983;-0.12288691982280485;0.18565125528233653;-0.03131277811367372;-0.023817488194339678;0.1280439116650489;-0.08461363297770537;-0.0074301889532731695;44.95314608244037;25.5643135604984;8.967277741276913;49.812554794187385;41.39217270092552;35.415871172556855;41.68349086086048;59.0901920745657;34.18297902936397;36.99774231818998;66.77984804335986;21.879897355668383;38.930625219207634;55.141827852789426;24.196296575504036;45.8572200891309;17.629912893245667;16.199091326240058;13.626639363334801;0.9843184326805224;-0.21957010763776727;0.000950337983155755;-0.2281281142797841;-0.20027055114381057;0.27743658768587803;-0.1097067878516609;-0.16981130225387867;0.35900537948271977;-0.046334260657363506;-0.1291141883836657;0.2927202001613942;-0.030242604621068047;-0.12710712966163185;0.7839454797780526;-0.37157347910397914;-0.33092258135112035;0.36624250962246957;-0.05512923196777478;-0.19537875087804896;0.03153313527066948;0.007806178980927041;-0.1279899168490414;-0.015305445797836765;0.013913616880302446;-0.02994457230391336;0.9647085086218633;-0.2616119568791075;-0.33718064825976846;0.4095608591359029;-0.06655913666625571;-0.21158664871542165;-0.05451128108241442;0.01584604557083401;-0.12122045686083309;-0.11765160365245352;0.021257341175887737;0.003165451623279586;1.048424016511867;-0.1504188775527276;-0.284335271927318;0.3829900811496029;-0.05590827380525462;-0.1867331190878777;-0.057012631480847224;0.011871205214738287;-0.11261626226343066;-0.10077009704764067;0.015349470923950797;-0.003903926221243188;1.0593361431882813;-0.051651282487116555;-0.19620801649083455;0.3087919760265042;-0.04778999329907217;-0.14073699580710158;-0.007144440444254631;-0.0012694594166749364;-0.0918170804823856;-0.05403612101015314;0.00982934969830693;52.49773770022207;15.12691899311031;1.9589123863486053;36.589926239158636;39.62069870280383;16.411450988718297;37.77338216816517;65.82724079456135;29.699766246184385;36.473327768114245;70.99253655526046;24.868256178435317;32.41535355000135;60.67165180728748;28.13713713544106;65.88686742384569;12.111152476847208;7.256837571367377;5.386725643979975
0.9651519398848208;0.22872331693127446;-0.11077821891533213;-0.42668535066582924;0.19726403117826058;0.1931526617708311;-0.24579436496585566;0.13876699255952357;0.2744075762461026;-0.12097338541474806;0.1263159817501575;0.34509693754345216;-0.09950602034984872;0.06006832110301023;0.46368302833869945;-0.9394090637032206;0.2878364240358723;0.47021853679633235;-0.16818187541685586;0.23289491486218555;0.07870531397047478;0.011025510372249104;0.19592643993453857;-0.056259182905148655;0.03676297397871573;-0.0010777832056561411;0.6869118008675621;-0.7267399921651789;0.3397520365106431;0.47407721616265225;-0.18375626576297588;0.26998739168970853;-0.007853045101399234;0.03198822322395799;0.19236741000613375;-0.13817308613691084;0.03563798540671387;0.008954344770212902;0.8520477596742396;-0.5008311065732314;0.31285188329258307;0.38604970329809374;-0.16550507391441902;0.24088533016184463;-0.06133442730596645;0.003799032264068486;0.1685303904399918;-0.11664615127220508;0.016423988332537724;0.05393240362382554;0.9462734296832077;-0.2879326038432754;0.23002655875240602;0.23252941197517013;-0.1259796774645012;0.18673472339711952;-0.03526602157741444;-0.02787771037600726;0.1294562224712589;-0.08490840854194419;-0.01070423535858162;45.53180086111445;25.64684287026252;8.980790247013768;49.43736944207039;43.90842842066836;35.28442915915569;41.38241357339974;60.41067025590601;33.75708760386502;36.77734174123156;66.9135923928862;20.710682080193433;39.29032971224185;55.361016411780724;22.85397102351716;45.81724854393582;17.430108781032608;16.17717075294225;13.763068787163185;0.981309625459624;-0.22321603505709958;0.0008799869560202185;-0.19994360628619426;-0.20266168454529798;0.27607778570592706;-0.09396400742072167;-0.1718460274396937;0.3544795632335056;-0.039710775300475634;-0.12938044582761937;0.27395671682464345;-0.02585028838756407;-0.15285157510908026;0.8003181421577653;-0.30734937405287377;-0.3317153007577978;0.3500699653861732;-0.04864925524584239;-0.18493330344544354;0.033869779272170754;-0.002370902963788875;-0.12040195531636608;-0.0034850300057261956;0.0046968954358091;-0.05096312397480618;0.9756066148460623;-0.21352867035444129;-0.32392303360802094;0.40705772529849044;-0.06112054286283632;-0.2086531997675842;-0.028868625647922738;0.003743921774413336;-0.12249655965491739;-0.09907473604410064;0.012002520208065491;-0.008504225923082401;1.0476453236873766;-0.11909805285324411;-0.26552435240768746;0.4006484371438735;-0.04651540518455037;-0.18508763547399984;-0.03447258796131876;0.008187249991118951;-0.11297841805214213;-0.09082785579970806;0.011832624454296534;-0.007973551050056135;1.0476282124622702;-0.03635833011860772;-0.17653130826641286;0.3427962683806372;-0.03771484683375701;-0.13123304808345648;0.01416510081957615;0.003147700031374659;-0.08766097902968967;-0.047092359373525836;0.012136794835239696;52.85132007202915;14.018331602123228;1.0540610597352915;34.98684381513719;36.44186232120885;12.391668257734926;35.45093823948255;59.74013363044013;31.227983967107534;32.895633465070624;67.4122895529802;28.27269974442151;26.988163014381286;56.94089848901659;34.750527005107;68.35061870788245;11.209145539095427;6.352187394198364;4.4979004661414095
0.9641882754605828;0.231466720978525;-0.11003324035313593;-0.42941909831644803;0.19980063302902107;0.19660275236435534;-0.2463021726161326;0.13590045992311922;0.2787666238400308;-0.12139851137046523;0.1260821028844043;0.3477239528619867;-0.09945168168450169;0.058668899836531105;0.4682888023351285;-0.9355026400217664;0.2895348818659957;0.472674903416521;-0.16268606540336744;0.23269723670761427;0.0966408841811815;0.015740121469546963;0.195792102462009;-0.04010446880046481;0.03945193674262777;-0.002798370506849542;0.693247931807629;-0.7206937450588504;0.3333491355438588;0.47696441795589534;-0.17581738629305896;0.266941370892472;0.0013335289697840051;0.03963676279975849;0.19159369599199916;-0.12808825311561406;0.040467237655683885;0.0069595372326119375;0.8592728223973168;-0.4934615563705345;0.30723174731349145;0.3847209074977317;-0.15696999435715858;0.2336466042916094;-0.05646869900214074;0.01142597917839913;0.16365736576399667;-0.1122140076069308;0.020250467847533964;0.05253920857506378;0.9556896560877381;-0.2805901055972784;0.22569780523052174;0.2314857752677831;-0.120284414756487;0.1822702651176985;-0.0331854807450361;-0.02451980601121477;0.12570394198110565;-0.08351136538876143;-0.008932338951219034;45.67692914689747;25.827184597372913;8.55123971934007;49.820873659012854;40.74467382584716;34.65447839455715;41.336059260328796;59.74720500296172;33.63223431928308;36.77154164094941;67.16219009900767;21.019544310873634;39.14514120018796;55.61688573141656;23.536064484850957;46.03356034123335;17.61335071678329;16.253855924735987;13.749720381367233;0.982226198321978;-0.24419077553132598;-0.004072948440247241;-0.19962411178552888;-0.2095001173690865;0.2657405635978801;-0.09493364680078066;-0.181730595904771;0.3264952657977997;-0.04191489481990129;-0.15037680876893375;0.24075165893130512;-0.029353912299486532;-0.1920773035934732;0.8057303373906777;-0.30210268050935596;-0.30971045396872954;0.38866760899388814;-0.047743906955471545;-0.1780173489307674;0.07798247921153255;-0.003878948204139513;-0.11845019051906468;0.03654053483299355;0.003559846731014471;-0.08048575112276034;0.974972808887101;-0.20724397650354348;-0.3074707823825869;0.433024665838965;-0.05474525529033031;-0.2018111742931545;0.014571888891839717;0.006374888605267895;-0.12248065041257265;-0.06256366354385519;0.012561010516269913;-0.029247066766839955;1.0454955951676408;-0.11273249569995508;-0.2513983827805058;0.415675594808715;-0.040580595666465116;-0.18146670029210102;0.0031940577194144444;0.007298162390334334;-0.11696318415944153;-0.059480758727906494;0.010443254301390684;-0.021166825820786172;1.049705019427059;-0.03051429633399897;-0.16886045240618966;0.3615973783703159;-0.03239932794320548;-0.13126523775440596;0.03384187674361373;0.002938781238885718;-0.0946852162964548;-0.034705460993638526;0.011131615708774037;51.48994346579538;12.899817452400912;2.914613421672161;28.43804027648824;28.077889840330343;7.083179373280723;30.866151716118804;51.003539217824375;31.309993635316864;29.45704371172064;58.20602885457719;28.001188069793656;24.02240797569746;50.80682038383494;34.866491677525126;68.05603262860221;11.612632191910599;6.573405909088722;4.509226726482238
0.9632246110363446;0.23424007171084527;-0.10926598637272515;-0.4321664269138898;0.20236608723254929;0.2000982334801747;-0.2467988794142558;0.13297173387591632;0.2831805362806968;-0.12182128111109271;0.12583374249455434;0.35036933051632624;-0.09938823907321481;0.05723974418451847;0.4729383333151357;-0.931450081918299;0.29123991718442876;0.4751363700200069;-0.157079022231329;0.232477000302809;0.11488812500512546;0.02053744998276704;0.1956393544042095;-0.02365862883633471;0.042185584105500086;-0.0045493863496911075;0.6996402482788776;-0.7144808087500404;0.3268048775976849;0.47986404545590744;-0.1677226687755365;0.26381923863524337;0.010683680543127313;0.047418341710869616;0.19079052242093572;-0.11781324992250299;0.045379227174324646;0.004928616835927718;0.8665563278367112;-0.48592032726251655;0.3014863382374618;0.3833369627270094;-0.14826999547373826;0.22625978495351684;-0.051511653562004316;0.019187888499166816;0.1586841252750959;-0.10769371212924451;0.02414347105591725;0.05111689152481697;0.9651954799448393;-0.27309382460753395;0.22127345845547022;0.23040460610552085;-0.11447783374402022;0.17771134822529921;-0.031065154017745737;-0.021100064561730365;0.12187451993981206;-0.0820825979620712;-0.007128140133632383;45.82076219865142;26.03126182884219;8.144041756153985;50.20752512937418;37.76390283427729;33.66842959695242;41.288988399898415;59.042925309870114;33.41576276825708;36.7607038621935;67.39356429713403;21.360545534721588;38.9776830995754;55.87220282704732;24.271520347155445;46.25551483433876;17.79886723439114;16.328831561881614;13.73139368965592;0.983142771184332;-0.265250131702857;-0.009095807220961543;-0.19911382456229965;-0.21624509169828576;0.2550018291899203;-0.0958292459032347;-0.1915929238168962;0.2977901786619492;-0.044112758187072526;-0.1715455380798079;0.20682801369391246;-0.03288232784870209;-0.23170786067187382;0.8104721962332007;-0.29649635445844247;-0.2870894575898347;0.42747752275775175;-0.046780589144719394;-0.17083255664724878;0.1226790744208876;-0.005405824136535117;-0.11635898750993864;0.07712778366948356;0.0024025567197931146;-0.11037278308777501;0.9734209547353062;-0.2006726031018278;-0.2904871132225518;0.4589745440433214;-0.048224059202394254;-0.19467923702290688;0.05864538871294005;0.009039073546654655;-0.12235035994775735;-0.02545085747278601;0.013116107263677559;-0.05027138604309374;1.0423395326786449;-0.10616713431770837;-0.23682787544743403;0.4305390314901267;-0.03451963426680987;-0.17762275558062432;0.04141835428574835;0.006389040237547509;-0.12089825673749714;-0.027611661388828677;0.009023472396055306;-0.034536742131896316;1.0508344769377456;-0.024554842938723433;-0.16091805654586178;0.3803413361726103;-0.026974499084852752;-0.13117557540860406;0.05377998178902664;0.0027240141513348542;-0.10172576099187743;-0.022101853585819058;0.010101101590041591;50.0373124249855;11.556043157135637;6.865131902939706;22.5014548499974;20.72976856926896;3.262402805504348;26.383087931969442;41.56897529543324;28.638273034332258;26.015986902270278;48.406298395524054;26.0402796414943;21.164259420144006;45.009254423896024;34.76718874179014;67.56957872546663;12.011669428808407;6.832410056820839;4.556385383789483
0.9620055458785692;0.23663812522656086;-0.10845404099382978;-0.4348836174840295;0.20447133572825776;0.2032496058055855;-0.24732257282821832;0.1302101424402535;0.28675117700440506;-0.12228303009311199;0.12546086790315955;0.35266157522147124;-0.09945215655863354;0.05535990593513762;0.4774813116251948;-0.9275201126931518;0.29258544998409325;0.4766489590025286;-0.15180197461752562;0.2321315930773287;0.13196207133003993;0.024846114149579688;0.1954215687614421;-0.008190476545822258;0.04454203452972661;-0.006433328090824351;0.7056293746984877;-0.7085519020172742;0.3203228693209178;0.4819499017890921;-0.16014744794216101;0.26090439999600296;0.019763491066205566;0.05434616942362287;0.19011222979998638;-0.10782628051162103;0.049639813415997255;0.0029448401264576237;0.8732098904452501;-0.47878406917750715;0.295837815816875;0.38167351270011807;-0.1400249660077892;0.21948557639170083;-0.04663083723533564;0.026211962517541536;0.15413757877617604;-0.10308502253599558;0.027486549562588083;0.049866025022387656;0.9738520156681173;-0.2660713918898871;0.2169863737554344;0.22910297512018973;-0.1091032973338062;0.17349625267338245;-0.02889610360259651;-0.0180895719177703;0.11832125352768298;-0.08044344488461563;-0.005637204326384096;45.933204417836215;26.19374452310442;7.832576188018906;50.561413741688405;35.16636655353314;32.46299502229045;41.24212113873444;58.26714972354426;33.112956432719145;36.750743154733755;67.50192896082443;21.66007291443602;38.812515466104045;56.013837052619344;24.950801341545667;46.46884587376524;17.961003432377638;16.391039795856926;13.709343800534002;0.98397308945423;-0.2844586032878771;-0.014405499320919729;-0.19857921747020943;-0.22257447738333933;0.24491864574874447;-0.09618365880133185;-0.2000730893628183;0.2714407201610954;-0.04555185546025298;-0.18943586733210485;0.1777594735906113;-0.035420120604516554;-0.26777034483355083;0.8153132651557176;-0.2906327057166402;-0.264502445915671;0.465237534660369;-0.04520644175120215;-0.16364100589018865;0.16516884644873844;-0.005954679267538024;-0.11409914024274713;0.1145875438281417;0.0022101163853282344;-0.13747404175955077;0.9714531262222912;-0.1933383340034527;-0.2737680010044045;0.4840355311663801;-0.04130467919378445;-0.18744135025910005;0.09785626779849443;0.012547888320330894;-0.12155471863384662;0.006959198587113591;0.014619155029300623;-0.06937165258996339;1.0379159330589254;-0.09828862592590859;-0.22287687892382008;0.44449470118412343;-0.02853149652038602;-0.17346771811205008;0.0754052566759399;0.006224483531623391;-0.12362259940783057;0.0005054491261029991;0.00844876303652273;-0.04683709354346564;1.049747421614044;-0.016623639550475078;-0.15376922520868933;0.39729214275906344;-0.02162160566097106;-0.13117162877290311;0.07145617006002868;0.002896709007574863;-0.10776947067884002;-0.011085233210441412;0.009582814475985203;48.75926124618351;10.265259272921854;10.333454590339803;17.81476384024891;15.458889051127809;2.254705799438483;22.32172292260281;33.790748687800715;24.4334108034001;22.836534452166298;40.19280659738225;23.31672160775868;18.699726461216265;40.448364140429504;34.61937241643235;67.1545707683686;12.359065773006282;7.111670547636755;4.666598592265587
0.957091422519706;0.23320720122638064;-0.10732080481793072;-0.43697964189565086;0.19954038264032045;0.20079844080397538;-0.24839879667551298;0.13075084845931026;0.2773985370522395;-0.12334201656181969;0.12350584794129117;0.34961251562571866;-0.10148222971521359;0.04742024109970655;0.47987013215642144;-0.9274719739401138;0.28866625701768767;0.4644365767435519;-0.15287698796985605;0.23031259779239754;0.12766812530409072;0.02093149453745658;0.19453561659566948;-0.010981485235462551;0.04082686698121375;-0.009793721718293496;0.7050193849519905;-0.7091204057540734;0.31677435609214843;0.4721506335519573;-0.1622935953880304;0.2620723946548552;0.022600887359811736;0.047072145852323874;0.19165858872725827;-0.10472092770531878;0.043334442471069656;0.0021588092307291266;0.8699705374841123;-0.4799538720805704;0.2933898381933994;0.37678572245872716;-0.14070249822203354;0.2236630089570532;-0.04416065288437646;0.020674796933202216;0.15717689850503658;-0.09847253364304859;0.021957198924800247;0.05150284442298416;0.9690119596103771;-0.2680855430194789;0.21605311445053219;0.2251710662245772;-0.11155039925130754;0.1755915754078132;-0.026597921877828515;-0.021859769477743957;0.11985439576981742;-0.07623290406855615;-0.009120433715421322;45.60671266847095;25.426369453822126;8.576969099243298;50.39916509466064;35.191836342952826;32.69411022834096;41.204243594864;57.0024946749656;32.99891864026694;36.823192962246424;66.15436779930971;20.842516642824478;39.01418341735543;54.55741467059272;23.97039590249263;46.47538380784594;17.755646831155406;16.295298923913816;13.705100534582384;0.9835555031671565;-0.27673568500859796;-0.02279187410964742;-0.2003421509037682;-0.22442626789480347;0.24949630371476225;-0.0899975269367307;-0.18958738880330286;0.28784158128415743;-0.036476467159460874;-0.15921012395561498;0.22634496265772003;-0.023778450458638675;-0.24856346914634114;0.8308512967405437;-0.2861117588425224;-0.25077643496507734;0.48561723241885624;-0.03588321419944104;-0.16003070065769912;0.16898633273164698;0.0074297996165382406;-0.11139687735031556;0.1007764723678101;0.015788616409180816;-0.12074799516651545;0.9763639255495563;-0.17925793301477022;-0.2679984026988922;0.4970617065167501;-0.030793151802426744;-0.1826890903556221;0.060557223552240184;0.027430004710970717;-0.11303339884135633;-0.03451561935068063;0.02943437413846052;-0.05779166892225919;1.0296696479316874;-0.07476354620390552;-0.22365381508653226;0.44811132166930484;-0.02526996978912489;-0.16802314373885188;0.0426347850173717;0.016747837702567908;-0.11012183794623066;-0.030890833156297263;0.02010845031551124;-0.04181401346630302;1.0307723444696906;0.017332118079628436;-0.16143063068363459;0.39006695692222226;-0.018753798058389365;-0.13405297170642858;0.05399747447132955;0.00856952552127655;-0.09968650704586346;-0.025190176310167192;0.016574662471192343;51.25743838406068;12.321784422221201;2.0775898168031284;17.8625529164355;17.059985051318225;6.072928929730611;22.314647437304668;44.65107239619111;35.1217230783842;23.30047160055757;49.89287003101771;29.953392100073835;20.457038521004637;45.94099230153515;36.3416909174608;69.95609680272688;12.221988200112225;7.2575909233056555;5.185681897215977
0.9521772991608428;0.22980317016145066;-0.10619609295791324;-0.4390523804482103;0.19464968512296696;0.19836608447373472;-0.24946277986905285;0.13128533421106084;0.26812344663009696;-0.12439039109703359;0.12156626319836032;0.34658567125958273;-0.1034935568049497;0.03954863513783652;0.482232628780889;-0.9274132768576674;0.28477752071544765;0.4523242467094968;-0.15394090139885677;0.22850659831038136;0.12340977983450628;0.0170504600538291;0.19365501957400366;-0.013748242192891636;0.037143325347586874;-0.01312495665643256;0.704406324959902;-0.7096756053784374;0.31325276327039686;0.4624304704920286;-0.16441927401944745;0.2632271937204533;0.02541349352063094;0.03986043234947585;0.19318931515654417;-0.10164117434969627;0.037083054067229525;0.0013795462036882574;0.8667488872243129;-0.4811078856644338;0.290959546099599;0.37193571747735915;-0.14137250987045336;0.22780169080421492;-0.041711295010541855;0.015185242659231962;0.16018809056152142;-0.09389874382919366;0.016475376881192973;0.053124907907416384;0.9642022687029108;-0.27007911434580373;0.21512536454286385;0.22127047520412846;-0.11397503172380466;0.1776667112401909;-0.024319287878893887;-0.02559712377206859;0.12137286936969092;-0.07205785157524602;-0.012573450751761854;45.27406068228693;24.654119977935355;9.38450308339318;50.23690657650308;35.21673012028907;32.911226513259436;41.166206386240724;55.741695993229825;32.85012429592989;36.895346667464366;64.84965383744118;19.985053610685583;39.22121822892218;53.128305374979796;22.94733606322451;46.48007237760579;17.55430071163838;16.201021806881823;13.701997453032455;0.9831379168800828;-0.26932434588463566;-0.03069114036588545;-0.20191270733995142;-0.22606954945321925;0.2536989984263071;-0.08412155921799126;-0.17961038408932745;0.30317788935883516;-0.027900074487810678;-0.13062893603580994;0.2720650528607842;-0.01278746773984749;-0.23033380113420449;0.845123954211929;-0.28171609985075635;-0.23771512052319388;0.5046152450808099;-0.0270733406527662;-0.15655194337090095;0.1725091039485627;0.020050182343066436;-0.10879693396484312;0.08770395196180582;0.028588147321462996;-0.10491697622521363;0.9805463706168044;-0.16589527772052604;-0.26243339123516374;0.5091188520462715;-0.02086485494479562;-0.17812285295081196;0.025350123981376187;0.04145370720192181;-0.10494435884451565;-0.07361742529549349;0.043394059026231876;-0.04684321617451412;1.0214182346652068;-0.052541061320054934;-0.2242836847139266;0.45131620751842316;-0.022182177149829726;-0.16281068635944212;0.011707133315060667;0.026665413890395052;-0.09733769161701444;-0.06048856276327347;0.031096232279088715;-0.03705716899118542;1.01240137911194;0.04935009972495923;-0.16858233704032488;0.3830729149616467;-0.0160403467087697;-0.13670887730590348;0.03750615931887104;0.01391599683198694;-0.09201705157926021;-0.03848190507092762;0.023161517559712155;53.67859461688645;14.381730291372966;5.4110684521546455;17.951841206312782;18.646791297953808;11.030076506418522;22.32117966015899;56.25345368491031;41.80629290039425;23.775749567743443;60.403384986012945;35.60263276257229;22.21607161533759;51.435982104160004;38.220797451538296;72.60497369314554;12.13263954668009;7.458224465499461;5.75481033746627
0.9479807402982442;0.22733385960448466;-0.10506724341846431;-0.44045819455152296;0.19097628836046562;0.1964159821155514;-0.25029841136901054;0.13176772194356234;0.2610516571805979;-0.12524405206779904;0.12027457946380822;0.3443646242921805;-0.10516810604277327;0.0342921749739141;0.48438492078864376;-0.9273383126028609;0.28074920343437476;0.4429953243205295;-0.15504612010452834;0.22700644128120534;0.12028802099484318;0.01377062220052076;0.19311767691107687;-0.015801269363226088;0.03421163627149338;-0.014853169100991666;0.7040087648036772;-0.71003594447553;0.30976846069384134;0.45414434448907937;-0.16566352840177925;0.26402506062929343;0.02757776825180279;0.03456418876137937;0.19432052057314222;-0.09870848107617176;0.03236940340615388;0.0015714964401453574;0.8642554241871055;-0.48192276177712295;0.28845379336921695;0.36740980307611626;-0.14166049552518445;0.23056914359660827;-0.04027645037366571;0.0111019481073243;0.16220555224688063;-0.09055421501045441;0.012319281830746893;0.05495688732824065;0.9602509891048572;-0.27152092300847464;0.21413163337418217;0.21701223646397705;-0.1156378858735363;0.17897262630376487;-0.022787963437163678;-0.02837807782669623;0.12241475770062543;-0.06893302619124868;-0.015176499684689017;44.96749361241042;24.062830010198248;10.03218361784963;50.00034549299956;35.26541139561873;33.09437923332125;41.08643494043005;54.806116193137264;32.58429352656403;36.900431618033515;64.00133275087177;19.263180118506856;39.47239610297312;52.004130942340545;22.1061411786243;46.460640110879524;17.389024559761317;16.12647270460706;13.695487131390548;0.9833219692918652;-0.264354654994926;-0.01591571705864357;-0.19598929438716484;-0.21970280209860793;0.2668059701141908;-0.07555736277925984;-0.16432808437640892;0.32041425809814983;-0.019175676113596968;-0.10565276268589437;0.3076375512940642;-0.0027064267418811516;-0.2115310689417987;0.8634540535603313;-0.2627582057323973;-0.2195415717638266;0.5134516484763745;-0.016072270161167836;-0.14850266761123565;0.17511811694264207;0.030530083360828162;-0.1028361644790205;0.08018216751222006;0.0380092811401928;-0.08767153672831263;0.9858016719064676;-0.14320881716608638;-0.24794301343249944;0.5116469076120405;-0.009594207308657758;-0.16909025644464276;0.007951309603093074;0.051299074429353705;-0.09657167793867334;-0.09245097693740567;0.053080779830475176;-0.031617194172294985;1.0147416127491071;-0.02619680264754646;-0.21539483384680147;0.44896896058789265;-0.015432680677727661;-0.1537839784236348;-0.0010994850218894866;0.03503887920685461;-0.08587971538875186;-0.07239292974244652;0.03952628284930908;-0.02408408221941821;0.9965580579385361;0.08022300983159207;-0.1654877597711851;0.37631022222894556;-0.010583918313152516;-0.133890294142671;0.033291994458967675;0.019326412748870547;-0.08435849971585781;-0.04076173662978199;0.02907536279710151;53.92158200914359;15.324881394892486;8.586899670543486;17.462436531161114;19.433846020319155;14.39883711910302;21.929698863376004;63.10338172654938;43.950909581576276;23.837004243006977;65.89772275940808;38.63164705770532;23.1464873110382;52.99635417082456;39.80042107885719;72.13896654852039;11.814188433470648;7.5112762170195015;6.092306747206327
0.9464893962820752;0.22829383797416833;-0.10389547046575656;-0.4394246822627759;0.1917535835318895;0.19621916855796015;-0.25031120742027196;0.13207236825612795;0.26202176142075506;-0.12539739608126824;0.12137017698739302;0.3451015902008643;-0.10563356658917192;0.03865764016432323;0.48582427996808614;-0.9272268823564734;0.2760990867134393;0.44381819103379794;-0.15633975003786585;0.22661400606304766;0.12132851395230392;0.012647054149762457;0.19385273566254185;-0.015245662642502699;0.03400861207839074;-0.010644083136489626;0.704424929428306;-0.7096986841569524;0.3063381470669693;0.451001036506843;-0.16365554625527562;0.26351945049813785;0.02738088691601624;0.03627680084511976;0.19399627512049136;-0.0962484648229297;0.03327012800894038;0.0053943671524304985;0.8644376289485679;-0.4815072262808856;0.2856069079564411;0.36398208254502146;-0.14053410056706617;0.22829877217784986;-0.042591380438978546;0.012158603277092495;0.1605722824026755;-0.09171105369537244;0.013000565148445914;0.057623499122281686;0.9594249160571126;-0.270949505722598;0.21287084324896244;0.21131011008193717;-0.1145050365541947;0.1774472194677524;-0.024005800232633906;-0.027664464585632983;0.12170905398906737;-0.06964652010549495;-0.014677136010782087;44.779542907356635;24.160039702081157;9.88026144850357;49.486660146702874;35.40866290197319;33.201275365184884;40.85019767658929;55.07870218009881;31.98825326150058;36.653805086137126;64.73560677105465;19.156181300333326;39.88174744058786;51.93202477825707;22.06728832442596;46.356216242026335;17.346097506212033;16.121256650416036;13.672465652918163;0.9857742252642544;-0.2667254149370684;0.07632693543933167;-0.16414936677383313;-0.18562028036195188;0.31085535073259835;-0.056980425784783545;-0.12944817886878165;0.3455718651106768;-0.008973725653148988;-0.08986510491479245;0.3128825174067581;0.005447088969738285;-0.18851684242805067;0.8964737472344639;-0.19274086861210438;-0.1820393859435845;0.4887489754690959;0.003486409235004299;-0.12412734829986495;0.17477695586070294;0.0349770959569327;-0.0848724210792709;0.0903075387671796;0.03713352443726518;-0.06370223370895449;0.99419636988648;-0.08669258056509309;-0.20175031913957028;0.48205674193017567;0.007418642111733068;-0.14394994065846262;0.048172298601782675;0.04820564605884071;-0.08622600942579907;-0.045492623040400366;0.04949291943285108;-0.0003746977811559521;1.0115360270709997;0.016864112373894385;-0.17347160298322964;0.427329176498132;0.004321763931339137;-0.13084670147553656;0.04527561776444223;0.03913649310271863;-0.07750240316793515;-0.026371739738245283;0.04029267157977767;0.01781928864198091;0.9863794569060296;0.1105898649030279;-0.12761733526738994;0.3691825365583118;0.004657658631501687;-0.11231533624501408;0.0696308294491456;0.02552748230622175;-0.07580339918100051;-0.006428707366643301;0.03336099406065869;45.65036928293021;12.736933400416683;5.086476440454733;14.918101699453294;17.335059622737138;10.640845052935635;19.88397016864028;50.78826243574642;43.61763378120211;22.075180035994972;50.49570091433248;36.717005496379635;20.854551123134453;40.199481405603166;37.09491788864662;60.11810099345564;10.657484668384255;6.95732962819563;5.542017428743576
0.9449980637194576;0.22924642176411866;-0.10272587175608974;-0.4383868586285904;0.19252476765483087;0.19601951836291623;-0.250319476219946;0.13237360002773602;0.26298383212976745;-0.12554796612253868;0.12245982797144167;0.34582983740422557;-0.10609553235381025;0.043007380283019016;0.4872499813086833;-0.9270992287698139;0.2714600378395108;0.44463027517877446;-0.15762612517626337;0.22621886345493677;0.12236325087173706;0.011527128646777865;0.19458179121195762;-0.01469169612429914;0.033805677899424964;-0.006449300727760956;0.7048270443980427;-0.709349874184272;0.30291415923934106;0.44786047502743925;-0.1616515475494394;0.2630108617071303;0.027184193146709903;0.03798286573023148;0.19366967166146848;-0.09379519590374297;0.034167155038762324;0.00920397700435557;0.8646037238071853;-0.48108449768796063;0.28276471058487135;0.3605596464545724;-0.13940906737605904;0.22603212996060046;-0.0448975760968402;0.013211402036285454;0.15894176088141151;-0.09286226616218843;0.013679269587226173;0.06027989624331461;0.9585845038955533;-0.27037520331139453;0.21161058210325964;0.20562383459440284;-0.11337403742027036;0.17592388728525676;-0.025219013391915526;-0.026952813223974515;0.12100360053861928;-0.07035630966717968;-0.01417922904624711;44.59171015406073;24.256947850285666;9.730108150873013;48.9785527446909;35.55458517496281;33.3091406656291;40.61571097211034;55.35211047213541;31.387272399841226;36.407547146876084;65.47856192664304;19.04401365943733;40.30768306778984;51.851039409196076;22.02302483818596;46.25156616266529;17.303050436638905;16.11582588771837;13.649744517293398;0.9882264624032696;-0.2679770477772573;0.15844795147839782;-0.13518514744280863;-0.15458386345685562;0.34918099280156706;-0.04020717013906433;-0.09788197542556666;0.3669153482642931;0.00016528313233533256;-0.07547586385004612;0.316550940418428;0.012710149020568318;-0.16735453080131887;0.9230504080863742;-0.12959313408657877;-0.1479609765132229;0.46510489547335276;0.020940141959560767;-0.10195854280795821;0.17390527547193954;0.03883460527476912;-0.06855622891684329;0.09905606201170865;0.036231037731564344;-0.04209202350084709;0.9984669414778251;-0.03594479563888729;-0.159847717092685;0.4540700570686603;0.022586302636350915;-0.12103371530117972;0.0839315917385215;0.045286953812803364;-0.07670803288346352;-0.003413275944545703;0.04612854467490519;0.027524698476805057;1.0053917975378732;0.055260909907502515;-0.1354731909357759;0.406619389757662;0.02194759622775008;-0.10994020484926394;0.08653966277491616;0.04266851012683728;-0.06977038504007228;0.014808726123552683;0.04084629941217331;0.055179351019502526;0.9740902469792737;0.13734734339039362;-0.09338666927588293;0.36162006630101595;0.018252608041749174;-0.09268545317746633;0.10185391003422198;0.030981945549849527;-0.06791813604931032;0.024250040712067142;0.03707964012657255;38.36152560828639;10.774874531723224;2.6869712301559456;12.672879503349995;15.200080314397793;7.1763418292737855;17.625728665445138;38.04584047106202;36.56053381959749;19.96743860765919;35.63637678466584;27.18217987436407;18.39140887435286;29.2467857564275;29.99143633787665;49.52822574917728;9.74698890994087;6.5525208774241275;5.145281322499021
0.9438497842332022;0.2302409556019163;-0.10183266467489861;-0.4377893497324624;0.19324951823908895;0.19617294731776708;-0.2504242419343703;0.1325069733778379;0.2641076579072675;-0.12577731144611248;0.12343382118470145;0.3465680407417767;-0.10659889356623704;0.04656302857632661;0.4885399336343783;-0.9270059269924038;0.2670695294866784;0.4456400294102772;-0.15922509749770267;0.22590730509804594;0.12333923650239675;0.010096673806258234;0.195331786538498;-0.01417397064056804;0.03337915717277477;-0.0030417479063689933;0.7051751916837595;-0.7090265839892372;0.30007705476634977;0.44519520178255;-0.1603405512673607;0.26270788838288345;0.027362533805400508;0.03893748092532712;0.19369903173517503;-0.09169919973081334;0.034602757914286054;0.012333573960244386;0.8648225280764857;-0.4807470999572836;0.280515560142809;0.3574272510194322;-0.13905502880390702;0.22429247801013416;-0.04626898827456247;0.013316918290299585;0.15799589216025475;-0.09377832231974227;0.013821209111060223;0.062289650398282555;0.9580306351493142;-0.2699315469326286;0.2107824919165226;0.20078083995426874;-0.11289914324340648;0.1746162439480722;-0.026078076394820043;-0.026874137563236755;0.12076665710143712;-0.07095444378318905;-0.01411225824613942;44.46575428535791;24.33086697520164;9.56488723422296;48.48867711868714;35.68274006096949;33.41342262897368;40.39819908875749;55.48171072118037;30.913680521953573;36.2010587597459;65.88928951913941;19.017407593330315;40.73115696269367;51.640952658690104;21.956386937221872;46.174329775748596;17.264468332253504;16.110920071853528;13.627904383778771;0.99041094264939;-0.2672232750330842;0.23077480293611422;-0.10891475358813119;-0.127496459299647;0.3803737884865176;-0.025815831211185802;-0.0701985264053498;0.38384270025525075;0.0077387669011648565;-0.0622138376870633;0.3186509777655214;0.018552657684712655;-0.14867479871661957;0.9443776276727096;-0.07581575431732542;-0.11668847467182501;0.4437500891556135;0.03532897816189202;-0.08144350305712915;0.17382050619775508;0.04157927115064138;-0.05364415976503894;0.107553957626925;0.03505043043668803;-0.02256612184473036;0.9997262020594296;0.006187977110286332;-0.12238609338969153;0.4298250993749865;0.03529457208067499;-0.10002338829287336;0.11555575757238984;0.04252468181825013;-0.06775176694576139;0.0337086215690517;0.042832866851471606;0.05308654552506981;0.996990052837893;0.08596271164323403;-0.10171884677607776;0.38855035002484145;0.036645909263749644;-0.09116203891201434;0.12188982228213664;0.045273748551019094;-0.06267917459648897;0.05000666863679079;0.040849692557060995;0.08937418402989278;0.959842976813854;0.15741710976408363;-0.06345732224213882;0.3543731847251917;0.029632362013294434;-0.07541657801599394;0.12884366731491143;0.03549222758984184;-0.06090857314050552;0.050322556982630065;0.03999552744200663;32.93796180753246;9.478125638010313;2.241001481038261;10.643616212321641;12.895633258150893;4.258884787206356;15.16591254682964;26.92049769895258;25.084229370281427;17.650813970096788;24.471915448305403;17.097784864267055;16.017487409908025;21.720131717546966;23.12843979495877;41.36999502191983;9.075556779425076;6.296617154260403;4.902103260273045
0.9471811586360264;0.2318805712703692;-0.10453450192008602;-0.44301554289483924;0.19344121141604412;0.20099660553916668;-0.2518480979153569;0.13047573509268898;0.2674585104333202;-0.1270748325969536;0.12296671091863581;0.34754304695724575;-0.1076907653473815;0.03990731599301672;0.4882148693778728;-0.9275442284232887;0.2657685965080478;0.44937790927523696;-0.1650287369898022;0.22672011388954486;0.12361931925553139;0.004531069350400878;0.19643257027492161;-0.014107865559205996;0.030010534998435402;-0.009773049830167066;0.7049758562086702;-0.709163965285793;0.30484364651814067;0.4487101621516222;-0.16807058439255967;0.26513496007644516;0.03246586745375674;0.030108119182477102;0.19842971721121183;-0.09419539721950539;0.0290252138305821;0.006717448304433967;0.8659163292327056;-0.4816069099367325;0.28597613279591905;0.3580086024561777;-0.1488065691101692;0.22941166289334347;-0.03547810735722294;0.0010268627207168127;0.16599942212186808;-0.09167974075275291;0.006944714274867328;0.055944944051972145;0.9613938309612617;-0.271230755371466;0.2156143386627651;0.2067789659602131;-0.12101421430707728;0.1761028331584534;-0.02234797066770923;-0.03508499153271256;0.1266767765050162;-0.07013462169690657;-0.019687373124961483;45.14310870629383;24.1115017092156;9.186348873462013;48.16655648749111;35.5486707917483;33.453408141029264;40.39106926859824;53.71997241451993;32.146799515081646;36.52741573673317;61.856192357452656;20.19954603854254;40.91778661928058;49.8650829003276;21.7098660703332;46.4581005776091;17.28539231616682;16.11539957677484;13.613792751989546;0.9890990012359152;-0.2510324363978788;0.2899426296369611;-0.08367346619472839;-0.11540771297368606;0.3814737024776207;-0.021311270028126286;-0.054162195814029264;0.38385354395539445;0.00720840845990742;-0.0470305044272921;0.31560473663827215;0.01610202230109857;-0.13951796655319487;0.9627446254196089;-0.06371533126887056;-0.08162330011068716;0.4357388221530058;0.033941322102498506;-0.05645044373451788;0.18822522604088066;0.03636366023232007;-0.03761922530105707;0.12741541912928916;0.03029698099839918;-0.002879678289839884;0.9999909205467005;0.003141063054067365;-0.09222359534356342;0.43148357497810497;0.03704238701281518;-0.07739524017963165;0.14358614739795073;0.03940832464210132;-0.056030113730380256;0.0621628450059604;0.03750768285863429;0.08599280935816317;0.9838832947144835;0.07007327822214933;-0.07705312149657376;0.39027097072616;0.03758071811885621;-0.07587378054488719;0.13815879150714275;0.041996303812127295;-0.05593900273503312;0.06284202505379245;0.035845891408024154;0.13354231168120087;0.935711428932496;0.13123542541604294;-0.04691137659195978;0.3528771188172265;0.03098613292008744;-0.06572399161768917;0.13416385330314234;0.03602830616539176;-0.05699447250530051;0.05824855696009836;0.038678826045326714;25.539928804411307;9.717015603895627;1.8768009491806168;8.461831780511082;8.581848519195818;2.3747872699910073;12.75111108688553;18.281764107030604;16.701735006089066;16.16336193775658;19.752842217691114;14.65961547258196;15.866209388767352;20.180862714594912;20.860944932389057;33.395359159448056;8.979583547817596;6.451459298837084;4.946086432540465
0.9505125330388504;0.23352814415564663;-0.10726226027147619;-0.44828076287223906;0.19362615931427588;0.205865878310444;-0.2532765344916454;0.12841536177136187;0.2708351510469982;-0.12838125457649965;0.12248861080008419;0.34851311020014397;-0.108790092317512;0.03317402453478545;0.4878635767721453;-0.9280458525363163;0.26444059557496746;0.4531375864034858;-0.1708908023116681;0.22753170955742363;0.12389688456819975;-0.0010980768360417355;0.19753681549915583;-0.014040357221919519;0.02660219541130074;-0.016580498213099454;0.7047417203543369;-0.7092701845354948;0.3096504112789358;0.4522444139320626;-0.1758808239729024;0.26757741510924743;0.03762577524355847;0.021176896173702248;0.20320507772571264;-0.09671565289180827;0.02338286183572072;0.0010371051290827902;0.8669826181689982;-0.4824542795302447;0.29148564613676564;0.35858004846020136;-0.15866220815656562;0.23457851395861315;-0.02456279666904546;-0.011403092365627135;0.1740863663156186;-0.0895530481253556;-1.0350677274159809e-05;0.049525457783063546;0.9647509327167562;-0.2725322315653814;0.22049121858305654;0.21283580429288249;-0.12921604476607862;0.1775982121935241;-0.018574387700503743;-0.0433876601616073;0.13264830320844898;-0.06930223415693633;-0.025325020362835366;45.814538076137566;23.897997244421386;8.818828414773531;47.848970812706995;35.420037634412616;33.48247928253542;40.40476040292136;51.956277120208554;33.34498110216337;36.88583612213791;57.85976366428933;21.41527992149211;41.12315832461587;48.104579071893184;21.54481026267647;46.74237992108344;17.305824668810544;16.11961316147182;13.599599241707992;0.9877870598224404;-0.2353278983463158;0.3468795941754244;-0.05930594546934932;-0.10370912598543132;0.38239080833767697;-0.016960244009665837;-0.03868061109583595;0.38371974178415136;0.0066943609149702635;-0.032374006720107686;0.3125491326855693;0.013733221150468582;-0.13063708742111002;0.9800911276859329;-0.05202491296031397;-0.047784970502735113;0.4278511019842075;0.032590675092497086;-0.03233247978907192;0.2020426211853315;0.031321427524666275;-0.022154845074574596;0.14651671737362135;0.02570261550242364;0.01610184510088479;0.9998703364357321;0.00020223808452788733;-0.06310813696182872;0.43292041677172205;0.038713600176499885;-0.05554950482148846;0.170557339730124;0.03638891725385613;-0.04470776987510827;0.08957327117603185;0.03235937668773408;0.11768665963558575;0.9708768201883267;0.054727343009629684;-0.05324300987649993;0.3917832171630423;0.03846787921290218;-0.061105280926614984;0.15379239524148752;0.038820613246647886;-0.04941952678211989;0.07519345843711485;0.03100806705487459;0.17607627902821976;0.912093643253037;0.10594335821030554;-0.030941177764178766;0.351302089707387;0.032279709424746325;-0.05635430436764045;0.13924282438678254;0.036531619805817116;-0.0531993215278495;0.0658684213093514;0.03739480868259501;19.704124603457963;10.026527206204303;1.5162976121031515;7.441536363090359;5.140590511436727;1.2369636508445352;10.496422966790698;11.576699566776279;10.430873564608802;14.794947212955282;15.716542163822334;12.601115700924193;15.926441499466153;18.75751366973692;18.920992320926153;26.902995888630915;9.032036778539098;6.783339550745318;5.187665111471085
0.953608510430863;0.2346140181992481;-0.10938870344354362;-0.4531329973711537;0.19347212990947887;0.21006542876185408;-0.2544866733106937;0.1263444126703473;0.2735733366260846;-0.12941122074711398;0.12164932465019081;0.34928118763619104;-0.10966186089878868;0.026816593323769906;0.48776471686785317;-0.9284208038854006;0.26271314119457106;0.4559366966953094;-0.1763909320831408;0.22809696585178094;0.12361378749441135;-0.006564364881345337;0.19876927644043535;-0.014205931148985407;0.023263244397400257;-0.022914796613253928;0.7045635808275593;-0.7092708034789115;0.31334701194270925;0.45516148921254157;-0.18304001024830904;0.2697518136502066;0.041728600135564294;0.012857571122756086;0.20758797020143735;-0.09954848370776385;0.018117165035441203;-0.004174642124281714;0.8676440236565545;-0.483122296024456;0.2958491789093186;0.3589508624785515;-0.16764245231087702;0.23909001289013848;-0.015548567279508145;-0.022721590173253342;0.1811959755174479;-0.08792205636660314;-0.006334155028999424;0.043710190880487026;0.9669244564347782;-0.27361103232756245;0.22446970810235664;0.21758774660638108;-0.13660382522479142;0.17881907316183906;-0.015611728120122917;-0.050794012704405166;0.1379401117103482;-0.06872777638517727;-0.030337911308729804;46.37426694047559;23.72580962865429;8.532185935014033;47.5201818674319;35.3738057318185;33.47741833073144;40.39554942878754;50.50753298743889;34.38939317825974;37.18485725555989;54.58282253659229;22.408727934049345;41.35593707227447;46.658351978404184;21.404538965052964;46.963909260324016;17.315701723417614;16.11477166362898;13.583658200418794;0.9869266024490692;-0.2201850025338758;0.3970733512311869;-0.03323630406687716;-0.09096519930225108;0.3821244786796943;-0.010215411569599365;-0.02389519341455561;0.37997707876511255;0.008867475939378965;-0.01901797557996164;0.3066730063006039;0.014563986330418607;-0.12049846651331281;0.9972259552277635;-0.03810061097875911;-0.016943631691487278;0.41629359236605923;0.03552040976953712;-0.011542489318917422;0.20881101635777452;0.030833803187564218;-0.008269222742814617;0.15806837236061116;0.02419911001009286;0.0344391506318194;0.9994066298383223;0.0005771819172348413;-0.03584493592805916;0.4302750959619687;0.04284083451792603;-0.036236444607257424;0.189319766123751;0.03628390972222286;-0.03393465305265207;0.1093421125718658;0.029602084123356368;0.14681287760400452;0.9568054645394442;0.044175413677916255;-0.030247741975107195;0.3904170162376149;0.041535106133855304;-0.04804934461803363;0.16352778952933186;0.03793881004665329;-0.043133089526049787;0.0821510590045009;0.027968905657826212;0.21460604480404347;0.8864485299550894;0.08711513488143253;-0.016109298955533254;0.34772454604804026;0.035641371155493574;-0.0479088201280793;0.14148022839352;0.0382544754491952;-0.049304062613709884;0.07033784536162752;0.03701664761577186;15.829826240514958;10.189875310148517;1.380413766430401;8.389432435562773;3.6103403717156306;0.3480035851599442;8.772494114467325;7.813914463952242;7.334542482798076;13.557972250546264;13.451363680379048;11.740945596142979;16.18684832174439;17.939860663216876;17.828724879825568;22.17543769654457;9.131659497880298;7.22385945514044;5.641916989221436
0.9547664102494652;0.2310463598796812;-0.10638890476066645;-0.4542732231000807;0.1906067928259274;0.20841038861091346;-0.25387111924237304;0.12443219287974142;0.27087914214213266;-0.1281079426574243;0.11795582511271961;0.34843516200225755;-0.10861188901119678;0.024184077607680075;0.48993411439935175;-0.9280503789343056;0.2579527208863794;0.45070643550746364;-0.1784374105532859;0.22665803662966236;0.1187779477764222;-0.010161014237128898;0.2010120767307098;-0.016283295216499814;0.020827977858141625;-0.024741873513651834;0.7051193999552654;-0.7086568079837807;0.30764187003805743;0.45287008516346483;-0.18420261758775555;0.26960233844905074;0.036730019555552634;0.010394881189533668;0.2083846789044119;-0.10472175977411671;0.01647421841872182;-0.005018512261005982;0.8652154473656603;-0.48242098745035644;0.2904446995430286;0.35776065564225756;-0.16859387955974536;0.2378457894852817;-0.023093445762422053;-0.023785488530254174;0.17962167977751906;-0.09056955869814039;-0.006841522790538002;0.04345722287444568;0.9594743302451698;-0.2728476472941134;0.22073394245586506;0.21119493808466064;-0.13661158789407835;0.17772208329462125;-0.019630416488684556;-0.05010891408128181;0.1371631617905818;-0.07036135669550675;-0.02972347252988329;46.06140883647334;23.847719938747417;8.820678210994531;47.061363509828276;35.96724667495937;33.2624662958933;40.037629420996495;51.6174636687007;34.43538377107023;36.763200470123934;56.62178953761818;21.488579435945578;41.69330996703855;47.566514354689;20.829770337937425;46.665732901976774;17.243397870991203;16.0381241708123;13.553992271871788;0.989783316716332;-0.20640542812178772;0.4079304073401522;0.011517974419121713;-0.06761911854502467;0.37358390536231534;0.01622819531360814;-0.011169473446157603;0.3487220741692081;0.03199490542249646;-0.012628906262021752;0.2786582320540258;0.03996233479395983;-0.09878175834800486;1.0186286324906904;-0.00415572689270315;-0.0020885387703484474;0.37509714956841483;0.0717543551860466;-0.01148232116106877;0.16386631840171087;0.06496779137532077;-0.003328619921141171;0.11505508629335441;0.04593659728732055;0.052023119935669736;0.9983005979625729;0.026258543366464767;-0.016690195513137763;0.3968633963328071;0.06666819302046899;-0.03197971615466721;0.15016912715957104;0.0584129272728877;-0.025016064379350667;0.07557283047249541;0.044491438481672786;0.1631788886341842;0.9334834034382776;0.06785639387995936;-0.008402606086152443;0.3676480270449393;0.06196362844459306;-0.04522387591406975;0.130875023413118;0.054398833037365396;-0.03731159047431022;0.04977284709562321;0.03800180035522439;0.23167364689505116;0.8415072202352077;0.11347757672343718;-0.006675963164326894;0.32883076334391464;0.05556528519488902;-0.0447185720466408;0.12288085136230963;0.04972205310953844;-0.043882725010115885;0.05196850351066001;0.04352580801062951;16.599641134746957;8.856708817045785;3.0096545838635356;12.218781906766516;11.31597929751246;2.192165043693777;9.649720491672449;14.610304004220696;10.12451031735608;12.410257626476607;20.794482475602866;18.756742896893673;16.516334447064672;21.329187690641774;21.48018688546889;21.36350346770314;8.696484906886555;7.392471303224;6.3763860360303
0.9559243100680672;0.22753364238519808;-0.10343564743026823;-0.45539381414147306;0.18778556121709702;0.20678043772306057;-0.2532642034379328;0.12254941834180418;0.2682260585496072;-0.1268245628735811;0.11431968080627854;0.3476010108326622;-0.10757792674338654;0.021592676795945585;0.49206762622070666;-0.9276821053282287;0.2532658074030003;0.44555627858334484;-0.18045115173848994;0.22524074190925128;0.11401734249028553;-0.013701320958210549;0.2032189777517319;-0.01832807579726844;0.018430751633341;-0.026540251731548375;0.7056637469587949;-0.7080496389845137;0.30202482854235296;0.4506127713909554;-0.18534630128757434;0.269454143589965;0.03180954344639973;0.007970701865798895;0.20916809678266868;-0.10981364072517857;0.014856926085706547;-0.005849152554847254;0.8628214881007548;-0.4817287613269353;0.2851236815387137;0.35658767450429896;-0.16952975037071924;0.23662010864719094;-0.03052012438068224;-0.024832638919859866;0.1780713224543488;-0.09317526052426944;-0.007340921223006011;0.04320804408961512;0.9521370590226444;-0.27209514012101904;0.2170557897508865;0.20490137389839552;-0.1366186921427446;0.17664156746397264;-0.02358611831961182;-0.0494343432002885;0.13639783533726677;-0.07196908806859524;-0.02911853548676519;45.749849251955226;23.970903949454595;9.113811061768283;46.600371482015476;36.575993407742416;33.02071949044007;39.67877377715657;52.72653444367042;34.44625961896659;36.34139307773482;58.641600291372555;20.580226085710564;42.04197237904304;48.456978783441;20.254414952996807;46.370027887491545;17.172366353855313;15.962693524274481;13.5242136562392;0.9926400309835948;-0.19348930311991594;0.41761490068309187;0.05287958325061313;-0.04597930358623711;0.3653665626773382;0.04065907300290578;0.0006040148407730074;0.31952860984664505;0.053346655003686703;-0.00671185653591353;0.25252053339145214;0.06340648313164692;-0.07862127538142273;1.037534788474727;0.0272270332025174;0.011645540277401665;0.33669091155513253;0.10518766842439188;-0.011416794556941256;0.12217737224743146;0.0964657267621001;0.0012414213117247462;0.0751936783864092;0.06599143481751817;0.0682331302691275;0.9964168935535547;0.04997613605272459;0.0010311414419757268;0.3656347165034064;0.08863705384147043;-0.028017140566010765;0.1138481156515526;0.0788189376320707;-0.01675000105046844;0.044290785342998774;0.05821700303256172;0.1781671012779453;0.9111187789371151;0.0896889152350392;0.011798623956710342;0.3462828382126544;0.08079461143315825;-0.04257295269401587;0.10057739161030631;0.0695678004336436;-0.03189791678283653;0.019798987337567898;0.04724357749028749;0.24725132814060494;0.7992367799270974;0.13774952349702294;0.002050117650464969;0.3110813643173039;0.07393532060008266;-0.04173087708427854;0.10558128621864872;0.06027996181724377;-0.038833297572957434;0.03494276518770098;0.04950542499791701;17.57634916053581;7.880091402131034;4.880457929333604;17.01385072426003;21.79598986715139;5.737375293163106;11.383988711492197;23.926176223753277;17.692198987963952;11.773409996651996;29.87880803693267;31.87161124892612;16.960021786277448;25.11399795146227;26.29285777647419;21.082845732049247;8.356992197096078;7.605168760600452;7.180658045833684
0.9565794550671916;0.2248501795260407;-0.1006572170430154;-0.4560088221611023;0.18581018007270855;0.20657779922548836;-0.25268752111305853;0.1216243476877221;0.26658146152276474;-0.12603098811980415;0.11134994601198836;0.34750981228963435;-0.10709138839227823;0.01962239590460636;0.49500615057925224;-0.9259762924504457;0.2500059984126655;0.44227499000025416;-0.18207891746042887;0.22413319617113653;0.11070233050728566;-0.016955456898486022;0.20521163952787513;-0.019324108240991233;0.016133097952450142;-0.027975593259493274;0.7072683988695466;-0.7063913774546567;0.298334763858434;0.4491956458534212;-0.1863614889423129;0.2696655777001486;0.028278211837083105;0.0052479199649353575;0.21044548116270628;-0.1133709430984754;0.012905181944781803;-0.0066310677392320905;0.8620487551628039;-0.4803049793892411;0.2813640971337342;0.3564566615364192;-0.17048152140683784;0.23622915978692552;-0.035557436893273724;-0.02657292500370397;0.17756704652977764;-0.09502718696538563;-0.008407617308258756;0.042864527249017424;0.9476778102646077;-0.270895493215126;0.21427854744213481;0.2015199172370426;-0.137014069865629;0.17635298054617177;-0.025923621293337307;-0.049638770809469226;0.13634412231312712;-0.07290720273727821;-0.029212127454371586;45.59177912073776;23.908881216247547;9.39161603144849;46.178270618007375;36.936759989880066;32.72104447303053;39.37976521137317;53.43536237389323;34.33033527176171;35.99305616106873;59.98550008860196;19.92932079585914;42.16869303337168;49.032040067841855;19.848353503686052;46.18449536386746;17.115989714554363;15.883430629521184;13.479018862430436;0.9933951386791956;-0.18364229525638434;0.42257735336670493;0.08171502661569142;-0.029942597165932738;0.3595880341091764;0.05772526320758256;0.011896554673403491;0.29747729331673967;0.06796245242809534;0.0012011571458200485;0.2273089389938634;0.07962329974180295;-0.06096856199321446;1.0517274662725498;0.047576439864748535;0.019676880044374966;0.30716457544890907;0.1271278299950007;-0.014335171237868819;0.07954831510093326;0.11762596049114944;0.0034708833198757844;0.03499127091937959;0.07931375699748594;0.08311452603528605;0.9944774232920002;0.06408299403456148;0.011531118208794001;0.34145536521686104;0.10281042045662743;-0.02728652951606382;0.07546754162012663;0.09161090914055263;-0.010585395141923361;0.010755524249865603;0.06614589534323391;0.19138155380745564;0.8924499136617533;0.10169576943810817;0.02414325515267883;0.32870401240250585;0.09346944674041864;-0.04184847467196071;0.06945202004968354;0.07882101013259675;-0.02744262763558084;-0.010945277148082215;0.05190145087860065;0.26020324477142975;0.764507403961392;0.15063617544090246;0.006732196152142661;0.2950536876034522;0.08648861973443338;-0.04023882492866797;0.08523156265667992;0.0671155132049948;-0.034672018321026586;0.014761344758376494;0.05254878929114256;18.490659823571274;7.880041171143045;6.721862161414223;20.98111011527618;34.634592347996524;13.038339283799173;13.368273389657475;36.625384026733954;29.938705927913364;12.23791035997126;41.11642450332211;48.452252950841455;17.949281600991377;30.43376293953154;34.31062560709544;21.38008253204543;8.155909382765158;7.774989994773498;7.842875750983612
0.9547937784309292;0.22595202939890036;-0.0984992486654026;-0.4542124663615398;0.1877579586480116;0.21324765713359828;-0.25220157526494646;0.12524865087289141;0.26966901924099224;-0.1275362831888121;0.11136029275996799;0.3509879484404999;-0.10920719857452443;0.02049614565089943;0.5020486437970227;-0.9176373437258121;0.2533734807830801;0.4477464827207;-0.18196398101847885;0.22442590118638853;0.1141048507228454;-0.01908442332158585;0.20631945772439914;-0.015331144225065412;0.01413364833968361;-0.027769649323375337;0.7140966438263845;-0.699496125687877;0.30365127746211573;0.45170861604243207;-0.1868292864227395;0.2716211881812155;0.031177631904491583;0.0008661441616085736;0.21420294597389164;-0.10979147710313299;0.009182112012706042;-0.007239339981249517;0.8690153528212379;-0.4752153126817811;0.28484000673880044;0.36133625269597797;-0.1715791600302144;0.23983144219685926;-0.029448238503266732;-0.0317993319071077;0.1820704243786147;-0.09338038330637016;-0.012299664123113736;0.04203631152564203;0.9567346809152835;-0.26742991923863146;0.215625801366043;0.21193310171841898;-0.13931165567693743;0.1798612051482342;-0.020626865427717394;-0.05410463286103087;0.13971930976326324;-0.07068155971428783;-0.03268715249709268;46.166625004564175;22.947150938330804;9.593100182043237;45.94771613323811;36.030114907951734;32.24400044828167;39.377520008364165;52.21435149202462;33.736132603880456;36.00272853884168;58.164116178609966;20.461554474778314;41.18986395487152;48.1716745954666;20.246077919196573;46.52666635521592;17.12295685845829;15.777397137865059;13.35727820556615;0.9839471680741;-0.18499170344181373;0.4087752239762581;0.06327130457980888;-0.0341438590512201;0.3640450935674234;0.047061565877308545;0.024979973472881344;0.3014084164680933;0.05691040721227052;0.02108627792116077;0.19815517622209075;0.06850728242191992;-0.04882887012497181;1.0522633036963607;0.02443524961944734;0.004341100579492107;0.3090190749194602;0.10425090484980584;-0.03205492113841337;0.017836018552507504;0.09898549875867395;-0.004278646866096327;-0.020812891615190825;0.06656221439612893;0.0973534009461968;0.9944815160786803;0.03910024938614343;-0.0074814181634160455;0.3422105545270856;0.08638470260808957;-0.041253715058741675;0.014333075793698217;0.07412086608640155;-0.011956476268445084;-0.044909055835289015;0.05037398308823334;0.20163237213113502;0.886814421419372;0.07299448616199039;0.004736660102608826;0.32332501089352456;0.0825366230914758;-0.04985731387052271;0.023775619605525853;0.06432762166320545;-0.02591165664353361;-0.056075693007479534;0.03724920847004235;0.26637720927777697;0.7544928977902965;0.1160874205146618;-0.005533263156574814;0.28217083917844243;0.07693349029576188;-0.04522274583279802;0.043935859840007606;0.059416019791901205;-0.03323609872578522;-0.026996802089491956;0.04329985956534441;18.8317666750587;10.508886330105188;8.415014877511789;17.641582739014257;62.886699735889714;30.51026488194489;13.706388264468668;67.51210424451435;52.574505994925936;15.287667969910807;63.194641122611266;67.35549255809545;21.30001935120712;47.20087682287591;56.789802705964206;22.62094401582015;8.294104384598983;7.577925023009394;7.544306768886452
0.9530081017946668;0.22705015814391344;-0.09629633472494757;-0.4523427606416998;0.18971959451921178;0.22000645256196139;-0.2516833008738975;0.12892037648791885;0.27278124242024604;-0.12905398365549745;0.11136005811499781;0.354489312781254;-0.11134720899015867;0.021382264413537348;0.5091583112332202;-0.9090728679213346;0.2567717985045895;0.45326459491532023;-0.18182958946790911;0.22470174546924487;0.11755222735629164;-0.021246506933540542;0.2074255482284038;-0.011271131712245445;0.01210000128610086;-0.02755764256263613;0.7209680726302111;-0.6924201142256547;0.30902577732604963;0.45421924136600184;-0.18728672813015163;0.2735826879772806;0.03412165321758199;-0.0035876682803210594;0.2180014317521181;-0.10614263296282414;0.005397019166116931;-0.007856901721361376;0.8760124495618562;-0.46999618896570333;0.28834549423492345;0.36626108621987397;-0.17267825780997806;0.243469723020897;-0.023235878054500225;-0.037108491419114695;0.18663017405064006;-0.0916975221075491;-0.01625443465571166;0.04119043729312279;0.9658479060858186;-0.26388161810713096;0.21697436088236163;0.22249681969383064;-0.14163352021465517;0.18340967347956452;-0.015241140259883408;-0.058638605166971856;0.14313643184882718;-0.06841254550807847;-0.03621608504162446;46.73016457978782;21.99414397815609;9.818983777845412;45.70546758251783;35.12601965803824;31.754555322723178;39.379472070902274;50.99989235035043;33.129868571648785;36.01418776480631;56.37190348295844;20.989402905868115;40.25072563772721;47.33347242390495;20.616337105115218;46.8758142960638;17.12584497639882;15.666353464946061;13.23178265452778;0.9744991974690046;-0.18622098449070462;0.3942145086303886;0.044231025930178254;-0.03843907195613835;0.36831868796785355;0.036043903297986235;0.03842623187323634;0.30519472017351884;0.04548448005381343;0.04153744754659087;0.16797367882673248;0.05700548745653179;-0.036290319217633885;1.0519060573727097;0.0005930248964697896;-0.011449021189369172;0.3106611667458731;0.08061177395726372;-0.05026762388519372;-0.045704901679098534;0.07971185390861912;-0.012252176851442599;-0.07823870555099427;0.053378519390264355;0.11192655675840489;0.9936268069587573;0.013349696069659002;-0.02704611563700016;0.3426923693755509;0.069401757985733;-0.055595651426089986;-0.04861001055283888;0.056052916591819296;-0.01335751556899838;-0.10217037455900589;0.03409515609170787;0.21201023049961387;0.8802474168811323;0.04338686276596056;-0.01524422681830892;0.317508712523884;0.07121128737956361;-0.058058406069917134;-0.02326337084719098;0.049352832198253885;-0.02431332335640718;-0.10248369020727446;0.02213428496145164;0.27250250912255064;0.7435325005381773;0.08042329730437271;-0.01815432483482884;0.26866576167580325;0.0670311673033606;-0.05031404498837965;0.0013888676706532565;0.05143898440493096;-0.031729283581725824;-0.06995856201427139;0.03374178196441985;19.23305924621118;13.343256245299257;11.791884711808624;14.505429579553402;102.35562679665223;32.38690145236809;15.21101536738889;110.27034285622814;40.774312555845995;18.91065151776586;96.60837408000621;55.24708637117655;24.98654762700347;76.28607707145679;57.60600686183102;23.971459886861766;8.434474163648975;7.381397887366656;7.242764208121871
0.9513250858401132;0.22767478184051332;-0.0945328898689575;-0.45074352092920106;0.19094274558363633;0.22477477687083447;-0.2512167261689882;0.13168669709452582;0.2747860759478956;-0.13018739694625264;0.11152143975302936;0.35685749684940676;-0.11295608293829594;0.021821675572707745;0.5147398169323777;-0.9022200599576106;0.25914115740502547;0.4569042538048109;-0.18187418244313802;0.22487343085722328;0.120068739571135;-0.023112564070774125;0.20833422850656208;-0.008140555115735734;0.010406587733017104;-0.02733020003785417;0.7262466790098923;-0.6868906910076693;0.31261312209838493;0.4561778428455928;-0.18774775886064385;0.275118518919401;0.03608419339627514;-0.007125752921423164;0.22073769641716393;-0.10326995930219052;0.0024316967507542753;-0.008014096592174974;0.8813509772804237;-0.4660942685304554;0.2905410815613465;0.3701349709259969;-0.17355604394676177;0.24633714883220303;-0.018673306206848813;-0.041270481816462916;0.1900668741056881;-0.09029502288975509;-0.01935214539142005;0.04111240734356519;0.972555370397611;-0.26147169936653825;0.21763569760639884;0.23084480526365342;-0.14335200244595617;0.1862112343031426;-0.01085434623675051;-0.0620869647738716;0.14578438541138614;-0.06653014417003385;-0.03891808701311459;47.11184507553151;21.287457528712174;10.001346354799853;45.480867079663426;34.44519248629459;31.353605541968122;39.333882650595655;50.18134034598784;32.60555964769818;35.9539500050778;55.12754190970243;21.318752529094244;39.455675024270846;46.72010942969164;20.90271316412398;47.15399127294605;17.11327571679272;15.569627292446029;13.122368942934877;0.9674756957888466;-0.1884723687036683;0.38060818340229247;0.023681373886642897;-0.0447619773652448;0.3711906104600057;0.024513503318907632;0.04482347997828746;0.31038035739527814;0.034355964468215094;0.05807576751628758;0.1457528238153389;0.04639849178751479;-0.02283148122838438;1.0485049592206857;-0.0233053373518012;-0.02954823204573945;0.31888250856112965;0.0581235743859306;-0.068405187937899;-0.09749796858157204;0.062193115980049334;-0.020188886945591695;-0.12820172548644548;0.04199824444674347;0.12610978628776232;0.9919604672572421;-0.010523934684754429;-0.0494530898424991;0.3485892307172626;0.05316827499260874;-0.07120044186415223;-0.10034533523624342;0.040165335735693516;-0.016165107478574373;-0.1507084723858705;0.020255536189453915;0.22083976143916131;0.8765800528617674;0.017308933135282565;-0.03783090615031083;0.3179257733846846;0.059793804516293764;-0.06796534457721992;-0.06257358136817295;0.03624522163912486;-0.024486448001276185;-0.1421382418871147;0.009491377177886371;0.2755791411113417;0.7390384119827379;0.04984041988130774;-0.03257100478339914;0.26147989868811083;0.05651585456763007;-0.05673520096459149;-0.03315939481893292;0.04349183262801293;-0.03181219674113146;-0.10586261745103968;0.025209821230062112;19.439840361032473;15.241184546687421;16.71256335242923;12.241311305885395;125.59479273975843;25.86191360356982;17.818665988942787;129.51344452129507;30.307026745697794;22.851877286002235;117.96133633443199;40.53235341168341;28.5513370363267;101.85991678991837;44.141290606095986;25.480795091042694;8.51789123780059;7.101352188485132;6.788195486078705
0.9501024020599882;0.22619945869664074;-0.09492386640733298;-0.4506629032904446;0.18880780901555982;0.2202725257595063;-0.2511175659647692;0.13020568775778515;0.27173866899181154;-0.1295505671059285;0.11244854517007653;0.3540635823624119;-0.11208856309553533;0.020213663097684215;0.5132047429480737;-0.9039701203328167;0.2567818732683346;0.4519533202603486;-0.182799514530741;0.22465041636934682;0.11823550485489089;-0.023514123085830705;0.20836685723519902;-0.009447679266600121;0.010379253487938044;-0.027059724075841934;0.7242212352916343;-0.689036554680228;0.3079699587311418;0.4556774503929814;-0.1882673393511921;0.2747258603347826;0.03347315019102212;-0.006265604360634629;0.21855332785196566;-0.10415987880853943;0.003392978750243381;-0.0060763603761884435;0.8791449786221375;-0.4686248889074592;0.2867591813883695;0.3691185695843755;-0.17343774502362053;0.2456057669929234;-0.02191934967476772;-0.03995459481754008;0.18824552394344066;-0.0902984847056706;-0.01835354115530857;0.04453721841609646;0.9682707135443663;-0.26449681135053027;0.21522162631878283;0.2286507929452351;-0.14227094804516888;0.18550323969347746;-0.011310044096098924;-0.06039516823735613;0.14481659632727814;-0.06655978196736004;-0.03769608682310616;46.721919225220056;21.65079553592055;9.903140428039263;45.38163729815015;34.75337639502111;31.395344445265206;39.057770159333984;51.10710140647519;32.49448066083795;35.56428216982115;56.206563842212255;20.786590453042738;39.1486975786218;47.0151743121306;20.92695962603281;47.08512178833525;17.049437532038556;15.558177870975312;13.100325074923044;0.971323552387952;-0.1961358779645335;0.37407599955850057;-0.0023591822761392543;-0.06046039897612027;0.3684774135982156;0.011545519712689686;0.01707616103046542;0.32299857391542885;0.025677577090957367;0.05473507047852473;0.16402510558390845;0.04110779052571056;-0.00613063635325055;1.0346452289894739;-0.04563046939505979;-0.057365870763493365;0.3591556625928569;0.04318132719682872;-0.08497096698839762;-0.0891512179103293;0.054729868162039653;-0.027383051659094847;-0.13882845050549233;0.040336443953241694;0.1377435595527695;0.9901888176117234;-0.023512066655866717;-0.08386034134716107;0.38125352309900223;0.04203319651098273;-0.09186250811643666;-0.09454521682368845;0.0361602523562829;-0.025548787716959124;-0.15406551360283718;0.01930078610296839;0.2223470126558367;0.8903362034729135;0.010320289792338915;-0.07122686306276066;0.349362557947936;0.04907582669035673;-0.08550109263279843;-0.06189025339386589;0.033279936550170634;-0.03322822187894056;-0.146740156468788;0.009754452905697052;0.26480639886659185;0.7686271109828715;0.046268278097021664;-0.05455273582253405;0.2861309969514147;0.044118239629250065;-0.0692225475833206;-0.026695890796646745;0.036489214936972575;-0.03962677864555753;-0.10542446636767178;0.0223782920233007;18.46706665728549;12.631451788567512;17.59964748075441;12.74554612229878;120.13484751844712;31.48343018126749;21.63132895574998;119.98470701668384;35.040411874999805;26.45365220378846;110.42228386729079;42.778321352742985;30.10949358886042;95.30577200253855;47.82612435444736;27.40804280004608;8.337752210868484;6.418753246483938;5.6279626615063645
0.9488797182798632;0.2247316105882694;-0.09531151520770413;-0.4505788825527436;0.18668489419326678;0.2157971736523334;-0.25101685662047435;0.12873302462925695;0.26870840243524363;-0.12891668639759146;0.11336873921064311;0.351284470001964;-0.11122562066053243;0.01861576616715015;0.5116750305513933;-0.9057011191669925;0.254435455592407;0.44703014255840723;-0.18371733480521005;0.22442687557599944;0.1164129746946018;-0.02391290762804665;0.2083974651394231;-0.010746355626054582;0.01035200392277029;-0.02679074385110026;0.7222024565001789;-0.6911626927641651;0.30335383357627604;0.4551762978049231;-0.18878195730131708;0.27433332570582414;0.030878526648915976;-0.005410906288665396;0.21638103872582362;-0.10504319700920495;0.004348079011011293;-0.004150972887002249;0.876945453199849;-0.471135237985414;0.2829989917714593;0.3681054633124072;-0.17331869496792235;0.24487693018208573;-0.02514442775523555;-0.03864678208051309;0.18643419345461765;-0.0903011391122942;-0.01736116840925848;0.04793972329383445;0.9640050583448089;-0.2675002624131646;0.21282113354745408;0.22646883397660997;-0.14119557520749182;0.18479816309682892;-0.01176272712152574;-0.05871367403940255;0.1438537417675009;-0.06658865126483025;-0.036481579657125486;46.32527105311251;22.018850562774844;9.81336355346335;45.278669100171854;35.061799661137044;31.434194369130513;38.782687223209614;52.0332094251219;32.38664366494388;35.174282157240036;57.28631668656475;20.257930788556838;38.84129401097825;47.31524394116438;20.951391333670056;47.01637103238213;16.986378782585838;15.547102251081041;13.078105896176082;0.9751714089870576;-0.2043008739736326;0.36693113747604733;-0.030331051837934518;-0.07730289996842726;0.3654368102379074;-0.002388595176119106;-0.012735758273771628;0.3364424859822999;0.01634649576142063;0.05112777421067092;0.18359699756801187;0.03541046973636719;0.011811452394367554;1.0194030883449026;-0.06959643514873036;-0.0872278525460867;0.402294041209065;0.02711563900177494;-0.10273679264131043;-0.08015465831236633;0.046694143642288403;-0.03510162819171216;-0.15019613396059722;0.03853753999378944;0.15019338207001423;0.9879468654465715;-0.037455827806427734;-0.12079179611918782;0.41621092629915724;0.03005754889914963;-0.1140261932031652;-0.08828239506157814;0.0318456310204851;-0.0356199620851975;-0.15761891316384088;0.018268591891368043;0.22389000750163346;0.9048083320767945;0.0028095811710795843;-0.10707631191986663;0.38301228981785945;0.03754581712899446;-0.10430867427914493;-0.06113504536695154;0.03008324867462458;-0.04260723464061571;-0.15163330157348748;0.010033709890475603;0.25314373647555266;0.8001481592605921;0.04241526208713076;-0.0781467680996733;0.31251320611657213;0.030785666126163243;-0.08261272424461624;-0.019743681160053334;0.02895453986056188;-0.04800761529419106;-0.10491772869695651;0.019329014909293243;17.55619308545556;10.266660519369806;19.224468979980646;14.999760535379268;112.6801874322236;37.56143561242377;25.555051974187418;110.06708213747663;39.39984664272168;29.930300420455694;102.9069538643789;44.536292566505786;31.610831087130993;87.67685078496466;51.06763145074092;29.698105034075184;8.160730852619;5.742193803022802;4.5570566414057305
0.9490982007314516;0.2239657881090274;-0.09573879110949536;-0.4499473144423954;0.1858102935187471;0.2116262843911197;-0.25085123053927877;0.12823735814899595;0.2668591337016775;-0.12839564476280899;0.1142587748691988;0.34929229203651374;-0.1104003570241826;0.018385624604679098;0.5108758839830608;-0.9062675758561717;0.25358087847152005;0.4440888266682338;-0.1830037293956254;0.2241745333941008;0.11430712143911155;-0.02275821122422912;0.2074594452540975;-0.012393459948567232;0.011243034183665436;-0.026218930340749094;0.7215415621013208;-0.6918745130817964;0.2999835832036553;0.4546203941469218;-0.18766338521401224;0.2729985258307668;0.027944973929574155;-0.002952667954954706;0.21305513019527833;-0.10602887765807274;0.006296307084875133;-0.002710336619013185;0.8761771770152372;-0.4718591241907034;0.2798667985001099;0.36768593321115584;-0.17148227465626958;0.2431087693089941;-0.0288307382368083;-0.035349319240052635;0.18334537878869434;-0.09109228827777797;-0.015249607262386871;0.05052077362491447;0.9620008081660938;-0.2684067466488568;0.21075480750850964;0.2243364077591525;-0.1393024579610616;0.1837791359876275;-0.013110490777231563;-0.05615708003939065;0.1418172504242341;-0.06692045717882959;-0.034575680547314525;45.9254015038802;22.41920546696715;9.769348914035307;45.31925411079347;35.46375094530437;31.507421601696297;38.636584488291945;52.99824787746053;32.369670689166895;34.89186831897539;58.610256166559644;19.931590557979803;38.654607533862944;47.91800704916665;20.966786448535657;47.013913140181835;16.977656665526972;15.549591979857935;13.070918411452265;0.9745452581460208;-0.20850858259322938;0.35169660781774453;-0.062236590748111935;-0.09413008818696235;0.36317824572618296;-0.01712083751750222;-0.04228128023137976;0.34815124269244685;0.0069429816166264565;0.04450799119272712;0.19956518456775516;0.02940499502780376;0.02928094921260107;1.005977466124019;-0.09742200057536689;-0.11678133864057022;0.4445843588365213;0.011502024765661456;-0.11974159701557151;-0.07981904285941617;0.038738522679471324;-0.04099401616642478;-0.1650784590304783;0.03649088675633154;0.15757253807092253;0.986099120112735;-0.05272021015490617;-0.15651570623061742;0.44292904231631;0.0181606234604249;-0.13397953796653128;-0.08959280299208792;0.026833531603783312;-0.04355226941708506;-0.16427320477255025;0.016474088631525573;0.21729209263223995;0.9183014299238113;-0.0035938741139768748;-0.14243624596739202;0.4067163393132798;0.024736490652570997;-0.12083173163307909;-0.06699148818681519;0.024822578452410836;-0.04963380994183321;-0.1588301090620901;0.00919424370777915;0.23250214522264065;0.8300655864795972;0.04210897467087195;-0.10305797572717368;0.3314313988776007;0.016931316632847398;-0.0939153147236156;-0.01894113916532005;0.020382626876815097;-0.05350225943257981;-0.1078337088969616;0.015498172978841446;17.14564217455713;8.477101556002236;20.659397695802355;17.783863905407177;107.89599099592638;41.22712701133753;29.006174149199765;103.72565465074105;41.1890165556083;32.7840852960634;98.94558955197714;43.867811633364305;32.88032726582002;83.68128219509474;51.60814223330376;32.223193854203934;7.803941383773055;5.076397874867759;3.812765727197539
0.9547438574781256;0.2258150187930768;-0.09632466108567683;-0.44724978441000174;0.18959621722910058;0.20850212274345623;-0.2504391419489282;0.13139353179058483;0.26939597077701255;-0.12828609369391583;0.11505640128357085;0.35020582017426266;-0.10969780251198501;0.023278058890582293;0.5127988263925635;-0.9024835722361457;0.25830046467128337;0.4485116351476198;-0.17615803014064874;0.2238090711711374;0.11109127351505375;-0.015753114383518334;0.20286913415792254;-0.015384510287637794;0.015597133651964936;-0.024498786243001298;0.7259583510730085;-0.6873021766151904;0.3012080022422334;0.4538477886576099;-0.18039686380715408;0.26810138495824104;0.023673802585615723;0.0055734877574387725;0.20532883810836122;-0.10742113896331405;0.012012357230659252;-0.0030541449427260864;0.880759609385427;-0.4659033261855866;0.27901820113149256;0.3694831869147232;-0.1631658607389214;0.2374044032316741;-0.03433054740133846;-0.02451730709429432;0.17539714038494303;-0.0948578758274297;-0.008893944259641637;0.05008126918626565;0.9684315582323881;-0.26147305791762954;0.2098946588843347;0.2223415792305609;-0.13430070445417108;0.18156031867015612;-0.017844790592619265;-0.05026142913477651;0.135709500247387;-0.06839575598417053;-0.030034263317797877;45.534599454213996;22.925242809045947;9.870950254127541;45.90619544086021;36.23203145106622;31.731945904212033;38.97528617920683;54.13793599528723;32.688452215595184;35.0180768843598;60.90633870603818;20.38544493598358;38.922631514996766;49.68009712071273;20.985780128890312;47.26127368071929;17.171392401516798;15.601941884134998;13.119110703403393;0.957070795402548;-0.19513000754004786;0.3054202769238065;-0.10435742968322659;-0.10747034038677308;0.3651224523185695;-0.03220228028300816;-0.06454948190290284;0.350357033643322;-0.000795225156252823;0.026435070483405054;0.1969890297858039;0.023369302347525222;0.041104383821437655;1.0041978250588417;-0.13603711771551286;-0.13895475613029012;0.47486893712770983;0.0011015898367432255;-0.13005976736864303;-0.11668450993234863;0.03283139328638613;-0.03788551550242811;-0.19205503804893662;0.03385148378373989;0.14188539628343821;0.9873697263176586;-0.07049509112614644;-0.17976487826637702;0.4292831399326117;0.009109216176330977;-0.14044503549211862;-0.12311763371116693;0.019915324440853324;-0.04072208182891011;-0.18297291838325055;0.011811875982484302;0.17748340187168027;0.9257569171484068;-0.0039250068803650525;-0.16845397199565293;0.3833497807249872;0.009161721664281884;-0.12425350631297945;-0.09997404584676936;0.011860614322016783;-0.04518034714997166;-0.17454298014552375;0.0037549779192216416;0.17802013585642132;0.8477432973848064;0.05708216323490723;-0.12849962937005277;0.3148156950316259;0.0037622264124858792;-0.09402289434415584;-0.04463113666635097;0.009189404522285786;-0.04555845956991735;-0.12489411986587809;0.00914234458951062;19.44350681148335;7.591352095487013;19.292303020939183;20.181780298442234;115.08982213238382;36.34526310850798;31.307195492482567;108.27979102889931;36.16262123223752;34.60463669107859;104.95562603114806;36.74783335456088;34.17739267116518;93.12051540535845;44.43540723752381;35.119771192483704;6.862976028888714;4.649156248994982;4.133001707549429
0.9603895142247992;0.22765824990889494;-0.09690755206257182;-0.44452721562348874;0.19338172324870345;0.20536242724646409;-0.25001530487872203;0.13455051736887855;0.2719263344934486;-0.1281707345647944;0.11585067174187633;0.3511060012540643;-0.10898902204069426;0.02817960046336802;0.5147034356584693;-0.8986524762326723;0.2630185752993072;0.4529240784871463;-0.1692905062084259;0.2234331155327573;0.10786394022420795;-0.00873284202288914;0.1982605015420672;-0.0183810783070179;0.019959561034996052;-0.02277401811479927;0.7303526913427311;-0.6826904791685146;0.30242184909463193;0.4530538390811421;-0.17310746282429834;0.2631824497694541;0.019392766270766307;0.014117037445556297;0.1975776306670458;-0.10881160651651219;0.01773970847014102;-0.0033985315592325953;0.8853132006189717;-0.45991493808028683;0.27815570894533953;0.3712680828415819;-0.15482514521292168;0.23167790864178844;-0.03984023934571384;-0.013661822092337211;0.16742482979176979;-0.09862712548245428;-0.002524747527245378;0.04963867669840221;0.974833476013531;-0.2545136506281499;0.2090235989655499;0.22033295076815526;-0.1292827616186129;0.1793290124001419;-0.02258810698147545;-0.0443513962312266;0.12958321167940678;-0.06987113071222814;-0.025482145380205518;45.1412490440958;23.431237157051036;9.977387092759265;46.481520468471786;37.02426145239418;31.97656061731962;39.318513116047;55.325145959916746;33.01344864417823;35.14843194325732;63.287807564061026;20.889392026107256;39.1885820698469;51.50023779505372;21.074121735759352;47.50956882653951;17.365835849969535;15.654323657529085;13.164448602176332;0.939596332659075;-0.18014637466681482;0.2538361016625537;-0.1510569853456535;-0.12221159078010883;0.36704006415557827;-0.04892655047266013;-0.08923213976650451;0.35257484395386607;-0.00938674398005478;0.006350518429476855;0.19399853341482565;0.016652196025338597;0.05420527700846962;1.0015586659462727;-0.17882320805341362;-0.16348303556540514;0.5081815356421022;-0.010447161207995371;-0.14143056045622068;-0.15754067309634429;0.026250787411225635;-0.03440900266515781;-0.22188139566974402;0.03089849307909444;0.1243736300380463;0.98812849305659;-0.09018470691237838;-0.20546066131802806;0.4138480527835568;-0.0009469429812740319;-0.14753119188864572;-0.16026030490668347;0.012220607528909699;-0.037552718046659876;-0.20361513520557015;0.006627432380786898;0.13316499594228548;0.9334236952849284;-0.004290084990440937;-0.19723126201799;0.3571517892604548;-0.008137624523361964;-0.12797078667562808;-0.13652989288185552;-0.0025394112427972702;-0.04020565110397219;-0.19187435185667015;-0.0022869386031589807;0.11740899632602693;0.8668117425364804;0.07366980424140884;-0.15666366795068687;0.29615870915050335;-0.010862431618497653;-0.09408025355648746;-0.07312630651075104;-0.003244951494698065;-0.036708051399691397;-0.14375450670644768;0.0020791738319578287;24.69196988886835;7.103869608055791;17.283343826097745;22.665453588806777;120.15077154087653;32.82168821612372;33.90802773722174;110.93797890880586;32.178878388421936;37.03541666994646;107.9227619909373;31.309594265978646;36.179734431207734;99.9185275368599;37.88862317673258;39.63238983098885;6.376447117222555;5.003375044545043;5.090939716129165
0.9667271797760778;0.22947811014153432;-0.09931279056011587;-0.44060405986304835;0.19860337964122318;0.2009457045395482;-0.24902348979122405;0.1387917715154551;0.27542484807084927;-0.12753160840559322;0.11796239123740965;0.35083592158181887;-0.10751200628718545;0.03483717657264175;0.5119051954816057;-0.8966202369565724;0.2686222392068347;0.459287056364406;-0.16450260833248387;0.22311623491498875;0.10395631692287419;-0.0022864014974687276;0.19339963513037395;-0.022076653441099024;0.02458283988779022;-0.02029466125274544;0.7321704267054919;-0.6808190603842802;0.3069523824790402;0.45466775705400925;-0.1672582422820298;0.258991110620105;0.013775515279425216;0.02344027845775654;0.18924640576220533;-0.11176093696491247;0.024437432086615373;-0.00315268299039297;0.8894505410428865;-0.4576541544612043;0.28045015825958086;0.37482326406584743;-0.14883579198171873;0.22742103713773923;-0.0454970557889503;-0.002877756364341903;0.15984127439617335;-0.10356663000822353;0.004787522266273245;0.050028914630789664;0.9820954240563545;-0.25201433572218074;0.21000640364601011;0.2215221796501599;-0.12524811547986403;0.17744305153596443;-0.02613760712130834;-0.038261129931854036;0.12377982806319744;-0.07288831702239829;-0.020374075842910847;44.818381429692565;24.175466327901002;9.924282223441748;47.05544129805772;37.981475647695305;32.352467572694614;39.81305551507362;56.77182336107733;33.45481191975227;35.38087115957771;65.55155053742821;21.732513061258214;39.1819743665958;53.17657339405789;22.122655805428572;47.70202000931826;17.629478217785223;15.720651243174787;13.177759169782751;0.9252341574643504;-0.16313469297479757;0.2081431792856336;-0.19481532039598;-0.13189235229369026;0.36394109314957956;-0.06451920079766497;-0.11196730436583363;0.3527828311084132;-0.018034803451469728;-0.017536842685930042;0.1975847269107024;0.00935890005926322;0.06393620932254641;0.9998169002936711;-0.2133072154621428;-0.18168693304984201;0.53613196242266;-0.022360072520971965;-0.15118356104344113;-0.18678655792646343;0.0173547222954263;-0.035525513930150916;-0.2460106612421588;0.02623389146133516;0.10042974316836992;0.989474720406286;-0.10418082531846865;-0.2224651582070893;0.40035948994370185;-0.011975244348259119;-0.15531709522846243;-0.18628349534979455;0.0017799320785054442;-0.040761361889597204;-0.22037146977051988;0.00019062421527639756;0.0818531297546707;0.9385312104519054;-0.001932714140218812;-0.21823368395250545;0.3299436157040511;-0.026063732347955226;-0.13317850463802694;-0.1614127713498257;-0.019594292896729967;-0.04086312070677143;-0.20608573242315123;-0.00972675767166334;0.04963608613387456;0.8776901088434471;0.09005076676644276;-0.1788676789058425;0.27417075179627237;-0.02681555000918341;-0.09676547548821912;-0.09321514079576651;-0.01704176033821451;-0.0332771320700999;-0.15979481570043647;-0.005384935827498381;31.56056380100483;7.0574250173257616;13.681851680045133;24.227447391395078;122.36335058563697;30.702679353413576;35.05702170462507;111.12405065534276;29.34292733149039;38.60964806421804;106.51232946550046;28.3657145227842;37.80025714761367;100.0876060325766;34.59680032209592;44.680534417008374;6.397201361301177;5.9180782762797355;6.216133469108055
0.974956771323048;0.23124702298192198;-0.10674361490468613;-0.4333950208705191;0.2077943153133843;0.19301958358859006;-0.24647993714417787;0.1460293876830568;0.2816066219267028;-0.12545633775825601;0.12371001434067791;0.3473613480736242;-0.103923940950494;0.04633735350316167;0.49618064203206375;-0.899587806518538;0.27668284378085295;0.47105046994113564;-0.1654471230872873;0.22297359406366532;0.09817791413553632;0.002584232168027666;0.18785086755743516;-0.027701055024412013;0.02992908918094386;-0.01573651598377345;0.7269323119848594;-0.6865287873476533;0.3206362920381337;0.4629379364968718;-0.1653798303769234;0.25681419755615176;0.004475129295705696;0.034918640066369584;0.1793218850714809;-0.1190112801889208;0.03381357489793902;-0.001281356622894016;0.892491463570926;-0.4656814877209869;0.29145505900377766;0.38327602068580496;-0.14932550899383423;0.22722037153867744;-0.05156548902849385;0.0077171830486619936;0.15333134102178841;-0.11173793686702824;0.014702432833717836;0.052715632029307076;0.9917828716491995;-0.26180933504492676;0.2161064163930374;0.23153063872664773;-0.12392513017357822;0.17651616736519887;-0.026403333936388183;-0.03167217860070532;0.11886808833957437;-0.08015755446869938;-0.013732376287009096;44.69530039968489;25.571404454254946;9.418907823235791;47.65836439830079;39.370223500719604;33.079981678619404;40.69159110169261;58.87510926658719;34.21297587862164;35.87235197696645;67.32395519308575;23.395700561576334;38.477160641804936;54.31892643311569;25.6554740367874;47.74464910832524;18.091775201297878;15.829137240844963;13.11279124446518;0.9193808591514896;-0.14361287486976002;0.19172350354973813;-0.21957034613946513;-0.12336114129001047;0.3458656270146256;-0.07306823709630678;-0.1234993297325077;0.3468747392638777;-0.024945565629679017;-0.04825059572833934;0.221591594659277;0.0018659660958754455;0.060779760172274364;1.002341486204953;-0.21374529386081917;-0.17578035211587073;0.5412229590397252;-0.03279247811060313;-0.15373352521778996;-0.17255686155180344;0.003065796823764163;-0.051110905306802804;-0.24677296623447395;0.01716838355745644;0.061385576277760534;0.9933947046472354;-0.09694726300354739;-0.20810224809875194;0.39651704497270773;-0.02365423737767558;-0.16375329149101206;-0.171121119557684;-0.015099702501568215;-0.06368201765102206;-0.22117584334714893;-0.008808428479232942;0.01975520576052042;0.9352595269719091;0.008598084829425178;-0.20989895575202147;0.3059302459326856;-0.04200625498271175;-0.14211913029905676;-0.1435709261924657;-0.04133757520203809;-0.0594195696453779;-0.20734896083684592;-0.019979508853738566;-0.025807927837475455;0.8608352361166479;0.10219421710549438;-0.17722755500386236;0.24673349505799297;-0.04347077743143764;-0.10734781269268656;-0.08202669358020478;-0.03212227437684829;-0.04797301171328098;-0.1633896092875132;-0.012465053743845083;34.66264940351431;7.378178387882476;8.50354135487842;22.966727305236834;120.30095558720686;30.131477566681923;31.238599805828965;108.3003978280835;27.678105619423572;36.27146208339175;99.23464112118295;29.071059085092674;37.00963148817994;89.75444607317662;36.9332277189532;46.32784245471937;6.453281724150504;6.51788027297328;6.889888774034262
0.9831863628700184;0.23301242324013655;-0.11423047929921795;-0.4260876512254648;0.2170483615990645;0.18500856150976136;-0.24389402991771741;0.15331814303100127;0.28781923000349197;-0.12335270372965866;0.12949761471360252;0.343828043917103;-0.1002960871100307;0.057933991680068866;0.4802783816006505;-0.9025075923700782;0.28479106480161703;0.4828778660312241;-0.166386325794131;0.22281145366164876;0.09234109858965799;0.0074971149897635515;0.18223834710966944;-0.033372220439680376;0.03531949503562967;-0.011137345721416279;0.7215890150653312;-0.6922320802067229;0.3344132416450707;0.471242309689708;-0.1634715024952133;0.25459728004644033;-0.004906701100522327;0.04649420765347575;0.1692961633004379;-0.12631508566207186;0.043268687644753036;0.0006063883250266302;0.8954858228738135;-0.4737406730403402;0.302532034215529;0.3917710850599112;-0.14980726912945835;0.22699935283980052;-0.05768260312657129;0.01840385415709836;0.1467521019135911;-0.1199713301709105;0.024702574886540776;0.055421455321161814;1.0014735689304417;-0.2716682885283135;0.22224191344676125;0.24160739192274197;-0.12258046505497186;0.1755667505627675;-0.026669215495845763;-0.025023193572001327;0.11390379715314582;-0.0874836000423288;-0.007031652018469873;44.57435308485604;26.96760465733542;8.902996867025507;48.26925252112531;40.8136796058851;33.870771100644745;41.54087549312101;61.05659851240191;34.97293646469874;36.34875200474472;69.11214671693794;25.040876392565337;37.83604249307138;55.44677768903748;29.21650847488438;47.795435432402755;18.571347079049897;15.944065133428667;13.051758234665014;0.9135275608386288;-0.12178034931024476;0.17322900390882473;-0.24651195078922053;-0.11370795070327833;0.32525656191775587;-0.08237750649331332;-0.1360106952775705;0.33970568355031533;-0.032534036313734326;-0.08209222277087543;0.24770293200443008;-0.006415288727868427;0.057180170185120185;1.003275065643621;-0.21383359249776554;-0.16892968120094454;0.5458453585708092;-0.044256950301646523;-0.15626601333434004;-0.15651721600729804;-0.012725534235205263;-0.0682342165626861;-0.24715831535228563;0.007121504914422555;0.018137995336714934;0.9958864085551761;-0.08877654183531954;-0.1918496363560989;0.39153811396929666;-0.03651278997993614;-0.1727700325403331;-0.1540537564043684;-0.033719486738942754;-0.08888567393190205;-0.2216550508855473;-0.018733804787728386;-0.04888389501309613;0.9299138683104914;0.0202160435073392;-0.2003026375012075;0.2788352211697392;-0.05954095990105882;-0.151733185858643;-0.12359442434225378;-0.06528189316378973;-0.0798097692640868;-0.20836068231732646;-0.031269226569197256;-0.10910674662415625;0.8406213499577383;0.11542049115553915;-0.175087563252095;0.2159655195114207;-0.06179013024134386;-0.11883991087157793;-0.06951444257818135;-0.04872297377853992;-0.06411944563571385;-0.16705849563943037;-0.02026372265074822;38.18050803909957;8.73502197989418;5.058024089219391;21.604917787473784;117.42277576498944;29.909620169762412;27.046722612091727;104.68192018047313;26.52833289179601;34.37175206436263;90.14583953269211;30.851596128366204;37.416572488898616;77.77842535447706;39.752176698391935;48.885666651259285;7.258613341243438;7.519602150954129;7.840922459339908
0.9867173041590236;0.23421500035860476;-0.11905127588031802;-0.4211153895019546;0.22007812809744384;0.17729475328455305;-0.24273414266123033;0.155551286460956;0.28821065668729;-0.12178625152569135;0.13391545945101913;0.3402775061484817;-0.09793660137634984;0.06745073102275288;0.4680697192888091;-0.9092232000513303;0.2868036393798852;0.4844514003989302;-0.16487747137094985;0.2219372529911036;0.0908144860741501;0.01340874597570262;0.17799190520290334;-0.03436454515679798;0.04048316677350661;-0.004835766612925028;0.7138390098981173;-0.7002931409837888;0.33856285209921355;0.47221739009623204;-0.15993186349541882;0.2521367361476811;-0.010596066799542652;0.0576996111298735;0.1624333795136551;-0.12813718358939977;0.05189131945539326;0.004828689187843597;0.8921278193626013;-0.48238038728799226;0.3063174232184279;0.39238863083965847;-0.14705765809272858;0.2242819509914034;-0.06568367890261471;0.029714152722147374;0.14085072607883356;-0.12441095092663675;0.03363325253153926;0.059331156462562276;1.000936951749425;-0.280689306329833;0.22452475722560633;0.24266276520560898;-0.11812470304275781;0.1734808474183743;-0.03002589561775136;-0.017232749272418035;0.10952810001483315;-0.0938624412679667;-0.0006651442467353429;44.15937852629604;28.040087055370655;8.488651434927336;48.799719677070996;41.552500599286866;34.135208981966166;42.05826305410024;62.87404737457383;34.86201408873673;36.62782478889723;71.6198017934199;25.002717800521108;37.6647327627408;57.136835544319375;31.18208207008738;47.60764096378972;18.739926660478563;16.060107629446915;13.075314941394039;0.917849315768826;-0.10347783113363311;0.16190033540656945;-0.2650004823624577;-0.1037467525442444;0.311898058162775;-0.08897745205923661;-0.14274909306774017;0.33520039875781643;-0.038247345008945936;-0.10782459003569067;0.2710028564362762;-0.013249996451661116;0.05600436892277412;1.0053363542322602;-0.20657757007456096;-0.16612885893863616;0.5373104613669405;-0.05408353067383961;-0.15726541622597234;-0.13316505207549204;-0.02838061264348568;-0.08002478564348092;-0.24008538065903612;-0.003430738867715241;-0.012405870484382695;0.9970081154859056;-0.07629490174820325;-0.18198437520581687;0.38757133349464845;-0.04870296402194303;-0.1789122844127128;-0.13347954145810373;-0.05309404338597329;-0.10624649332877159;-0.21563387383996743;-0.0298273345335098;-0.0976251692131144;0.9248995290745008;0.03408272025725062;-0.19252888399099233;0.2615527386579692;-0.07334786082181266;-0.15802090218648426;-0.10302526059141354;-0.08684289642978507;-0.09368986107397656;-0.2023617030524702;-0.0427184630552498;-0.16826038124098872;0.8253561364393187;0.12951355483502383;-0.1706768875336736;0.19594655202166306;-0.07487746202670614;-0.12549314062050934;-0.056463301513304844;-0.06332816565129716;-0.07585422026467827;-0.16149170020531906;-0.028690113006478956;40.4589313710979;10.237354682898252;3.6569697650061728;21.035017414468594;111.92767374410018;31.988387992686004;24.418311324510938;99.65785995933759;27.329715604829687;33.56257806499117;81.81266793548755;33.403312727061255;38.34819540522081;68.37528074830409;41.65135703582044;51.00515610897864;8.186099086121722;8.372510294125245;8.604442814842013
0.9812873553246756;0.23428772292741912;-0.11867913461903924;-0.4206533152699999;0.21130525630576738;0.17040927939449854;-0.24425885022134255;0.14820947932086062;0.27764646346663086;-0.12127029941854282;0.13558206536836656;0.3367868591863192;-0.09803052169647528;0.07270003694905158;0.46318588299141106;-0.9226775712110379;0.2772848404656192;0.4666961332308374;-0.15881956829528118;0.21973439153495342;0.09740832451677077;0.020964110565595183;0.17644367976561467;-0.02655037377138594;0.045020107088307684;0.004415075826821931;0.7017856747342812;-0.7123744618128821;0.32447755102438197;0.4593662759872349;-0.15345114282074307;0.24928164059307956;-0.009150524143135526;0.06777707072192027;0.16173637872690874;-0.11960533092769497;0.05861921835214677;0.013262427882588057;0.8768854833553784;-0.4917168810463235;0.296261160847256;0.378176824850243;-0.13834128179059021;0.216963514420147;-0.07690034783672443;0.041757608813906465;0.13642623157813386;-0.12155909578736762;0.0402158581627454;0.06533933406449188;0.9811361435473701;-0.28776113613151166;0.21947535354212122;0.22674844730988758;-0.10799619558511182;0.1693236094896642;-0.039040395202111854;-0.007598992648070194;0.10640787329579587;-0.09821187409671175;0.00483266139769686;43.190837381640165;28.48916356073368;8.357372537983233;49.153538427455906;40.956275785679296;33.25446403768185;42.015395811438154;63.9056657272362;33.07269493207622;36.59188721981797;75.43128300483002;21.84919614961971;38.37843295666106;59.85825334457599;30.041126106739558;46.97641711798858;18.292168188704615;16.154455443296914;13.24608809948456;0.941576118766976;-0.09615014211282874;0.1676797096323984;-0.26373039991436165;-0.09542597221122494;0.3166792960638999;-0.08912601292917126;-0.13701926036431203;0.3379677254946957;-0.03920026019849259;-0.1125919125696971;0.28496596200043545;-0.015889928640518636;0.06010273241330701;1.0123918819886173;-0.18661457454866223;-0.17252885597049372;0.5056636130905807;-0.058876183503163225;-0.15547874954145738;-0.10007068947127361;-0.040806607625041805;-0.07905447735176219;-0.22014511135163323;-0.012957831669497929;-0.011518471920122012;0.9982609629760482;-0.05781327358624681;-0.18744057258043811;0.3876160462826576;-0.057331463443868726;-0.17864005729782637;-0.11027260208721487;-0.07038407277606976;-0.10480035398084767;-0.19838996512351287;-0.041204685248775144;-0.09720393868553426;0.9244041442389824;0.04987902369124603;-0.19052855192969312;0.2681652304522928;-0.07720668235052801;-0.15689272589405784;-0.08558451072732746;-0.09969244415657315;-0.0920791177028031;-0.1840687493992809;-0.05239534477278105;-0.16791074529200364;0.825572899174476;0.14301182852604216;-0.1630912576605203;0.20203250165866243;-0.07513821752726715;-0.12151833622957685;-0.045042139420793874;-0.07128044026392416;-0.07667716373849545;-0.1389479925946038;-0.03682916262676954;40.015081259941645;10.34907850633054;3.2069424132604256;22.378437482907483;102.12318032823303;38.21912842771305;25.386340762043915;93.11359237736914;30.550407391489625;33.40681095596587;77.77800335650149;35.40829444802273;37.42476345844446;66.29218931757957;40.944180495496;50.78100806022428;8.172698381655941;8.323738007316125;8.534848715848684
0.9758574064903274;0.2342742893412991;-0.11827833149401176;-0.4200582598452801;0.20277843019244104;0.16371529029082016;-0.24564066244452212;0.14108378359639656;0.26737028972871063;-0.12073002979379649;0.13713930704111052;0.33330405401726;-0.09808606692597654;0.07773115439389629;0.45831587621709724;-0.9353103009382528;0.2680158974034859;0.4494249215616812;-0.15292696650589574;0.21753391425313465;0.10372591941655386;0.028235253352709284;0.1748892867374092;-0.01901297162829289;0.049374816880572464;0.013325489109678222;0.6899237568060511;-0.7237593806885081;0.31079255758690433;0.44682219173966675;-0.14715312425091026;0.24644229070912282;-0.007754670367581643;0.07746124229566623;0.16100727142105925;-0.11134337428274899;0.06507978625570356;0.021382514800208932;0.8618889770479448;-0.5005361501174804;0.2864676789352248;0.36435082370368455;-0.1298948836851701;0.20983583155708033;-0.08767874860065972;0.053345035455857816;0.1321151873045135;-0.11876838368772108;0.046543013197552385;0.07110414903732165;0.9617109891405118;-0.2944713782932815;0.21453269439100103;0.21133626082626503;-0.09820020627225774;0.1652583087238677;-0.04771078349073426;0.001684590194106777;0.10336401938375527;-0.10236698897409102;0.010127361759599314;42.23960762066338;28.926714433312153;8.340194682945876;49.49346948652465;40.49077117022135;32.32167341317221;42.012727955934196;64.93668606759486;31.241922192263832;36.612950861039884;79.11300425020654;18.762257499276508;39.22380511733085;62.445436587019074;28.795369869746256;46.380079403040924;17.85099661301495;16.229654208033192;13.404830631749547;0.965302921765126;-0.08911891778201689;0.17314703886260327;-0.2624323396143395;-0.08744625362404222;0.3211452166525349;-0.0892393077833551;-0.13150138309682136;0.3405028641712249;-0.04009801370877456;-0.11711009704226463;0.29821375511394443;-0.0184068227451451;0.06399870303928057;1.018807013881986;-0.16748344234119972;-0.17858752522349783;0.4752680957169608;-0.06343582142913912;-0.1537219553526887;-0.06842260854544242;-0.052664387258322884;-0.07810212157356201;-0.20102491932536615;-0.02205515765081675;-0.010667016171426562;0.9991371773123773;-0.04013870548801535;-0.1925928146126005;0.38753425033413746;-0.06555608512701999;-0.17832260806678835;-0.08806696577362931;-0.08687909450940454;-0.10338515380584014;-0.18185266724673482;-0.05206053890052504;-0.09677030165459076;0.9236339496771003;0.06495363548771967;-0.18855637864123287;0.2743961810495083;-0.0808683179029394;-0.1557645511093091;-0.06889540093351183;-0.11193593963580468;-0.09051075322788965;-0.16653387094868674;-0.061623099894023536;-0.16752279182124796;0.8255147852584193;0.15586115419778618;-0.15579211244509653;0.207781675720991;-0.07536318813856735;-0.1176820640325079;-0.03411672709667042;-0.07885456543920387;-0.07743871331625823;-0.11736674824210214;-0.044592785547850594;39.56008036329684;10.476606139224101;2.9982520726610526;24.035481600504948;91.09594603627302;45.22228727669519;26.446574154652904;86.43293031866358;33.58677261859666;33.350787674728814;73.76910677594441;36.933428141316945;36.63793923603189;64.13706282826134;39.29693262613495;50.58249469530111;8.168603970844613;8.27652597647583;8.464589120854727
0.9734506272075846;0.23559928957938064;-0.11755954624142961;-0.41761563211767083;0.200006374042242;0.16324820492376818;-0.24377773109594628;0.13790497129722107;0.2611608255530778;-0.11742433429594888;0.13650470879613866;0.3302397143415109;-0.09482640348596602;0.08315111146984065;0.45931488658780234;-0.9392625588670699;0.2639876499522202;0.44054700257086793;-0.14596568317806818;0.21595533391375626;0.10876005943111938;0.0348887185210082;0.1744518623941397;-0.013178199446039896;0.05314995610140858;0.019114451136924906;0.686264952119273;-0.7271004423396168;0.30464644603499547;0.4396543911931734;-0.140698979431881;0.24435371788643945;-0.006405434240347806;0.08410286684905503;0.1604750698998312;-0.1067446150989943;0.06908145737008607;0.025683829604154745;0.8559768171389683;-0.502170630544796;0.28277997666337684;0.35551659065893887;-0.1220947182653686;0.20359023292880296;-0.09678184534966865;0.060764595064725424;0.12785416278052655;-0.11968071842613483;0.04999755061649749;0.073171905997386;0.952585048171688;-0.2945896623504175;0.21295035251190747;0.2005555836533152;-0.09058675796759076;0.161159732330835;-0.057556158640557305;0.007720465539131618;0.10025566465731624;-0.1077383662125181;0.013175274976078405;42.26150004639742;28.85407540484177;8.518365697742906;49.808434563135044;40.06192674416487;31.47947778233898;42.18182200139464;65.27864453202052;30.27768476872218;37.01034077574828;81.75730067953455;17.055596140878713;40.353579817330896;65.1123702862678;27.458560727112573;46.28492694603589;17.603651469171762;16.256786042870186;13.473000797413677;0.9744778613837268;-0.08526162834678443;0.18271680655667938;-0.25792335361311164;-0.08213202383338168;0.32199252122365263;-0.0872473373208016;-0.12697703757942047;0.33973828670911904;-0.0397015562622516;-0.11828363265073141;0.30526513203617944;-0.01915553668211137;0.06683130176411015;1.021414337374513;-0.14665997426129884;-0.177157667356954;0.4522260694320709;-0.06264476891093837;-0.15204940321638669;-0.04614857979665676;-0.058756040633476544;-0.07837254293634438;-0.18096323580271353;-0.02765611456422202;-0.009367473926180666;0.9997220320990197;-0.021635826031124468;-0.18777913392359277;0.3850589802849819;-0.06446841364199414;-0.17377644001850212;-0.0675194803917996;-0.09366161498147456;-0.10173141016141389;-0.1639463735495454;-0.057830757442006574;-0.09550141265227499;0.9259132923604114;0.0802837697926376;-0.17893146646616973;0.2809361768668674;-0.07574938616023903;-0.15135800114959982;-0.051567159141604736;-0.11358561300621561;-0.09004911835611087;-0.14724323323998773;-0.06504964494242635;-0.16702158155455143;0.8297467264169932;0.16765583859112262;-0.144689930207162;0.21576910896224968;-0.06885241888076045;-0.11227048746978674;-0.020773663149176815;-0.07836810595139747;-0.07724144185261653;-0.09748965057118443;-0.04671837255842799;38.24260525055428;10.418312216305653;2.9780370365881135;24.91546106254167;83.25241368875999;49.53853681112362;26.38296924196924;81.94157919813746;35.61362693008387;31.834592537351774;71.55317528399002;37.7335066795478;34.26150376066225;62.54836963586976;38.706246214883805;49.74430088522187;8.122820781733015;8.163734640553507;8.301304570844659
0.9746083183271452;0.23858560592548977;-0.11647369541236047;-0.4130443855257067;0.20381702711941868;0.16999559052415592;-0.2381520443494791;0.1391879367812689;0.2594570598677464;-0.11081714954974961;0.1333470821943324;0.32761581513640853;-0.08762637813462862;0.08926686525495538;0.46725177464403056;-0.9335936592234919;0.26591249306818127;0.44110695849158077;-0.13751794158452063;0.21508468737261954;0.11254900003349995;0.04111438995581509;0.17533101314118685;-0.009070698228039;0.05642629091350364;0.021543759614818;0.6921043166241747;-0.721475904886534;0.30703017500850155;0.43851069618635014;-0.13383212354328838;0.24310799755392964;-0.005055571521029034;0.08752806988277705;0.1601892470111372;-0.10621294695113176;0.07042719332725014;0.025759897920627696;0.8605303941290605;-0.49570318370693506;0.28606351406667585;0.352171504233048;-0.11474783059571945;0.19815583476072543;-0.10435330245387216;0.0636943602288038;0.1235064425637129;-0.12493866959849739;0.05029066432247766;0.0710742684952024;0.9552191040177809;-0.28717454387080493;0.21523790632446774;0.1947273343913225;-0.08520072876309559;0.15689353609136442;-0.0691828192026908;0.01025821205753177;0.09696921240750384;-0.11476549152249076;0.013758264307636686;43.41012183634468;28.19989393385042;8.861228946813753;50.10967111085491;39.56391274734839;30.77482983034529;42.52374672263775;64.80267208075189;30.364586368273187;37.81166673865871;83.34613995945138;16.879390298929142;41.72282029677577;68.04955362428379;25.995563222269844;46.75398262450762;17.578294010543097;16.243827054515393;13.446108760424739;0.9664954152092532;-0.08486512777262818;0.19716838292192473;-0.24966737805632278;-0.07966541248217132;0.318783469641012;-0.0828278875851542;-0.12343995624509306;0.33523031970299244;-0.03783650941479383;-0.11572345615866281;0.3055346528019217;-0.017935101755341812;0.06854544702570609;1.0197843720409039;-0.12334120195385358;-0.16725599174268724;0.43679796083267897;-0.0558085635181045;-0.1504206498760898;-0.033794164487756795;-0.058529215450005355;-0.08002463251296595;-0.1592718064744224;-0.029479755974535962;-0.007526808176641581;0.9999702643849349;-0.0016785424020686343;-0.17161007626278188;0.3798107556736097;-0.052869088900974574;-0.1643390104329386;-0.048256857290559514;-0.08970330225948084;-0.0997600274427807;-0.14399045940855018;-0.05803923072879941;-0.0932544029141845;0.9316652511371212;0.09633169744248786;-0.16041881854357815;0.2880012690000688;-0.06060320850508875;-0.14313413796419125;-0.03302976782899156;-0.10335744338576808;-0.09081762341519665;-0.12542912693925895;-0.06204292194198478;-0.16637457083938734;0.8389047560067406;0.17859205893459135;-0.12899138664851276;0.22649509077417293;-0.0545764265435289;-0.1049307531550129;-0.0043331874392327045;-0.06879517387957357;-0.07595767244545577;-0.07896732207783626;-0.04255809426905912;35.97497934370471;10.131076618197703;2.9514204673731372;24.618629125955874;79.86865731596212;50.01353769560415;24.863712771733862;79.63373691586267;36.85461581860892;28.433406662811727;70.8873340732326;38.17671838535515;29.888310145518947;60.80502301728547;40.38783379400544;48.17493198547209;8.014590377850448;7.967166602783187;8.036297091802528
0.975766009446706;0.24158794618481735;-0.11536721489115376;-0.40839192137264857;0.207655457162174;0.17680606493795573;-0.2324460852344406;0.14047511396112572;0.2577153377989791;-0.10412798935062735;0.13014442337760745;0.324938702788003;-0.08033943547981764;0.09544452326385977;0.4752434038648381;-0.927793346833472;0.2678394966656095;0.44164104678485067;-0.12896569242578998;0.21418863528934745;0.11637212284322596;0.04740670257640329;0.17620722607705708;-0.0049165926412934454;0.05973516234569891;0.023998671363521646;0.6979585822551144;-0.7157359018724828;0.30941820216608135;0.4373222668161502;-0.12687871125556568;0.24183063510464106;-0.0036902419227910145;0.09098520917170395;0.15988855867764518;-0.10566759522085313;0.07178285172446479;0.025834940693984065;0.8650722219098701;-0.4891272887408861;0.28936294152745895;0.3487633492924808;-0.1073104073550958;0.1926462172297103;-0.11200184734529867;0.06665225610923643;0.11910109538163893;-0.1302463318239409;0.05058339334530272;0.0689479911240218;0.9578130429590626;-0.2796555668130092;0.2175353688617307;0.18881971015981133;-0.07974824903946932;0.15256819279016812;-0.080934488102677;0.01282359681557448;0.0936389368084311;-0.12186285766395243;0.014346772378482114;44.5523533606671;27.558201341904887;9.26236830269956;50.415751811612296;39.06277330401586;30.063882474930253;42.87251532323904;64.31083935249848;30.455179091487608;38.62917910588219;84.95255886880103;16.693235221948807;43.134336360544104;70.96226014380564;24.453220989195923;47.22685763704088;17.553490031910897;16.231159240238057;13.42030770574088;0.9585129690347796;-0.08444184035370873;0.2113066319885384;-0.24144839461833117;-0.07720786473513784;0.31550188537844104;-0.07844815883480799;-0.11991226560576543;0.3306645896184992;-0.035987095405620416;-0.11315973847269795;0.3056800161170836;-0.016727571234827304;0.07020472749950074;1.0177813224774273;-0.10035496569600987;-0.15745048987242682;0.421450644877539;-0.04906214378513948;-0.1487595421624095;-0.02162829579740535;-0.05828315444604382;-0.08161837159552399;-0.13787224968641082;-0.03126205604025462;-0.0057132570097872945;0.9998225008699059;0.01795342442508815;-0.155637854794246;0.37449938563898205;-0.04143850094278159;-0.15499131509194644;-0.0292899481625703;-0.0857744836465902;-0.097781743308333;-0.12430406012879525;-0.05822155024571177;-0.09100754364616936;0.936958090678704;0.11207974683017605;-0.14214567257509245;0.294838079655004;-0.04568066917401829;-0.13498849840120217;-0.01478221313052795;-0.09325582556160857;-0.09153797977070804;-0.10392216167520313;-0.059060991711511045;-0.1656729171526921;0.8475843906381085;0.1892796515176615;-0.11349869860301387;0.2369571030488518;-0.04051222146780846;-0.09766977536494449;0.011840454173173642;-0.05935163798469052;-0.07466509980973536;-0.06071657880955377;-0.03844908761998528;33.79849319948836;9.844522112586626;2.9287717603071743;24.30628778449555;76.3926768581785;49.92015832514761;23.242918654551918;76.80513757937487;38.16746150704333;24.950261300494468;69.47348154282301;38.534923215269295;25.592794788320514;57.75876433987982;41.952127315542775;46.6748812066502;7.898736188497277;7.764763340475588;7.7824606635297116
0.976798959318299;0.2439793176499546;-0.11340748804361234;-0.40327926711208895;0.2111156753347981;0.1828172015918994;-0.22780334307384342;0.14188253085288072;0.25734838537371724;-0.09927418025745029;0.12791954695566998;0.32383252416834457;-0.07505844015992566;0.09991767221784705;0.48248837957956653;-0.9217766708825548;0.2700911957110408;0.4444562419300865;-0.12181681389983158;0.21372223094586412;0.11937193449595736;0.052869005527272445;0.17626796277510895;-0.0017995095439536056;0.06256838275978353;0.024894307245211786;0.7034682970600983;-0.7102905240098212;0.31248906492669065;0.4381056010662437;-0.1218403714201687;0.2413351780669939;-0.0034203970245437515;0.09345336113671938;0.1594515702916617;-0.1071465111102858;0.07272441163914146;0.024713208419558538;0.8692728590324955;-0.4834021474218549;0.29303913581393887;0.3485698371652964;-0.10216066124658134;0.19015392717575277;-0.11529824380956746;0.06823092510433412;0.11701593959290657;-0.13523456633755845;0.05049866406989136;0.06641211716032171;0.9601393622072322;-0.2732948476968157;0.22017024794628023;0.1866515744718408;-0.07608283273398761;0.15106985871406955;-0.08715372751881244;0.013966451059349608;0.09283126311605872;-0.12659199151058995;0.014256957044421273;45.41599943048301;26.98748127222625;9.586720978426632;50.687066156604665;38.7440826816026;29.517752269308584;43.153822920750734;64.0320291082518;30.84684851366348;39.241286242160506;85.47614766316762;17.21356789333414;44.055327664105015;72.2397707400962;23.68614807430845;47.64262252168649;17.535805361414802;16.193030854008512;13.388882539592851;0.953589674220977;-0.08431427738114765;0.22126011201075926;-0.2354499065762498;-0.07540469204821988;0.3131697819103224;-0.07458406550784352;-0.11680788899448183;0.327279732208811;-0.03367654170013641;-0.11064749903227335;0.3065356414764148;-0.014809985077784745;0.07134923495914333;1.017829096670363;-0.08267080991211838;-0.14875166979938761;0.4124815413542998;-0.042125032910759655;-0.14599779821780362;-0.01011098550504204;-0.056450023759127686;-0.081682922297133;-0.12369460174225694;-0.03139893465049688;-0.004379344130189265;0.9994202923818937;0.03376241283261294;-0.14559670978992523;0.3675529993219777;-0.0331697024322529;-0.14853272855630906;-0.015531717138571668;-0.08350293052778084;-0.09613343697282437;-0.11179165173018138;-0.058167929965979095;-0.08905686378380477;0.9386802944934578;0.1258247682458096;-0.1308478037473323;0.29542191388409417;-0.03540973647051004;-0.12953061374077762;-0.0018253365332562296;-0.08776411784015939;-0.0918406831105686;-0.08804407930997606;-0.057615845957523795;-0.16417817483838998;0.8515018427357895;0.200374279181908;-0.10394902749616401;0.24071159498381553;-0.031029854673419732;-0.09305823583079391;0.021935447444330458;-0.053633043890074235;-0.07377658194620397;-0.04828453924307701;-0.03582859105223698;32.40927157999735;9.617659371946536;2.940512614691254;23.761389436665603;73.23998788888098;51.02606423703443;22.37592104855163;74.02078450277959;39.67855944262329;23.05174225630817;67.43406870291949;38.455526819510794;23.30833716675129;54.960916320137606;42.20917140837263;45.71874303832325;7.82630511552716;7.6559051442304655;7.645487644935431
0.9775654893060982;0.2450408621540227;-0.10962045041043397;-0.39725607792774525;0.21373901765328715;0.18704599068666924;-0.22554551721576044;0.14355213043218878;0.26000524960783444;-0.09847605392398633;0.1278593180718792;0.32619148207309573;-0.07420648503203064;0.10064402949863141;0.4880837371624139;-0.9154419118563173;0.2730549084099366;0.4522563787007878;-0.11780795350111302;0.21421781823093655;0.12056079363699429;0.056474497474087434;0.17456986053950183;-0.0009722423497213128;0.0643437490999645;0.02238754033780808;0.7082437768370025;-0.7056128900532368;0.317048063616502;0.4432197633025311;-0.12103546195534466;0.24257198482789205;-0.0055394744718696405;0.09375241040396853;0.15873820186359133;-0.11303022158254705;0.07276205868750935;0.020998666623334737;0.8727763868190833;-0.47963581567115443;0.2975288700820623;0.3554147431407655;-0.10205497322787176;0.19427722230163866;-0.10909476658080025;0.06679689581636909;0.12001660637686262;-0.13949105090125233;0.04959780628944501;0.06301616336765979;0.9619566729001423;-0.2695477613464108;0.22353598105982184;0.19266825319813677;-0.07635374122717029;0.15575875162899822;-0.08127054426422207;0.012001155075669843;0.09753506810428537;-0.1261289363912487;0.012692138573142962;45.68978083402041;26.539921924787603;9.648876030735492;50.86585175751978;38.81939686231355;29.324881848610723;43.27749817465376;64.24066998851113;31.86419577356176;39.38623662068426;83.64903133033184;19.271372680827767;43.86085189584704;70.13181192108448;24.670902080976937;47.93262621609501;17.53213072505769;16.098655927783952;13.343042270916516;0.955200054220404;-0.08485823010713113;0.22283550150714515;-0.23410232832150826;-0.07497500099259184;0.31296824632188147;-0.07174515409146827;-0.11458243217694351;0.32649176735951296;-0.030355578905116132;-0.10824529811558312;0.3091021767973334;-0.011357788662613362;0.07148909936403558;1.0228354053162911;-0.07569446541470791;-0.14223484318071417;0.41692937606739233;-0.034624614808700126;-0.14094150649261075;0.0003521518661591596;-0.05126875075736554;-0.07858887122060086;-0.12437982763136196;-0.028102950598362392;-0.004019372747421573;0.9991097860178925;0.04199381056772907;-0.14783372264151048;0.35721637228562003;-0.03133822677771743;-0.14806165235202093;-0.012349559012895962;-0.084704047222423;-0.09519458246166164;-0.11407937031094974;-0.057654280570312556;-0.08773185877369037;0.9335470321763141;0.13581775968954377;-0.1339779533522212;0.2830741062264936;-0.03465257913827086;-0.12965247545978628;0.00037004586474892714;-0.09186257415097496;-0.09133282953326197;-0.08361311975867419;-0.059396347221771645;-0.16108118108297168;0.8460650897920384;0.2127549266242153;-0.10668947466562474;0.23063132296635944;-0.030933453866464216;-0.09394582264114906;0.019550559046769077;-0.05561755298391848;-0.07375964157738336;-0.047767208941217484;-0.036286318770660304;32.52503740270846;9.51957436592983;3.0277325484484026;22.76976635896563;70.6405640904338;56.27234240501711;23.32166357924244;72.33306699635203;41.58624789281578;24.657274251946973;65.63066968662564;37.697221353224194;25.053587459861834;55.0802705453116;40.53811157583838;45.78497405194906;7.861252890219324;7.7587631271566275;7.740445437356995
0.9783320192938976;0.24610626662154428;-0.10576831333142347;-0.3911177196278951;0.2163923417971046;0.19133132741412506;-0.22324052135355923;0.1452404192828416;0.2626902073715689;-0.0976602751844352;0.12779147382585193;0.3285704091627036;-0.07333729972270031;0.10137652488725162;0.493741363457885;-0.9089600623166967;0.2760508451085368;0.4601552239933971;-0.1137300883376742;0.2147099995469228;0.1217620036858271;0.06013357635766399;0.1728360242894484;-0.00013195302965313355;0.06614359576555133;0.01984029972296797;0.7130571830713518;-0.7008250967090516;0.3216620047843794;0.44839098994690807;-0.12021161670240041;0.24381552844487947;-0.007691489650693855;0.09405125723299596;0.15800536587612207;-0.119000290283696;0.07279649971742036;0.0172247858919862;0.8762893126948867;-0.4757854038063968;0.3020734791770438;0.36234843244743065;-0.10194230338235159;0.19845503364866943;-0.10278832799855513;0.06533689612057088;0.12305806127672088;-0.14380699850840467;0.04868023548608626;0.05956367380399975;0.963752289175209;-0.26572785786624264;0.2269428254010345;0.19876922000427347;-0.07662491380516287;0.16051303891430305;-0.07529087351994786;0.010004417454004724;0.10230753906772627;-0.1256520399489497;0.01110212182703171;45.947015533014756;26.09032111675733;9.717146886581705;51.029302941923405;38.893589563514645;29.123351144260457;43.3991467094908;64.45516915989187;32.86397221044194;39.53172553994615;81.79309953652572;21.347904413626875;43.67958893444843;68.0114863762457;25.6757115600402;48.22679383120959;17.528327932637897;16.00226552474926;13.296664432463896;0.9568104342198308;-0.08539455258684925;0.22439034307132533;-0.23274360417082737;-0.07454173370593332;0.31274624620052816;-0.06891126241226324;-0.11235696495384129;0.32568446259290124;-0.02704411115896704;-0.10584412994851496;0.3116388836728795;-0.007916828410007232;0.07162364277595613;1.02775513358301;-0.06873726059728116;-0.13573105839422317;0.42133354841698006;-0.02714793619925527;-0.13589326537184987;0.010778882132371275;-0.04610202731939453;-0.0755002642490511;-0.12505425927187053;-0.02481652707706042;-0.0036603812660068627;0.9987327918547161;0.05019374545769538;-0.15005295910860184;0.3468915308976887;-0.029511000349498877;-0.14758220114092255;-0.009177630979060925;-0.08589525895273771;-0.09425255482068913;-0.11635141891896944;-0.05713851825136907;-0.08640552807532588;0.928368486006922;0.14576681762842505;-0.1370881579174612;0.27075009173398396;-0.03389571118140707;-0.12976514532969566;0.0025577692714929103;-0.09594056651279491;-0.09082056527547072;-0.07919191334299634;-0.061166640339644945;-0.15798406289816114;0.8405900245232142;0.2250781349207974;-0.10941317735871056;0.22057050583675464;-0.030835296313414303;-0.09482396971910646;0.01717264142135202;-0.05759140008967115;-0.07373777191857059;-0.04724844715575369;-0.036740000879231335;32.64360847779502;9.426759904317759;3.1224869539704065;21.799584602374914;67.67951945131465;61.860526600630386;24.29908767873483;70.63491601951151;43.482939923636714;26.337953110621353;63.834099893271365;36.85832101025662;26.877329661100987;55.099452447683554;38.90750744264248;45.84770986128479;7.899422079900242;7.86693053582691;7.840440816940748
0.9765694184254756;0.24665439102642456;-0.10287533426959038;-0.3897254200016974;0.21654815464664204;0.19462188193141158;-0.22194867208630586;0.14503971315738196;0.2622257045860372;-0.09640844345982713;0.1275553270713811;0.33105942718807624;-0.07189337089101812;0.10262797843249043;0.4971742843740739;-0.9079961064846471;0.2751118803550201;0.4654854451003254;-0.11246197943604119;0.2145687825370246;0.12332780366405217;0.06123126825632887;0.17163739225813585;0.0011665413234691637;0.06688156545040497;0.020356934121422268;0.7143575357574714;-0.6994847434645655;0.3209768594366731;0.45233919381576676;-0.11846113665477771;0.2438897902295938;-0.01179993182041254;0.09603374213390799;0.15553171917952713;-0.12459488105062842;0.07407235856592716;0.01732339893433535;0.8766447424134091;-0.4740330416986062;0.3020676710454391;0.36601601575675247;-0.100497254473203;0.19906442753538228;-0.10590420429167224;0.06631580159992503;0.12159729913284908;-0.1478826680384791;0.04924486431234817;0.05914661971744458;0.9636338087469759;-0.2634310834564318;0.2266922778734187;0.20037848274047704;-0.07524249493536524;0.16231394561639664;-0.07492496273242633;0.010373873935125087;0.10324341283545041;-0.1279032616638864;0.011109729901757159;46.1328322768404;25.705783629041722;9.933636683226048;50.97190125182405;38.91751651823011;29.022437225767032;43.33467553538227;65.56015850083544;33.501470463918004;39.37941100265243;82.59010593405728;21.82424670663841;43.49976036642068;67.90359580965203;26.264163691135096;48.14094652022983;17.453952852223157;15.993673214425275;13.318199468795465;0.9584863392017972;-0.08576831414988283;0.22909334272806955;-0.23041273085092437;-0.07459304345390855;0.31467876982805865;-0.06633450543629746;-0.11176652189338776;0.3251657382705779;-0.024540670987212725;-0.10487988064219854;0.3116011214787939;-0.005506184677724952;0.06930654162279126;1.031153705489532;-0.06320362902349323;-0.13034327757963482;0.4212507966176193;-0.0218763716388601;-0.13294915909884136;0.018458107791837375;-0.04240242370997063;-0.07506775852576797;-0.12367808927956289;-0.022784522771931562;-0.006325968893877678;0.9984252713243199;0.055740108526191406;-0.1483917952742341;0.34202655383459724;-0.025883749908925956;-0.14624789048438386;-0.006805039464060429;-0.08550551058364572;-0.09392862502331664;-0.11575300175892689;-0.05715463527633505;-0.08867797893216636;0.9245264611927123;0.15172653911795372;-0.13783433314128918;0.26444509250136844;-0.03146208573219879;-0.12886325663708414;0.005085908645515591;-0.0977825880377993;-0.08995942991555739;-0.077824490152545;-0.06284567248597873;-0.16006239697727126;0.8329400360112749;0.23181866769018708;-0.11060329893181461;0.21611419304463678;-0.029542333578571382;-0.09450494328545007;0.01597886252982779;-0.05858003812994786;-0.07284515023416878;-0.04796443741537768;-0.037607708355354236;32.30133390291591;9.353308569520474;3.144362527337458;21.015987050594557;65.23585637636138;65.1510901845229;24.16275032764072;70.08092278888306;44.18096707958751;26.777523869148002;62.80035633732599;37.20444413718358;27.430233962964;55.30705495786033;38.749110745016345;45.27624074350432;7.906415640533488;7.927003770396215;7.993594992689813
0.9722282205055306;0.24666796726133908;-0.10101274525503537;-0.3932478371268659;0.21413550920596527;0.19684666044759497;-0.22172310860056493;0.14290038214996334;0.2585312851104107;-0.09472744359732523;0.12715215764014928;0.3336345487361938;-0.06987961360260452;0.10439854904139016;0.49828016597893293;-0.9127474472394785;0.27014130676310666;0.4681072376382681;-0.11410696686745117;0.21378238817869832;0.12524986668714913;0.05967796137328521;0.17101052248119517;0.0029186064979949797;0.06651750101089403;0.024021158454513632;0.7120393405202025;-0.7017285525743259;0.3148531338282178;0.4549833696615673;-0.1157839136134135;0.24276482229802662;-0.017865288390705104;0.09972402548005911;0.1513040960126273;-0.1297273931859915;0.07661012972722685;0.021407888122373465;0.8737646638913461;-0.4744761740784741;0.2973841078445058;0.3662780914230618;-0.09770304201248838;0.195996072125814;-0.11867944631601635;0.06979345328148837;0.11552462888415793;-0.1516572700801542;0.05132869056946377;0.06186185249203289;0.9615685862535215;-0.2627406749161012;0.2226850646861685;0.19734546383184057;-0.07217875400375902;0.16105276181606626;-0.08034545503036891;0.013174467030907336;0.1002186535056215;-0.1329345777582771;0.012762294305461701;46.260381364963486;25.394069330739526;10.292974628777136;50.70667208974797;38.89136043062858;29.029592698109504;43.09591292210112;67.56065547022278;33.77440741682913;38.92730693117121;86.02627068896402;20.74655589186647;43.311907038272615;69.82386726675084;26.399400694275073;47.669105234732754;17.307800925738597;16.075503696201533;13.409856148007835;0.9602290507415818;-0.08597919288271245;0.23700076898401737;-0.22709777816349205;-0.07513779566711402;0.3188064310942656;-0.06401777644440176;-0.11283742152443194;0.3249461954666882;-0.022855619366997936;-0.10537541326845436;0.3089566795557556;-0.004139244138870394;0.06450033446403047;1.033032757911466;-0.059111218198735216;-0.12608605683398583;0.41662244109689767;-0.01883867894834845;-0.132140847306845;0.02335595461344333;-0.040189475901986425;-0.07733237911456221;-0.12022185697308413;-0.022024389805886578;-0.012064080067423672;0.9982086873336985;0.058599270504516396;-0.14279356305744062;0.34270605168714197;-0.02042670275437264;-0.14404771085539617;-0.005241766187456695;-0.08351249436701859;-0.09423372229483337;-0.11224289624442818;-0.05771181345862011;-0.09460712335830822;0.9220566928132384;0.1536456138407749;-0.13618453616970605;0.26424919393670976;-0.027324980069349972;-0.1269334355843578;0.007961975039071284;-0.09735878292086396;-0.08874527047465486;-0.07955705128750075;-0.06443490237280342;-0.1673990609631847;0.823092802742174;0.23290367229773992;-0.11024019831119972;0.21734692669206152;-0.02703607235988911;-0.0929724461307076;0.015986240176917632;-0.0585707941631434;-0.07106940794995611;-0.049935355248383155;-0.03889722271722951;31.499422068814653;9.311880729497064;3.091152480789157;20.399851703364803;63.58701043624059;65.82785478970352;22.861552150162503;70.69417861153137;43.66162670017919;25.887078427041306;62.53792185826823;38.83275071331139;26.629869596254736;55.79130726639705;40.06667430851665;44.07986121761747;7.880505338004771;7.934968667124865;8.20422406633146
0.9678870225855856;0.2466756513398373;-0.0991527476236976;-0.39675148310067937;0.21172424311886331;0.19906080631947654;-0.22149288573022663;0.14076338944997055;0.25484062458445494;-0.09304869789921619;0.12674704965636466;0.33619485187960807;-0.06786959172396204;0.10616189838597198;0.49937125626812207;-0.9174643921900766;0.26517763498210917;0.470710894429697;-0.11574483896495671;0.21299302526199973;0.12716380763684187;0.058127398658371174;0.17038127220720378;0.00466590906865002;0.06615283270707666;0.027674997051696383;0.7097104516110507;-0.7039496923873376;0.3087383375796203;0.45760966135678033;-0.11311111348248752;0.24163710472653474;-0.023913973366971396;0.1034020561322866;0.14708420563293437;-0.13484307701263218;0.07913928418249838;0.025480927834426403;0.8708715575453426;-0.4749068555682077;0.29270603089770986;0.3665307697771003;-0.09491399507776369;0.19293128316501273;-0.1314176494607947;0.07326013239155224;0.10946548320279999;-0.15541816068807265;0.05340571628869951;0.0645683433056754;0.9594860687265853;-0.26204587844863664;0.21868329931343836;0.19431588468090116;-0.06912150652875053;0.1597911330704114;-0.0857495199027285;0.01596724532526952;0.09719961755612255;-0.13794926048411496;0.014410128956613057;46.38929304472196;25.089462394716314;10.64719943697917;50.448720069084416;38.86565525154276;29.034927329844706;42.87621355604703;69.54831725622383;34.033471317390934;38.481422965798885;89.33931978177745;19.793413058683907;43.12478876026605;71.7056198202452;26.5108533688239;47.20340629996602;17.16179741614618;16.156449713911226;13.502125551105491;0.9619717622813664;-0.08618603280664029;0.2448792092437758;-0.22378159327183564;-0.07567813992425274;0.3229109634517783;-0.06170406852627677;-0.1139010854470095;0.3247138657340384;-0.021173737026347828;-0.10586541821964049;0.30630601546412306;-0.002775464996989807;0.05970319520042903;1.0348648796704398;-0.055026356759573555;-0.12183404130817861;0.4119882839924695;-0.01580761646996215;-0.13132908786414726;0.02824090834850455;-0.03798027316071666;-0.07958831063095424;-0.11676911837576433;-0.02126520626496367;-0.017787713452604687;0.9979517072273602;0.06144906258133917;-0.13720311900555204;0.343369843633321;-0.01498211642783916;-0.14184698726617403;-0.003682087550253686;-0.08152091113733266;-0.09453421274264259;-0.10873674283884392;-0.0582652678230723;-0.1005179404216216;0.9195551411289563;0.15555371291107453;-0.13453317638066237;0.26404293924077593;-0.023196835860335437;-0.12500311337495487;0.01083070633160543;-0.09693201912197862;-0.08753043149603806;-0.0812821287191473;-0.06601761780798686;-0.17471098332792462;0.813235821556576;0.23397648442657504;-0.10987346297408535;0.218567745645443;-0.02453481023751822;-0.09143987189187773;0.015992944451981524;-0.0585591714757184;-0.06929507931176246;-0.051899422938037704;-0.04018199998083998;30.71475296569229;9.291639999107995;3.0418017116461677;19.777539560508288;61.934796333324634;66.47615989263943;21.556313308196962;71.29752248143818;43.13659861337507;24.99207916064068;62.275731676959;40.47598879347854;25.83718807836849;56.28190919550798;41.388467873763766;42.90948914777712;7.8563691523206955;7.944296053273115;8.424235657898388
0.9658928119003346;0.24670858623700714;-0.09768894280588311;-0.3993839800459351;0.21088224462860172;0.2009958801134979;-0.2200668929900472;0.140166636844152;0.25305407308195066;-0.09030512270760678;0.12683229789144884;0.3379832176107644;-0.06478792998787257;0.10800638808144224;0.503491960546901;-0.9187160975080308;0.26286570961264427;0.47062747495841467;-0.11453368512194664;0.21183202274745452;0.12852532609515283;0.05889111658707297;0.16918027246191975;0.006517958424186186;0.06693684862223176;0.029950118953862775;0.7108022345445206;-0.7027539923338506;0.3067194913994562;0.45706428259645654;-0.10883741674721042;0.2388745753406605;-0.03147067376815883;0.10730389387847707;0.14200691765563192;-0.14085820639052749;0.08155957784088552;0.027525449839771024;0.870890294831371;-0.4718833780922569;0.29098609673165104;0.36737942345927455;-0.09160582322874503;0.18956131180720523;-0.142729120839094;0.07578840055784075;0.10411312326523209;-0.16045088882331474;0.054728128752922545;0.0649975013223216;0.9596536054898938;-0.25772042956720237;0.21711714569900423;0.19302508253288955;-0.06736186197579601;0.15786094393967054;-0.09173963894279395;0.016911127337578703;0.09430966928250763;-0.14367550539865426;0.014880267612805009;46.60112266887041;24.97864409656203;10.861148074791206;50.322319598535955;38.77050306517438;28.83342030314466;42.97095469877795;71.39935932558133;34.225737362089774;38.33077266921799;92.03248079581317;19.25411817052056;43.13434610788929;73.61330211889639;26.450430644150984;47.00433403195809;17.078164840827007;16.216837495816662;13.574271066480868;0.9638903268541524;-0.08695327884683719;0.24859829813282594;-0.2219921836220989;-0.07631984123609266;0.32544231375325217;-0.060360207224951154;-0.11485947110069945;0.325477159909663;-0.020051975418976062;-0.10696153220652649;0.3042123141659426;-0.0018094982272398455;0.05819685399855676;1.0357620208155522;-0.05375716043701168;-0.1225634168559192;0.40772878770809745;-0.014437001362839513;-0.13260129902118611;0.02787922376163941;-0.03676030888398726;-0.08105894040510223;-0.11430210770030459;-0.020890360666430758;-0.01933263634562915;0.9978769164333376;0.062192514191190554;-0.13640141859599833;0.34285022288628575;-0.011905548878069223;-0.14225097973298487;-0.0037569401744772333;-0.07962802909477636;-0.09537486311470458;-0.10561805075929341;-0.05822164731530358;-0.10235027920125093;0.9185581601865832;0.15594103860518047;-0.13518146840407755;0.26433533575722945;-0.021095608530439007;-0.12507974607307515;0.011294054705804208;-0.09573483102771711;-0.08721198042441378;-0.08183633385501639;-0.06630195146432333;-0.1772747620831879;0.8087243220464236;0.23406246264568623;-0.11096201936989858;0.21971842497243818;-0.02360007574668323;-0.09150032957423268;0.01593226186651793;-0.05819560792219087;-0.06890843990801626;-0.0519860539773766;-0.0405767272542628;30.375003257198067;9.279076101932874;3.0041651219200425;19.954274434428694;61.92268370172039;65.24287221821028;21.275308698144897;71.53872233758912;42.110404336712534;24.751840181957206;62.2111716700961;40.861406899999835;25.61688659530313;56.326625550082845;41.427964888680876;42.367074019745985;7.83323412696803;7.955522720655799;8.534990997067403
0.9673586011742804;0.2467726025486778;-0.09679751908962535;-0.40073790680354765;0.2123459466728488;0.2025269491554228;-0.21685987616910357;0.14183625065464117;0.2540600272904641;-0.08596819624331584;0.12763882062897947;0.33863530584981966;-0.060101207763502834;0.10998051497101699;0.5121009280562823;-0.9148361518996905;0.2644462915219052;0.46656385092785846;-0.1091047553181209;0.21010882726397578;0.12907720179934057;0.06307549187783419;0.16712246128994784;0.008537194511854806;0.06942048952937124;0.030204437209544827;0.7169334909833857;-0.6964869427916295;0.31072633588924026;0.45182039817611613;-0.10216790806166373;0.23367313588693978;-0.04130491075813131;0.11156013907739494;0.13562519263419917;-0.14823891873955128;0.0838336165379502;0.026588241607594924;0.8751857095814688;-0.463726929514789;0.2936143807268091;0.3691042641582725;-0.08750610770978375;0.1857126999312179;-0.15200793068387308;0.07694650307229761;0.09976488840054586;-0.1673917757536966;0.05494402505014763;0.06206550794106941;0.9631194194333065;-0.24799807278757482;0.21913069045182046;0.1942876427790537;-0.0675042598171132;0.15492629946486286;-0.09863373757649521;0.015131211971129191;0.09158803815587434;-0.15048787553650966;0.013614416343408393;46.9390784161844;25.144346086121296;10.876101156866849;50.38996690742738;38.57482269810723;28.31722432578632;43.52061867116442;73.08761562270631;34.28390017840509;38.60440202880414;93.94251095561204;19.157435580321273;43.43582413872238;75.60956686324502;26.10920037421804;47.19366132552947;17.087038242922088;16.248321033566025;13.616207808703399;0.9660681000204424;-0.08854629280506313;0.24622103555619954;-0.22244943589699492;-0.07711300666932981;0.32567538392835194;-0.06044098418749567;-0.11566731118677119;0.327712115601972;-0.019752325405999728;-0.10895131643335813;0.3029437376155021;-0.0014269382828417292;0.06152225422134763;1.0353174547443973;-0.05662221687089307;-0.1306098101251859;0.4040283451090958;-0.015503501231745109;-0.13693762665089723;0.01981577290214555;-0.036992845116802016;-0.08138007419094796;-0.11328386523610404;-0.021080099574790786;-0.01474460951099366;0.9980987146433329;0.059846071865204443;-0.14263328563275063;0.340602963144833;-0.012303616553287131;-0.14648326315157015;-0.006231529747940328;-0.07788108979511933;-0.09701185497198243;-0.10306914469175185;-0.05730316277643312;-0.0981994365715424;0.9197961478382071;0.15410061261520044;-0.13921016031159109;0.265367705105093;-0.021969191474606662;-0.12810640137477264;0.008226821195143515;-0.0934086073822923;-0.08821180705502257;-0.08067440664998472;-0.06468232502159363;-0.17287494293488387;0.8120808516021562;0.23270661965520176;-0.11419100191568263;0.2207733404200799;-0.024965140765099172;-0.09390215675062943;0.015773076564131613;-0.05731683195014056;-0.0705607525171305;-0.04931808977991014;-0.03966626929966693;30.671410338647863;9.25522390823658;3.018261967688183;21.317587694825306;64.22210984161296;61.376302984883395;22.508530708025614;71.23744190362584;40.366004186517316;25.478353982688006;62.44225936022429;39.3803791307848;26.23262565372152;55.72304352921471;39.56097938481845;42.7229060434835;7.810100150022835;7.968078015553335;8.474543108210879
0.9688243904482264;0.2468178175994052;-0.09589397714024804;-0.40206777089969153;0.21380076042593865;0.20405023983069764;-0.2136194485899069;0.143503508533237;0.25505149007205485;-0.08160215955287961;0.12843962139941237;0.3392645140703826;-0.05538557050322343;0.11195633169558285;0.520714746007341;-0.9108651979959206;0.2660145506313101;0.46244302307775836;-0.1036392700096334;0.20836042369935728;0.12962192613543116;0.06727663236243187;0.16504104307411105;0.010566218907732253;0.07191160183893897;0.030457729860259772;0.7230408939928843;-0.6901334597784187;0.3147298261355718;0.4465143447799136;-0.09545596129203855;0.22842666033436101;-0.05118684072149363;0.11582976234944639;0.12919992492111718;-0.15564633555218657;0.0861129244110272;0.02564412159923005;0.8794355003431811;-0.45549231536268636;0.29623350268707316;0.37080941438972254;-0.08337839037279746;0.18182977170956516;-0.16132297605138815;0.07810463339414117;0.09538641511148989;-0.17435560596414384;0.0551567788072543;0.05911352852478895;0.9665284983303959;-0.23820617205513747;0.22113766650016922;0.1955416738407645;-0.06764216093019695;0.15196445562980984;-0.10555586823603434;0.013340911820410438;0.08884522077161168;-0.1573238344170211;0.01234095833840926;47.28471451663873;25.309163510230725;10.893244309913836;50.470350109116865;38.38271991501951;27.78420290403975;44.0904824731344;74.79815670205582;34.26592010834588;38.87362011032155;95.81641577767952;19.03932345388748;43.74159966674839;77.60177630688483;25.697730727074166;47.386469004896206;17.097021328879148;16.28031341467904;13.65835142421755;0.9682458731867324;-0.0901319426606958;0.2438447437581804;-0.22289935708907677;-0.0779016310016303;0.32589909604228434;-0.06051990618987273;-0.11646954303989399;0.3299313515286289;-0.019453096536057524;-0.11093194605578237;0.3016711364861152;-0.00104554596828136;0.06483554731724801;1.0348468749171809;-0.059476746432364884;-0.13862739142052952;0.400328863880829;-0.01656623012630566;-0.1412566648553638;0.011777204590032987;-0.03722366910051368;-0.08169804121870218;-0.11226583148382889;-0.021268682444183673;-0.010170648735708042;0.9982933849679021;0.05750543829606935;-0.14884173974136922;0.33835376538067685;-0.012700104158769224;-0.15069833221711035;-0.008698157090557995;-0.07613759271284677;-0.09864111999330952;-0.10052554080788159;-0.05638605495397024;-0.09405907263983604;0.9210058790788926;0.15226190516692265;-0.1432224719529385;0.2663897947761302;-0.02283944010209801;-0.1311201277639516;0.00516903443867882;-0.09108724007180193;-0.08920614752345596;-0.07951400437311062;-0.06306608913900898;-0.168484409628861;0.815405301631742;0.23134888688911517;-0.11740678650370423;0.22181908598038808;-0.026325243517273174;-0.09629392950205075;0.01561397518024719;-0.056439307214188404;-0.07220599042422887;-0.046657226201963026;-0.038757629784084834;30.969637637172564;9.232862117648295;3.0873158989281393;22.6821878876592;66.36192172974654;57.6672630350149;23.742217385476305;70.90675374522517;38.642785609773355;26.199443642372852;62.6799971374053;37.90527424518772;26.850839541981383;55.14239720060078;37.674718474350875;43.0837414897258;7.787846838771758;7.980822909403015;8.415578699010416
0.9712014237852836;0.24572217317414324;-0.09741078086465635;-0.4024148893383894;0.21468517645696394;0.20475370897566694;-0.21167285866155228;0.14428135987939295;0.2610709158810064;-0.07934030034449872;0.1297936501633512;0.3424452286353149;-0.052810375026188384;0.11398729680579969;0.52440832915408;-0.905923845997091;0.2699614026444605;0.46212669602538486;-0.09956805255967265;0.20670562238840887;0.1299354439167114;0.07024643328100176;0.1626466127210234;0.01166789980650457;0.07356294576671271;0.030627035148544843;0.7287320214355646;-0.6841137519831374;0.32137071878486834;0.4456920044478069;-0.09022788373187367;0.2240709378190031;-0.05949673022810671;0.11982298982698472;0.12295543487001895;-0.16111235832271975;0.0885149049651572;0.02439910214582352;0.88604540422661;-0.4487960976480985;0.3017015801987258;0.37130542543210343;-0.07962454480461541;0.17814504730564118;-0.16853964394096715;0.08100377666832378;0.090237643235773;-0.17842996540621847;0.05670470463169674;0.05638956882977404;0.9742717482562462;-0.23124344825148788;0.2245771774687379;0.1955021409504642;-0.06734142962957242;0.1491773046065217;-0.11106761980691239;0.013418030815058846;0.08472407952244425;-0.16102789604403822;0.012608883956418515;47.745349287334875;25.85975367350248;10.427194309180182;50.66667149371957;38.087831885795865;27.525896038492462;44.61756630689101;76.19250257020072;34.18679137325228;39.44943697625217;97.00797466817801;19.038602374145515;44.41017719295218;78.97658834308464;25.51586145825309;47.65457737303383;17.28395234258884;16.325658330260083;13.620800331371637;0.9681222167215688;-0.09487030071214088;0.22925178077311914;-0.22959236276896136;-0.08043017712119596;0.3216383598376053;-0.06631200956563817;-0.11606368789622239;0.33285900632991544;-0.023715021433098525;-0.10977505028078219;0.3047672821635286;-0.0046091369411213065;0.06685047927913612;1.0258218656846696;-0.08090733442356621;-0.1493743540647371;0.4057718285839527;-0.026479491819758248;-0.14882012891409235;-0.00032038126933069057;-0.040432091065065824;-0.08378407153988425;-0.1184482356992175;-0.02162671928304269;-0.0032668270225250018;0.9992850157836265;0.03766676348615628;-0.15678018027104437;0.35016874606692333;-0.022932701180709274;-0.1579479076820127;-0.018559738462075728;-0.07581890632845155;-0.10003830909272614;-0.10978718074116466;-0.05378233938150344;-0.08542531581872549;0.9301616040189533;0.1341714389683326;-0.1487447936546202;0.27854278309572567;-0.031534602400138105;-0.13726243480798506;-0.006136753985250633;-0.0884260805170396;-0.09052303642484381;-0.08895551604140602;-0.05885965556012585;-0.15822918303394665;0.8332423327654189;0.21468553543116106;-0.12264524278815753;0.22598440393988925;-0.033509840754137155;-0.10128035914968016;0.010179113263510849;-0.05665350286138657;-0.07414099872300497;-0.052837527043063;-0.03703146149561995;32.31554331603917;9.057495960305857;3.0894471127791774;23.89964265778667;69.7063916571871;53.73499903725677;24.563144128999202;72.81888050579909;38.05007479328913;26.685786895227007;65.50779109698124;37.331405474428095;27.885168586574295;56.61749836279579;37.61909194256508;44.7847439653013;7.723320273002702;7.845840515425555;8.093262935642514
0.9748380302596886;0.24306075671152044;-0.10228205187698583;-0.4014145567982038;0.2147827767108682;0.20432481941313035;-0.21154237230058684;0.14382712394197483;0.27404518455468696;-0.08001482548891074;0.13191357636665998;0.3491640807436757;-0.053222464370638704;0.11608841865514405;0.5212769953220049;-0.8997050840202381;0.27719879974018197;0.4671125712534762;-0.09745929324823022;0.20519949642009755;0.12993223456502648;0.0714938344810279;0.15983881129419797;0.011476990933313225;0.07404291055617412;0.03068022013910598;0.7338462096942868;-0.6786224757621465;0.33164832157881247;0.45111652703449046;-0.08709275415796189;0.2209862218235039;-0.06558059514496428;0.12341540774863917;0.11700287919808272;-0.16386058669864306;0.09107747980285079;0.02274471389287851;0.8959330277633167;-0.4442931094843253;0.3111057099449202;0.3701375654916259;-0.07641446383589066;0.17476439391674253;-0.17281106087878273;0.08630608822480217;0.0840533023269527;-0.1784795979759164;0.06009919856363237;0.05400006943536578;0.9880296427009216;-0.2282567892510282;0.22999523082439827;0.19367664920358507;-0.06643678130415968;0.146655182614879;-0.11459592581147589;0.01608670311095169;0.07871753269309552;-0.16037213520080723;0.015014808198523395;48.358932420987564;26.91085332113361;9.365154015191537;50.99941374917974;37.66012502294015;27.666666230262607;45.04964250047839;77.14765890752446;34.107385871205395;40.446076101168615;97.29371315563067;19.24405512254278;45.559862792847724;79.5167088630018;25.75758229060259;48.028931873247366;17.714366168097317;16.384617065329838;13.471768188931744;0.964817393916205;-0.10389874553985824;0.197213971372542;-0.24469242751157586;-0.08528497581575036;0.3106432102763749;-0.08000136527136491;-0.1138089835079195;0.3363211109074542;-0.03432009965313648;-0.10409166609748796;0.3135221507386663;-0.013680616307180427;0.06698749225124633;1.0033468320443342;-0.12823669292543136;-0.16380797788825838;0.4233803260297025;-0.04874646415500697;-0.16075282706791366;-0.018179674678419418;-0.04774992819977489;-0.08822596105846515;-0.1345217465337563;-0.022192602581954705;0.0069487468401949505;0.9999532220142809;-0.006728201885289296;-0.16697764972867357;0.38112944954173267;-0.04689584313043251;-0.16925882269211326;-0.03876497080475668;-0.07736581941632661;-0.10098371586507209;-0.13537797493431908;-0.0487321605438269;-0.07033942417492078;0.9491047335756778;0.0931342278410954;-0.15620702387023389;0.30587568639790413;-0.051139465867244785;-0.14761492135208704;-0.029003589516990586;-0.08513784951738716;-0.0921710609549706;-0.11308737981455393;-0.05092811805534717;-0.13949599604150886;0.8702144026993072;0.17628795265547292;-0.13057003741114903;0.23419882598012867;-0.04880809009807155;-0.10977543108696822;-0.002652194236051845;-0.058304034136344794;-0.07639171435142514;-0.07128147360736803;-0.034098791705523934;35.27020567893899;9.046184145284094;3.166769338358133;24.823864020343954;74.20463767501701;49.78047598357222;24.751962025056425;77.58299310238509;38.612692738232326;26.742634857046404;72.00731647514866;37.39223151331079;29.398621275899337;60.747374240365595;39.37207198095842;48.510577851086126;7.681211465724924;7.558539435461062;7.4775489968280775
0.9784746367340936;0.240386143065982;-0.10714667473906957;-0.40039180882252456;0.21486826762806469;0.20388450545514414;-0.2114000007000954;0.14336487404459053;0.2870016549183478;-0.08068472284083485;0.13402568897204548;0.3558620485506567;-0.05363148218689891;0.1181826212422494;0.5181168875845233;-0.8934368080943147;0.2844192691791313;0.4720712387352125;-0.09534543262016841;0.20368209363826775;0.129921711078478;0.07273698291910446;0.15702252452924212;0.011285470827661903;0.07451861929900556;0.030731668225240052;0.7389181506102085;-0.6730939988344;0.3419053759226165;0.4565146622492661;-0.08395329439591122;0.21788962870420195;-0.0716596565181966;0.12700022144825612;0.11104482427990124;-0.16659908817611124;0.09363445909231455;0.02108934746890477;0.905768406887686;-0.4397659319498351;0.320490607310005;0.3689490815078068;-0.07320066752313174;0.17137451959911473;-0.17707196873481137;0.09160257226486868;0.07786535946526418;-0.17851917371258377;0.06348968891313753;0.051607966617940336;1.001729400880676;-0.2252578259036503;0.23539934633023413;0.1918405876900727;-0.06552855811434138;0.14412526527954211;-0.11811713581333358;0.018753982186608398;0.07270765181070715;-0.1597074657933562;0.01741944757125577;48.975618627782275;27.91372641335534;8.404336379229633;51.31892323129896;37.251000419688665;27.8092457723255;45.462636593771954;78.11768645129708;34.030341156189635;41.430715711798285;97.56889218618096;19.482209532660516;46.687376090547545;80.06474197085684;26.054175623721964;48.411526686774884;18.144902618266084;16.437591932798334;13.321295013053385;0.9615125711108412;-0.11277155360090471;0.16454160713863966;-0.25938344921213063;-0.08999439191179644;0.2989207372210505;-0.09361734684316045;-0.11130004401763202;0.3391017433873916;-0.0449263379531023;-0.09815078057418937;0.3216798637588788;-0.022785965401082423;0.0669849608099374;0.978612533370468;-0.17562351381283695;-0.1779975972421156;0.44022232714089105;-0.07106476704739224;-0.1724306805510764;-0.03612400724382055;-0.05501808932287823;-0.09251345238214113;-0.15042398282477246;-0.022715845118216366;0.017220199059727492;0.9985288875560836;-0.05141522595840037;-0.17689525253842692;0.41150435055486173;-0.07092589446240033;-0.18029276573635336;-0.05902824859448189;-0.07876114553558654;-0.10172385482278949;-0.16086133470423125;-0.04354494982090479;-0.05500197368958975;0.9661879971000461;0.05161867854014532;-0.16339311255335848;0.33275559388768533;-0.0707722819703483;-0.15772921874736454;-0.0519672982419849;-0.0816483861623245;-0.09363714558100811;-0.1371484965517629;-0.042835071940665485;-0.12034105825643904;0.9056163955104779;0.13725584196892973;-0.13827564766689338;0.24197872589221042;-0.06410948103081504;-0.11809886299560717;-0.015566430403811449;-0.0598436703177514;-0.07849773971690947;-0.08970312378994423;-0.031074383198591377;38.36453670324599;9.618746880303597;3.5092242675565135;25.63349555894866;77.81803776487155;46.46354524496988;24.852236956867117;81.86056397975678;38.77785192195826;26.669698055526148;78.22026031895125;36.85711991922586;30.780050320196256;64.52071630630938;40.286744167832886;52.38425776171689;7.767965946204403;7.349671202510873;6.966561869106841
0.9811270694070852;0.23695681898622517;-0.11576616088468264;-0.4001226624662752;0.21263578074583322;0.19787576817958813;-0.21348808873233338;0.1410244275898825;0.29873388911483123;-0.08470667758114347;0.13180293054101494;0.36276284821315946;-0.05744994512819057;0.11605625049562039;0.5094633070783273;-0.8860223965304219;0.2931434779740006;0.47706314689262436;-0.09989120572902675;0.20432587144209388;0.12713112007286295;0.06848714338402324;0.1553944981807088;0.005969695993627214;0.07174508354413907;0.02879137168487417;0.743484723011884;-0.6681328637063482;0.3528929517190912;0.4536886918349322;-0.08770277758754433;0.2132926505606653;-0.08002725009299559;0.12536689479162583;0.10483342879843709;-0.17142903864473355;0.0930739434134907;0.01980162908360513;0.9160036929921015;-0.43807049812861015;0.32994836764303964;0.36514008446275437;-0.07685019220766261;0.16519505467347814;-0.18086674182971296;0.09482373095423012;0.06994175816341526;-0.1807968089134082;0.06667791017422146;0.05264599134001451;1.0162314134663886;-0.22728723476378504;0.2404607935963935;0.19018002026333278;-0.07051279027859039;0.13926923832584628;-0.12195871691538088;0.019874632101113954;0.06432099822688922;-0.15917066909067273;0.0199049692413306;49.19015824160681;29.324939000876874;7.87310772213518;51.328154685195756;36.96493745970924;29.14851540022064;45.701416072307886;79.33994710835573;33.98486988976087;42.210742526919596;98.2719068025505;20.070357691574017;47.41558862756282;81.26650128198497;26.6234218303519;49.05430077562723;18.737916786459646;16.389213269144868;13.06483250553582;0.9582231675118064;-0.1257154960173682;0.1360059316447402;-0.2562391011470341;-0.10417419487611287;0.2820435941044817;-0.0971560108787905;-0.11339651981726437;0.3274873119937871;-0.048126766232587895;-0.08905876990705565;0.314339458229141;-0.0255988287212469;0.045503135408074574;0.9552566118702496;-0.19993260430765364;-0.18900194589676467;0.4188765440176368;-0.07983184029151487;-0.1772218843665545;-0.05018351220007923;-0.05500608222963084;-0.09544059334985631;-0.1527377186601084;-0.021494716250195937;0.008669988139075128;0.9966998529421862;-0.08071080752100415;-0.18556493370656074;0.4114424592894931;-0.0813913075353387;-0.1840486408856639;-0.07260773861239336;-0.07342637813654851;-0.10206439440692659;-0.17526237611483322;-0.03681657225739357;-0.054319264852919866;0.9776810818622579;0.01907093835236202;-0.17140428067326874;0.33567155423638817;-0.08186517154754859;-0.16417642581615724;-0.0718610131086416;-0.07483108405245795;-0.09537040282982628;-0.1549552951598902;-0.03438645971201979;-0.1136320358015789;0.9247699955006062;0.10210999071800951;-0.14577659749537356;0.23802627410567448;-0.07448695454216579;-0.1246188108581154;-0.02532316639008368;-0.05872424998394145;-0.08152484313746555;-0.10037367328280569;-0.027209498628955296;40.15765427673218;10.06637594620868;4.729685900456859;26.59289294655011;79.15757583496735;42.36640905958789;25.18184909626699;83.91778011655319;38.14092468391639;27.211474771617247;82.21610431447965;35.25685824731179;32.21951239517522;65.91510987561708;39.41699655663654;55.394432032731174;7.509599401159625;6.8201153953312135;6.400383166371776
0.9826075645956832;0.23264425489811827;-0.1288205584428427;-0.4007541543000454;0.20766079720692687;0.1852763871175931;-0.21822088753331792;0.13646285395711236;0.30898460327907706;-0.09269765418120267;0.12444246871727681;0.36989025718502255;-0.0653057463375033;0.10892737407204775;0.49431950678779324;-0.8772797786973292;0.30363254792760136;0.4820871441787987;-0.11233092931640075;0.2075359805670409;0.12104991470075989;0.05772962643150269;0.15518352859727516;-0.0054139615245752835;0.06512322149884042;0.02449255954165496;0.747448780164673;-0.6638677846962004;0.3647221255567569;0.44111437719448837;-0.09962043713895288;0.20693019980592367;-0.09108940235980091;0.11754569396329065;0.09833982710602777;-0.17873057462221464;0.08881567985226298;0.018954129851845372;0.9266977382387436;-0.43974694165348943;0.33947097789457126;0.35823585848294276;-0.08863760955555514;0.1557235167247927;-0.18410016836738116;0.09557382602840016;0.059980655633292794;-0.18572721639499218;0.06961814238276023;0.05775350044359719;1.0316593674817796;-0.2352828866960659;0.24510475976970292;0.1887348880345625;-0.08247871363538883;0.1316673079343016;-0.12617163458508954;0.0191565766086376;0.05313702663471585;-0.15878926904961588;0.022479918979546085;48.86345374335837;31.326825339913807;7.7640833136591265;51.02708938962627;36.80733991768378;31.932369981743552;45.83508982711427;80.8346239373563;33.879840258742426;42.80967391298388;99.5415838857338;20.97393156713385;47.715091450978534;83.27042127842398;27.567108604705393;49.98260885876852;19.53336273589804;16.224861966958247;12.698543394645993;0.9549521248423666;-0.1429848355262794;0.1135219159624318;-0.23294425366121588;-0.12883182198401474;0.26020952042936096;-0.08904523043492554;-0.12084910362087398;0.3001047631765008;-0.04271593320347043;-0.07679356495107878;0.28977524872352706;-0.021073931291411645;0.00015471029086255883;0.935496278889204;-0.19689777383433385;-0.1961129967275148;0.35481624963251834;-0.07271758193919714;-0.17408400226090964;-0.05926493083125551;-0.04666242333524349;-0.09679173928858024;-0.13946482354408254;-0.018334841614901197;-0.021235146371887306;0.9956068010787037;-0.09119301620406614;-0.19266355974102042;0.37675402432124927;-0.07589458929156095;-0.1794727510330261;-0.07802615711066245;-0.060625442136398484;-0.10204646514568913;-0.1765145116875296;-0.028618744083859744;-0.07062300827835266;0.9833829820330791;-0.0018286305549404895;-0.18024465961033348;0.311220986334423;-0.08276549367803367;-0.1663266795057476;-0.0875102526273366;-0.06453080808525903;-0.09745140005016466;-0.1650225834246544;-0.025900688272472595;-0.12166793203304248;0.9254800951546677;0.07294978760679707;-0.15291049709165375;0.22097177647183772;-0.07886125580947069;-0.12894292837262925;-0.031082295244493924;-0.054649595454246;-0.08558685552495195;-0.10179890155824318;-0.02255906366285842;40.1516067596963;10.453259159125972;7.874885698074002;28.4446519418608;77.8062542722342;36.70821810711741;26.08791121898448;83.623328250166;36.6947911200044;28.772243839483387;83.67008302492549;32.74781166022577;34.00998033477001;64.71695312677596;37.107603059877604;57.49520327558416;6.763917730288483;5.880487503856879;5.687104030198726
0.9840880597842816;0.22833734221924393;-0.14181447928257357;-0.4013621813108692;0.20269549420662888;0.17271925632114746;-0.22292283141626298;0.13191296470812866;0.3191770093426409;-0.10065089054687654;0.11710584550056977;0.37696905191184926;-0.0731257901467772;0.10182219010604021;0.47921234788701017;-0.8685274988448809;0.314062606644027;0.4870653499202615;-0.12471356645527484;0.2107220628969589;0.11498745538717264;0.04701341347382632;0.15496534893859984;-0.016750448685703648;0.058525244051662345;0.020210178796328034;0.7513575965415131;-0.6595857114828831;0.37648358796367876;0.42856889033390416;-0.1114838223113691;0.2005831825072825;-0.10210124815918152;0.10975058854867897;0.09186785241906326;-0.18599273114453507;0.08457033193176092;0.018109134635732597;0.9372994904328842;-0.44139358625930514;0.3489366918972182;0.35134142033624965;-0.10037186076254481;0.14628288423035007;-0.18731069216426668;0.09631585582239563;0.05005745953064424;-0.19062764668230237;0.07254263957208418;0.06283696535180082;1.0469700653703273;-0.24323335597490658;0.24971683731314734;0.18728588243647737;-0.09439105623701324;0.12408983460818122;-0.13036063088800354;0.018440481422354434;0.04199635467097984;-0.15840117320535005;0.025043092345423484;48.45441174348058;33.39599423520177;7.657553848617208;50.78863404123804;36.66153661936007;34.70786680530897;46.08390752339372;82.29116241676978;33.64579523691128;43.47132548624685;100.87025315136829;21.767799133459448;48.04547294540918;85.30223280686481;28.641293342346145;50.88530364219514;20.341478156623808;16.05973548922669;12.35258579488735;0.9516810821729268;-0.1593005756795412;0.09199927373699504;-0.2105376275736505;-0.15219829708951718;0.23916882231689898;-0.0812362880217631;-0.1278348673126124;0.2737417244685261;-0.03752206259626229;-0.06503889785810385;0.2661063961107592;-0.01674416675162725;-0.04304078657972064;0.9157995313774181;-0.19382295077742193;-0.20270307796283554;0.29346571753093176;-0.06587311317034737;-0.1709323491183562;-0.0678597704363049;-0.038671283274203744;-0.09798824338348616;-0.12669171789292918;-0.015307851505945177;-0.04970057853760964;0.9936348432241622;-0.10109228864716373;-0.19924503100200586;0.34336031147163937;-0.07058789212098054;-0.17494632652769548;-0.08311437009626095;-0.048375595412195056;-0.10193398291374955;-0.17754217268640013;-0.02078338013695056;-0.08608664912250961;0.9878947905958708;-0.021734210742517638;-0.18849679859713625;0.28764032997135136;-0.0835456916521303;-0.16821934206889105;-0.10233467634750669;-0.05465924277001509;-0.0993424864966657;-0.17445761125307904;-0.01779359329579237;-0.1292085478527302;0.9252912401139435;0.04510586425046638;-0.15956273270203414;0.20452041128875742;-0.08295414388892468;-0.13294119350745975;-0.03653893045608329;-0.05071730676788401;-0.08937599388820096;-0.10306128943113638;-0.01810833344974587;39.791380977355786;11.506493883042518;11.804203384504351;31.352317705104944;75.313352336852;30.924818474910516;27.326401813534734;83.0545866696811;35.13654333143448;30.58207096327691;84.57299786537499;30.361621364777566;35.98876826565273;63.34755835260223;34.970714219475234;59.767071838830375;6.137432619259753;5.01318202841354;4.9968270320254
0.9804714372396796;0.22516513790052392;-0.15129818960098562;-0.4061159081833913;0.1966102557776542;0.16383794271674743;-0.22617674073541344;0.12781275551870003;0.32223630998622665;-0.10502124366131851;0.11263020432313768;0.38102937110450114;-0.0775285033415506;0.0989314448871465;0.47285154365369586;-0.8651889434345769;0.3193847509435411;0.48493864981419144;-0.1333520689717431;0.21204225808567417;0.10232914130808168;0.03889315743546701;0.15310742347354067;-0.029280154590202313;0.05354764532321676;0.02252485712443068;0.7533922311579441;-0.6571854965246714;0.3811580867736867;0.4179800286049726;-0.11912459764113192;0.19827318443174874;-0.11344147596760978;0.10267750106216865;0.08923258822204617;-0.19296031019915763;0.0803663418856154;0.0238149177579039;0.9420902699362076;-0.44153877564468036;0.35254073265662905;0.3413865797345849;-0.10827146015136237;0.14227742816166372;-0.19393377309024692;0.09281790375388284;0.04544195282234522;-0.19210732070117215;0.0717378814795903;0.07137496138694974;1.054823922009897;-0.24645043463871713;0.24970873830699003;0.18538224204886905;-0.10012903884421548;0.12108091960345659;-0.13341473747873633;0.016736304050749343;0.03763073335967656;-0.158832044426588;0.02512659082870106;48.129334287407396;34.72757131271134;7.676166611761416;50.40527791004803;37.91747531497228;36.66084040039939;45.97167898207555;83.68467622164944;32.82212352351763;43.74644101219053;101.62028685721111;21.509233100671043;47.84405174730661;86.28888570786326;28.87627784233857;51.373755029571896;20.682336460993596;15.982576936866492;12.198393678468603;0.9541902702791984;-0.17109127675953512;0.06573691343942545;-0.20609569422351415;-0.1699312613642081;0.21706064417234774;-0.08185361145042808;-0.13764943015494693;0.2509490516858179;-0.036810562878337914;-0.06378373514536838;0.2500127110479015;-0.016603102235205364;-0.08116982941699008;0.9008079717215485;-0.2132739679679995;-0.22054174092200912;0.2602667987004062;-0.061851724783308554;-0.17074030363880324;-0.08023147964472588;-0.03169311774422632;-0.09770027870289057;-0.12408171838018883;-0.011482758805512189;-0.07582187899790241;0.9896548525588602;-0.12179620466963746;-0.22357053388356174;0.29903134879111737;-0.06527832512638157;-0.17456880442311012;-0.09590841872604561;-0.0387887707644436;-0.10006950099063289;-0.18086016118516204;-0.01607455988097945;-0.10300061265479554;0.9869356357873843;-0.04107003312251025;-0.21160791737599155;0.24776007967565034;-0.07837273004232287;-0.16749861203956737;-0.11084312958722957;-0.04682475260211888;-0.09819227141391862;-0.17841830624020508;-0.014256575570375903;-0.14148401600359697;0.9225547809946266;0.027638422784478325;-0.17581925772981538;0.17681352947120002;-0.07938733088875424;-0.13378437946685967;-0.045815404949369865;-0.046240311571322336;-0.08930607701465529;-0.10748210190663397;-0.015511059844978987;40.607246408198975;12.945584378282122;14.819601278750113;34.491373798025464;73.59241103918096;26.953107243928766;32.16984756265239;80.35914238472789;32.60930688086913;35.91832759082551;80.29477929222152;28.814269927988096;40.50021642846838;60.6345161884893;32.77028149597247;62.823597573442825;6.317696312484863;4.885288702250383;4.914632630605221
0.9713498396043224;0.22319602063931357;-0.15703868930217374;-0.415350887587421;0.189284924361429;0.15887373694879592;-0.22787958803205316;0.12417520821733605;0.31761335382134975;-0.10554738269388178;0.11121501992598247;0.38184592873027157;-0.078266251311672;0.10056775532822536;0.47587790565893706;-0.8676500713449689;0.3192182054010152;0.47513216886830256;-0.13799170546241096;0.21135232945316748;0.08249982950194835;0.033532484534978535;0.14946975615227198;-0.04315357513622677;0.05029229410510821;0.03196083822771378;0.7533983883454077;-0.6567871597849064;0.3782061842560759;0.4094412188554329;-0.1222464497959866;0.20029936033484785;-0.12518569095540535;0.09634741205954934;0.09071863525712782;-0.19963819258339302;0.07618551025001341;0.036607841662575864;0.9406174073953159;-0.44005581175834546;0.34983483240936125;0.32807860160340324;-0.11207178045709278;0.14410868256772005;-0.20426151528184847;0.08473117096807235;0.046525179388429434;-0.18990206167499926;0.06690787164623878;0.08367464232684216;1.0546516075216776;-0.24457446400808372;0.24471456446357387;0.18297533900543178;-0.09923588103477206;0.12297970162279832;-0.135256579415675;0.013958745385754215;0.04054688284698876;-0.16014395998808717;0.022537003942636948;47.925465623052204;35.234368010426664;7.832319891550133;49.81170961584904;40.92131524253807;37.58200235654501;45.37521115302272;84.98691399420595;31.479498294184737;43.583885051230595;101.57980575753162;20.28090251823162;47.04394830091883;86.1439377772893;28.111905439517415;51.44673337730167;20.51458954676411;16.000866678300362;12.233701522563514;0.9629422073476632;-0.17847582100312473;0.03375156314027123;-0.21994262454361888;-0.18229502707740364;0.1930612217132295;-0.09113927930540071;-0.1506045290963386;0.2310113298067491;-0.04068240004862332;-0.0732894211845622;0.24110994705879618;-0.020770775416423814;-0.11518193274355003;0.8897205701934666;-0.2564405680998851;-0.2504065215160616;0.2549667666334593;-0.06058738602610149;-0.1735022294062592;-0.09683116199999986;-0.02553122469678472;-0.09581796112307057;-0.13181114708846178;-0.0067118650416500775;-0.10027429740817873;0.9829366795991665;-0.15420943284333016;-0.26681951704795215;0.24191025528122723;-0.05976888003394645;-0.17836471088440609;-0.11698875556777041;-0.031637862131057286;-0.09628552058511565;-0.18654232608830565;-0.01444031984297295;-0.12186699572301686;0.9797580884378569;-0.060381373176692316;-0.25063532372212816;0.18971553216331716;-0.06685692744306361;-0.16396704163442777;-0.11303115566468169;-0.040828970383819795;-0.09381485890806038;-0.17675193650599852;-0.01532018677811185;-0.1589392827905251;0.9165980552643124;0.020333417846562275;-0.20238191361825572;0.13655523170031195;-0.06776488256172465;-0.1313237653966958;-0.05928934618757537;-0.04104006662117185;-0.08520279497214304;-0.1152367235258552;-0.014739026326838194;42.44013356272566;14.501867707807437;16.50051474030064;36.68283556496359;73.76212283399539;25.2150746094983;41.423303412376356;74.39236925114537;29.599581296105825;46.091563018409325;69.9657183808438;28.110890987640104;48.58643428641352;55.935364884082;30.349760618059197;66.29848363024671;7.2412162132177915;5.516493759006397;5.488082797795772
0.962228241968965;0.22120389815132843;-0.16277404258282177;-0.4245630402741367;0.1819313214118218;0.1538876364868843;-0.2295647001463159;0.12052092372293847;0.31295483971044524;-0.1060649005034424;0.10978770001136859;0.3826296129115418;-0.07899814493082759;0.10219760967179224;0.4788664109285612;-0.87003744089741;0.31902286250514456;0.4652680166387286;-0.1426261928990426;0.21064243624214918;0.06263242142893308;0.028160508705063547;0.14581309002230639;-0.05704463091651219;0.047027403225655254;0.04140858055735328;0.7533371983626409;-0.656329486629507;0.3752158954324698;0.40085257477887626;-0.12536220916309507;0.20231076774912304;-0.1369369085298755;0.0899989023685486;0.0921988739490009;-0.20630857222348117;0.07199139020405147;0.049417312061030325;0.9390581682207533;-0.4385312077178565;0.3470934634817357;0.31472067466462544;-0.11586796874308768;0.14592989016615068;-0.21458699591413113;0.07662433455856935;0.047605924608316544;-0.1876764081883567;0.06206439712286755;0.09598589765351004;1.0543847361721386;-0.2426737211427034;0.2396907749986637;0.18054834838111633;-0.09833246743605326;0.12487043046338078;-0.13708918235968617;0.011175635636002329;0.043463925117732484;-0.1614435905433866;0.019941390256928194;47.67253841415098;35.763746615431344;7.9961052103728845;49.212826292427856;44.263295824557076;38.19561436164263;44.77566220502639;86.19265236152691;30.165916815516443;43.45895767731367;101.37708936985837;19.136349949915438;46.239381478743894;86.0117588242664;27.352701998988678;51.530747918979664;20.35612875803967;16.019157209484206;12.267157698297039;0.971694144416128;-0.18546439432808243;0.0021424446581375426;-0.23323743931416252;-0.19418919599813553;0.16906573917245488;-0.10014821865249539;-0.1631346300361223;0.21095968138500681;-0.0444344023258824;-0.08254502702501995;0.23192737435024716;-0.024847658902105614;-0.14854326224743378;0.8773065226948926;-0.29859826617146673;-0.2794521709335046;0.24931524423596957;-0.05923958934135037;-0.1759389067710048;-0.11304583048333262;-0.019410233238777014;-0.09380207220026765;-0.13921738354329985;-0.0019943057035840678;-0.12422986819716855;0.974678125225876;-0.18592872842539962;-0.3090412611334255;0.1851596354292389;-0.05423470262084243;-0.18181332676851023;-0.13759007685709332;-0.024531086520999383;-0.09239289152554843;-0.19183813935467456;-0.012804201016377414;-0.14027618668926228;0.9710516423714602;-0.07933154258775073;-0.28871939775890293;0.13214055401998517;-0.05538579842860231;-0.16021109506941528;-0.11500203974425398;-0.034846458588119716;-0.08934091726865409;-0.17481476840818586;-0.01634400098210958;-0.17589490602757543;0.909200746094953;0.013093387911909478;-0.22824975855814408;0.09661436310178154;-0.05618704226493854;-0.12867847357215356;-0.07248281413704244;-0.03584199109028601;-0.08101357086025848;-0.1226953174558235;-0.013952966677207086;43.481051318558414;16.00264519866752;18.335721413494564;38.64854254495695;73.86332324918611;23.72277819349265;51.06665683669877;67.44819044078025;27.201451962559126;56.910821628185325;59.26462962635437;27.525633206807;57.272650301290405;50.85645009059904;27.99860381202152;69.25372507134082;8.157208951842994;6.16577601768121;6.078647565337394
0.9610842673027904;0.2176838924398675;-0.16944684601398213;-0.42737833708713474;0.1769261270903742;0.14776928667090253;-0.23020968555249868;0.11752956404252211;0.3150106783503021;-0.1073464268788955;0.10820642801711833;0.3847375864808533;-0.08010950097545859;0.1002880339922335;0.47823583255255175;-0.8670621332621915;0.32159341879717135;0.46092451369146237;-0.14560747513988065;0.21059008059597611;0.046153489268791946;0.025207784323604605;0.144204337485424;-0.07070366607253434;0.045060863642126886;0.044351748807221494;0.7551572648108922;-0.6540416101297173;0.3760485502506117;0.39540877845609684;-0.130184559491896;0.20549352908130117;-0.1452382081769026;0.08401451521114604;0.09476515779666146;-0.21256628084641063;0.06838699829376411;0.055406570315819345;0.9413030340893823;-0.4377798158455071;0.34778037825817065;0.30941835449246785;-0.1210980219839668;0.14929855638943312;-0.2194288819079743;0.06972488527871532;0.05006079281510295;-0.19106783384681375;0.05834263962563268;0.10334888310886774;1.0565876915760959;-0.24353856883274097;0.23872851246221202;0.17847207036979584;-0.10199421757488855;0.12793131368248292;-0.1400648083815759;0.0067089237273698565;0.04586114173328966;-0.1642908507212032;0.0171717365193052;47.545036052331994;36.81267804775532;7.8577389277715115;49.021188843678196;47.382870203481666;38.740458860769756;44.457041083050036;86.5678564685043;29.351331213077543;43.363034208485814;100.66011710552415;18.902754435477583;46.064879741333925;85.33926030994927;27.0011556220252;52.04762799185226;20.426978798031925;15.942760547338244;12.165512199559252;0.9764533120618178;-0.19081307615584275;-0.017592876403157084;-0.23817593354534589;-0.2024111316694565;0.14888653311441455;-0.10556619733900716;-0.17225991258378232;0.19817484699910423;-0.04755854010419658;-0.091695979423633;0.22438114902173406;-0.02805748801360735;-0.1737545398676537;0.8636425938499057;-0.31862629255707825;-0.29879372738451687;0.22907243474548986;-0.06042262695203272;-0.17767913546151645;-0.12349533801760228;-0.01813134748937725;-0.09352696033119307;-0.14135582493680796;-0.0014691266671233178;-0.14526794501483678;0.968322619284574;-0.20309733905944788;-0.3345784708983942;0.145519010781046;-0.053822421642820445;-0.18326550488695326;-0.14859527186170488;-0.022265616393579234;-0.09146344121152368;-0.18877994537107354;-0.01308995190873546;-0.15895133422048377;0.9681080369023632;-0.09243788584635475;-0.30997089400249433;0.09569730922132019;-0.05132309322640561;-0.1594812553586216;-0.1156569085534524;-0.03210462934918947;-0.08955771580186248;-0.1682363064396998;-0.01747464024306932;-0.19364525620331502;0.9082697489379686;0.0036362023698628875;-0.241878993277672;0.07084349778309257;-0.05245443632100453;-0.12820858898076404;-0.07976660844747238;-0.03361383943604768;-0.08129477823846133;-0.12342239855367637;-0.01376496111898979;42.7838549083101;17.419433798115737;18.92014155558162;41.14396203967869;71.77485975384494;22.101088539420637;57.07781285886314;62.10444221005499;25.10111044385948;63.054607924014846;52.38427062790405;26.116017767007467;62.33861544550271;47.07263382293876;25.465140863451335;70.86947962894055;8.611427893374366;6.383733195463723;6.226420273720381
0.9674275093820054;0.21273774398227777;-0.1770012940906084;-0.424193811734055;0.1741375042188636;0.14059623938528407;-0.22988424800753382;0.11516730583958103;0.3233855253716565;-0.10934855129284118;0.10648520168991199;0.38810122106490047;-0.08157928766437733;0.09505680220451289;0.4742202194643673;-0.85907767935996;0.3267720470373559;0.46178771413459585;-0.1470376470789084;0.2111626449668954;0.03287279280475656;0.024531699209714822;0.14452615627376927;-0.08413684700627144;0.04431745898208919;0.04118117084097573;0.7587688261244393;-0.6500569049474876;0.3804857703020375;0.39293755966198907;-0.13661147650618322;0.2097815311825003;-0.15029588437380678;0.07837953065666795;0.09835332476655309;-0.21843851085047797;0.06534175580395796;0.05498355000093428;0.9471523013384445;-0.4377700444182065;0.3517001338682914;0.31170082887990536;-0.1276757319691647;0.15412394228114384;-0.21912089161662904;0.06396755024087743;0.05380689331278767;-0.19974198032323653;0.05567975339415219;0.1060594064816107;1.0611449107038513;-0.24700989612569849;0.2415918516055956;0.17673280131193045;-0.10994696507001916;0.13209385016255992;-0.14411705176076195;0.0006634880119142152;0.047769555300745906;-0.16859587078755628;0.014241137091076593;47.5517721538294;38.34288457291122;7.452126195432091;49.22145346960416;50.14519212206252;39.199358786293246;44.425052941326264;86.20850204565211;28.980923225223528;43.27666773697204;99.55386439022797;19.490338398624626;46.49261576995723;84.13566612145105;27.02626942625295;52.97164335760318;20.706014206383966;15.777415774000032;11.942575079872013;0.9774651567018752;-0.19492758851170577;-0.026689167235066952;-0.23556660918805855;-0.2075709501097591;0.13186708637427444;-0.10783669717459705;-0.178575419180601;0.1920596343373873;-0.05021883743990547;-0.10108548929985643;0.2183582338101796;-0.03056336967411188;-0.19213164059397914;0.8491493663704963;-0.3185958554339146;-0.30977424244540036;0.19467334412204976;-0.06408070580839711;-0.1789627423455607;-0.12890196427261963;-0.021404274494636534;-0.09496782081021929;-0.13870104512526804;-0.004889309653723831;-0.16427061299125875;0.9644115258797227;-0.20718487989672646;-0.3453687866056606;0.12103795071387102;-0.05828118989674802;-0.18303006573412617;-0.15097707848146158;-0.024526806522411626;-0.09338402285653757;-0.17790754478401946;-0.015209846255001967;-0.17854208690031048;0.9713501486568096;-0.10047574108029775;-0.316193350876767;0.07825941184899105;-0.05418519158038289;-0.16172462991112904;-0.11518637279153655;-0.03237287080453167;-0.09428674807558382;-0.1572324462395141;-0.018753092274879486;-0.2128140022686233;0.9141946299622806;-0.008179313044537215;-0.24454344711745107;0.05778472308719322;-0.056069436610102885;-0.12988922381579235;-0.08174408084714886;-0.03415590472727548;-0.08587494049241005;-0.1179187578054747;-0.014148150753148698;40.84566848258129;18.961734859073704;18.205665800505024;44.58710266100731;67.33504036524207;20.169280805611606;59.95511071221408;58.360562796241204;22.748283300650144;65.11981588496596;48.66283719186279;23.628179947055628;64.16163257145261;44.33116530652427;22.57891514610683;71.59480315850873;8.663599157241379;6.192715034953929;5.949635510586277
0.9737707514612204;0.2077815803419923;-0.1845514666530866;-0.42099163812405205;0.17134112146760533;0.13341521577403673;-0.22954973317652705;0.11279973548596849;0.3317506739841631;-0.11134710784417236;0.10475922463458719;0.39145089142915085;-0.08304640424831215;0.08982004498496408;0.4701847184331754;-0.8510569504575328;0.3319397335659028;0.46263320767555866;-0.14846258264723075;0.21172717429827648;0.019586197116074112;0.023854422444728633;0.14484245127714623;-0.09757141748920395;0.04357206773682285;0.03800788471667627;0.7623520555507344;-0.6460454659673216;0.3849096963514473;0.3904501594212307;-0.143035300957255;0.21406284386771338;-0.1553494583436873;0.07273953061116355;0.10193890405205741;-0.22430426466493744;0.06229290661091916;0.054558238575662055;0.952966668844533;-0.43774319912589293;0.35560753803770034;0.3139719423220061;-0.13425075025993025;0.15894499591224875;-0.21880424981309043;0.05820571915652288;0.05755219808568745;-0.20841135382410397;0.05301377015700341;0.10876673654237483;1.065662335830509;-0.25047279837632275;0.24444676559581402;0.17498603600797502;-0.11789819025621211;0.13625268296982063;-0.14816508428643335;-0.00538407542806753;0.0496767696447593;-0.17289581335419027;0.01130896344308138;47.534846284290694;39.88605677878284;7.074323627534423;49.430001125882555;52.98331221178586;39.316772155611815;44.420512051208185;85.81822145482239;28.614030223652165;43.20415206353273;98.42853992602288;20.09448119405754;46.92868960138573;82.91993108377156;27.04863358490706;53.90557889264531;20.98454174363056;15.612078749723333;11.725256122386167;0.9784770013419326;-0.19906010116206282;-0.0359898531139377;-0.23279961968147972;-0.21276835781419862;0.11439118495998894;-0.11011701998288179;-0.1849676703433802;0.1857215050911395;-0.052921642573111445;-0.11065604115605399;0.21210387818318738;-0.03311610805398859;-0.21086540166764078;0.8339674100230982;-0.3184349749480937;-0.32088847828064077;0.15938093973293382;-0.06779926063060515;-0.18020385707479677;-0.13438405220442512;-0.024745939531513772;-0.09640411083027685;-0.1359269653422326;-0.008388439877535448;-0.18365608946250728;0.9600151964943398;-0.2112847919356096;-0.35627382897819315;0.095928267529785;-0.06282174368520654;-0.1827145303743888;-0.15335377660611627;-0.026831520703913956;-0.09531203143585772;-0.16670541192826246;-0.017373714512695867;-0.1985237540612198;0.974273478553925;-0.1086628998988711;-0.3224343162461938;0.06037698474653676;-0.057092958331765926;-0.16395524390424684;-0.11465780130460584;-0.03263427884396492;-0.09908930120568774;-0.14590416110797844;-0.02005416292711869;-0.23234972156464698;0.9198874884721793;-0.020271110153697498;-0.24717138372292002;0.04439338652700473;-0.0597471553769074;-0.13155674341803938;-0.083735065940514;-0.03469689059493124;-0.09052852566636763;-0.11223686124713454;-0.014534647781747588;38.730913582061646;20.657251473213485;17.443817188762836;48.376161656808364;62.49510643202905;18.201230536883937;62.84842662448986;54.578874495296624;20.16848926929049;67.20375933816806;44.90701648200076;20.836937836778677;66.04091828570806;41.52846176311416;19.596706177387624;72.28217244339997;8.73205108110013;5.999177556051047;5.6711207592013695
0.9770047816814994;0.20409079071729896;-0.18649013297335573;-0.41371616454725363;0.17270654522038903;0.1285621643390007;-0.22687465442699187;0.11542414401160403;0.33932295266563084;-0.11268560270967011;0.10231259435552019;0.3933092075142546;-0.08423005702182804;0.07872121860021493;0.4757527180041186;-0.8265870337952177;0.3406732092094568;0.4630114969806303;-0.15144748062942845;0.21745127694048674;0.018917878412234444;0.01772462507080297;0.14836016269105626;-0.09639525474419115;0.03877487157151853;0.030085910191038064;0.776852967726992;-0.6289628800984538;0.3926931666056111;0.391254473518089;-0.14707980926369313;0.21976057193087165;-0.15281197633608373;0.06388112683042556;0.10534692246949223;-0.2205903746587308;0.055958120049777474;0.05019315264630366;0.9703898453194119;-0.42907542551129546;0.36042898152517455;0.3200250916241185;-0.14036838678074884;0.16542117560932265;-0.21580141250747265;0.050177607606569995;0.06164296083526039;-0.21058518807891471;0.04849267808945373;0.10732532593053518;1.083109044148473;-0.24956699291990958;0.24803048241430903;0.18212117307957768;-0.125369282113781;0.13849651032161053;-0.149111946390715;-0.01072146129746673;0.05032519760342072;-0.17428816838660982;0.008747816983037648;47.504908115159246;40.675363743619805;7.038036500570378;49.124173914144464;51.99557436763108;38.30743612334975;44.61262863090166;83.77455485872855;28.868166212745095;43.17740348892171;96.81954358676978;20.825108405768137;46.55070533708215;82.75543372099922;27.385005448754647;55.557248124946526;21.25807838872149;15.161569267684422;11.206068488680694;0.981463383134506;-0.20014514711925294;-0.05835236004167362;-0.23716030027286641;-0.21864279532439695;0.10249969230537231;-0.11399720105681727;-0.1950102612479348;0.18601745116689508;-0.05461470891681043;-0.11877372911772968;0.2156492439332314;-0.03359124217679463;-0.21572051791004748;0.8089409831640049;-0.33848727148602265;-0.33479464565121986;0.14874423089805394;-0.07042489703311786;-0.1840411150911122;-0.14213022587536947;-0.019748591444004572;-0.09892869971113656;-0.13391609946821675;-0.005276053819099776;-0.19056912898780096;0.954089182030346;-0.23107842783240531;-0.37138964608962555;0.09714076550546115;-0.07057450098812293;-0.18772752730214826;-0.16521254047981215;-0.02364966010639178;-0.09850182081618536;-0.17041220783295913;-0.013907632943099033;-0.20826829229108085;0.9828477637948797;-0.12720738409739507;-0.3327781997634047;0.06142083621121199;-0.06317185834582309;-0.1709128040407645;-0.12623798297336822;-0.029358764349740003;-0.1039753213950904;-0.1478696288468433;-0.017536945843222837;-0.24356269026407468;0.9358582769079152;-0.03759124458904009;-0.25384255294445685;0.04015567879537075;-0.06676520928738068;-0.1378151046368369;-0.09395220942374548;-0.03537832172814381;-0.09556567960322053;-0.11548481451992106;-0.014151267177949478;39.76453899207574;22.313690672547683;17.645631778537872;50.03607885942267;61.2572072196741;16.12743879513015;62.57671712729483;55.636175303937726;18.606910374452504;66.73264354792524;46.34018209797193;18.455525068325954;66.63371112071862;42.136793330914564;17.220752949412297;74.49080207793068;9.319142136656264;6.179493880938047;5.633261816010438
0.978102336649223;0.20099340083071557;-0.18433365192979692;-0.4029828745198582;0.1768469039785516;0.12510219640941367;-0.22225771370453973;0.12149495723732551;0.3461529340154093;-0.11347242634569701;0.09919782318468325;0.39375002847837687;-0.08515297392429359;0.06317193653891028;0.48769737640784283;-0.7891454296441293;0.3517521569518394;0.46258608013890457;-0.1554372492167879;0.22670233557021227;0.027082732291207643;0.007607161798859175;0.1540514820683029;-0.08482387138609716;0.03098223983622001;0.018617877231062216;0.7985394380559114;-0.6016545026148796;0.4026015396788555;0.39398130239458373;-0.1493890156585289;0.226351627613085;-0.14472315276096553;0.05249584556837029;0.108596355646874;-0.2098304400385714;0.04711376261854183;0.04290910480250427;0.9953474639604734;-0.4136925722091973;0.3656240832548735;0.32853726739500777;-0.14615484092340925;0.17303265224174166;-0.21061804408430274;0.04032465889388475;0.06600365840260163;-0.2080226778016003;0.0425159749779622;0.10282383825706277;1.1089009395297003;-0.245309872883284;0.2519474237580936;0.19546775624822413;-0.13253917156198888;0.1393000077741308;-0.14774473883924977;-0.015668015763701238;0.05005089922267147;-0.17348616403373876;0.006380951833508652;47.48796565062189;40.95269048462573;7.339813361796705;48.52082473038948;48.4829731058069;36.3321079385748;45.01364791489926;80.52228765031913;29.46174629388909;43.21569240698451;94.80021992521338;21.640078226169486;45.671596088162765;83.22776476780997;27.952619855228832;57.84334565044507;21.45263958442048;14.471372167816112;10.479958541048545;0.985806555635785;-0.19890274950506887;-0.09127636661170999;-0.24681213358373172;-0.22513122536267538;0.09414240544384285;-0.11915206257069019;-0.20805460769317302;0.19109699731449456;-0.055602012592130684;-0.12609688273425762;0.22643371182115085;-0.032534079197916295;-0.21041826586726156;0.7750530302764592;-0.3740924671363552;-0.3511480151897966;0.1557240002511902;-0.07231382111435035;-0.18984065846689824;-0.15179052308902533;-0.008374909629200039;-0.10230169300239665;-0.13229465201006632;0.0028482038780842105;-0.18846679523298146;0.9461668285938576;-0.2631512864556262;-0.390027565508752;0.1177457061230307;-0.0809863850642101;-0.1967655418361634;-0.18446957986068507;-0.01627032841300792;-0.10269704646097182;-0.18516009968255004;-0.006132300757805894;-0.21075670856652842;0.9953297652374341;-0.15410996776414485;-0.34638222002171487;0.07642118873697343;-0.07181167303570613;-0.18154716853129774;-0.14716545090924335;-0.023315139557588096;-0.10906839126539358;-0.15962448244298663;-0.012084728648249658;-0.24897176612332445;0.9594986128770165;-0.059493178093223936;-0.2636209756119815;0.042455351271701476;-0.07650737413821478;-0.14764079913197997;-0.11061628805639072;-0.03617019029113464;-0.10104304034271075;-0.12538197043726007;-0.013174693438841999;42.923269582240685;23.949199770177444;18.514148387057038;50.20785427349844;62.68015062067327;13.954149925436262;60.233266770356906;59.86918174070766;17.904262418306793;64.53256713915484;51.15517996417544;16.706419114602454;66.28846485105817;44.89338585058748;15.53659806610043;77.46272527314535;10.391922867338678;6.677948588139487;5.78390332682444
0.9791998916169464;0.19753233614951712;-0.1818617468907118;-0.39140072606146453;0.18084897919358867;0.12137532302149878;-0.2172070799739009;0.12755615520491267;0.3526785230722429;-0.11412103657912978;0.09586158845770561;0.3936506568930915;-0.08598097019644294;0.047122600463687436;0.4992746225932863;-0.7496069001172129;0.362631314779018;0.4615010686201903;-0.15931475548211801;0.2358804918891557;0.03542571334332901;-0.002788724438651329;0.1596775133042501;-0.07282736389555561;0.02293995111899191;0.00682024611383189;0.8196806560224283;-0.5727801553699187;0.4122078755121661;0.39622811434678523;-0.15154996011692434;0.23279987488041895;-0.13621742023176295;0.04073567464434838;0.11177958303379777;-0.19849165395568982;0.03796930494427756;0.03537214371938979;1.0195705663848709;-0.3973227984914487;0.3704442354754522;0.33681425974184676;-0.15188959219991333;0.1806030551776035;-0.20500230554193788;0.03015443256456013;0.07038725571409346;-0.205100796592428;0.03632150881942229;0.09805910520250183;1.1338212475555802;-0.24059627390847457;0.25561491188869107;0.20889360289481032;-0.13971305409658438;0.13992953454365245;-0.14613427667506937;-0.020723522567395587;0.04969919280319969;-0.17241978550583836;0.003942503809985883;47.48472200194764;41.247737515081845;7.773358351489677;48.012672255794755;45.14020376244448;33.95528805090084;45.5265307651354;77.17528855509326;29.90987781831275;43.303265873129625;92.68005230190948;22.44984359995376;44.86611775779696;83.59192083911658;28.536661726424825;60.32905114150587;21.535943495860963;13.729505316152919;9.7607290637145;0.990149728137064;-0.19733169042858234;-0.1264004832690045;-0.25684180492654324;-0.23180177573616334;0.085084241555825;-0.12452409568839927;-0.22176196029191259;0.19630109104183946;-0.0565911163223879;-0.1337809683288902;0.2377002550683936;-0.03136321981266024;-0.20448841446487126;0.7378456263508304;-0.41174263871338385;-0.36822294061443456;0.16300463376420585;-0.07424754208588527;-0.19581681070742765;-0.16194460406983896;0.0038072504567156365;-0.10578724523096009;-0.13039879684350905;0.011539240503090959;-0.1859881103878787;0.9365398092138051;-0.2971558657541792;-0.4095001940235762;0.1396539568754521;-0.09203075912792053;-0.20619906500265084;-0.20485432147146357;-0.008353294699414251;-0.10706206307193535;-0.20071836129049545;0.002196221394442263;-0.21316393671185208;1.007479588064573;-0.18271374468643165;-0.3605206065245562;0.0923816348776962;-0.08097073494218994;-0.19270756282058624;-0.16938315281506733;-0.016819013106477414;-0.11438653671451636;-0.17201062534482525;-0.006235153497598318;-0.2544582618621102;0.9836334639683083;-0.08286017260657125;-0.2737657164135791;0.044864897552946606;-0.08684045911133689;-0.15797692408992137;-0.12831572498348245;-0.03697373073862102;-0.10678219218365928;-0.13582159379555916;-0.01211358116316188;45.85218720596349;25.671331043712225;19.361789335561156;50.560258984936524;64.11889220005651;11.754953031753805;58.01565804254447;63.89395315136576;17.251155670716948;62.3731231366194;55.69789247193137;15.17902147698568;65.90240991327761;47.39809506488709;14.111839133271003;79.93183637585514;11.660335310913775;7.258817765435818;5.964548026330339
0.9778960382032712;0.20017966855964625;-0.17783533862507886;-0.3929158530325444;0.18930941559686126;0.1227773670257585;-0.22075779139716242;0.13467300669078147;0.34696454302801194;-0.11855582814134843;0.09182938478547381;0.38961694346731945;-0.09112098058730898;0.03433200240043826;0.4890633561354401;-0.752348949986194;0.36820515621439526;0.4651896358305511;-0.1710722723497422;0.24465042555319105;0.05285006616004688;-0.01408631507912209;0.16881584455916168;-0.05337498014806753;0.01614128360762335;-0.006835478615256642;0.8156809801075691;-0.5784615932997245;0.4174219258533627;0.40708231915581183;-0.15791231203981823;0.2425336490183576;-0.11181964378922678;0.034295023337626095;0.1212781753739743;-0.1816925869921145;0.03271191639468824;0.02233367216138937;1.0236539474313122;-0.4070828788891851;0.3724058001098823;0.3506016710119672;-0.15988474798226038;0.191265650826938;-0.18616941310010152;0.024246054652322723;0.08011811587039962;-0.1926386100922305;0.03292593014462682;0.08624483801855436;1.1468783658126207;-0.2541854392582897;0.25720721462949064;0.22659671931682293;-0.14604568859732758;0.1444121602297501;-0.13543071381341076;-0.023079424007985294;0.055215576783156146;-0.1658804312768273;0.00277816262014129;46.77124445779166;40.13675316314079;9.070568292874917;48.29884731751506;40.85496709530936;30.87697469740984;45.878026779085666;71.98471451137073;31.239513732728966;42.93458389319485;89.16996612485427;23.31570465146823;43.34124682121539;82.39686125756897;29.360186058359066;59.686288667681765;21.779952864186264;13.744120316472687;9.668352248314983;0.9924068831837124;-0.19459748117713352;-0.1344578207258484;-0.26533247539068;-0.23341549270757203;0.08853359191998467;-0.12830962103401813;-0.22444840412792127;0.2046245561588249;-0.05639876879293994;-0.13944552811912314;0.24222606384364864;-0.030429831845439632;-0.19332064887384873;0.7188679243734236;-0.4394387425040424;-0.37618021429021525;0.16735254193822258;-0.07357644133830381;-0.19868653872860315;-0.16333352605771992;0.012798957567209241;-0.10747213624459048;-0.1291759336075616;0.018036773108563102;-0.17469335609891617;0.9312559843307081;-0.31975697487801746;-0.41558123696689925;0.15348014344839328;-0.09545558814154963;-0.20687002976045532;-0.21232507604732703;-0.0008608228104030476;-0.10467294151161456;-0.2053968501338278;0.008439507220054886;-0.2030628227824303;1.016040335630269;-0.19897850677270246;-0.36111105003452504;0.10909558987138777;-0.08355124151812206;-0.1936975725791863;-0.1805270593807385;-0.010394413150733637;-0.11205839885740762;-0.17612172350202052;-0.001627462673247968;-0.24406634888876633;1.005700571597176;-0.09300861289101338;-0.2716989596577953;0.06022680575528012;-0.08974243135647754;-0.1589620312788785;-0.13380018393603804;-0.034842538905426754;-0.10472979674522347;-0.13790562751889918;-0.010364180859126059;47.37653851191296;26.28565451576272;18.04382396597658;51.441182931028905;64.4432711747761;11.270067714724938;57.11607545023448;66.54801687627129;17.394695322513595;60.48986167699101;60.04606435014896;14.655353741636693;63.57121027519699;51.607905317274614;14.006072094630406;79.20316982916867;12.56425713555802;7.805013971649139;6.184823046519578
0.9747890376407616;0.20746506023909594;-0.1724639409825455;-0.40437948498520815;0.20115795668798883;0.12809931757642007;-0.23087833658540743;0.1425579564254499;0.33146882224608004;-0.12588229373317478;0.08717648921337166;0.3822477038928709;-0.09958323404960405;0.023995418157771103;0.4615223511448595;-0.7875320615211785;0.3694356476032799;0.4723096877703045;-0.18890930373052994;0.25298511109800265;0.0773930158460593;-0.026130401751841326;0.18062227530960814;-0.027990821146731598;0.010268053214351416;-0.02199819922315591;0.7915587254379731;-0.610697030788549;0.4189697507704623;0.4244245967135961;-0.1674731718288863;0.2547138669833799;-0.07486070039641421;0.03194296406075473;0.13565979004894407;-0.1604445670400322;0.030434544238109634;0.0049356166694908;1.0114115292999746;-0.43696781020276537;0.3719090140467904;0.3685166800926448;-0.16957372911621532;0.20426191526307905;-0.1568359484644147;0.021611888132725524;0.09400615465057384;-0.17256447409754813;0.03167187322897182;0.06883004357250747;1.1500158005963443;-0.28192332884704707;0.25702422561682503;0.24756659285055843;-0.151658485918167;0.15182197377031004;-0.11750891465416283;-0.023329748762907956;0.0652908068964916;-0.15494123366177293;0.0025984326949664133;45.54657419469017;37.82138003424052;11.151430269589618;49.1323682255913;36.15271350852768;27.265517131695383;46.165745980720246;65.15573036764106;33.13639183789256;42.275206720664016;84.14634343913056;24.114187124035762;41.36657821587987;79.65308340114231;30.367956188625897;56.677881844260405;22.14877606159565;14.363837418813581;10.065701841808547;0.9930977088817706;-0.19108716749852794;-0.12081196002904131;-0.27243505939177176;-0.23104177278933247;0.10184747244358806;-0.13076426902255167;-0.21837322009216337;0.21524582201188333;-0.05529255960010999;-0.14338245270988492;0.24134192350835976;-0.029723493611767595;-0.17839206296761323;0.7151890132748275;-0.4585422147985018;-0.3767811727395909;0.1692962303098672;-0.07088070934926477;-0.19906906777796574;-0.15777146735658334;0.018989738897103235;-0.10771205173202433;-0.12856833605041648;0.022602258009163215;-0.15679216565214002;0.9298975211790507;-0.3327263393468707;-0.410979728717858;0.16052103912231747;-0.09275553325460574;-0.20062840840665463;-0.20938212858863708;0.006068859931141679;-0.09702440238987348;-0.20135953702504375;0.012841160245458208;-0.18339522266673747;1.0218363454160087;-0.20501764179564236;-0.35104123946790455;0.1259429774052993;-0.080855348575254;-0.18664231890271224;-0.1825982831686708;-0.004223229534040664;-0.1037626356875141;-0.17359380605230043;0.001854441918430211;-0.2214528062410427;1.025802383616851;-0.09238045064950487;-0.2600834074179305;0.08543914237765196;-0.08668301958619233;-0.15254130125321008;-0.12945943579110158;-0.03045532661128004;-0.09658358299344635;-0.1333346097652075;-0.008123964803314667;47.914210656815186;26.031163771993786;15.134524954766198;52.6358344037231;63.90935792632913;12.069280601472848;57.14948248274765;68.33376186537812;18.155632150180026;58.72451908323059;64.52494821847493;14.830134452977605;59.56368243713794;57.46679149569919;14.875575686235594;76.33406086027135;13.072781163830415;8.28372171657469;6.45364376150025
0.9716820370782524;0.21451002061113505;-0.16664798638283515;-0.4153158845026186;0.21287582385033052;0.13329044832036457;-0.24077441828480498;0.15033933740195626;0.3150079360021079;-0.1331250963089762;0.08225738893785703;0.3739902737327918;-0.10803639627449557;0.013391657355842884;0.4325097611594836;-0.8219636897488998;0.36998656639334326;0.4786797015223154;-0.20676729097370977;0.2610148527419642;0.10231359385642644;-0.038382445160606404;0.19233637016696858;-0.002009653882463975;0.0042494455054414276;-0.03744354830191621;0.7654074523291321;-0.6424557670451634;0.41975014775466774;0.44132721253142765;-0.17691873915202583;0.2666681779116742;-0.03696735130338618;0.02947950591053876;0.15009012300445126;-0.13843500806650985;0.0280502546991209;-0.012844395365618986;0.9969743666740302;-0.466657674261905;0.37069094495862015;0.38611111987664093;-0.17914614734952833;0.217146149653507;-0.1265747153904484;0.018880022965311483;0.10801193531702835;-0.15173077538674298;0.030330445765850745;0.05091084433101191;1.15102295701817;-0.30971643881348176;0.2563461950883129;0.2685124196838714;-0.15710167402145395;0.15910034324316297;-0.09897883889439887;-0.02354085482964599;0.07545700884526944;-0.14347174436699398;0.0024098893092527945;44.35932300073043;35.32581019834426;13.449555221433389;49.97605489267154;31.96547430183957;23.740962446668792;46.60467288964235;58.24361335733778;34.55876718376619;41.72112736168291;78.5507597208975;24.639253872510118;39.560108564825065;76.39563371422456;31.341400838595238;53.81330413955551;22.431908568872377;14.993850797052039;10.493018191019905;0.9937885345798289;-0.18744761863281023;-0.10697327932394059;-0.2794711241873603;-0.22852998543642009;0.11524013142697014;-0.13317770747537577;-0.21213027997466052;0.22586324678873637;-0.054148075431815476;-0.14728630179715083;0.2403290744263334;-0.028995494036078755;-0.16322952714532557;0.7111183920906902;-0.47760324420368705;-0.37720045822965265;0.17117456388676652;-0.0681234877248755;-0.19935624373603913;-0.1520768026042813;0.025231269401588957;-0.1079006939686704;-0.127890844137274;0.027200889598396685;-0.13863886913120502;0.9280630559893296;-0.34565622817152786;-0.40612893804741884;0.1675505131859078;-0.0899830600156586;-0.19422624376424555;-0.20630635803830483;0.013062907499124077;-0.08925320064517658;-0.19718275175345332;0.017279224747055996;-0.16344509983685385;1.0271801680468202;-0.21101346884532246;-0.3406988021973801;0.14289151183328305;-0.07809300024531356;-0.17942557067421105;-0.18459877215715167;0.0020100653354667617;-0.09533456271016288;-0.17095491248098987;0.005369282105830553;-0.19850915360228605;1.0455891462356148;-0.09170020409452147;-0.24822546543902047;0.11085412578336923;-0.08355071720203763;-0.1459822182924515;-0.1250120481406461;-0.02601029543368725;-0.0883100865499833;-0.1286527847331208;-0.005857921439125608;48.33227386393587;25.786200276381553;12.271933825853868;53.871761143274746;63.352259370773396;12.879940123479827;57.20383324325047;70.17602804082567;18.978217419801215;56.88555846450466;69.1528259026561;15.078551223896463;55.32383452061815;63.56995808046628;15.899548840260755;73.39347704352885;13.572294031398675;8.769122975184072;6.758561851314205
0.9653136058424324;0.21702304541251002;-0.16465857660760158;-0.43131545648892394;0.21089556990755134;0.12989691036254275;-0.25368120388277743;0.15067082876670343;0.2936439925688739;-0.1412732571138924;0.08911001139460797;0.3569084543698799;-0.11757374686918272;0.007861410684372776;0.3999852031836162;-0.8694564186151691;0.3694669722669196;0.45429516728211233;-0.2116112903357983;0.2602431921212207;0.10370925596839171;-0.034191170295425816;0.1908962592765981;0.003432697594658321;0.006912036022351379;-0.03676517804582837;0.7280312355615095;-0.6845574057228805;0.40413751474957177;0.4436524769481527;-0.19096225993249552;0.27407803249626783;-0.03375340906924359;0.031681329119484715;0.15718307523648847;-0.13401261508808487;0.032466225693232015;-0.007917317845049234;0.9619795550827872;-0.5018352729413104;0.35619859342468346;0.3791554178413306;-0.18799965862434462;0.22743811242972764;-0.11737602815528696;0.020345626727136624;0.11627629870343241;-0.1390208998526162;0.03217425584376332;0.05693581961125577;1.120015114342549;-0.338416454032044;0.24768928128518305;0.2589225306001182;-0.15899277192762992;0.16913901536386547;-0.09146676973213942;-0.022011948605246034;0.08456687591085972;-0.13306667790897025;0.002760556946071997;42.29043200960309;33.81186209893358;13.458225469841958;51.789240338663674;31.077308579609284;22.545095598326682;45.82543125109634;59.15971468054247;33.19995335985477;40.51855312323853;76.69480982434683;23.26185540000803;38.79352060505047;73.37189072101779;30.062880673652774;50.45560060022131;22.20440532004002;15.773823752411262;11.201596491628713;0.9938132609324228;-0.18429580818973762;-0.10273576255413838;-0.2792517226284657;-0.22444812438743966;0.12094696614621081;-0.13535839493409121;-0.21070687727177412;0.2293581900408879;-0.05565451957741917;-0.1525475219319987;0.23320673924584823;-0.030846846278470078;-0.15415245152568238;0.7028826419060731;-0.4869340990054182;-0.377336044957408;0.16706221733585047;-0.06957659077622484;-0.19832178990337604;-0.14468870727787145;0.026610482109836953;-0.1098856261205311;-0.12337053247730828;0.027831461851430674;-0.12718904942694273;0.9257817131481677;-0.356021298950378;-0.40569426490836974;0.1692358202558099;-0.09191742314568574;-0.18915710555233248;-0.2085737527140154;0.016438533298405347;-0.08638375732535347;-0.19734565867740378;0.019817268981590346;-0.15058251670243974;1.031643644582347;-0.22185184268161845;-0.34062342400275664;0.14283950446853863;-0.07921977944315561;-0.17323871785836018;-0.18775610448424113;0.00557418819301319;-0.09127587410986594;-0.16968101707353117;0.007807364918883696;-0.18540872456168092;1.0554100041941987;-0.10286102187530209;-0.24652099456734855;0.10838523164280323;-0.08248584165235547;-0.14121437505297246;-0.1264898049332734;-0.023455499201978935;-0.08342640853099036;-0.12392083039511366;-0.004632405655053472;48.657386817574405;25.30432605628314;10.037830454927187;54.82376237996725;61.81369525120899;12.541068517942184;57.54437041044563;71.62433844700382;18.60997696033514;57.520879000626074;70.79781709478966;14.452570894761408;56.21836048072696;64.647210881092;15.10326509122312;72.35559750044594;13.826273229318641;8.855175311490454;6.732407138587614
0.9567685068847412;0.2159238813441795;-0.16484107081789326;-0.4488145644597942;0.1995441909820487;0.12073309954294066;-0.26733382336421074;0.14575210618848494;0.26930928502594925;-0.14929060268586314;0.10310619183472329;0.33394755921464303;-0.1270937210243662;0.0058686674441083934;0.36563305671229857;-0.9211468090406739;0.3673466274384662;0.40981711505925617;-0.20722106972984125;0.2531151064977478;0.0894429926409806;-0.019381336654751884;0.18046547871909163;-0.004770740920914485;0.015097825282216325;-0.02551195730347331;0.68319451032008;-0.7297906556698653;0.3775262145693259;0.43525594500260933;-0.20689257467670857;0.27750394996107675;-0.05321184533599924;0.03674649333460388;0.15877829703933227;-0.14092095498734591;0.041035923218513445;0.011613520478621754;0.9127452730076115;-0.5377486422215475;0.3328108188283197;0.3555550113762077;-0.19551437562808174;0.23500612812903696;-0.122030985254794;0.024431117129867837;0.12013333514685465;-0.13183204971991105;0.03593125509508517;0.0781591607231719;1.0667214659337036;-0.3655667807450292;0.2335988937464318;0.22920516410451566;-0.15808405280962776;0.18010135887221765;-0.09124792029649173;-0.019362179858825587;0.09236566120317191;-0.12349076452295812;0.003440094851185148;39.7160777215721;32.87231831994453;11.975707251188437;53.963400181852144;32.39296423342393;22.770197714559096;44.22217371625326;64.89800569010202;30.532169039467533;38.76183129199765;77.56652483660555;20.906710102331523;38.714777868998446;70.82045240753064;27.15657578327822;47.02712449364814;21.53502992867293;16.5155025133743;12.048368632663726;0.9933934348508056;-0.18150365212594727;-0.10498437918152317;-0.27418574359871906;-0.21934797122194735;0.12148372453169658;-0.13739577720310517;-0.21255905713330886;0.2280814785207663;-0.05894972732760787;-0.15873158376137358;0.2220179181398384;-0.034434732304511544;-0.14921199911393232;0.691954320516676;-0.4897596883175754;-0.3773306667931893;0.15894810329233003;-0.07387019130780048;-0.19642628804825005;-0.13619571954339862;0.024717047345375887;-0.11309019760061347;-0.11628941058681865;0.025793153708173724;-0.12029337596287344;0.9233278480300107;-0.3646850541929626;-0.4082874779801915;0.16734246584520768;-0.09702847702050992;-0.1850214089674717;-0.2144610459047031;0.017373256282202123;-0.08683176616488791;-0.2004559470091565;0.02107345694575062;-0.14253876776979804;1.0356424734818228;-0.23595653368561795;-0.3475052589150721;0.1313621275041565;-0.08297281474009216;-0.1677815128447103;-0.1917104826019751;0.0073345779095703115;-0.09017944825631292;-0.16935136759659378;0.009516413146974378;-0.1789873693069427;1.058641648342021;-0.12198290580779644;-0.2516882113889857;0.0871650387647824;-0.08282600472551198;-0.13768139953758882;-0.13196998668321766;-0.022181776971277475;-0.08084628231055846;-0.11918177774693993;-0.004110598610037163;49.01268212953861;24.683243314630257;8.127814217002719;55.57362948631275;59.5654007032176;11.40545195073624;58.06018723850498;72.77389962716855;17.42445791681712;59.80861214407632;70.41986813291507;13.199975926424033;60.71652365970187;62.188929086811854;13.02483013130588;72.62544470915765;13.929962835652235;8.678202517519507;6.473833747858226
0.9482234079270496;0.21404258510665736;-0.16437561227755956;-0.4637031222382073;0.18798451202772265;0.1115575378326739;-0.27927072689795956;0.14051334919015881;0.24514219496471976;-0.15633024898502737;0.11600604483797047;0.310835377758977;-0.13564722343862864;0.003952376968338078;0.33157387230698493;-0.9666940246184595;0.3639081209046253;0.36596484481781355;-0.2022462732174739;0.2453608647072429;0.0755402457709681;-0.005233613424078981;0.169854513859367;-0.012547326696138736;0.022817616083679347;-0.014720040391849702;0.6379419032227698;-0.7699437956912003;0.3507764472373295;0.4255904831616558;-0.2212280408253467;0.27968381548443505;-0.07149541949830059;0.04141709928391487;0.1596787384989963;-0.14693923927320676;0.04901998422707002;0.03012711360958282;0.862424356020215;-0.5697901303980161;0.30929741339268507;0.3317514099732391;-0.20189726622867976;0.24128660755702727;-0.12598127011947108;0.028218547162771796;0.1233327740868693;-0.12449012038673829;0.039361975449293526;0.09802309630936822;1.011946496098674;-0.3899487648238962;0.21930456810334023;0.2000787911113873;-0.15660788889894067;0.18981999054283596;-0.09068631897163738;-0.016769273975542877;0.09941824887667998;-0.11391292672311366;0.004072473062931349;37.280856893537454;31.71660563598179;10.776600570202701;55.815552920562524;34.0069672067726;23.02859680379401;42.705546417011384;70.26555174711498;28.167282497417673;36.916670446640296;78.4780432017925;18.709217374907197;38.74832820339674;68.36937462686662;24.115945233387162;43.973397593866935;20.7385707666303;17.08820396394885;12.839078991572967;0.9929736087691884;-0.17868048526080027;-0.10722553164531969;-0.2690706198110961;-0.21420566328771565;0.12200624753383843;-0.13942093660428784;-0.21438880432739582;0.22677184822206944;-0.06224625349389376;-0.16491190723319188;0.21077009323802826;-0.03802789634885267;-0.14423888330068996;0.680907006384257;-0.492529681422562;-0.37727653956143686;0.15079146571727375;-0.078165889472757;-0.19450027855187568;-0.1276621198922079;0.022815287807692146;-0.11628884925225526;-0.10917407485745578;0.023745989106594877;-0.11336347420804437;0.9207480781092992;-0.3733251925245792;-0.41083498757473064;0.1654223659621077;-0.10214085332085841;-0.18085060538729072;-0.2203365985149228;0.018308269104729945;-0.08726977455854767;-0.20354877614107764;0.022330328221697632;-0.13445480540293253;1.0395183824113117;-0.25006898224787505;-0.35436086564393476;0.11983667330489323;-0.08672530673489551;-0.16228784533660912;-0.19565081907201562;0.009098792104969132;-0.08906840317728001;-0.16899895182693994;0.011228864888672859;-0.17252549079072876;1.061745322478507;-0.14114086747172216;-0.25683692765346583;0.06587606769979852;-0.08315639238953576;-0.13412106502925036;-0.137447978528702;-0.020901737230188597;-0.07824872052053451;-0.11441448620040937;-0.003586846225764723;49.41414623261569;24.096137704289315;6.165687632127719;56.32888165097878;57.23391925803302;10.246602220091598;58.56872218541727;73.91006344939268;16.250060958660878;62.05627401029266;70.08311105348284;11.94304433759576;65.2968622592438;59.64145675838621;10.975562338854841;72.90788984914299;14.044617870084982;8.508886104318014;6.218037072187314
0.951609294691892;0.20881410848513593;-0.17108956816864215;-0.46839241888721317;0.1852020266560605;0.10803071587311024;-0.28350054759884874;0.14006041962166427;0.24159108902679846;-0.1579872001920341;0.12264757675722206;0.3030114305619539;-0.13790426847429885;-0.007597362082928398;0.304360942021087;-0.9871963286658064;0.368397381106086;0.35002467333371184;-0.2026477784814523;0.2436923413815574;0.07438188807400346;-0.0031138456725407094;0.16909030799922367;-0.008229663227609787;0.02345438758248253;-0.02421959591546874;0.61476021538321;-0.7883421140315165;0.34632862592092367;0.41216753142710816;-0.2242331495670595;0.28071021315434225;-0.06715177403241686;0.04199450904401525;0.16348823209122756;-0.14239573349903367;0.048287445557173396;0.02318633715227681;0.84159147024828;-0.5847581012087413;0.3040102277821868;0.3216801358225271;-0.20345215027515484;0.2422204319065239;-0.12267848238258716;0.02922359764924327;0.12595486091806996;-0.12023046532288045;0.03848752531825636;0.09368517291529951;0.9928258089602439;-0.401394301139539;0.21263582805373343;0.19109317755006935;-0.15833027156632706;0.18979156130763294;-0.09150805388065077;-0.01666562018344185;0.10126133967505298;-0.11199693895387015;0.0031335196756946977;37.240684520523054;31.892718655024428;9.807032609030058;57.485889120472166;33.35347069371217;21.49249645438403;43.679481400456915;69.3005750002253;27.466316327130418;37.38827092239179;77.74851097902464;17.73941055477373;38.9535923320837;68.32732240042672;22.847510344562828;42.95855321414112;20.832193145172404;17.465750640267988;13.284375502395315;0.993124020118158;-0.17958999102325696;-0.10443624693951054;-0.2653535026901514;-0.2131549068596136;0.12607988630301356;-0.14122628926422318;-0.21603449595547675;0.22923176755431812;-0.06512192311232777;-0.1704948431240422;0.2018734029777059;-0.04158089596058447;-0.13935747251921443;0.6736194611035007;-0.49346110237832247;-0.37604080341841994;0.1532052368607552;-0.08109321315400493;-0.19650163858716832;-0.11623386932490204;0.02075209937432853;-0.12137963645950481;-0.1015863686082282;0.021924693084395805;-0.10393332129697239;0.9199573883881155;-0.3779897727112445;-0.4143345654992506;0.16736600161821374;-0.10269521162615917;-0.18130845485765265;-0.2176273945102126;0.019908028664079046;-0.08955932233906799;-0.19937383594467242;0.02304060071421532;-0.12255172669539022;1.0440242703277087;-0.2583354574743653;-0.3607822993090219;0.11711394250774847;-0.08671740164855167;-0.1628207363512499;-0.19315283337332007;0.011671016433777314;-0.09076443414277516;-0.1656227048001217;0.012652781245858996;-0.1612072175969596;1.0681395129311593;-0.15300093110766094;-0.2599678974055951;0.06000857535877196;-0.08291046634242472;-0.1349455588229018;-0.13689863530508206;-0.019590799907254257;-0.0794494917480091;-0.11034298386060647;-0.0028959555741905653;49.34970288196743;23.415819743644292;4.112454171969154;56.07841133745763;55.03251697756848;9.643843412573943;59.043619011558135;73.64831485057375;15.675162716610368;63.355154582146696;69.09591651030138;11.449343777431197;67.08381483434663;58.146047321411054;9.942179039946293;72.53633416872066;14.199695338304553;8.405470341623188;6.036759606232375
0.9608503704473876;0.2019907015951295;-0.1815205467326185;-0.4686468932598825;0.18666145971934547;0.10718118593607566;-0.28435003813237697;0.1419742437196936;0.24795206489312502;-0.1572227886478359;0.1265559326404228;0.30248547693704014;-0.1373058911799175;-0.024052643943749178;0.27991108579752266;-0.9969339816991334;0.3770347543911403;0.3472298197013789;-0.20576201340494107;0.24504874183758887;0.07932794017762984;-0.006683788378814327;0.17312051671659281;0.0019694970731034865;0.02074155725163812;-0.043671150766824325;0.6019230273872715;-0.7973590782650206;0.35264443514575533;0.3968760384064057;-0.222056484665848;0.28140004449427075;-0.05193623517011446;0.04066066748059861;0.16889508316644958;-0.13278611510407137;0.043406244988841394;0.003926803433682441;0.834857095154124;-0.5923545502941145;0.30749055789982904;0.3181178910747838;-0.20287821007229626;0.24078750399469073;-0.11590851705488144;0.028945871871290958;0.1284536952083847;-0.11741177417076172;0.035560449437055705;0.07774139558039622;0.9908933486222146;-0.40722940015389425;0.2095762335455181;0.1916174488689876;-0.16173041616636205;0.1852352916095125;-0.09307278200065704;-0.01775890927934872;0.10073273674478044;-0.113764034429234;0.0014219505216249626;38.34068477092782;32.7809535298481;8.827420655949801;59.16175033914237;31.52045693269364;19.152523056992518;45.891269168337764;65.26611585941676;27.50766842815841;39.04512945885221;76.16074244493538;17.36600819434943;39.19883244246518;69.45804104982972;22.44229592437586;42.81393201895511;21.38543682390413;17.79853899361383;13.584518090280875;0.993554278246202;-0.18234546402367055;-0.09912706593092806;-0.2622861698957406;-0.21411159805287364;0.13193592148228298;-0.1429275325528871;-0.21758816614302973;0.23356435129522007;-0.0678062306886879;-0.1758125128393482;0.19406465754388158;-0.04513758773148388;-0.13447737863365927;0.6681017011790424;-0.49345870605841524;-0.3741879495182044;0.16086652588100386;-0.08335899044813697;-0.20045246761591773;-0.10328015775263792;0.01859252332340875;-0.12743833734282078;-0.0937027993122208;0.02020066833772297;-0.09318857911774026;0.9199927653318236;-0.380695679590826;-0.4183069966619058;0.1712288809297887;-0.10098845972304132;-0.18405292244631616;-0.21063053316874997;0.021847806502695123;-0.09277800055541052;-0.19155429756053508;0.023483806019923347;-0.1086611393175315;1.0488132265573475;-0.263749807843481;-0.36701417069205505;0.11872707669735363;-0.08484053110639266;-0.16633473200693077;-0.18743402116472285;0.014661892041609576;-0.0938587532638594;-0.16071312558936;0.013943389500587157;-0.1473893249450979;1.0761478160851836;-0.161321917159125;-0.26210630914682914;0.06173767657008516;-0.08237215884932034;-0.13794128033687483;-0.13334981548105812;-0.018253759616185028;-0.08253688013035823;-0.10657987012868046;-0.0021169839870398576;49.01888656768876;22.688395675662097;2.346571502652024;55.34137377760877;52.822733728259486;9.374209678350825;59.51503525676133;72.66455647474163;15.345670659817884;64.20886519330816;67.74458218546653;11.314819671762084;67.49511327670218;57.16579237884465;9.370728463553359;71.83769680537324;14.378884927855035;8.334150127849805;5.892592545461623
0.9700914462028836;0.19496964902660602;-0.1919427912976779;-0.46860681847716873;0.18801742172123748;0.10625503600449318;-0.2850278992931838;0.14381756367871995;0.25422068671127995;-0.15635089631209034;0.13042389735736037;0.30176237064795003;-0.1366143542832154;-0.04066045998207089;0.25503445239148814;-1.0061388213497426;0.3855211402760002;0.344186308798424;-0.20877753965472412;0.2462636004239497;0.08427412662176689;-0.010285893824269596;0.17708205262100563;0.012271403360431067;0.01798791470217294;-0.06329335195604487;0.5885732991288745;-0.8059624204333108;0.35880104996407597;0.38117698934886723;-0.21971683149808857;0.28191848894501037;-0.03653262257267615;0.039287444782224505;0.17424997734864983;-0.12299432061719952;0.03844775216331734;-0.015531598009901242;0.8275247155230587;-0.5996528755548789;0.3108114115795252;0.31431762274178676;-0.20216978354439538;0.23918729492219526;-0.108996031060052;0.028646961263611305;0.1308965630140213;-0.11448989799691173;0.03258098093813128;0.06158575742887399;0.9883129117750805;-0.4128657938462638;0.20635256112385628;0.1920255715142619;-0.1650626854186912;0.18051511658270425;-0.09459445225476307;-0.01885208601784623;0.10013487473678978;-0.11547701624337921;-0.00030797206231989376;39.45494061277204;33.65427996251733;7.865161833282355;60.83415155192759;29.719922830241416;16.94226881329361;48.15687098380045;61.1574617615665;27.57818836634975;40.723826050087695;74.52543554324109;17.066032003236327;39.44244399425561;70.60882953553246;21.999073728304502;42.64567703489165;21.930165192469413;18.12732538404512;13.888008392726633;0.993984536374246;-0.18510488677220124;-0.0937541643953063;-0.25915648619723686;-0.21505087664230307;0.13783218740728298;-0.14462743446343482;-0.21912976723052222;0.2379097655309391;-0.07050806645152849;-0.1811597386286724;0.18615617958574715;-0.048723072754136953;-0.12953331294572662;0.6624473307303478;-0.49339482112217364;-0.3722705578396324;0.1685819102123957;-0.08563630884660876;-0.20441655759764832;-0.09018823758740023;0.01640973467857685;-0.1335397902466104;-0.08573127459018305;0.018457445210072965;-0.08232826000280925;0.9199138898985313;-0.3833803500137465;-0.422265761752315;0.1751078102692188;-0.09925261361405736;-0.18680102060969808;-0.2035397318827163;0.023803632837352536;-0.09601626719333205;-0.18363523490780426;0.023928374759214367;-0.09462260759992913;1.0535178815271435;-0.2691836962901053;-0.37326062807598104;0.12034103135815166;-0.08293493163267653;-0.16986201140557577;-0.1816365251632141;0.01767988196121811;-0.0969713228518469;-0.1557360213314958;0.015244749270660296;-0.13341936736984525;1.0840995645310085;-0.1697033252229951;-0.2642327647224143;0.06347581900824809;-0.0818183822209894;-0.1409488073193871;-0.12975004610881205;-0.016901508028802338;-0.08564386217310745;-0.10276706775275905;-0.0013302111463198239;48.661612966606526;21.974256498100935;2.2759515257722223;54.615628510016386;50.508412702568904;9.181048562036013;59.998891451232176;71.63151925053822;14.957449221358791;65.06923411398;66.35749482878613;11.16009222828334;67.91413054716915;56.16564450274309;8.775803465866481;71.13800006499582;14.567220048201582;8.265403201479472;5.750558605740655
0.9764715679125896;0.19580436567799483;-0.19181652094881926;-0.4723799830253272;0.192901282270062;0.11149806462332089;-0.2850888966940852;0.14931502501376934;0.2611485549755312;-0.15607558680965752;0.1346181200395161;0.29871730756879455;-0.13687679598230917;-0.037102335101798126;0.249603264551236;-1.0004941457476604;0.39446770309698354;0.3406890577683571;-0.21790219519766554;0.24736467307332122;0.08158429615492102;-0.021195735840260903;0.17829723776121023;0.01633406488414752;0.011194612623459846;-0.06307826852987589;0.5959069459013193;-0.8005723226953545;0.3678418221625796;0.37208705900891476;-0.22403552394686957;0.2853695732340842;-0.03791889161022362;0.032984666407519764;0.175758025607124;-0.1279059544382216;0.033784391862720836;-0.013124340592599756;0.8416589941117608;-0.5964880421265012;0.3175174400363331;0.30477493304360725;-0.20939045403054546;0.24120612606526207;-0.10909312425992625;0.02098918175763413;0.12948065968458378;-0.11597921552629593;0.028528724364814073;0.06745194649129806;1.0066968085852106;-0.4120524472728565;0.21195275262777855;0.1766355429788886;-0.17325653856162157;0.1763547862477507;-0.09493428265368524;-0.024969749650970652;0.09615872877026808;-0.11416523749252847;-0.003367859168940516;40.145997446268126;33.36218838227349;6.881546407120099;60.34533295386784;28.29983786627367;15.39210991967046;48.400026421878025;59.59357134194825;28.30623447917624;41.38797127332035;72.48953058424834;18.028304399978172;42.086876706973804;67.71449023729315;22.302185160963766;42.19907815141966;22.678564291687362;18.227615704262206;13.741192928129008;0.9938786436434622;-0.2015050772956677;-0.08533896452616122;-0.25085141393569566;-0.21991866114694383;0.14841452401935556;-0.1425996481443724;-0.22002004865373886;0.25311662630493337;-0.07102660383167095;-0.18602860530022383;0.18608349982890757;-0.04909541175881642;-0.14615795472374704;0.6638764255443544;-0.4817010458303922;-0.370334361682115;0.1901703127317322;-0.08272070114430442;-0.19848756341287152;-0.08628424623560108;0.01808853359848754;-0.12513090118675396;-0.08403293602060542;0.019509805316932197;-0.08686440645395795;0.9227451608704149;-0.3754942649117741;-0.42274067463061804;0.1923827359004539;-0.09223079212761186;-0.17296237759941754;-0.20891053303227644;0.03044690084646167;-0.07779246133362357;-0.17957855936725609;0.027332793054943943;-0.08816641797074466;1.0612696711792453;-0.2651706896163917;-0.37432096188631686;0.1430671789467006;-0.07612119093012236;-0.15780433817929135;-0.18696675159666593;0.025261560359545066;-0.08083746918605568;-0.15548075084767593;0.019215229138913315;-0.11763392272477881;1.0981111805083899;-0.1694671205177445;-0.26806088195598976;0.08450218256676516;-0.07621831338475606;-0.13282254846431632;-0.1318450222512373;-0.011127099945805158;-0.07292563993153936;-0.1036772771939219;0.0018656519598531358;47.74709898397585;21.488026840939064;4.1547598359474;51.482087782774045;52.90321197982822;10.650928965602226;58.2930659221948;76.52289810300701;16.146051212198948;62.74183095024525;72.36284251730834;12.627928712436402;65.05237787181476;62.38009056161367;10.941917074908744;70.26893891514811;14.622088793480822;8.094413693829248;5.426228496129208
0.9816511488475996;0.1999262612108712;-0.18717820768128698;-0.4776699480937041;0.19924307740177463;0.11933642276899406;-0.284826407886598;0.15633404461185754;0.2683059277752773;-0.1560187875433071;0.13892553190598758;0.29462006069605656;-0.13751393317497035;-0.0249868538343468;0.25235245302345893;-0.9883329116140616;0.40353240907585924;0.33692170002163857;-0.2295774968556969;0.2483647300525585;0.07563805528888565;-0.035208850134028025;0.1783109868914471;0.01775332714456257;0.002680074580858996;-0.05444284789444897;0.6118830882300986;-0.7890722797381361;0.37803383805211976;0.36570747679541404;-0.2311313656334551;0.29000472523846693;-0.0464132908128502;0.024579294602423446;0.17559913736311156;-0.13902552904191492;0.029233980698576842;-0.001445843788649985;0.8647210617161343;-0.5887560307789028;0.3255956158126417;0.29272263855971975;-0.21993292565158254;0.24470806463899109;-0.11213695871525169;0.010200581702117177;0.12639987300938815;-0.11931408490271536;0.024011507140528632;0.08264151616402794;1.0337639841385295;-0.40841527297807045;0.22125170669763605;0.15449660288914163;-0.18348115319491237;0.17238901699752504;-0.09475294246312005;-0.03321741398479362;0.09072596708012957;-0.11154544532402282;-0.00699372527908772;40.64089761334157;32.592318792406935;5.899022669215487;58.95634180084065;27.10348536925722;14.125371699148427;47.846910096882226;59.091261660967184;29.22463286985412;41.79468576253214;70.24631735138266;19.498573081201773;45.93944897344763;62.958552949133164;22.967648554201563;41.63972639777929;23.511665824618216;18.20558973859635;13.399551223161694;0.9935477661848188;-0.22466855462882973;-0.07516316051614266;-0.2398075044747514;-0.22670362709061154;0.16153301610535084;-0.13879255030455148;-0.22061249848683143;0.27378764403200145;-0.07058554393714817;-0.1908698723722813;0.18943645942194778;-0.04805007211554927;-0.17308196512985108;0.6683576018366426;-0.4641969744407218;-0.368213933975848;0.2188697470949883;-0.07734891955031967;-0.18785236923902704;-0.0862491874608073;0.02155258031323936;-0.10987109160071049;-0.08501551835500692;0.02184549853134961;-0.09841435817430119;0.9267850332262457;-0.3624694694632461;-0.42159647960727187;0.21635543601792007;-0.08251766687461677;-0.1510882340574866;-0.22000550686286371;0.03947026784814769;-0.04919016972325012;-0.17700243108126174;0.03220133292540704;-0.0847481471228998;1.0704884989878956;-0.2567232411311544;-0.3730464319226108;0.17617598745920193;-0.06679699662456207;-0.13824169805285014;-0.1974332884609616;0.035213511699333615;-0.05540374048041273;-0.15726988140118447;0.024549311686350432;-0.100279919882231;1.1152085019130724;-0.16536234633932992;-0.2727598250923218;0.11503718072909142;-0.06810321664975068;-0.11935292060976943;-0.13653067281438513;-0.0031211042917345627;-0.052584755349976024;-0.10669878250445212;0.006277741718349604;46.57567624973467;21.149039953122134;6.361415892056774;47.22729192923646;57.48508281110028;13.297365143515858;55.57598971805257;84.32080780158613;18.765365745060866;59.04317070532928;81.84774975744962;15.426997244378473;60.95771776286233;71.96016141185083;15.447146055189611;69.1169515037945;14.70054860546984;7.942573111477605;5.080071445524489
0.9868307297826096;0.20397021197205298;-0.1824361295847292;-0.4827571685903015;0.20551528891762147;0.1271477425603785;-0.284430645233663;0.1633058688925544;0.27536458743952386;-0.1558893003150659;0.14318401052124807;0.2903710949310183;-0.13808949373203305;-0.0128158641116534;0.2549943669394099;-0.9756684584589783;0.4124424905052123;0.3329841665211739;-0.24118844820544644;0.24925302711780684;0.06963512890923673;-0.049256383610622824;0.17824194733179405;0.019169484356289186;-0.005866560830606906;-0.04575084427586533;0.6276328553304824;-0.7771639847276449;0.38808716013294264;0.35913488037796826;-0.23814554153373726;0.2945219442046747;-0.05491690694869154;0.016132047199199494;0.17535809473340844;-0.15012080768958252;0.024653499875480787;0.010275641542192121;0.887464968065129;-0.5807224823390266;0.3335517997118152;0.2804906817007446;-0.2304114227842522;0.24810900761126306;-0.11513972662271599;-0.0006318495719628419;0.12324920116196307;-0.12260560799052761;0.019466766756310122;0.09784773193837736;1.0604489780592221;-0.40457518064746345;0.230481567744917;0.13220566775707515;-0.19365757610802575;0.1683287905315833;-0.09452692550984873;-0.04147953166340935;0.08523137101930282;-0.1088643393580511;-0.010629480553461256;41.1177257252126;31.832399743062037;4.9371071350424405;57.57310955882662;26.02139311254741;12.948291021851745;47.373642781773384;58.567763536862245;30.053606917144943;42.392115497524365;67.95633289263462;20.955169120619953;49.93323953714279;58.074328254421324;23.667213688431442;41.0778049901314;24.33946708571922;18.15172111593291;13.053484736584304;0.9932168887261752;-0.2491237915645705;-0.06435933260096033;-0.2280268878390676;-0.23381093752461224;0.17537114520637004;-0.13471194578466522;-0.22116315800483735;0.2955858986771286;-0.07009381537928103;-0.1959310034459586;0.19292175633445208;-0.04692617193491552;-0.20153811730970225;0.67287105420807;-0.445495963759541;-0.36583985909722505;0.2491903845081037;-0.07163248654272988;-0.17652273528800977;-0.08618201790541205;0.025214002003239422;-0.09367047739107019;-0.0860266078888122;0.024311728288105773;-0.11061315742369006;0.9307410805549011;-0.348548089038309;-0.42023778559274877;0.24167065232117788;-0.07220132154436641;-0.1278677270604115;-0.2316800731154783;0.04901357556022646;-0.01887906574448651;-0.1742122947459133;0.03734660791492472;-0.08109818831077403;1.0798797645575713;-0.24768676195587228;-0.37156660240268585;0.21118165984515178;-0.05689806044328344;-0.1174738821926155;-0.20845010989303658;0.04574180729389826;-0.028446439983218982;-0.15911005903614892;0.030190328755929915;-0.08186459167425472;1.1329286600210056;-0.16095720620164689;-0.2776416954077622;0.1473381071223938;-0.05948443515908481;-0.10504506620424167;-0.14144590767278192;0.0053594926017440335;-0.03102249677370344;-0.1098618355932208;0.010948598049551075;45.407202374434455;20.876364148269616;8.568011704898556;42.877342263354564;62.287985162831696;16.703238066903058;52.762390095582965;92.51770606292159;22.31939196684014;55.35654670539297;91.62259719237987;18.930645762907385;57.12106133745062;81.8376422556384;21.118558286060235;67.70516408374633;14.890199796863294;7.882186159814538;4.820525136082686
0.988202855717062;0.20304386405164623;-0.18750239424090867;-0.48827854926284864;0.20076658704169453;0.12488723889769923;-0.2847258424967799;0.1583589551079634;0.2719321090350439;-0.15449264126274126;0.13780757403387212;0.2943714534679875;-0.13670722710778158;-0.019387813945367125;0.26548510612576115;-0.9785887897149349;0.4078130620079318;0.3442921685355891;-0.23623285703098018;0.25088338516568187;0.06471246820276248;-0.04825253746494857;0.18220894514332456;0.014109980985728948;-0.006225649833758762;-0.049420224939315485;0.6291300386573099;-0.7757274236650392;0.3825508696609422;0.37703622289843214;-0.23368615417632616;0.2933832924450528;-0.05782057824516361;0.012402700924402415;0.1773592171890267;-0.15381599484219088;0.020412888739573795;0.007004991810896734;0.8807423096260872;-0.5741723763629175;0.32847931646973094;0.2974256183223286;-0.22478494293090182;0.24705111502914998;-0.12207167550821292;-0.0034233698430046504;0.12406578853024397;-0.12625190888270665;0.015302963311575017;0.09356074697186985;1.0492350197244882;-0.3932803587190646;0.22529668152919657;0.14642878711947796;-0.1895752120815018;0.17068481952001507;-0.09753482281132238;-0.041872991582013734;0.08879746524736529;-0.10936550195267551;-0.012777851918453003;41.14408966451644;32.236936029968945;5.736344499564293;57.88504982293602;27.860691003824577;13.16264417372636;46.987849894745125;60.04470376886808;29.832467245504866;41.158677952736674;70.54244945087365;20.000163247587327;47.6117479325142;60.93398321546169;22.016276260509553;41.811090543916244;23.912127748367425;18.136855904305882;13.284696813634367;0.9935028309856926;-0.2643518481732777;-0.06342592592108649;-0.22105892177913317;-0.239790398274404;0.17727401464792938;-0.13457621990786595;-0.22655195416307525;0.29035636254289754;-0.07029802734796141;-0.2012544164649057;0.179306351254117;-0.04946818452058981;-0.24048070346469916;0.6641224809098785;-0.45112553757150975;-0.35717493951241097;0.3041041563191986;-0.07058877150936317;-0.1782823184738981;-0.029907311743481862;0.02569483111967496;-0.10151878039936289;-0.0478699557498604;0.026405499507377826;-0.13535886565129804;0.9261244983770891;-0.35209571283300073;-0.41480420832560755;0.28049299893564267;-0.06371894814040871;-0.12955054419458165;-0.2083630188878519;0.05875730130875325;-0.025621920789843627;-0.15974481803684007;0.0442648377309632;-0.09416203477723116;1.0809224985807948;-0.2477658603616288;-0.3682483899919965;0.23387565488684062;-0.04777392815248791;-0.1144443029399927;-0.19506666591395022;0.0525436804136675;-0.0287579350188417;-0.15173455256737267;0.03418091692156823;-0.08691022914987481;1.1381309967606719;-0.15689861964337135;-0.27810054392600664;0.1587525567289343;-0.04596890178144803;-0.10323731942596315;-0.13170814618967952;0.013238573494719812;-0.031134878455944152;-0.10650638014398213;0.014983260526666672;44.40612404073951;20.012003314064092;10.168608651240206;36.47412299664968;52.46657624799608;16.279549186293792;47.909381816376374;93.80459320995146;22.111714173778587;52.2057485829974;93.36885599988642;19.185389721583533;55.3237385677225;82.3889491652249;21.897568702836548;65.62943766259058;15.794928814720992;8.383949252948439;5.072267872521108
0.9883210547772436;0.2004893928593597;-0.19579103894347807;-0.4939432263312174;0.19240726095182964;0.11931972111566472;-0.28525654682393486;0.1495049694562245;0.2650621590540812;-0.15268713393865868;0.1292766862012767;0.3010868908327565;-0.13468808070786598;-0.03211532474166653;0.2785408910939972;-0.9866638023852727;0.39874962535404934;0.360601353012544;-0.22584199106127695;0.2527614902992054;0.06016063451713316;-0.042296112729601806;0.18750014365817624;0.006931792307461381;-0.0038876479630455107;-0.0571522273212882;0.6259488946804074;-0.7777670629183213;0.37190706490485625;0.40296132964165393;-0.2254673176293051;0.29039408329089106;-0.05887412944839432;0.010237351171578448;0.18009885821487254;-0.15506908068539893;0.016296103381312176;-0.0011939670236998693;0.8643606250838771;-0.5681458445150419;0.31913979739217807;0.32392992966399203;-0.21387662314223801;0.2445352357369551;-0.1302829064570671;-0.0035595371234710097;0.12619051556163732;-0.1300092299113607;0.011276148823135131;0.0828685193574827;1.0256021904844508;-0.3795726442342396;0.2153854246389382;0.17264342391336088;-0.18081381042612213;0.17515283250185829;-0.10160271423483695;-0.03967538064954964;0.09534067865608938;-0.11091667765183463;-0.01443107859120076;40.989037568509;33.03644550213155;7.082309350897228;58.730822886911724;30.66798750366022;13.809868202553565;46.73736644479662;62.20546449438245;29.29191633370679;39.49233056292982;74.76135924468491;18.308097486419083;43.26275604041376;66.30915509755091;19.754810681835895;42.94816572503408;23.086613682359403;18.132246868410498;13.719875636682321;0.9939919133535156;-0.2762910143531946;-0.06587724595750707;-0.21552772357843705;-0.2452401612490246;0.17488773954847422;-0.13570791183185116;-0.23349798699238888;0.2754134508919165;-0.07069064725887407;-0.20655796441937457;0.1594520090907273;-0.053273636169304917;-0.28325529659705195;0.6501314786283832;-0.46493655645600174;-0.3459471027742065;0.3678714417131421;-0.07110923726750046;-0.18448303584297335;0.04653349736968543;0.025049686855348682;-0.11775135954431536;0.004351014258227431;0.02836778065615263;-0.1646066257129549;0.9177306018835298;-0.3614902504050269;-0.4075651111640626;0.3241682332744733;-0.05574584847543526;-0.13983544459570474;-0.17244953614075725;0.0686153092761468;-0.04533770884298621;-0.14093860271534403;0.05183119477754576;-0.11310537959434387;1.0781951276875847;-0.2508279880830572;-0.3639622775964115;0.25229891560515294;-0.03879622731984367;-0.11748439062941045;-0.17288660252096075;0.058066912470364;-0.038564896817837;-0.14095230300460987;0.037605629491259195;-0.10012038057197267;1.1381015063880322;-0.1527970786468365;-0.2767972949187771;0.162858408433878;-0.03058090848339763;-0.1056918181513499;-0.11666014510634196;0.02097109028303332;-0.038786840377020654;-0.10075936947247655;0.01882177574930615;43.47141662994514;18.86582326668202;11.816523135148449;31.117345123762604;36.01521602610579;13.282226323825622;42.726517485041725;91.28795900904045;20.23932782736742;49.24708022366797;91.84912785772427;18.280949464418487;54.15937770290978;79.18317848821928;20.998948648671885;63.344985707635345;16.90412233280887;9.08766584534997;5.491587285054933
0.9884392547452032;0.19792608052813943;-0.20404590770175568;-0.4995582403661328;0.18405322469335625;0.11375637806111186;-0.2857649604599537;0.14066059336966114;0.2581886640255988;-0.15087456724613507;0.12075614755134151;0.30776444896516125;-0.13266370147278356;-0.04481079009205069;0.2915456778209705;-0.9946471669760114;0.38967789115554463;0.37684589723570566;-0.21545868397114193;0.2546165614643303;0.05561497363936709;-0.03635045420331773;0.1927651669154243;-0.0002301714663635128;-0.0015548103980001391;-0.06486198382857952;0.622728969731867;-0.7797445436234285;0.36126062846586837;0.42879624949056255;-0.21725100335932004;0.28739041122213227;-0.059920879019698545;0.00807629453379816;0.18281881938817374;-0.156307800013527;0.012187713896506832;-0.009373721228640632;0.8479533417165118;-0.56209143208294;0.3097985000679452;0.350348536550401;-0.20297795181892042;0.2420071745295838;-0.1384653767748137;-0.00369512420829565;0.12830097515662142;-0.13374819514435335;0.0072578909310095545;0.07219510540443475;1.0019487686187558;-0.36586887605310725;0.20548138012761635;0.19878419732650487;-0.17205949172525345;0.1795975008383634;-0.10565362228194422;-0.037479965382623395;0.10186159945151826;-0.11245605047715795;-0.016079385554202977;40.79306490250984;33.85043650740909;8.393513032236324;59.54910614023542;33.49577574292305;14.435427549929814;46.62103122343666;64.37453442362039;28.76006889897761;38.08250335119611;78.96436874383586;16.683649740911058;39.07117319809535;71.5559263870791;17.676548955698962;44.0584484106561;22.276682882993136;18.1169716654367;14.170876745751123;0.99448099947753;-0.28821997675093314;-0.06831686272652186;-0.2096405140759684;-0.2505601745653411;0.17226186585763603;-0.13672363105713697;-0.24036168255470802;0.259830972420528;-0.07101824050998375;-0.21176895463015247;0.13896471628241266;-0.05711236892178083;-0.3267353486392131;0.63512973746223;-0.4785831631526216;-0.33409273660716293;0.4327475311579865;-0.07156723431392828;-0.1906354115950427;0.12471769389856968;0.024363111726264163;-0.13424088167845466;0.057791802451820265;0.030346281026286063;-0.19436728362461697;0.9081761923773141;-0.37072545455556694;-0.3997283006847277;0.3685270805953869;-0.0475272707050583;-0.15021464661786507;-0.13551292705416307;0.07863239797596887;-0.06546814961323587;-0.12154345231615128;0.05952052685221274;-0.13237410349171388;1.0742715991564407;-0.25369851722761233;-0.35919347563808707;0.27088919446328985;-0.029567292997064704;-0.12047238688042225;-0.15000495134079112;0.06365866776951533;-0.048561298396115185;-0.12976923607834456;0.04107114920025233;-0.11353512457668971;1.1368762060327644;-0.14843891983160956;-0.27517282518825537;0.16688950971329242;-0.014800011113736805;-0.10809287892015365;-0.10113681983550254;0.028862884071890985;-0.0465774822969053;-0.09477180556307735;0.022730525135992885;42.56075661518982;17.64625790839555;13.715389387246713;28.076393080373293;23.418090661668135;11.28000494187665;38.01081001365181;86.91859128321934;18.27522711270933;46.33747258297644;89.52593776391245;17.501091350618356;53.04050007603825;75.16740025269881;20.334373626156903;61.03078336086351;17.987319142424084;9.82984031688364;5.932875710373277
0.9850620771316788;0.1947477799534812;-0.19471954662875926;-0.4974419833420705;0.18639194399300135;0.12071030626165964;-0.2822511893852727;0.14692822566393388;0.26148258859211504;-0.14801907660585287;0.1256337663639272;0.3094860522853495;-0.12954761375202428;-0.04219018408186315;0.3124505294757818;-0.9818336166366467;0.3889643832922944;0.3710043269320912;-0.21219200064998625;0.25370051176056274;0.055039386068915494;-0.03572740230986009;0.19262682176350612;0.0017904837689179359;-0.0009999089895103266;-0.06308137591485016;0.6390109240533921;-0.766606665085244;0.3637338880274757;0.4148322390188581;-0.21062053277059967;0.28445727197946963;-0.0636721864577357;0.010768762620274095;0.1799298642230004;-0.15425446234998313;0.013539399794533063;-0.008806226178062367;0.8615460382605382;-0.5494034857810309;0.31105626339252995;0.3386161848263552;-0.19626742972137418;0.23658661725239688;-0.14157052029198858;-0.0012041760838066608;0.1238478225101541;-0.13025244788857473;0.008064886322385958;0.07013811540395576;1.0120855050784574;-0.3541984001224484;0.2069069467245503;0.18988785192110733;-0.16663136063583364;0.17435134347511386;-0.10636004994933923;-0.035143360528269635;0.09729249511261126;-0.10898377833769428;-0.01473564254021218;41.38910119655916;33.011455416292065;8.338043841362907;58.896900709031215;33.2246191459328;13.892927225275374;46.88759192349063;64.26935456313124;27.98141913486322;39.03399666067161;79.17391856353527;15.796929766873925;40.77817415767166;71.26646717855267;17.173479678864492;44.340128681609286;22.166142946686687;17.921928140254444;13.890351458492175;0.9950074785094172;-0.3093806059582514;-0.07090727278229353;-0.195936140380771;-0.2727399200396031;0.20560884244470143;-0.13463197316504483;-0.24489604780123395;0.31020924493143076;-0.06889793888625216;-0.21857525147536946;0.1697410967851909;-0.05381137044032894;-0.3613137789880047;0.5947885340734583;-0.5049712989027402;-0.3643129726282057;0.4906408145173285;-0.07494003809049725;-0.19386590183300814;0.13155178877391296;0.03616030538451002;-0.127643405047864;0.042785224642891674;0.0409837424273044;-0.20965945544323256;0.8897102756191547;-0.40553487914226954;-0.42953001515762385;0.4429705014929607;-0.0575162977198206;-0.15759624571279757;-0.12334252885349085;0.08563410115221098;-0.062102718145269305;-0.13303755856338653;0.06608957893458728;-0.13162970681883635;1.0862342124567093;-0.29298859207232647;-0.39354894381753386;0.3386566724943012;-0.02887418492663924;-0.1286682791001155;-0.15446483232701871;0.07540140712117223;-0.04407357660560843;-0.14320376864725962;0.04776222613178074;-0.10199527450321982;1.1797059347715388;-0.190710391119452;-0.3053715003893087;0.2133358645799988;-0.013269020605776128;-0.11152853042299873;-0.10683784162913909;0.03534701918157361;-0.039533007318035746;-0.10241902060784075;0.026778785819931136;45.38546953740573;18.287451240533116;13.692427318702103;29.37988298499341;24.829343192126125;17.268517934258554;35.02135520241125;86.54477721807149;24.642223405509757;43.37809815824334;91.9763376199285;21.610094762100992;50.33609845330774;79.46644953909706;24.453373752842815;58.29611938366199;19.65725468087271;10.750311124242693;6.14959315575968
0.9812215187283212;0.19141544581102743;-0.18307985528792148;-0.4940634348818738;0.19000571710296235;0.12916659276418588;-0.2780927691002866;0.15503090527593505;0.2659319604962734;-0.14497564925248213;0.1321478404251534;0.31037191089324523;-0.12624995508468337;-0.03756710812222411;0.3340046363151397;-0.9658921539178631;0.3891410653051129;0.3621272524508418;-0.20977554561560213;0.2522925223847524;0.05495980354725716;-0.03578856145942064;0.19167700019651507;0.004992303315768816;-0.0006830919854461841;-0.06004143989071223;0.6573315347287974;-0.7512058831951024;0.3677020437726136;0.39557204182437367;-0.20415124095538534;0.2814084590746146;-0.06770444399673352;0.014063455895329745;0.176237756621086;-0.15170688345013086;0.015585068128547716;-0.007093857417553694;0.8784590160488325;-0.5356775927618919;0.3135199563092096;0.32182211496744567;-0.190067647714056;0.23071394250930907;-0.1439013385649573;0.0016058594095332225;0.11851314123943643;-0.12577390334087155;0.009491295476516231;0.06919283902026126;1.0259925465431887;-0.34272132886016987;0.20968921402569873;0.17638960871439785;-0.1616040044561647;0.16779460928805195;-0.10656306492730358;-0.03279315871876452;0.09126456384059745;-0.10483129393852235;-0.01300573500634531;42.06715607811792;31.968591670427053;8.111051852281474;58.08681607630632;32.53665991419133;13.225545742581339;47.33333785521012;63.81810413124187;27.168197992842856;40.3927352741689;78.82120354543308;15.00598745987854;43.31940772812208;70.22033480476479;16.884333434176842;44.506217632792655;22.12542658598999;17.690904252243072;13.517772618843107;0.9955389152031964;-0.33410002721250526;-0.07371040218893318;-0.17876374388721544;-0.2998601351831254;0.24845943267624793;-0.13148577256543573;-0.24913823270036756;0.3767171611496525;-0.06596625982478627;-0.22605144529636395;0.2120877837905268;-0.04885863420774592;-0.3983709769790665;0.5438434089256269;-0.5357193858930276;-0.4041940940527713;0.5541467247702114;-0.07904309722530461;-0.1966525236733948;0.12812936461298913;0.051364126873383924;-0.11635532818295123;0.015231051911056065;0.05427815031045695;-0.22433068028977135;0.8654247807821456;-0.4480130519180258;-0.4681146598199837;0.5310068266565764;-0.07149455395030424;-0.16516039822099132;-0.11304061567814798;0.09292497079726644;-0.054564153670253426;-0.15048858827091194;0.07322226654158757;-0.1274401983135521;1.0998051883290505;-0.34245343034909626;-0.4376052843317438;0.42226497046122213;-0.029325416659397422;-0.13847178587628736;-0.16334873714957687;0.08949030940598315;-0.03667652307658839;-0.16187660965724443;0.05573687674101764;-0.08487378526470994;1.2323745173575469;-0.24534166119290135;-0.34379615025620164;0.272009289884239;-0.013676057562656437;-0.1153346332455282;-0.11630271965679002;0.04240805484547156;-0.02919261891051031;-0.11294376445979142;0.031332028391280915;48.383506897351445;19.37656432573677;13.211049668336607;31.899486755970695;28.030760807174957;27.233700346828673;33.01658282925498;86.11212683984925;32.312619188545106;41.28193825849156;94.46680699086737;26.047024089530247;48.25990085684667;84.24896356213578;29.24937716738906;55.39429563113536;21.704796553175363;11.947598562892626;6.491548949736839
0.977380960324964;0.18801415807477526;-0.1714767975264234;-0.49044352572885036;0.1934670400221052;0.13744642781703126;-0.27382588369224836;0.16294664317869503;0.2701753478459211;-0.1418863030114266;0.1385073311061742;0.3110696358450364;-0.12292016506151904;-0.03297867050776999;0.3551062603140827;-0.9495921444725947;0.38909320288582655;0.35315095436839766;-0.20726852822913544;0.2507574321835428;0.05484977651480538;-0.03582852462969061;0.1906291598986303;0.008152410410601461;-0.00036972967204397636;-0.057004083814079426;0.6750541199849792;-0.7355626890482024;0.3714118921326563;0.3763195228531413;-0.19764378891316045;0.2782358191934082;-0.07164906941784364;0.017310125241684852;0.17248973614290541;-0.14910352073333802;0.01759700185273044;-0.0053982167808429874;0.894664674566664;-0.521812137728574;0.3157745668346506;0.30504794209481295;-0.18383448353138238;0.22478068563043263;-0.14612162674718343;0.004380872790674985;0.11317547289462339;-0.1212778314738994;0.010894968420330971;0.06821949032614108;1.0391444329668067;-0.33118767995911674;0.21231787338629138;0.16295437920755426;-0.15654530422224067;0.1612215545036748;-0.10670271355715846;-0.030452738625415036;0.08525763218921367;-0.10066929397494735;-0.01128938972869025;42.71559960496015;30.94563177403142;7.88966160924822;57.31742272282812;31.843165224349516;12.591776318614306;47.92628594272325;63.31838186457735;26.354328328383176;41.86577997389189;78.42880088787763;14.22237591634767;45.93132023823329;69.13920070622746;16.62116069807188;44.66311043490268;22.0620245632529;17.447560511604987;13.152205334268052;0.9960703518969752;-0.3614421720083664;-0.07669541288156358;-0.15844437046403545;-0.33007286148722;0.29692292453742264;-0.1274445971283121;-0.2532119663518725;0.4519655450913306;-0.06238301184675499;-0.2339177288539098;0.2600892403287765;-0.04300697438198883;-0.4396904308880279;0.48351862826151476;-0.5693424019158071;-0.4487413960415499;0.6253715470712459;-0.08350542231233389;-0.19922207785932936;0.12378144276092289;0.06867811286242041;-0.10300234050529818;-0.016496732165783817;0.06938751144083326;-0.24047454446253824;0.8347131490202994;-0.4954048367932534;-0.5109652813152881;0.6305085643227086;-0.08733460496263651;-0.17332417520281354;-0.10083209692172969;0.1010075112769349;-0.045721201752171974;-0.17006649157210382;0.08118648680023108;-0.1222125923157251;1.1118607794317104;-0.39821811233133564;-0.4868450317991874;0.5170265475839819;-0.029749619773100738;-0.14929618714458703;-0.17303565823517944;0.1053995339182692;-0.02805395050815879;-0.1828224877227446;0.06472547955189323;-0.06491572643591043;1.288952580995727;-0.30735929823581304;-0.3868637445804302;0.338588138078063;-0.014099918395290217;-0.11933851447312102;-0.1268092973349933;0.05038927105499941;-0.017210268413524025;-0.12467968810036742;0.036465787551350555;51.05595933671494;20.52154243537009;12.615236241230203;35.36727786938681;31.650282225338717;40.61193260577061;31.970854581721298;84.9394301273074;40.16309732820131;40.03035230579042;96.39200667495935;30.151953243493075;46.938448151071334;88.45042444872807;33.96218842039133;52.51696928485498;24.070398540942524;13.452187864371487;6.999676192170842
0.9784552833774296;0.1919740954537178;-0.16704791400457758;-0.48813023883571904;0.19339467353887005;0.13809667059121364;-0.2765084196551576;0.16082240899881495;0.26866048415614746;-0.14499796814091503;0.1417344072388756;0.29863315144292096;-0.1268531178909129;-0.02305388196702192;0.3379059032307377;-0.9611698901673652;0.390464279097946;0.33701875076318333;-0.21004663507702953;0.2460357855918921;0.05981242078997122;-0.0328012347311237;0.1840462241539691;0.012362477897919355;0.0022860213650461865;-0.050406961306510276;0.659877772222277;-0.7496802411553933;0.3710469647444296;0.3682949768624998;-0.20405746187305973;0.2788890984369803;-0.06503013922409366;0.021458215777465494;0.17180171182875698;-0.14321988138305722;0.02262933774883855;-0.0018090647766909498;0.8831082414501887;-0.5378924189883799;0.31732515810759154;0.29679250584072714;-0.19068900867987876;0.22841195743585016;-0.133266161326576;0.007446929782104546;0.11537765200944912;-0.11429914475912759;0.015485884411461474;0.07105644888831487;1.030501536246567;-0.34860938705807587;0.21371524019018037;0.15821506156729045;-0.1595939588579438;0.16366520543662255;-0.09737500913502889;-0.02950542049053638;0.08650301496734589;-0.09676846784115414;-0.009469105594878078;42.05158140602369;30.591945298243868;6.374853019291039;57.28187064805469;30.021157695566416;12.705627054138631;47.75478634871182;62.20522065732104;26.62664157266131;42.090543326906115;75.46284307851673;14.939627593190531;46.23426427827489;66.02962836328503;17.945840242126945;43.29593024037665;22.02728056226069;17.516024987846492;13.215564745400119;0.9955033871655375;-0.3586683802290495;-0.08417537585733863;-0.14907543455643157;-0.31938892565431226;0.2850482130219819;-0.11918019671362268;-0.24046883047990053;0.4536846024632075;-0.05815132762929156;-0.22440206628207077;0.260896240755823;-0.03782756050075154;-0.44487512669058155;0.5085706926426363;-0.5283520595098947;-0.43373893178195155;0.6132519301602458;-0.07435835056279472;-0.1888207677841399;0.09387529082570066;0.07136244461261136;-0.08505155030697827;-0.049328760825322185;0.07147660745589421;-0.2499059965435327;0.8531628185331692;-0.4578866649773964;-0.4993446236059571;0.5969887210302101;-0.0768338592125404;-0.15812058528842582;-0.12101462474865207;0.09965211384937904;-0.02889634559681864;-0.17030695614478758;0.08008750654789654;-0.1312299979804133;1.1169472599635624;-0.3655017883053055;-0.4731069797226301;0.4884587705305733;-0.02315512204747979;-0.13336493741539934;-0.18382048692375674;0.10682233995454568;-0.010609216369406736;-0.1824960613178929;0.06564056877639067;-0.06772822245774454;1.2799003022668844;-0.2793509218391021;-0.37725935168412006;0.3234733987104089;-0.012043373110350293;-0.10701404843105133;-0.1328220584501537;0.05255069365179742;-0.0035796007495295878;-0.1234308988572043;0.039201089740950434;52.16561853975866;21.903169679608066;12.696585980682224;32.81264459821042;37.0202799988308;52.3502661872372;31.152094776981844;90.31072144462989;38.541514723289936;40.02586212363957;99.83426400326469;30.56579645360179;47.21459126720176;92.08328702651687;35.4466022579939;55.00203024092038;23.43307773933976;12.811970202440335;6.718245260098063
0.9804696757038768;0.19715831143499313;-0.16386630536910796;-0.48570242947647296;0.19250846371752758;0.13719889889501224;-0.2802790989031131;0.1566909909894701;0.2658613998804282;-0.14915474034084827;0.1442472671215117;0.2835488923904285;-0.1320415100199233;-0.012151026164519985;0.3133008684133769;-0.9772217254294469;0.3917991821973531;0.3193549784008489;-0.21364901539807563;0.24054747391407097;0.06566348276006949;-0.02918432732189471;0.1763093935505778;0.01674153513504167;0.00536961017969924;-0.04313059135367581;0.6380615254511137;-0.7687764576445354;0.3696320978782807;0.36214618706569257;-0.21272389485331572;0.28004879185821546;-0.05639926785027659;0.02574062582525461;0.17156344617284766;-0.13663567511880323;0.02819082162282585;0.0021219666052511347;0.8656942118233876;-0.5591384480087185;0.3184938490950295;0.2899571403158953;-0.19983584606485966;0.2336570597012473;-0.11752450409904891;0.010547869752318787;0.118904413894609;-0.10679758054918728;0.02064494312471109;0.07454500155189282;1.0170011521858608;-0.37114788983869296;0.21471086993906377;0.15501836365156;-0.16403663206278707;0.16767420686937642;-0.08623026868693555;-0.028802945172094394;0.0890452048212154;-0.09286146999095123;-0.007630520716741724;41.16167760790257;30.35582576708104;4.591306516507318;57.32189531631144;28.16765226546154;12.935096607533156;47.40545380912212;61.07615916245734;27.069965990397286;42.03755323280062;72.08412220966554;15.987425611151101;46.0667854296262;62.58304683852692;19.600713803818596;41.69025468454596;21.979639669187705;17.636553054143207;13.35635152360791;0.9947263312163108;-0.3491731736171349;-0.09176075640550875;-0.14210310977022805;-0.3005495501746047;0.2613898102623608;-0.11034337950817193;-0.22466222396104685;0.4395799455512344;-0.05393148320472435;-0.21152598546138437;0.2516540520762711;-0.033044551118088725;-0.44134269695656125;0.5471184328167218;-0.4741803056050293;-0.4069103114361396;0.5839257245782814;-0.06298935647339626;-0.17608821720137813;0.060840046194552154;0.07078385865791628;-0.06724716058228528;-0.07988006459764499;0.07066068760586552;-0.2566358677380773;0.8775058488007536;-0.40511913890952234;-0.4764645150749568;0.5381067378561285;-0.06170563421917416;-0.13897958051997192;-0.14575453896068316;0.09626136774550748;-0.011632885030077566;-0.16625656229321964;0.07706369948123923;-0.1420203164676186;1.1171354242654745;-0.316753253479597;-0.44666836846749136;0.43638098322191815;-0.01559257982235653;-0.11295450592155153;-0.1935249934653866;0.10500034180667935;0.007342479774830328;-0.17750562745224868;0.06472119225927515;-0.07461045057894464;1.2550034945192492;-0.23491370852051377;-0.3569496123378394;0.29251236384281887;-0.0096141064189049;-0.0920702097890608;-0.13714558560285797;0.053267074776804216;0.009405659789258693;-0.11937641205704044;0.0411586804361169;52.941654568873425;23.398022218289395;12.915986371800338;29.184480629972594;43.83326727178865;61.51670606318062;30.825762409662666;96.47282409091271;35.740471808668396;40.473300953943955;103.32852185934424;30.492422190179525;47.8743657844845;95.56167864050475;36.35818910040105;58.62449341159914;22.12853481946344;11.810005376699275;6.345951106733645
0.982484068030324;0.20212619417748573;-0.16056602757253094;-0.48286573055402787;0.19145956953461382;0.1361873561027904;-0.28377161527159084;0.15245498911167166;0.26285049860140763;-0.15314593521701972;0.14661229829248487;0.2683374718048416;-0.13707101006961608;-0.0013264305807230822;0.2886201167757342;-0.9922800079759415;0.3927773693434581;0.3015534934063452;-0.21703341737654852;0.23489163706572425;0.07140883263368933;-0.025571180347126368;0.1684800890451708;0.02107007514562535;0.008423292340772883;-0.035875539442832054;0.6158601512551574;-0.7870382581334028;0.36790252346397534;0.3557279337747366;-0.2211318350171655;0.28095183563500326;-0.04778905790949997;0.02996536441369443;0.17117569494850624;-0.12998460558104596;0.03368203202187437;0.0060190413307666816;0.8476582057747891;-0.5797175516732574;0.3193718835329125;0.28292163243842977;-0.2087316453566478;0.2386531162317438;-0.10180759196154374;0.013614190872103612;0.12229744078396863;-0.09926297676893674;0.025743673174652155;0.07793928483646906;1.0027132990583;-0.3931748481183116;0.2155088594893161;0.15171092935018804;-0.16829825904103293;0.1715024908533919;-0.07510037670712708;-0.02808078033712107;0.09148805059706572;-0.08890439566095716;-0.0058002066592980775;40.29586904766364;30.11192044395429;2.9186773548915657;57.29648130498774;26.584873421760705;13.138330728943288;47.04037003097032;60.057898762093664;27.471648191602153;41.95593872751779;68.8270298215247;17.058900934436508;45.87738121969905;59.22340642043616;21.266252755114987;40.14476766024716;21.91036673870905;17.746916640770788;13.492499623593435;0.993949275267084;-0.33921098547756895;-0.09857108768260629;-0.13514186260506406;-0.28199845512104904;0.23845281325909923;-0.1017366560422093;-0.2091826754347026;0.42502658981780733;-0.049817677428321216;-0.19882800993208602;0.2422305355195187;-0.02846871225801713;-0.4366719705840298;0.5814772321979416;-0.4220454701687873;-0.38055755265731606;0.5546887667693275;-0.052160975824294006;-0.16363423832259433;0.029754114332902818;0.0700234886915113;-0.05038663772428898;-0.10820696912133042;0.06967872330876809;-0.262135415403432;0.8975558943797142;-0.35451155193519623;-0.45358933986938715;0.48136848966922247;-0.04736526172149312;-0.12064677356434475;-0.16844209423720813;0.09279190861488568;0.004549469599580066;-0.16195335955845866;0.07399689156788816;-0.1516725322610928;1.113851529886365;-0.27017826334791145;-0.4205572461784092;0.38632168026528074;-0.008471124743375184;-0.09351502030523091;-0.2020021459476475;0.10297105003662489;0.024109764993420022;-0.17228837604150588;0.06366086129285889;-0.08081624730659517;1.227830907870416;-0.19262451579784148;-0.3368486252478031;0.2626489049452773;-0.007312263906701961;-0.07780824964609313;-0.1407645795250352;0.053772124664555644;0.02152150206956672;-0.11521457384090888;0.04286212103134413;53.635010106928846;24.969593233903076;13.137102163993294;25.80036100175012;51.901892843072524;66.6022731168988;31.107144353260814;101.7880658582994;33.81150150007332;41.25806616421157;106.41395431332482;30.61011330160531;48.70712377557359;98.85726984423441;37.24355217510469;62.2947345164541;20.798568780458574;10.900102882965577;6.05120551023844
0.9860098313796338;0.2136510648064466;-0.150142063365315;-0.463268991666968;0.20538697666972466;0.14456363089823399;-0.27142851077507435;0.1704425238217331;0.2535510012476811;-0.14556772065151083;0.1599051164657565;0.2572142032801239;-0.1303682946527562;0.02933358936116891;0.35429715056038186;-0.9540963955724235;0.37332410146924105;0.352078350435897;-0.21115468915022736;0.2339439102428431;0.09605121199965165;-0.03201189629495676;0.1757967897119596;0.03199048428505816;0.005162008469231141;-0.017724487794261005;0.6629333118795018;-0.7484686142604154;0.37042414698193876;0.37719318759081205;-0.204580580071548;0.27511903732251797;-0.029660884817896853;0.028889149253671354;0.17274341014847633;-0.12344694442694505;0.03065040035816651;0.014611712512424891;0.8781392320101854;-0.5399532170018712;0.3237128893124555;0.30114834949924324;-0.19195690241266353;0.23294651932370905;-0.09551087779462962;0.013277860228389523;0.12521769631978813;-0.11071584816535021;0.024255136047582733;0.08305024086280426;1.0189173301512655;-0.35125231429867854;0.2203127649606145;0.16736970689396038;-0.15456386572877026;0.16888834068089986;-0.07217964460044632;-0.02543948127801826;0.09281099486616143;-0.09874312024107078;-0.0046640220646541235;41.222239717967604;27.338036625869464;2.8704648977875356;53.363032574892735;25.271429170326385;14.907303885181944;45.60111613210833;57.468331978005125;29.25263284968806;41.386859427110615;68.72359559245038;19.793540468485347;44.790781475036404;60.36215316941487;24.26538110165826;43.14347180495256;21.324932956284382;16.979300157996;13.055389082513251;0.9937527346032728;-0.33945162044392263;-0.08946226946597677;-0.12892141775647437;-0.2834411862827615;0.24041585469764573;-0.10146304594189956;-0.21315260101282463;0.41462555477848106;-0.05034810474367087;-0.19790081121860464;0.24082907161204908;-0.03067622127531143;-0.4431501897280428;0.5736925066687008;-0.42951529899383173;-0.3841024109582237;0.5667177550500946;-0.055224271228538575;-0.16824460568398444;0.04787881795276346;0.06733880118126126;-0.05619153233830535;-0.08591494161522588;0.06774189388818615;-0.26646945981464903;0.8918946602423953;-0.36540107008216544;-0.45762729211589115;0.4955986693201927;-0.04865975649754526;-0.11650543580031218;-0.1736170910417652;0.09588372924342055;0.009942903237222335;-0.1643666370742174;0.07586680535270414;-0.15397707418954334;1.1134680807553445;-0.28346731289610105;-0.425697741302435;0.395394034748894;-0.007874666882047989;-0.08520484619310609;-0.20879783753796166;0.1085187208746068;0.031909937449592876;-0.17218610091368694;0.0669355708516485;-0.08115066121678105;1.2332087139402643;-0.20787443508646433;-0.3405087695582608;0.26791060242270964;-0.00538692880028162;-0.07106612330970939;-0.14670389422903463;0.05772717695359761;0.02844420004253444;-0.11425338498288604;0.044896246672912886;52.46106557255302;23.87013118671397;12.15197200168375;26.249846468983183;46.855474218127036;64.56315052327835;30.665025422548887;103.90839073181337;33.80589121730924;41.0416469907725;108.91566737433348;30.329335323949653;48.59587662251262;101.8724537219256;37.310467561248046;60.64377112001487;20.988212944249877;11.064889939321478;6.113262864701734
0.9899827922020936;0.22598327234179238;-0.13609679075220388;-0.43450857577010593;0.22282062825551893;0.1550093267972548;-0.25186033105991523;0.1945317525071954;0.24016026918695293;-0.13314791730895958;0.17578818087791634;0.24506241996147066;-0.11891606346591362;0.0668374219597564;0.44702508454705353;-0.8914272733138747;0.3442594081391249;0.4224677125749797;-0.20070919317917285;0.23267114341594997;0.1265577602615781;-0.041487763846985;0.18666580717385392;0.04504619587562306;-0.0001652846903499255;0.004479427829459309;0.7277530832794719;-0.6858246018506065;0.3715941225992837;0.4050739603222619;-0.1783835983858765;0.2650174865196457;-0.00781121487236929;0.025953971158884575;0.1736858265439667;-0.11581372100543239;0.024702304603671756;0.024813133657566325;0.9179175280289208;-0.47654314862495406;0.32686834108686286;0.3254451111580154;-0.16540581573153185;0.22208132030167846;-0.0911588569433059;0.011799029629718657;0.1271709141460548;-0.12750668934512424;0.020537188365946694;0.08824362896934725;1.0374254153995746;-0.2859056404186221;0.22487311117084094;0.1880848997663367;-0.13376191500791243;0.16298561239680184;-0.07112171640025519;-0.021938766612921067;0.09315505263967462;-0.11237677936026715;-0.003665899439436577;42.535762402481005;23.69159714001061;3.5798379623084826;47.68244213179301;24.308737199105316;17.344527040964312;43.55870461773426;53.91189214951496;31.837262401708074;40.46829862697966;69.64211422750475;22.97695983826174;43.29941978298912;63.00362581323901;27.262828585790665;47.749660636983066;20.367025433889676;15.9021014243572;12.458785687375425;0.9937279618011156;-0.3425548200625268;-0.07525832486832641;-0.12259253842205303;-0.29068641200093764;0.24965682997772853;-0.10357576472038792;-0.22290490022617634;0.40481750839023206;-0.052241062680568814;-0.20029905909676013;0.2416183682135537;-0.03495391500599665;-0.4530023321935073;0.5530074709238597;-0.4545863978283144;-0.3964008376934635;0.5911293536418089;-0.062465779727634736;-0.177985369139137;0.08118370504208773;0.0639461065040919;-0.06886246480852774;-0.04779416027219883;0.0654135670523249;-0.27054901421792354;0.8781098668744417;-0.3946217082263215;-0.46953840916777495;0.5310275523932921;-0.054567043812738344;-0.11628798744465413;-0.17382802979415177;0.10099415461601463;0.012413597404136802;-0.1687870689270535;0.07923391725113363;-0.15417285986608859;1.1134787454006196;-0.3147477451124123;-0.44004205823215947;0.42201339098689833;-0.009158016100096;-0.07975089068948323;-0.2153193747271379;0.11648560343405365;0.0374180157859153;-0.17350828663654172;0.0715969329229486;-0.07974996147828363;1.247863453639845;-0.240551708240372;-0.35114915812860953;0.28357689158289595;-0.003484673485085574;-0.06619883507256903;-0.15352659416679637;0.06284356252427364;0.03414171060496829;-0.11414138570632765;0.04709925605753747;50.6607469760087;21.907498538685253;10.752582367763035;27.91045110544548;38.831162907049254;54.97557271198163;30.132571217140715;105.17328505106019;34.193522888408665;40.5781405420662;111.22602481737073;29.90837486411181;48.25058251816216;104.73825418415093;37.21110068513397;57.4621831008857;21.62158567497028;11.555468282448434;6.284784706619538
0.9939557530245536;0.2365658341099613;-0.1205446453753527;-0.40127663626387866;0.23864042628640206;0.16429681022493395;-0.22963911143534435;0.21739919349796985;0.2243509303342109;-0.11928177340688714;0.19044297720754644;0.2304745771788401;-0.10616449094141775;0.10453829761577046;0.5377341233679109;-0.8195071345551648;0.31151945192010994;0.49058515007733117;-0.18825812875835882;0.22930212222317137;0.1565825205558737;-0.05079461982240869;0.19610399122741368;0.05797679777493631;-0.0056035376662951445;0.02711210569658784;0.7874681573833515;-0.6157587472638665;0.36948380612037746;0.4299403870378055;-0.1500471863721435;0.2523456636459829;0.014569054964879726;0.022726011175648653;0.17310335840399294;-0.10698934695238627;0.018408973242543928;0.035009160988622876;0.9503713031457061;-0.40755643457334156;0.32718319744761987;0.34736011252815513;-0.1368232508099903;0.2090116100278895;-0.08590421567472935;0.010184047661237598;0.1280342867485654;-0.1435178395469656;0.016558116074572513;0.09276177600173403;1.0470971711144592;-0.2166369929633388;0.22752966420029358;0.20756443635256341;-0.11133126174228618;0.1555087046520837;-0.06940889968320488;-0.018169046198796626;0.09267784409457773;-0.12529868321274254;-0.002614107169768465;43.609989787966505;20.05361038005903;4.46026780094049;41.54858759405926;23.763566754278767;19.80345350585289;41.23733501638255;49.78369708826844;34.87698535652585;39.32191778997629;70.67956016354694;25.96799358465429;41.66798172672578;65.79118477700698;29.835643106008575;52.496523880777076;19.200998891003685;14.810061992144865;11.889789668406776;0.9937031889989582;-0.3453833242512918;-0.060477278742953604;-0.11590709442066487;-0.29785863607528096;0.2589398899626134;-0.10564619567212273;-0.2327468999165981;0.3942170486710924;-0.05414141298242879;-0.20255695109693936;0.24216532669788302;-0.03934108534764463;-0.46269076466681025;0.5309869947836601;-0.4800203385316518;-0.40868366511943305;0.6157284657881614;-0.06988893880656825;-0.18786557994022157;0.11555412664341609;0.06036424747854867;-0.08189638710672195;-0.008296673991790196;0.06293138674727186;-0.2744681529176375;0.8628662341379837;-0.4244161813815709;-0.481338832178699;0.56709350639391;-0.06061848272852887;-0.11593316870756024;-0.17385223282847334;0.10616923846767042;0.014956202470361531;-0.17317252364876096;0.08262946188829375;-0.15420332645712814;1.1122467133211804;-0.34676268711322544;-0.4543930779064154;0.4490857001591892;-0.010475692459479425;-0.07401857078496288;-0.2218269260578721;0.12459901093237387;0.04307553219061538;-0.17468267011260116;0.07634018292265426;-0.07821160560862876;1.261633835524221;-0.27409481305509076;-0.36176690735806416;0.29947045005026224;-0.0015124918754604462;-0.061088677628188225;-0.16041474730633606;0.06806740409085257;0.039998892909581155;-0.11389807309923139;0.04932616134241512;48.76253572498164;19.87841801012515;9.291295312774443;29.697578588442965;32.15446838536041;39.7167123729358;29.868490853854926;106.34386139570576;34.56882869949155;40.240314983699655;113.41907769172077;29.50014429946623;47.99099058281029;107.47567195208075;37.183133109471314;54.37731431391042;22.243553909027536;12.072933914724878;6.475489405332705
0.9932846862578996;0.2386614749438754;-0.1171118887090056;-0.3658386946823983;0.23295779975668668;0.1865344174740189;-0.20609778636581483;0.20210422144014917;0.2664724806693246;-0.10487422719215475;0.1850966608390727;0.23923281867774526;-0.09055646568353418;0.10534685427450613;0.5644573389053601;-0.7486365090902212;0.33715379113076765;0.47767594982292183;-0.1713642516515097;0.23560441790056694;0.13438270404037067;-0.04110675396581824;0.19224998276284763;0.03932122447718843;-0.0007877825135391308;0.02830676065456769;0.8252731995033837;-0.5640238235063244;0.39532606586805497;0.41022634170242606;-0.13517912931822632;0.24653939613926332;-0.017473499098502467;0.02750599171415949;0.15766708899058388;-0.11944889747365661;0.021506326379128873;0.03326210170142292;0.9899328291640987;-0.37494458792281515;0.3486698905712635;0.3338599978224862;-0.1262271767872818;0.1944971666526166;-0.1127691936301077;0.017539654420337232;0.10779616212155035;-0.15403044144688394;0.021599924450376333;0.08649626713604835;1.0848213238473887;-0.20183317298034362;0.24386116980343175;0.20504469076306983;-0.10783903378526628;0.14714525113777985;-0.08808653198886753;-0.0139099023232467;0.07744997556537903;-0.1335893710194922;0.0020316144474089365;48.28042553452012;21.34505397055288;0.9113044869382471;41.061041357826674;25.6509026442839;19.920920094387757;43.320979912090856;53.51742888597377;32.88979352266064;42.52991398330125;75.61603767912919;24.879122659962103;44.55363693239956;70.497457981314;29.459859239869548;56.91432763657889;19.189644442702733;13.600718822078143;10.53594356180002;0.993293210359076;-0.35104307866002754;-0.0682198350412109;-0.12502657345026028;-0.31280271927766923;0.2680943740341836;-0.11611979537528971;-0.2514067149254841;0.40421109181888915;-0.061333911313082815;-0.21609325846006638;0.25054246196814206;-0.04751208095562467;-0.46249663488106896;0.49253969564800876;-0.5262673417566908;-0.4441671950005062;0.6218015286540001;-0.08205169675356244;-0.2047709727996704;0.14862646759635473;0.0568479400279009;-0.09886120010767521;0.031035958934565747;0.06106711292909446;-0.26850214300607655;0.8408618090068041;-0.46995533548939455;-0.5072768676028894;0.5976645128560583;-0.07658938495995785;-0.13537624853469096;-0.13810970511974038;0.10490029010336348;0.0040099807453865;-0.16900348067281895;0.08330263253429802;-0.14474091781768694;1.1142751729250855;-0.3899160930574813;-0.479716831764204;0.4861833347615009;-0.02082840708382895;-0.09874725052893858;-0.20432677929751825;0.12355839316944081;0.02709342408841818;-0.17954847348313344;0.0771409402252127;-0.07144259373653254;1.2892159260243743;-0.3148226601423252;-0.3812174759521627;0.32977324909426153;-0.008309093146463206;-0.08177161527351093;-0.15092962208226693;0.06595228580159672;0.024712054766024196;-0.12054197317064558;0.048521850918127885;49.16109312707477;19.093091922983398;8.854812653425395;32.539813632722336;26.28136755953295;24.73957880859977;31.05635890049253;97.26162732767378;40.48414619956228;40.359161683189704;107.99344864827758;31.334349988507082;47.22613227665446;101.91997452559525;37.20604587661278;53.15507049675853;23.45425538729306;12.962617252507856;6.78070399067384
0.9915568909802404;0.23836733044096864;-0.11623532402767357;-0.328743049150155;0.22176670321565575;0.21172931630585842;-0.181557655480607;0.17735709459288687;0.3221256030584123;-0.089956882378923;0.17468438020725163;0.2530915266365339;-0.07391104017142582;0.09738971397520299;0.575600489491204;-0.6756893086738672;0.37607518518486727;0.44486439703198877;-0.15289702405566596;0.24380114466699568;0.0994952795144596;-0.02679751003201707;0.18489669933104866;0.013001329842213681;0.00647755912864331;0.024478340226912657;0.8569452922875597;-0.5148257733310605;0.4272744021832315;0.37912278865677057;-0.12299739712362288;0.24179577909348543;-0.06256200006444188;0.03416012695654257;0.13828059840133125;-0.13680037297114764;0.026788505946039126;0.02865254238705269;1.0298276802093098;-0.3496685457194521;0.37471507808007803;0.3113255036359937;-0.11944096589230586;0.17909493160898937;-0.14724775555001135;0.027045625049873737;0.08218432789846732;-0.16311597234149253;0.028765889607519204;0.07747974263032152;1.1275498361638272;-0.19912787382494893;0.2631345579834148;0.196994269802794;-0.10850545037974016;0.13819250910406183;-0.11158813431496135;-0.009455197450119995;0.05844762578045009;-0.14066353310650995;0.00757041799807098;54.24812185151918;23.328680784880863;5.619021806417357;42.57813189071946;28.532023111507225;19.76348489172416;46.97777453214501;59.21327300138275;29.89830644466997;46.86534730070309;81.13829458161173;23.71893619876604;48.3282581281622;75.50871849699078;29.106160144975743;61.76374545002797;19.15604520522891;12.238170655729839;9.042822032027523;0.992795579787004;-0.35675587764366523;-0.08184040419236753;-0.13828264763996184;-0.32972190321533895;0.2770272567663573;-0.12900629926696405;-0.27271219977381567;0.4187835627407196;-0.07011759203209077;-0.23266229468381314;0.2606721708167343;-0.057001910791954886;-0.458513545466707;0.4461740625251864;-0.5790910715829618;-0.4863737145293237;0.6218824926791523;-0.0959237658671941;-0.22390038469710638;0.18304361972461444;0.052962279626816905;-0.11759051648375482;0.07272783966325663;0.05906286291589049;-0.2589377602055731;0.8133766845042515;-0.5209314786462733;-0.5369059818727142;0.6270934837967634;-0.09581038151093188;-0.16056943905539675;-0.09084227148528994;0.10165260530811167;-0.010984425721922875;-0.16196508566792645;0.08310454830472468;-0.13191114039037705;1.1140438527635494;-0.4374432033165027;-0.5079872585855641;0.5267193287376842;-0.03401637550864213;-0.13230905478358124;-0.17918136416735606;0.11982814319636453;0.004657591612773974;-0.18512227215108842;0.07679371831051757;-0.06274355707766645;1.318269250899587;-0.359005976936253;-0.40299509730401767;0.36461987937993345;-0.01768580840690693;-0.10992314190334339;-0.13635224711062502;0.06169475152206594;0.0031451863451607076;-0.1289679172040329;0.04677599358034141;50.11430115566542;18.631175161086652;8.674473859499322;35.88529287133802;21.43582610858121;14.641088679032881;32.74637729535996;83.60284652550068;49.54581034082587;40.70505923664336;99.7078905910604;34.560682416095034;46.460356316832524;93.69633382371164;37.83341605775878;52.15763280598371;24.80788762289919;14.031173390859761;7.18616589745437
0.9898290957025812;0.23723650474790714;-0.11494255757829572;-0.2900826247710826;0.20967493509446677;0.2364661068060939;-0.15610794335642875;0.15171275458323993;0.3772757340238554;-0.07455797497820683;0.1635447602679965;0.2662205655803822;-0.05682080004891669;0.08900296836119478;0.58485599500378;-0.5995628399451296;0.41411759660301545;0.4101300539704261;-0.1336884270870866;0.2512372777835419;0.0638693081155692;-0.012234333098291068;0.1768146282868305;-0.013658764981990127;0.01380161498865322;0.020521465131884777;0.8859759879316722;-0.4632768268296379;0.4580866634787954;0.34634542028872406;-0.11024921995921534;0.2361536665887695;-0.1079366954724908;0.04076934714810253;0.11819354642820293;-0.15386787408197178;0.03203617944230195;0.023891186811780284;1.0665687803202315;-0.32288692667043645;0.3997418434154701;0.28745019007849276;-0.1121611661230552;0.16289405672043805;-0.1815976150804579;0.03656349097774212;0.05599834300513749;-0.1717329568833708;0.035911530963161443;0.06809135910237689;1.166814671220546;-0.19569608225046428;0.28170380093628067;0.18816495840537187;-0.1087999697745369;0.1286563564756772;-0.1349627825349808;-0.004917548809025932;0.03902813092671994;-0.14732512334485834;0.013144780164234635;60.59019426584888;24.444785692515623;9.499779001277611;44.882046568317925;31.812629083295256;19.989738441431882;51.085187572811996;64.44513969650579;27.548550912970178;51.244364800486025;85.9423429999507;23.62814896794026;51.926223841614345;80.12431142674258;29.475914363141516;67.22387015265164;18.714426408763355;10.759955755966146;7.601870358935815;0.992297949214932;-0.36151153705707095;-0.0961171838332436;-0.15195327112537407;-0.34658453679454243;0.2855368214084919;-0.1423165153520434;-0.29449108983502825;0.43279212438951625;-0.0792581760681175;-0.24952084449413178;0.270526219315754;-0.06694901175804106;-0.4524945854656582;0.3948044782082729;-0.6334595051530212;-0.5297239700168902;0.6195922994521083;-0.11041610959043915;-0.24353495352465532;0.21920971255181212;0.04859775077754243;-0.13720285599032353;0.11710785249332936;0.05669027739187439;-0.24770323901336344;0.7808273377342193;-0.5735431753836673;-0.566590890075804;0.6562193011810276;-0.11603262761826506;-0.1869412443882075;-0.03986485459072935;0.09778533902222893;-0.027003603256329507;-0.15380690237446948;0.08257473506464501;-0.11766442545108674;1.1095380523954328;-0.48667959403730493;-0.5363273487133082;0.5681260053033597;-0.048012567457450306;-0.16775286150268462;-0.15156216053047195;0.11537451102770123;-0.019392207104034425;-0.19038504866630637;0.07612827803277238;-0.053185826056076885;1.344350932032928;-0.4049604823993039;-0.4247817548223962;0.40055199642381256;-0.027662018781683215;-0.13965732667838326;-0.12021662987106539;0.05689851570902883;-0.019968046533633693;-0.13750038016047927;0.044727145741905186;51.08525116944233;18.204192693681644;8.510031138743903;39.47377654440269;17.78794389681253;9.12903927295448;34.68218102225072;68.63684804446;59.4917226643836;41.209479505858354;90.48315837556754;38.53449063782472;45.825998444705746;85.11619036165655;39.0432424446354;50.97846657479288;26.127102608230892;15.211199578709246;7.685160869311978
0.991437017197376;0.2422455571185332;-0.11963448367044431;-0.2965354371988732;0.2230213890271016;0.24008896968951524;-0.16270040304982605;0.1686874758777813;0.38373030982854156;-0.07952608354392579;0.17860382636882716;0.2616922482239304;-0.06195306611012796;0.0872786571043793;0.5507437680011704;-0.6261120447051745;0.42812703651208966;0.4106053735398748;-0.14141616353756195;0.2604241675817362;0.06141987687378749;-0.013459969766387832;0.18041809971902856;-0.01128735441916709;0.01243582932154405;0.02041105917134854;0.8711754691146608;-0.49054733785472165;0.4720236434324729;0.35417885833391083;-0.12214179561081011;0.25719234248107775;-0.09333944216185927;0.03666341300148448;0.13298063321577794;-0.14286809117161778;0.027794100164420858;0.028220114292684367;1.0683407794061373;-0.3503274688807731;0.40936062221577124;0.30983805171675033;-0.12458059185396837;0.1923499375050867;-0.16146910875467416;0.029010757709162765;0.08011341596977643;-0.1650129246864599;0.030319518442522585;0.07745916092245617;1.1822505860449655;-0.22245942388837917;0.2891184604599284;0.21117868314150925;-0.11749645862663166;0.1498192655655487;-0.12251541025513671;-0.010854856983486079;0.05842587729581158;-0.14434506890952592;0.0076350968444938196;59.92529269591806;23.91760852186444;10.396497402223245;46.4850477391861;31.956332052020652;18.16647930607668;51.14018768650273;59.72723600314409;26.850204507181104;49.45752716618563;79.16908035357658;24.015222823914506;48.96910583429223;75.15130745179538;29.299951244780566;65.22993432774334;19.828677579393883;11.22834847907298;7.820269096710942;0.9937021692346114;-0.36547669733986526;-0.1073443542063746;-0.14853435099808557;-0.3459203565487569;0.2725902523464832;-0.1390196656374918;-0.27967059834489955;0.4318240396914711;-0.07541892989666227;-0.24772945797458057;0.2538418233988739;-0.06081293535828577;-0.46086843846149045;0.3904223370764461;-0.6305650186782598;-0.5080916238671296;0.6429332055206991;-0.10377864539042729;-0.23173410205009623;0.2037084021993222;0.0637019068520002;-0.11697596886131484;0.07528114664731259;0.06967074622222261;-0.2546168350959949;0.7821328781232161;-0.5687164743915839;-0.56372880629494;0.6565936061206387;-0.11019739950777553;-0.17126701311838954;-0.07770717283697741;0.11272447302132871;-0.010918542812138913;-0.1694609152192826;0.09524161556346106;-0.12596357979830894;1.1100034547656308;-0.4797815659947503;-0.534184274390546;0.5574213952433701;-0.0436715144470405;-0.14510477666482885;-0.17445030681766802;0.12869068876864073;0.0014235158247330748;-0.19146210255710325;0.08601019742877657;-0.05827235344240296;1.3407103079465166;-0.3956268549892831;-0.4226908171523611;0.390531787757714;-0.024295190000584214;-0.12007205152095626;-0.1351207167150181;0.06359927639316618;-0.0012322524816286427;-0.13702628189939728;0.05006746640647828;51.39538565942217;20.49781814605992;11.31646669050747;40.2335130188171;21.51393913307724;16.96876091759808;34.40744625683329;80.03402378354335;52.861166756909704;41.2383124125589;97.21922557303922;36.06199488048299;46.1942066492661;91.84870486547051;38.60395912382166;51.91913402250627;26.517371956825762;15.229238845941882;7.777914869104356
0.9934107190544617;0.24791224280190013;-0.1251330043057848;-0.3082101069410873;0.2398248511359143;0.24110005393626027;-0.17319834414395785;0.19143454418949296;0.38430303181645104;-0.08706087180920564;0.19738185249886608;0.2544218436719977;-0.06990586617308285;0.08609455498623914;0.5086218205915254;-0.6653503432748357;0.43953635342931235;0.4146027879883712;-0.15255451443855936;0.26998483730336514;0.06260625623930835;-0.016587081369612667;0.18533537930014463;-0.0053575265730941915;0.009950763497415782;0.02071264120724533;0.8490118608324957;-0.5279676568313281;0.4841263290366604;0.36670481954156425;-0.13746218334984822;0.2822547650086891;-0.0706878812731402;0.030995810729098967;0.15255399354029442;-0.12769132960659582;0.02213878643492356;0.03383564253902457;1.0645060023230595;-0.3852650191507453;0.4171463190352742;0.3385427585225124;-0.13987862331133183;0.22866558523807212;-0.13348464735233398;0.018952585498474363;0.11147354340620498;-0.15583443761440813;0.02284749603754245;0.08947918548052627;1.194050171868705;-0.25406272233916094;0.2952448473779941;0.2390114840528395;-0.1275319684033049;0.1756469458432685;-0.1049260145323201;-0.018366128284753522;0.08346830151198548;-0.1398342850871368;0.00047839142015372593;58.524335672016434;23.218662321548862;11.110397982651211;48.12437617550686;31.734984521092155;16.074772803334806;50.754909395599164;54.24697084695322;25.71688255559349;47.05249342081009;71.1774704754471;24.187001847703716;45.429521777605096;69.27988753891933;28.768614218025682;62.22428996094574;21.206190853000756;11.987345850531794;8.254544805655417;0.9953149380148504;-0.3693208070098841;-0.1181140213795674;-0.143222930957711;-0.3432908212326124;0.2573588123151345;-0.13388335055620929;-0.26087328218764755;0.4291840694050928;-0.07015414937200772;-0.24385494392496096;0.23433617405046933;-0.05292387031258466;-0.4707941888089859;0.3914052695597859;-0.6212444341196318;-0.47935049792355056;0.6689466260945645;-0.09482407576835136;-0.21650776785683776;0.18253247416874457;0.08085248351680732;-0.0924576902382172;0.024144048832256217;0.08425450833379407;-0.2635166307858663;0.7872705347807007;-0.5574621873861716;-0.5572318952598612;0.6537310375142961;-0.10148007174219659;-0.15100649378119008;-0.12519999332232462;0.12963809644441454;0.008628994681172815;-0.1876492014898846;0.1092719510531036;-0.13672848963212536;1.1110534854822864;-0.4666224224746694;-0.528631483152669;0.540951441061096;-0.03730383384243407;-0.11612809091242772;-0.20281536333982142;0.14388130210231492;0.027095560968121084;-0.19205978577488247;0.09698458393491435;-0.0649630103320512;1.333781416521464;-0.3801507235385157;-0.4179333812647259;0.37543109738314273;-0.01945564690894287;-0.09511745325271848;-0.15338275494984488;0.07153200229000359;0.022040290429521946;-0.13554259383755676;0.056189168576177416;51.53566957726436;23.260278753960698;14.716640460813176;40.868337776653284;26.55959306896138;33.63614559843227;33.883347171649156;93.06017176027437;44.64139248354428;41.23067593596169;104.97155699815951;33.27118118556047;46.69769456340353;100.14549757969041;37.95508257045294;53.071375574000754;26.802670644147053;15.111935920132272;7.829107127430704
0.995324278879972;0.2530493382130435;-0.13085984296532926;-0.31999731190778574;0.2567075290336412;0.24125402764695483;-0.1839154965608684;0.21475318655452488;0.3837467266534422;-0.09481348936108175;0.21663269079841405;0.2460435761028844;-0.07811233483351517;0.08470773875929313;0.4639584679949286;-0.7049963330554989;0.45000351892484325;0.4180312418364668;-0.163893615424259;0.2792144864707519;0.06380391278895596;-0.019888693967169732;0.19010085996660572;0.0007698027018869394;0.0073190958291173185;0.021089215616231692;0.8242556090635063;-0.5658250046719749;0.49523928648276555;0.3788839870740615;-0.15310373289639678;0.3074345081825179;-0.046879752551530006;0.025021541913714515;0.17254035028889955;-0.11163681076278106;0.016243305903343396;0.039742132211261945;1.0581838961050747;-0.4206749384953307;0.4240586241385846;0.3672235560821716;-0.15546719232423242;0.26568281165259694;-0.10402041889927591;0.008481265808997412;0.14380260830256703;-0.14588425543425265;0.015073948745693684;0.10196260574012063;1.2035699156407242;-0.2861478889541131;0.3007173663538583;0.26699991442622806;-0.1376712639269161;0.2018126003413184;-0.08641026094242624;-0.026121719214148187;0.10916427882745444;-0.13473339768946824;-0.006932712783523905;57.195886640266046;22.514827042414478;11.892668894516326;49.85857216496852;31.5219236788252;14.061560221894943;50.38846188057769;49.288247872048835;24.155824162703713;44.77461974372083;63.881817937548746;24.126447665198683;42.11266748692729;63.987532894431304;28.071802671881642;59.15561140605729;22.593092198686794;12.807618682546323;8.723749627185923;0.9968899258588672;-0.37301440622180265;-0.1285974287436101;-0.13790458607409165;-0.3406208464187011;0.2426377875530967;-0.1287619777143002;-0.24256044410079447;0.42666247609405666;-0.06497811700603516;-0.2400443777483587;0.21536286432221058;-0.04519163232266605;-0.4803237164293746;0.39254047804141656;-0.6115999135652254;-0.4515243923580002;0.6942903356073277;-0.08615072570687637;-0.20153998459296962;0.16146401345173184;0.09732918606145319;-0.06841880028969811;-0.02592627734014661;0.098287540556188;-0.27209850684325515;0.792353928451681;-0.5460198298971013;-0.5508296192019964;0.6508249952924434;-0.09294612320483937;-0.1310888401179867;-0.17138046662127274;0.14585826440996968;0.027806176268767406;-0.2052528110116691;0.12269860595500903;-0.1471405557820531;1.1120538107763616;-0.4534370669749113;-0.5231807245956416;0.5247510180561673;-0.031069842842626413;-0.08783385866741167;-0.23037232811711472;0.15846111125675277;0.05212524239392954;-0.1925881513357955;0.10747779792986757;-0.07145493665459844;1.3270132443924718;-0.364818334847329;-0.4133268173431631;0.3605242691497938;-0.014753661854730876;-0.07077354038268871;-0.17122022254171484;0.07913434785139205;0.04470040211214336;-0.13408433333440078;0.062029326412168;51.59704776384526;26.118684439079153;18.318103954582437;41.637384673349175;32.07479677294027;55.467102419881236;33.36640813477963;103.69568888417457;37.9703157658363;41.253629337771606;111.55511135306855;31.188284026633504;47.24131584204074;107.72030931970944;37.400782460340245;54.19064276116637;27.072818713659224;14.988197737999332;7.882110559289712
0.9949170401760112;0.24369252227725757;-0.14178090620644293;-0.3319573506284751;0.25481280542367124;0.22513143797777407;-0.1911821422291073;0.2199481238444971;0.368776240631421;-0.09949002866260512;0.22402468048351765;0.2328307925233447;-0.08226347976971336;0.08516460449450775;0.46365043089832164;-0.7174774391739372;0.43136920529064804;0.4224744771407441;-0.16792859685345513;0.27384809977472135;0.06745047394752787;-0.023591951811970085;0.19168238852109;-0.00028662093253663804;0.005868609517973541;0.025207426452324173;0.8203469319077361;-0.5713103333226305;0.47724349404681726;0.37625900602168333;-0.15477484443453945;0.29869845649144494;-0.03911961831130666;0.023441595502764343;0.1729828859263155;-0.10867817964428443;0.016553714992523796;0.045832742057937886;1.0493554958494953;-0.41992107777042875;0.4114709787532306;0.35222450107947806;-0.15616177727956804;0.2597409894262386;-0.09604048683152737;0.007989118805465368;0.1461560697510182;-0.14081078574373584;0.015602148035547419;0.11010124786442294;1.1909129379197234;-0.28024094168535263;0.2895457575857415;0.2524884276560822;-0.13752280121023788;0.19231241423463846;-0.08317854039718416;-0.02651441832119833;0.10591655856907038;-0.128930990822077;-0.006750544002338087;56.55190120369939;23.149900351214942;12.770809867420613;48.981750860907205;31.89650482990149;15.36882239226081;49.27958436692229;49.045502423238716;24.60009521331088;44.597351863475794;62.62831386222727;23.76399160633738;42.23514085626642;63.59280829931753;27.541889916338288;58.88916484032012;22.62777015969298;13.066804570139238;9.002216094696237;0.9970069991806964;-0.37506464409926465;-0.13184100923040964;-0.1321266155235231;-0.33863242185679404;0.24593058793745307;-0.12399916066828642;-0.24032412236502096;0.4317471983642831;-0.062451064258158065;-0.23978909758729455;0.2139112035990471;-0.04190696955170533;-0.48114727930154927;0.40324904043855875;-0.592196575695446;-0.45576138547433626;0.7063042048119076;-0.08684589375134454;-0.19442412316415067;0.1404719134966296;0.09285905224876119;-0.05726880512310829;-0.04796361596847119;0.09551075035458187;-0.2729602013851233;0.8034973474751633;-0.529041341541632;-0.5511784800430614;0.6510989552807726;-0.0900907139528656;-0.12039055292749339;-0.18027271506695042;0.14072627758378545;0.037879474654229764;-0.20658431674579586;0.11732021379685531;-0.14787856618167752;1.1209886443223678;-0.43972498506153096;-0.5247758963393228;0.5192964058522284;-0.028655805449420015;-0.07934572339033835;-0.2358176700082205;0.1545685800740292;0.05925929573148306;-0.19223442631757134;0.10301147750203939;-0.07256271387360269;1.3361562529649826;-0.3542110455326486;-0.4169267571949292;0.3523548717027537;-0.01427853564041846;-0.06433865927374074;-0.17874617018658326;0.07661462058212978;0.04994300897371193;-0.13438799056693934;0.0590310742606082;52.63951499513751;26.055944255476383;19.00662532167194;40.383039624452586;34.20399200858791;64.82649283266704;32.77305492024859;106.69693433312308;37.7061473384996;41.40338646154052;113.19866731942513;31.31905446535668;47.96557592172191;109.45289336460228;37.10052282917905;55.355046521798066;27.04666435794626;14.658097591941042;7.668228880989144
0.9945098014720504;0.23456083386377727;-0.15241365365895315;-0.3435910519472656;0.2529513514229261;0.20940843898748304;-0.1982511427055179;0.22499677200396176;0.35416721477662655;-0.1040407826766209;0.23121384450044424;0.21994258395636687;-0.08630333365185647;0.08560465883723056;0.4633224897658602;-0.7295957448340282;0.41318647265967823;0.4267785414477228;-0.17185012779356681;0.26860279128882414;0.07099956038845268;-0.027198911652249785;0.1932119040652489;-0.0013159600501238245;0.004454935251710911;0.02921861064709195;0.8164892206839037;-0.5766208679009504;0.4596801724126385;0.37367872412971026;-0.15639386035338163;0.2901683296296742;-0.03155596636569919;0.02190072459627173;0.17340371250954878;-0.10578883818287226;0.016855178466483146;0.05176455259951658;1.040690383660262;-0.41916135738660903;0.399181181581863;0.3375886305276738;-0.15682920370509376;0.2539358347669936;-0.08825925616321433;0.007509102469798299;0.1484404693456604;-0.13585886500543132;0.01611587861009962;0.11802476370229929;1.178508856241429;-0.27446853942981025;0.27864302539337454;0.2383336123365487;-0.1373698976810205;0.18304410933865167;-0.08002463525236915;-0.026895466248271604;0.10274570047601421;-0.12326952170128007;-0.006572637984739036;55.797849730705146;23.81532690878494;13.607336691359805;48.12640511098107;32.27205927727518;16.676606176147118;48.15837601834362;48.782863665973885;25.104177685319332;44.43403910756476;61.34397293470862;23.453340251148834;42.412849620077495;63.168021868017966;26.99121152721341;58.6593553071062;22.654201315815893;13.317830532657066;9.278821548410713;0.9971240725025255;-0.3769919769591088;-0.13508592624967453;-0.12619059232408766;-0.33646524736911865;0.24917719764526008;-0.11909966028946103;-0.2379463761011271;0.4367385425165906;-0.05985290709854235;-0.23942759350456017;0.21234317509836323;-0.03854654207735531;-0.4817812815764548;0.41397559772338693;-0.5721994815346152;-0.45987984783445973;0.7182305587528129;-0.08751649488263506;-0.18710016348272937;0.11904962798234155;0.08827061163946828;-0.04589767290641338;-0.0703696597090502;0.09264442310342412;-0.273721320278527;0.814496655382033;-0.5115386956980499;-0.5512996929806341;0.6511015593598259;-0.08714667884535995;-0.10945232733417812;-0.18924547815810305;0.13544399449021716;0.048114540542683305;-0.20785169722981306;0.11179710400695093;-0.14856687630453216;1.1296056980110594;-0.4255842988533401;-0.5261766225933722;0.5135252144169863;-0.026186994592337174;-0.07067407909768976;-0.2412591124062122;0.15054176236369582;0.06649415743188676;-0.19179291183416938;0.09842261099914458;-0.07365926729652644;1.3448938839714248;-0.34326623899411485;-0.42041339306833375;0.34389178337658266;-0.01378896459239105;-0.057762883565506754;-0.1863291591168976;0.07401791012695519;0.05525698418902559;-0.13464000200134732;0.055954849801365454;53.69560812466163;25.984649884650935;19.704458326011746;39.07949476856885;36.81448865034894;73.68110850710497;32.185534925262324;109.79221640143959;37.39770361529206;41.57249397243914;114.86527615158292;31.45783934268057;48.72355176727347;111.10171062640812;36.83834373119443;56.540825104034184;26.998282777018968;14.321401939842787;7.451348327852194
0.9940696876755716;0.22636540326572857;-0.1610466632915572;-0.35236087674604455;0.24989285382756632;0.195897394007992;-0.20342600895298044;0.22791883645384634;0.34178824709525146;-0.10739331378987692;0.23648900145945784;0.2085380663461033;-0.08924234758060293;0.08644671745975253;0.46647019211460483;-0.73657884818032;0.3973419146815821;0.4296708896237729;-0.17425963454046112;0.26334261926899427;0.07317057708516302;-0.029994505605850187;0.19390927298998062;-0.0028582122234671508;0.0033893945043067973;0.03319897379049033;0.8152547032469659;-0.5781501508889884;0.4444944728419189;0.37010897779712026;-0.15673114341821878;0.2815385600670329;-0.0267537221535629;0.020704565664642967;0.17268000857035976;-0.10390284678784475;0.017201218579969015;0.057149939330842524;1.0340910048004526;-0.41591074197639544;0.3886366665459962;0.3231268703977664;-0.1564280029004821;0.2473442817163969;-0.08301584835040711;0.007318974411562785;0.14902057796601562;-0.1317775326017987;0.016655563211155345;0.12476511586542866;1.1675898381032033;-0.26735236481949537;0.2690714453763198;0.22459347190036125;-0.1366122343059572;0.1740124625649826;-0.07825063144247618;-0.02702656654237368;0.09909008909105163;-0.11855221142137383;-0.006251466151111356;55.14658874180051;24.45546793328737;14.416955178364677;47.252831120823956;32.69022301273127;17.885670953260103;47.20815742151293;48.77123607579956;25.53505111091038;44.464818443217226;60.42469941938419;23.113352176756496;42.812202221307196;62.97324941674443;26.410655221568817;58.742634276104326;22.573337824443772;13.460441216918692;9.47587310271768;0.9970802597740216;-0.3789366336590821;-0.13824115643053186;-0.12127778398448343;-0.33467891845111863;0.25294210497740016;-0.11558046027191064;-0.2365582204394264;0.44151994451658577;-0.058322299901508085;-0.23797864208013533;0.214286408384931;-0.036557471013740295;-0.48225838021236345;0.42002107284232637;-0.5580251602598927;-0.4657509926083339;0.7276830031513047;-0.08949075671077052;-0.1818421661783853;0.1029867330573714;0.08340994740566741;-0.037201547268935785;-0.08590182824400831;0.08969372983405455;-0.2741516810476011;0.8215798602292346;-0.49984736574727057;-0.5526165208824988;0.6531539897479794;-0.08587999150293599;-0.10133254988416349;-0.19312858348853262;0.13057786698517262;0.05631670629297105;-0.20770100336016759;0.10700108669107003;-0.1486701402119013;1.1361474989652223;-0.41702488546691535;-0.5284512770699935;0.5117504775794729;-0.025052794273146425;-0.0650099933332015;-0.24443465405236045;0.14684528383386947;0.07184646895525888;-0.19236979644967797;0.09460804838434202;-0.07433886570321327;1.3530049284307826;-0.3376611617812061;-0.42427922298235365;0.339234224334822;-0.014166541849299425;-0.05357334741453022;-0.19220689384636655;0.07162091118202686;0.05896783445751952;-0.13610139541316596;0.053439366250789225;54.714967110582215;25.782083946843514;19.68585414114238;38.09412678442689;38.8682505726093;79.33360586370782;31.768186155716197;111.8524924978406;37.63841305796101;41.66968913944873;116.01309574094944;31.727337016372978;49.25444601032322;112.17843121886654;36.614640175312886;57.44793010544544;27.003705438991656;14.096571114836046;7.2833781057698825
0.9931661513285408;0.22792260109717866;-0.14519691232105159;-0.3247500141309864;0.22930608454008286;0.20773651344257105;-0.18436846653368918;0.20268900110882127;0.3552071972903931;-0.09546699546157952;0.21725680587300894;0.21328089712109458;-0.07810895146881187;0.09291761144136426;0.5172545020579701;-0.6753423991659272;0.40756203394028606;0.4138649474440799;-0.1567474584305374;0.2558527219352489;0.05727569807893419;-0.022665751117882906;0.1833233321822561;-0.011859808215147477;0.006693005893485017;0.03802704906771336;0.8482546034156492;-0.5282216119427163;0.45606986607542316;0.35152007166794313;-0.1396117965824917;0.2684039855351038;-0.05780372771765244;0.023768322607429712;0.155994650066053;-0.11488850234788035;0.018245396472408294;0.05682188591641018;1.0521535274378835;-0.3773266429062419;0.39786128039839963;0.3059146102244298;-0.14121919270145847;0.2276399174804377;-0.11038228460543614;0.010990227077384567;0.12650081690298035;-0.13801546983579255;0.017704861586642903;0.11752082457672476;1.171886563279094;-0.23936793394429343;0.2741086777075569;0.2117163398787216;-0.1272451392316524;0.1650304035936745;-0.09452230708330445;-0.02377898766165382;0.08754673349755458;-0.12495902290006944;-0.003874524597799409;57.404192680346135;24.292043568879603;15.412402473620592;45.97407151434293;33.822429266254396;17.754432000760684;48.92926058074149;52.77710092634862;24.121674469882688;47.02611568061035;65.26137616359554;21.76573047815346;45.508708508617964;66.45573485044322;25.733270901931046;62.77579482987833;20.974785183526468;12.191949003872837;8.5967056500486;0.9947685226661988;-0.3813139849652523;-0.139610057232401;-0.1326310472142048;-0.3394008010395249;0.26387858478133525;-0.1332441081138967;-0.25035334337933596;0.4428808116161071;-0.07286343205345298;-0.22129516201668242;0.2675935752555797;-0.05515753963417771;-0.4811031154577468;0.35682123691187323;-0.6331754831037272;-0.4967579134416988;0.6999738509080783;-0.11027600147711382;-0.20830165928792535;0.1691459270055267;0.07576212959171987;-0.06967096439091174;0.0025600196950463995;0.08629877347170796;-0.27007966233901143;0.7710408230875262;-0.576674106513684;-0.572046555038967;0.6858349954701934;-0.10960608919009616;-0.13645600843846387;-0.12189200567398385;0.13308759961092256;0.033019833396571246;-0.18713759984607406;0.11408375544539312;-0.14041625516049933;1.1126619938856286;-0.4927921496856688;-0.5438765398628486;0.5697417570785426;-0.04376306032788199;-0.10476231045751161;-0.2141026854594257;0.14903625036541124;0.04855381273643636;-0.20804956744649938;0.103128430408008;-0.06887868409869996;1.3523170716577866;-0.41206741713230993;-0.43353034918073785;0.3919026979894232;-0.027189550314008;-0.0853541200431272;-0.17211454239366747;0.07279146102602084;0.03846805292891577;-0.15517963540054405;0.05977830360664565;55.010919961255944;23.86076031494953;10.035830400578565;42.221233782951856;27.758346968818337;46.0098805699359;33.936982058300565;95.67351355363363;48.10327239184334;40.76925349951829;108.81641328910057;34.70127859708263;46.40041451871055;105.65208991644354;37.61684669995371;54.23485293214277;27.913689922343995;15.5727778070525;7.888743533050273
0.99226261498151;0.228648502222894;-0.12929913173245877;-0.2968075937244242;0.20851638863685767;0.21852003389541894;-0.16521939498907257;0.17748087515517671;0.3670163190783324;-0.08355213196401477;0.19782454663440455;0.21715188892706566;-0.06702425751693919;0.09888274291028591;0.5648012480046976;-0.6135256029750795;0.4160830613119687;0.39708229973775416;-0.13919491349331817;0.24769379184682103;0.04163757766533767;-0.015468301596890029;0.17240724785397285;-0.02056308911976989;0.009879055820209618;0.0425858121030057;0.8773828465638989;-0.47789725795714466;0.46573997144065893;0.3322492413673038;-0.12250000015724777;0.254718446166954;-0.08776640941594119;0.02666243326311127;0.1392478808031756;-0.12516346623397506;0.01919673713664548;0.056307067099574386;1.0660676413802879;-0.3385432446770084;0.40544875242485645;0.28813849135014835;-0.12595775775813714;0.2077131481779826;-0.13658522100749143;0.014518572882767729;0.10418827441545968;-0.14359863065251938;0.018663042216533213;0.11007799016520516;1.1720151647537416;-0.21135735941869616;0.2780556802121008;0.19847656395966576;-0.11770662910890367;0.1557354884296135;-0.11000245454362294;-0.020542180951829976;0.07603122316150486;-0.13075129941146682;-0.001552170555931085;59.88669055729573;23.874468405702483;16.19874831009122;45.09247405025225;35.1566422412478;17.68568402488203;50.78694322277167;57.027266084531476;22.822669667131986;49.573335603426116;70.31861474024716;20.809126406868057;48.18967381460492;69.83411909340568;25.156552371338723;66.69479853367518;19.217956054568972;10.955565188455498;7.756261979274742;0.992456785558376;-0.3803754497328998;-0.13978165217339789;-0.14318436596880624;-0.3412587596478876;0.2728323327926315;-0.15031421462103528;-0.26238215548311716;0.440343396061338;-0.08724389468624952;-0.20208086419336377;0.320307465747392;-0.07389088772792259;-0.4756247125067168;0.28832196371709445;-0.7052102793901036;-0.5243820877151162;0.6651009473220866;-0.13077704541934893;-0.23379451210567934;0.23602003656999732;0.06718286465880058;-0.10261005964192628;0.0939690566333872;0.08202132242188963;-0.2634657995881952;0.711938681787756;-0.6509447640327598;-0.5870346988912953;0.7135056778450429;-0.13315268695229152;-0.17154351231023246;-0.047178275432792335;0.13449641248549776;0.008646749129139522;-0.1642172976152118;0.12038826888998393;-0.13063481284639544;1.0784794425487305;-0.5667147513986286;-0.5549763190898915;0.624606312667976;-0.06271177646717635;-0.14491632139866162;-0.18084572052596493;0.1499735680112402;0.024046752480601796;-0.22240302853577987;0.1110164864922036;-0.06262180121691276;1.3395633762928443;-0.48530219125468954;-0.43923136584650263;0.44284944606457133;-0.04040765843075916;-0.11744178780504543;-0.1498148914981142;0.07335308309130469;0.016937450731075446;-0.17351648533769823;0.06579772043284392;55.25077221546864;21.97387564295296;1.9912813468405923;46.13293573937538;21.211498500639713;19.261175585549076;36.61260104416278;76.35042186947481;60.39368534065622;40.41565115206394;100.44653694059379;39.24748008637788;44.08066891520635;97.99061934537927;40.671899726592635;51.25596544511027;28.456726976659805;17.099969219050045;8.576477757463984
0.991557462499068;0.2298489869981606;-0.11630614142183301;-0.2724299016037503;0.19171847015279633;0.2279202499581711;-0.14870990746997664;0.15621955916009225;0.37681900157347376;-0.07322269660123402;0.18131602616905096;0.2197898743564495;-0.05749876955970091;0.10407461212161843;0.6010656817877148;-0.5614172770226064;0.4232542374936061;0.38288433163648206;-0.12442492116214948;0.24092551384044392;0.029523886055027464;-0.009511271726216882;0.16326786473979144;-0.026576742306583943;0.012373470354713069;0.0465757196199985;0.8987551539603298;-0.4359700397637699;0.4742010835942402;0.31601926574060984;-0.10785215110931873;0.24334738914410617;-0.11216053243232922;0.029372097464731507;0.1252490224951065;-0.13294290695391392;0.020023499761642298;0.056179929592922735;1.0753541480857252;-0.30675488066517775;0.41255808121904974;0.2730884868175598;-0.11281633674699271;0.19080353032462144;-0.15865342454267176;0.01795622347623172;0.08519720622276507;-0.14821758847215974;0.019641909499374475;0.10443082930435127;1.1703549276686356;-0.189021072117585;0.2821959121475173;0.1868975124773817;-0.10946295908014873;0.14808513700324258;-0.1230459279955896;-0.01749514927938705;0.06627766299831071;-0.1356850116378904;0.0005340674600509546;62.27286261076669;23.28793091028532;16.74547082585749;44.730513791055756;36.23073287246395;17.482587200316637;52.491751961959395;60.58426205191714;21.829157269441932;51.78890053423719;74.6761022181684;20.417912048442517;50.56934919951686;72.47680571987111;24.80378359016783;69.87261041735832;17.69349924376896;9.946349336835565;7.067851047470081;0.9904852228151888;-0.3760653650423171;-0.13926766124455325;-0.15125460604895472;-0.3402949734397108;0.2789464644167621;-0.16428073436309792;-0.27146699110637473;0.43384717093494674;-0.09927389321914368;-0.18474662158229058;0.3618797850668218;-0.09008876792406247;-0.46698720252262865;0.22551921978703388;-0.7642810912294976;-0.5433136443468787;0.6296772017464617;-0.1475461220120521;-0.2548015652640051;0.2934257359368453;0.059329671748857116;-0.1318474245343227;0.17409981876974284;0.07757762702503712;-0.2554820278805997;0.6536441359033461;-0.7123750957390245;-0.5956826994291865;0.7303934524146395;-0.15193014651267014;-0.199503726462716;0.016064508421040263;0.13583135782688113;-0.01196861401603099;-0.14266578439116614;0.12534227058937603;-0.12084231431451696;1.0389863023681412;-0.6284205168533334;-0.5604806435174241;0.6669887924739383;-0.07790745011091539;-0.17703056063022862;-0.15224877481107435;0.1510691540520484;0.003928939880972185;-0.23283687976373058;0.11754625436474453;-0.055951217441873875;1.3170287630052964;-0.5470495272484185;-0.44053825852573075;0.4845416849614515;-0.05090421831485577;-0.14343716816647778;-0.12984042024930778;0.0740916709047032;-0.0007333734038739569;-0.1876801029142488;0.0707240398953146;55.516416494502096;20.257719496836753;5.117394917641196;49.322942252452634;18.741216674501644;11.491535871436545;39.38778795787718;61.57049086465997;68.1619979061029;40.65931448777181;93.32188387914923;43.62709083470991;42.546954475374534;91.47172606107468;44.34944029037301;48.98028222605791;28.567039972358955;18.42877472908766;9.25093831993024
0.9927843152536044;0.24301496511312734;-0.13080619149212883;-0.2828542515749577;0.21401905528853277;0.2338474140399701;-0.15689308247182376;0.1710422500621659;0.3816841735580662;-0.0771001353436103;0.19325831761341603;0.2178965996887824;-0.061721505921591514;0.1066008997435539;0.5574751608095517;-0.6034708958437999;0.43241232039582317;0.4006779557513084;-0.13559916234263286;0.2527157225983462;0.04863744833701859;-0.013946793305307376;0.17331801073903358;-0.009149312669865487;0.009326737513851421;0.04775869744180841;0.8786609834292469;-0.4750515582732158;0.48799504501815943;0.3335364329524215;-0.11557849398773683;0.25807839703259505;-0.09377330188515731;0.0320792703484051;0.1371410145916095;-0.1229775347096175;0.02051566095056577;0.061489156457488106;1.0749731902244397;-0.3418077134665565;0.4298254667306814;0.28781605942256716;-0.11934755318641763;0.20340765445990494;-0.15256107277336467;0.0222087259024148;0.09480832833493544;-0.14944268203153882;0.02174484268421819;0.11756392979434521;1.1859238133103607;-0.2202672932436148;0.2981224379611295;0.19326410699790017;-0.11438340500748148;0.15837857404377345;-0.12039704479774434;-0.015800898170384107;0.0724401573852959;-0.1379852615969125;0.0010339682247101367;61.917707315318154;23.494950500612624;17.164455889772885;45.492472802635746;33.06383530572278;15.219271526706109;51.94261923487882;56.88826100233271;21.77375446571139;51.098305815381394;72.44451947376174;20.71969643073182;50.21804303456788;69.77197544758707;25.514215250791427;67.80431004322807;19.359263519553675;10.751719976511486;7.506031674130145;0.9918265235214788;-0.37169793307837934;-0.14392918185681813;-0.1458891965736396;-0.3407665986156713;0.27938635201828194;-0.1583965852218397;-0.2724882923720069;0.4269954596742794;-0.09379172940183512;-0.2055615686164639;0.31519037658789334;-0.08515748318303916;-0.4690862503758236;0.252796717037076;-0.7468114555261142;-0.5187145226462158;0.6507353331002418;-0.1362493532663517;-0.24836989517323937;0.2690879130956267;0.06549068257063413;-0.12885841088546823;0.13916319181052286;0.07915695086334155;-0.25767262769972954;0.6727916408222886;-0.6935100756109958;-0.5906387500730071;0.6996844251071475;-0.13243043742242522;-0.16797018370429453;-0.0466691966518252;0.1475302443816117;0.008094815751212034;-0.15182036407884134;0.12646760696034773;-0.12356162240991742;1.0451667493955439;-0.6087614627639175;-0.557358290843908;0.6335299363553687;-0.05937476158417332;-0.13785403483780462;-0.18890511137714058;0.16612457375348003;0.031835600477190244;-0.22214392257441853;0.11912036352584407;-0.051642006067166214;1.3158506322675034;-0.5276673080002441;-0.435861690652069;0.4665827655677558;-0.03660386535240865;-0.11577400309012063;-0.14838772679413173;0.08259124230945974;0.02347001591144865;-0.17351996611290585;0.06973827362180549;56.548654123572554;19.766542728933544;2.3284363569020567;48.800347522237544;19.871562239390123;12.514388108944063;39.41358765732745;77.14235798079838;57.324325477136064;41.76092918867994;102.545396057473;38.08532062415494;43.71473731771184;99.54500273612618;41.99402601018629;50.64587321893131;28.155246463524787;17.865099312662615;9.148531922561927
0.9940111680081408;0.2565521544379332;-0.1460069141946167;-0.29337960793622314;0.23736985740160496;0.23967626693068753;-0.16529450321596628;0.18650159357654594;0.3860639653155172;-0.0810751001532056;0.2055952692190533;0.21541066301496717;-0.06609789841228149;0.10907050415124625;0.5097505091536347;-0.647078651859192;0.4412668678893142;0.4188191726532045;-0.14723915185953232;0.26476350099493506;0.06893864163938929;-0.01865224502532863;0.18367750819615636;0.009475079971371867;0.00605426561035731;0.048919737284987934;0.8553351150384951;-0.5157603128256883;0.5016801335363044;0.3515257193556999;-0.12358033664045558;0.2732542257103097;-0.07394376873740278;0.03490092667423377;0.14954395981509605;-0.11207657644258337;0.020997316610065077;0.06702594153252371;1.0722737074923194;-0.3784997852118248;0.4473427227213267;0.3029247939250713;-0.12606548418466768;0.21642950683547396;-0.14573170962304288;0.026701171463850714;0.10486659169650313;-0.1504318035835128;0.023943477160985323;0.13133359188712437;1.2000151485385593;-0.2531547982201536;0.31448914824979235;0.19964863877249717;-0.11939232499879317;0.16902966399361;-0.11731240306488978;-0.013958477068632662;0.07886450211326824;-0.1401466175670789;0.0015654384344670038;61.58373706554065;23.60281907316856;17.603326145032764;46.67106465628783;30.135230835836037;12.993813299517814;51.50818284622759;53.196749275811506;21.565925174220656;50.43442596360091;70.19266800451587;21.081504395584023;49.849387359481256;67.09005124340516;26.231045640886993;65.50271256463807;21.127356710802488;11.644122779851187;7.987715271886734;0.993167824227769;-0.3672170490860914;-0.14833776254645376;-0.14059938624763096;-0.3409869610422107;0.2796184845544184;-0.15259644949129594;-0.2732874816880585;0.42007377601086615;-0.08842504762330343;-0.22554947552812524;0.2698190397360374;-0.08032952932385787;-0.4707917189459332;0.2790018726780931;-0.7293999346841583;-0.49456588213392194;0.6706504475351058;-0.12522999967515586;-0.24197800795941043;0.24536466874454152;0.07140368345625304;-0.12587859289662093;0.10527973680804022;0.08062955192791377;-0.2596128942237789;0.6908437313710396;-0.6747859541944333;-0.5853521411989764;0.6695017035355103;-0.11348066957726122;-0.1373579193926525;-0.10730662009546985;0.15874216408389138;0.027492540532254046;-0.16056871895229033;0.12746842715306492;-0.12610598161191844;1.0504207969854522;-0.5893280617850742;-0.5539530801568486;0.6007336241764439;-0.04141073912697378;-0.09987108318062053;-0.2242247349472886;0.18056972988963566;0.058802082608777846;-0.21164909184442005;0.12056027437869679;-0.047438845153903696;1.3138009440190275;-0.5085577355218025;-0.43103745244897573;0.4488919240147749;-0.022748683949151628;-0.08894088740649236;-0.1662221540857723;0.09075403268466987;0.04686085512044213;-0.15970566765858338;0.0687366942877293;57.56068807822334;19.282776775925452;7.29370910139118;48.28597438221572;21.830776332766966;15.358537968248813;39.57182809551534;92.56349046177213;46.30500823750644;42.94850383752111;110.38646207783145;33.93039749395906;44.902238503652946;107.11426726513295;40.57624761565382;52.357334313223234;27.72794374356403;17.325198711551145;9.066325270102878
0.9950468540800188;0.26764488714017437;-0.15974892016674522;-0.30396821292391274;0.25737778822638696;0.24381948694804864;-0.17339182892078892;0.19994261663437124;0.38830757414618416;-0.08486064385380268;0.2161757762840367;0.2132504893722815;-0.07012726670231374;0.10958723258819601;0.46434453880143217;-0.688414976441741;0.4487355971329203;0.43240860443248286;-0.1579017599244471;0.27517130073271073;0.08672769034411137;-0.022595696935183658;0.1924972909282913;0.025488672930227742;0.00347601571122587;0.04905327458523028;0.8311674501035335;-0.5538541740755015;0.5126211589091757;0.3656007246643459;-0.13138520077532415;0.2865008918321884;-0.055287167367547026;0.03753378455551958;0.16031065936311747;-0.1032805130260376;0.02176706598703795;0.07148474663113048;1.0663773914233812;-0.41236826401347454;0.46151287429395454;0.3149138982605344;-0.13262977653410138;0.22834208347672397;-0.13798670757733675;0.030609212651975918;0.11412286962273939;-0.1512032158276597;0.02607620027881719;0.14328905104038772;1.2092252132349324;-0.28301786104131255;0.3278994057261906;0.20488847823955128;-0.1240471960709097;0.17847548718394388;-0.1139200205289742;-0.012338755604414423;0.084690183599464;-0.14219009078466208;0.002107995214421513;61.25151591529689;23.646342314153333;17.85854698697617;48.232838970475726;27.814499731367277;11.36422629694544;51.34184908423987;49.96384196875529;21.723355571736352;49.925647620138726;67.95966344929391;21.67573945548267;49.475237867021754;64.768775802402;26.967034229642824;63.201571514258625;22.716717133650377;12.540048804521486;8.485799434358304;0.9943692769942832;-0.3645100702203154;-0.15269678864741;-0.13439900029847063;-0.34141281326494627;0.27864455295402735;-0.145981095993346;-0.27325470622667763;0.4163240586465666;-0.08274985642392192;-0.24182991110275875;0.2317044224530865;-0.07484335951446512;-0.4749587994054357;0.3048973804735671;-0.7069771862301336;-0.47385834338000826;0.6864330528317809;-0.11446147594616514;-0.2342194674262124;0.22241049191310555;0.0764849287631211;-0.12027820987565711;0.0738453316404907;0.08178118644222922;-0.2639937011861258;0.7109114247461497;-0.6518529526660519;-0.5799390039978806;0.6408010667298117;-0.09682943279149876;-0.10931199893094229;-0.1599034675255118;0.16669396550186444;0.04580873706912775;-0.16933271266792593;0.12737365104332346;-0.13071821474014253;1.059447255560046;-0.5665966128344632;-0.5502874679052933;0.569171002722585;-0.026220372642140673;-0.06710930233064412;-0.2530581866684492;0.19069583162157827;0.08158278911483757;-0.2027927769845874;0.12045475032434103;-0.04606775456128352;1.316128917030622;-0.48668387645917094;-0.4269775056542311;0.4312172908648646;-0.01137897470598219;-0.0655518655446354;-0.18135966277104676;0.09645283787585646;0.06637103561603712;-0.14818883452961762;0.06715577402377663;58.40733640687679;19.155773319726254;13.092364824066523;47.42600023129612;24.197762807476273;20.08665627247954;39.4263524480903;104.3848623477656;38.58976320643278;43.89931730746129;115.90909707106258;31.65085267464313;45.92583242647715;113.08510698238202;40.049411158445366;54.06985465478732;27.42239764140213;16.788642776271633;8.94092343058611
0.9950978168001218;0.2648144217136899;-0.16289782788498114;-0.31486362759730374;0.25559276927694036;0.24014118067876658;-0.1791502579445354;0.20028142233666524;0.382480182528998;-0.08733718226652096;0.2161783050791009;0.21591514480713012;-0.07174767378575182;0.10050604781583716;0.45127249177176104;-0.7117186086337879;0.4512143236825554;0.42160970471340475;-0.1615619807450541;0.2763431718595226;0.0860773189253556;-0.021370914780691645;0.1922234492951092;0.022418038445603368;0.0055467572216242565;0.04408616757961972;0.819349483343468;-0.5715967406948134;0.510761838106926;0.35786776408078164;-0.137064589924534;0.2881500809633875;-0.049618919877213424;0.03870783903231875;0.16047741113775238;-0.10991907226511057;0.024100512501360444;0.06942814534081207;1.056733619274806;-0.42454008938273113;0.4579954761149071;0.30953490943979295;-0.13771651930001427;0.23291084496453685;-0.12926085658468212;0.030416819090160783;0.11730004489217165;-0.15221147455653347;0.027453683842683624;0.14310525919656686;1.202240107406844;-0.2899452310173218;0.3245184711889667;0.20447291195777367;-0.1266499864341349;0.18029464044527962;-0.11119756363571819;-0.012588686735602705;0.08632015051552884;-0.14450679166131034;0.0025602164725384005;60.81538475293113;23.827259722597354;17.084720855528108;49.67164436274889;27.427224841771686;12.150668193083545;51.89091061922188;48.77531800667475;24.44047761644586;50.049932939534145;65.85644409889521;23.213807798324297;49.14054283285762;64.1550747787925;27.800922157805353;61.8459900159665;23.040678025596605;13.03022634256534;8.85966338547481;0.9948503556345136;-0.3706295993189776;-0.15767580264701728;-0.12270666341132726;-0.3432658931433611;0.271696514046352;-0.13429585930216503;-0.26928358149148;0.4283172109498635;-0.07465379959457945;-0.24237650201484132;0.2240092628822797;-0.06519908876651982;-0.49266453900534346;0.33383226942309474;-0.6562477023132979;-0.46747965056716123;0.6846767779477747;-0.10327090706852056;-0.21850649594671692;0.1997169031647208;0.07829519005716994;-0.10066027666071328;0.04958069935334119;0.08158504457501467;-0.28164403968969753;0.745141228022912;-0.6045173158874563;-0.5735331942950948;0.6153890695736255;-0.08907308755900858;-0.08962419823047404;-0.1809131180453148;0.15970744068082046;0.06177087690662258;-0.17979417026607822;0.12186512018625363;-0.14663615358019336;1.0899734435384567;-0.5240031609995411;-0.5452180116784822;0.5391020258424335;-0.022494606489410953;-0.055251478451717594;-0.2542638917163355;0.18093500552222766;0.08715223049639147;-0.20090493114398078;0.11266159559222957;-0.05877520531126253;1.3421311656294503;-0.44770383014082593;-0.426492754261256;0.41108719628025775;-0.010644662864538103;-0.05567590588203646;-0.18560565515715272;0.09078170295457168;0.06964774844411933;-0.14646480613555232;0.06245702967889679;58.45722466733964;20.85956811057287;15.132923105121524;44.637878400477206;25.55049566135835;25.680707159177178;37.18534065831454;109.90934590052954;36.95368487735521;43.36684974405718;117.1730466961036;31.35434786576102;46.11533461599195;114.97133085213054;38.81489621727349;55.64731580100031;27.721026618886413;16.136106985469702;8.511128337577034
0.9951487795202248;0.26186770896890277;-0.16595801087585121;-0.325570616296011;0.25369221740622283;0.2363613715456582;-0.18480302884514788;0.20052357955740074;0.37649101450323463;-0.08976337594528551;0.2160777927507095;0.2184675119703506;-0.07332818040225164;0.09140893330457717;0.43803138771817224;-0.7346009850372645;0.4534692711881811;0.41064788239031097;-0.165132313328701;0.2773792099172189;0.08538821217164294;-0.02014025918723462;0.1918589566242443;0.019347530163243688;0.007607564627848089;0.039115536508793514;0.8071826160214874;-0.5890044135626975;0.508665630464458;0.3499914665071919;-0.14265865757565516;0.28965612926537876;-0.04394697988132939;0.03985931155558425;0.16056709107630782;-0.11648187080730263;0.0264142571431927;0.0673456947636912;1.0466201527783112;-0.4364667222733132;0.45427217755150073;0.3040273317854358;-0.1427197163886145;0.23735251409838334;-0.12050412006638948;0.03021060600328278;0.12041012816174233;-0.1531436383565814;0.028813233054211507;0.14285390937803946;1.1947065973450834;-0.29671002164489796;0.3209947719718691;0.20396135542267366;-0.12918325078634377;0.18202145920444884;-0.10843169411760144;-0.012831738068484746;0.08790323795430219;-0.14674646307583164;0.0030096253727556793;60.35374626733218;24.013524185507972;16.309802288424784;51.051142629252794;27.05628413870584;12.942669666070634;52.42552753628327;47.62993183692948;27.082980610895106;50.16692932398542;63.77763209006204;24.768103096548007;48.80097512506965;63.553139515865546;28.632971136069457;60.5022460752476;23.32957049604888;13.514011017562051;9.235276080998469;0.9953314342747436;-0.3754134666010394;-0.16211276490581455;-0.11042096960159478;-0.3438398932682092;0.263643362635992;-0.12197347085011433;-0.26424927894025924;0.43882103063586747;-0.0661859232925579;-0.24201155375109604;0.2153812879344008;-0.055201732673530235;-0.508700289267396;0.3618221827297768;-0.6024749250113681;-0.45926094469807704;0.6803091801279275;-0.0915660875140669;-0.20179319941077514;0.1760172074090019;0.07982899598656956;-0.08044512185665406;0.02486101875841883;0.08107788613766764;-0.2984226360183435;0.7769273087878271;-0.5543716146878082;-0.5648855872266468;0.5873674088308645;-0.08089407893395344;-0.06938018527029598;-0.20146937553484226;0.1520393349030926;0.07767504474170335;-0.18969024927610328;0.1158345523120176;-0.1621743600222772;1.116709675158762;-0.4789566962329637;-0.5380286746468699;0.5066608729635742;-0.01864263175475091;-0.0430538385131202;-0.254520317867322;0.1703816698876707;0.09245310572979731;-0.1982357215351873;0.10435607318468404;-0.07140016409013256;1.3633390222058044;-0.40659942931723486;-0.42438809369143;0.38917905785452656;-0.009861962904211964;-0.04548035988230834;-0.18919578558016595;0.08470441151196469;0.07269689999474384;-0.14416731221658813;0.05747007110535661;58.432146683927705;22.60730540383532;17.23857029569624;41.70533698900479;27.277481987761647;33.986524647175166;35.12948319367364;115.25082645164;35.073450559124026;43.0752952603709;118.46092343274557;30.996245160356455;46.48080514330937;116.83107001784899;37.545605759713666;57.24066785023618;27.873319192521347;15.458031079058134;8.101801271800324
0.9948030664302906;0.25772830532471735;-0.16767131388917358;-0.33476495145379537;0.25008538917838646;0.2318894918182464;-0.1892670170974316;0.19924988378142924;0.36933322501938426;-0.0914982646004192;0.21510884581627476;0.22033476379818331;-0.07423007894660587;0.08559531974603331;0.4316439907916754;-0.7517838144901352;0.4522559522940393;0.40251160562189137;-0.1674979960995454;0.27679278732703977;0.0860538242924238;-0.019217146339351798;0.19139638251030008;0.017731753013482662;0.009339991360196516;0.03593116886751485;0.7984974659635112;-0.6009249104119958;0.503550727207944;0.3446624042453154;-0.14596035750319325;0.28715176672639486;-0.04263396099921279;0.04178445013802453;0.15743784689620516;-0.12422459044221204;0.029232016123580666;0.0655490995326577;1.0370810107680162;-0.4432665885088289;0.4482860936017557;0.30034410418955343;-0.14526883849007455;0.23699897340880072;-0.11684656307227023;0.031486834543595084;0.11937116411961948;-0.15523983285200854;0.030992631384266528;0.14132310738473047;1.184930553380919;-0.29887912536946354;0.31593451256277705;0.20371464335882544;-0.13003604220317388;0.1809915308420692;-0.10673118663000636;-0.012080511360304734;0.08699200048669357;-0.1493674004247361;0.004200982446779574;59.89286465934067;24.21311588325369;15.609074103457097;51.8030372922068;26.69177549891336;13.657064316275893;52.60750429542729;47.71849685674776;29.51474022530515;50.06412028053575;63.40358860627161;26.035781151546974;48.39706742547755;63.763382290747025;29.615659357767022;59.433302186668904;23.392021974926315;13.863701717298254;9.529849675259296;0.9956150492879684;-0.3783025136038908;-0.16523165709188867;-0.10075478183486127;-0.343872962018395;0.2586060251762533;-0.11262708261762636;-0.2607945468913167;0.447117326409792;-0.060002341372382646;-0.24215728687482074;0.20824349454494803;-0.04810259687317123;-0.5198549884149114;0.38146924886646594;-0.5603285153811134;-0.4534858846540235;0.6769276727978779;-0.0830313935775291;-0.18968870688883607;0.15890198081772197;0.07970962205555987;-0.0665361492206227;0.00884302087199547;0.07960147838585739;-0.3100997929793691;0.7988757946309399;-0.5153984702605712;-0.5576910904478706;0.5675048355759107;-0.07502428407525116;-0.056851687176310985;-0.2130147345822612;0.14461888856143235;0.08705121975280973;-0.19532016642092254;0.10996588625224013;-0.17263807970219747;1.134492636867742;-0.4442728420954219;-0.5322086062366856;0.4841029159557297;-0.016048887719912468;-0.036639367569324406;-0.2525332296864796;0.16103632282801691;0.09425987419038655;-0.19622599194202467;0.0971383563162193;-0.07975022862427741;1.3768340535191588;-0.3752858180263628;-0.42227338091953387;0.3736309944662143;-0.009464322357271801;-0.03996911252246553;-0.19044500741955642;0.07955388623646809;0.07292183685390963;-0.14230944723449548;0.05329828098210971;58.51493855176146;23.789326178936875;18.983264148023036;39.417060778092164;28.583883953624476;41.186693189564444;33.68951805617221;118.34003588792655;34.00367081130032;42.944772046280484;119.01954643719827;30.864931781501255;46.80892822337205;117.65827677662455;36.6540086692693;58.42165119255899;27.929688484487958;14.962125385646655;7.808832913253782
0.991826836136826;0.24653840422666135;-0.16111550565493524;-0.33501224718964845;0.2361031173582136;0.22352781632851937;-0.1865267978917007;0.1887003498472879;0.3555530937427125;-0.08900055924942865;0.20906877020333448;0.21831865053576532;-0.07094099870549775;0.10113133965683893;0.4704184025278324;-0.7340595045869318;0.42980799557398613;0.41354279456449333;-0.1625085274294574;0.26642954581150047;0.09564476847366811;-0.020321251741931914;0.19076322740505033;0.025524654155878946;0.00897835344173913;0.04433573694111923;0.814155746013027;-0.5789514346332164;0.4802246199611217;0.35656576544036367;-0.13485249461453;0.25952864249753665;-0.06948176901130149;0.04878649131328517;0.13397356665330123;-0.1398474858217764;0.03535941186963263;0.0657529293416696;1.0337466427094761;-0.4181219216909548;0.4288228645904117;0.30913120483015927;-0.13236716243446509;0.20635120529710851;-0.14629675506279413;0.04237833309265066;0.09191546475226771;-0.16519787259535232;0.03851983145332167;0.1318992840643334;1.1635842778662053;-0.2721827297834882;0.30175185392639164;0.20566256425570265;-0.12038354491231262;0.16265446941802147;-0.11214720202222445;-0.004959900401287776;0.07023661963982455;-0.1547969328253027;0.010175995871254917;59.57043353491065;24.483508374279122;15.424352914799227;48.814318953644786;26.238129704172838;13.88459650521372;50.54121715323061;56.14218686822077;30.723113420599798;48.531873468278086;74.37116804385894;25.215182734651382;47.57270612263095;69.49868285367452;31.374229816936253;60.11751994147267;22.23072738963108;13.402805715369158;9.295507632261208;0.9945892033893688;-0.3766526248054706;-0.16298577915715515;-0.11138301102494041;-0.3478719690576043;0.27992068981526436;-0.12624789069781708;-0.27394980734418695;0.45012182648242677;-0.0708311586763542;-0.2511411703104226;0.21605092671166826;-0.06194366987308658;-0.5091108866420163;0.3524077007013286;-0.6107467881393068;-0.4745307539295936;0.6953691632887555;-0.09809967357985155;-0.21342163683075405;0.19049187287137048;0.07014831724776513;-0.09729839625858366;0.05252902146028497;0.07336078278512752;-0.29370929264685747;0.7711767104162236;-0.5648197347158601;-0.572952542299494;0.6161854282273015;-0.08666029336042463;-0.09829990268044375;-0.16781735510362453;0.14230940374750103;0.053796039896162426;-0.1761786830630457;0.10781099026243901;-0.1522000618311506;1.1162039157874708;-0.4907822988878204;-0.5476691884751712;0.5400123529914888;-0.022424331173197243;-0.07046264390819865;-0.2409924249091994;0.16373851369774547;0.07440160062833248;-0.20310749379491203;0.0996709601246824;-0.06062276284513985;1.3681814558925123;-0.41965455501323196;-0.4295307713020138;0.40998814340027717;-0.01190095952121112;-0.0672878403992825;-0.18000536192288188;0.08260960008571494;0.05559929548093643;-0.14664941547967916;0.05596363894982074;59.729847775910635;21.04999259456787;17.980017265014055;42.14305422566079;24.670149278753044;23.222789352901753;35.055031403673965;106.94698000390056;39.62244226275576;42.49752246082406;114.38341052350788;32.77637253844385;45.90404594224641;111.673747819621;38.44739500310404;56.83072973869229;28.230377259060013;15.744163263015185;8.143160930795384
0.9888506058433612;0.235664969839272;-0.15473266663714327;-0.3349986072691936;0.22256995593872617;0.21537330711984579;-0.18376998097202488;0.17848178881106513;0.3421239392235287;-0.08654815479418985;0.20314283570443897;0.21622984851218632;-0.0677460757248866;0.11589723828215;0.5071081506564362;-0.7165802153617673;0.4080432105331538;0.4237722742878105;-0.15762095041930244;0.2563309707606126;0.10473551644742025;-0.021360830159627177;0.19001609781698017;0.032950059165502046;0.008626189338328632;0.052331427576556684;0.8285066095401286;-0.5575286715821173;0.45758334611061513;0.36767091627032206;-0.1241407340507439;0.23294710386862055;-0.09507725826907784;0.05543904902171043;0.1114585588287386;-0.15466749782078937;0.041186448677254475;0.06589860135688276;1.029790322501195;-0.39378972573134147;0.40991008059268763;0.3172948183611979;-0.11994365242209623;0.17691993290001196;-0.17432096874379327;0.05275121162906071;0.06561888340827253;-0.17458742348226255;0.045681723353492285;0.12279846433624132;1.1423246058493253;-0.24647704293641007;0.2879783000705788;0.2073699853457506;-0.11107286564403311;0.14501602551357343;-0.11723739345883218;0.0018460134583237215;0.05417806414375265;-0.15986822541311013;0.015876247826860573;59.22096589967815;24.77318952329862;15.275053176706024;45.92401871887912;25.752880047294404;14.206388908345827;48.47227697733737;65.23454688245145;31.265215845436376;46.971376153331796;85.37942406127168;24.254958706798405;46.7066251482494;75.60043786285505;32.62696879055841;60.8411255113325;21.17032009790365;12.997403230258975;9.093575021779019;0.9935633574907692;-0.37358153418208834;-0.1600781229085869;-0.12193051039253308;-0.35072706690756117;0.30086766161770667;-0.13982527823965965;-0.2865098743669392;0.4515799074124644;-0.08173295930626155;-0.2594854551611855;0.22331053417989816;-0.07598208189218873;-0.49618572356612;0.321175891935773;-0.6604823233755975;-0.4944914172861543;0.7118431982715941;-0.11327119029058093;-0.23710275999333658;0.22235340279811455;0.060039658962405325;-0.1286461728067907;0.09735824677302897;0.06666247105787879;-0.275749201874964;0.7398248967762077;-0.6136949566155763;-0.5865949317101097;0.6641104118163625;-0.09833633265264387;-0.1406564086564306;-0.12062864747775963;0.1394114482060533;0.019329283712361072;-0.1558113255993809;0.10519790049068513;-0.13058383565553966;1.0932942008269038;-0.5369262261266171;-0.5616088080743379;0.5956642155477964;-0.028912902264099496;-0.10506261692428327;-0.22822202499623517;0.16592732686103642;0.0536659702272583;-0.2094599950275137;0.10191817630996172;-0.040690410240168035;1.354285144734305;-0.463851238885984;-0.43544658822041515;0.4459637033769232;-0.01436871159074547;-0.09519613622112214;-0.16859171540724335;0.08545799869000326;0.0375452818212387;-0.15058822717270734;0.05850673458256918;60.8099752454693;18.440337607907562;17.032649788253053;44.89909681116606;21.55830968496958;13.307060850475397;36.8472115456842;93.1366011043219;45.453205438060515;42.47967878295058;109.3533220084114;34.834179308221884;45.2715850252292;105.3649064006997;40.191659971471296;55.2294469617253;28.38539952104074;16.53194597139006;8.51213730662097
0.9868576922498687;0.22958137011368998;-0.14929187087951823;-0.3313591317290427;0.21513418984833163;0.21233988906117743;-0.17995136278995633;0.1720616264554052;0.3344568422913983;-0.08377257732915;0.19909629937180484;0.21251505383191938;-0.06472348646152452;0.12922557007565397;0.5332183236101815;-0.6999062626013696;0.3938775420979167;0.4319107106977394;-0.15320928331089423;0.24921702252634326;0.1113191847618947;-0.02155074518756051;0.18921105144832978;0.03891937123708139;0.008545694944492093;0.06027977194179844;0.839556807046948;-0.539917324074509;0.4435277413042564;0.3758987090684276;-0.11607371521967819;0.21477764411721026;-0.11333646254710995;0.06019193146092716;0.09588442763183821;-0.16366960591496624;0.04528641246643001;0.06789777875802658;1.0285045178954102;-0.37575977456917836;0.398694550854503;0.32268095211779907;-0.11089950575957014;0.15639543027646202;-0.1937369271223975;0.06002952379809842;0.04709414388440865;-0.18050006695721751;0.050726717916737406;0.11827627491686217;1.1293790286245502;-0.2288181583748488;0.28007287437803685;0.20817949307160688;-0.10412888337548852;0.13256876556272576;-0.12058724997648002;0.006819319997194173;0.0426350548490622;-0.16253382302689412;0.01995397772314655;59.25066968584203;24.74444539614286;15.52710502763885;43.71390087763422;25.33204426006415;14.294267779888921;46.91261779210299;72.06783567325806;30.895371273989362;45.90417677216669;92.90795309222058;23.574327532605615;46.18407192627537;80.02314234000892;33.21782590470068;61.57400636654779;20.43604935311246;12.651997643245423;8.892361253781795;0.9927133056505348;-0.3702567136422965;-0.15709587570847486;-0.12997541387964412;-0.35247719756100326;0.3170851922276394;-0.15082770100897103;-0.2964725897161257;0.45137377026292885;-0.09072444805202948;-0.2644761244821872;0.23306699881324483;-0.08745833461393143;-0.48527014842420163;0.2925092259101475;-0.7015974419956079;-0.5108242286579078;0.7246643622655526;-0.1254041197905075;-0.2557692422911192;0.24896271397524872;0.052994411115221074;-0.1533195459635699;0.13376812463019971;0.06247607922649444;-0.2611288563592455;0.7095112939533125;-0.6545268857191497;-0.5969891394035729;0.7042279291815549;-0.10761158298631797;-0.1754675967013704;-0.08071814040526415;0.13852555701214805;-0.008864157930225885;-0.13916749930973957;0.10462135384466728;-0.11307981559806203;1.0691333275572494;-0.5759573353640889;-0.5719865074404632;0.642421286043191;-0.03411338202226156;-0.13414268675033078;-0.21695094238568563;0.1687922762296499;0.03636321411439524;-0.21457247310144953;0.10503217949483731;-0.02460986435073885;1.3369084735002532;-0.5016770998901617;-0.4390401920317587;0.4781153526550985;-0.01628911484143631;-0.11948305726948603;-0.1578900602516332;0.08846913175809569;0.021719560784976256;-0.1541187348169959;0.061575907402120725;61.51452010056773;16.439275487372;15.619922974803519;47.27971415057034;19.583822151644647;9.145083001696893;38.64107393127839;81.40891903943219;48.82207708581776;42.73551463901691;105.05801684550552;36.51639080709597;44.78506870491111;100.00834209180177;41.5010363424881;53.840742178840806;28.375646633799658;17.206439495296106;8.86103799574668
0.9894397305716964;0.24470602818023285;-0.14741138088659717;-0.31136184071014367;0.23453786429818693;0.23263274345510046;-0.17099110533711773;0.18208688269364134;0.3523975778165209;-0.07916902573603066;0.2033316079201066;0.2012022906999199;-0.062024491056984314;0.1392448050432728;0.5182486656299069;-0.6853541930183462;0.41247280408751075;0.4335234702825683;-0.1504647418011785;0.2549118294871524;0.10820954285289022;-0.017968540270032668;0.1885200712144654;0.039646139031227066;0.009712041608358143;0.06990050058591113;0.8403794766437066;-0.5374720971863456;0.46690187948748035;0.37386984758061603;-0.11867142196625187;0.23169265955824356;-0.10239469179271868;0.05747872608265395;0.10889616020104749;-0.14854927019760433;0.04252349773267373;0.0789807645922435;1.0421226934082946;-0.3836894103052524;0.42133732089705744;0.3174985858790671;-0.11564555809789254;0.17253435004400922;-0.17863328832890396;0.05493472345204591;0.060167831726664914;-0.17235251330171056;0.04735007055220967;0.13401077354230978;1.154863417177461;-0.24472843149636037;0.2980492092519906;0.20567447410680817;-0.10678842488731725;0.14150655708390028;-0.1170716801420205;0.004524344196229299;0.049327659529521686;-0.15527372283870294;0.017567097832507924;60.94275881635927;23.265502772689423;17.620633888630362;44.171433456840674;25.336808812416248;12.92895563654828;47.673676702217264;66.53388202156096;29.143315539799623;47.203286046410135;85.98179035834167;24.152946477289856;47.402588771445885;75.28840085385089;33.03349499301872;62.28337210983443;20.81859062109876;12.3578435864651;8.558393646885603;0.9926811483543893;-0.37205262595322286;-0.15662943454964517;-0.12725868368546167;-0.3544174740986374;0.31399018092195013;-0.15070866302661506;-0.29766430155119866;0.45051652040603607;-0.09102778749566774;-0.2571779177533942;0.25726804569073874;-0.08680247918451275;-0.49297179029738614;0.2841120895654577;-0.7081247932531246;-0.516169912275161;0.7302216819187264;-0.12367130828397284;-0.2524955618480777;0.25145369291194375;0.06218926230026037;-0.14581309883553867;0.1280038997457417;0.07172270046889126;-0.2682934425368168;0.699088256828965;-0.6627927563391008;-0.600283982195787;0.7137809691479717;-0.10610499351411466;-0.1731153922466615;-0.08141034171947692;0.14952534519428598;-0.004052346303681515;-0.14441755326138872;0.11546692027381632;-0.11900041561746183;1.059018378188645;-0.5857980874724423;-0.5733753071792512;0.6516707501200119;-0.03312404715355247;-0.13570011892753123;-0.21761493207602922;0.1772357242200556;0.03800385428665983;-0.2166255927884587;0.11357948169900577;-0.029130439393080375;1.3264725207706296;-0.5127909043774435;-0.438208568976396;0.4959516994284808;-0.01564227426486113;-0.12560139804175277;-0.15436840879279196;0.09331475206802722;0.0187037098326767;-0.15776068673163643;0.0677683361496816;61.032646663178475;16.66337249881292;11.940382443282152;47.92696303986684;20.30681356468939;10.95261697317627;38.91281566116301;82.45044412810957;48.55429066306597;42.58345788333763;104.95423624604155;36.39498088734946;43.8871907643039;99.08644905048608;41.738634144380335;53.44004652310925;28.24684014121741;17.382901426523652;8.974492421848996
0.9920217887237818;0.26039439248381235;-0.1454421150265321;-0.29055251543154625;0.254673070879649;0.25369198237467716;-0.16166368878226267;0.19248369725736122;0.37100044753726447;-0.07437774953727154;0.20771060244281286;0.18942751420974618;-0.05921379511862009;0.1496398659342888;0.5026411633853063;-0.6701629919505335;0.4317493945143731;0.43515352187324735;-0.14759743064094227;0.26080177992018627;0.10496734356224226;-0.014244845124056877;0.1877823513453409;0.0403970632627358;0.010922821274449376;0.07988881234231035;0.8411458913955592;-0.5348750948127098;0.4911378635218822;0.3717226296406194;-0.12135789268832957;0.24924252072984274;-0.09101574924622854;0.05465374410657252;0.12240352848764216;-0.13282406968637628;0.03964844081785032;0.09048736484805782;1.0561620659850879;-0.39188774973911983;0.4448182230373127;0.312080892144492;-0.12056441546375775;0.18928408727476115;-0.16292227392206776;0.0496356008411999;0.07374469057776424;-0.1638693293123742;0.04383685604171303;0.15034437737885453;1.1812195925057687;-0.26123302466444004;0.3166947771048619;0.2030502179490729;-0.1095403889123317;0.15077779196517166;-0.11340680221203892;0.002139455550336788;0.05627589754353035;-0.14771437202165608;0.015085352850924558;62.26043099674899;21.98014826435068;19.92081952037437;44.56851433647676;25.361789718717578;11.55427455003544;48.39833634005086;61.19513306576362;26.679269808776514;48.46388545533417;78.8658879353603;24.573108736557387;48.568716237628216;70.65521789316084;32.49610542731596;63.0521769917428;21.233817249899285;12.055618353462258;8.231373720735593;0.992648990811273;-0.37376172139844627;-0.15612782119532187;-0.12451600914409035;-0.3562747904378623;0.31082709323509256;-0.1505554110563834;-0.2987868307384803;0.4495575585819014;-0.09131003920617975;-0.24982931577683914;0.28138320678488316;-0.08612757912185337;-0.5005524064064037;0.27565965686106575;-0.7144834055163886;-0.5213919359874001;0.7356063187848857;-0.12191226207969962;-0.24916802146259498;0.25388455801640997;0.07135958598412617;-0.1382818721213637;0.12221699232835283;0.08094256314684575;-0.27538881417855643;0.6885176273533383;-0.6708982619213275;-0.6034383040002824;0.7231605739185842;-0.10457591814613675;-0.17072638175895716;-0.08208320933279978;0.16047866863269533;0.000754970513453224;-0.14962878112253983;0.12627395788210152;-0.12488722729567774;1.0486734578218238;-0.595494249000068;-0.5746318650055595;0.6607612763935057;-0.03212827702751404;-0.13722486991308944;-0.2182285774269808;0.18562927057850923;0.039633985538994096;-0.21862702937522405;0.12209127322808846;-0.03363928488223938;1.3157460030018089;-0.5237753238297375;-0.4372780102033803;0.5136549290181018;-0.01499259703563362;-0.13168422337443772;-0.15081554079391504;0.09813364854956824;0.01568699213922187;-0.16136258233701525;0.07393834677116964;60.55106738023905;16.889139222223427;8.499775461718405;48.5652086350067;21.100396693553137;12.930860833408778;39.21197289832799;83.43931221687926;48.172157620391424;42.4564831432437;104.84281738778472;36.2652987206626;43.05616213342933;98.16056579488472;41.99917435105667;53.05737631464794;28.10825976397677;17.55532515977574;9.087698584111635
0.9944287453768372;0.2753059912591968;-0.1437166336237555;-0.2715631330061182;0.2736561883596182;0.2731547513724375;-0.15338026132285204;0.20243886845753178;0.38804302863445467;-0.07007816072005296;0.21207578297964214;0.17781980073384462;-0.056748063703236866;0.15913848469687583;0.4860104035053986;-0.6585649345624018;0.45035539778044603;0.4351487639468181;-0.1447949561758142;0.2665099021964487;0.10234099742688854;-0.010021859222531782;0.18715633394650386;0.041880910429055875;0.012503170202673974;0.08920197771657544;0.8402108123055025;-0.5348726933171848;0.5141706240291213;0.3687285102350919;-0.12429739443322492;0.26612082899167605;-0.07869874511729474;0.052356535039331666;0.13547902416847074;-0.11710907881811547;0.03724690853017006;0.10132633688377161;1.0681977826402556;-0.4016338975477385;0.4671567067917823;0.30599678943669534;-0.12544915436933543;0.20569724329335334;-0.14688410210236713;0.04497735711449167;0.08707626615344512;-0.15565844057679334;0.04079172300935419;0.1659103517938665;1.2053021731765456;-0.2784039103291068;0.3343260859578328;0.19967463615488998;-0.11241955512246381;0.1601033959427175;-0.10948043332340973;-0.00016585752092826566;0.06339461597888307;-0.14028301545166508;0.012726972892149817;63.06450219264618;20.988579949441082;22.238709927525267;45.068567385818966;25.293005145830545;10.165104120546578;49.10311117216537;56.19871221186028;23.917072535009023;49.64905674883662;71.96045681253455;24.887911639891254;49.66507302711551;66.23133108217257;31.643268403768985;63.62639087405234;21.68603300558598;11.827679582106102;7.975880863082109;0.9927172862100696;-0.37528321840064444;-0.15643246365559244;-0.12198326958313216;-0.3570462233272261;0.3059544759377015;-0.1490693808264787;-0.2980060415255424;0.4487931316566024;-0.09031340389346054;-0.24225362013344381;0.3021037949325079;-0.08401466776565072;-0.5082852359536566;0.2741124454375544;-0.7140563395104272;-0.5240213839622763;0.7368848570624814;-0.11810308772327704;-0.24390651102236352;0.25228683214460246;0.08036674831925185;-0.12855978664224102;0.1127668167504844;0.08946715523470022;-0.2834604061426359;0.6846789754647192;-0.6714647412232712;-0.6041746969703305;0.7245896356264734;-0.10080820918896757;-0.1655317470288699;-0.08651634136345641;0.16979312435474556;0.007147927111999929;-0.15498699848405093;0.13518435697698752;-0.13233466755246398;1.042859735634277;-0.5971872747423764;-0.5735605069540148;0.6616361711121995;-0.03000356578604879;-0.13595606006307928;-0.21980611670384573;0.19180189892145236;0.04245417562387309;-0.21954723602721396;0.12840661622630048;-0.03978846168320523;1.3074305357374885;-0.5263172328359744;-0.4347770652581919;0.5252875275137788;-0.014236574761197558;-0.1350329676683576;-0.1487014283994431;0.10148563927785054;0.01418509657138634;-0.1641914659025099;0.07861819712637688;60.118794852237656;17.35563674704162;5.736169894758315;48.703219395075486;22.068496707301506;15.362278222434524;39.21972469046777;85.16056315977241;47.370634209528966;42.272294994002266;105.0470723336889;36.032018294609344;42.27161381793527;97.80603331245524;42.1221963549271;52.931893660471;27.95133508583244;17.582694767758493;9.131438765714478
0.9948629733683604;0.2748970104488922;-0.14564478918281284;-0.2820747939730476;0.27119506164100377;0.2657882569225424;-0.16089763606140423;0.20307168368108325;0.37977468421586796;-0.0733903051639121;0.2145103834938417;0.17323340843816748;-0.059389837052276115;0.1541891804937738;0.46483998904089824;-0.6941500208135076;0.4533783309790008;0.4163105845756287;-0.14402384070400706;0.26777964776059404;0.10807070377317736;-0.0017991524517552053;0.18819402246910624;0.05128956571081705;0.01771780787601228;0.086691055170415;0.8202661693487999;-0.5653742763650341;0.5135433087059849;0.35733415243223293;-0.12898483300242503;0.26805533820742655;-0.06077951741886154;0.05722267851275071;0.13797243309878304;-0.10832153038491191;0.04141382788587637;0.09977946664763868;1.0522444361420003;-0.4254312398018113;0.4668185756802019;0.2949119670666449;-0.12790045054842322;0.21124006738354223;-0.13399537559372612;0.04981107792658389;0.09186617574976112;-0.1542251373197596;0.044529823591407725;0.1659267504439102;1.1931434022087446;-0.2961024557746626;0.3327302191236758;0.18909245057269752;-0.11560028156221154;0.16613646860582904;-0.10424765847677431;-0.0005536649526086729;0.0694738158614954;-0.13760509935459792;0.0128256174935272;62.029920281011;21.334532806754847;22.656615893676396;47.414691488077345;24.083109715524415;8.717203797040435;50.006121537163246;52.74841016245709;24.793008673852295;50.437663135540944;68.61131998653802;26.306898389177658;50.5592863980036;62.9739594061647;31.455811162784677;61.45215943158349;22.09936260133998;12.515064117383966;8.456118427495952;0.993917430030404;-0.37320151928555756;-0.16490022668329626;-0.1212837355495146;-0.3444889548530754;0.28123484747690936;-0.1324405969112464;-0.2752326465182891;0.4483335805148923;-0.07499503200791781;-0.23132279750356452;0.28420451716413114;-0.0658845082714669;-0.5154903442176177;0.34688965321951326;-0.636607858048997;-0.4961565853255191;0.6902899329581792;-0.09147741549752535;-0.2166056532229347;0.20568282498252854;0.08712864715834352;-0.09453024350879628;0.06298769807086799;0.08990482870115327;-0.30091651711062295;0.751631609285403;-0.5869405196892165;-0.5760257131068132;0.6362036235769678;-0.07223507202044141;-0.12909625511643608;-0.13159996594502543;0.1603749334366791;0.03073428397814523;-0.1612377582713395;0.12269399451675739;-0.15617566337385197;1.0823681707240316;-0.509006714596487;-0.544738974102123;0.5700658693137962;-0.01545788515791109;-0.10363988739563973;-0.23099080527183863;0.17284202024088655;0.05805675757877393;-0.20774840986498233;0.11011325790912557;-0.06359885488170502;1.3202386594421966;-0.43446309317072185;-0.41338756762775214;0.46829774912214667;-0.012272296879531174;-0.10791842521827541;-0.16172654852303053;0.08835144058337172;0.02919295422132632;-0.15786493598760953;0.06663124275294213;60.16835779165154;20.58212142405898;7.78296744683057;43.309026931684706;24.810910087376936;23.729165091581255;36.321825523375026;95.71227467777206;42.4827057740954;41.72729991245205;108.79624912732326;34.74715645902614;41.61530923279579;103.9687910042633;40.403677627914234;55.88085203577423;27.43761829734858;16.036413125094306;8.45082422928949
0.9952972013598838;0.2741285960829181;-0.14736594228415859;-0.2921331919401387;0.2683952370947412;0.2581280902115899;-0.168144712965316;0.20343175607640424;0.37106928465677796;-0.076580060505425;0.2166432346043533;0.1684539487349162;-0.06193286671854379;0.14907473197192048;0.4432199854946486;-0.7285446192257143;0.455779899809728;0.3970688105800767;-0.14306871266966548;0.2686863795235437;0.11361360145386681;0.006362407097686825;0.18897546436052565;0.06055788758314554;0.02286879249345889;0.0840851827848041;0.799393656229362;-0.5948944985594491;0.5122434687174989;0.345556487280512;-0.13346592839085125;0.2696213346898964;-0.04291854655898759;0.06197575357813453;0.1402645929376472;-0.09945898809129375;0.04549393242378291;0.09811293548322825;1.0350264042388866;-0.44848359818121086;0.465867316522035;0.2835237819085181;-0.13016410803981884;0.21646144466561756;-0.12102947263048063;0.05454175679823766;0.09649791059582184;-0.15259948124405529;0.04818031193534081;0.16572416275419727;1.1795047851084415;-0.3132737169308153;0.33070780462087773;0.1783425967323332;-0.11860395856440038;0.17190379956108245;-0.09891780267202951;-0.0009377462840645752;0.075414417069116;-0.13476636711878398;0.012906582900898692;60.961309490169576;21.69781598239;23.05418859933147;49.65136075907894;23.14634997199657;7.399845962929916;50.89730291594968;49.46973841998306;25.601699362786224;51.22959788922903;65.3283316154954;27.771759049974808;51.464091471967954;59.7902937369498;31.22791448450516;59.3502654747408;22.42332545379643;13.180886469614848;8.937276418494008;0.9951175738507384;-0.367216695825022;-0.17104534985295597;-0.11931722323657436;-0.3290063981903735;0.2550487499584404;-0.1154389548573545;-0.25093370496788187;0.4430551010626123;-0.059841529210897644;-0.21858683417328836;0.2643721682308566;-0.04819686170659327;-0.5166620271722545;0.411279402300094;-0.5572090409380429;-0.4647015523427416;0.6391986467409577;-0.06555870315352745;-0.18870165211431406;0.1598234940549007;0.09251758653005093;-0.061646309085441865;0.01569860633645447;0.08934240460966779;-0.31400653066719725;0.80619102591498;-0.5014538148548702;-0.5434409075333371;0.5465684196338444;-0.04470104092608949;-0.09358585119872398;-0.17238845051233845;0.1498224582860813;0.052485722974975856;-0.16534671711036658;0.10967253501477643;-0.17680901765314522;1.107655184373876;-0.4209393602673478;-0.5118627936224621;0.47816443248490864;-0.0016716742172519364;-0.07226166347948548;-0.23896508057915458;0.1532208909912192;0.07203756525744462;-0.19445466839368283;0.09179452680265177;-0.0852046660976999;1.3179540063981612;-0.3437622858909616;-0.38889037857800046;0.409874396120849;-0.010300442236634023;-0.0813641956832173;-0.17217302320707303;0.07509853485947687;0.04292905265844108;-0.15023431110091562;0.054687375024599395;60.09117520009475;23.91286307618658;10.059072848049304;38.055609132792135;28.622854543530966;39.30326553518484;34.83525937036983;105.2304199448347;37.80770137541548;42.28470574340996;112.20219003747546;33.60336825001462;41.58090033249766;110.07217169157101;38.60798466227867;59.37809240147637;26.506418880762016;14.5606002847158;7.870257801459387
0.9956731714175288;0.27229424609372277;-0.1495565073733358;-0.3021499270382487;0.2658199261015662;0.2497175773611965;-0.17506233210969482;0.20449363017816904;0.3628633183925609;-0.07980658808461331;0.21871262956189294;0.16565877722216266;-0.06448265414700742;0.14241643102266835;0.42331635363950404;-0.7587378585038896;0.4578942120713864;0.3792853570725956;-0.1423427666896962;0.269490809932184;0.11805413550799318;0.013160585830737304;0.18971926776037137;0.06802071846775301;0.02704854458408859;0.08035126539330587;0.7802002096928234;-0.6203477306680253;0.5107043714040845;0.33410859974778306;-0.13743294001000453;0.2709496840710417;-0.027575275368568266;0.06551422784248397;0.14249651777654923;-0.09223794331085709;0.04847237438345599;0.09568813792850901;1.0187120080359027;-0.46793840657065444;0.464554423904868;0.2727513695875439;-0.13212140306686748;0.2210269391472015;-0.1103478716004863;0.05821680309915664;0.10079200290376494;-0.15194112338568122;0.05088340226144344;0.16484613687567226;1.1658918800505111;-0.32736277045274975;0.32859839894904375;0.16818153412370004;-0.12151559656816875;0.17694311817413252;-0.09468910577806709;-0.001729002792152226;0.08074083642307567;-0.1327065714239366;0.012592944402894591;59.89845219378008;22.119413626077495;23.053563634643318;51.678855290752175;22.54117469069111;6.41565972114859;51.78752240523229;46.708887737625055;26.305173848542562;52.00990796076076;62.55287883055646;29.037856543170278;52.36376231544365;57.04404014802518;30.927481541359253;57.55061695686517;22.672470658151635;13.772395873588154;9.382610854272242;0.9962644060421644;-0.35871983955607645;-0.17354023688047748;-0.11611185800730435;-0.31331421267714293;0.23160338320856863;-0.0999262545553752;-0.22836062224171264;0.4360163977641529;-0.04672052450153253;-0.20534344524034695;0.24739164450299084;-0.03331271582620574;-0.513136786773202;0.4651234536680703;-0.4834977530770774;-0.43372950027814866;0.5904283053089642;-0.04393463153695633;-0.16364609838693878;0.11973385050069889;0.09480680372442286;-0.034272350194237126;-0.024152565371051878;0.08724654694487456;-0.3218477230316729;0.8467462581314644;-0.4235974710969024;-0.5098608927020772;0.46966966620455913;-0.02175430477610026;-0.06596660017256382;-0.2001465630629914;0.1382065682266981;0.06702572462495004;-0.16589322753474078;0.09704922973659635;-0.19128194808766522;1.1197156740500258;-0.34223925264391486;-0.4779151038846295;0.40213297987253277;0.009221134199422063;-0.04936598923978132;-0.23889894286537555;0.13393461824621122;0.07935712964135266;-0.18109906820892063;0.07502115540706472;-0.10045373549935142;1.3038950811945291;-0.26406839910476304;-0.3626099051792107;0.3620528515120537;-0.008986108595948044;-0.06134596564793373;-0.1752394032165583;0.0627161330589156;0.05066340711045298;-0.1416854203634087;0.04410812978387687;59.870736609544714;26.99532628486061;12.001770861272682;33.24919266142174;33.17436749774301;59.526995598508115;34.583720311797656;111.25926781709606;34.658976038071835;43.390248797561284;114.1929631115776;32.93483992359638;41.65363542429907;114.57223339108135;37.16758400138563;62.93864136501575;25.272012025435235;13.27946185469789;7.410878406070993
0.9954403583611724;0.26269888894431215;-0.15875537429178668;-0.31655660332080515;0.268750383942211;0.23591881479634463;-0.18145325138591023;0.21557967115717902;0.3637380597018593;-0.08474415722556229;0.2231255552626529;0.1853627761375342;-0.06817085283567753;0.12090511733535754;0.42482349706031625;-0.7578264294685318;0.46310035122569315;0.3798633628057625;-0.14575965973825872;0.27276776223344834;0.11296503203915728;0.006589768280678176;0.19257795257413707;0.058284008943790405;0.021869130158610178;0.06556677468333437;0.7866793440829982;-0.6138701879475567;0.5130904035788346;0.3293026186985076;-0.13819223797649197;0.2734111296281532;-0.03732352586733503;0.057596260629114354;0.1461420553122112;-0.1025917402056613;0.04089727215957829;0.08637839608243901;1.023340217043875;-0.4578222971020649;0.46532271348576665;0.2708706874928983;-0.13277368331543377;0.22203993379611792;-0.12383249441676453;0.05200770672373801;0.10327351366129411;-0.16323106842009683;0.04464221545393823;0.15897824549244038;1.1662362115797371;-0.3149296448606699;0.3296053829886384;0.16534635857787958;-0.12530468847488024;0.17715836373290111;-0.10272938031641006;-0.006851277835668802;0.08121859700489278;-0.14025730274159467;0.008307905310966325;59.18175374409304;23.04665914956609;19.26620104567236;52.67874282997132;22.42944739446357;7.490551735775653;52.84937972725148;47.06625121157981;26.67517084109584;52.66343788791245;64.09388742571413;27.900639824566127;53.133566464932755;58.020048370575275;30.199842752737382;58.1292857495357;23.014624867827568;13.842890782916559;9.460757147287131;0.9968541429626292;-0.3532942079412704;-0.1588866911497223;-0.10955025138275308;-0.3135320308163814;0.23937173611558224;-0.09712860505703833;-0.22766336103944051;0.4472173521931851;-0.04824959791727324;-0.19700732668931115;0.26850353325667226;-0.03798015260815935;-0.50938278678366;0.49776017737119904;-0.4578241666095817;-0.42584756505975;0.5843983154622506;-0.052413052966295524;-0.16354306742799288;0.11812850857052587;0.0778608865153226;-0.043757149312362895;-0.02263024836939558;0.077120807575858;-0.314503872827919;0.8590165305560438;-0.40395286136837527;-0.4905054605793732;0.5043020026334312;-0.02877016335067047;-0.10053186021951564;-0.1412726010086797;0.12120731402001801;0.02907764896349739;-0.14810622924384542;0.08848410404237965;-0.1745192884798551;1.1164128083705764;-0.3302544179996551;-0.4543077487709359;0.46181456980464436;0.0008764242888321144;-0.09596091917066557;-0.1842256558391455;0.11694613644741894;0.03563688405896984;-0.1745955433448667;0.06837414845073306;-0.07485493746230396;1.2873202464834825;-0.2588591157727162;-0.33460899239630293;0.41541896161484765;-0.013840717249254331;-0.09538317546795677;-0.12629222436475507;0.055911352890764515;0.011285760678044163;-0.1315286187005621;0.04332508292881386;59.34841189841886;26.606955291529456;9.293656093535928;29.959356324495296;30.848753373871432;57.996926266128106;31.693317352786806;99.82589124070748;39.09776958514981;38.7739585292078;105.5428817625558;36.14308379209605;36.60138788139759;103.77218771214336;39.64721106328773;63.69772905447941;24.122672582174918;12.947900131654709;7.31480779170231
0.995207545304816;0.25293856753104366;-0.1679865303850124;-0.33099302846323087;0.27162425180709887;0.22192630605302938;-0.18784479199157844;0.2266971907315236;0.364509004377527;-0.08969920165043262;0.22750892205880857;0.2051833552935531;-0.07187061226231709;0.09916744023617541;0.42621368492752043;-0.756674687605782;0.468210353812688;0.3803300177889239;-0.14916194314767509;0.275989942343324;0.10779651711814811;-4.089346001174701e-05;0.19540276448765867;0.04844374932957027;0.01663743262379098;0.05063208024074142;0.7929743596956985;-0.6071474757550195;0.515340158625941;0.3243534050254669;-0.13891585863063657;0.2758104291937078;-0.04714612200036576;0.0495909593663022;0.14977487810407333;-0.11300520535790633;0.03324297179742725;0.07696024992323498;1.0276954765555364;-0.44747683062710375;0.46595513149066564;0.26889042668112684;-0.13339100539613166;0.22299378236113845;-0.1373978264657245;0.04572802766806647;0.1057452062926242;-0.17457033254985246;0.038332421266095956;0.1530099850350088;1.166226093717818;-0.3022905721908847;0.3305201966419844;0.16243555037203672;-0.12908871609588407;0.17732120017066874;-0.11080892154762312;-0.012016529653950723;0.08167566649634443;-0.14783148947726904;0.00398261060162857;58.41808304416349;24.064342052859665;15.753341956657371;53.72011747199609;22.396498502115612;8.785761725212518;53.93982088809595;47.47829345791413;26.90710472984742;53.33138753161571;65.60824523931895;26.72213718067436;53.93112266131121;58.947646550859375;29.4340176068464;58.70579980745389;23.366570999412577;13.923422162624593;9.545952137196183;0.9974438798830944;-0.347833122701014;-0.144585884763806;-0.1031249382829094;-0.31356646189151494;0.24677059836733817;-0.0943606329003269;-0.22685876033524394;0.45782798574722855;-0.04970530409035036;-0.1888117480462331;0.28882670648209796;-0.042485276830714305;-0.5054548483353383;0.5291310036072884;-0.4326673959305442;-0.41796340833108636;0.5782207877009513;-0.06060598181626208;-0.1633509188720316;0.11650500963851815;0.061382600961186744;-0.05293095806948133;-0.021141122989721678;0.06725723901497437;-0.3072043488089418;0.8704319747871538;-0.38467345286750615;-0.47145769029582724;0.5376045115987901;-0.03555801226031274;-0.1339970179628766;-0.08409617697853077;0.1046528569398843;-0.007741299995635717;-0.13077263816547746;0.08012763131725273;-0.15816421948504225;1.1125800601787585;-0.31844512294018823;-0.43115681991180416;0.5194341398324431;-0.007216881175206004;-0.14109518928748538;-0.1310988798468157;0.10040452962210383;-0.006783691433632673;-0.1681898773582388;0.06188923363708685;-0.049986667577542596;1.2705197845295655;-0.25366110329762387;-0.30726463496744966;0.4669398590177699;-0.018540976341125004;-0.12833912656918517;-0.07875137534569564;0.04928045572115181;-0.02690957164535168;-0.12160424301132901;0.0425412410657733;58.73075896430385;26.23898437391194;6.9294520579356975;26.77448412932395;28.589715298652255;56.11995958453857;28.95142963110783;83.97994593103458;45.48898923140092;34.68450386508696;93.12270385940927;41.397308653862716;32.241980663537;88.86949722357346;43.49498704513117;64.30930305024268;23.040070626267923;12.683701736006876;7.265784012254311
0.9949332670254656;0.2442189057259298;-0.16825737667816507;-0.34134282590918436;0.2723035855498679;0.20739712903951144;-0.19379208856494815;0.23691614943333303;0.3543581270089185;-0.09527409217526829;0.23119224116447826;0.21655285258874632;-0.07713866115252535;0.08451137426884649;0.43794025915688717;-0.7517704626002966;0.4625631905539779;0.3912616561271755;-0.1542874975881263;0.27398569616775487;0.11433178614861535;-0.010130194717457445;0.19577022191275506;0.05108418235739922;0.009546246661850544;0.038203885791460876;0.8011582562105408;-0.5972318742466098;0.5103486606382204;0.3291135385992789;-0.14014870741339322;0.2773921187129795;-0.0444326849280161;0.041121520111442725;0.15509281716434156;-0.1154648938205104;0.02626036350697596;0.06622391936115342;1.0284266433584641;-0.43434849753786614;0.46053900812015847;0.2754548425459912;-0.133856001288453;0.22417598634695157;-0.1385750848349086;0.03886337507101927;0.11062917310951417;-0.17834743546954512;0.03272809322467158;0.1424901306373729;1.1598896110034445;-0.28685435827062833;0.3265742633322656;0.166665577378821;-0.1303418888359538;0.17709946685581895;-0.10850266313195865;-0.015947226893139495;0.08354699596290403;-0.14771661305844416;0.0008368208155828942;56.659635018896864;24.391550680938852;12.808059398011384;53.32160998229961;21.29717864485047;9.276253973604591;53.93788678191547;46.77739225246686;27.297646409580313;53.0365940022888;66.0251788438106;26.165713585307934;53.69446161839777;58.93091439571646;29.360732262840575;59.00192691587054;23.261288312786007;13.84251691281311;9.593139821416527;0.9979292187519304;-0.34616555868327065;-0.12368595652790132;-0.10024435625139533;-0.313440918007771;0.2614670126701252;-0.09214792241146696;-0.22242122864531172;0.4710817578054193;-0.05005864222471055;-0.17403615293944377;0.31597036751612667;-0.04521982597507755;-0.49647484665664626;0.5586003274155746;-0.41766455351935006;-0.40386312602412267;0.5872473861863304;-0.06888012977978301;-0.16371052660336854;0.12716873436519335;0.0473688126259667;-0.06318779336883586;-0.008981011248700432;0.059007752222658215;-0.29400267244614614;0.879867098134769;-0.37335816344955536;-0.4472745518464844;0.5823183413384043;-0.044743300735032396;-0.16386076052062046;-0.026320445129815958;0.08944289309135599;-0.04104225776131133;-0.1142292180155417;0.07303569254417931;-0.13746643410201634;1.1086097939362494;-0.3119076028572602;-0.40396050282672474;0.5786671355325418;-0.01609952959495051;-0.17827415126016247;-0.07937251622476024;0.08588835570162931;-0.04419723532159326;-0.1601298785006058;0.05698603548192778;-0.023640368558947192;1.2552130928034833;-0.251356411322999;-0.28102350203623433;0.5156471075614305;-0.02268602913722189;-0.15564840602844246;-0.034541641540312064;0.04352439492172623;-0.05989371442119063;-0.1134390881781526;0.041998632128275;57.613529205330735;25.59820225582194;3.9171992419824377;24.61573898539527;25.40737194973886;49.52563612409297;26.108473147147254;67.10211472741389;52.482861789269776;30.96138914050521;80.55321851768261;47.11105015817109;28.765993317475257;75.11979982351629;47.50830385371466;63.67891946345152;22.070654221136518;12.508350224625184;7.22615414109426
0.9944776744233944;0.2406614698245215;-0.1301988967341395;-0.3337990577895331;0.2637294386313201;0.19158179179060011;-0.19762335674518464;0.2428482498512667;0.29821987189724286;-0.10324707596276736;0.2318242679346235;0.19115383237296868;-0.08887822274894232;0.10116643500631703;0.4936336104459605;-0.7316148672459968;0.4114472651554446;0.4467245099652825;-0.16661475953515925;0.24988260784132948;0.17076929075673114;-0.03446429957894493;0.18571884794042448;0.10714428804233227;-0.005093388490638831;0.0372943228442944;0.8175497147754037;-0.5746491080252725;0.47496702485294645;0.3754841626490885;-0.14359614380153873;0.27557711693346526;0.011863036198319235;0.0311944693658414;0.16743795624462807;-0.08374405929798463;0.022593272279259884;0.05051951462037815;1.0143265039187823;-0.4103825904176519;0.42983764724613094;0.318486872331842;-0.13373866297943954;0.2264328915942486;-0.08664309208583607;0.02992576841636256;0.12565263717477312;-0.1495920653404502;0.030507063987376265;0.1131751300339909;1.1276465772908062;-0.2605476406364132;0.3022522779844859;0.20139953938227598;-0.12076006474663947;0.175371822587635;-0.06186111656106657;-0.014360291900087946;0.0914355854475381;-0.1147334812227625;0.002938270246213278;50.57313177311013;21.13687101088642;11.004075943274527;46.650209206327155;15.52137022956217;6.733803247008363;49.125348232151936;40.74539026996219;28.839370367011803;48.57448202368432;60.792870011467386;28.803717916625036;48.868663933421544;53.681989587108944;32.4714114989707;57.80528998974259;21.283106928803253;13.073826693324756;9.46202399156254;0.9979580579167332;-0.36075517945759517;-0.07226804581292755;-0.11219231012102618;-0.3129024112836458;0.3092481932137053;-0.09211296459394396;-0.20218170195527263;0.4976228599946607;-0.04580794509339015;-0.12961387961027376;0.37573053428134584;-0.040791213306193994;-0.4653477727122956;0.5840630252622946;-0.4444354695945062;-0.36195483236672416;0.6626181744838608;-0.07856804797714985;-0.166610327259581;0.19154415101620573;0.042184400714732596;-0.0793584603118283;0.05007016627422874;0.056679090711472715;-0.2543393738415577;0.8828150140923652;-0.39490395516755905;-0.3986971752705303;0.6815660621916891;-0.0652902844152809;-0.1821734633996412;0.04100577474672615;0.07818762644643452;-0.06345412258193195;-0.09914132621244726;0.07053012082832869;-0.09589206485471251;1.1045733097785673;-0.3272964872029464;-0.3566040125482763;0.6524910296433534;-0.029436349177256096;-0.18627203522902025;-0.027390769965433902;0.07830642017814539;-0.06488638084164497;-0.14419313195349467;0.058270854780312895;0.012178492563290995;1.2455381468721145;-0.2613140846507861;-0.25654225448854323;0.5587649690460834;-0.02499222996015358;-0.1623830805630271;0.0008322271339934771;0.04083168105693064;-0.07476019964638388;-0.1118719787615643;0.04245481957282703;54.30869966837011;23.98937067715291;3.2199011410574307;26.50183191797355;19.707932955661768;26.698296035907426;23.08135822767125;53.46950745041902;62.07635385675302;27.285289780113068;72.25505964638543;53.1679021918883;26.746826367016354;66.48921470645459;54.316766476148864;58.32388596168884;21.33191347684012;12.465995877470053;7.056491445814996
0.9940220818213232;0.23708583883977777;-0.09372678092997849;-0.32634533070511873;0.2553419017311831;0.17632550899057756;-0.2011413924968969;0.24834136346175886;0.24434423271997927;-0.11079262967392337;0.2322594696276117;0.166737535776892;-0.10003443545263778;0.11701205251739136;0.5465070608592585;-0.7118165923815738;0.362289598610589;0.4994118227257159;-0.17827607278368612;0.22666220624771805;0.22458925816985326;-0.05769833958141972;0.17597617813795022;0.16064988475527633;-0.0190826095546588;0.03639776730371692;0.832621423227905;-0.5526452461726622;0.44080230866738584;0.41953279831426615;-0.1467866672775883;0.27364150909892343;0.06566326128798348;0.02168321613361339;0.17911575713254077;-0.05336347128513216;0.01907171281743432;0.03547204081876054;1.0001102047926846;-0.3871763709983424;0.40017933664700284;0.3593859232927802;-0.1335290670853208;0.22842512118450448;-0.03694205768356906;0.02136117513748256;0.13992089302223415;-0.12199796653719278;0.02836192107498069;0.08507265543041236;1.0960062786257225;-0.23521318417582318;0.2787844929563937;0.23445239706747728;-0.11151353103100833;0.17359272208573284;-0.017234879849214294;-0.012832996656446254;0.09890907872104403;-0.08312377897984029;0.004944747748442981;44.27198843225165;17.71477741202766;8.562601332282915;40.46004855529728;10.789096607687647;6.1282332223386895;44.50116680875539;34.85375459731269;29.994034209003548;44.338273644655665;54.22733716070908;31.834576881485866;44.22233556816577;46.59869009896411;34.94143165510976;56.139784216843545;19.580684126212724;12.404729662521344;9.361583981229474;0.997986897081536;-0.3746055994591147;-0.02070634255858681;-0.12390979308707718;-0.311723796781279;0.35639292961154667;-0.09188956055935246;-0.1815301394243701;0.5231438082119579;-0.041463867315769565;-0.08492994103205671;0.43471729912357315;-0.03627949749079096;-0.433271124581727;0.6083288109220221;-0.4702950267959339;-0.3193093412146613;0.7366274011682659;-0.08809446365867045;-0.16916903999183044;0.2555226186547895;0.036914095040763054;-0.09536549619955999;0.10901424889717096;0.054234656214925216;-0.21415886531250494;0.8839565935638145;-0.4156401341342263;-0.34930795818931903;0.7794115731173917;-0.08570207308349323;-0.20011202251873472;0.10824279118993735;0.06677328794924703;-0.08573440175979352;-0.08385179689349251;0.0678804530051896;-0.05412479531650538;1.0982773567848403;-0.3420145590598053;-0.30852170158342423;0.724974202770817;-0.04271189426010597;-0.19388820421024625;0.02464291233530857;0.07056487994945916;-0.08544114645801157;-0.12796264578994243;0.0594363594914502;0.047969612316967496;1.2333157845674894;-0.2707363638619248;-0.23153809242450588;0.6007362813198603;-0.0272471185647995;-0.16878501290635659;0.036201602264895494;0.038055644295524736;-0.08947256404884375;-0.1100761201043012;0.04282411498606989;50.669983042169704;22.83280531773345;8.067323199442724;28.258464946315495;16.534455772853118;15.551099397706341;21.367003468257025;43.12787847748014;67.2929284082984;24.393777956603113;62.90845320017627;59.09021549433614;25.130995813612287;58.33806020339755;60.88019502067656;53.38604891178579;20.62917723827808;12.430555357109279;6.918421416995018
0.990428008524088;0.23593156820094535;-0.07300965073699037;-0.32900450020170385;0.24533530473057896;0.16854335829025302;-0.20730768585994594;0.24549140050341553;0.2091517598063171;-0.11743401841120761;0.23098379563130575;0.15382120565709934;-0.10920462345582438;0.12731494026807774;0.5780277987179718;-0.7151424017074536;0.32543796138101105;0.5326128664839868;-0.18685926383228169;0.21118014454291087;0.26300674170960653;-0.07165008784265248;0.16965377259209502;0.19471748319013601;-0.026908590213572205;0.038060340149517244;0.8347912969791454;-0.5492493978108481;0.4112849858510547;0.45056633358218046;-0.1498991883050328;0.2728589708775763;0.10272309955936046;0.0170657266299547;0.18844640647776295;-0.030277511279974433;0.018266307453502408;0.028455329997081887;0.9823356049001822;-0.37739558676870455;0.37418947288620014;0.38608102931053784;-0.13329086292586753;0.23141637137055993;-0.0028410524466468538;0.01613742557213261;0.1515714806757946;-0.10192888215442682;0.027110764369728087;0.0690973278617483;1.066799139446114;-0.218790246189011;0.25925653104248686;0.2559816503086649;-0.10408307464050788;0.17412938817049858;0.013550918013165604;-0.011926234780684043;0.10596372644043081;-0.062084666991106784;0.005651124451752874;40.31451882188615;15.747788256117872;6.498258737689084;37.01698871440971;8.504992589776109;6.457714109034973;40.999159077408045;31.788091587331376;29.741126101704527;40.983118028441595;49.567421436743366;33.3062912054379;40.635207643310835;41.27312590118953;35.404298175196864;54.24986169530056;18.532209530303717;12.33656753921288;9.642971325666357;0.9788984136986942;-0.3757021941702959;0.02911678255185006;-0.1335015510276085;-0.29396312235267047;0.4085466605513031;-0.08690357263293037;-0.15351812358133077;0.5478130988092031;-0.03513908696144452;-0.04616820896042469;0.47211181941188024;-0.029957215091261293;-0.4026955323562574;0.651214575863495;-0.4593795809852085;-0.2657981055222102;0.7777174290561129;-0.09049459089103833;-0.15894816843278958;0.30777300363248383;0.027850619072749785;-0.09965967293787381;0.15994935787521364;0.0463805770414765;-0.1850893042952894;0.8977575965852599;-0.39971645851646304;-0.2923432609225643;0.8280547176210968;-0.09303840262325434;-0.19949376875647376;0.17087985383514148;0.052432291455405435;-0.09695630337345547;-0.04726907827093714;0.058838784834577065;-0.027691199393163158;1.093393682499065;-0.3229699063756506;-0.25870251983079456;0.7554760082225304;-0.048866200641481894;-0.18824540772457637;0.07684010747912709;0.05829744748177841;-0.0959835702909713;-0.09214366312867046;0.053905468062054894;0.06963347102213437;1.2153002717976769;-0.2497208506620143;-0.20209246733202219;0.6141534782836635;-0.028192744793391813;-0.16397341351744435;0.07305225319919598;0.03182511008941678;-0.09564139564839425;-0.0880580800589213;0.03851762648184611;49.00800461586319;20.894306267682197;10.050331628406457;27.467901147563435;13.764723109589056;10.288686503093595;19.051515798791076;34.49687994547597;64.14996128839167;21.48679531354789;52.12077222521898;62.26647462750523;23.166382931295644;49.19189460598113;64.92669345427294;49.55189729207478;19.28690421434279;11.924134332595392;6.681796271676758
0.9796827985010104;0.23994987265731318;-0.085000505868942;-0.3538998067163516;0.23099330090606074;0.17643067648931168;-0.21972088986905508;0.22421167132004113;0.21189975304475497;-0.12262086142002011;0.22586261749456876;0.16494688823058828;-0.11476180294921602;0.12633897644715866;0.5654475834106548;-0.7690981842111974;0.3124853450668676;0.52591760360975;-0.18939719563993385;0.2113330442029172;0.27086021598125976;-0.06646184731435163;0.17027802238409745;0.1890841773521311;-0.02191388608494807;0.04543092597967518;0.8089509778419944;-0.5861180311277843;0.3895432362402273;0.45564575658936873;-0.15307767448091944;0.27451093065456317;0.10620528895066868;0.022751716044983276;0.1933843043279337;-0.021270626348819828;0.02331772463959996;0.0383910582627515;0.9553371794182769;-0.3960876809951265;0.3541217694226555;0.38389190010330027;-0.1329629005621565;0.23680681446297844;-5.8313015905060366e-05;0.01778379260467146;0.15842504768868362;-0.09667465729197094;0.027708111984355768;0.07829535414432984;1.0405225092520924;-0.22048519705191516;0.24675981921484166;0.2540707918842533;-0.1000186996248745;0.1797458712194144;0.016591855735008085;-0.01229997615848288;0.11265524650340099;-0.06242616908229463;0.0035785028574856804;41.921246067149035;16.26566033138357;6.744430630843879;38.51046868182608;9.4035911736245;7.23406114483395;39.70196795654331;33.76457183345589;27.397498407432746;39.07286726977682;50.46292350518618;31.45224588819242;38.8361669586798;41.59217021601343;34.68307224742895;52.690354722900445;18.351903229182447;13.402733834768869;10.742561711700887;0.9162504502206386;-0.34688431297494754;0.07437732899060301;-0.13774771263858546;-0.23822040346682521;0.4698684430237831;-0.07099851484926334;-0.1087927882985201;0.5683407150530022;-0.024325001541113476;-0.02094398093639398;0.45904288995123554;-0.019545098920412212;-0.37439156194417755;0.7329888319495867;-0.36459315124551644;-0.1876123015796122;0.7418455536172848;-0.0765856436093771;-0.11965689362475297;0.3320680498419018;0.010295981911869506;-0.07731919135324292;0.19180023353774336;0.02633548905869356;-0.18057155625500637;0.9365490352259266;-0.300449359608289;-0.21801684534951002;0.7630053302021973;-0.07067771097716426;-0.15661369334578146;0.22189525714323705;0.03151281130048158;-0.08294027729869338;0.03675230294536287;0.035375194312517885;-0.03579768222770273;1.0878269821273694;-0.22737904187042404;-0.20463585722613015;0.6889211133237021;-0.038828678184521064;-0.1523021898443888;0.12853715455770434;0.035825675565055816;-0.08364179045619782;-0.012534818148798898;0.03324874784005494;0.05916581515373405;1.1801795576897278;-0.15988885182124737;-0.16231340949688774;0.5612816862994524;-0.026095025560689253;-0.13351921047278992;0.11254143852508694;0.017815535740977818;-0.08226618621802911;-0.020689080322139057;0.02365138146895692;50.98158709644262;16.82598828186418;8.216936688280578;21.987456380543378;9.278904515739546;5.979682727701266;13.337603758064605;22.515988537875998;33.27040675181659;16.930323215567796;35.71413854050801;47.9753975768198;19.603779785370204;34.72636849506968;54.039752722342136;46.77956252301774;16.38949857747338;10.417837546082522;6.221728584528866
0.9689375884779328;0.2434323814481313;-0.09668406209800735;-0.37779396289895084;0.21633797847878644;0.18386918785761272;-0.23154636033737808;0.20270964323470853;0.21418348650986851;-0.12749905883884052;0.22033609713747548;0.1756112615521282;-0.12002230465105546;0.12511528022031176;0.5518499169956577;-0.8208798915252031;0.2990371681420801;0.5182203637058461;-0.1915192603658507;0.21105169841449084;0.2780719863021318;-0.061195263351117975;0.1705468151275198;0.18312649973758477;-0.016929865051092143;0.052626573854023;0.7817422545250505;-0.6213770926051894;0.367245932886727;0.4597361105160367;-0.1559075082468942;0.2755826680004436;0.10943138504487512;0.028327916868782714;0.19787148966730175;-0.01232035187543195;0.02826525046112729;0.04813773601115689;0.9266836109549945;-0.4137612494511081;0.33355239757413796;0.3809413816690366;-0.13236644327161104;0.2416526383545276;0.002693604948776319;0.019375455022032313;0.16487815495470998;-0.09128098466978722;0.02824210628068188;0.08723085827729071;1.0124083576927148;-0.2217100245088076;0.2338970012067313;0.25166116121642945;-0.09579480269613468;0.18493201111031465;0.019565022435358008;-0.012644387022300847;0.11904178781937416;-0.0626361034621171;0.0015216021070596168;43.40417909319663;16.673575024058625;7.376501150678631;39.885412041794126;10.482206393819075;8.342481362103177;38.618686788243615;35.77745687444191;25.179131020666997;37.1459408193168;51.45434323725558;29.667480193715154;36.95924253262596;42.02027642229176;34.071851213691446;51.19546423496935;18.028145235163027;14.404236313593744;11.868692833170524;0.8536024867425829;-0.3153481468925226;0.11723211535175347;-0.1403584296914471;-0.18188499908206987;0.523951752924124;-0.05489171261595924;-0.06447960794900533;0.582013959418562;-0.01363191433894078;0.003612132668996338;0.4414884542738315;-0.00929126498584812;-0.34305455682023245;0.8039632889729278;-0.269235327002069;-0.11017472484554573;0.6992475521137197;-0.0623439823656553;-0.08046808227014568;0.3519223161756696;-0.006747547135609643;-0.05493688518724275;0.22045470172844767;0.006716854425131307;-0.1742672835824703;0.9638694522038136;-0.20146114509033033;-0.1439741160419396;0.6920357015286575;-0.04834750844984915;-0.11356485424653702;0.26871066421096695;0.010994957908857884;-0.06852682674095122;0.11739992601282606;0.012361751061694041;-0.04323097536840778;1.0707303973458513;-0.13272450683974446;-0.15027916614856257;0.6172979833635648;-0.02872827931891746;-0.11599085897322527;0.17701648244275994;0.013764046438331175;-0.07083569152825911;0.06438797294240398;0.012965628670544642;0.04843128448345326;1.1335807030614709;-0.07151666737241574;-0.12219424895743096;0.5042327544475269;-0.023790331889596547;-0.10270486148244956;0.14941796713403677;0.004110375894703997;-0.06847810994002441;0.044515527804788804;0.009056997241503988;51.496549217395994;13.504300706470774;6.790153275803948;18.390003573020575;5.573111989724439;2.980013924707955;7.852071151394389;12.696973344132731;7.949195761103271;12.177515522524235;20.53535512434646;14.961888098430764;16.074566048070174;21.241150817239948;22.969601611185986;43.90514817503557;13.609686384909525;9.060831981491113;5.862533054392507
0.9592690304092644;0.2456861113355189;-0.1084765984478988;-0.39872276623424796;0.20355416309554164;0.18961049102060212;-0.24148128207660008;0.18346676086421448;0.21733124386673686;-0.1313491385940684;0.2154730003942771;0.18654560627923866;-0.124101337753061;0.1235331479376382;0.5388539646440603;-0.864558628815951;0.2885484962590351;0.5091472514318085;-0.1923883691698557;0.21150611444689846;0.28199762943027035;-0.0560189373622577;0.1707055723706251;0.17671295950428328;-0.012404419506813681;0.05880611179179806;0.7570066166010074;-0.6507555790296582;0.3490547619815498;0.460117918725779;-0.15766284099831746;0.2765747755248384;0.11013213887956459;0.03334528649709682;0.20108325996095883;-0.006256546635366257;0.03245960728788436;0.05695731683683026;0.9003536040378326;-0.4280287603821042;0.3164997429328196;0.375480709212075;-0.13143767877289736;0.24544942242111087;0.0033978164419148716;0.020726419447848365;0.16968579074199727;-0.08677204704301418;0.02840918261065872;0.09547128077954509;0.9868166779928933;-0.2219192651222891;0.22274191919566555;0.24759917704577467;-0.09225012398900112;0.1887861293870085;0.02116717862035064;-0.013212218594264287;0.12393607375014716;-0.06250118706937492;-0.0005671029928581735;44.76907427909896;17.152633869856707;8.256550466052438;41.107560878252265;11.604537030206293;9.383631094058247;38.04960055062418;37.66789261851113;23.437755038844326;35.676995886123514;52.500642026905744;27.920432265435686;35.433543147057655;42.511876000587606;33.34123982376738;50.07450023264513;17.667646231854313;15.231894803841794;12.890969318477488;0.8063700433270238;-0.28762687952860544;0.15834185888948893;-0.14370510708652798;-0.13420580081002162;0.5635394928970122;-0.044019882843896276;-0.027425463187364392;0.5889772486191525;-0.006559186549789271;0.023287892389590593;0.42602606981213736;-0.0023380663286268785;-0.30242187024320855;0.8608975155838253;-0.19848999946241883;-0.04877059895154658;0.6668789833177796;-0.05114841974557228;-0.04979277746398057;0.3669048237263279;-0.019462358073303668;-0.037191209085399406;0.24222876860891246;-0.00815318137441145;-0.15186064176764827;0.9801562809744283;-0.12740490708091073;-0.08235845917136322;0.6404333632150973;-0.031409270810727336;-0.0819344089039686;0.3012242645141322;-0.004119228858065794;-0.05870762330156066;0.17493800661614978;-0.004710974796860167;-0.032160885448909854;1.0475922237166908;-0.06132243258852963;-0.10232382060273991;0.5659401470966317;-0.021395924261933694;-0.08959526965164638;0.21256718018796103;-0.0025183528628592955;-0.062114329727065126;0.12002482640799413;-0.00217616472857733;0.05500573589268565;1.084337984939468;-0.004298575976684174;-0.08594500794755064;0.4622421748822993;-0.022501315678077873;-0.07926753210376196;0.17726998878652583;-0.006000420666143761;-0.05847182106654798;0.09282261131992112;-0.0017935959624180043;49.886028673308566;11.340632084702714;5.803685213677855;16.95187869018856;3.792540732027832;1.4888011742739387;4.768052693048833;8.141336507141057;3.4080893777788748;8.567258524130493;12.691999332772996;4.516472857334129;13.66424728637322;13.58334818471844;8.156278072702992;41.19832854276682;11.51081596797049;8.062500358888167;5.608579377229273
0.9548032211041144;0.2443520600142583;-0.1224255292729547;-0.4101961413611197;0.2007458437589689;0.18923909099425426;-0.2450781515447377;0.17549893574894823;0.22669078991264055;-0.13166228274324718;0.2153808664043552;0.20103844172530938;-0.12386091132071445;0.12122790589812424;0.5326904158449859;-0.8796446690098487;0.29410919385804263;0.4974296800523069;-0.18900721705822565;0.2173519128752672;0.2729242943710977;-0.05146248447373941;0.17184177999376676;0.16929500526813432;-0.009914254220358555;0.061006919234772465;0.7492667720428221;-0.6594523941256197;0.3524704295659916;0.44683548354309205;-0.15576798613419116;0.27966448870224986;0.09977588333279942;0.03627751144629812;0.20014999431708458;-0.013680738625953245;0.03358495162356912;0.062360858304687385;0.8914667540875884;-0.4306045172845924;0.318020187321651;0.36099872841199426;-0.13001781404606774;0.24660467240576;-0.005607476580018767;0.021187794558862896;0.16839911109759406;-0.08698552415657976;0.0270821105592296;0.10170710631534098;0.9804177751204171;-0.21923195209365315;0.22104287188649496;0.2375753234218984;-0.09255035530930665;0.18815464484573402;0.016499637596346147;-0.01499582799989597;0.12307254711442693;-0.061258256579845294;-0.002934296319624511;45.97239736406993;18.5034613289931;8.647553759230536;42.13225651046497;12.411398277645366;9.138941036572374;38.92782726569374;38.827190177895964;23.43473559225154;36.45305915571803;53.35212909692588;26.0410838327219;35.99086104705422;42.81774370077148;31.60224264970093;50.41534965144933;17.674559370090016;15.540369485231576;13.311283718228578;0.8336306406900651;-0.2829962836301365;0.20496883545356887;-0.1564072971990922;-0.12232362229233472;0.5652686747384076;-0.05671286140207198;-0.0177446670004374;0.5886021052814558;-0.014971624057763958;0.025157777228471626;0.43321723818670566;-0.009273273913424631;-0.2231552376308272;0.8963722308204497;-0.23460609870217822;-0.05114742026192215;0.7002442109596203;-0.053723883213635325;-0.05423332820448086;0.37611412208539174;-0.015467512003913789;-0.03875598711843704;0.24563704735587175;-0.004368612427526909;-0.057441075960374545;0.9857026668578626;-0.1584006797391101;-0.06926408736363296;0.6917863576883964;-0.03716485516000313;-0.09971907075840439;0.28564766796535596;0.0025201904103023367;-0.07026905478688249;0.14402359978709736;0.002041101483103223;0.06428481085903168;1.0317896520866714;-0.08531453663413646;-0.07861932070679647;0.6188982914419506;-0.026161882783538013;-0.1069992344991161;0.20354335433766596;0.004513704701843419;-0.07277516913253809;0.09313663720592866;0.0033046394346830073;0.14393275253981658;1.054525794146512;-0.02152358840469391;-0.06392205039181159;0.4986209715377119;-0.026457622803555243;-0.08818836362967088;0.17564782789677624;-0.001773881615301562;-0.06609079727658813;0.07628848779632058;0.0023971379491789665;44.25356184538002;11.252359457761296;5.0542766835189115;13.813874458231517;4.510537863747094;1.5272743163709388;6.500803391053771;13.975806071626575;6.768059124681551;11.029080469254916;20.78722457356716;10.281376870157441;15.18059862423454;19.50425432901557;14.365402186793508;38.994510932484545;11.61687029197306;8.1379632658423;5.505940986081737
0.950337411798964;0.24297950145827688;-0.13639952128006805;-0.42164648369431995;0.1979006932144856;0.18883987695194518;-0.2486513735412971;0.1674821840530067;0.23604676752727846;-0.13195780967770643;0.21525807919989967;0.21554690252690237;-0.12360228811708665;0.11889857302026355;0.5264330430781424;-0.8946524354932607;0.2996452884322762;0.4856064044083161;-0.1855891509772104;0.22318479791467635;0.26378493901034666;-0.046884948302723294;0.172957201636396;0.1618306678507998;-0.007415134753676585;0.06320580133003297;0.7413977782387728;-0.6680826005074819;0.3558467550712386;0.43344973068870707;-0.15384541474727395;0.28272413804875995;0.08937413255119368;0.03921351784164421;0.19918567107023444;-0.02112552894418765;0.03470897440292187;0.06777200171680982;0.8824272210087548;-0.4331273648212722;0.31950039712854417;0.34642189504761867;-0.1285753054501219;0.24772865090674312;-0.014639304064994009;0.021647581679731;0.1670847790706121;-0.08718738207912455;0.02574719250214082;0.10794751051543083;0.9738611942949471;-0.21650556806734447;0.21930749694631957;0.2274875503032619;-0.09283844591259445;0.1874947100318432;0.011815606773299379;-0.016782734751621495;0.12218904417834991;-0.060002915778644354;-0.005308258745536631;47.103100480251214;19.94892995140452;9.146207140751084;43.16166880708535;13.23808177204332;8.907698879327054;39.82248983724726;39.9626476046566;23.4337739475567;37.26910788814818;54.133339928436115;24.18172571404572;36.60012845079981;43.088699700449546;29.832991030708673;50.72104172596696;17.674199246078597;15.84729260592692;13.737818930353772;0.8608912380531065;-0.27575304832242703;0.24862089474654947;-0.16733494803136212;-0.10952616821237157;0.5615414554404564;-0.06858722043838869;-0.008103456872801505;0.5825924566636695;-0.023058314791699536;0.026745983678960777;0.4360996040740314;-0.015969360131034407;-0.14346631882575464;0.9224854620283064;-0.26769083875805244;-0.052982432871842775;0.7261738283894845;-0.0557285359541279;-0.05805778486684599;0.3815183220951576;-0.011410918858771818;-0.03991533649231283;0.24661670118524517;-0.0006241411502539535;0.035483931129250974;0.9816794789077293;-0.1872065472227502;-0.055789352224993;0.7353951910354143;-0.04243948739082039;-0.11616254358497954;0.26767011527624884;0.008991633769252832;-0.08090642075033602;0.11239814677605303;0.008627354379653241;0.1580251359154053;1.0064381326224852;-0.107969081565554;-0.05467459901456911;0.6647762466880727;-0.0305738053619437;-0.12300046532228553;0.19276372572718503;0.011350170624236742;-0.08250742584137455;0.0659380177518939;0.008635044273405864;0.22955371505695168;1.0152501572369588;-0.03816915495607591;-0.041763342549338334;0.5294317414303997;-0.030074596692433547;-0.0960705441646919;0.17237695749578794;0.0023781119000373637;-0.07291116012933047;0.05938116984438662;0.00647411643962033;39.416913720853636;11.181189587716926;4.306806514974746;12.494281365994576;5.216017265509685;1.6421945222291505;9.827806188607441;19.771487616558012;12.404772980848316;14.009044343337099;28.360867539271833;18.874938675998187;17.269576124837116;24.922827724405508;21.928425022224694;37.51964654394485;11.818355440523158;8.27046941976321;5.485504988080248
0.9497628631581708;0.24197187729687902;-0.14521976764741437;-0.4283969549724544;0.19536643991367975;0.1888738921584839;-0.2505180225869445;0.16085432358383292;0.24364772970252485;-0.13158552222337405;0.21220418076883965;0.22771696714001594;-0.12254944432509153;0.1149137881084104;0.5204655670287329;-0.9048200526592723;0.30375065282277913;0.47772354016748336;-0.18314826930149272;0.22721828423467152;0.25662724768297585;-0.043020037052081246;0.173845615734668;0.15595677299508473;-0.005100251134298966;0.06168528703682363;0.7356175617396263;-0.6745826326132567;0.3582448606313314;0.4247319055821027;-0.15259707236440587;0.28436374330829134;0.0824389360773116;0.042265165197017916;0.1977084932111765;-0.026947533739597903;0.036483688429558486;0.06854791896579936;0.8770511137689614;-0.4360530733855532;0.3212028493197798;0.3367530446702672;-0.12742953147746675;0.2479125582679258;-0.02027356721141004;0.023582852171573493;0.16529092683224045;-0.08778874931784764;0.026150552921081868;0.11024276029676873;0.9698748363710522;-0.2164635421182054;0.21813497436621948;0.21923886018112856;-0.09327003598393431;0.18701934798944794;0.008959459010452302;-0.017178573507150706;0.12106900962048686;-0.058992839561564404;-0.006000319840264386;47.87838727379504;21.119543058095484;9.2203711882624;44.02745099757636;13.936411565356893;8.826475041475302;40.60376581392653;40.808472219832645;23.717722482768096;38.076828482881055;54.62240185100104;23.274665772630886;37.313683482327974;43.079541043734466;28.776771159600003;50.88739935870125;17.717509479689223;16.057739672371067;13.991544322082552;0.8881518354161478;-0.266333692023279;0.28833279559861463;-0.17633804474533052;-0.09625543980552118;0.5529482888928784;-0.07938122623645298;0.0012300450357167765;0.5716189101394199;-0.030620394437847455;0.02803282356043361;0.43497529616714514;-0.022258934587136958;-0.06563794258920518;0.9393343219975939;-0.2970817373216565;-0.054272137715224204;0.7445987830065256;-0.05715667945566628;-0.06121320412851618;0.38330368608355364;-0.00741236781098139;-0.04067266186524077;0.24535619495890834;0.0029782982096756153;0.12442915545212531;0.9690514456911662;-0.21320572430713808;-0.04234774817779453;0.7707201441910347;-0.04712734190348878;-0.13092084882684793;0.24801173471891375;0.015127710623497654;-0.09040222131805552;0.08101596374008244;0.014876967000873893;0.24665961591647786;0.9731014910366371;-0.12876676705421403;-0.031185677038615384;0.7029112891321573;-0.034538882180515006;-0.13727291932543012;0.18068822173693388;0.01781582657064042;-0.091119503584398;0.03922291532860558;0.013678244564881823;0.3097503559419054;0.968459609321089;-0.05381783319786855;-0.020105289961428345;0.5543017511573846;-0.033280517394937814;-0.1027843963140451;0.1676962156965162;0.0063452082853771375;-0.07881179389157207;0.042610228148554724;0.010332589862071905;35.30195351478714;11.126473643349527;3.562142316784965;13.13356590355379;5.897343543237364;1.8120561791730658;13.59713534577333;25.532802206413503;20.594680820862994;17.289419994303696;35.41732007328804;29.49863928312408;19.785801696507733;29.88471566482959;30.375529411842308;36.687807940757395;12.101632859030001;8.443528754256608;5.526978650097353
0.9549644718519502;0.2415437061346002;-0.14634939385670742;-0.4281853039023809;0.19334496977470436;0.18956902460271846;-0.24987514927933627;0.15637477929906476;0.24859702420252355;-0.13024866868864565;0.20489023782029292;0.23631742901115374;-0.12035282720261131;0.10854993771135926;0.5150606833662614;-0.907834094405275;0.3057323901995893;0.4758051154996657;-0.182200181574947;0.22857615554901184;0.25250999745884156;-0.0402583278474778;0.17440924545010672;0.15251865885297533;-0.0030858921066636443;0.054705482552099984;0.7330763399036712;-0.6779427631092312;0.3592140151414337;0.4230552583145299;-0.15237654570323345;0.283923207848385;0.08071045823957175;0.045455228502930885;0.1955166624974651;-0.030308600665195893;0.039200756868671624;0.06248675539459285;0.8772482427644976;-0.43958948111741575;0.3232507822861172;0.33448044695013124;-0.1267505958975657;0.24673754250036184;-0.02083101213285826;0.027673343767168845;0.16283155805347832;-0.08898248289095519;0.02911566981893979;0.10670509678095927;0.9698436874561916;-0.22040673455574888;0.21783294017025273;0.21382915574294395;-0.09391916542763915;0.18684438051900829;0.008834875748313502;-0.015520157683439263;0.1196282993673088;-0.05836384477379287;-0.004204268761195199;48.20756653956066;21.803377312298156;8.581155460084412;44.640928922787786;14.426159143592848;8.950410340976843;41.19218063366021;41.25982779064424;24.422673853114304;38.815994663377055;54.776239906510014;23.74870196869485;38.11919624947286;42.70830839890424;28.812521377131105;50.88827712298572;17.8329710110432;16.12642191032678;13.982081365986616;0.9154124327791892;-0.25529004112306997;0.323547982423041;-0.18342959068382125;-0.08293899719229043;0.5403813751727061;-0.08894486952585116;0.010041579710797064;0.5566521199887436;-0.03752142319094208;0.029023702765841552;0.4304158621379375;-0.0280244922579335;0.008448081647362703;0.947707371614884;-0.32247184580326493;-0.05505478417203461;0.7560269543620425;-0.05804698006454792;-0.06370340340134963;0.3819096793368844;-0.0035736068540931265;-0.04106146520900136;0.2421924023903348;0.006359148359882173;0.207494137631338;0.9493259408544267;-0.2360644845576839;-0.029303174383539774;0.7979111102679268;-0.05117913767683771;-0.14381695959956334;0.22743811153620072;0.020805520913308614;-0.09865028597292391;0.05070425577376663;0.020664099717691807;0.32844827948290234;0.9337709884553315;-0.14738822682277417;-0.008734760345794634;0.7333032924038589;-0.03800875507618965;-0.14965876994620478;0.16782266428554296;0.023783523691571766;-0.09852656420157282;0.013658209083767433;0.018334790924477314;0.38305692609351905;0.9164506600548167;-0.06817530603388494;0.0005261308826282894;0.5733511895711415;-0.0360430010882442;-0.10830360144696316;0.16192415388729098;0.010043641768147118;-0.08375511573103095;0.02641686935469691;0.01389630496890475;31.81515569000373;11.087270168139927;2.8215018183662166;15.118252766173585;6.550049728948837;2.0174794337251143;17.399226617342784;31.242688844774996;30.825790258332532;20.697439408730375;41.96249462683064;40.17907943110752;22.584283709731316;34.43856255101729;38.951852594665496;36.37340671942895;12.450542150778396;8.64397981568805;5.605789772681496
0.9601660805457296;0.24110510695231546;-0.14745541700886042;-0.4279483558028222;0.19133604201729718;0.1902431414193779;-0.24922397615533967;0.15194077627033137;0.2534685155596402;-0.12891995424201158;0.19765394156452384;0.24479545507702372;-0.11817569323282498;0.10225819575896852;0.5096894582610061;-0.9107514121723324;0.30766952456020596;0.47387952594733646;-0.18125200646843365;0.22990221992471058;0.248427509302438;-0.03752835817762131;0.17495448478491676;0.14911337836336733;-0.0010963976627702723;0.047808963497688976;0.7305189210978736;-0.6812168589570249;0.36014767817968446;0.4213718784794304;-0.1521488235931691;0.28346963378982276;0.07899822410708879;0.04860263087102083;0.19333935240361677;-0.03362586677406019;0.04188145811103115;0.056496938477527625;0.8773856954461543;-0.4430532085754761;0.3252521457917887;0.3322143102085185;-0.12607184071886132;0.24556105335189143;-0.021380161615880935;0.03171112977628376;0.16039217109612725;-0.09015555775137964;0.032041990759266684;0.10320449411065016;0.9697496627816163;-0.22428648224799394;0.2175204550208546;0.20847281932539316;-0.09455409097244663;0.18665940232609746;0.008711266447312224;-0.013881366135575104;0.11819771332542152;-0.05773886984423323;-0.0024302927768431706;48.53458877103761;22.486133851375005;7.9699871336527535;45.24943365716621;14.91959639355972;9.076124282090392;41.77374245510978;41.71101128117858;25.127553734141504;39.54547020177737;54.940390994837585;24.21799455588189;38.92845805085094;42.347556554798324;28.848984007455375;50.89045848954543;17.946583791858227;16.19415378372214;13.973668374304708;0.9426730301422306;-0.24319654141380717;0.3541062637615942;-0.1887511163043176;-0.06993905972165579;0.5248615600206201;-0.09723622788380426;0.018186861082859843;0.5387801555789937;-0.043691976253078024;0.02974338347087954;0.42313603866564764;-0.033203148100163164;0.07746697573629588;0.9488460225456108;-0.3438767260457023;-0.05539714228870098;0.7613629611268543;-0.05846866141895219;-0.06557704088557711;0.3779226313739362;3.082657530796168e-05;-0.04113506366843601;0.23753829898246634;0.009466731726017285;0.28348451020524434;0.9242539100525404;-0.25571711367501987;-0.01693413200242058;0.8176497460756044;-0.054596944530666325;-0.15482943291669105;0.20665477469774457;0.025953155981247658;-0.10564669830431482;0.022084627780794844;0.025914662892257433;0.40239752274132773;0.8905285684814351;-0.16371392759732825;0.012260095912722827;0.7564812040695066;-0.040976644854404956;-0.16015436778739653;0.1546458606251103;0.02918049691696296;-0.1047396889168406;-0.010274610104988492;0.022547577234395672;0.44871315704465015;0.8615086384616043;-0.0810826080825605;0.019759312958767608;0.5870786984143296;-0.038365147937327336;-0.11268768116193847;0.15540288045338121;0.01342141656264282;-0.08777497051273164;0.011132186525051579;0.017121358539993765;28.865674616262968;11.062398631455773;2.0869241900465005;17.709854264059814;7.172885836516902;2.2442728380449166;21.06392272095973;36.868539436466754;41.44314151109984;24.100080443253628;48.00479736433835;49.035764438772794;25.533827676721156;38.628282231769056;46.89138269483741;36.44437800319324;12.84631289751449;8.862297804759228;5.701535519155422
0.965367689239509;0.2406566503363486;-0.14853824163769672;-0.4276871453326367;0.1893400422832941;0.19089673408315053;-0.24856508501592955;0.147552505943079;0.2582630192630447;-0.1275996397303735;0.1904954816701575;0.253151985508249;-0.11601824273622259;0.09603855734064014;0.5043529182040077;-0.9135743462669509;0.30956288498771234;0.47194784995945555;-0.1803041479134213;0.23119709197305827;0.24438022431230763;-0.03483010921855619;0.17548178269611592;0.14574115767306745;0.0008683099752272667;0.04099556764432727;0.7279469844488492;-0.6844067148014741;0.3610467663022202;0.4196827261960798;-0.15191426808513425;0.28300369448743884;0.07730235720312852;0.051707618174845066;0.1911769466505514;-0.036899548263925434;0.04452600275686548;0.05057836385107909;0.8774656182894601;-0.4464454769277242;0.32720781442076086;0.3299553534443766;-0.1253935461222532;0.24438364244229935;-0.02192109003746815;0.03569645086159187;0.15797305868825007;-0.0913082413265256;0.03492971226553047;0.09974106255521004;0.9695951248403277;-0.22810348937162825;0.21719803705514343;0.20317014302005082;-0.09517506901644048;0.1864648613997447;0.008588647365252486;-0.012262166464511573;0.11677748205869681;-0.0571180303886805;-0.0006783260795664776;48.859451329069046;23.165268682761244;7.393086329766372;45.85287666445581;15.41644911683059;9.203477038999901;42.348497896602346;42.16167535548578;25.831280772722558;40.26537748390536;55.11438052522943;24.681974144014454;39.74138738218909;41.99787349357644;28.886453896592958;50.89390210282503;18.058355145985608;16.260946104517895;13.966254268126615;0.969933627505272;-0.23057675126485624;0.3801638002505552;-0.19252387833608356;-0.05752602564061491;0.5073856285256613;-0.10429943874066198;0.025591155082413834;0.5190506569896288;-0.049121117652013276;0.03022822741751511;0.4138735764658868;-0.03778043221547264;0.14066845264208114;0.9441848504980533;-0.36155211059498926;-0.05537949605009152;0.7617022665692799;-0.05850569951237307;-0.06691067480068023;0.3719698126908643;0.003355618917506419;-0.040955345026646085;0.2318151804611743;0.012276396246273615;0.35187684487974935;0.8955622293653555;-0.2723067743770384;-0.00542214017427327;0.8309362133920243;-0.057421121002523445;-0.16405610773366627;0.1862388414237771;0.030545465444588808;-0.1114647351632103;-0.004449027817637424;0.030602152045160372;0.46819118670103804;0.8452782764689227;-0.1777884098651867;0.031553399631825706;0.7733084982448813;-0.043467773666846225;-0.16887218778875673;0.1415597836437504;0.0339833862325235;-0.10984062698330874;-0.032290044943212505;0.026298017500938173;0.5065779795126575;0.8056405116443681;-0.09250111973787128;0.03738238570525826;0.5962080013447015;-0.04027631875677034;-0.11605353938342822;0.14845176656422313;0.016456519211262146;-0.09095480364881112;-0.003034468482707341;0.019993308944288284;26.37489421144113;11.050498005035054;1.3633097052273713;20.4587032740621;7.766116561551149;2.4829729095277835;24.50924417670181;42.36858609612548;50.517137135204436;27.40065109337801;53.55836728265664;55.402151173680224;28.524486657914757;42.492197664582406;53.69796922303801;36.78291829601821;13.269355769138578;9.091350810540074;5.801878532340938
0.9632046370201964;0.23759858206322934;-0.14726731973944351;-0.42985269716554425;0.18878329896008286;0.19224847346381838;-0.24842095532557515;0.14443982970522098;0.26065949546584466;-0.12697806841735945;0.1862201714787969;0.26181129683203014;-0.11507882102512838;0.0915242319198164;0.5052033900442732;-0.9128312773910056;0.3102685290544131;0.47095219913907155;-0.17909254149624607;0.23225175689687033;0.23854155443837255;-0.033765565952445856;0.17742853851300627;0.13715358113558312;0.0015418678942696832;0.03892273033844582;0.7287526338111823;-0.6836699640735034;0.3606038220750525;0.4206925203601747;-0.15186257396970165;0.28211798188068404;0.07557664675050671;0.04975184622110206;0.19076155052915775;-0.04198629231259954;0.042754370237795096;0.05018705176326143;0.8782477307428097;-0.44597156178626884;0.3272196848702687;0.3311495016559633;-0.12558958555114808;0.24263381293750927;-0.023242860692411507;0.0339469202914148;0.1571488831620991;-0.09080313423967808;0.03295737349066272;0.09981647562949673;0.9703042901122924;-0.22804666021810657;0.2176815221165786;0.20167157382385345;-0.09582254400043423;0.1862053599089631;0.005695382613693457;-0.012990539146775379;0.11714524495820552;-0.05890670981922438;-0.001665831377354379;48.982551536266854;23.434100601805675;6.870642466994225;46.08850936883803;15.88795286693192;10.150300560217204;42.37353140738671;42.26266902618631;27.02624556672013;40.195123784391406;55.37003845563132;24.34682388358484;40.0074899795495;42.51005402978072;28.60556892829185;50.7557037450662;18.044113782939437;16.248383514727497;13.939424757668657;0.9750182483399796;-0.21829946836352196;0.39566972493715363;-0.17383108439209038;-0.04948637265753261;0.503781502694739;-0.09444109027196265;0.03534266420687655;0.5007611049436521;-0.043699349873375454;0.031493092235866924;0.3963209670069489;-0.032689979793069146;0.14940464993381244;0.9528596397641208;-0.3308392052362431;-0.05024943089788344;0.730618890294556;-0.0493246746229085;-0.06361082366074033;0.3450564959483108;0.006278714450100481;-0.03768521241431041;0.21702905518023818;0.011600917384086702;0.3573072873396401;0.8998545463035129;-0.25018652623769905;-0.006685772501521666;0.8029904019796167;-0.04913165186773935;-0.15965716729167997;0.1735109298200158;0.030313520071562825;-0.10750033161879335;-0.009541171949778085;0.02823423374022449;0.4693814497167592;0.8437665977718676;-0.16354892108498478;0.0298939204866059;0.7453408035713771;-0.036990548285674975;-0.16261120857427677;0.13143815867582423;0.03407776506752085;-0.10640423529750541;-0.036271862787426085;0.02457418394306557;0.5054518384733165;0.7970592343793813;-0.0851220963705627;0.03599040252110551;0.5768493578778845;-0.034376594085868545;-0.11100491283536498;0.13977932276182167;0.01858388204333475;-0.08709836367489632;-0.007794723470503994;0.02021764150916039;24.67813051468667;11.071075441830917;0.5742966060982468;19.61913170300042;8.132425181490571;2.07632707357251;24.43192958613606;43.42513577751829;51.9004715675451;27.461840788432003;54.515303664602804;56.732162173254174;28.780597521486484;42.995278500719806;56.22465757647299;35.50279825698399;12.98540963786685;8.747833809685668;5.528000287182289
0.9588753659716864;0.23378592255774489;-0.14531382649557587;-0.43272388869403033;0.1886467601639687;0.1938027473430688;-0.2484279366624769;0.14170234967003564;0.26235703131984617;-0.12656106110929735;0.18278916993165398;0.27055042068069374;-0.11449531237632199;0.08751139154780567;0.5078551506299587;-0.9110561510957952;0.31062940950002915;0.47023222566593703;-0.1778064208368669;0.2332365175794924;0.23218937866048603;-0.03317759485521373;0.17978692576525096;0.12705902185736878;0.0018391039676976992;0.038231364989898924;0.7305434673696486;-0.6817951341968791;0.3597727357097965;0.42248835964421555;-0.1518648705673995;0.28111251153636585;0.07384452500389163;0.04632632927503767;0.1908557362861869;-0.04759504463279976;0.03970026052635263;0.05140426095357409;0.879237526593253;-0.4443756954677632;0.32666769941528034;0.33334843511131323;-0.12604035958604826;0.24072058173508;-0.024790430325390213;0.030531251237618958;0.15679033902420725;-0.0898167857751858;0.029573608131729354;0.10092171966321906;0.9712686513382907;-0.2268641314893005;0.2183999680007996;0.2012822297160988;-0.09647748062853943;0.18592815574659136;0.0019993704232252694;-0.014401066432464374;0.11803328997476714;-0.06139461931828369;-0.0034491516348749795;49.04872153788111;23.588264119949965;6.4376365044992;46.21834972488117;16.3862237851058;11.45261369648469;42.23852976504317;42.27009357133577;28.350251765088192;39.89612459503677;55.6566456544229;23.767388747301343;40.11218657521959;43.2808276125548;28.209859737667326;50.57709742265777;17.994547009453637;16.213415368111455;13.90674061915322;0.9735800952848368;-0.20635868921795233;0.40786430017726605;-0.1495220532977447;-0.042804317852100184;0.5038600420499532;-0.08025855643349486;0.04547672324286563;0.48317769321243087;-0.035487000236783514;0.032928357874575244;0.37687183600140794;-0.025121168466574122;0.14327274680487964;0.9646589193793365;-0.28780721072802135;-0.04385999453771336;0.691676764735708;-0.03788172792133075;-0.059131993196789766;0.3130882412140954;0.009020958456798376;-0.03365607368359607;0.2001169777802646;0.010003710725690113;0.34561736764013734;0.9126647980686189;-0.2181549943317125;-0.011345339727877135;0.764458190017287;-0.03804980934160938;-0.15166851624508004;0.16311320463031953;0.028784875469184054;-0.10098023322438103;-0.008752273973965576;0.024023595499266873;0.45308597073529355;0.8538151523045459;-0.14201744486998993;0.022644419478338593;0.7058458013777735;-0.028255458422584912;-0.15244213730279849;0.12232607361617132;0.03289757211552691;-0.1007336641234507;-0.0353075388458204;0.021417137258185046;0.48839358319690995;0.8011751032178376;-0.07285720693146179;0.02952032520806724;0.5501720506684481;-0.02651617396066774;-0.10379331400547545;0.13082137532117838;0.02041091078976201;-0.08142575280254001;-0.009912290234635062;0.01972082139550114;23.192042561028327;11.253722800072607;0.5413152538449283;17.83708824845508;8.512938672291819;1.660787355378116;23.485985989877165;43.201388516741105;51.449270680642876;26.687283491577904;54.190864309361174;57.03416385498497;28.287249526906233;42.545989031288514;57.82864842641657;33.684118228957914;12.501263370723837;8.261961107795784;5.182205372735252
0.9545460949231768;0.22998601566094642;-0.14336668454133344;-0.4355811182334832;0.18850938743508341;0.19534975268040738;-0.2484331130271664;0.13897421322875594;0.26404626576049406;-0.12614472559175668;0.17936984197419992;0.2792545405003326;-0.11391319190736644;0.08351310844381371;0.510493241626264;-0.9092812190492362;0.3109867005746327;0.4695116099208016;-0.1765238936406429;0.23421588232797158;0.22585957594175504;-0.0325916109962321;0.182135102214484;0.11700174872104716;0.002135202192822799;0.037542341921545194;0.7323222946339851;-0.6799225171628459;0.35894221830789563;0.42427437913516935;-0.15186607123755808;0.280108833137161;0.07211842858771383;0.04291344213681412;0.19094819928039442;-0.053182233814183494;0.03665742272988148;0.05261649645269967;0.8802172825785902;-0.4427826861933852;0.32611546386879475;0.3355366617205251;-0.12648852562867882;0.23881286643853641;-0.026331966784409883;0.027128287810032677;0.15643202904514306;-0.08883352643523829;0.026202434537821225;0.10202205915188674;0.9722224100654179;-0.22568445303642953;0.21911413185115924;0.20089291777977658;-0.0971292484019211;0.18565066936414532;-0.0016826711121101469;-0.015806153464952684;0.11891712977789987;-0.06387267552753831;-0.0052256994727621;49.117129448914355;23.747947579672424;6.098159057577111;46.34981619221518;16.922927605146587;12.865765573522353;42.10402167256702;42.288046134746466;29.652740290439933;39.599320511823635;55.95310331904123;23.176584435224253;40.216965111621725;44.058528938883256;27.79185757117414;50.40020339358545;17.946575114500856;16.179309967431518;13.874091366114607;0.972141942229694;-0.19469027816643095;0.41901363518988155;-0.126103035163141;-0.03636479668869217;0.5033103140160453;-0.06660393081873266;0.055106063685387126;0.4657730184006333;-0.027593957464496072;0.034259296331463115;0.35781580122984;-0.01785604787943958;0.1372344566937945;0.9747400141089242;-0.2463220505434523;-0.03769883743944502;0.6535997359029803;-0.02689803896497895;-0.05477798005166834;0.2821460164061982;0.0116307005388457;-0.02976344854520004;0.18370493660141998;0.008464759148440698;0.3340160355828705;0.9237766132978136;-0.1872700101391691;-0.01578470112436095;0.7266826904711726;-0.027411041027557696;-0.14384520917069638;0.15297320836919237;0.027288163906604265;-0.09462336471016214;-0.007987423611008706;0.019969444714298026;0.4369495651402321;0.862360421033005;-0.121262409463025;0.01568755424370544;0.667222785175287;-0.019871768454190978;-0.14253391165708565;0.11346541781882695;0.031728797040157235;-0.0951890458203892;-0.034342094429423244;0.018373199584686854;0.47148436435033825;0.8041154203170714;-0.06104456763140618;0.02329987605343249;0.5239927169699719;-0.018970615411610086;-0.09677204851368484;0.122097503871981;0.022131802697955717;-0.07590312709139839;-0.011923885292747119;0.019221526344413552;21.78168111609405;11.596919383758655;1.3793734291547683;16.179001532314107;8.991757852247146;1.8055007240265455;22.674237297616227;42.97634556338978;50.98796306021813;26.012834501621114;53.8486229558252;57.37513347978956;27.85156824625175;42.07645501302748;59.557373526317924;31.857172933873624;12.033047310746603;7.807708493675273;4.879592997131629
0.9526113691686228;0.22709853233316304;-0.14281611582770562;-0.4366003209854962;0.18800981908938072;0.19598200842812283;-0.2483677134402595;0.13738884857670533;0.26569192583791623;-0.12589306299651956;0.17618103734306398;0.2863997225786426;-0.11332098746389313;0.0800987712338812;0.5082643669417756;-0.9095963424273196;0.31155990671975187;0.467262055264182;-0.17561648812979141;0.23405239012178533;0.22482561435623383;-0.031204307675142474;0.18309894533794238;0.11534910634614266;0.0029632093521436416;0.034962043067119905;0.7317858243020386;-0.6806373211154076;0.3597167088168292;0.42242899339619916;-0.1518755489950734;0.27898369562745134;0.0689985102123518;0.0438650040988367;0.1901624204070465;-0.05698691162682583;0.03751974714995721;0.05081341852187491;0.8808327598163677;-0.4439758597489825;0.3259887044204568;0.33653144951995884;-0.12597554062955887;0.2357262576261279;-0.032318193490155;0.030799247195833754;0.15302084769839294;-0.09345703649830132;0.028813097967600548;0.10129487302500363;0.973350035503869;-0.22774979349402477;0.2194515033020849;0.20001346185633886;-0.09711312501464446;0.1847425283673848;-0.0056529251939729215;-0.013496045886186608;0.11688383698051381;-0.06915012828102306;-0.003096010225960625;49.23351055823491;23.928253029255316;5.7857015587684995;46.64130098527315;17.012636334395253;13.208719075797633;42.35828600866351;42.73179395734748;30.193408946593276;39.658658173791295;57.76459903675155;23.424597645402116;40.402468039304246;45.30119942634593;28.962318103232768;50.20800293460067;18.008560155360552;16.18829354432833;13.833562754115398;0.9715876212036728;-0.18928144610087555;0.42796745620073107;-0.11527412042426384;-0.033015872424869315;0.501274440916776;-0.059187482466537975;0.0599004578212799;0.4536977243876233;-0.023057220743606822;0.033950237938632354;0.34680821606436457;-0.013477539686061428;0.13688956869583127;0.9802686666619098;-0.2216468286052444;-0.038232111903113625;0.6316762959332389;-0.02238647585962353;-0.05360857866028353;0.2682123592123629;0.011047541105363755;-0.028369118913349582;0.17805434067607068;0.0065961358130076685;0.3293925505694214;0.9292073022673837;-0.16755398247234288;-0.021697165936028488;0.7045929207513254;-0.022546700953633408;-0.14043349724005633;0.1484538221184472;0.025195688129568083;-0.0916165956631499;-0.0036352490105104893;0.017123556196212687;0.42835912935690384;0.8666859392417036;-0.10687726951645707;0.008403469859164276;0.6432379821679128;-0.016438708468491582;-0.13759984684909893;0.11131286902801632;0.029878189822323445;-0.09247654618376609;-0.028192581270088092;0.01614799794252034;0.4612937406689077;0.8057894864153126;-0.05160361472775412;0.015714043890464366;0.506222828935689;-0.016141520448783482;-0.09445240161294591;0.11867809124190312;0.021896801208041796;-0.07356513367894063;-0.008711606679297325;0.018387747445292243;20.99463397131644;11.88338267246585;2.0410158273366488;15.493105857864517;8.95838028758884;2.25906960915807;22.55445071029009;42.49307542389919;48.37198953371743;25.941306128775864;52.7250824704699;55.087696306327594;28.016919044250947;41.41102399078694;57.31196786299433;30.965992272896088;11.733103415119974;7.4988361932351;4.676368655741068
0.9535701115372888;0.22531261329886224;-0.143930171097274;-0.43540869713336583;0.18707661171885312;0.19551370818587915;-0.24821151000155933;0.13717302085114544;0.2672663848635818;-0.12583586696132026;0.17328450395809122;0.2916278128744611;-0.11271769108249763;0.07740236837645942;0.5002347962775598;-0.9123746426019426;0.3123775047414035;0.4631923452010608;-0.1751576267753406;0.23252094640589288;0.23010560123967497;-0.028870666663829102;0.1824004754975501;0.12372387371340648;0.004419363401949409;0.030144404285838013;0.7284720915271146;-0.6844119569063382;0.3623887050506309;0.41625556274517567;-0.15189046487053084;0.27771370440652404;0.06423709456419201;0.050011385027273904;0.18832979083088022;-0.058638166542720686;0.04303019347348261;0.04542710451043541;0.8809843392877279;-0.44846922401731953;0.3263606822777542;0.3360868618866045;-0.1243167863224697;0.23124934104198125;-0.043559657527716976;0.042876116693618536;0.14599008304905028;-0.104728953896605;0.03853535826883001;0.09839134617263265;0.9746490039151003;-0.2336623456281818;0.21933101947540157;0.19855018036072247;-0.09629814232013492;0.1830837022020892;-0.009938543155689133;-0.006773036980318176;0.11138407694503635;-0.07772543518592669;0.003675295395836654;49.40465115985939;24.125540206894843;5.471466167991575;47.12034210779963;16.59019865486964;12.224545950466398;43.0779476921062;43.691267350250925;29.82568357497392;40.14229825015627;61.39727634556756;24.565611367920624;40.686221591595235;47.13348044277582;32.00544412823958;49.997183936106474;18.201175794949314;16.248409676682734;13.78536411074741;0.9721012857400873;-0.19113771694612464;0.43516261441270077;-0.11878666039123077;-0.03316482329761049;0.4979434810421768;-0.05879746008035961;0.059319821036697556;0.44781149904319983;-0.022270092780198005;0.0317549691777274;0.34508703019338854;-0.012298394588690252;0.14329848776460005;0.9817272322790572;-0.215782859281284;-0.0466177761446825;0.6283315632448464;-0.02525141869280756;-0.0561544314551789;0.2737966719118042;0.006736229667213135;-0.029856300455390773;0.18488751360997552;0.00427619557112911;0.333045594194387;0.929197765834726;-0.16022529187198026;-0.02958191139797247;0.7006057018104558;-0.024232918975356395;-0.14216521979801783;0.15044922998870533;0.022352407590755057;-0.09248365476669236;0.005061826305641438;0.015588319042304594;0.4286503712995138;0.8671638456805028;-0.09944350819659797;0.00045719428496742787;0.6359979331459579;-0.01864806088614457;-0.13840048174099573;0.11699689259025485;0.02719104732306034;-0.09304758268231833;-0.015793387781667136;0.014803773507169835;0.4589919723290272;0.8068853913352511;-0.04460037918154093;0.006253182951621154;0.49805431718727783;-0.018706023391118647;-0.0976099234717883;0.12141865165284496;0.019398456292920144;-0.07491642879582387;0.0006997941241580133;0.017150379185188986;20.881138745393418;11.966944902576799;2.418800863481567;15.937446587428965;8.21402505521195;2.417656671561395;23.174721773072413;41.69985004487264;43.18649631908396;26.531627984191527;50.708019891806536;49.228955087647314;28.892878897311046;40.503735693324124;50.15882113553685;31.20420068493174;11.61956840047169;7.336608762521192;4.554826755661937
0.954528853905955;0.22354192398132208;-0.145021244728807;-0.4342137256128782;0.1861480763195158;0.19504293598315003;-0.2480458098998185;0.13695382344442508;0.2688053386424987;-0.12577353734053648;0.17042177682578474;0.2967662426195322;-0.11211780469760861;0.07474141240999693;0.4922979994768273;-0.9150694028795499;0.31316843901131264;0.4591597213248759;-0.17469712119989614;0.23100069930157094;0.2352980902456294;-0.026569510085613892;0.18170349404460528;0.1319712906251165;0.00585418455000944;0.02539522330044966;0.7251719070151602;-0.6880994026370871;0.36500476699290263;0.41015195988192876;-0.15189796636753897;0.2764489754181443;0.05954170548644905;0.05606623443228099;0.18651482116577345;-0.060262688958156535;0.04845866419403722;0.040116773454464884;0.8810919705432568;-0.45287615329672554;0.32671179804749834;0.3356327966268856;-0.12267620317234326;0.226826409370793;-0.054635984760662455;0.05477576310096833;0.1390543906977826;-0.11583239394485843;0.04811475795515592;0.09552527616716217;0.9758829409768565;-0.2394780551240261;0.21920188945491162;0.1970987165475909;-0.09549041852964507;0.18144026330508842;-0.014161521489865879;-0.0001472333795009787;0.10595881988820519;-0.08617266238000201;0.01034819996324945;49.574208747239254;24.318873786583243;5.234609870214226;47.593469176535706;16.254646229557597;11.31432662583361;43.79209187075647;44.66338616805625;29.4441489308612;40.62039024473607;64.9950451977726;25.50668234661689;40.970839770041266;49.00288350311776;34.89967054128678;49.78845777785832;18.39268986566853;16.30831471844496;13.739688249778222;0.9726149502765016;-0.19297693867043392;0.44231211657410735;-0.12228317000907743;-0.03331121482501218;0.4945869214303624;-0.058404407260674876;0.05873655807653989;0.441908911100944;-0.0214832901566868;0.029562636217386574;0.34334675008806964;-0.011121144352597605;0.1496830654551317;0.983116835527036;-0.20991798092488134;-0.05498100520278426;0.6249525496325765;-0.028108073502383958;-0.058690666358971286;0.27934982279875537;0.0024344010858495697;-0.03133806053772308;0.19169258860924568;0.001961314578251234;0.3366679663411879;0.9291261596228492;-0.15290277938672206;-0.037446514148964084;0.6965808526215183;-0.025913632740810558;-0.1438834526740009;0.15242998710040367;0.019514184138121674;-0.09334253618824209;0.013738525858523597;0.014055577320970942;0.4289122985498055;0.8675827045927529;-0.09202022868725737;-0.0074708041188835;0.6287320654755055;-0.02085107697541411;-0.1391900236895652;0.12266000243871422;0.02450827884545289;-0.09361108583309122;-0.0034217058977432423;0.01346165684870859;0.45666483591440743;0.8079248528839267;-0.037610298321954026;-0.0031862986121743153;0.48987134371189955;-0.021263367887271397;-0.10075364801337162;0.12414478442976944;0.016904571145684662;-0.0762596044753982;0.010089464887070692;0.015914715704886208;20.77238563274102;12.0521270125516;2.800062688193988;16.472825972789565;7.486665500369249;2.5819478013532122;23.827881347637394;40.909183358837154;38.117342877037274;27.157563036606785;48.7349221075173;43.05782503192221;29.82276845758964;39.56261895973965;43.209792968923516;31.45331556955767;11.50762026080069;7.175853909615431;4.435726125377428
0.9553828339568068;0.22301088001006983;-0.14265984563102482;-0.4312984986748003;0.1857681418112166;0.19470438962585068;-0.24713599336508507;0.13702934297337113;0.2694922300538817;-0.12534829025391958;0.1689856084041734;0.29934585724411555;-0.11115799898358501;0.07610109009255794;0.4900428369344612;-0.9136972811382202;0.313006424094217;0.45723249794549986;-0.17295470403899998;0.23009002489714622;0.2374239037792564;-0.023430746682646948;0.1809712729012561;0.13493011253083306;0.008183641161887191;0.024066556593737257;0.7251276186603306;-0.6881938226326348;0.3652055697270663;0.4103107182998506;-0.15047784097878236;0.2744147895947857;0.05585542489664467;0.061618034796862224;0.18379427356672973;-0.06150896670505289;0.05337933021248767;0.0370873309196117;0.8830587970520499;-0.45416991663434064;0.32624566101253144;0.3388700581921368;-0.12042434519787776;0.2227286167431807;-0.062364047151879924;0.06366122014392976;0.13321129562346365;-0.12247975027493446;0.05520176974992659;0.09270112716536333;0.978715431021026;-0.2422476876630079;0.21910730216672356;0.1995007161639899;-0.09351257393248032;0.1797164145283386;-0.018191992434484366;0.005463209144478733;0.10166651964792338;-0.09303392033882475;0.015577470242158506;49.4360576369768;24.393878117970743;5.160171907467975;47.728870502940744;16.337403917766125;11.042799609672322;43.97343099711256;45.79511088816656;29.25867696888791;40.65765018696028;67.8786200581346;25.915203192976886;40.78406010805894;51.133894111780435;36.87671434137138;49.57766003736408;18.483487483815114;16.295517806615223;13.645840216514568;0.973087902045308;-0.1948379520441207;0.44515497236885826;-0.12630185682894693;-0.033557624085296216;0.49306076396839627;-0.05870000567198274;0.05556408938573496;0.43871403266774117;-0.020964910249420172;0.02667835071873298;0.3435392205219056;-0.010135400627064833;0.15670355761900379;0.9863394813113974;-0.2092756944911013;-0.05502572404986262;0.6282524684282135;-0.029015325851950304;-0.0595607149806465;0.28323854000505483;0.0012455769006408512;-0.03261002084651897;0.19419162040481838;0.0018913134948230353;0.3413725163516233;0.9279663384009925;-0.14947668672544065;-0.03784575068309389;0.6971902614502832;-0.026017039404666657;-0.14393721329700254;0.1555403261289899;0.019720382909422383;-0.09406812060882873;0.018277783582363438;0.014807019194092247;0.43116213080870774;0.8643979200172826;-0.0866329550592693;-0.008525227760364865;0.6268098659003444;-0.021502492422928274;-0.13922310205986832;0.12641294026433028;0.024143452667900495;-0.09388596769200243;0.0033221915147526237;0.01388472319276194;0.4567494973576317;0.8047981386475929;-0.03067961853191313;-0.005310131838633225;0.487985803211119;-0.022276210630370514;-0.10207343617530315;0.126111821668425;0.016073116047257537;-0.0770945076657977;0.015154929886749921;0.015971560010311497;20.892425914630692;11.791957249113912;2.9603484784120155;16.673252327887766;7.447412380273881;2.362376647579339;24.071839231419805;40.32411241392659;36.100879072130475;27.415317841682366;47.784987114703696;39.83277948255483;30.184089239929104;39.19774107399942;39.83900790498927;31.89305614926759;11.457687960752368;7.164057862843227;4.446527130431235
0.9560277641621424;0.2249175778361559;-0.13340004563989066;-0.424896564496222;0.18646276740196283;0.19461758406832017;-0.24472764337454722;0.13768986734073216;0.2685115803699254;-0.12419269032379537;0.17033187157113044;0.29693333809000755;-0.1094588558599538;0.085454969597726;0.4989667419108092;-0.9042368022870715;0.310953382781156;0.4594166527482226;-0.1686264070479499;0.23035962054246337;0.2335400403086005;-0.01854662228144325;0.18014841999338935;0.12750587978232783;0.012348604187498429;0.02946946136140436;0.7315234431951033;-0.6811791268844408;0.36063163678023313;0.4228654289958563;-0.1461925483539945;0.27080041578197295;0.05406282331473406;0.06632948958639474;0.17920518421774728;-0.06204145694175892;0.05743260751238143;0.038486680775487364;0.8887577142720141;-0.44933823261607053;0.3241484882609281;0.34950176720150616;-0.11689959051099096;0.21915911517617115;-0.06368228689061514;0.06683031628248248;0.12936659420018712;-0.1204946798836075;0.0575547244354383;0.08988073596409606;0.9847882215093428;-0.23906640009547755;0.2190779190894784;0.20959497388933096;-0.08916366926618657;0.1777848170874473;-0.021954194862483286;0.009221271988628122;0.09949592460852236;-0.09694841356242886;0.01809617578814543;48.665599485171974;24.237516895481953;5.2824157857074;47.19594624056644;17.13274874297263;11.975305330257369;43.10781235886903;47.23083116239498;29.487008301041502;39.83331111995637;69.44999051936266;25.605426060930167;39.689816527119305;53.74327523383238;37.319097838564325;49.34220344414409;18.37324482195804;16.137815958253597;13.453545454381462;0.9734796127919936;-0.19677893605937177;0.4394057979555311;-0.1314306893247629;-0.03401031239327003;0.49522272753558405;-0.06038713907843133;0.04714888584307819;0.4409453214471921;-0.02098043772893583;0.02236676533299079;0.3476393456236684;-0.009522149161981698;0.1651042693994861;0.9933476221388382;-0.2191343998576344;-0.038354689787167835;0.6450575128141598;-0.026018129964332556;-0.057096883834740146;0.28385008144139345;0.006298036514138628;-0.033479043348798955;0.1880803738965366;0.006332549093509557;0.3483346199003512;0.9246591165216623;-0.15384573706234736;-0.023247656015806587;0.707163693427119;-0.022953083602519873;-0.14065476897667484;0.1609713870847781;0.02604955084770334;-0.09454096618565465;0.014562140949844796;0.020160316850595255;0.43746286669669165;0.8539793676921269;-0.0852718758701185;0.004221306818184889;0.6356399196172036;-0.01904518608238302;-0.13774445495125506;0.1263836698151606;0.02843414053370884;-0.09358995393076211;-0.0011560532552329379;0.01786209732515391;0.46170996937474384;0.7933042313257936;-0.023778578875505777;0.007241590590638366;0.4987617482477436;-0.02019942139475669;-0.09975074749529864;0.1265866175259954;0.018572996623113014;-0.07692343342178194;0.011596879464311942;0.01862795362037528;21.47659421772845;10.851378741389537;2.6765618254402397;16.161324251196238;8.724669905751075;1.436439514232702;23.476573361615998;40.16145510845007;39.82880724194521;26.903120268724326;48.79718048702789;42.64435958786802;29.363028831757358;40.00331116948388;43.02472750477781;32.70156352248045;11.534014308038957;7.4570451563086895;4.72702409583384
0.9566726943674778;0.22680787569482289;-0.12407243173063;-0.41840772388693587;0.18713884352976556;0.194506879537843;-0.2422763877288272;0.13833751929178503;0.26749314494919113;-0.12301568909103719;0.17166516877192628;0.29447160930460703;-0.10773704543568709;0.09485085933650951;0.5078805054001417;-0.8946146512145099;0.308851454727517;0.46155774695661506;-0.1642536267723459;0.23060300961572913;0.2296063685571639;-0.013632962883441829;0.17929929411700332;0.12002480359288346;0.016535364994143254;0.03489902463099177;0.7378670154983874;-0.6740432668006615;0.355988747948696;0.4354394509602754;-0.14186571178448024;0.26713325756201334;0.05225369645800656;0.07105930297443516;0.1745688809839884;-0.0625694599863867;0.06150163435100547;0.03988922323085877;0.8943815670800735;-0.4444254798528758;0.32200059460762676;0.360150863426089;-0.1133410676396927;0.21554329282046925;-0.06500023461105943;0.07000908851867754;0.12548483613615047;-0.11848401609414883;0.05991390865393115;0.08703376471791761;0.9907764845833659;-0.23583856700217812;0.21902201531802168;0.21972044597166931;-0.08477972597300228;0.17582103281904746;-0.025734787906553033;0.012999234157013921;0.09730122531310816;-0.1008731264832426;0.020626784572639154;47.86297117951554;24.07866746840114;5.412359947155809;46.65701833804443;17.958720103323405;12.98110595921767;42.25322993709896;48.667233550719;29.717847081271653;39.02249994128641;71.0149062313107;25.289263731446404;38.64737321521759;56.349701390743;37.695482969953886;49.080150405592406;18.26010674867245;15.979921292230456;13.26398319420005;0.9738713235386788;-0.19873112628738243;0.43354150540527686;-0.13662027071477242;-0.03446656665750936;0.49737505088526507;-0.062092881224305084;0.03861294692874888;0.44317228337015674;-0.02099449961467999;0.017993463853519465;0.35176859512661995;-0.008899611443207528;0.17360850490371826;1.0003735558838465;-0.2291125624982024;-0.021448883137837223;0.6620444225741459;-0.02297719310266665;-0.05459423387301191;0.2844473741417967;0.011420211860356069;-0.03435746071040393;0.18186911861303875;0.010835002700528146;0.35536556868920377;0.9212318266122227;-0.15826318026283465;-0.008444809940124686;0.7172190658923473;-0.01984470461548669;-0.13731543209572317;0.16646502995950582;0.03246459564868776;-0.09501280686650444;0.010793690271460056;0.02558640042845509;0.4438161131052913;0.8433475764864878;-0.0838850462337556;0.017144657919112374;0.6445417548448069;-0.01655220112093404;-0.13623421818519976;0.12634386400946138;0.03278218280468059;-0.09328232567154125;-0.0056964452480863315;0.021893318599732134;0.4667023813650767;0.7815870021281921;-0.01677972103726658;0.01996717994038626;0.5096474889153073;-0.018092149567137745;-0.09738778330125099;0.12705786741392378;0.021106132759295848;-0.07674381679948374;0.00798844889546012;0.021319773647391484;22.083588810529715;9.934707213671526;2.4034168690952673;15.791351277734714;9.957062061139318;1.1049811917913717;22.925769843589183;40.02384136434056;43.47988470731178;26.425774437447043;49.794017270148586;45.44309967711445;28.604413765339956;40.7522073481474;46.247113443961695;33.518221344275254;11.617931900034584;7.765173541726339;5.029033167836788
0.9567950922484204;0.22765234992659958;-0.11920689137653458;-0.4141700149238866;0.1885224201610818;0.19663082130513077;-0.23879032490842067;0.13913769799128917;0.2672110682171299;-0.11973866944548425;0.17182115296014144;0.2933962627504265;-0.10387657426467355;0.10131879259084896;0.5137465690409624;-0.8883139039207816;0.30765275909318335;0.46345432042283824;-0.1609954564840887;0.23001515140517334;0.22626906859707369;-0.01093501816649869;0.1787157947292572;0.11691938330068845;0.018603232328076053;0.03841111839891043;0.7423368544769646;-0.6689249438229904;0.3548472170686903;0.4427892037572157;-0.13782139543441796;0.264767804028213;0.04706213123418734;0.0743869287729223;0.17120760261592105;-0.06442674620599508;0.06370200053182407;0.04098341881004998;0.8988380290894862;-0.4403193010902107;0.32146184529411614;0.3668509754850421;-0.10976312554951871;0.21133872071003604;-0.07357051181569696;0.07272391539317656;0.12065111087908696;-0.12148131559778577;0.061506284593090876;0.08539139297670484;0.9944318541298396;-0.2325622270615999;0.21913202842573307;0.22523152561278237;-0.08093292626135705;0.17322398224439908;-0.03281462520991509;0.015998602852712946;0.09447060565456267;-0.10784034978790265;0.022364973406728234;47.898632959685365;23.903284349715126;5.402226745173859;46.33678464039248;18.40733021158138;13.271745667189416;41.915338778376146;50.08633930274381;29.505839652221272;38.63034121118288;73.72660645337835;24.642246552615287;38.15205813269134;59.363912261355104;37.92983675794025;49.0003243923524;18.217506546881104;15.911137056525888;13.13776325024531;0.9732641042873256;-0.2092774833352103;0.4255752262047377;-0.14968686393356026;-0.044227900433736235;0.5102469296381638;-0.07241492482554546;0.029830773622600726;0.4620474642111285;-0.02794987253285822;0.017823991264571744;0.36585444703382153;-0.01534603448969589;0.1644235468423964;0.9985151979751706;-0.2673018322478952;-0.0058988881238349585;0.7011535918328591;-0.03161203766697192;-0.05529682025873591;0.3007808718006406;0.011982373397771088;-0.03619731183255791;0.18951173665942436;0.012969415791708445;0.3535521316115279;0.9156531047552054;-0.1912597238968458;0.00045433900725861434;0.7586787963593651;-0.026758464146435998;-0.1417019953928287;0.16334079193068896;0.03810949199793963;-0.09702424144064387;-0.005148705937979363;0.0302906609347914;0.4494038925577873;0.839298124789493;-0.11110209578046706;0.02183199287171817;0.6840419065119868;-0.02130492972453226;-0.1400278535832443;0.11221916245294361;0.03971751945765991;-0.09221572940426699;-0.026638413600082747;0.027442754743989335;0.4776740326518689;0.7823551179513758;-0.03889482922778891;0.027280376879373312;0.545956907655256;-0.020160444614535727;-0.1000259203774302;0.11647436803674216;0.024885039630318004;-0.07668604844592673;-0.011087125162452584;0.024119183081161115;22.738032399171544;9.75154299214931;1.3894338900400238;15.597895613000553;11.042187941712076;1.6500690258998374;22.774274416154483;42.528774047173975;51.004051470655064;26.706495666225123;54.62230046734271;53.11230929309248;28.524791785966624;44.809194281298986;56.428752896278326;34.193532437461286;12.065065133931371;8.225502722124693;5.318663975304584
0.9559845531866048;0.22665480024908266;-0.12240253805674992;-0.4140763716945945;0.19119579382521495;0.20277750270150163;-0.23352041818412939;0.14022900167497676;0.26829836678658203;-0.11274551271222531;0.16989538641597896;0.2948668844989685;-0.09623282052512666;0.10250100866433096;0.5141897204449087;-0.8881765414271104;0.3081374178825071;0.4649779210491239;-0.15979118333762374;0.22798242506759045;0.22406873173729727;-0.012233888290038209;0.1786447797148;0.12170500009193498;0.016858351310001175;0.03846287485142231;0.743540272055042;-0.6675840554495577;0.3600545733188016;0.4407890967759586;-0.13434181994103983;0.26480235561107524;0.03585876767558843;0.07518584628721453;0.17019046265436555;-0.06866274063487596;0.06254501860002727;0.041522811251769313;0.9013219356421861;-0.4377709736685588;0.3238688232005868;0.36647960593889456;-0.10619977554489575;0.20615119641970822;-0.09508296376015353;0.07459691544032174;0.11417266263801834;-0.13345260546535662;0.06172136814755522;0.08593736298528555;0.9940487694738188;-0.22926735037125265;0.21957702767502638;0.22246338179740272;-0.07809568697017943;0.16954394252527397;-0.04575523457038631;0.01757971174414073;0.09054038081955063;-0.12022221093190566;0.022671855629064007;49.477247054746194;23.71204777369528;5.14844531372606;46.41509625822169;18.140465810876886;12.202786600394093;42.48208403164523;51.50332370797158;28.482177251290196;38.96450979464321;78.42459071685742;23.38728032782254;38.561582554424994;63.156383301397035;37.712046162593566;49.28751046923667;18.30486219498437;16.00116511977176;13.121005546396798;0.9708733806384556;-0.23621277052430373;0.4105044053461028;-0.17824231627603979;-0.07267152495496151;0.5421104360197821;-0.09994074711803345;0.019810779826192556;0.5122419943112696;-0.04884900310846718;0.025803421275720814;0.3983423545276146;-0.036025755450896986;0.11891711183826281;0.973335625043098;-0.3619368201918618;0.008051543657057373;0.7823096875835572;-0.06358649398889296;-0.062028170777790256;0.34739900812384417;0.0035503782890180797;-0.0398409309065015;0.2238020773806821;0.010516559294171012;0.3322039503357491;0.9002157112577802;-0.2815176878740871;-0.0016624664668361316;0.8602546609864925;-0.0536753652775744;-0.1607505696646107;0.14213274900492212;0.04239615747874118;-0.1016377590206703;-0.046046546473140125;0.03371420056993173;0.4512761307060135;0.8430960998913829;-0.19570641107077977;0.010517091997827523;0.782372723495803;-0.040491792635045466;-0.1536933470198063;0.06882941364693516;0.05196995877001515;-0.0890569120431934;-0.08105329487043664;0.03618663334984195;0.4983814067085009;0.8032195351464847;-0.11947617879435941;0.02428397343235359;0.6315079670653525;-0.030457093983585627;-0.11209398157012652;0.08279193800807907;0.031220166900830126;-0.07642340770377593;-0.06176455012221239;0.027177175547654156;23.76076089894899;10.91996360468808;1.512467218461183;16.800224731262233;11.909095740119778;2.0725818887303253;23.743498319199325;50.36360868776238;63.883503694203604;28.468486454084715;68.71276689069971;63.206463342824605;29.827566043679386;57.45299063413409;72.8159689075884;34.486428850319655;13.203112603368774;9.037122651704534;5.662785360968849
0.9551740141247892;0.22565701081363568;-0.1255961982180887;-0.4139814307538762;0.19386721735470874;0.20892046914228282;-0.22825237398921316;0.1413193074238337;0.26938425364194074;-0.10575546754339955;0.16797002596825505;0.29633581765941003;-0.08859255548935831;0.10368230407576463;0.5146309821847688;-0.8880363638198492;0.30862083530551876;0.46649925448456386;-0.1585869903030392;0.22594996943913623;0.2218687616423509;-0.01353207278910064;0.17857322005343512;0.1264878419616111;0.015114283264094518;0.038514480698414594;0.7447406773252064;-0.6662416665998337;0.3652581711326595;0.4387885534162583;-0.1308635386518565;0.26483603034405073;0.02466085896035868;0.0759841224251677;0.1691732759855378;-0.07289640565988109;0.06138840896785971;0.04206180066029932;0.9038016808894005;-0.43522249228808746;0.3262735527303378;0.3661072313108436;-0.1026378527659921;0.2009655825441057;-0.1165844092172205;0.0764687418986533;0.10769706537174446;-0.1454175089507286;0.06193614436892808;0.08648278250008166;0.993662648188966;-0.22597336786617644;0.22002109278706067;0.21969589232004197;-0.0752596050597967;0.16586518241608775;-0.0586892602265039;0.019159977303221058;0.08661181648882044;-0.13259752447488005;0.022978511640608008;51.05096063692112;23.536024871572796;4.925301345500103;46.49311395763432;17.876334548627376;11.174290106139756;43.04792078312159;52.954823151287776;27.437284586591083;39.29739396917736;82.95100892486214;22.137292967884008;38.97710259741831;66.96064953652657;37.10773362398317;49.5760509966118;18.392276016828408;16.090750097993187;13.105083716630261;0.9684826569895858;-0.2639895660942058;0.38923589429540173;-0.2084516029656602;-0.10386923956248763;0.5721973410793451;-0.12981927120257888;0.008341358806264448;0.5632443014994915;-0.07181970193928955;0.034498308671255515;0.4306481529655604;-0.05888520920478028;0.06652254997902217;0.9347674002521992;-0.4644669973908789;0.023643912734536;0.865256202366573;-0.09884799273591272;-0.06893819724386088;0.39612180830834215;-0.005962870138770992;-0.04351514370777631;0.2599753703473629;0.007649084577948195;0.3047073247597165;0.87336727928394;-0.37997768581055535;-0.004023764399837844;0.9653261207468435;-0.08335783367793106;-0.18046072616179082;0.11679944907798134;0.046766053021935344;-0.10574978491905786;-0.09152114445369008;0.03720574655884439;0.44861777019655347;0.8384669468436062;-0.2887184771134371;-0.0023094537962698777;0.8846193309486059;-0.061626458837514414;-0.1674285335784014;0.019342140167603213;0.06519066779608337;-0.08456724254438919;-0.14134876108228983;0.04563102440853057;0.5163926528370176;0.818190278357897;-0.20877174636527523;0.02066037793693432;0.7209849175363213;-0.041706935684461835;-0.12447299392417478;0.04406629194862644;0.038010041993502004;-0.07532175139605929;-0.1180634610989152;0.030326909610566187;25.26994856546482;12.187166005033603;3.7326060839746633;19.99243034974787;12.738436770747981;2.5389665918809117;25.637944848290193;59.06419122379507;71.43894342491471;30.608403544138476;85.17472913454131;62.21154758982529;31.56912228819238;73.84935520224684;74.30653133675635;34.56148945226315;14.379393463891242;10.00363495647307;6.16568135980755
0.95707284996537;0.22473438307806629;-0.12708173673752185;-0.4108358891546116;0.1968535641670361;0.2121203937355786;-0.22327889463121564;0.14301069836047384;0.2732563942519968;-0.10109238754784713;0.16581967462703442;0.29963090288026;-0.08326191399721947;0.10571135852429077;0.5192137624194738;-0.8789278002136128;0.31127476477998645;0.4682778392804843;-0.1575466254042947;0.22560250043979171;0.21771671523584804;-0.01412079365111272;0.1789586402042547;0.12553819807726127;0.014568313090718873;0.038698931742260335;0.7515209108988624;-0.6585732405463738;0.37117750446893827;0.43891528745730957;-0.12959423710354975;0.2645544819824826;0.016491569350646194;0.07552076049332417;0.1676463266162767;-0.07897266419333614;0.0608025936919549;0.04212575281083609;0.9116090929702272;-0.4293000149878891;0.3302341544816592;0.3676348132337993;-0.10248845079935989;0.19804176162456502;-0.1289535457275632;0.0764227728769626;0.10336080660992879;-0.15469409498650172;0.06241305024290076;0.08671639034296878;0.9994150483691333;-0.22180424491920156;0.2222247203742403;0.221020564597821;-0.07581465334982701;0.1638077328380717;-0.06720375355557341;0.01912322626662275;0.0835724857443878;-0.14180024864558993;0.023423438158928063;52.07243515260514;23.627226625851122;4.662812052983402;46.23826132176789;17.89534819814001;10.978729594639686;43.19692226744994;53.91806636558942;27.592767438942623;39.44689151043823;85.35105279157236;22.010750989414145;39.133993572291345;69.51302701406972;36.930705180222226;50.18385517524781;18.5221875611969;15.999719075443853;12.911624872370796;0.9669893980026244;-0.28118949189134435;0.37229630395383595;-0.227659171711306;-0.12441540891584979;0.5890030018192529;-0.14930323179922772;0.0004912439632287059;0.5943253790049098;-0.08697742552410394;0.0401892049986327;0.44986453455486747;-0.07404975956760691;0.030480538560714934;0.9025899053791268;-0.5312065162221996;0.034092927011285815;0.9161278483085737;-0.1221887413589528;-0.07319620189709665;0.4267186004018047;-0.012391990807252378;-0.045735494077408095;0.28290884576264486;0.00565100832916894;0.2840726767812473;0.8495483279907183;-0.44448886680603367;-0.005603331272079252;1.030600462381154;-0.10300468551244986;-0.1927093876928929;0.09883326228310083;0.04943860728505264;-0.1078710444176837;-0.12185149003324451;0.03934213907027072;0.4439508767236949;0.8299751933033219;-0.3501078754167012;-0.011014251563760432;0.9484877994322473;-0.07560101988606564;-0.17569846913606246;-0.014422735457670526;0.07376257979404328;-0.08097607596292665;-0.18143674350722622;0.05176046932312456;0.5253449783121766;0.8231518401953555;-0.2681442830877023;0.018065347756932255;0.7772156342213603;-0.04908874495205539;-0.13209482061138347;0.017459593719086113;0.04238352026678914;-0.07409270084558855;-0.15558300792426935;0.032274786916227566;26.45971683421551;13.01168723585062;5.09392386313789;22.873004025328548;13.234646776358227;2.823268960668724;27.378050417808232;64.83353029626791;73.29691709498866;32.18073923458434;95.46591559269496;58.22325369065574;32.88637102054961;85.20582345350837;69.86422839379982;34.475239299205136;15.10108445860801;10.686389450886036;6.560606511197495
0.9634795856264556;0.22384016323852385;-0.1256675261157608;-0.40239744390842036;0.20030754736352396;0.21033128467878845;-0.21867388798586368;0.1456615643074381;0.28170683743208325;-0.10025047137138918;0.16321093412520915;0.30588300742447944;-0.0817260803343477;0.10913009817974054;0.5305479626911825;-0.8543929739623328;0.3174528732767752;0.470309314394303;-0.15670946538201377;0.22798093024952878;0.2101814344841261;-0.013520584753681859;0.1800388966653194;0.11493834127737516;0.01601762976991025;0.039091267593013554;0.7673803415060347;-0.6399994408341722;0.378184603523435;0.4424248616057731;-0.13196029980849405;0.26363630866618254;0.013327929259168623;0.07291238058817193;0.1651879647073028;-0.08814187196087353;0.061143316262081804;0.04137813535900221;0.9280158789157505;-0.4175170020148716;0.33669163045608785;0.37220328743899245;-0.1080070780307658;0.19880264293746153;-0.12607275828282888;0.07313624557963931;0.10253304740231665;-0.1594726983991677;0.06330657710719557;0.0863946640492066;1.015074101099608;-0.21605228033926932;0.22729784320976945;0.2291126319771946;-0.08201755725031946;0.16438298132876913;-0.06835346011058528;0.016372527718089062;0.08196658441150297;-0.14569932007527794;0.024093297885233126;52.18340106203122;24.137830698288276;4.337648726097459;45.41064513135935;18.424895523492513;12.177579368570841;42.6794321076729;54.03863641588365;29.744975228163042;39.329439502615465;84.50830728482404;23.69283375208442;38.888013933688754;70.00077110631825;37.898894970728776;51.351570106653;18.701600160291473;15.592944624895315;12.423042141539739;0.9669893980026244;-0.28118949189134435;0.37229630395383595;-0.227659171711306;-0.12441540891584979;0.5890030018192529;-0.14930323179922772;0.0004912439632287059;0.5943253790049098;-0.08697742552410394;0.0401892049986327;0.44986453455486747;-0.07404975956760691;0.030480538560714934;0.9025899053791268;-0.5312065162221996;0.034092927011285815;0.9161278483085737;-0.1221887413589528;-0.07319620189709665;0.4267186004018047;-0.012391990807252378;-0.045735494077408095;0.28290884576264486;0.00565100832916894;0.2840726767812473;0.8495483279907183;-0.44448886680603367;-0.005603331272079252;1.030600462381154;-0.10300468551244986;-0.1927093876928929;0.09883326228310083;0.04943860728505264;-0.1078710444176837;-0.12185149003324451;0.03934213907027072;0.4439508767236949;0.8299751933033219;-0.3501078754167012;-0.011014251563760432;0.9484877994322473;-0.07560101988606564;-0.17569846913606246;-0.014422735457670526;0.07376257979404328;-0.08097607596292665;-0.18143674350722622;0.05176046932312456;0.5253449783121766;0.8231518401953555;-0.2681442830877023;0.018065347756932255;0.7772156342213603;-0.04908874495205539;-0.13209482061138347;0.017459593719086113;0.04238352026678914;-0.07409270084558855;-0.15558300792426935;0.032274786916227566;26.45971683421551;13.01168723585062;5.09392386313789;22.873004025328548;13.234646776358227;2.823268960668724;27.378050417808232;64.83353029626791;73.29691709498866;32.18073923458434;95.46591559269496;58.22325369065574;32.88637102054961;85.20582345350837;69.86422839379982;34.475239299205136;15.10108445860801;10.686389450886036;6.560606511197495
0.969886321287541;0.22280342416112178;-0.12416583761517476;-0.39364688800084424;0.2036688106858562;0.20840049210447753;-0.21389911365104822;0.14824614424940177;0.2900562858230101;-0.0993411130228537;0.16048226329032114;0.3120015235010459;-0.08012831436726264;0.11251090132918394;0.5416544669827483;-0.829141296595238;0.3234897994477885;0.4720733449854061;-0.1557708004952394;0.23024112299163357;0.20245753430744562;-0.01290729724767629;0.18101924917932885;0.10418231217251445;0.01746913283607551;0.039463202911586275;0.7829060620519277;-0.6208870699396968;0.3850206222963083;0.44569593032864296;-0.13426602134814533;0.26255138293517444;0.010130347915503069;0.07023861424186512;0.16260970901717345;-0.09733288183352772;0.06144989631173964;0.04059940676329567;0.9439964093744712;-0.4053853742684094;0.3429985900957161;0.37658433651901;-0.11350563245610887;0.19944967312061862;-0.12309224579566949;0.0697786466965679;0.1016365831911864;-0.1641940870982722;0.06416917895293;0.08601812179653637;1.0302481951687228;-0.21012274488512916;0.23227519481681808;0.23713253889350652;-0.08822168628250321;0.16486364918865581;-0.06947128985875126;0.013589428454718595;0.08029803207755788;-0.14954229795433255;0.024754087198385264;52.29311133276283;24.6439587259784;4.0978702360089425;44.555488250823274;19.018670062327327;13.474165079565372;42.201312219830704;54.17105046023464;31.85519406082286;39.26332284568804;83.64042529719703;25.37640445906724;38.69009586501132;70.45009075338368;38.86374340858686;52.56441225897806;18.848296572913167;15.164037690190607;11.93699545891963;0.9669893980026244;-0.28118949189134435;0.37229630395383595;-0.227659171711306;-0.12441540891584979;0.5890030018192529;-0.14930323179922772;0.0004912439632287059;0.5943253790049098;-0.08697742552410394;0.0401892049986327;0.44986453455486747;-0.07404975956760691;0.030480538560714934;0.9025899053791268;-0.5312065162221996;0.034092927011285815;0.9161278483085737;-0.1221887413589528;-0.07319620189709665;0.4267186004018047;-0.012391990807252378;-0.045735494077408095;0.28290884576264486;0.00565100832916894;0.2840726767812473;0.8495483279907183;-0.44448886680603367;-0.005603331272079252;1.030600462381154;-0.10300468551244986;-0.1927093876928929;0.09883326228310083;0.04943860728505264;-0.1078710444176837;-0.12185149003324451;0.03934213907027072;0.4439508767236949;0.8299751933033219;-0.3501078754167012;-0.011014251563760432;0.9484877994322473;-0.07560101988606564;-0.17569846913606246;-0.014422735457670526;0.07376257979404328;-0.08097607596292665;-0.18143674350722622;0.05176046932312456;0.5253449783121766;0.8231518401953555;-0.2681442830877023;0.018065347756932255;0.7772156342213603;-0.04908874495205539;-0.13209482061138347;0.017459593719086113;0.04238352026678914;-0.07409270084558855;-0.15558300792426935;0.032274786916227566;26.45971683421551;13.01168723585062;5.09392386313789;22.873004025328548;13.234646776358227;2.823268960668724;27.378050417808232;64.83353029626791;73.29691709498866;32.18073923458434;95.46591559269496;58.22325369065574;32.88637102054961;85.20582345350837;69.86422839379982;34.475239299205136;15.10108445860801;10.686389450886036;6.560606511197495
0.9751430153078724;0.22392120904799317;-0.12185276800122581;-0.3849286310593714;0.20843114157062198;0.20840145141862615;-0.20892430187905153;0.15156740616964604;0.2984065582230292;-0.09761057101518944;0.15844201062621388;0.3160374793810045;-0.07759026751747393;0.11863802910990252;0.5518161094927229;-0.8060993043173305;0.32791340144484965;0.4769828265340298;-0.15385673690771867;0.23131540301138798;0.19304019069752731;-0.011455279288934979;0.1818994482245692;0.09253914845357814;0.019230380255070664;0.04248101143755549;0.7961596628052545;-0.6035935345818952;0.3901777960450262;0.45006174551583633;-0.13503350458497618;0.2611908625972406;0.004838539867325496;0.06738518287544773;0.16052843765611544;-0.1058117941769515;0.06062079065783768;0.04221756003669938;0.9578293736641776;-0.39447314663485844;0.3476984453604169;0.37984684413623515;-0.11713332961025706;0.20074832241768303;-0.12033153043085291;0.06495417314308279;0.10310755160993536;-0.16580484104399076;0.06265605636943058;0.08701767012765178;1.0437552936777301;-0.20472218683207535;0.23743503868134358;0.24234721682325205;-0.09225897392417955;0.16545601746393357;-0.07043710729547203;0.010279483642596607;0.08123725071518684;-0.15034217487161777;0.0237865009579925;52.43191574086078;24.98015264453858;3.89123201417901;43.69539911819549;19.995821296420548;14.924178637151197;41.645759188366036;54.79676098170531;33.215435549192726;39.1298634318975;82.61679442673633;26.12221569820664;38.781604899189304;70.37823061649902;38.63443900921247;53.598891349852686;18.913275381243178;14.770517958381761;11.50588238490505;0.9669893980026244;-0.28118949189134435;0.37229630395383595;-0.227659171711306;-0.12441540891584979;0.5890030018192529;-0.14930323179922772;0.0004912439632287059;0.5943253790049098;-0.08697742552410394;0.0401892049986327;0.44986453455486747;-0.07404975956760691;0.030480538560714934;0.9025899053791268;-0.5312065162221996;0.034092927011285815;0.9161278483085737;-0.1221887413589528;-0.07319620189709665;0.4267186004018047;-0.012391990807252378;-0.045735494077408095;0.28290884576264486;0.00565100832916894;0.2840726767812473;0.8495483279907183;-0.44448886680603367;-0.005603331272079252;1.030600462381154;-0.10300468551244986;-0.1927093876928929;0.09883326228310083;0.04943860728505264;-0.1078710444176837;-0.12185149003324451;0.03934213907027072;0.4439508767236949;0.8299751933033219;-0.3501078754167012;-0.011014251563760432;0.9484877994322473;-0.07560101988606564;-0.17569846913606246;-0.014422735457670526;0.07376257979404328;-0.08097607596292665;-0.18143674350722622;0.05176046932312456;0.5253449783121766;0.8231518401953555;-0.2681442830877023;0.018065347756932255;0.7772156342213603;-0.04908874495205539;-0.13209482061138347;0.017459593719086113;0.04238352026678914;-0.07409270084558855;-0.15558300792426935;0.032274786916227566;26.45971683421551;13.01168723585062;5.09392386313789;22.873004025328548;13.234646776358227;2.823268960668724;27.378050417808232;64.83353029626791;73.29691709498866;32.18073923458434;95.46591559269496;58.22325369065574;32.88637102054961;85.20582345350837;69.86422839379982;34.475239299205136;15.10108445860801;10.686389450886036;6.560606511197495
0.9789201813430376;0.22792986681234656;-0.11852305182982878;-0.3763844637140847;0.21509759345301296;0.21099658486666537;-0.20375999182525775;0.15590511185627803;0.3068676124701809;-0.0948422992970313;0.15735503127357967;0.31747007976799857;-0.0738516192470225;0.1283933702820786;0.5609452389218494;-0.7862143305228549;0.33035026867290146;0.48616749666777553;-0.1507235499198004;0.23092477515323648;0.18147705113021192;-0.008912283725421192;0.18271378094246005;0.07976554560939174;0.02140343153547855;0.04896749238660187;0.8067370260434743;-0.5888782178854121;0.39328514362144024;0.4560173341430798;-0.13384216409730898;0.25956253377331406;-0.0031865592299386396;0.06431978385428506;0.15915138791518163;-0.11340321945903038;0.058330965937152104;0.04697873829778859;0.9692061096708106;-0.38528615881229966;0.3504268186651624;0.38178598554259935;-0.1183632934385571;0.20296884361969936;-0.11789882211452551;0.05823643973626029;0.10770459863061499;-0.16341651863963616;0.05806468041436985;0.08984393518512378;1.0554634295915872;-0.2000816036806084;0.2429195485237644;0.24399014914840825;-0.09350374607177189;0.16625297134868341;-0.07122999148403235;0.006284159384452201;0.0856081241504199;-0.14722521858906237;0.020702263394605187;52.584718628973306;25.093005485376004;3.6733755275730693;42.822892974284336;21.531457125225582;16.545612002689953;40.943751314139476;56.096912877924275;33.60929618659658;38.86953316050696;81.40147253121259;25.64413332192298;39.197254886960955;69.68267710186801;36.83697440979974;54.362087210845395;18.894967268781688;14.43416110347154;11.141524488472227;0.9669893980026244;-0.28118949189134435;0.37229630395383595;-0.227659171711306;-0.12441540891584979;0.5890030018192529;-0.14930323179922772;0.0004912439632287059;0.5943253790049098;-0.08697742552410394;0.0401892049986327;0.44986453455486747;-0.07404975956760691;0.030480538560714934;0.9025899053791268;-0.5312065162221996;0.034092927011285815;0.9161278483085737;-0.1221887413589528;-0.07319620189709665;0.4267186004018047;-0.012391990807252378;-0.045735494077408095;0.28290884576264486;0.00565100832916894;0.2840726767812473;0.8495483279907183;-0.44448886680603367;-0.005603331272079252;1.030600462381154;-0.10300468551244986;-0.1927093876928929;0.09883326228310083;0.04943860728505264;-0.1078710444176837;-0.12185149003324451;0.03934213907027072;0.4439508767236949;0.8299751933033219;-0.3501078754167012;-0.011014251563760432;0.9484877994322473;-0.07560101988606564;-0.17569846913606246;-0.014422735457670526;0.07376257979404328;-0.08097607596292665;-0.18143674350722622;0.05176046932312456;0.5253449783121766;0.8231518401953555;-0.2681442830877023;0.018065347756932255;0.7772156342213603;-0.04908874495205539;-0.13209482061138347;0.017459593719086113;0.04238352026678914;-0.07409270084558855;-0.15558300792426935;0.032274786916227566;26.45971683421551;13.01168723585062;5.09392386313789;22.873004025328548;13.234646776358227;2.823268960668724;27.378050417808232;64.83353029626791;73.29691709498866;32.18073923458434;95.46591559269496;58.22325369065574;32.88637102054961;85.20582345350837;69.86422839379982;34.475239299205136;15.10108445860801;10.686389450886036;6.560606511197495
0.9826973473782028;0.23189792454409436;-0.11511106267951339;-0.3676019573520557;0.22175830396136872;0.2135415309731864;-0.19846056742882753;0.16023307331491937;0.3153086191624835;-0.09200701974675761;0.15619648198704666;0.31879924143223537;-0.070042910624887;0.1382105333278003;0.5699661318150858;-0.7658084846123245;0.3326901885488354;0.4952727337437469;-0.14749817695598585;0.23044272272444474;0.16971490967751998;-0.006337203355451819;0.18346846658264504;0.06681759165350507;0.023592965699370156;0.05550879635043291;0.817129898827823;-0.5737747833160307;0.3962794041506582;0.4618683732421033;-0.13258693436146232;0.2578180081842549;-0.01130111232133875;0.06119552134227071;0.15769881462819366;-0.12103767041981915;0.055993295490323475;0.05177599923224859;0.9803461673042831;-0.37585021628286946;0.3530539727908986;0.38360317623886464;-0.1195625524265723;0.20513797054570213;-0.11539420898169851;0.05142087681915069;0.11231299287943997;-0.1609396418640074;0.05339955983920053;0.09266827387372374;1.0669061292113133;-0.19531320841953426;0.24837448206521529;0.24555970579947628;-0.0947273476756836;0.16699628422994156;-0.07200499312012278;0.0022413345133673354;0.08999611576481274;-0.1440175778416517;0.017575384506655516;52.70018505454678;25.196817874860066;3.516211424838505;41.904126238007166;23.245373734607114;18.25062061777884;40.235614764356214;57.46851974804684;33.92404427126273;38.62270928171751;80.16493420962976;25.144188480894567;39.6077438137436;69.00283760836403;34.99150689377074;55.12966149228663;18.857931918755018;14.084890226478695;10.77624135973502;0.9669893980026244;-0.28118949189134435;0.37229630395383595;-0.227659171711306;-0.12441540891584979;0.5890030018192529;-0.14930323179922772;0.0004912439632287059;0.5943253790049098;-0.08697742552410394;0.0401892049986327;0.44986453455486747;-0.07404975956760691;0.030480538560714934;0.9025899053791268;-0.5312065162221996;0.034092927011285815;0.9161278483085737;-0.1221887413589528;-0.07319620189709665;0.4267186004018047;-0.012391990807252378;-0.045735494077408095;0.28290884576264486;0.00565100832916894;0.2840726767812473;0.8495483279907183;-0.44448886680603367;-0.005603331272079252;1.030600462381154;-0.10300468551244986;-0.1927093876928929;0.09883326228310083;0.04943860728505264;-0.1078710444176837;-0.12185149003324451;0.03934213907027072;0.4439508767236949;0.8299751933033219;-0.3501078754167012;-0.011014251563760432;0.9484877994322473;-0.07560101988606564;-0.17569846913606246;-0.014422735457670526;0.07376257979404328;-0.08097607596292665;-0.18143674350722622;0.05176046932312456;0.5253449783121766;0.8231518401953555;-0.2681442830877023;0.018065347756932255;0.7772156342213603;-0.04908874495205539;-0.13209482061138347;0.017459593719086113;0.04238352026678914;-0.07409270084558855;-0.15558300792426935;0.032274786916227566;26.45971683421551;13.01168723585062;5.09392386313789;22.873004025328548;13.234646776358227;2.823268960668724;27.378050417808232;64.83353029626791;73.29691709498866;32.18073923458434;95.46591559269496;58.22325369065574;32.88637102054961;85.20582345350837;69.86422839379982;34.475239299205136;15.10108445860801;10.686389450886036;6.560606511197495
0.9854759986429034;0.23568518253157292;-0.1122694133653005;-0.3562270616078431;0.22786204022822093;0.21684726664628007;-0.19173874414196557;0.16414990787641454;0.32518693173555263;-0.0886442264261755;0.156334860968128;0.31811616867109754;-0.06623140040163936;0.14692267601485118;0.577865501432963;-0.7408008608163497;0.3358057050838743;0.502691881350936;-0.1450095109653596;0.2302581748156875;0.16246783240836726;-0.006131135005578607;0.18342753514857082;0.06073511632377877;0.023594410643466093;0.06073476607535635;0.8288970987286025;-0.5560943156597422;0.4016647225682871;0.4669352278630815;-0.13049002858881215;0.25680598214951217;-0.020945374781452572;0.05879388435833538;0.15505762325198336;-0.12821033211291627;0.05404114052372533;0.05506184484267174;0.9937409534262344;-0.3659758640928512;0.3583904070959096;0.387117131523926;-0.11959590019340621;0.2051392348438102;-0.11879153074700687;0.0479406715194121;0.11222296992381457;-0.16379845756585656;0.051138200309810374;0.0940213092796355;1.0806916257085852;-0.19248721602964705;0.255109209897769;0.24863093982412932;-0.09584802233840078;0.16689635667860428;-0.0758977447785247;0.00023063310470745364;0.09071837454853215;-0.14514841864504424;0.01641373572350828;53.11081023679852;25.246046611470923;3.150549601173297;40.841331318574;24.163271631792888;18.74329059818502;39.75831841272395;58.99987970772662;33.93003721631411;38.615111496368016;80.40767413269288;25.02985523100404;40.04556108818806;69.50188416663127;33.92070467956191;56.198204644137356;18.864216080722077;13.626840274781681;10.274899264163064;0.9669893980026244;-0.28118949189134435;0.37229630395383595;-0.227659171711306;-0.12441540891584979;0.5890030018192529;-0.14930323179922772;0.0004912439632287059;0.5943253790049098;-0.08697742552410394;0.0401892049986327;0.44986453455486747;-0.07404975956760691;0.030480538560714934;0.9025899053791268;-0.5312065162221996;0.034092927011285815;0.9161278483085737;-0.1221887413589528;-0.07319620189709665;0.4267186004018047;-0.012391990807252378;-0.045735494077408095;0.28290884576264486;0.00565100832916894;0.2840726767812473;0.8495483279907183;-0.44448886680603367;-0.005603331272079252;1.030600462381154;-0.10300468551244986;-0.1927093876928929;0.09883326228310083;0.04943860728505264;-0.1078710444176837;-0.12185149003324451;0.03934213907027072;0.4439508767236949;0.8299751933033219;-0.3501078754167012;-0.011014251563760432;0.9484877994322473;-0.07560101988606564;-0.17569846913606246;-0.014422735457670526;0.07376257979404328;-0.08097607596292665;-0.18143674350722622;0.05176046932312456;0.5253449783121766;0.8231518401953555;-0.2681442830877023;0.018065347756932255;0.7772156342213603;-0.04908874495205539;-0.13209482061138347;0.017459593719086113;0.04238352026678914;-0.07409270084558855;-0.15558300792426935;0.032274786916227566;26.45971683421551;13.01168723585062;5.09392386313789;22.873004025328548;13.234646776358227;2.823268960668724;27.378050417808232;64.83353029626791;73.29691709498866;32.18073923458434;95.46591559269496;58.22325369065574;32.88637102054961;85.20582345350837;69.86422839379982;34.475239299205136;15.10108445860801;10.686389450886036;6.560606511197495
0.9866231203215956;0.23916693454879626;-0.11039350037293932;-0.34058911751962045;0.23302443787308016;0.2214176617012424;-0.18267949071583722;0.1673739172032809;0.33743743766570367;-0.0844185358686096;0.15864061315293976;0.3140955547351955;-0.06243215805007971;0.1537670752293632;0.58389069396266;-0.7082482922097262;0.3402162460885327;0.5072946344713042;-0.14376389285180155;0.23057974951611976;0.16277887387012652;-0.009874063965472158;0.18206853668679807;0.06611915338761543;0.019950372659809684;0.06375184713053038;0.8429456147586722;-0.5342081921372692;0.41103156678543923;0.47069596202854563;-0.12700372074976182;0.257029187559855;-0.033103949273441007;0.05760789421108008;0.15045189988809124;-0.13459213610713125;0.05274096693485035;0.05581900287415557;1.0108851066853213;-0.3554229181110344;0.3682370560914587;0.39346191243203926;-0.11769113382489255;0.20153632799089127;-0.13201681889998923;0.05003380226354344;0.10430803696471187;-0.1755454787150401;0.05289326963643256;0.09292131775578187;1.0983754457240418;-0.1929168138963729;0.26396238299055974;0.2542037303650002;-0.09679701856711537;0.1653985243157783;-0.08497496220955304;0.0016139604836252002;0.08533277999894262;-0.15351124579009182;0.018532160329730596;54.02831014886882;25.197504813207843;2.603501563666981;39.5463589383842;23.563582527196473;17.159182587281865;39.67279196733241;60.738151182002895;33.546739865691585;38.97493819582637;83.06818124763434;25.512348233433563;40.5247286468844;71.89641763854377;34.12021620689766;57.79957201070741;18.932540291836762;12.988108404704832;9.555284348660793;0.9669893980026244;-0.28118949189134435;0.37229630395383595;-0.227659171711306;-0.12441540891584979;0.5890030018192529;-0.14930323179922772;0.0004912439632287059;0.5943253790049098;-0.08697742552410394;0.0401892049986327;0.44986453455486747;-0.07404975956760691;0.030480538560714934;0.9025899053791268;-0.5312065162221996;0.034092927011285815;0.9161278483085737;-0.1221887413589528;-0.07319620189709665;0.4267186004018047;-0.012391990807252378;-0.045735494077408095;0.28290884576264486;0.00565100832916894;0.2840726767812473;0.8495483279907183;-0.44448886680603367;-0.005603331272079252;1.030600462381154;-0.10300468551244986;-0.1927093876928929;0.09883326228310083;0.04943860728505264;-0.1078710444176837;-0.12185149003324451;0.03934213907027072;0.4439508767236949;0.8299751933033219;-0.3501078754167012;-0.011014251563760432;0.9484877994322473;-0.07560101988606564;-0.17569846913606246;-0.014422735457670526;0.07376257979404328;-0.08097607596292665;-0.18143674350722622;0.05176046932312456;0.5253449783121766;0.8231518401953555;-0.2681442830877023;0.018065347756932255;0.7772156342213603;-0.04908874495205539;-0.13209482061138347;0.017459593719086113;0.04238352026678914;-0.07409270084558855;-0.15558300792426935;0.032274786916227566;26.45971683421551;13.01168723585062;5.09392386313789;22.873004025328548;13.234646776358227;2.823268960668724;27.378050417808232;64.83353029626791;73.29691709498866;32.18073923458434;95.46591559269496;58.22325369065574;32.88637102054961;85.20582345350837;69.86422839379982;34.475239299205136;15.10108445860801;10.686389450886036;6.560606511197495
0.987770242000288;0.2425342584202182;-0.10841145448208579;-0.3244729463911783;0.23810244133947991;0.22590274024167276;-0.1733534528933772;0.17052990053914094;0.3496388264166347;-0.08006895934054445;0.16087040777285722;0.30979312446226315;-0.05853097630640676;0.1606084095092034;0.5895986414408925;-0.6747007429811754;0.34445571170093786;0.5116120845297991;-0.14239838778536634;0.23074454405911968;0.1629805218250088;-0.013667362877099649;0.1805610531570596;0.07153923753757843;0.01623656299203353;0.06677040349370778;0.856618030047228;-0.5116124156187903;0.42025354184171604;0.4741841701930937;-0.12337498052083265;0.25707555838214535;-0.045425424538547636;0.056363349960080265;0.14567016488621376;-0.1409772411767177;0.05138390450460236;0.05654860587274095;1.0275827715386614;-0.34445918042859475;0.37797619173233915;0.3996278856247172;-0.11567467515073275;0.19773693515615684;-0.14535197010702552;0.05212388532917034;0.09619879707738618;-0.18734920840314312;0.05463811113569185;0.09173932369107597;1.1155596823721223;-0.1932176976944698;0.27276596169153267;0.2596835560081847;-0.09769265894836336;0.16376177216558338;-0.09413153637408027;0.0030173311566483976;0.07980490321808396;-0.16189443059236605;0.020670016139324197;54.89891932861943;25.128178964690743;2.543686463137906;38.16338673332432;22.988164362824282;15.562173212355367;39.59996555846371;62.523178328373774;33.175842012971934;39.32721091586958;85.67957951048213;25.905822001585822;40.98967919593541;74.26762897132697;34.245120248479054;59.463547809999326;18.948471008400997;12.322609324745269;8.84049428214053;0.9669893980026244;-0.28118949189134435;0.37229630395383595;-0.227659171711306;-0.12441540891584979;0.5890030018192529;-0.14930323179922772;0.0004912439632287059;0.5943253790049098;-0.08697742552410394;0.0401892049986327;0.44986453455486747;-0.07404975956760691;0.030480538560714934;0.9025899053791268;-0.5312065162221996;0.034092927011285815;0.9161278483085737;-0.1221887413589528;-0.07319620189709665;0.4267186004018047;-0.012391990807252378;-0.045735494077408095;0.28290884576264486;0.00565100832916894;0.2840726767812473;0.8495483279907183;-0.44448886680603367;-0.005603331272079252;1.030600462381154;-0.10300468551244986;-0.1927093876928929;0.09883326228310083;0.04943860728505264;-0.1078710444176837;-0.12185149003324451;0.03934213907027072;0.4439508767236949;0.8299751933033219;-0.3501078754167012;-0.011014251563760432;0.9484877994322473;-0.07560101988606564;-0.17569846913606246;-0.014422735457670526;0.07376257979404328;-0.08097607596292665;-0.18143674350722622;0.05176046932312456;0.5253449783121766;0.8231518401953555;-0.2681442830877023;0.018065347756932255;0.7772156342213603;-0.04908874495205539;-0.13209482061138347;0.017459593719086113;0.04238352026678914;-0.07409270084558855;-0.15558300792426935;0.032274786916227566;26.45971683421551;13.01168723585062;5.09392386313789;22.873004025328548;13.234646776358227;2.823268960668724;27.378050417808232;64.83353029626791;73.29691709498866;32.18073923458434;95.46591559269496;58.22325369065574;32.88637102054961;85.20582345350837;69.86422839379982;34.475239299205136;15.10108445860801;10.686389450886036;6.560606511197495
0.9883989034229904;0.2459567131498214;-0.10797739110157549;-0.3135457413535676;0.24124444618445157;0.22852723513520476;-0.16691766587533705;0.17223505412271584;0.3586154379935758;-0.07721806674754088;0.1612603835952988;0.3093323456828659;-0.055903787950882376;0.16475360666256175;0.5926109539086577;-0.6505373237341135;0.3490386009011329;0.5159081165467294;-0.14034533632372623;0.23112279787752396;0.1626298061218957;-0.01534204612020733;0.17944359474802654;0.07416311729603799;0.014069031440905704;0.06947399173912615;0.866056763264899;-0.4950949881335484;0.4265992759769411;0.47715838041740277;-0.12065013998762612;0.25660847977985446;-0.05367304424826998;0.05468290248377365;0.14198158032824817;-0.14493654072576204;0.04958782666530881;0.0582759487953906;1.0398524137262222;-0.3360456297423872;0.3842282670242138;0.40411701397770905;-0.11405037255855507;0.19448256581373669;-0.15461113348286534;0.05246721377643136;0.09014701402290133;-0.19522004273888557;0.054692603695002735;0.09260351370779266;1.1295897342461827;-0.19266837062667072;0.27819915937205175;0.2632856149488394;-0.09848653356661365;0.16211448767672876;-0.10026818549415054;0.00304086679902576;0.07565239708183975;-0.16658466114045414;0.021144526329666433;55.484809711005056;25.16918656907985;2.638178497602671;37.330861620986695;22.68876480073305;14.596896836628016;39.494587890176454;63.70832738867572;32.974242886219265;39.45403172369344;87.51724072537576;26.12533537532056;41.19239895730636;75.87365950204136;34.22405440915905;60.76889636435622;18.950285686817363;11.860102862700783;8.35918467035057;0.9669893980026244;-0.28118949189134435;0.37229630395383595;-0.227659171711306;-0.12441540891584979;0.5890030018192529;-0.14930323179922772;0.0004912439632287059;0.5943253790049098;-0.08697742552410394;0.0401892049986327;0.44986453455486747;-0.07404975956760691;0.030480538560714934;0.9025899053791268;-0.5312065162221996;0.034092927011285815;0.9161278483085737;-0.1221887413589528;-0.07319620189709665;0.4267186004018047;-0.012391990807252378;-0.045735494077408095;0.28290884576264486;0.00565100832916894;0.2840726767812473;0.8495483279907183;-0.44448886680603367;-0.005603331272079252;1.030600462381154;-0.10300468551244986;-0.1927093876928929;0.09883326228310083;0.04943860728505264;-0.1078710444176837;-0.12185149003324451;0.03934213907027072;0.4439508767236949;0.8299751933033219;-0.3501078754167012;-0.011014251563760432;0.9484877994322473;-0.07560101988606564;-0.17569846913606246;-0.014422735457670526;0.07376257979404328;-0.08097607596292665;-0.18143674350722622;0.05176046932312456;0.5253449783121766;0.8231518401953555;-0.2681442830877023;0.018065347756932255;0.7772156342213603;-0.04908874495205539;-0.13209482061138347;0.017459593719086113;0.04238352026678914;-0.07409270084558855;-0.15558300792426935;0.032274786916227566;26.45971683421551;13.01168723585062;5.09392386313789;22.873004025328548;13.234646776358227;2.823268960668724;27.378050417808232;64.83353029626791;73.29691709498866;32.18073923458434;95.46591559269496;58.22325369065574;32.88637102054961;85.20582345350837;69.86422839379982;34.475239299205136;15.10108445860801;10.686389450886036;6.560606511197495
0.9884816128385616;0.2495398017130007;-0.1092568328910875;-0.3083853135525437;0.24241164367429513;0.22925418209304138;-0.16369196064203353;0.17245935341439225;0.36426358073885;-0.07602483981733808;0.15975364197395978;0.31314087387117207;-0.05468205271604244;0.16606743980898855;0.5930036514152741;-0.6368646173906062;0.35413507132486327;0.5204082279403218;-0.13763270482077378;0.23183914573085856;0.16176683344142695;-0.014744717027053354;0.17883597096290457;0.07381223485073865;0.013576495064878322;0.07186012709384375;0.8713271376242918;-0.4854123415957976;0.43003570443645245;0.4797964349645195;-0.11896560384578864;0.25571660704843185;-0.05753892532548238;0.05256964462079484;0.1395511406907664;-0.1463456599200498;0.047353717167113125;0.061092479359694335;1.047815088562175;-0.33056856055728245;0.38689631006529407;0.4069808761764579;-0.11290922690083047;0.19192185348154037;-0.15952985830468408;0.05096152034934913;0.08637375524086055;-0.19893013568278187;0.05296102241245927;0.09570156707513176;1.140712953738869;-0.19130289597613173;0.28012643448615643;0.26498364289799;-0.09921478239443936;0.16054188494787386;-0.10318564116844058;0.0015865288222247475;0.07303096198850968;-0.16737313260177347;0.019843733496631568;55.813260939529066;25.337220250980618;2.48513415072497;37.13582008353877;22.66441596295881;14.299876379000523;39.34296110741816;64.24594776906535;32.939944616441814;39.349397434295454;88.59619575872351;26.22465428252918;41.13092852876307;76.70697913459205;34.10725400409124;61.658293059884656;18.973005670520866;11.626477313369461;8.11896065567335;0.9669893980026244;-0.28118949189134435;0.37229630395383595;-0.227659171711306;-0.12441540891584979;0.5890030018192529;-0.14930323179922772;0.0004912439632287059;0.5943253790049098;-0.08697742552410394;0.0401892049986327;0.44986453455486747;-0.07404975956760691;0.030480538560714934;0.9025899053791268;-0.5312065162221996;0.034092927011285815;0.9161278483085737;-0.1221887413589528;-0.07319620189709665;0.4267186004018047;-0.012391990807252378;-0.045735494077408095;0.28290884576264486;0.00565100832916894;0.2840726767812473;0.8495483279907183;-0.44448886680603367;-0.005603331272079252;1.030600462381154;-0.10300468551244986;-0.1927093876928929;0.09883326228310083;0.04943860728505264;-0.1078710444176837;-0.12185149003324451;0.03934213907027072;0.4439508767236949;0.8299751933033219;-0.3501078754167012;-0.011014251563760432;0.9484877994322473;-0.07560101988606564;-0.17569846913606246;-0.014422735457670526;0.07376257979404328;-0.08097607596292665;-0.18143674350722622;0.05176046932312456;0.5253449783121766;0.8231518401953555;-0.2681442830877023;0.018065347756932255;0.7772156342213603;-0.04908874495205539;-0.13209482061138347;0.017459593719086113;0.04238352026678914;-0.07409270084558855;-0.15558300792426935;0.032274786916227566;26.45971683421551;13.01168723585062;5.09392386313789;22.873004025328548;13.234646776358227;2.823268960668724;27.378050417808232;64.83353029626791;73.29691709498866;32.18073923458434;95.46591559269496;58.22325369065574;32.88637102054961;85.20582345350837;69.86422839379982;34.475239299205136;15.10108445860801;10.686389450886036;6.560606511197495
0.9885643222541328;0.25312465985372434;-0.1105343062020984;-0.3031361678098614;0.24355862635561706;0.2299584382123499;-0.160414550983927;0.17266352520091213;0.36991826724268617;-0.07481049015043191;0.15821200100301053;0.31694510192176767;-0.05344167852233602;0.1673722997372816;0.5933235512660325;-0.6229801045569808;0.35923416227371663;0.5248838502479514;-0.13487659582509018;0.23253236869787314;0.16087480497346562;-0.01413982222526436;0.17819950967485362;0.07344850114754618;0.01307753722876653;0.07425961177381582;0.8765350432111311;-0.47557526016610924;0.4334492210058739;0.4823975874428258;-0.11724974600150549;0.25478328134066075;-0.06143403266235308;0.050429568175745176;0.137079651367185;-0.1477492541505568;0.04509231639458909;0.06392782911997082;1.0557180455083943;-0.32499690895996064;0.38953972309978885;0.40981937316477246;-0.11174269274075507;0.18931209852286457;-0.1644746301982717;0.049434975951837365;0.08255357794965809;-0.20264973291493052;0.05120619058366279;0.09881664272838897;1.1517944318725328;-0.18989979018895436;0.282035834131184;0.26666357598063056;-0.09993713289837915;0.15893365674965865;-0.10611744120817215;0.00011819806397347761;0.07037525015615113;-0.16814748159363438;0.01852804769466748;56.14066454422443;25.503495964752034;2.337906529309989;36.92083380751636;22.64772778849761;14.000867259336395;39.190624413470296;64.8016016228643;32.908100874454476;39.2448693603062;89.68275550596273;26.313886804708268;41.07081869165222;77.54796576918606;33.99251460792366;62.56005363432531;18.98400101356785;11.386300039521187;7.877822149577321;0.9669893980026244;-0.28118949189134435;0.37229630395383595;-0.227659171711306;-0.12441540891584979;0.5890030018192529;-0.14930323179922772;0.0004912439632287059;0.5943253790049098;-0.08697742552410394;0.0401892049986327;0.44986453455486747;-0.07404975956760691;0.030480538560714934;0.9025899053791268;-0.5312065162221996;0.034092927011285815;0.9161278483085737;-0.1221887413589528;-0.07319620189709665;0.4267186004018047;-0.012391990807252378;-0.045735494077408095;0.28290884576264486;0.00565100832916894;0.2840726767812473;0.8495483279907183;-0.44448886680603367;-0.005603331272079252;1.030600462381154;-0.10300468551244986;-0.1927093876928929;0.09883326228310083;0.04943860728505264;-0.1078710444176837;-0.12185149003324451;0.03934213907027072;0.4439508767236949;0.8299751933033219;-0.3501078754167012;-0.011014251563760432;0.9484877994322473;-0.07560101988606564;-0.17569846913606246;-0.014422735457670526;0.07376257979404328;-0.08097607596292665;-0.18143674350722622;0.05176046932312456;0.5253449783121766;0.8231518401953555;-0.2681442830877023;0.018065347756932255;0.7772156342213603;-0.04908874495205539;-0.13209482061138347;0.017459593719086113;0.04238352026678914;-0.07409270084558855;-0.15558300792426935;0.032274786916227566;26.45971683421551;13.01168723585062;5.09392386313789;22.873004025328548;13.234646776358227;2.823268960668724;27.378050417808232;64.83353029626791;73.29691709498866;32.18073923458434;95.46591559269496;58.22325369065574;32.88637102054961;85.20582345350837;69.86422839379982;34.475239299205136;15.10108445860801;10.686389450886036;6.560606511197495
0.9886358663480664;0.25634291075853405;-0.11130828391420765;-0.2986448444868421;0.24468379973564175;0.22981839544766572;-0.15845463334233695;0.17274249614539075;0.3731901337261094;-0.07417856896282032;0.15749544020437575;0.318967054747809;-0.05265095172765554;0.17062980627510116;0.5913833648060389;-0.6165105524562804;0.36228541853726554;0.5288261661746557;-0.13259333643352286;0.2325579157314602;0.15910742604087558;-0.011398696073628192;0.17742713635221125;0.07057803058315612;0.014809840182727234;0.07675358849093476;0.8782181177061292;-0.4720612506724817;0.43614884769700707;0.48599913207994294;-0.11605167197856825;0.25360042332045873;-0.06571232746575734;0.05095496531480063;0.13457075231800153;-0.14983858126590602;0.0452701196056537;0.06537579297392006;1.0596064164265853;-0.32421945062600854;0.39203024261416275;0.4144844174740016;-0.11080233707629766;0.1880964482580232;-0.1674653803611564;0.04984441237602769;0.0803569590582848;-0.205138524927757;0.05114493197038124;0.09970712107529356;1.1572756645154783;-0.191577508753677;0.28424683499208864;0.2693976268970932;-0.09970155381751186;0.15890431406068317;-0.10732493783012868;0.00012834825535752042;0.06983791071641483;-0.1683991236456357;0.01835861230804348;56.198702170098045;25.686071361796717;2.29810571882265;36.854142818592976;23.016557782412736;14.36271431998703;39.04973885823004;65.7297798432065;32.852903737654245;39.0855062569645;90.45896378844157;26.38240643784926;40.971405042929504;77.90103987073206;33.86731324687887;62.951826008556225;19.043377240569153;11.26651577383211;7.736889219132343;0.9669893980026244;-0.28118949189134435;0.37229630395383595;-0.227659171711306;-0.12441540891584979;0.5890030018192529;-0.14930323179922772;0.0004912439632287059;0.5943253790049098;-0.08697742552410394;0.0401892049986327;0.44986453455486747;-0.07404975956760691;0.030480538560714934;0.9025899053791268;-0.5312065162221996;0.034092927011285815;0.9161278483085737;-0.1221887413589528;-0.07319620189709665;0.4267186004018047;-0.012391990807252378;-0.045735494077408095;0.28290884576264486;0.00565100832916894;0.2840726767812473;0.8495483279907183;-0.44448886680603367;-0.005603331272079252;1.030600462381154;-0.10300468551244986;-0.1927093876928929;0.09883326228310083;0.04943860728505264;-0.1078710444176837;-0.12185149003324451;0.03934213907027072;0.4439508767236949;0.8299751933033219;-0.3501078754167012;-0.011014251563760432;0.9484877994322473;-0.07560101988606564;-0.17569846913606246;-0.014422735457670526;0.07376257979404328;-0.08097607596292665;-0.18143674350722622;0.05176046932312456;0.5253449783121766;0.8231518401953555;-0.2681442830877023;0.018065347756932255;0.7772156342213603;-0.04908874495205539;-0.13209482061138347;0.017459593719086113;0.04238352026678914;-0.07409270084558855;-0.15558300792426935;0.032274786916227566;26.45971683421551;13.01168723585062;5.09392386313789;22.873004025328548;13.234646776358227;2.823268960668724;27.378050417808232;64.83353029626791;73.29691709498866;32.18073923458434;95.46591559269496;58.22325369065574;32.88637102054961;85.20582345350837;69.86422839379982;34.475239299205136;15.10108445860801;10.686389450886036;6.560606511197495
0.9886905991825836;0.2590127801051421;-0.11132285890913586;-0.29537167439523326;0.2457977370078914;0.2284187472566963;-0.1585344694259131;0.17265042582052428;0.37285234941086504;-0.07444743277360237;0.15806004607889512;0.3182963793479762;-0.052556944349953214;0.17686544528776244;0.5860780591405652;-0.6214607696893328;0.36223792936514765;0.5319936201185319;-0.1310606651578929;0.2315925251178275;0.15603462710784227;-0.005417800943403825;0.17647310678936629;0.06391053385176325;0.01993604530995048;0.07938557889570745;0.874619170082364;-0.47826690998628574;0.4377948370546711;0.49116172141229986;-0.11566417368950396;0.2520741117695406;-0.07055676436345465;0.05554802595938157;0.13203589920975414;-0.15297863755494376;0.04917196482508268;0.06470691555825528;1.0574738932720216;-0.3307960806737375;0.3943187104122576;0.4219555044768278;-0.11022567619074997;0.18903636392185846;-0.16747784449241238;0.05320960960185043;0.08065907240158286;-0.2057594240922169;0.053672773067393216;0.09721144364818578;1.1543197233631934;-0.1979658879847435;0.28693787514570096;0.27375437843713724;-0.09801831957535095;0.16130168535562564;-0.10590820038505912;0.0023931336118325694;0.07254258296743454;-0.16787196794322803;0.019940400560786303;55.850671292842065;25.896964275411456;2.4132675899279357;37.04794988687112;23.985588416411204;15.766452273648872;38.93386127606047;67.19872145654249;32.746179396231;38.853316710823066;90.75240165768575;26.43012338223384;40.82245862341983;77.50492987292084;33.71885033229611;62.56235913853353;19.19208017485847;11.338267475086237;7.747810344744171;0.9669893980026244;-0.28118949189134435;0.37229630395383595;-0.227659171711306;-0.12441540891584979;0.5890030018192529;-0.14930323179922772;0.0004912439632287059;0.5943253790049098;-0.08697742552410394;0.0401892049986327;0.44986453455486747;-0.07404975956760691;0.030480538560714934;0.9025899053791268;-0.5312065162221996;0.034092927011285815;0.9161278483085737;-0.1221887413589528;-0.07319620189709665;0.4267186004018047;-0.012391990807252378;-0.045735494077408095;0.28290884576264486;0.00565100832916894;0.2840726767812473;0.8495483279907183;-0.44448886680603367;-0.005603331272079252;1.030600462381154;-0.10300468551244986;-0.1927093876928929;0.09883326228310083;0.04943860728505264;-0.1078710444176837;-0.12185149003324451;0.03934213907027072;0.4439508767236949;0.8299751933033219;-0.3501078754167012;-0.011014251563760432;0.9484877994322473;-0.07560101988606564;-0.17569846913606246;-0.014422735457670526;0.07376257979404328;-0.08097607596292665;-0.18143674350722622;0.05176046932312456;0.5253449783121766;0.8231518401953555;-0.2681442830877023;0.018065347756932255;0.7772156342213603;-0.04908874495205539;-0.13209482061138347;0.017459593719086113;0.04238352026678914;-0.07409270084558855;-0.15558300792426935;0.032274786916227566;26.45971683421551;13.01168723585062;5.09392386313789;22.873004025328548;13.234646776358227;2.823268960668724;27.378050417808232;64.83353029626791;73.29691709498866;32.18073923458434;95.46591559269496;58.22325369065574;32.88637102054961;85.20582345350837;69.86422839379982;34.475239299205136;15.10108445860801;10.686389450886036;6.560606511197495
0.9887453320171008;0.26168765198233607;-0.11133097025632163;-0.2920561742110384;0.24690562739687674;0.22699496757420742;-0.15860554984138284;0.17254745915613245;0.37248997712706894;-0.07471394408737939;0.15861961004298675;0.3176018069303217;-0.05245911833968898;0.18313804905825676;0.5806978044849367;-0.6264119217873442;0.3621686862215241;0.535153738167075;-0.12950860074278922;0.23060611726832422;0.15292925043206584;0.0006088873223652844;0.17550140159088448;0.057188569262515934;0.025100047965863865;0.08203289218874041;0.8709412064809374;-0.484491506068661;0.4394274858684128;0.4963345554408091;-0.11526689837308916;0.2505213086671306;-0.07543386694695157;0.06017272743842638;0.12947397570693553;-0.15613353336299418;0.053100572073656344;0.06402913118372816;1.0552627045061214;-0.3374031772824083;0.39660129007225436;0.42945847500265943;-0.10963812124579853;0.18997226179498417;-0.16748051254739585;0.05659725023009918;0.08095871920183152;-0.2063728923366844;0.056216663735003225;0.09469105033127746;1.151273136609999;-0.20439114712663206;0.2896324296035652;0.2781280873900213;-0.09631649885482528;0.16370775794314213;-0.1044744366982823;0.004674996960482389;0.07526353484299957;-0.16733089012039318;0.02153303763018334;55.49971510406886;26.11046688829783;2.5310278883217485;37.25974257076625;24.99565480850404;17.229330165294655;38.828287385878625;68.66816410612643;32.6208786295201;38.63529285934449;91.03497979213138;26.474920346504017;40.68962809888236;77.10079516080768;33.56374585462117;62.17471868325128;19.343024599325474;11.413478257745744;7.758644099227455;0.9669893980026244;-0.28118949189134435;0.37229630395383595;-0.227659171711306;-0.12441540891584979;0.5890030018192529;-0.14930323179922772;0.0004912439632287059;0.5943253790049098;-0.08697742552410394;0.0401892049986327;0.44986453455486747;-0.07404975956760691;0.030480538560714934;0.9025899053791268;-0.5312065162221996;0.034092927011285815;0.9161278483085737;-0.1221887413589528;-0.07319620189709665;0.4267186004018047;-0.012391990807252378;-0.045735494077408095;0.28290884576264486;0.00565100832916894;0.2840726767812473;0.8495483279907183;-0.44448886680603367;-0.005603331272079252;1.030600462381154;-0.10300468551244986;-0.1927093876928929;0.09883326228310083;0.04943860728505264;-0.1078710444176837;-0.12185149003324451;0.03934213907027072;0.4439508767236949;0.8299751933033219;-0.3501078754167012;-0.011014251563760432;0.9484877994322473;-0.07560101988606564;-0.17569846913606246;-0.014422735457670526;0.07376257979404328;-0.08097607596292665;-0.18143674350722622;0.05176046932312456;0.5253449783121766;0.8231518401953555;-0.2681442830877023;0.018065347756932255;0.7772156342213603;-0.04908874495205539;-0.13209482061138347;0.017459593719086113;0.04238352026678914;-0.07409270084558855;-0.15558300792426935;0.032274786916227566;26.45971683421551;13.01168723585062;5.09392386313789;22.873004025328548;13.234646776358227;2.823268960668724;27.378050417808232;64.83353029626791;73.29691709498866;32.18073923458434;95.46591559269496;58.22325369065574;32.88637102054961;85.20582345350837;69.86422839379982;34.475239299205136;15.10108445860801;10.686389450886036;6.560606511197495
0.9892322049831566;0.26382636325648373;-0.11131742912778886;-0.2882531250159458;0.24874014593113994;0.22558227168795478;-0.15750871465462118;0.1732289019118498;0.3743012853755544;-0.074860263649714;0.15792437119259858;0.3200756049532313;-0.05263181567092768;0.1871122463032063;0.5815719949773112;-0.6215283679600243;0.36487982444876615;0.5387052639580279;-0.12844424878140437;0.23084946957092148;0.15034843456096716;0.0022632448801341736;0.17443874078674526;0.05326577506869277;0.026445262830126572;0.08374367738724257;0.8721555096151026;-0.4820080534033449;0.4423938823682973;0.500897657913987;-0.11511472039435208;0.2507116899822576;-0.07642740809795322;0.06045215538120972;0.12897472894067075;-0.15669121554534216;0.053655422131742604;0.06353143953985362;1.0560153664729295;-0.3370849636244291;0.3995055245556493;0.4342181004648361;-0.10892185772549057;0.19025452355446457;-0.16674232157687194;0.05765067926336967;0.08054950566734638;-0.20673289934468825;0.057062360786019374;0.09284095984272156;1.1508555219204384;-0.20600632232551097;0.29244533451941707;0.28006185732097516;-0.09564990355418733;0.16478365116136368;-0.10326971262888904;0.005394503276918772;0.07592734492100287;-0.1666436856335526;0.022236612302108497;55.242238544201165;26.354599752371815;2.3637217774154453;37.033309883572905;25.485133496290587;17.823094705137514;38.678347709364836;68.89780737630721;32.626352158517065;38.60262735359052;90.98423420930897;26.738253680031256;40.840324713170496;76.60430916788202;33.74647483090751;62.4493945685657;19.312369607666213;11.299331765949649;7.641549018144953;0.9669893980026244;-0.28118949189134435;0.37229630395383595;-0.227659171711306;-0.12441540891584979;0.5890030018192529;-0.14930323179922772;0.0004912439632287059;0.5943253790049098;-0.08697742552410394;0.0401892049986327;0.44986453455486747;-0.07404975956760691;0.030480538560714934;0.9025899053791268;-0.5312065162221996;0.034092927011285815;0.9161278483085737;-0.1221887413589528;-0.07319620189709665;0.4267186004018047;-0.012391990807252378;-0.045735494077408095;0.28290884576264486;0.00565100832916894;0.2840726767812473;0.8495483279907183;-0.44448886680603367;-0.005603331272079252;1.030600462381154;-0.10300468551244986;-0.1927093876928929;0.09883326228310083;0.04943860728505264;-0.1078710444176837;-0.12185149003324451;0.03934213907027072;0.4439508767236949;0.8299751933033219;-0.3501078754167012;-0.011014251563760432;0.9484877994322473;-0.07560101988606564;-0.17569846913606246;-0.014422735457670526;0.07376257979404328;-0.08097607596292665;-0.18143674350722622;0.05176046932312456;0.5253449783121766;0.8231518401953555;-0.2681442830877023;0.018065347756932255;0.7772156342213603;-0.04908874495205539;-0.13209482061138347;0.017459593719086113;0.04238352026678914;-0.07409270084558855;-0.15558300792426935;0.032274786916227566;26.45971683421551;13.01168723585062;5.09392386313789;22.873004025328548;13.234646776358227;2.823268960668724;27.378050417808232;64.83353029626791;73.29691709498866;32.18073923458434;95.46591559269496;58.22325369065574;32.88637102054961;85.20582345350837;69.86422839379982;34.475239299205136;15.10108445860801;10.686389450886036;6.560606511197495
0.9901166364199014;0.26544897248335114;-0.11127594438098164;-0.283974104623534;0.25123438142117965;0.22416329681555422;-0.15531356763702495;0.17462844941917802;0.3781098921042003;-0.07488959806704798;0.15605017802825039;0.325476363545571;-0.05305263154213583;0.18893710998537896;0.5882253117339641;-0.6074480272353852;0.3701539265659196;0.5425852957923417;-0.12782408378918309;0.23222101232435396;0.1482436925920338;-0.0001497608755455697;0.17327863905558363;0.051941448421014724;0.024236278882436933;0.08457820424169023;0.8778613865917212;-0.4713872222478155;0.44657197237536383;0.5048609989233468;-0.11518244607486028;0.2525065470695098;-0.0738027848166338;0.056684538539399136;0.130385348771077;-0.15482172484098086;0.0510677883217928;0.06319658190056536;1.0594522162359186;-0.33029946185964637;0.4029618656017291;0.43639756416510417;-0.10807780912111012;0.1899154698921533;-0.16530272356578057;0.056528853914378056;0.07947487691288616;-0.20684281696023318;0.056324496477230125;0.09160698714768824;1.1528032094707583;-0.20313255547384865;0.2953494961637231;0.2797069391717155;-0.09593943962497345;0.164610987792757;-0.10227018009040598;0.004660378327516804;0.07467219350707716;-0.16580846706279095;0.022111821724973845;55.066739380158346;26.631391651044893;2.005189283995508;36.38404031350341;25.48684650686237;17.577425088146757;38.48401175855635;67.98669375813179;32.756042868017914;38.731103193460314;90.63203195384763;27.209658666070297;41.24109650204591;76.02537122535679;34.25162028323198;63.33871263893934;19.105603530032894;11.006974531723227;7.405853329210127;0.9669893980026244;-0.28118949189134435;0.37229630395383595;-0.227659171711306;-0.12441540891584979;0.5890030018192529;-0.14930323179922772;0.0004912439632287059;0.5943253790049098;-0.08697742552410394;0.0401892049986327;0.44986453455486747;-0.07404975956760691;0.030480538560714934;0.9025899053791268;-0.5312065162221996;0.034092927011285815;0.9161278483085737;-0.1221887413589528;-0.07319620189709665;0.4267186004018047;-0.012391990807252378;-0.045735494077408095;0.28290884576264486;0.00565100832916894;0.2840726767812473;0.8495483279907183;-0.44448886680603367;-0.005603331272079252;1.030600462381154;-0.10300468551244986;-0.1927093876928929;0.09883326228310083;0.04943860728505264;-0.1078710444176837;-0.12185149003324451;0.03934213907027072;0.4439508767236949;0.8299751933033219;-0.3501078754167012;-0.011014251563760432;0.9484877994322473;-0.07560101988606564;-0.17569846913606246;-0.014422735457670526;0.07376257979404328;-0.08097607596292665;-0.18143674350722622;0.05176046932312456;0.5253449783121766;0.8231518401953555;-0.2681442830877023;0.018065347756932255;0.7772156342213603;-0.04908874495205539;-0.13209482061138347;0.017459593719086113;0.04238352026678914;-0.07409270084558855;-0.15558300792426935;0.032274786916227566;26.45971683421551;13.01168723585062;5.09392386313789;22.873004025328548;13.234646776358227;2.823268960668724;27.378050417808232;64.83353029626791;73.29691709498866;32.18073923458434;95.46591559269496;58.22325369065574;32.88637102054961;85.20582345350837;69.86422839379982;34.475239299205136;15.10108445860801;10.686389450886036;6.560606511197495
0.9910010678566462;0.2670443605290416;-0.11121772045877829;-0.2796215562921234;0.2537099300101947;0.22270074205740187;-0.15307927787006312;0.17601254101056707;0.38189077918083497;-0.07490808958510471;0.1541391028978159;0.33086892991363803;-0.05346871959243413;0.1907475447496042;0.5948408817741848;-0.593174026941489;0.375412303520456;0.5464138460621489;-0.12718046351519594;0.23356838730875992;0.14610151938132618;-0.002580559446289357;0.17208438316193764;0.05059967387128406;0.02200740713077316;0.08540640205142068;0.8834797494290869;-0.4606183657186812;0.4507149603058738;0.5087790444411002;-0.1152336619669437;0.25427736595948053;-0.0711478852828468;0.05288073483250963;0.13178712811988932;-0.15291556830252154;0.04845350878444608;0.0628499193654826;1.062757983114261;-0.32341508591518936;0.4063842161955464;0.4385286726973082;-0.10721156839993581;0.1895458668891145;-0.16382808576411492;0.05539039825175028;0.07838057769155464;-0.2069230001560367;0.05557286677188353;0.09035037593489814;1.1545950340355553;-0.20020757393916;0.2982314825543617;0.27930809442062376;-0.0962169452563839;0.16441274041314946;-0.10124816516921946;0.003920145191175865;0.07339674809511014;-0.16494259607549552;0.02198284442634726;54.88325213590133;26.916396190922537;1.7820600243729414;35.725580391794075;25.513621601691117;17.327398640956307;38.294619633409326;67.07503860214283;32.87402847715026;38.85995195633615;90.27695627566519;27.687797302010424;41.64212814370292;75.4430205083214;34.76646299346762;64.23642334136748;18.888961727383023;10.712620159496216;7.168896160618892;0.9669893980026244;-0.28118949189134435;0.37229630395383595;-0.227659171711306;-0.12441540891584979;0.5890030018192529;-0.14930323179922772;0.0004912439632287059;0.5943253790049098;-0.08697742552410394;0.0401892049986327;0.44986453455486747;-0.07404975956760691;0.030480538560714934;0.9025899053791268;-0.5312065162221996;0.034092927011285815;0.9161278483085737;-0.1221887413589528;-0.07319620189709665;0.4267186004018047;-0.012391990807252378;-0.045735494077408095;0.28290884576264486;0.00565100832916894;0.2840726767812473;0.8495483279907183;-0.44448886680603367;-0.005603331272079252;1.030600462381154;-0.10300468551244986;-0.1927093876928929;0.09883326228310083;0.04943860728505264;-0.1078710444176837;-0.12185149003324451;0.03934213907027072;0.4439508767236949;0.8299751933033219;-0.3501078754167012;-0.011014251563760432;0.9484877994322473;-0.07560101988606564;-0.17569846913606246;-0.014422735457670526;0.07376257979404328;-0.08097607596292665;-0.18143674350722622;0.05176046932312456;0.5253449783121766;0.8231518401953555;-0.2681442830877023;0.018065347756932255;0.7772156342213603;-0.04908874495205539;-0.13209482061138347;0.017459593719086113;0.04238352026678914;-0.07409270084558855;-0.15558300792426935;0.032274786916227566;26.45971683421551;13.01168723585062;5.09392386313789;22.873004025328548;13.234646776358227;2.823268960668724;27.378050417808232;64.83353029626791;73.29691709498866;32.18073923458434;95.46591559269496;58.22325369065574;32.88637102054961;85.20582345350837;69.86422839379982;34.475239299205136;15.10108445860801;10.686389450886036;6.560606511197495
0.9913360682596696;0.26745615351770696;-0.11227692820692736;-0.27833739174256006;0.25460917158648;0.22157657400951689;-0.1524920845287905;0.17651566486449982;0.3834520350002033;-0.07521237508338659;0.15263358760956092;0.333707278069557;-0.05392785338195066;0.19093380305227428;0.5965995497539145;-0.5877643777510821;0.37785025554992213;0.5486866232798177;-0.12794920933447326;0.23431317891755318;0.14454665004566553;-0.004612170681229066;0.17206510997003505;0.04962073924875313;0.02043185272646135;0.0851292649726771;0.8855236260364765;-0.4567284926260046;0.45244287209801864;0.5106923590412544;-0.11644312418248312;0.2555399126020582;-0.07027899628452094;0.05034285795659633;0.13325323352824123;-0.15214200799198438;0.04678379725386005;0.06219304849854825;1.064413780159047;-0.3213163722528351;0.4077211184107774;0.4388012585872656;-0.10779713315240398;0.19039283816489017;-0.16297966603553946;0.05405966784439447;0.07918831654363202;-0.20641039394801286;0.054725968738272776;0.08940516134558993;1.1560308869792728;-0.1999572606591207;0.29919954764891327;0.2788350280633943;-0.09689686754425442;0.16500560673661716;-0.10186751444970799;0.003137156277882436;0.07379156930190686;-0.16520074757243133;0.021541487202191262;54.87697380119059;27.09732093218406;1.7476956555619707;35.44995201139337;25.613310806721813;17.25430546775187;38.200119410483246;66.69720521414597;32.74833932735088;38.952050335829504;89.89571058388279;27.751485320123596;41.833950658693546;75.31729809373462;34.64574088628296;64.68087333919075;18.83120472724825;10.593667912072604;7.064239902294259;0.9669893980026244;-0.28118949189134435;0.37229630395383595;-0.227659171711306;-0.12441540891584979;0.5890030018192529;-0.14930323179922772;0.0004912439632287059;0.5943253790049098;-0.08697742552410394;0.0401892049986327;0.44986453455486747;-0.07404975956760691;0.030480538560714934;0.9025899053791268;-0.5312065162221996;0.034092927011285815;0.9161278483085737;-0.1221887413589528;-0.07319620189709665;0.4267186004018047;-0.012391990807252378;-0.045735494077408095;0.28290884576264486;0.00565100832916894;0.2840726767812473;0.8495483279907183;-0.44448886680603367;-0.005603331272079252;1.030600462381154;-0.10300468551244986;-0.1927093876928929;0.09883326228310083;0.04943860728505264;-0.1078710444176837;-0.12185149003324451;0.03934213907027072;0.4439508767236949;0.8299751933033219;-0.3501078754167012;-0.011014251563760432;0.9484877994322473;-0.07560101988606564;-0.17569846913606246;-0.014422735457670526;0.07376257979404328;-0.08097607596292665;-0.18143674350722622;0.05176046932312456;0.5253449783121766;0.8231518401953555;-0.2681442830877023;0.018065347756932255;0.7772156342213603;-0.04908874495205539;-0.13209482061138347;0.017459593719086113;0.04238352026678914;-0.07409270084558855;-0.15558300792426935;0.032274786916227566;26.45971683421551;13.01168723585062;5.09392386313789;22.873004025328548;13.234646776358227;2.823268960668724;27.378050417808232;64.83353029626791;73.29691709498866;32.18073923458434;95.46591559269496;58.22325369065574;32.88637102054961;85.20582345350837;69.86422839379982;34.475239299205136;15.10108445860801;10.686389450886036;6.560606511197495
0.9908949282274648;0.26622120697986773;-0.1149248611562984;-0.28145404330450025;0.2532982064798761;0.22097310124739042;-0.1542666127273479;0.17578810430054098;0.3819014008858228;-0.07592885616776383;0.15173866713564732;0.33293980055022576;-0.05445058304874508;0.18884067985637168;0.5915333018185412;-0.5950566827188157;0.3763148455330087;0.5488036707184181;-0.13072989581403852;0.2342272846947414;0.1438594947894114;-0.0060578853190888056;0.1737350168080399;0.04917277695996689;0.019801272259753845;0.0832989910082418;0.8825966113293648;-0.46269266232233563;0.45078928638183596;0.5098119134588791;-0.11929822376517665;0.2561031077761212;-0.07196067705231696;0.04963228653011647;0.1348135296774074;-0.15300247849525325;0.04647649584037616;0.06111124426852526;1.0638552806067736;-0.32606739875701096;0.4061418917021968;0.43649436023142224;-0.11044972115777006;0.1929816695124813;-0.16304946999937667;0.05247693798728087;0.08269541963577495;-0.20508995156641946;0.05375982772135194;0.08892294146343899;1.15710167489155;-0.20352862269282931;0.2974839455546082;0.27829867624643617;-0.09815345053528753;0.16673623861923156;-0.1048215359805753;0.0023018591793358308;0.07656056509885505;-0.16707210742653802;0.020664522538656232;55.12503364503257;27.1227483017905;1.7856309773655001;35.72439168539535;25.787539658330253;17.433704286977296;38.23302282070919;67.0708111619164;32.295846921992705;38.99090842786678;89.48303224365651;27.218240030381427;41.72940941553086;75.82998509631635;33.6391320208808;64.47227235021967;19.007726718772407;10.724728318255227;7.1477972606130145;0.9669893980026244;-0.28118949189134435;0.37229630395383595;-0.227659171711306;-0.12441540891584979;0.5890030018192529;-0.14930323179922772;0.0004912439632287059;0.5943253790049098;-0.08697742552410394;0.0401892049986327;0.44986453455486747;-0.07404975956760691;0.030480538560714934;0.9025899053791268;-0.5312065162221996;0.034092927011285815;0.9161278483085737;-0.1221887413589528;-0.07319620189709665;0.4267186004018047;-0.012391990807252378;-0.045735494077408095;0.28290884576264486;0.00565100832916894;0.2840726767812473;0.8495483279907183;-0.44448886680603367;-0.005603331272079252;1.030600462381154;-0.10300468551244986;-0.1927093876928929;0.09883326228310083;0.04943860728505264;-0.1078710444176837;-0.12185149003324451;0.03934213907027072;0.4439508767236949;0.8299751933033219;-0.3501078754167012;-0.011014251563760432;0.9484877994322473;-0.07560101988606564;-0.17569846913606246;-0.014422735457670526;0.07376257979404328;-0.08097607596292665;-0.18143674350722622;0.05176046932312456;0.5253449783121766;0.8231518401953555;-0.2681442830877023;0.018065347756932255;0.7772156342213603;-0.04908874495205539;-0.13209482061138347;0.017459593719086113;0.04238352026678914;-0.07409270084558855;-0.15558300792426935;0.032274786916227566;26.45971683421551;13.01168723585062;5.09392386313789;22.873004025328548;13.234646776358227;2.823268960668724;27.378050417808232;64.83353029626791;73.29691709498866;32.18073923458434;95.46591559269496;58.22325369065574;32.88637102054961;85.20582345350837;69.86422839379982;34.475239299205136;15.10108445860801;10.686389450886036;6.560606511197495
0.9904537881952598;0.26497709102811795;-0.11756002481395778;-0.2845487518870238;0.2519788936660585;0.22036084984862225;-0.1560289302847392;0.17505424566888994;0.3803370010663707;-0.0766397619315397;0.15083904948666504;0.33215870358444366;-0.05496928979327613;0.18674442369135544;0.5864531120160784;-0.6023006481181119;0.37476589183954884;0.5488944401983186;-0.13349669785330393;0.2341305514209383;0.14316743950201316;-0.007499309088380075;0.17539208209779653;0.04872372999486785;0.019171501960785636;0.08146984725375077;0.8796359646203993;-0.46861843085263977;0.4491189623063805;0.5089097967819621;-0.12213977341711182;0.25665263149188355;-0.07363429672287099;0.0489213360787627;0.13636312853727972;-0.15385332992347733;0.04616784765525946;0.06002954640761728;1.0632480166740603;-0.3307898455098477;0.4045478321155844;0.43417320910917134;-0.1130897386138705;0.1955542038449096;-0.16311136976163965;0.05089611030692365;0.08618889786116861;-0.20376346756947947;0.05279382036588184;0.08843785194711885;1.1581147758127939;-0.20708046748821898;0.29575902691769;0.2777506488659883;-0.0994019111811716;0.16845419173845097;-0.10776241820833339;0.0014687668523108322;0.07931827058643895;-0.1689303828411226;0.01978900966048273;55.365908955230466;27.149139267011645;1.8267377276455008;35.998530141807;25.961549644109798;17.609856969060047;38.264857685665156;67.44087550222808;31.848482233861866;39.028515303032684;89.07353949241991;26.68013135137302;41.62408493501947;76.32832826173849;32.66404334345814;64.25820439387151;19.18266893127988;10.856069729224945;7.231251343517446;0.9669893980026244;-0.28118949189134435;0.37229630395383595;-0.227659171711306;-0.12441540891584979;0.5890030018192529;-0.14930323179922772;0.0004912439632287059;0.5943253790049098;-0.08697742552410394;0.0401892049986327;0.44986453455486747;-0.07404975956760691;0.030480538560714934;0.9025899053791268;-0.5312065162221996;0.034092927011285815;0.9161278483085737;-0.1221887413589528;-0.07319620189709665;0.4267186004018047;-0.012391990807252378;-0.045735494077408095;0.28290884576264486;0.00565100832916894;0.2840726767812473;0.8495483279907183;-0.44448886680603367;-0.005603331272079252;1.030600462381154;-0.10300468551244986;-0.1927093876928929;0.09883326228310083;0.04943860728505264;-0.1078710444176837;-0.12185149003324451;0.03934213907027072;0.4439508767236949;0.8299751933033219;-0.3501078754167012;-0.011014251563760432;0.9484877994322473;-0.07560101988606564;-0.17569846913606246;-0.014422735457670526;0.07376257979404328;-0.08097607596292665;-0.18143674350722622;0.05176046932312456;0.5253449783121766;0.8231518401953555;-0.2681442830877023;0.018065347756932255;0.7772156342213603;-0.04908874495205539;-0.13209482061138347;0.017459593719086113;0.04238352026678914;-0.07409270084558855;-0.15558300792426935;0.032274786916227566;26.45971683421551;13.01168723585062;5.09392386313789;22.873004025328548;13.234646776358227;2.823268960668724;27.378050417808232;64.83353029626791;73.29691709498866;32.18073923458434;95.46591559269496;58.22325369065574;32.88637102054961;85.20582345350837;69.86422839379982;34.475239299205136;15.10108445860801;10.686389450886036;6.560606511197495
0.9901928804864474;0.2639962153745562;-0.11725868359850297;-0.2863359325501046;0.2513274193035689;0.2210590942388538;-0.1566258974220666;0.17456069993831996;0.3783760441190703;-0.0762437257504226;0.1498383406586557;0.3307394146277711;-0.05435095906946028;0.1866501780808553;0.5849223876698246;-0.6082506100020362;0.37234877948070993;0.5461618594224763;-0.13336691624282507;0.23306385588744355;0.14222581601402556;-0.006115813282306099;0.17559620275152849;0.04758691558225904;0.020325720730683672;0.08160219746569383;0.8773324476957136;-0.4728941293662015;0.44707083286884997;0.5063926046295851;-0.12238756332273276;0.25578249328820796;-0.07423636970123687;0.050261115688093785;0.13621956255156292;-0.15387507808491038;0.047191737936537484;0.06052849480655008;1.061168246608317;-0.33315075889281176;0.4020346001925872;0.4324544618529337;-0.11376795008304472;0.1954476642631885;-0.1629486431787788;0.051151597049669484;0.08686009052802025;-0.20337606337263872;0.05313132540901322;0.0891442899432353;1.1561392024478723;-0.20744860159766412;0.2933885386559521;0.2773568953047739;-0.09947706916970658;0.168282420568689;-0.10854904405964562;0.0016604171290836775;0.07988211252866667;-0.16956848406218883;0.019847332977981823;55.43457019686866;27.02177306458339;1.8956347596015604;36.23522091822019;26.175240471471827;17.920663153570068;38.315791348187496;67.69866867912354;31.67403091847903;38.917364671862586;89.15951441897926;26.49296352430283;41.393751453340556;76.73983367563308;32.368524281674;63.86309310935934;19.228988960435174;10.982292431409878;7.344448777786933;0.9669893980026244;-0.28118949189134435;0.37229630395383595;-0.227659171711306;-0.12441540891584979;0.5890030018192529;-0.14930323179922772;0.0004912439632287059;0.5943253790049098;-0.08697742552410394;0.0401892049986327;0.44986453455486747;-0.07404975956760691;0.030480538560714934;0.9025899053791268;-0.5312065162221996;0.034092927011285815;0.9161278483085737;-0.1221887413589528;-0.07319620189709665;0.4267186004018047;-0.012391990807252378;-0.045735494077408095;0.28290884576264486;0.00565100832916894;0.2840726767812473;0.8495483279907183;-0.44448886680603367;-0.005603331272079252;1.030600462381154;-0.10300468551244986;-0.1927093876928929;0.09883326228310083;0.04943860728505264;-0.1078710444176837;-0.12185149003324451;0.03934213907027072;0.4439508767236949;0.8299751933033219;-0.3501078754167012;-0.011014251563760432;0.9484877994322473;-0.07560101988606564;-0.17569846913606246;-0.014422735457670526;0.07376257979404328;-0.08097607596292665;-0.18143674350722622;0.05176046932312456;0.5253449783121766;0.8231518401953555;-0.2681442830877023;0.018065347756932255;0.7772156342213603;-0.04908874495205539;-0.13209482061138347;0.017459593719086113;0.04238352026678914;-0.07409270084558855;-0.15558300792426935;0.032274786916227566;26.45971683421551;13.01168723585062;5.09392386313789;22.873004025328548;13.234646776358227;2.823268960668724;27.378050417808232;64.83353029626791;73.29691709498866;32.18073923458434;95.46591559269496;58.22325369065574;32.88637102054961;85.20582345350837;69.86422839379982;34.475239299205136;15.10108445860801;10.686389450886036;6.560606511197495
0.9901680746592204;0.2633721370395821;-0.11315821806672091;-0.2864294010338038;0.25155467786566216;0.22345998523496086;-0.15571527267197202;0.1743880429633379;0.37592684579673613;-0.07441841366937635;0.14871807013715121;0.3285138409282921;-0.05226479216614228;0.18915791831503775;0.5880223401669803;-0.6125128017453385;0.36883467672027753;0.5398070491947206;-0.1294893736809234;0.2307552060519773;0.14097159615304644;-0.0010797582619037972;0.17392302073698646;0.04556717092761553;0.023785912785790394;0.08427873058691694;0.8759270920706851;-0.47502507822982504;0.44456187751105386;0.5018161966288714;-0.11927743053379969;0.2530873897447843;-0.07344924064939151;0.054252606372243536;0.1338878925560231;-0.15282815565209845;0.04993835184253664;0.06307519607156456;1.0572326354485366;-0.33245060709977287;0.3983599522018315;0.4315426649525978;-0.1119043724057451;0.1918774584891318;-0.16250196925885457;0.05378718571633849;0.08387344332563082;-0.20421554559834687;0.055158098025319645;0.09139413648649929;1.15034605773987;-0.2036968660951992;0.29020623113240496;0.2771758789475084;-0.09803514255469707;0.1656692134457144;-0.10654367110687116;0.0031789618212683004;0.07760281436823724;-0.1686282064637898;0.021116204577844792;55.282484345982674;26.69688533793155;2.003297441169701;36.42562884196671;26.457864317858505;18.410471051888656;38.39572246661757;67.81385255481341;31.84668270028303;38.61385129911198;89.89163974935164;26.75869849157587;41.00021349833413;77.05163163845431;32.93320469738499;63.2395704126858;19.108804918469264;11.100258715270702;7.496644917871462;0.9669893980026244;-0.28118949189134435;0.37229630395383595;-0.227659171711306;-0.12441540891584979;0.5890030018192529;-0.14930323179922772;0.0004912439632287059;0.5943253790049098;-0.08697742552410394;0.0401892049986327;0.44986453455486747;-0.07404975956760691;0.030480538560714934;0.9025899053791268;-0.5312065162221996;0.034092927011285815;0.9161278483085737;-0.1221887413589528;-0.07319620189709665;0.4267186004018047;-0.012391990807252378;-0.045735494077408095;0.28290884576264486;0.00565100832916894;0.2840726767812473;0.8495483279907183;-0.44448886680603367;-0.005603331272079252;1.030600462381154;-0.10300468551244986;-0.1927093876928929;0.09883326228310083;0.04943860728505264;-0.1078710444176837;-0.12185149003324451;0.03934213907027072;0.4439508767236949;0.8299751933033219;-0.3501078754167012;-0.011014251563760432;0.9484877994322473;-0.07560101988606564;-0.17569846913606246;-0.014422735457670526;0.07376257979404328;-0.08097607596292665;-0.18143674350722622;0.05176046932312456;0.5253449783121766;0.8231518401953555;-0.2681442830877023;0.018065347756932255;0.7772156342213603;-0.04908874495205539;-0.13209482061138347;0.017459593719086113;0.04238352026678914;-0.07409270084558855;-0.15558300792426935;0.032274786916227566;26.45971683421551;13.01168723585062;5.09392386313789;22.873004025328548;13.234646776358227;2.823268960668724;27.378050417808232;64.83353029626791;73.29691709498866;32.18073923458434;95.46591559269496;58.22325369065574;32.88637102054961;85.20582345350837;69.86422839379982;34.475239299205136;15.10108445860801;10.686389450886036;6.560606511197495
0.9901432688319932;0.2627519540598004;-0.10910507743971473;-0.28651790754649764;0.25177584931846797;0.22582927398864353;-0.15481340317279496;0.17421509956721756;0.3735017715992975;-0.07261384505825982;0.14760914621395352;0.32631036456192136;-0.050202773736434926;0.19163324439728519;0.5910774647189854;-0.6167159917200901;0.36535747867261936;0.5335206853546481;-0.12565628110240218;0.22847095668214362;0.13973042259841478;0.0038963210533434064;0.17226743302001318;0.04357087350665807;0.027204566939032133;0.08692224806275305;0.8745267079958517;-0.4771242603281202;0.44207683590939545;0.49728756088999176;-0.11620274344351197;0.2504209900965871;-0.07267050110375128;0.058195820888037354;0.13158219878710908;-0.1517916508601101;0.05265157669952355;0.06559071316473487;1.0533297005257691;-0.3317543286985606;0.3947237246503217;0.4306359311571692;-0.11006149034982818;0.18834720339123248;-0.1620584327523783;0.05639065616842969;0.08092124654356503;-0.20504228388262766;0.057159986311541504;0.09361595453141722;1.1446064653732;-0.19998708486767475;0.28705793240697236;0.2769932946556277;-0.09660907514445144;0.16308490923577446;-0.10456075488940535;0.004679374676651979;0.07534962483866799;-0.16769686384282528;0.022369677471987055;55.12713221828951;26.37871758886797;2.1177181370808458;36.61928509116896;26.76340758429456;18.89859526194377;38.47960438563737;67.930114705818;32.0118997346786;38.31206924783518;90.62401197406591;27.008770708226457;40.606359379871144;77.36316814979928;33.499462310016064;62.620756307609774;18.989064641791824;11.216440556156934;7.648714952696367;0.9669893980026244;-0.28118949189134435;0.37229630395383595;-0.227659171711306;-0.12441540891584979;0.5890030018192529;-0.14930323179922772;0.0004912439632287059;0.5943253790049098;-0.08697742552410394;0.0401892049986327;0.44986453455486747;-0.07404975956760691;0.030480538560714934;0.9025899053791268;-0.5312065162221996;0.034092927011285815;0.9161278483085737;-0.1221887413589528;-0.07319620189709665;0.4267186004018047;-0.012391990807252378;-0.045735494077408095;0.28290884576264486;0.00565100832916894;0.2840726767812473;0.8495483279907183;-0.44448886680603367;-0.005603331272079252;1.030600462381154;-0.10300468551244986;-0.1927093876928929;0.09883326228310083;0.04943860728505264;-0.1078710444176837;-0.12185149003324451;0.03934213907027072;0.4439508767236949;0.8299751933033219;-0.3501078754167012;-0.011014251563760432;0.9484877994322473;-0.07560101988606564;-0.17569846913606246;-0.014422735457670526;0.07376257979404328;-0.08097607596292665;-0.18143674350722622;0.05176046932312456;0.5253449783121766;0.8231518401953555;-0.2681442830877023;0.018065347756932255;0.7772156342213603;-0.04908874495205539;-0.13209482061138347;0.017459593719086113;0.04238352026678914;-0.07409270084558855;-0.15558300792426935;0.032274786916227566;26.45971683421551;13.01168723585062;5.09392386313789;22.873004025328548;13.234646776358227;2.823268960668724;27.378050417808232;64.83353029626791;73.29691709498866;32.18073923458434;95.46591559269496;58.22325369065574;32.88637102054961;85.20582345350837;69.86422839379982;34.475239299205136;15.10108445860801;10.686389450886036;6.560606511197495
0.990280610327394;0.2641240000904295;-0.10860752550944028;-0.2856352249277993;0.25326648896592796;0.22705801554507984;-0.15428026714239348;0.17487276689875167;0.37473211712346877;-0.07238863050072587;0.1479324029522626;0.3267460957393588;-0.04999125843405719;0.1936163781544398;0.590544891091778;-0.6151597218999273;0.3662544742830396;0.533698357659063;-0.12487986795895198;0.22911196021632166;0.14064629859186692;0.004478376894825814;0.17171836583228856;0.04389320036104417;0.027471794875400326;0.08869074521300653;0.8748735320827741;-0.4761620045473733;0.44325999194177435;0.49795660200035363;-0.11480568475470082;0.25018531934076943;-0.07041424140075032;0.059047727614968994;0.13036872961446366;-0.1501095901236753;0.05289560895531937;0.0669478985636944;1.0541929418188396;-0.33138895946397856;0.39594641656012747;0.43410352706957367;-0.10923266036402961;0.18717864061233622;-0.1609297929966524;0.057612181750404196;0.0788964192174803;-0.20522035107762188;0.057893581549083514;0.09481249041104402;1.1461024342993689;-0.20024445020371337;0.28828193884366926;0.28130086775959184;-0.09645881096223918;0.1622078928459769;-0.10200372052554606;0.005315304711857788;0.07362993851379214;-0.1667462997795312;0.022887349811813163;55.10596105791262;26.32156002267604;2.0977845175286336;36.57969089950286;26.650588232697107;18.845313633147434;38.47112811232332;67.48041530553111;32.377586719260016;38.143761646178426;90.77183020984363;27.4793850422661;40.24197732624083;77.22525716061712;34.350259838124934;62.5687953940895;19.012704289934184;11.193774668574129;7.6148968110815325;0.9669893980026244;-0.28118949189134435;0.37229630395383595;-0.227659171711306;-0.12441540891584979;0.5890030018192529;-0.14930323179922772;0.0004912439632287059;0.5943253790049098;-0.08697742552410394;0.0401892049986327;0.44986453455486747;-0.07404975956760691;0.030480538560714934;0.9025899053791268;-0.5312065162221996;0.034092927011285815;0.9161278483085737;-0.1221887413589528;-0.07319620189709665;0.4267186004018047;-0.012391990807252378;-0.045735494077408095;0.28290884576264486;0.00565100832916894;0.2840726767812473;0.8495483279907183;-0.44448886680603367;-0.005603331272079252;1.030600462381154;-0.10300468551244986;-0.1927093876928929;0.09883326228310083;0.04943860728505264;-0.1078710444176837;-0.12185149003324451;0.03934213907027072;0.4439508767236949;0.8299751933033219;-0.3501078754167012;-0.011014251563760432;0.9484877994322473;-0.07560101988606564;-0.17569846913606246;-0.014422735457670526;0.07376257979404328;-0.08097607596292665;-0.18143674350722622;0.05176046932312456;0.5253449783121766;0.8231518401953555;-0.2681442830877023;0.018065347756932255;0.7772156342213603;-0.04908874495205539;-0.13209482061138347;0.017459593719086113;0.04238352026678914;-0.07409270084558855;-0.15558300792426935;0.032274786916227566;26.45971683421551;13.01168723585062;5.09392386313789;22.873004025328548;13.234646776358227;2.823268960668724;27.378050417808232;64.83353029626791;73.29691709498866;32.18073923458434;95.46591559269496;58.22325369065574;32.88637102054961;85.20582345350837;69.86422839379982;34.475239299205136;15.10108445860801;10.686389450886036;6.560606511197495
0.990598905441703;0.2677659251768907;-0.11208845876187597;-0.28363748385358284;0.2562186462112284;0.2270359524413203;-0.15414635966868298;0.1764785158643261;0.38009523621366836;-0.07393033062311638;0.14987079913091747;0.3301537015563602;-0.051851602936924535;0.1950961697671417;0.5859663014580374;-0.6070927651780788;0.372082782017112;0.5411340731519212;-0.12751454700116704;0.23305195898162842;0.14400635435372897;0.00014192989553650845;0.17239633477384858;0.046826655250136316;0.024207417632605203;0.08952137072805788;0.877184436820572;-0.4717344464661719;0.44858855683698146;0.5044747162889033;-0.11525561283981317;0.25267085901947467;-0.06644092227432696;0.05645023814839352;0.1303495686442515;-0.14765863893476516;0.05037322700771978;0.06703877441596028;1.0604216591859965;-0.3313833352682297;0.40265274773307175;0.44256779182020345;-0.10952035810940569;0.18863039783621707;-0.15900192700650043;0.05731293962074377;0.07786045169913001;-0.20467316866094895;0.05722153711917685;0.0948877853783383;1.1557518525827761;-0.2049609937020729;0.29444406982207977;0.29075774934648396;-0.09773639111914384;0.16322410598121184;-0.09873599211507825;0.004996860116548812;0.07246474061416255;-0.1657486305042082;0.022591972199122803;55.23667018055641;26.555797327621836;1.9281309970665903;36.269705058723794;26.070022930477585;18.171920697250208;38.35438520970675;66.38740450846151;32.9689350994691;38.123213411219716;90.25792618329993;28.222850898090048;39.920585376244084;76.5565639115005;35.54463270408438;63.148064999626435;19.198191210319703;11.014674042289615;7.372757467821577;0.9669893980026244;-0.28118949189134435;0.37229630395383595;-0.227659171711306;-0.12441540891584979;0.5890030018192529;-0.14930323179922772;0.0004912439632287059;0.5943253790049098;-0.08697742552410394;0.0401892049986327;0.44986453455486747;-0.07404975956760691;0.030480538560714934;0.9025899053791268;-0.5312065162221996;0.034092927011285815;0.9161278483085737;-0.1221887413589528;-0.07319620189709665;0.4267186004018047;-0.012391990807252378;-0.045735494077408095;0.28290884576264486;0.00565100832916894;0.2840726767812473;0.8495483279907183;-0.44448886680603367;-0.005603331272079252;1.030600462381154;-0.10300468551244986;-0.1927093876928929;0.09883326228310083;0.04943860728505264;-0.1078710444176837;-0.12185149003324451;0.03934213907027072;0.4439508767236949;0.8299751933033219;-0.3501078754167012;-0.011014251563760432;0.9484877994322473;-0.07560101988606564;-0.17569846913606246;-0.014422735457670526;0.07376257979404328;-0.08097607596292665;-0.18143674350722622;0.05176046932312456;0.5253449783121766;0.8231518401953555;-0.2681442830877023;0.018065347756932255;0.7772156342213603;-0.04908874495205539;-0.13209482061138347;0.017459593719086113;0.04238352026678914;-0.07409270084558855;-0.15558300792426935;0.032274786916227566;26.45971683421551;13.01168723585062;5.09392386313789;22.873004025328548;13.234646776358227;2.823268960668724;27.378050417808232;64.83353029626791;73.29691709498866;32.18073923458434;95.46591559269496;58.22325369065574;32.88637102054961;85.20582345350837;69.86422839379982;34.475239299205136;15.10108445860801;10.686389450886036;6.560606511197495
0.990917200556012;0.27147698923461705;-0.11563927838685853;-0.2815904327678361;0.25922581203366857;0.22700742389619455;-0.15400557350665983;0.17811320384758617;0.3855605457239531;-0.0755023410870838;0.15184579971584614;0.33362389264303455;-0.05374951034912824;0.196601771987976;0.5812763940152594;-0.5988409259861616;0.3780232277124456;0.5487110967437571;-0.13020099373140998;0.2370682528976097;0.14743292268299318;-0.004285275822763643;0.17308393371541012;0.04982026442767497;0.020874082009234404;0.09036701263314574;0.8795205090351111;-0.46720175215251514;0.4540167777633679;0.5111159041499611;-0.11571190940945436;0.2552017355258813;-0.062382690922050836;0.053796894582892725;0.1303265597260785;-0.1451524885633245;0.047796723541907456;0.06712977939524316;1.0667526921513149;-0.33136883032906533;0.4094887841205152;0.45119749704433826;-0.10981118077729274;0.19010754993252998;-0.15702950921859812;0.05700591925489471;0.07680074409483238;-0.2041091222447934;0.0565339147085656;0.09496214695546076;1.1655726554218988;-0.20977082703430225;0.3007273782167492;0.30040485974064796;-0.09903812448223258;0.16425727058024733;-0.09539726436995251;0.004671618844325659;0.0712732407245926;-0.16472569856620312;0.02228981538312085;55.36661392328835;26.797835989214565;1.7671803870936416;35.94925219604919;25.51447525783437;17.4750239043989;38.23507439624921;65.2801602850427;33.552535741100854;38.10304680201171;89.73097678014516;28.985025226520662;39.61212552196081;75.84765131975207;36.776875371577525;63.73062700295275;19.38679043374365;10.831462431465653;7.129259798332742;0.9669893980026244;-0.28118949189134435;0.37229630395383595;-0.227659171711306;-0.12441540891584979;0.5890030018192529;-0.14930323179922772;0.0004912439632287059;0.5943253790049098;-0.08697742552410394;0.0401892049986327;0.44986453455486747;-0.07404975956760691;0.030480538560714934;0.9025899053791268;-0.5312065162221996;0.034092927011285815;0.9161278483085737;-0.1221887413589528;-0.07319620189709665;0.4267186004018047;-0.012391990807252378;-0.045735494077408095;0.28290884576264486;0.00565100832916894;0.2840726767812473;0.8495483279907183;-0.44448886680603367;-0.005603331272079252;1.030600462381154;-0.10300468551244986;-0.1927093876928929;0.09883326228310083;0.04943860728505264;-0.1078710444176837;-0.12185149003324451;0.03934213907027072;0.4439508767236949;0.8299751933033219;-0.3501078754167012;-0.011014251563760432;0.9484877994322473;-0.07560101988606564;-0.17569846913606246;-0.014422735457670526;0.07376257979404328;-0.08097607596292665;-0.18143674350722622;0.05176046932312456;0.5253449783121766;0.8231518401953555;-0.2681442830877023;0.018065347756932255;0.7772156342213603;-0.04908874495205539;-0.13209482061138347;0.017459593719086113;0.04238352026678914;-0.07409270084558855;-0.15558300792426935;0.032274786916227566;26.45971683421551;13.01168723585062;5.09392386313789;22.873004025328548;13.234646776358227;2.823268960668724;27.378050417808232;64.83353029626791;73.29691709498866;32.18073923458434;95.46591559269496;58.22325369065574;32.88637102054961;85.20582345350837;69.86422839379982;34.475239299205136;15.10108445860801;10.686389450886036;6.560606511197495
