r_confidence;r_vec_0_1_x;r_vec_0_1_y;r_vec_0_1_z;r_vec_1_2_x;r_vec_1_2_y;r_vec_1_2_z;r_vec_2_3_x;r_vec_2_3_y;r_vec_2_3_z;r_vec_3_4_x;r_vec_3_4_y;r_vec_3_4_z;r_vec_0_5_x;r_vec_0_5_y;r_vec_0_5_z;r_vec_5_6_x;r_vec_5_6_y;r_vec_5_6_z;r_vec_6_7_x;r_vec_6_7_y;r_vec_6_7_z;r_vec_7_8_x;r_vec_7_8_y;r_vec_7_8_z;r_vec_0_9_x;r_vec_0_9_y;r_vec_0_9_z;r_vec_9_10_x;r_vec_9_10_y;r_vec_9_10_z;r_vec_10_11_x;r_vec_10_11_y;r_vec_10_11_z;r_vec_11_12_x;r_vec_11_12_y;r_vec_11_12_z;r_vec_0_13_x;r_vec_0_13_y;r_vec_0_13_z;r_vec_13_14_x;r_vec_13_14_y;r_vec_13_14_z;r_vec_14_15_x;r_vec_14_15_y;r_vec_14_15_z;r_vec_15_16_x;r_vec_15_16_y;r_vec_15_16_z;r_vec_0_17_x;r_vec_0_17_y;r_vec_0_17_z;r_vec_17_18_x;r_vec_17_18_y;r_vec_17_18_z;r_vec_18_19_x;r_vec_18_19_y;r_vec_18_19_z;r_vec_19_20_x;r_vec_19_20_y;r_vec_19_20_z;r_angle_Daumen_1;r_angle_Daumen_2;r_angle_Daumen_3;r_angle_Zeigefinger_1;r_angle_Zeigefinger_2;r_angle_Zeigefinger_3;r_angle_Mittelfinger_1;r_angle_Mittelfinger_2;r_angle_Mittelfinger_3;r_angle_Ringfinger_1;r_angle_Ringfinger_2;r_angle_Ringfinger_3;r_angle_KleinerFinger_1;r_angle_KleinerFinger_2;r_angle_KleinerFinger_3;r_angle_thumb_index;r_angle_index_mid;r_angle_mid_ring;r_angle_ring_pinky;l_confidence;l_vec_0_1_x;l_vec_0_1_y;l_vec_0_1_z;l_vec_1_2_x;l_vec_1_2_y;l_vec_1_2_z;l_vec_2_3_x;l_vec_2_3_y;l_vec_2_3_z;l_vec_3_4_x;l_vec_3_4_y;l_vec_3_4_z;l_vec_0_5_x;l_vec_0_5_y;l_vec_0_5_z;l_vec_5_6_x;l_vec_5_6_y;l_vec_5_6_z;l_vec_6_7_x;l_vec_6_7_y;l_vec_6_7_z;l_vec_7_8_x;l_vec_7_8_y;l_vec_7_8_z;l_vec_0_9_x;l_vec_0_9_y;l_vec_0_9_z;l_vec_9_10_x;l_vec_9_10_y;l_vec_9_10_z;l_vec_10_11_x;l_vec_10_11_y;l_vec_10_11_z;l_vec_11_12_x;l_vec_11_12_y;l_vec_11_12_z;l_vec_0_13_x;l_vec_0_13_y;l_vec_0_13_z;l_vec_13_14_x;l_vec_13_14_y;l_vec_13_14_z;l_vec_14_15_x;l_vec_14_15_y;l_vec_14_15_z;l_vec_15_16_x;l_vec_15_16_y;l_vec_15_16_z;l_vec_0_17_x;l_vec_0_17_y;l_vec_0_17_z;l_vec_17_18_x;l_vec_17_18_y;l_vec_17_18_z;l_vec_18_19_x;l_vec_18_19_y;l_vec_18_19_z;l_vec_19_20_x;l_vec_19_20_y;l_vec_19_20_z;l_angle_Daumen_1;l_angle_Daumen_2;l_angle_Daumen_3;l_angle_Zeigefinger_1;l_angle_Zeigefinger_2;l_angle_Zeigefinger_3;l_angle_Mittelfinger_1;l_angle_Mittelfinger_2;l_angle_Mittelfinger_3;l_angle_Ringfinger_1;l_angle_Ringfinger_2;l_angle_Ringfinger_3;l_angle_KleinerFinger_1;l_angle_KleinerFinger_2;l_angle_KleinerFinger_3;l_angle_thumb_index;l_angle_index_mid;l_angle_mid_ring;l_angle_ring_pinky
0.9625077843666076;0.2765876825919594;0.08902456197130185;-0.054098544464147476;0.21308535837355516;0.2554121754061826;-0.05106726093944809;0.17770733653027637;0.2297571358517573;-0.03978069694156089;0.14792173560452387;0.13313016697754498;-0.044100855333270135;0.3902994850815069;0.8635046300534404;-0.16891629412727194;0.12095569178876465;0.5054304236907143;-0.07961843721922182;0.06281553568467248;0.3039533605834156;-0.04152868293149462;0.03476042257553882;0.24760531989351903;-0.02355299025609641;0.223435770099089;0.9577001444490263;-0.18134742888318384;0.07959525597948916;0.5673928141365394;-0.06217110430916819;0.04178162073995362;0.3624685754408588;-0.03173010758871067;0.023518112060535935;0.2793760478197429;-0.024894004888949973;0.06061130934189558;0.961214240802875;-0.19370139917594906;0.02284984961441926;0.5337594582381561;-0.06987776771534207;0.005604330545279911;0.3545968786215427;-0.043211697648599785;0.0031017963835577407;0.26564821689694934;-0.027893269774852306;-0.08195581981673196;0.9042506803040523;-0.2046670825931641;-0.02945477793262525;0.42649549040550644;-0.06543985996829302;-0.021609357911048243;0.2605497619685877;-0.027313289807472965;-0.013214015554039862;0.22176237287899836;-0.014826517713182072;31.902778900276683;2.292194369219609;11.163672158327413;10.808052383332553;2.0730033757069397;4.2918864451471075;6.635576002537894;1.8613772894670777;1.7598835285140826;4.082425542607048;1.6145542777150934;0.9818354374443788;4.178175848028486;2.848677718647856;2.5226081822177684;47.0155499683688;11.015415454549856;9.39715533320755;8.69567170074493;0.9727638959884644;-0.31339918305975684;0.055263634959133424;-0.08014667719810059;-0.24802461519852564;0.20458638890136846;-0.06944848369411419;-0.19750399687601203;0.2502691125936833;-0.05371626269751193;-0.16295074636640064;0.1725390163193816;-0.05809289035013711;-0.4354391665360323;0.7880431728019831;-0.22149975326654614;-0.18480938020460644;0.5041863674389298;-0.08790092888175617;-0.10326964304644444;0.31338368076090933;-0.04400840182992567;-0.08104287866851878;0.24888803437484086;-0.02943869380868375;-0.25955440090842957;0.9402060852552183;-0.22055391680521896;-0.12628918321353227;0.5861393684119364;-0.09322150426626016;-0.08232466368208494;0.3763177158276335;-0.05221171798935193;-0.06683335380594195;0.29818455978329667;-0.038857444161450205;-0.09792390095526732;0.9945190760780656;-0.2156941668771193;-0.07501817513414832;0.5368718852848661;-0.08209521984756053;-0.06373642620580403;0.35159841727299024;-0.05519887852091006;-0.05780277414820862;0.2804118609653717;-0.03941947608153317;0.030024224466576065;0.9712285400285934;-0.2114794303200536;-0.018454015040690087;0.4292421716296604;-0.0841208944452209;-0.012939906210131491;0.277825528069046;-0.050088614386909536;-0.01893399761006896;0.25342844185247304;-0.030363803303987948;28.789382661316413;12.265727249046805;6.5066981386793605;9.727986267552836;2.527699631382192;1.196937072622402;5.057695748092096;1.1328095536328353;0.5543855278261409;4.241184330555595;2.2998358169742876;1.6530593238390592;4.314986672112981;0.8919650977179313;3.7487810625061124;49.461241033291024;13.172078051201213;9.594144228527298;7.226741195138991
0.9655050861199472;0.2797958501912764;0.08779874218433673;-0.05649934100645714;0.21436056484853871;0.25486165748897455;-0.05343361778712325;0.17922082995760857;0.23314623714728008;-0.04120091152653234;0.14943252517333985;0.13466430044048214;-0.04554490764827465;0.392825242722094;0.85948879746315;-0.17919741579009962;0.12350459053064923;0.5146129935696658;-0.08237247778688189;0.06355204973485305;0.3085781723134547;-0.04174759149325935;0.034603977912386105;0.25096958982425166;-0.023122034065912175;0.22309081400384206;0.9559604684510195;-0.19070939008347457;0.08069631929588654;0.5757801060265685;-0.06572935887699076;0.04326226543313399;0.36751564436966583;-0.03263951082827057;0.024568054680171723;0.28219107048390135;-0.02515154133190925;0.059465305414695774;0.9616204589825581;-0.2016014099780799;0.022153172415489794;0.5407416611040751;-0.07273417983160352;0.006336498695595624;0.3591022867144011;-0.044125946193854765;0.003927050718769701;0.2692820345784546;-0.028011916952084905;-0.0823044524563972;0.9064235827186152;-0.2109155662784732;-0.0298366209809073;0.43222480020407755;-0.06740049889675312;-0.02091232754615759;0.2630292931328947;-0.02807909650429652;-0.011736127315236678;0.22390936647992976;-0.015030854297382873;32.051887895664166;2.737627420193929;11.31249640620696;11.067445873035492;2.251358198128824;4.427914188021047;6.828297340019711;1.8892303651326583;1.7315351621533073;4.326714200814325;1.475193144444201;1.0801975033947175;4.377157870718621;2.83069897442748;2.7173487296003116;47.11009140196048;11.224030206567887;9.44330151511036;8.609795037000461;0.977781427469545;-0.31451403802048483;0.053389026377301876;-0.07953635736814851;-0.24852576634040063;0.20690839407322248;-0.06997387595475969;-0.19937196458256934;0.2516816614756014;-0.05358849007614544;-0.16391249193182134;0.171921132727102;-0.05809152147787894;-0.43756500825472183;0.7852092774597704;-0.22728722279596886;-0.18583554745100886;0.5110026349441393;-0.08769621224791366;-0.10477323956901262;0.3144427141099228;-0.042946179577872355;-0.08226878631592689;0.24829490453864592;-0.02841108222041573;-0.26077507398836697;0.9386464978527842;-0.22569694914877556;-0.1285411406337664;0.591610200804862;-0.09270444067311119;-0.08280127419395704;0.3777784367940086;-0.05067102018623068;-0.06695389319955755;0.2963920613867608;-0.03782886780462913;-0.09863764056064418;0.9950568485165057;-0.21962001763574365;-0.07727943817240887;0.5434056847566471;-0.08110238802908525;-0.064096012748552;0.35256409520196536;-0.054678372260082465;-0.05763464347330625;0.27835454903015744;-0.039330059619316966;0.029002616693450903;0.9738546658684589;-0.21388463880194422;-0.01923000954375733;0.43507337374817856;-0.08342043696994869;-0.01247767676316521;0.2786456136342374;-0.05005592050040095;-0.018644877558424956;0.25333092440876054;-0.030472377424786146;29.394925488995767;11.940325569711696;6.680573844351743;10.26699598241798;2.353057083563461;1.1877885604045064;5.395637234706989;1.2458156560733882;0.5172965150646509;4.64552626196365;2.202026605149078;1.5939764670906627;4.425557731702442;0.6705327945316711;3.709236287594607;49.58841487925508;13.268007677280803;9.645046102004208;7.195283270766094
0.9685023878732872;0.283024420255864;0.08654706393719114;-0.05892958832598746;0.21563431234441252;0.25427954111114276;-0.05582921215367175;0.18073956760529306;0.2365626830997208;-0.042637826430197076;0.1509512833295362;0.1362081098536213;-0.047005601754569394;0.3953510561626978;0.8553352008474008;-0.1896104785142759;0.12607886414138272;0.5238805138810572;-0.08515867337491406;0.0642933109424514;0.31324118729655887;-0.0419657904521563;0.03444206239540396;0.2543591921328032;-0.022682705425167787;0.22272017723067772;0.9541069699199377;-0.20018894226337874;0.08180580714714994;0.5842351819338729;-0.06933293355094881;0.04476029244665088;0.37260155070085155;-0.03355902725505177;0.02563089010308575;0.28502059235678956;-0.025410465958675087;0.058297224860237175;0.9619433383243959;-0.2095968757251105;0.021444372904011452;0.54777459454977;-0.07562512040323599;0.0070786590473183005;0.3636394855605962;-0.04504931235441388;0.004763865899344464;0.2729433808461509;-0.028129679969682925;-0.08265048761287808;0.9085437959468851;-0.21723477581482048;-0.030221213846748415;0.4379968029560176;-0.06938321691019207;-0.02020328487761359;0.2655202531839722;-0.02885336444451296;-0.010235794428276867;0.22606661283330765;-0.0152367492011128;32.19440455081356;3.1860786292017127;11.459655219614024;11.352464135762444;2.4333651286136133;4.562808756649283;7.035563699545666;1.94433254572863;1.7051011365746693;4.577613595216587;1.3704563305715927;1.1830452962959728;4.580652508267777;2.824883663835794;2.916876589806943;47.194740083877626;11.435533690349459;9.490158664774839;8.52339697862929;0.9827989589506256;-0.31562435605464784;0.0515042410523404;-0.07892082352688295;-0.24902160142486487;0.20923465493935214;-0.07049952295768462;-0.2012423490542657;0.25309295173692803;-0.05345849630044264;-0.16487360829387696;0.1712951754210668;-0.05808836986369798;-0.43968715786433066;0.7823384532875572;-0.23309411962601595;-0.18686070868243884;0.5178343424508746;-0.08748788071426367;-0.10628048506767555;0.3154969582910795;-0.04187780261214025;-0.08349776550653018;0.2476914782164705;-0.02737791816549005;-0.2619933358340116;0.9370510973519371;-0.2308565202243533;-0.1307994310434454;0.5970878759377963;-0.09218218541523586;-0.08327752483576978;0.37923426251870035;-0.04912175065044961;-0.06707293446081224;0.2945823291857133;-0.03679444657766228;-0.09935161678389112;0.9955666420639476;-0.22355704532354007;-0.07954864425254161;0.5499526458826082;-0.08010255090403855;-0.06445527807965772;0.35352339267595445;-0.054153821522800655;-0.057463983965221;0.27627934793645487;-0.03923903286013706;0.02797546572793971;0.9764629794524189;-0.21629426885896533;-0.02000895278171831;0.44091784816063956;-0.08271423587663784;-0.012012958996355296;0.27946091567576387;-0.05002154683709939;-0.018353869581128876;0.2532252153627367;-0.03058051452323627;30.00011883657247;11.620215068548967;6.855426151485561;10.811145578768881;2.220688756332715;1.190245262080774;5.74722149686164;1.3660289065593167;0.5131056617461904;5.048914300893619;2.1119308540531088;1.546983445706423;4.555091326507725;0.4940665862622482;3.670404652877747;49.718169201535105;13.364277255052132;9.697068556593203;7.165492236253717
0.9705313189417488;0.28613589827981256;0.0857742111134364;-0.060043497041134944;0.21654791078582106;0.25418380925671785;-0.05708686710987839;0.18203359819795203;0.23979913440137438;-0.04316235918508363;0.15186689105754336;0.1384715744597277;-0.047554455970987744;0.39836221852660897;0.8509779279479007;-0.19736085616079121;0.1279259509301605;0.5316437998284536;-0.08695226623693299;0.06508133616334222;0.3168662497590725;-0.04170346635330708;0.03440750711974711;0.2571363700320834;-0.02201210484856875;0.22345458102837504;0.9524901913193244;-0.2069552745351276;0.08263154379656452;0.5909801442000419;-0.07193913055076444;0.04611401100602196;0.3767966161023977;-0.03406260885046267;0.02660034733352446;0.2869989567496916;-0.025495397344149413;0.058074552009629424;0.9628818450869798;-0.21477401838826443;0.020412086869697137;0.5535609314601446;-0.07747851592491915;0.007633852208981034;0.36756266449232755;-0.04564987847160202;0.0054211892140188685;0.27585202642362827;-0.02816917078250059;-0.08231426845650108;0.9113690267492062;-0.2205659347014058;-0.031194797970994486;0.4428828716164288;-0.07049822241488357;-0.01977405112252234;0.26772485648745076;-0.02946540260576501;-0.009121599124962769;0.22805505378192623;-0.01544692402758517;32.35624953718067;3.5409341840212845;11.354526463714265;11.708763050575566;2.5446754938726706;4.683004380665694;7.241615821458887;2.001229035433268;1.677040043520901;4.7753273742471025;1.2716414330734884;1.2502270644545102;4.663249483519345;2.765577535332837;3.070912827007539;47.182067417480724;11.626408687520069;9.548195591283068;8.448759079366482;0.9868403792032036;-0.3171723892780317;0.05070154976757427;-0.07839931284615596;-0.2497975108077145;0.21174538619742647;-0.07124324949413526;-0.20325510719675155;0.25423541094171614;-0.05362862139129094;-0.16621489717823842;0.1709348111751954;-0.05836015492541438;-0.4418206333709993;0.7793267239406747;-0.23882984140052557;-0.1881364047361373;0.5247008372962925;-0.08772098368401078;-0.10814890480509973;0.31642403687980836;-0.04099362384582294;-0.08510729913492805;0.24686681770512714;-0.02640420070596116;-0.2630131628524443;0.9354488817399277;-0.23613442319550212;-0.1336072508038935;0.6030622820667121;-0.09237778837663022;-0.08460501768332165;0.3807432207588388;-0.04788238296511489;-0.06792269974061756;0.29313472319599876;-0.035807397998724684;-0.0997437933307238;0.9964825127398084;-0.22783384147665342;-0.08216075131138702;0.5564751963875145;-0.07962958823495313;-0.06546307632286692;0.3552808676747713;-0.05358891856891173;-0.05801943360527967;0.27540068961474007;-0.03896201969857045;0.027305209277011057;0.9799457113580773;-0.21928945125087373;-0.02132922052463239;0.44671974926540264;-0.08219000881651667;-0.012173412423468106;0.2806686577312478;-0.04980991962227415;-0.018591652096385313;0.2533846340023941;-0.030485600382230714;30.419260959538416;11.257801594793273;6.997268430865131;11.317809328203772;2.1303632534054504;1.2244338578970198;6.039732913341117;1.5072967936744308;0.5562211505659521;5.441312852915311;2.0556712221517004;1.5453514245635132;4.776712957495743;0.4354356440237189;3.6313036455930225;49.674687038788264;13.475007315182573;9.758195280332657;7.135641072350763
0.9689442459944646;0.28875643255550815;0.0868824663009699;-0.05611587923909075;0.21611604411003182;0.25601961918425015;-0.053975496811233196;0.18247185138353983;0.24228615480448068;-0.04020328881310001;0.1504923946822171;0.14342220102659242;-0.04462205867549114;0.4032140722968979;0.8462789509458691;-0.1947063898574902;0.12696462533262828;0.5335123265345396;-0.0849167893138874;0.06603385186595048;0.31648125171036195;-0.03963452925344507;0.03486959774794516;0.2575416491447411;-0.02049528184915997;0.22843273508067283;0.9521245513860167;-0.20316821648953742;0.08236673903399554;0.5911063908485116;-0.07065972236549058;0.04687536181602864;0.3775358223168819;-0.03297132155552735;0.02718163833539453;0.2857384619564692;-0.02492174326055836;0.06147865062720763;0.9664109028020045;-0.20906614038606552;0.018197025604820605;0.5545226138108493;-0.07532639154817279;0.007456140498695608;0.36909277367327176;-0.04500963572383582;0.005369158321684163;0.27585463734482757;-0.027917286280407277;-0.07941832480955943;0.9170312411581912;-0.21244445523842778;-0.03437998454131489;0.44432251797207994;-0.0682831981714003;-0.020434144841702428;0.2688263085502109;-0.02944283698891609;-0.009527070686283124;0.22938526401287646;-0.015669205428902495;32.61292269630799;3.5343945352771;10.317100110063482;12.249805408950312;2.407991307936862;4.752717670272216;7.4016547818604845;1.9896946937226663;1.6375125813339964;4.776965059157263;1.059232787815366;1.174310867906223;4.31609705788101;2.479892192012817;3.043720753995808;46.83856328817279;11.733296677614938;9.648230151824812;8.422059037022477;0.9872368913878312;-0.3204002770933004;0.054009333930849404;-0.07824288403563451;-0.25165301664815104;0.2149631624391981;-0.07281683883052092;-0.20581656183750693;0.2543750371357878;-0.054940504939082736;-0.16900616741048619;0.17159711300910793;-0.05967820075967093;-0.4440251786529109;0.7758572189922289;-0.24429268874922974;-0.1903725975448016;0.531715434813626;-0.08963426009824699;-0.1113883655305276;0.31689145636607363;-0.04081479479751639;-0.08816047910826483;0.2452270025956092;-0.025661946414541108;-0.2632982995562418;0.9339046685144834;-0.24185961956813806;-0.13849869590691608;0.6109464235103863;-0.09530224399775258;-0.08916199099847726;0.38247919205440556;-0.04782698954447427;-0.0715454792359533;0.29309025682076817;-0.035006862332768035;-0.09892247298659411;0.9990170492207994;-0.23340086265723053;-0.08606950524465351;0.5629253800087499;-0.08116290391768557;-0.06893140498023662;0.3600873247122029;-0.05287768965011247;-0.06133074712472667;0.27908538711985215;-0.037984109621065146;0.027993149946176726;0.9868114053265585;-0.22451120408977568;-0.024698609134787077;0.4523741846693582;-0.08236468087681001;-0.014704763794833141;0.283382907396908;-0.04893114764571746;-0.020835100379015866;0.2545697194574784;-0.029623657661733874;30.147786518561666;10.718655168281948;7.010331264058785;11.675500762337437;2.115931563245251;1.3652603383133868;6.08829856814593;1.741626313180632;0.674872822928857;5.803560187198325;2.1244364023418743;1.6679871930652168;5.286251935973567;0.5421081299774372;3.5910033719279544;48.97730362605208;13.640389503264133;9.85048594409754;7.099827659311429
0.9673571730471806;0.2913953292133389;0.08799989419876801;-0.05214121752324996;0.21567062114276953;0.2578661472296446;-0.050826479163250386;0.18290781737865883;0.24479187021289936;-0.037208858355992414;0.149096209724602;0.14842357325287248;-0.0416544291104226;0.408105171047629;0.8414925783469053;-0.1920138685596302;0.1259872637790815;0.5353808637805174;-0.08285470242628457;0.06699459625082349;0.3160792242458893;-0.037540408704613115;0.03533556712845842;0.25794126725269934;-0.018960337739144947;0.23345855417973532;0.9517167204744831;-0.19932984585756838;0.08209562453908102;0.5912104736721039;-0.06936289815023432;0.04764352568602088;0.3782683851145921;-0.03186626912832083;0.027768474825681976;0.28445217839974796;-0.02434055022230012;0.06491912551088483;0.9699416266378139;-0.20328480311332311;0.015955970062222567;0.5554731231715948;-0.07314670954841258;0.0072761038589786425;0.370625598568641;-0.04436029228566602;0.005316319502588635;0.2758462626757358;-0.027661413694838446;-0.07648617524924058;0.9227214268431437;-0.20422184917815517;-0.03760013230378927;0.4457608440555141;-0.06604018004123079;-0.021100952406922478;0.2699295903726329;-0.029418838256031924;-0.009936787107982832;0.2307214884448118;-0.01589339673803944;32.8700656154739;3.524831609424301;9.288706964740783;12.797961781189908;2.3148889343598573;4.8234738169510845;7.574316551439855;1.9870193306898623;1.5999582628411673;4.819846394259823;0.8497879358411714;1.0988403467686751;4.041572556621842;2.224108896868095;3.0182110245606575;46.494054578193136;11.844460774555118;9.752821273314343;8.399606485597163;0.987633403572459;-0.32367758162775406;0.05737770202256649;-0.07808066128030083;-0.25353448303401344;0.21823398627266197;-0.07441754113705719;-0.20841898626633;0.2545080823031403;-0.05627520127975381;-0.17184408701966689;0.17226571694639686;-0.06101900416017293;-0.44625531050432843;0.7722939900319795;-0.24984996906341286;-0.19264417010936943;0.5388433859587282;-0.09158046247202943;-0.11468503839402241;0.3173562263620916;-0.040631105027568504;-0.09126819112892506;0.24354729338381123;-0.024904727754893614;-0.2635792830002938;0.9322974044626811;-0.24768429745383383;-0.14347760521215835;0.618957487341599;-0.0982785389312553;-0.09380189294630531;0.3842341214019596;-0.0477688150650506;-0.07523416273782141;0.2930343252862668;-0.03418992159694818;-0.09808203767012709;1.001563293311067;-0.23906468128895514;-0.09004904373979886;0.5694771142840948;-0.08272226855689857;-0.07246281213265379;0.3649716065386036;-0.05215109641295406;-0.06470244590519421;0.2828296360977253;-0.03698633285266262;0.028693083074291942;0.9937711404760479;-0.22982354848451592;-0.02813080895903427;0.45811913260189957;-0.08253966985015403;-0.017283443510565634;0.2861382040627317;-0.04803398660035603;-0.02312021127177873;0.25576798379207644;-0.028744343960057803;29.88078934406132;10.178549407201942;7.019661826311858;12.041871786197829;2.2349320174414093;1.548890244741178;6.160692098648158;2.017868068432123;0.8055780475327297;6.174218593065583;2.2297202346671097;1.7897636605905172;5.794757913693377;0.6846122038466275;3.5544762976754622;48.2827231503451;13.808656731754906;9.944384308560835;7.064009277077408
0.9670238535351016;0.29344644104934237;0.08814744715552471;-0.04978336484567881;0.21498689224152834;0.25924333155584894;-0.04896315163511638;0.1831822781337985;0.24691684834641797;-0.0353382742562618;0.1482437449451356;0.15225334423030268;-0.039874037573157564;0.41191255562800183;0.8379462152401824;-0.190972579390572;0.1250767075821737;0.5366632676970382;-0.08179231278782739;0.0676021965186277;0.316129147073296;-0.03633988354847394;0.03563867777628813;0.2584127503605807;-0.018019799656086105;0.23698326276272666;0.9512468239108278;-0.1974041873160121;0.08180365365846591;0.5912103714335764;-0.06893267831312506;0.048183488516104475;0.3790847129910905;-0.03137522469372402;0.02817580433175477;0.28395187924324633;-0.024045337860039793;0.06727572054285838;0.9719677623184644;-0.19991382500537266;0.014469831103697817;0.5561270794565426;-0.07235972052498789;0.007224244123392425;0.3721525421500164;-0.044339696583072956;0.00522941378210871;0.27658703419956254;-0.027623798783916974;-0.07429025892638816;0.9257471074256767;-0.1990088006871622;-0.03974413563429063;0.44694926058356305;-0.06517238285732556;-0.021665676774307672;0.27097137489325607;-0.029732822856384684;-0.010378475746909458;0.23203918224998984;-0.016181265177322858;33.22272007046577;3.517853525041726;8.600977469996247;13.229462908705507;2.280056926433984;4.86899644828697;7.70883918948161;1.9967743561664182;1.576344893192192;4.841324894976192;0.7228416159493501;1.0911021834019252;3.861197813730798;2.084316357142337;3.0171288451387164;46.339608754395336;11.945122133612667;9.830529699429144;8.380073145644376;0.987948425847362;-0.3251619617665768;0.05913149860236571;-0.07893038720277085;-0.25438989060792994;0.22100296194487007;-0.07552086671884488;-0.20967382403092832;0.2559879168367249;-0.05706379277075513;-0.17369572014184861;0.17276467285876523;-0.06170201562518037;-0.44645054734006856;0.7702354655327083;-0.2530137971478079;-0.19465093094337582;0.5410766955418963;-0.09280579253354458;-0.11715924014827185;0.3169424174513031;-0.040725603382120036;-0.0934918804109827;0.24215190712822135;-0.024662092502256774;-0.2630373494772109;0.9316799811973797;-0.2505668881078538;-0.1468962448221742;0.6211865246445921;-0.1001548453066002;-0.09734053144040648;0.3841809089731529;-0.04789434039922476;-0.0780582589421629;0.2926377865626626;-0.033796616914576715;-0.09742792729555916;1.0036417617844804;-0.24158532110794145;-0.09306549862743269;0.571498358281646;-0.08394010635107894;-0.07524682013886343;0.36745174766837;-0.052106066529198476;-0.06703453974253942;0.28510358933008717;-0.036596256816983155;0.028582118916375045;0.9987883848313176;-0.23197298205160732;-0.030778762447904322;0.45995829410066164;-0.08301167271237767;-0.01924931431770277;0.28752528227244817;-0.047973253256273565;-0.02454040932593845;0.25614791056934066;-0.028531673431852582;29.87766210013476;9.927772600040118;7.175858131353745;12.08475077778772;2.3487625068747153;1.6610241946596984;6.090371506431482;2.2192784641707126;0.8842239791841114;6.365682340167885;2.325766692367447;1.8224327601855825;6.0713295574067905;0.7563702897795445;3.522663162081289;47.93775583213016;13.894709568529182;9.97113111952771;7.003235595217365
0.969595951888142;0.29409911478724005;0.08602640279899951;-0.051267111492710724;0.21377567698566488;0.2595112957118087;-0.05015513351645644;0.18308639191773907;0.2481233497567216;-0.03614297306162511;0.14869438681106836;0.15326847342414143;-0.040915861223555304;0.41313129609418964;0.8374435803534649;-0.1938362071785234;0.12435147530821844;0.5365858358600374;-0.08310068674964416;0.06737467618749372;0.3172606883539826;-0.03726105918548704;0.03555650786246835;0.25906209928965124;-0.018493138560580217;0.23693428192160107;0.9507134283552223;-0.2000153074025957;0.08147521562580456;0.5910108896425952;-0.07054700984104771;0.04818100493532549;0.3801085735533287;-0.032335429262360105;0.028156070974702126;0.28532500789412607;-0.02442818725641794;0.06704808350298747;0.970499491364075;-0.20227638795256306;0.014784931219699834;0.5561144347907715;-0.07485759512851427;0.007474312981252032;0.37366136793959853;-0.04579585599613689;0.005064943115842897;0.27908798312379185;-0.02810038355683313;-0.07387142866163214;0.9225362971003287;-0.20097213892147278;-0.039324468425656976;0.44756072857349294;-0.06754969279491678;-0.02198087940388108;0.2718674189955964;-0.030834170281623673;-0.010886457091918227;0.2333029829107227;-0.01661341115710391;33.7965522668353;3.5243446192763157;8.679775669624846;13.37645252641755;2.2813983915706606;4.854420401031227;7.730790907221612;2.018062352311752;1.583298185486193;4.732467767915512;0.774091345845696;1.241831411944083;3.7269310493581154;2.1374970621011555;3.0728329000119343;46.62737394242098;12.012870778293982;9.837062842087027;8.35878432910712;0.9880746053778364;-0.3224147289454201;0.057041960829594195;-0.08210409955199993;-0.2528271760632865;0.2224844464462714;-0.07541705225616505;-0.20773965103680603;0.26055282471778207;-0.05654535255138048;-0.17317072918795948;0.1728543900895919;-0.06082280299024814;-0.44191725088150363;0.7718249377798122;-0.25046307648314037;-0.195957114913878;0.5318236317146128;-0.09229814467745764;-0.11760639985026713;0.3145173540228759;-0.041466562088434036;-0.09355543434617374;0.24149843517322192;-0.02563198574979034;-0.2606169213748295;0.9334516287612679;-0.24646881558534403;-0.14652503024779265;0.6098649140636676;-0.09938414412720958;-0.09815109885814481;0.37993600035807434;-0.048444970852836;-0.07873852008767514;0.29148212017732994;-0.034411369924657084;-0.09724437264957633;1.0045884659279092;-0.23667291052787687;-0.09370029472035069;0.5628939095180986;-0.08430927750485087;-0.07616194309630595;0.36423089301864325;-0.05365516060176592;-0.06683718607647483;0.283858885530785;-0.03764339755249997;0.02658732476571628;0.9990974664078047;-0.22666022280605103;-0.03147580376806447;0.45263056004013974;-0.08415870340864857;-0.019695315791204083;0.2856734144785298;-0.0498682199311617;-0.023878827759958202;0.25461641477853025;-0.02988487648569694;30.48114895047756;10.338182596089101;7.68376688737686;11.36228401550324;2.2261406377209014;1.540927564963075;5.648495587514622;2.1902345552513234;0.8250115194823352;6.148337639877143;2.3434193880123684;1.65971443465706;5.847058659343723;0.6299426245942331;3.5049519444173995;48.40140854952331;13.785314403835075;9.840299734452763;6.88549878337324
0.9721680502411828;0.2947509383339587;0.08390069845617995;-0.052753323894109326;0.2125606274910002;0.2597779220819041;-0.051349032377350536;0.1829890182190927;0.2493303852861496;-0.036948949735738444;0.14914482904016335;0.15428444745237813;-0.0419593811778032;0.41434941831654326;0.8369340194633278;-0.19670391775060858;0.12362397323464529;0.536504432995901;-0.08441096502754022;0.06714624168080392;0.31839212810937045;-0.038183726966728004;0.035473927818011584;0.259710841329621;-0.018967248845668413;0.23688351941778243;0.9501722410327674;-0.20262998445198976;0.08114557039366671;0.5908068161589937;-0.07216391891084585;0.048178173316222664;0.3811316793274077;-0.033297235539984434;0.028136099347887;0.2866987235255633;-0.024811593087643302;0.06681953439191363;0.9690215038864914;-0.20464201749575456;0.015100527212618358;0.5560978035688863;-0.07735970239273254;0.00772480572365649;0.37517041021014236;-0.04725446750993213;0.004900122544747242;0.28159171539114636;-0.028577677449983924;-0.07345127290424645;0.9193127871703146;-0.20293779130941914;-0.038903720281665395;0.44817017430462974;-0.06993105742169652;-0.022296526833359257;0.27276323567174904;-0.03193739941838149;-0.01139533011573729;0.23456753261781396;-0.017046263313309218;34.37054582016018;3.532739195767644;8.758406820129155;13.523480339041049;2.2834014539162664;4.84064443340216;7.752791174982632;2.0402177650801328;1.5938532961177905;4.623968599487708;0.8280284962518697;1.3951918176108924;3.59482734684511;2.198376611492168;3.133763167170468;46.914749386797226;12.080565033320482;9.843554748405984;8.337350065619521;0.9882007849083106;-0.3197006952441354;0.05498241881966829;-0.08522799818093384;-0.25128159582375986;0.22393803491041625;-0.0753128980846577;-0.20582933713796253;0.26504249134503305;-0.05603328583783335;-0.17264926988794152;0.17293839959846077;-0.05995528328995785;-0.43744100922152573;0.7733710393226468;-0.2479444127802773;-0.19723870879340497;0.5226963576714928;-0.09179580656118226;-0.11804386758166391;0.31212084227612374;-0.042195328727066744;-0.0936156734581395;0.2408487049728469;-0.026586642183613233;-0.2582263341783277;0.9351730900838685;-0.24242617828900245;-0.14615570579532622;0.5986982438098508;-0.09862253127097231;-0.09894699790140003;0.3757453708761864;-0.048986096496432985;-0.07940656255515371;0.2903364900941631;-0.03501600731802129;-0.09706112754710532;1.0054956003258828;-0.23182843263146197;-0.09432317886669218;0.5544047097555307;-0.08467076940547151;-0.07706137919780529;0.361049308127167;-0.05517959813386272;-0.06664111617534008;0.2826257496659069;-0.03867383656740346;0.024621868936356074;0.9993767087433152;-0.22142167132527832;-0.03216156558127219;0.4454016487422878;-0.08528635693211425;-0.02013411128473635;0.28384220273111543;-0.051733422414940416;-0.023226596643364444;0.25310153854319256;-0.031216969186386504;31.09038579983674;10.732261382697306;8.19371605730695;10.643174537395439;2.124663420050176;1.4304067958185003;5.216494810746727;2.1638628824070105;0.7702162033874664;5.9653936481524195;2.3670705127065066;1.5145386809066104;5.679967609569787;0.513314324849924;3.503854980015129;48.87191619576723;13.677201784620982;9.711470644120064;6.769281474016293
0.974221864302007;0.2954149980899566;0.08215991467968684;-0.053582390732490215;0.21185751593976299;0.26018635176123595;-0.05230368151502582;0.18278999965293244;0.250353678722343;-0.037574598612368657;0.14942376554610323;0.15499599001289108;-0.042813577298670295;0.41562085047867864;0.8363574422575638;-0.19984634716537292;0.1229685074653085;0.537686037545445;-0.08541164924128165;0.0671047044676797;0.31957789444885887;-0.038689302085445076;0.03563349670407199;0.26003327667026827;-0.019151036498866143;0.23712458042862256;0.9494347616025229;-0.2057803849187528;0.0808508271760017;0.592090705872926;-0.07330428118631767;0.048403463846087576;0.3820939504601079;-0.033773250343825854;0.028320181317188806;0.2875286852824944;-0.024927129224015698;0.0668807820309826;0.9677295605385278;-0.2076926424910907;0.015537670517806695;0.5569937840079608;-0.07906514906772419;0.007935384165863629;0.37649268984610357;-0.04827727711212292;0.0047313602656331505;0.28352381748830285;-0.02897249343907036;-0.07300482616430622;0.9169084000210017;-0.20572416567477317;-0.038516426226303684;0.44900171730472693;-0.07160929291135175;-0.022631532761937034;0.27357059911918946;-0.03271697648359521;-0.01193235207719572;0.23545019456869257;-0.01736592825698595;34.831024388410945;3.5701722168000622;8.851695720483143;13.712492777522836;2.283039084084386;4.792921344595943;7.860351753538749;2.05766983261981;1.5905607233138195;4.631218635756928;0.8622357720903221;1.4927070486883904;3.5948567714772763;2.2388035588664796;3.160098226024797;47.14417006266626;12.13245667761556;9.851827516032643;8.325112974485872;0.9883932599682296;-0.3177994832875457;0.05333504687972206;-0.0865820828189901;-0.25093516877195166;0.22576025289920398;-0.0751058850643854;-0.20489467330004218;0.2687113672799923;-0.0555639837706236;-0.1719044241473898;0.1726991227076224;-0.05934786983199063;-0.43478811353298974;0.774036790084791;-0.24710304433985908;-0.19925625847781706;0.5185769165646155;-0.09125725716461273;-0.11832359725397319;0.3114519595375759;-0.04204171548214203;-0.09330272388228238;0.24018328700019426;-0.026615535854423642;-0.25659152672372487;0.9360420872437881;-0.24080282249566834;-0.14671598518957762;0.5951824744262443;-0.09772856873202325;-0.09924934848893355;0.3733549568426724;-0.04844457852746982;-0.07935810185765292;0.2886399663334522;-0.03458998035984765;-0.09666435621809158;1.0059749466872;-0.2297372479898441;-0.09507200970923703;0.5507469085274902;-0.08438081673310918;-0.07752679620609744;0.3590156788781949;-0.05561039183488224;-0.06621055717365677;0.28086316291612934;-0.038921537057873844;0.023979069484765636;0.9993124151330001;-0.21903562046585046;-0.03257487683840411;0.44186887780771367;-0.08547718154657293;-0.02026552117191497;0.2825868649421722;-0.05244254458625195;-0.022730018114815544;0.2516231905848278;-0.03166866954138177;31.585462842124688;10.979429758833405;8.5738803080665;10.21982703869915;2.1472738464128724;1.3623566149501039;5.087191173045814;2.169985434330895;0.736524488711808;5.975784181351157;2.3646481487375177;1.4149717976139893;5.661822832524373;0.44675067313476713;3.5026180852051128;49.21685850684526;13.627103421899992;9.63939554076949;6.713170948501403
0.9750127177931832;0.2961074477081215;0.08136444611266493;-0.05280315521674618;0.21240761672369013;0.26094049485192705;-0.052671147831347076;0.18234314793422463;0.2509254033533602;-0.03775791258162431;0.1492828769183932;0.15496170727275474;-0.04320287171223565;0.4170195913167833;0.8356190103451696;-0.2036523792695471;0.12249085425596397;0.5419520463856105;-0.08565311388187777;0.06752013438029066;0.32089361681441547;-0.03817413708321741;0.03638455154473381;0.2595574686543001;-0.018624748192496397;0.23807845332765118;0.9482199203601932;-0.21023233027586993;0.08064218940033192;0.5970086181175625;-0.07327698829746888;0.04918579565558903;0.38290529997265327;-0.03306068066920123;0.02900256834879774;0.28702763455790975;-0.024387646807671585;0.06765024668328196;0.9668961995518662;-0.21240992464108235;0.016270802291312406;0.5601184534158263;-0.07881907016027882;0.008047871265675008;0.37735533011110634;-0.04823230655593647;0.004553395469037911;0.2840539649959098;-0.029164725762177386;-0.07249529553599454;0.9165127945325972;-0.21050961702245588;-0.038211909481871434;0.45037426465783803;-0.07156468148046367;-0.023013016578567615;0.2741598656928635;-0.032703504720571513;-0.012536817900046803;0.23539732031831645;-0.017408132914469708;35.01534145018488;3.674764841726513;8.981216643122233;14.00439221844208;2.2856961867905965;4.661443452730897;8.177667371054248;2.0738348198282512;1.545650061847479;4.924675626777667;0.8466564533931346;1.4523880416479353;3.9128564712310623;2.218792977188647;3.092287021100725;47.234845480656354;12.145803030188116;9.864428927138253;8.335487462302748;0.9887472846658468;-0.31780674629761974;0.05262441144892318;-0.08370226406060434;-0.2534920414660828;0.22855639845272596;-0.07464437237420625;-0.2062966311132051;0.2705448338715582;-0.0551821542617438;-0.17059563988267423;0.1716735706917891;-0.059349544857379054;-0.4364685597729309;0.772625002834445;-0.25030454107269784;-0.20314481422374492;0.5264564730027027;-0.09061342143604996;-0.11823656464161934;0.31495725603842817;-0.03974468119238384;-0.09207650941663817;0.23946323643486506;-0.024402382656846272;-0.2567349382519983;0.9349154997964534;-0.24499016249859978;-0.14955754155011508;0.610099684478368;-0.0964825912809846;-0.09837100160193464;0.37524967417021143;-0.04525921519842589;-0.07757392872006123;0.28555287741472596;-0.031650094706962596;-0.09573822102406963;1.0054756958039783;-0.23424770185700888;-0.09615924841951773;0.5586797497499872;-0.0825036022756793;-0.07696135918019038;0.3596993908248911;-0.05340905263134596;-0.06519729169236871;0.2777590974340332;-0.03728296750616491;0.02651840499023714;0.99845220438192;-0.22347973077586958;-0.032345193614454114;0.44717526968734644;-0.08340779822698764;-0.01965771662060288;0.2826895127439664;-0.05037895614138932;-0.022592211121040026;0.2501853911095786;-0.03000507512379773;31.793453665486695;10.902368901278738;8.644527768803853;10.51422419534548;2.440693059855872;1.3808948802928822;5.665186705481447;2.2670996082657022;0.7466568888280564;6.394293596736404;2.2869766062015873;1.3876755431299186;5.918122844619639;0.4837329492966067;3.4722182178214247;49.24816701933607;13.71631226455662;9.701862304261333;6.800976186732207
0.9758035712843594;0.29679481353523196;0.08056542678552069;-0.05202104070876321;0.21295418738043;0.26169047241349513;-0.053038243632240585;0.18189125754083288;0.25149278699196165;-0.037940785906248206;0.14913835467200748;0.15492389733206385;-0.04359205424230301;0.4184120978809755;0.8348603487412206;-0.20746219048723785;0.12200942848194153;0.5462153026229982;-0.08589319791004527;0.06793496776651801;0.32220506504049573;-0.037656995991632955;0.037136436847038955;0.2590748384857494;-0.018096895020784563;0.23902910643469966;0.9469812999112567;-0.2146893194721515;0.08043129917662459;0.6019239755938098;-0.07324800328257483;0.049968741075953664;0.38370989177566145;-0.03234581749675078;0.029685800261834726;0.2865190945352944;-0.023846442309002937;0.06841988547406795;0.9660394768135205;-0.21713278187613644;0.01700517346606384;0.5632374716840293;-0.07857069761228201;0.008160424855665425;0.3782114483807637;-0.048186163202602855;0.004374940378349046;0.2845789426152775;-0.029356728369321242;-0.07198303651020661;0.9160959062451025;-0.21530083474018835;-0.03790587607162395;0.4517397774169623;-0.07151837823002156;-0.023394821242497265;0.2747443119773893;-0.0326892749413208;-0.013142325176948253;0.235339086271363;-0.017450041964164647;35.20061048409888;3.780277523669688;9.110895645031349;14.29719214996187;2.3036262040772395;4.531050826299087;8.496864815954947;2.1079300265069323;1.4999093333238347;5.224731815017536;0.836610606896826;1.4147119139139428;4.231644519720926;2.205425988728924;3.0249803077075614;47.32791619958616;12.158906978452318;9.876876304647835;8.345702593486173;0.9891013093634644;-0.3178080060095371;0.05190420754334605;-0.08078615242508236;-0.2560748546579775;0.23138184454676003;-0.07417586999144417;-0.20771152245515423;0.2723952003897029;-0.054794667874732694;-0.16926782124482956;0.17063237530466582;-0.05935010262179673;-0.43816088280249804;0.7711814025664206;-0.25353980417981137;-0.20707631609912694;0.5344208526909547;-0.08996009380377118;-0.11814621767161951;0.3184987392460979;-0.03741921637738283;-0.0908337599920202;0.23872992320848213;-0.022162103355716903;-0.25687515689722906;0.933757424385345;-0.24922324565391304;-0.1524304594624521;0.6251848864721886;-0.09521975637407133;-0.09748018934386407;0.3771600225428961;-0.042034615333023446;-0.07576677770190894;0.2824231304776034;-0.028674190226840576;-0.09479909528461052;1.0049511612192463;-0.23880799680895143;-0.09725774051396646;0.5666974385010237;-0.08060219473546616;-0.07638763624092458;0.36038444473167425;-0.051180173714672136;-0.06417057146060524;0.27461231881139975;-0.03562394611345951;0.029087819712780568;0.9975624966101978;-0.2279730894013159;-0.03211212385478754;0.4525370093158755;-0.08131188973485759;-0.019042214047515937;0.28278797922430965;-0.04828954532550555;-0.0224523111987281;0.24872547787256585;-0.02832086691061927;32.00403462903441;10.826559133842782;8.72027520581141;10.817375753950735;2.759389515456596;1.410060683382036;6.235385316472706;2.390223021364206;0.7649014639848687;6.831694105896686;2.208759103230397;1.3727964843867841;6.231473884728492;0.5325994213198285;3.4504274468772422;49.2885203432373;13.806462757702233;9.7648939838431;6.889700661719645
0.9759963419661724;0.2970318613395307;0.08087685057770219;-0.0515427473012543;0.21340399515433833;0.2622162118934112;-0.05326098777840591;0.1820217825330893;0.2510781932231311;-0.03811817763059216;0.14913400903965748;0.15492557683064886;-0.04384724783755793;0.41912648652979545;0.8341284270112553;-0.20925219665520564;0.12201087891494973;0.5490174074256977;-0.08640299942818619;0.06828934120670394;0.32329528351106945;-0.037593422864647986;0.037413540518605556;0.2590404569548142;-0.01785951719220903;0.23957142684509064;0.9463289540793444;-0.21694939988509246;0.08034077841230806;0.6056152213853817;-0.07354336102552753;0.050525763105902684;0.38460393208082766;-0.032135346532108006;0.029980897984521023;0.28653005556616085;-0.023586793469398567;0.06883198185244621;0.9661282256595377;-0.21968240254119129;0.017474022229286762;0.5662331717329948;-0.07865351657502488;0.008491711840191686;0.3788653993923781;-0.048102809291769945;0.0043261584029559656;0.28480999310735666;-0.02932289027705015;-0.0717490131030144;0.9167614248457112;-0.21804258323680645;-0.03762696787544095;0.4526714661156722;-0.0716527666117027;-0.023821832695206952;0.27538130662090265;-0.03260449742105417;-0.013786606753181786;0.23546922793326266;-0.017316791825277608;35.15608674685433;3.7180753811866936;9.06720516618264;14.436160219481863;2.3213791170779774;4.509155075840103;8.661646073877263;2.1298076065797957;1.5066822608421353;5.376927754155451;0.8241443087865921;1.4174184654642132;4.383498987076942;2.2449858305521104;2.9846540534358637;47.23791641729706;12.17159827645562;9.887698916993012;8.347472280125379;0.9887467540762878;-0.3177282191593002;0.05225040657438692;-0.0797538658523225;-0.2569342138421957;0.23104384305026382;-0.07414371730267613;-0.2080867293963059;0.2717917857567517;-0.05474158629809442;-0.16831511418337625;0.17123383695583133;-0.059418773338397346;-0.43802346150657784;0.7710614027182127;-0.2551861696879115;-0.20868743763983735;0.5357785538855667;-0.08975117142375805;-0.1182321219768233;0.31905756687222797;-0.03654073814507729;-0.09035368947996555;0.2381314025618261;-0.02131650027817071;-0.25631349924177976;0.9333833545590712;-0.251194951259951;-0.153358778648696;0.6300042484861097;-0.09475821109628418;-0.09704204313656987;0.37764541831256054;-0.04075539409552433;-0.07482760756056125;0.2810560140223965;-0.0275899413265939;-0.0939120030513329;1.0043675532206349;-0.2408289326603245;-0.09745617192146766;0.5689841384959887;-0.07991417236445059;-0.07615494442902972;0.36068620953853037;-0.050181329052221606;-0.06380030482291563;0.2737956620236485;-0.03495800034058175;0.030621012916799063;0.996493785964574;-0.22989638463523074;-0.031815826425661935;0.4541147635851666;-0.08041197137343417;-0.019052426449550946;0.2825280895953127;-0.04726494219848629;-0.022735984646170146;0.247790109085323;-0.027611269517097397;31.813694873117793;10.846617034047304;8.43392601373406;10.837800925149802;2.898894565615463;1.4164834381554154;6.445942830095816;2.456548787470743;0.7384307629622564;7.017678390223496;2.1862921532326336;1.357977424092582;6.383001836024679;0.5611097354840113;3.4302322259868956;49.250779819266995;13.819036942358506;9.780070089356249;6.927964443512027
0.9753137215711644;0.2966152528730035;0.08281928672876637;-0.051512403117394544;0.21371647516452844;0.26241867660253154;-0.053272885377349706;0.18301135873512775;0.24922970943518027;-0.038288194793083354;0.14933915796564387;0.15498913784738266;-0.04390650732720857;0.4188552384672673;0.8334581756352668;-0.20808060329316178;0.12272400799474155;0.549684616025013;-0.08730992406220332;0.06855613191816454;0.3240672410362941;-0.03819648555601784;0.036994424715870326;0.2596704836010402;-0.01804924223080508;0.23951972554602394;0.9465620661058586;-0.21598739797443187;0.08042908416832267;0.607519344567437;-0.07431603508060661;0.050751605145090035;0.38563749497077887;-0.03266620097262019;0.029706704889421467;0.28731060378055306;-0.0237413417321088;0.068720468087649;0.9676287762736043;-0.21904425863486696;0.01755289166513604;0.5690572451182196;-0.07922419041344679;0.009143628489743497;0.3792312105571153;-0.04796621503943313;0.004467853194751851;0.2846165774891801;-0.028958452019651106;-0.07192549553725779;0.9190374583860837;-0.21777781948620334;-0.037389290582722806;0.45297648464797036;-0.07205389889116721;-0.02431506596461704;0.27610133430590283;-0.03241716858664996;-0.014487049275349405;0.23588155922367196;-0.01692717511655912;34.77401100539343;3.4108078700052373;8.769177260226435;14.349797023204303;2.3224033642622333;4.644372976929127;8.599142840343534;2.114292784486374;1.5919076348179642;5.306359952486068;0.81117135425257;1.4774064123848354;4.290499074157815;2.3578126959969468;2.984959256417191;46.8770063794854;12.183975876814529;9.896303764320484;8.337083941086249;0.987355077196261;-0.31753667543805336;0.05416080113254566;-0.08151426449390807;-0.2552464805551139;0.2260606307051616;-0.07475575434487634;-0.2069289932457287;0.2675931797952814;-0.055182666379885545;-0.16793492574060612;0.17424524392939558;-0.0595875824965558;-0.43520401369859685;0.7729063095661663;-0.25446920280831903;-0.20685842857759884;0.5273986863982112;-0.09020179084633255;-0.11857812871031313;0.3152227206196077;-0.037808426954563504;-0.09100649090738532;0.2377466437223078;-0.022539191448438363;-0.25473393237679;0.9341877543676874;-0.24980765257556492;-0.15141131065625502;0.6196399176676872;-0.09548611149968148;-0.09727988268057444;0.3760321101050754;-0.042363169495433825;-0.07518429391943895;0.28231312530564956;-0.029309844128899257;-0.09311933481702592;1.0037267775699708;-0.23908066108419077;-0.09632823033543889;0.5628058791782461;-0.08102590279685404;-0.07642982534866485;0.3604253169494473;-0.051011794301698894;-0.06440408055994443;0.2764283308802151;-0.03576631141244937;0.030602015707931612;0.9952000288412424;-0.228006841188665;-0.031432443702322836;0.45010365250970313;-0.08129004782938958;-0.019983703070736197;0.2817509026246669;-0.04782689002503608;-0.023638347541195835;0.24764839078448522;-0.02834940286984687;31.02921302467531;11.008248342329797;7.621185383712594;10.432532575512813;2.7582671215759347;1.3854131579722695;6.136097296191562;2.4141371244845775;0.6405907748428634;6.8198181110902425;2.2465055252096326;1.3319553687298804;6.245325152078025;0.605835120802681;3.4022803546626217;49.090128347627235;13.717438500356554;9.724833024913826;6.891382621185703
0.9746311011761564;0.2961978492517639;0.08476398759666535;-0.05148197158067622;0.214029122264412;0.2626211275812012;-0.053284744913725444;0.18400195009955878;0.24737874759684608;-0.03845837963114601;0.14954440770108213;0.15505262309131715;-0.04396579518059317;0.41858325051424106;0.8327862943504784;-0.20690738998431368;0.12343787765916839;0.5503520895096501;-0.08821785821881604;0.06882317740510255;0.3248398120332945;-0.0388002390805531;0.036574766259759736;0.26030101566551117;-0.018239178669777072;0.23946772605242045;0.946794528057103;-0.21502402149622832;0.08051741742541609;0.609425169756641;-0.07508956928874067;0.05097767002261845;0.38667192672050094;-0.03319766447048905;0.029432151363171684;0.2880918120206997;-0.023896053303438147;0.06860875198991115;0.9691301869922369;-0.21840512833413472;0.017631839089547754;0.5718841695567152;-0.07979547558194752;0.00979632357727652;0.3795970903225514;-0.04782940858714173;0.004609714739498626;0.2844226481162314;-0.02859354506217464;-0.07210212034908253;0.9213153365475202;-0.21751252158635512;-0.037151289404059616;0.45328142576747327;-0.07245544477204154;-0.02480887106904092;0.27682195994772135;-0.032229581575004544;-0.015188323589738284;0.23629415639638515;-0.016537071136894357;34.39178110782698;3.106666669960498;8.470755539645351;14.264507403602861;2.3242509516178638;4.779264832109687;8.537585060031157;2.0991725048605914;1.6778368977596634;5.236085485528626;0.8121299665326447;1.5392665715377287;4.197845623553869;2.4751557435568032;2.987827823571811;46.51586346728099;12.196365579004993;9.904877686790506;8.32671694389413;0.9859634003162342;-0.3173446407371292;0.05605991273773081;-0.08326410731557493;-0.2535671927295308;0.221105004511489;-0.0753638883049761;-0.20577689051937437;0.2634174291475934;-0.05562092703597574;-0.16755608505099517;0.17723841888521702;-0.05975511938603255;-0.4323986302727463;0.7747367006756422;-0.2537550901064785;-0.20503892229701692;0.5190644686878563;-0.09064935996153979;-0.11892154555717371;0.31140839384414576;-0.03906861929950412;-0.09165507267285637;0.23736290831622417;-0.02375472220308557;-0.2531621901110503;0.9349828254770164;-0.24842709506249813;-0.14947430671407244;0.6093322111152817;-0.09620933689359071;-0.09751586275954495;0.37442621169429713;-0.043961465401820075;-0.07553854680358246;0.28356157295053597;-0.03101968673752823;-0.09233076753418182;1.0030846534581923;-0.2373412650933445;-0.09520630599137124;0.5566604024209223;-0.0821308185790567;-0.0767027380377638;0.36016411765716766;-0.05183721678370119;-0.06500405282653014;0.2790444373823743;-0.03656978398403345;0.03058297427996808;0.9939087296633508;-0.22612704319683966;-0.031051112790573734;0.44611339934300426;-0.082162655015357;-0.020909511732963543;0.2809767798860637;-0.04838535873057858;-0.024535390769599187;0.2475062453727654;-0.029083139459200845;30.23874704069275;11.173763630250575;6.823881255739879;10.023658115121542;2.622276103098241;1.367506955691134;5.8223707988930675;2.3774496711907385;0.5487944583619567;6.625804987276694;2.3084953338971554;1.3096997467980906;6.116711923761426;0.7191854500194094;3.374799727109038;48.932760025754426;13.61652152813617;9.670009995611714;6.85493122516534
0.9742261134753814;0.29528290031349524;0.08531541628124192;-0.05220053456190356;0.21394941765491501;0.26262999035183415;-0.053096351444518256;0.18412395966517386;0.2463616607432211;-0.038357450304355244;0.14944823523515374;0.15494295993518578;-0.04370492723866969;0.41781698363810177;0.8331274155422803;-0.2044508244501651;0.12358963001366957;0.5486960851630567;-0.08791441612223794;0.06889096713904108;0.3242017837960799;-0.038985596597235675;0.03649508887525551;0.25984384141201705;-0.018452415486590226;0.2388306500206316;0.9475151008945093;-0.2125442405420354;0.08036002773393025;0.607842848475156;-0.07472674501681133;0.05101251181414156;0.38580088268269197;-0.03359181624553719;0.029387399295127393;0.2880233384170517;-0.024178510706281287;0.06835332764240039;0.9700931406060295;-0.21622688895443573;0.01766026351139543;0.5712784750358808;-0.07991181760722237;0.010255731218892328;0.3783627809269962;-0.04803083278986662;0.004904000887037098;0.28348651846682266;-0.028641012251981905;-0.07193201533749521;0.922469999124089;-0.21579891671486598;-0.03696779589250607;0.45183074149142166;-0.07276029164584419;-0.024922572666588372;0.2761675412392465;-0.032371368946482;-0.01535825882798748;0.23566207621570684;-0.016532554137065215;34.25650348675622;2.9763517264787236;8.332366539254846;14.13497915026785;2.2823118866099072;4.804662778421141;8.417255345143102;2.0152867345522085;1.707793233018615;5.087493360747447;0.7586508218042052;1.5665290497613666;4.01592730479692;2.5048076286491145;3.01095595406945;46.405920652893855;12.198350924305378;9.883628598355019;8.297987875996885;0.9857170490784952;-0.317692381396617;0.05586568096517148;-0.08467783447431329;-0.2521597591003357;0.21848677191473428;-0.07606135961449913;-0.20518350810829722;0.263082302528372;-0.056059656957906163;-0.1683570619383984;0.1802061000647457;-0.05999641972819848;-0.43252756649564933;0.7738183171978226;-0.25371764780245687;-0.20438958008584704;0.5159344509335008;-0.0910016253385794;-0.11933116054447304;0.3097414697003208;-0.03960830293722614;-0.09218817335513467;0.23726541367553955;-0.02417096081747893;-0.25359005486873826;0.9350591763732267;-0.24770228249229603;-0.14923804535539487;0.6053185847125025;-0.09681383643651598;-0.09811376223995057;0.37343847222621257;-0.04449967190374743;-0.07602354144968856;0.2835693877152806;-0.031399238185141176;-0.09268061668171008;1.00398117375643;-0.2361334759280732;-0.09550521794383811;0.5554116893317905;-0.0828112139031996;-0.07740926561507631;0.3590975765015205;-0.05167511312128502;-0.06590198999285889;0.27931405326619174;-0.03633036979635921;0.029949701599926146;0.9957957870113726;-0.22455141054748512;-0.03198389173340306;0.44505385471934733;-0.08242075728589196;-0.022257094907058236;0.2797578565743008;-0.04807848225657327;-0.025937998143550748;0.24629711676218102;-0.028841815881963634;30.07961014207979;11.415366138883154;6.485388527296239;9.956827079583043;2.5646180485126218;1.3898809562476382;5.665044359280004;2.4121773726212843;0.5495879551344799;6.529100680542021;2.4093875640112254;1.3565319041826764;6.136032551136614;0.8602272426056516;3.402187177954878;48.906591109414144;13.63620428362785;9.684282925470995;6.835765339555153
0.9743399880395678;0.2934475211293281;0.08327412697411887;-0.05430077937737466;0.21313792770066384;0.26227400914151716;-0.0525371022802554;0.18262908340144637;0.24689687124411763;-0.03775361346929146;0.1487905318060702;0.1545098188901304;-0.04285161745559155;0.41613230095926695;0.8353274597471291;-0.19963279566100395;0.12269417371510684;0.5427333185555216;-0.08536420587156385;0.0685868834025029;0.3209456411134321;-0.03839189110742583;0.0370463291381491;0.257367299973346;-0.018706391324708617;0.2371091489538809;0.9491144059892264;-0.20727058601278775;0.07974652487541517;0.5997905417050509;-0.0722572265335827;0.05069108808523789;0.3813944049852606;-0.03372655322216354;0.029768910470246192;0.2863727539312439;-0.024694718663769676;0.06783231957219986;0.9700269718447163;-0.2112095806152785;0.017594280943097357;0.5642969350424876;-0.0791811002107052;0.010351695374283454;0.374163304747536;-0.04885690085012599;0.00547812136449498;0.2811764151553173;-0.029452641566713473;-0.07111866384286321;0.9215095180626645;-0.21141015108913708;-0.03688649104810385;0.4471270492345135;-0.0728811490215089;-0.024329274809684;0.2729621581643742;-0.033122285298173224;-0.01454019419206689;0.23309271665850745;-0.017243260016566276;34.58773832252308;3.1649390242758253;8.494999673069689;13.923126967697407;2.1564705225448506;4.6254311115316495;8.188553960224198;1.8003350271320844;1.6335458966935252;4.794788119559309;0.5822493565853099;1.5303724877888818;3.669154840578084;2.365000759082484;3.069774879138265;46.77277263514221;12.180818346689822;9.807249976619266;8.235265519159377;0.9876111743380124;-0.319044536556567;0.05177889184725761;-0.08547791235341311;-0.2512448512832038;0.22019040955364352;-0.07693015085197895;-0.205622681235579;0.2698812816231114;-0.056502536331641894;-0.17135649154119886;0.18314959369284423;-0.06037646889399284;-0.43810904830914293;0.7677795995414318;-0.2549362521215789;-0.20590877256866183;0.5224488571901196;-0.09117915315816931;-0.11986652554804869;0.31205056094763045;-0.03881303122284059;-0.09251049878562598;0.2376979094700339;-0.02310489325455907;-0.25773656085654373;0.9337955085990877;-0.24818906768432078;-0.15216009510189615;0.6129673903732611;-0.09720208655081118;-0.09938867967593411;0.37358968689027233;-0.043071740781283965;-0.07675508321740136;0.28126996117817005;-0.02930923260414043;-0.09514869350257207;1.0077395272579628;-0.23590269473962353;-0.0984468347558123;0.5632510888128706;-0.08270769887390096;-0.07892705436306297;0.3565237028609834;-0.04967600793111958;-0.06736068453121363;0.27522322976743036;-0.03415051149180344;0.028169515494102595;1.003600342739236;-0.2235271323693341;-0.035366494344483836;0.4494304179382709;-0.08153841297381124;-0.024399428647246087;0.2777008738428118;-0.04616053157816238;-0.028291515893209787;0.24309379177589482;-0.026786133882370892;31.10589961329721;11.779508935606453;6.98809195678857;10.53732746843775;2.6458386342025437;1.4686028712001806;5.8069506767792465;2.5731378371591243;0.7162730430738177;6.604161187571997;2.589216473992558;1.5334507383577958;6.412566819834934;0.9934116840500576;3.5391399931136753;49.11662922469601;13.881884723748659;9.827940299570995;6.849892078422116
0.9744538626037542;0.29162440305031934;0.0812544331265135;-0.05637422216290168;0.2123291285784198;0.2619136827257708;-0.05198279649335043;0.1811460393061757;0.24741762149739924;-0.0371557352728177;0.148135793549641;0.1540767801282135;-0.04200707185643248;0.4144540672220943;0.8374739424739532;-0.19486563745487412;0.1218053697754383;0.5368238290880307;-0.08284158640625065;0.06828417730671052;0.3177177875514163;-0.0378040026451831;0.03758978854119942;0.25491184028347075;-0.018956728624255462;0.23540039662789114;0.9506635820495489;-0.2020529807554243;0.07913772100262852;0.5918145407654681;-0.06981476651419248;0.05037183449937961;0.3770279435050549;-0.033858580630941576;0.030144901352838607;0.2847324603596651;-0.025203967552965546;0.06731529848341165;0.96992983337661;-0.20624513824260376;0.017528508525781233;0.5573801048155286;-0.07845649691375799;0.010446177215857642;0.3700016151200803;-0.04967152682749365;0.006045221890347132;0.27888463099898475;-0.03025363611892482;-0.0703126749860462;0.9205303113888971;-0.2070667558254001;-0.036804947303009414;0.44246476243594585;-0.07299818030567008;-0.02374224952507242;0.2697860303638343;-0.03386317013567625;-0.01373140069590772;0.23054633950615447;-0.017944933356336682;34.9258645544673;3.3549710162551225;8.659864075859318;13.7142146020169;2.0294408134728714;4.445456322863563;7.964167104598078;1.5824657534075524;1.561249362547698;4.506299308790895;0.40830020496950625;1.5002353697436603;3.3267607881529484;2.226237228262835;3.1311724936157375;47.14965784568217;12.16321165118933;9.731690982988656;8.173067985328279;0.9895052995975294;-0.3203891002166996;0.0476957472566063;-0.08627546053289491;-0.2503262071491306;0.2218879353937971;-0.07779649694056001;-0.20605745121625205;0.2766674348406099;-0.056943840901623126;-0.1743492695319188;0.18608627504313624;-0.06075494082243052;-0.4436758875057977;0.7617331364191124;-0.25614863391808645;-0.20742233340687805;0.5289459623070103;-0.09135474798733592;-0.12039900741270564;0.3143511098673065;-0.03801792285652377;-0.09283070196127173;0.23812540041007108;-0.02203959407778109;-0.2618734754390661;0.9325155343971894;-0.24867058726232433;-0.15507594550074455;0.6205958908468859;-0.09758805063731371;-0.10066026544681934;0.3737336339687037;-0.041644608565284395;-0.07748433858925173;0.27896779588937454;-0.027221037112326495;-0.09761216800829177;1.011474482595422;-0.23566769392227144;-0.1013832503458853;0.5710709116316829;-0.0826027300354839;-0.08044162507624625;0.3539459718190598;-0.04767822302306786;-0.06881644765918622;0.27113181103522027;-0.031972473069615245;0.026390810272566217;1.0113769968210857;-0.2224997682288721;-0.03874459455328699;0.4537934879960576;-0.08065551904538522;-0.026538872842389614;0.2756409455999856;-0.04424387605529693;-0.030641831013051037;0.23988947681123532;-0.024732271028668585;32.12614016990924;12.124287140051836;7.501203285324142;11.120701901730476;2.728201579457697;1.5525129592980023;5.9501311439954305;2.7364493008385766;0.8900477096327717;6.674538401765287;2.7823873204129628;1.7211533242727184;6.683070424296513;1.1419732701636018;3.687861102469611;49.32070121994777;14.129970614665558;9.972862015053153;6.865701072996671
0.974725345912828;0.2912845441996186;0.08096658847424137;-0.05694401531561263;0.2120550393009457;0.26247558853290087;-0.05187065592701917;0.18090676387783952;0.24836131431339453;-0.0370801594946374;0.14848716844081242;0.15374690405698888;-0.041866223051652995;0.4134678723984969;0.8387093496976958;-0.1929235056910807;0.12177224598101723;0.5340700369303822;-0.08214107690845088;0.06790661327914833;0.3163593846412417;-0.03782282412615006;0.03756503535809162;0.25437510064370195;-0.01918250845732759;0.23483772377833556;0.9512527235295611;-0.1999237341292984;0.07932316445491254;0.5889134842727279;-0.06892858279251991;0.05029827288647579;0.37581208175868785;-0.03379704434432926;0.03026710271964726;0.28435705171685915;-0.025329021173891037;0.06729736249969337;0.9695598555516395;-0.20418196807877825;0.017822259659966415;0.555428459483358;-0.0779603277958156;0.010360167998699462;0.3689137393083786;-0.04962014900794963;0.006147300759671685;0.2783160296917977;-0.030333450959713012;-0.06997785165696453;0.9197739304211932;-0.20522021621761277;-0.03651494619739619;0.4415144805535893;-0.07265148876370085;-0.02327057598129613;0.26887064221393614;-0.033802842158295314;-0.013187434836535249;0.22995619691244293;-0.018035541089445488;35.05749256640389;3.3925761742042018;8.889406222390829;13.554229991630185;1.996468283761784;4.4082069357959615;7.8472419059499305;1.5236229337559715;1.541645092120699;4.410892969224433;0.39919628610432545;1.4787516601687507;3.250795208734815;2.1845298598558127;3.134975021492812;47.264907266375246;12.122129740929479;9.69649699456819;8.161127507917342;0.991567560719974;-0.3224456225269141;0.05082704884026416;-0.08931386226187757;-0.24863757382904364;0.2341338744583114;-0.07907458980834237;-0.20151332768719146;0.296942095558513;-0.05600070923582417;-0.1718763220049436;0.20538283657627132;-0.05934444530918639;-0.43598778230218527;0.7634445713963053;-0.26625170067014564;-0.20759695758431052;0.5517287611158197;-0.08870874593639802;-0.11990041315632441;0.3123663419677615;-0.031383612661398594;-0.09130559202124781;0.23108455611040768;-0.015760596734358603;-0.2508706032349482;0.933945617547984;-0.25457714723723374;-0.162773486365543;0.6355809288615824;-0.09360757554541471;-0.10732971667458212;0.3615596971646098;-0.031925734583321076;-0.08194866687416028;0.2599819881299808;-0.01862409659912645;-0.0859943886668205;1.0142332997486843;-0.23714255108980756;-0.11098278896605379;0.5857297711100574;-0.07782728745390116;-0.090173416428478;0.34250738344702486;-0.039467229204432054;-0.07656042606781954;0.25391324416597844;-0.025482331806690295;0.03730534743765838;1.016563338594058;-0.2196472722814505;-0.04654096580659258;0.4666699447886652;-0.07610289270453123;-0.03726903975984102;0.2702677029135174;-0.039314780223237734;-0.04107461271055641;0.22744436306233198;-0.020330969354422856;33.32091980085517;13.011374200991122;6.72257221773795;12.147160667310873;3.2213891676446176;1.8172119985010213;6.661178216955793;3.9255114572264116;1.3357944028816997;8.105601523442862;4.1349255618729925;2.1980435061856287;8.214836754756528;2.3614911547287676;3.9598600007601226;49.192038045632884;14.290507999326005;10.022318382858595;6.842656145521138
0.9751851453635862;0.2927081948570322;0.08273216129999754;-0.055738706021344675;0.21241760563266807;0.26414649427723713;-0.05228312207854036;0.18214512986381287;0.24982623884606694;-0.037624363277281;0.15004115190948003;0.15353926531680467;-0.04255966069194862;0.41330106466273386;0.8389030893947383;-0.19431302018618904;0.12275737679323745;0.5350388159837797;-0.08359562995129277;0.0674370586486672;0.317209882865065;-0.038562860478587285;0.03686673560739705;0.2561149611702822;-0.0193826783400497;0.23563394777134328;0.9507365862408022;-0.2014363081494436;0.08045571100174094;0.5920119395605555;-0.06987918790674792;0.05051665121313613;0.37832887117347763;-0.03350593077409101;0.030090610567402493;0.2854853646033486;-0.025000543174231893;0.06787325127445824;0.9688877699445511;-0.20553961597734535;0.018547022355567426;0.5593578006185695;-0.07773075464794225;0.010059125693416111;0.3714689138408366;-0.0485418387229802;0.005699107249760657;0.2797922342807888;-0.02955940029354938;-0.07019958000022161;0.9192970963851497;-0.2063175212605131;-0.03597472908212705;0.44496835330979145;-0.0717519166026394;-0.022930140957077544;0.2706330564794153;-0.03279191077241615;-0.012950838724232305;0.23168578975365922;-0.01740275240125263;34.93899113035178;3.248756453508075;9.193526077264139;13.450224613846398;2.0871242303512987;4.5411584777933305;7.855638617004365;1.659651980558836;1.583079339182284;4.543619179692528;0.5787835759822045;1.4633390636313344;3.4918475233022273;2.257240493756052;3.067725728045303;47.06182176589211;12.052892382876104;9.708784495676362;8.20890387724113;0.9938306862522128;-0.3250744934737663;0.062325071573841914;-0.09486387575671183;-0.24590040346570582;0.2583691173079551;-0.08075774769064742;-0.1910694516673064;0.33247038391889777;-0.05341161748883321;-0.16291835634665575;0.24337979559295975;-0.05581949016966912;-0.4125883353526942;0.7736825897536134;-0.28641515023626474;-0.20605311849647187;0.5928215316942335;-0.08273843672576472;-0.11811745278506233;0.3051729016320322;-0.017996712594928573;-0.08757945258371475;0.21524803179492802;-0.003467075276439149;-0.22213421563377805;0.9378704804095438;-0.2665620982456764;-0.17582924399076125;0.6584845882185171;-0.08451148602884914;-0.1201362478500841;0.3349020179808451;-0.012632098880007409;-0.09065674644703031;0.22158349855556111;-0.0025324015534833287;-0.05801037595349712;1.015086983388145;-0.24042940495945397;-0.12814964426402792;0.6077413518628415;-0.06760459664177085;-0.10930648106127283;0.3206378865152108;-0.024086601088018626;-0.09148831171003051;0.22142459479663565;-0.014031216920175539;0.0628844982749279;1.0179093050916435;-0.2145498392862399;-0.0593496823580658;0.48897598230278055;-0.06727339588901145;-0.057858384010307025;0.26091278542445845;-0.030911575094559298;-0.06077325644322359;0.20422122543446564;-0.013239328882662315;34.56050171580018;14.308819342167396;4.804710180297092;13.676904235921931;4.7919020045679455;2.4940027176923425;8.541094344597115;6.933694744263108;2.892940730120037;11.074314214745293;7.215250794861829;3.6874725453431267;11.086516486392558;5.662949315807271;5.067405483587256;48.726082239561755;14.355764848758014;9.973299417826427;6.792778748146386
0.9756449448143444;0.29413545493835325;0.08450310831281808;-0.054529368419268455;0.2127806495091951;0.26582189067449735;-0.05269673815190965;0.18338686766957932;0.2512950420051483;-0.03817018471046885;0.15159961812364212;0.15333047151100798;-0.0432551768238952;0.41313240011745866;0.8390947604335645;-0.19570635028766373;0.12374526084563067;0.5360089752892256;-0.0850545610207804;0.06696578822769049;0.3180620813771391;-0.03930513696243997;0.03616608738974788;0.25785955832006435;-0.01958342547027587;0.23643196003312486;0.9502157546901502;-0.20295306800717022;0.08159161714835897;0.5951183947505055;-0.07083260538387484;0.050735565205921825;0.3808524871976751;-0.03321378005220534;0.029913458304358993;0.28661636674632246;-0.024670935928652254;0.06845076199776258;0.9682104338300359;-0.20690094173580154;0.01927404052023632;0.5632979001063739;-0.07750019923188624;0.009757089637015371;0.3740310595605658;-0.04745992881930762;0.005249463956669958;0.28127225752726787;-0.028782782622073445;-0.07042179165444193;0.9188157943391473;-0.20741767013862053;-0.035432671271933766;0.4484318322284175;-0.07084924135630856;-0.022588545128934608;0.27240023289520354;-0.03177764543095477;-0.012713445437622291;0.23342016468305393;-0.01676788684150205;34.82425161320058;3.1072067178881957;9.496387026300782;13.346425201100692;2.1902251894727027;4.672762964798768;7.865200999553825;1.7977725688003348;1.624469488275411;4.678287589108423;0.7570162271425749;1.4501392812285694;3.736645447131463;2.3297759995459653;3.0006304728503297;46.86310260451492;11.983423703775864;9.721068709026238;8.2568821763533;0.9960938117844514;-0.32732724333114743;0.07346509426791496;-0.10017975558257695;-0.24300160757419514;0.2817295393389273;-0.08232068041510204;-0.1807162657821952;0.3667600326944174;-0.05083928575684631;-0.1540390928787069;0.2801582650278799;-0.05233335161801774;-0.38940675520173734;0.7829219050261595;-0.30578310970072586;-0.20435434737422192;0.6322844799158787;-0.07684504794446563;-0.11626903040354798;0.29787760118023776;-0.004940887365675462;-0.08386729301203308;0.19961953730750986;0.008510047824896949;-0.19393478653646876;0.9408053648117982;-0.27798302846108003;-0.18837903567939568;0.6801692492944795;-0.07557192113006779;-0.13249602057237747;0.30862048115545754;0.006171784341191148;-0.09905255303582587;0.18397374219362259;0.013143242529988601;-0.030699139032428845;1.0149574478307577;-0.24340316415380983;-0.14474876865335895;0.6286051724283316;-0.05758373296149128;-0.12783852498518977;0.2990335244135669;-0.009083127197807832;-0.10594139724184119;0.1895711495798618;-0.0028645929879856863;0.087738953751471;1.0182565790724;-0.20938183776513933;-0.07176913249450348;0.5102390420980912;-0.0586098111449413;-0.07785754624974467;0.2515541175489904;-0.02269762181400761;-0.07990212032698825;0.18140863862749304;-0.006319565290709998;35.592136486434846;15.30901799443386;3.3700193058019607;15.151729744458901;6.648086532350246;3.462079826577493;10.708253786773648;10.548009844241559;5.6638146963335405;13.88841781019801;10.74687946876066;6.108823305194711;13.742557118621747;9.277673020336339;7.257071667695953;48.33157978184661;14.434562629224581;9.946234802481815;6.770826512261605
0.9759997952794712;0.2951449587251699;0.08628462446345704;-0.05208608714912426;0.2123581077309495;0.2663207500242218;-0.05229193344943311;0.18355382556029023;0.2514731394947128;-0.03787834779253253;0.15192349886464093;0.15317965170774409;-0.04309833487620892;0.4126623512385346;0.8390479811030196;-0.19682817897060456;0.12417063822249828;0.5370149281069354;-0.08525555657565702;0.06679349791893871;0.3183266674736478;-0.038893845103393485;0.035969586465290415;0.2585877110393768;-0.019037894041557615;0.23678531855547488;0.9499122667814134;-0.20395930558515626;0.08194312773692536;0.5958815367526277;-0.071640456004578;0.05111159585727555;0.38157999798492925;-0.03286030632481779;0.030181074470169652;0.2862997710956325;-0.024229312499569017;0.06881603096190055;0.9678069615098416;-0.20713033835932035;0.01929297690528042;0.5632033414962746;-0.07703810894264315;0.009689247502206247;0.37531378275996574;-0.0467419941112558;0.005355402618647949;0.2820518744541004;-0.028223682777644;-0.07010099579087951;0.918691054217285;-0.2065077061044725;-0.03534951529387171;0.4493568887686254;-0.06947549365161967;-0.022222485623062147;0.2728229739597414;-0.030955755660474378;-0.012076467039613587;0.23450969604197994;-0.016321856892072408;34.68332442222945;3.009900684127462;9.576609396467587;13.31766463049215;2.28843885238517;4.724781162336677;7.860040186076076;1.924008783229808;1.6071078736565454;4.743376126811224;0.8380162693062698;1.4370438075448437;3.873041365084841;2.3154897163521695;3.0043486885257082;46.68306810168885;11.932838780814295;9.719551895358011;8.256044842618232;0.995158637967094;-0.32748274801660504;0.11148977267619567;-0.10571085529491922;-0.22722664601607306;0.30967549217594553;-0.0787902403207883;-0.1574462644734845;0.38806339956049324;-0.04456076027166044;-0.13157503340161025;0.3078264330603163;-0.04317003718698244;-0.33972181770731524;0.8123663142217606;-0.29947613645413584;-0.19462720934640468;0.6419777765679706;-0.06530004892796742;-0.11828540173592547;0.26688453681595775;0.006545370623601724;-0.08187784212603078;0.16199509918603297;0.01829075077207897;-0.1463132158178776;0.9540541684253614;-0.26148247854726936;-0.19582581161824755;0.6735125511309814;-0.06044359538312257;-0.14004509702729906;0.24712788127463461;0.02082772708943262;-0.09698522368753944;0.12239518344161439;0.024122700512132538;0.006456742258960168;1.01511389013934;-0.21705574293151284;-0.1601083287689106;0.6195505915803607;-0.04250284781026623;-0.13654968181513358;0.2376409254251746;0.007043465234489156;-0.10383465811991412;0.12739543426248212;0.008170728423238433;0.11410610576126026;1.0113703126715696;-0.17445231209899362;-0.09064179426675005;0.4993794858485959;-0.045683415778073576;-0.09383016840065674;0.2039137182092474;-0.01047282356113407;-0.08352139674957831;0.12437013943771934;0.002934703195088357;34.228799928559376;15.058847206330915;1.652895826908567;14.393078193156027;9.810407435997782;5.330323670147127;12.608988763367257;16.137068899116827;9.918684020614949;16.86415549432536;16.261856769621247;9.394319401816395;17.200281233708758;14.597666185210894;9.92523289488466;46.05375542186133;13.84404428613978;9.351246701472098;6.406409989014327
0.9762236398217078;0.29562805524329683;0.08806896787242752;-0.04811782102280628;0.21095847273096296;0.2653493597892431;-0.05086847982269825;0.18237923634410425;0.25004039633355507;-0.03654314102798679;0.15070539862654572;0.1531025283338513;-0.04187899185585993;0.4118202733162669;0.8387064531713223;-0.19760513242169167;0.12389196058646774;0.5380611534300173;-0.08388596829960882;0.06699549898754258;0.3178574107830557;-0.03704570878320584;0.036403434838269334;0.25804398647590826;-0.017564471479603518;0.23658244390416416;0.9498846275863405;-0.2043231301431438;0.08131402636898794;0.5937179464562342;-0.07226206857774294;0.0516815867508154;0.38006314927582996;-0.03243251945058824;0.03100216381576268;0.28417961897884886;-0.02365062104196778;0.06891449511444253;0.9677505127133472;-0.20594657591573443;0.01842831998199746;0.5580766201620794;-0.07629009616634046;0.009914063800268805;0.3749935304377377;-0.04648264345033326;0.006153976045554849;0.28195372703645083;-0.02793941666907447;-0.06910476171968641;0.9190147193504907;-0.2030955824777996;-0.0358395742786179;0.4471103542855364;-0.0675223419651909;-0.021828148920878906;0.27156643658370533;-0.030378901884485728;-0.010944722756693101;0.23478880434435725;-0.016114161718551012;34.512494273478445;2.9659380263304347;9.379494851147014;13.384073140466597;2.379525840116864;4.678865155815197;7.835628014746009;2.043341067069395;1.51596626769289;4.721790901178073;0.8079534727298431;1.4301952993399445;3.8768157476715026;2.198334100049138;3.10445565835234;46.53163736636999;11.906157532672697;9.701422750260683;8.195797107064541;0.9902310848480068;-0.3238430630537324;0.1761815605765591;-0.11062530187099488;-0.1972599546734674;0.33938402325070377;-0.06950726087646023;-0.12077102049256058;0.39176081494617887;-0.03441097348828837;-0.0950244961695574;0.32210112839912436;-0.028156947182367286;-0.2625917175296083;0.8585454251330118;-0.26380876526351993;-0.17580794077963668;0.6151335407102514;-0.04800043128259421;-0.12391923548364789;0.2105829261931936;0.015464570187858904;-0.08157155725797288;0.10187681626977307;0.02487557516014451;-0.07981546242692009;0.9735655831469584;-0.21400828785189485;-0.19622535871978;0.6328968959581621;-0.039235686438545164;-0.14111248168571475;0.14976927555168035;0.029774346114791753;-0.08302957787007421;0.03797590814468095;0.029025716366800073;0.051917088841957795;1.0110529749897665;-0.15906486182382953;-0.1723133403546972;0.5751957194278988;-0.022670383820324772;-0.1331595673905939;0.13534326641615765;0.023263653707464416;-0.08305285672155299;0.03535456503389368;0.01825757092178258;0.13981036055706528;0.992436201030534;-0.10817710265684492;-0.11495387450456876;0.4514368603054916;-0.028725429957992585;-0.10381128710191605;0.11623349307393427;0.005396056322273844;-0.06932272944336258;0.03279545365618644;0.0141211992616594;31.118136190106938;13.942133193567864;0.6941103583800332;12.128415680135195;16.529750028229554;10.846092002934807;15.309013439315345;28.480020175760433;23.493602906814704;20.652076793002575;29.26841823737543;22.55183763229434;22.377611511693026;28.017019387307617;24.273751821177346;42.51649612692561;12.588482728574256;8.240574564484854;5.745907226885307
0.9764474843639444;0.29610918619311793;0.08984622527004874;-0.044165271464018364;0.20956434746404853;0.26438177287380776;-0.04945065805075462;0.1812092700317436;0.24861328733080978;-0.03521321890753885;0.1494920991994979;0.15302568404806244;-0.04066447342608668;0.41098146091540533;0.8383661332892587;-0.1983789728312997;0.12361436579120173;0.5391031396917793;-0.0825217927076099;0.06719668798648418;0.31738995852830554;-0.035204889587386094;0.03683555770893545;0.2575023718024386;-0.01609688455263835;0.23638033218760665;0.949856933343134;-0.2046854775865979;0.08068740383009732;0.5915628268755732;-0.07288120538949627;0.052249310007987555;0.3785522454799585;-0.03200642213276509;0.03181999408908983;0.2820678190761916;-0.023074218646406654;0.06901255714682744;0.9676941199361145;-0.204767468643212;0.017567086210524278;0.5529701176105482;-0.07554503429543273;0.01013798750927543;0.37467448219798566;-0.0462243124554817;0.006949383928300957;0.28185591969390944;-0.02765627217083574;-0.06811246341630835;0.9193369426830346;-0.1996969447621621;-0.036327685114991674;0.44487264459870696;-0.06557691826345968;-0.021435371060586822;0.2703148313922995;-0.029804328722708308;-0.00981746129954895;0.23506676595587975;-0.015907286779289227;34.350483027768455;2.9226327034168036;9.18142283556921;13.452765261847814;2.4827723035010894;4.63312908244072;7.8115777693210955;2.1739536207249395;1.4243511325677938;4.702882523985082;0.7914715743621659;1.43478526274163;3.8880907377587715;2.0898266788573503;3.214685087267042;46.39334091005943;11.879623678150692;9.684136816482718;8.137958995430232;0.9853035317289196;-0.31880738294623445;0.23155131156838824;-0.11427204163618952;-0.17000678002277358;0.36332427496303743;-0.06101652642284909;-0.08811098926040564;0.39272913539934623;-0.02536670292220187;-0.06262130457220828;0.33268913588876436;-0.014909946332698976;-0.19385633005220199;0.893853644889688;-0.23120410988594922;-0.1583939803437014;0.588197311607935;-0.032646376048543375;-0.12811647765711928;0.16030032293910582;0.02314930570858049;-0.08083523495058517;0.04889321881331232;0.030471583559173124;-0.02139864381301981;0.9849691568494268;-0.17139970273688615;-0.1954444869040059;0.5938556769105798;-0.02052570914036659;-0.14123080460066456;0.06405249275514899;0.03740063938476014;-0.07038847118895493;-0.03582004904791335;0.033132027847353876;0.09124029622986485;1.0016958692818765;-0.10760637997100775;-0.18195936836727747;0.5332275251438241;-0.00525452407998289;-0.1294386229833483;0.045404754364246465;0.037266846559241805;-0.06446213306163731;-0.04506907308561954;0.026943919527649806;0.1614089712407736;0.9702231636279125;-0.04979105052846387;-0.13548213283126587;0.4070538064589164;-0.013780042117259316;-0.11191320287499494;0.03914508065225204;0.019195871031469594;-0.05654868309703477;-0.04720714677902384;0.023789775846282942;29.205119985683158;13.344656546512073;2.259644825507232;11.465179951971368;25.371175458762067;22.78494135901545;18.664549305666398;49.44929782027508;49.43020656875114;24.634132024200905;53.563534088135384;51.84155442170843;27.850104982963913;53.26874635857524;57.923994421736325;40.29697865919081;11.58179167441757;7.411457341838447;5.306878909753636
0.9764555161405808;0.2957044894550769;0.08938616019504562;-0.04461662192838393;0.20917215091109767;0.26416625176028247;-0.04935232273867168;0.18098594784094388;0.24860600125540439;-0.03501113643876195;0.14915067830865644;0.153068916111586;-0.040326812583597015;0.4107919637183851;0.8388980726708538;-0.19789818389415523;0.12343100843489753;0.5390219399729846;-0.08202952216357169;0.06721910363299206;0.31684013347280204;-0.03479376921417808;0.0368778046936586;0.256757702427287;-0.015784843915747578;0.2361384440428261;0.9500935158203135;-0.2038650201511501;0.08059363763502565;0.5902142804825307;-0.07258982996925702;0.05234954400446638;0.37748466934894775;-0.03183371085082764;0.03211185204173197;0.2813921597316869;-0.02286764751894177;0.06884320080355502;0.9676735104988112;-0.2036874320162271;0.01730479234949126;0.5511552316645708;-0.07531381704488953;0.010361922129751452;0.37411091947477837;-0.046164279611576646;0.007455765513007242;0.2814019839478586;-0.02753717995799287;-0.06818062716339435;0.9192299619811467;-0.1984103368780895;-0.03607725394032641;0.4440742491610616;-0.0651272946158264;-0.0210677719148309;0.26945356244445995;-0.02961067996489757;-0.009207809306987398;0.23422275018398794;-0.01576413251163284;34.434345723485116;2.942688433552594;9.127026985988163;13.45051436634228;2.480342710081905;4.624707138953653;7.769814153217125;2.176035809552495;1.3895616484810727;4.653403998884978;0.7744410628003072;1.4464778399633678;3.851728104797823;2.0713856175136733;3.266473723253427;46.46151479459149;11.87408869766967;9.678898172804137;8.134434115285943;0.9828393177925584;-0.2952959420227662;0.2861024130380607;-0.1123178174978871;-0.14203209488161297;0.38535093176303237;-0.0519486314934716;-0.06353264244684145;0.388897304384454;-0.017839136213798974;-0.03882877789092821;0.3304382024336449;-0.007351975764443698;-0.12582415510379935;0.9287606871138969;-0.1872205513117909;-0.13180053750629117;0.5345973484513005;-0.015497619639640695;-0.11211799369669448;0.1497707425719869;0.02363292715857468;-0.07099778336675577;0.05072343076230141;0.02780403365901936;0.03350762640267675;0.9919078977092796;-0.12245799865592982;-0.1747882828021649;0.5278320637854756;-0.00327206115130213;-0.13194404767226042;0.04865931371907704;0.0341755045375961;-0.06677233851945004;-0.04579647750263823;0.029017853705200786;0.13060407524412912;0.9891059752118617;-0.055137144478037706;-0.16277645758869155;0.4756427972015318;0.008679716223807381;-0.11808605920679395;0.03045934433970289;0.03539748341162706;-0.058639726518263345;-0.05817482500842216;0.02455160635819461;0.1855868683004413;0.9486502311562451;0.005309916875883991;-0.12394909432888271;0.3649220593292738;-0.0017677801037404846;-0.10650641242462969;0.027227419163909916;0.02168917484076337;-0.05372292593136991;-0.05967521272858292;0.024633891161654486;26.411778316541685;11.848004665473626;2.896265973629169;11.438872873928778;24.553931299842855;20.13309215514274;21.28373216808803;52.816108156547074;52.52477275271759;26.728020722991047;57.80671681952146;56.61284385221352;29.835103099356605;57.66366651425155;60.52012158595297;37.3345482183432;10.434448547948385;6.777960647521554;4.966568929557951
0.9762626272886232;0.2944771830242061;0.08685113842767948;-0.04915099978357472;0.2097076124115343;0.26464684564312113;-0.05047690442218269;0.18163935092758896;0.2499141937022736;-0.03585420657336535;0.1496166010921038;0.15322307682472636;-0.04080143306938325;0.4112029386468372;0.8402369188832137;-0.19625307525005226;0.12333439676341733;0.5378978362222804;-0.08234460491119222;0.06707562743260334;0.3162122581312562;-0.035707341833647946;0.03655857832860628;0.2558230107789535;-0.01654354330605394;0.2358586576947428;0.9505726543912505;-0.20194633523291927;0.08099347763916523;0.5896098504009704;-0.07145376895175416;0.05201639087963203;0.3768254824301798;-0.031895561487865404;0.031916433618796106;0.28204607857856534;-0.0230035649099605;0.06842550433351818;0.9676832282324896;-0.20269713795738692;0.01759731508738382;0.5523876244163904;-0.07555840538507835;0.010586148895999138;0.3733188111529317;-0.046287856186733124;0.0076948965700141024;0.2806164562796934;-0.027569922245599798;-0.0692317629711473;0.9187222738287907;-0.1990792636136428;-0.03514172130449967;0.4446077294566068;-0.06606349953857293;-0.020722940300880646;0.26895216031457064;-0.029769801737505524;-0.00907711782263144;0.23233677438303169;-0.01567980348878149;34.75165392222413;3.0209885878125786;9.207068518460144;13.382018187012019;2.3729878032040985;4.650826249381077;7.71151679860901;2.053637532948612;1.4075420557928238;4.573752483345399;0.7466599236820517;1.4571247514245667;3.7728501037673166;2.130974745435396;3.258515232802505;46.72867607795898;11.887969153742205;9.684537778123458;8.18070058210866;0.9826684605798216;-0.2580770017933321;0.3382815945976715;-0.10604741437762291;-0.11402937846512355;0.4048682685422732;-0.04260539399539902;-0.04557110262164852;0.38103016286166647;-0.011618876279923434;-0.022064368146340777;0.3181398774336321;-0.0042563206326881944;-0.059866766795498044;0.9612470336497432;-0.13553070394673863;-0.09879215103175383;0.46156573757995023;0.002590670816996865;-0.08117276195863045;0.16922605014663109;0.018653003217164732;-0.054463495116682144;0.09369473333954122;0.018947102112837996;0.08434413963532861;0.9939876150497423;-0.06981896043985177;-0.13946013629460594;0.44245889883283146;0.012455317139912023;-0.1156364769289792;0.08651700869103576;0.02281880173906961;-0.069950689539344;-0.007427596617734702;0.01878153058710061;0.1688326618351067;0.9730799268341218;-0.0031550776661418145;-0.1221617169234505;0.40711999503129304;0.019631029989942643;-0.10111797823901145;0.07229225755426401;0.021581689773156894;-0.062495602595556934;-0.020206939302908223;0.013848570126498828;0.21084939030737432;0.9268362675852309;0.05654355047054053;-0.08841058677092829;0.32505880762370604;0.0077367226277311385;-0.09092649835839506;0.0646234756474308;0.015581039350170101;-0.05838408360107274;-0.0209206418167778;0.018782255046354068;22.79597955015036;9.767449149990929;3.012397134407926;11.890690941054432;14.545048213479209;6.183738225575814;23.00800932771012;36.29222974327816;42.29055992084713;26.68684222154246;38.163408577582594;52.481950814464845;28.08369514351215;39.78305117579209;54.394899513003445;33.65695851089554;9.275856932527079;6.283516877074024;4.6583124684394575
0.9760697384366656;0.2932508672115024;0.08432023726261621;-0.05367719350037128;0.21024129618844517;0.26512553988210397;-0.05159930400759989;0.1822908801777591;0.25121908707385215;-0.03669564875058875;0.15008110774635214;0.153376356316322;-0.04127505504216579;0.41161155348648626;0.8415700633157263;-0.19461008410161434;0.123237464593722;0.5367735727787221;-0.08265880492986469;0.06693213713413639;0.3155842308646113;-0.03661916287009494;0.03623976891612125;0.2548889480176856;-0.017300840212548477;0.23557842586529115;0.9510471668098324;-0.20003022714035598;0.08139229096628246;0.5890041393300869;-0.0703194251345096;0.051683617741737894;0.3761659575904505;-0.03195717625568439;0.031721232495455665;0.2826977231950769;-0.023139151320647415;0.06800827151087228;0.9676890787534079;-0.20170778211522428;0.017889252450233716;0.5536156481934494;-0.07580226219210555;0.010809938504896302;0.3725266130404749;-0.04641103088286752;0.007933575714908192;0.27983119605932166;-0.027602497156828457;-0.07028077145699459;0.9182118248192479;-0.19974621977578835;-0.034207697055403434;0.4451385009290251;-0.06699779222799031;-0.020378633755128973;0.2684505714737587;-0.029928524728108453;-0.008946620473250953;0.2304531968678971;-0.015595560650474311;35.08274183987817;3.0989497740551912;9.287120323511017;13.31528625778733;2.267252152355883;4.676865134454213;7.653506659526213;1.9342379925925437;1.4251397968530737;4.494339790314067;0.7187168604824119;1.4679325009349982;3.7035917852912434;2.1918699695594728;3.251694734778606;47.0164683211773;11.901806338459146;9.69049332586876;8.22813955177752;0.9824976033670848;-0.22474478118894334;0.38198277299213257;-0.10016111377382268;-0.08929768588231825;0.4200102130597166;-0.034333824239459874;-0.02982695002806455;0.3725720379810549;-0.006184530494856293;-0.007458120177732549;0.3061183488610109;-0.0015583964183026584;-0.002516954427799306;0.9852073597221354;-0.0902030936050972;-0.06979362128282307;0.39635470269991535;0.01823615944610995;-0.054036270499331025;0.18533382818371183;0.014261822448668287;-0.03991625629482257;0.13048406376077382;0.011198824044856554;0.12798182337496206;0.9914871938924543;-0.023954065059749525;-0.10827773666024718;0.3666480414179074;0.02601458881290326;-0.10102080856389277;0.11891120429008775;0.012890043278932459;-0.07239913056550978;0.025815525183017735;0.009840007709637378;0.20119174540853607;0.954998140955723;0.04185273598282088;-0.08647823831027629;0.3460472173310712;0.02902523304748988;-0.0859934068640224;0.10818883075934273;0.009529766367465841;-0.06556274458468214;0.012744383559858918;0.004524416804815451;0.23180363742719;0.9039447076493695;0.10064525141718776;-0.05726697454316626;0.2891479460881249;0.015930069830769483;-0.07704757804258441;0.09671281447252357;0.01022660261394228;-0.06216604268467914;0.012714700735805664;0.013635986392312305;19.983026002177017;8.253757033004065;3.248310431410133;12.564735405208133;6.465595798884064;0.8853785086508389;24.369306647498362;23.842426020280147;29.96487403897469;25.96841919227099;24.38854486107376;40.42211047985437;25.680864523445305;27.32345585373431;40.10802409994878;30.84730079973784;8.423367084964731;5.938937778312497;4.453523782302526
0.975843560821436;0.2924751352139991;0.0850064452495906;-0.05478751385513015;0.20987736570917737;0.2656488489339657;-0.05163445858108803;0.18203300628870056;0.2517442900717081;-0.03675134869386367;0.14978297197345689;0.15337968269949773;-0.04110787438859911;0.41068254219838124;0.8425166213157537;-0.19296027391260925;0.12335391319550784;0.5364596279551215;-0.08269108461448721;0.06685977295026346;0.3152292101840448;-0.0368938458655999;0.035939590137838165;0.25413927331488173;-0.01748561115691501;0.23459213195961878;0.9516104107469925;-0.1985048054344808;0.08181129419395763;0.5883255581647849;-0.06954127620196346;0.051637988237569675;0.37556578910429383;-0.031673007032071814;0.03161068300253223;0.2821342187518743;-0.022940288355666194;0.06700906789474177;0.9685191005855988;-0.2007956369569502;0.018170325014089193;0.5541179561517329;-0.0753859241855301;0.011068897040204848;0.37138527833183527;-0.04595499448792145;0.008208027258334766;0.27850783225079856;-0.027292130132152058;-0.07147423457505363;0.9188134315369955;-0.19975671806961287;-0.03386698971800244;0.44497319168026556;-0.06688100190442844;-0.019853873418602622;0.26792940394200837;-0.029624937970621636;-0.008624217878773616;0.22918792866220433;-0.015272304015567206;35.0196129598949;3.090892546915854;9.30443627061918;13.199879385891895;2.231754089003586;4.713777743324795;7.554030240538631;1.903684093768403;1.439568989269828;4.443243528187379;0.7128934538739159;1.456547133503517;3.7075307064963776;2.2339175060163643;3.2355080360790827;46.91032925203108;11.89339313055475;9.692162106804465;8.241124373857868;0.9755956686975704;-0.1985539616541714;0.40426953183384157;-0.08991054847276182;-0.07303454248288213;0.4241926868572507;-0.0258801073255928;-0.02463688662155469;0.3537118445516642;-0.00047660254069219524;-0.012537882645043321;0.2832123345530033;0.0033694022939508546;0.03808881196847494;1.005059310494137;-0.05815463536227093;-0.06917606288558584;0.3370661331023065;0.02986021487604119;-0.04960316355019249;0.15145873345144129;0.013888638708801913;-0.03263110908393646;0.11026217442757873;0.008417787160817872;0.15739862614890107;0.9875209812870932;0.005289990946588711;-0.10465805667257988;0.3030510601198123;0.03535964369374584;-0.09590294695219535;0.10792122305374834;0.005457339863235854;-0.07168471300398176;0.019320646517492237;0.002634475037649936;0.22152274015820014;0.9312040087765816;0.06849990291226564;-0.08187914789133274;0.29255193045137096;0.0348075598975185;-0.08165901359404992;0.10250760555578518;-5.256113320615911e-05;-0.06690448711471951;0.008122139350388684;-0.003211356138682892;0.24450176335983168;0.8682490216239652;0.125485824650894;-0.05224144834068662;0.25730501770763536;0.020557540873263003;-0.06964700538661275;0.09570577304325255;0.005885650941257531;-0.061482317859084624;0.016410633879414816;0.009269771047157298;18.03626794497743;6.688505690109166;1.6356989353818536;16.048833315392756;6.511430488256114;1.8244605987300806;28.68041611365304;22.881634236409315;33.26768379694632;28.990495313820887;23.777951799576133;44.601294776557275;27.256355065613544;24.569568846287094;39.18419355099415;29.181981010337516;7.772632625156499;5.747948722507183;4.4816450651748685
0.9755779966287;0.29223148819008454;0.0894780735750043;-0.05187455981111002;0.2084576410812206;0.2662235546437966;-0.050389728797261585;0.18070523007873238;0.25135058403098876;-0.03588202199079508;0.1485877734595632;0.1532064981464102;-0.040186760726935875;0.4081810280579698;0.8430061163923969;-0.19130602258778612;0.12372128937153952;0.5371002289775573;-0.08239144645682539;0.06687129264899258;0.31519633535015334;-0.036417951664909826;0.03566199417652327;0.2536082824369499;-0.016996054491070844;0.2327768726659625;0.9522769314760908;-0.1974425823634169;0.08225315950260402;0.5875627023652584;-0.06918409918694883;0.05193046103382308;0.37503681034079356;-0.03098242828753873;0.03160001934987494;0.2801415819573989;-0.022348172663997252;0.06532698753690534;0.9703175181399482;-0.19997636495655602;0.018438000301760207;0.5537649548759492;-0.07419336814650652;0.011368692773390764;0.36983546331784156;-0.044818151578632746;0.008523992627325028;0.2765539420926725;-0.026578755552314197;-0.07283515453954968;0.9207227990279927;-0.1989944786911606;-0.034225423960821316;0.4439888981448434;-0.06552722410378461;-0.019117836769836548;0.26738633371138265;-0.02877781961074331;-0.008076620169127339;0.22865323495649797;-0.014668402350962614;34.484417185666445;2.9821250160621133;9.247056768630006;13.025694173278074;2.277579739315782;4.763756540532333;7.406274257056211;1.974944477355533;1.4503724608300383;4.429089446554837;0.7349205663566883;1.4193455267963588;3.789457342586969;2.265801563592457;3.207219025571181;46.32697663375583;11.858653975454619;9.688251403224221;8.212412414905682;0.9607296621343088;-0.1789546887833362;0.40740239697668396;-0.07526649386342033;-0.06468316606963503;0.41887774699778124;-0.01702320382630468;-0.029656752038873635;0.32492695697771085;0.005694211613290537;-0.03708453367342138;0.24959074764639338;0.010657009742758473;0.06380728430518616;1.0241362742247846;-0.03814330403495402;-0.09648050980484821;0.28239047782874366;0.038025973934154335;-0.06735611433748592;0.0679022831942577;0.01746907642933681;-0.032283383747864054;0.0338475227628356;0.010422271839037931;0.1743156972732768;0.9845008021817073;0.019292697781965844;-0.12814693781617062;0.24998733615268617;0.0409933727398168;-0.10014568372576142;0.054382459932966934;0.00022480346345082352;-0.06803395864321524;-0.026226812643835796;-0.003113887779381803;0.2313500840347483;0.9033753331151988;0.07827526620197546;-0.10774234209483623;0.2453747124573029;0.03734385267806664;-0.08794029405451374;0.05621380099673001;-0.007548628774876306;-0.06677483399041748;-0.033399169938645806;-0.009667521335205704;0.250182478380073;0.8210104127252105;0.13265664449483464;-0.07272914219988967;0.22900186587675053;0.021907923633367438;-0.06850742579298205;0.06252760837762336;0.0024018642624797945;-0.056562672985358234;-0.009016108771827682;0.005540093756550758;16.54239251673946;4.855952810694714;3.5320704048393994;24.270388760377802;25.777404623498963;2.469515729615423;37.719128920507266;35.196907053633545;49.635728846723104;37.95150753139356;35.72488225944764;58.91406505658034;34.48131503748113;30.166803437657318;51.488627904896084;28.124202845596525;7.237378582715063;5.681023517903745;4.741260616631295
0.975312432435964;0.2919876879022208;0.0939261773472117;-0.04897639827431415;0.20704424132016344;0.2667940065763357;-0.049151183655191666;0.1793834379426955;0.2509576971190473;-0.03501701134789084;0.14739802949263905;0.1530334679508446;-0.039270209771166034;0.40569046067537995;0.8434890118233267;-0.1896593901156285;0.1240861707597173;0.5377349275671159;-0.08209295773112167;0.0668824298632408;0.31516210786105026;-0.035944339173171976;0.03538565952449559;0.25307880874873667;-0.016508943899378972;0.23096986339368641;0.9529354105761879;-0.19638489115482874;0.08269234564178683;0.5868009481208125;-0.06882843253854176;0.05222117261427582;0.37450875186509314;-0.03029526617913527;0.03158925813541066;0.2781578824206111;-0.02175900683018585;0.06365327823665214;0.9721019615903509;-0.1991603579332455;0.018704204204497383;0.553411101832314;-0.0730066123400186;0.01166688539076731;0.3682918655132903;-0.043686963073346886;0.008838285117498434;0.2746088064256321;-0.025868936600915216;-0.07418869464587556;0.9226178589948617;-0.19823521450474516;-0.034581841866949375;0.4430075431870951;-0.0641801209747543;-0.018385508817803608;0.26684477650136623;-0.027934936936738358;-0.007531811350658061;0.22812019809781522;-0.014067548503288481;33.95880933210605;2.874402884579433;9.18901810088031;12.852102991460036;2.3232700034871314;4.813912173604442;7.259984216005511;2.046061131267054;1.4608429682593533;4.419916601178532;0.7590124845006353;1.3830067625880962;3.8720402314833637;2.3150828352058936;3.178958246721885;45.75422409554947;11.823864811909715;9.684042173197165;8.183862304765295;0.945863655571047;-0.16125112665373134;0.4100492276329284;-0.062063395363334266;-0.057144420926035173;0.41392143420713606;-0.00904977053726664;-0.0341593910619838;0.29890017833124016;0.011242122657190068;-0.05914730318214318;0.21924525139477785;0.017207330589164353;0.08691282456022116;1.0408650551648084;-0.02012822354773794;-0.12099883075181962;0.23309426056398783;0.04535465486046462;-0.08329562518739804;-0.007280558341712629;0.020682146722267477;-0.03195707347163532;-0.03489737719730652;0.012220818648623752;0.18945848532826934;0.9813710795709756;0.03187924903155301;-0.1492200795104326;0.2021545617849212;0.046043389152652756;-0.10391975163414242;0.0062045189887124695;-0.0044816638615076294;-0.06472175286321788;-0.06718318848779077;-0.008282910626070398;0.24009212014588707;0.8779658116679718;0.08703480133524837;-0.13095960995673414;0.20283845613313117;0.039609430799370016;-0.09355304082561836;0.014551525162389172;-0.014287752603407925;-0.06663018976441994;-0.07073123925247861;-0.015470421851166646;0.2551869496117733;0.7781773175614617;0.13905071250239637;-0.09112614572285992;0.20344864574440927;0.023113321396438402;-0.06745368211156823;0.03265946468590728;-0.0007326146012358671;-0.052113986403194625;-0.03188225295293128;0.0021831328197459195;15.153937473162209;3.636814122495747;8.84014078605212;33.86494449892866;66.04735574223304;41.17007278934465;47.801044254783854;51.5417474194264;49.436124629801185;47.86320172517691;51.33203298286279;54.84148303673766;42.0332075131039;40.49138105433033;57.34156961063799;27.038350409552123;6.81524524797632;5.67514915390987;5.046545099574667
0.9768194519502628;0.293437321358147;0.09894103983131944;-0.04316107818164492;0.20519172663626636;0.2744435620624055;-0.04560333570277728;0.17442691068045615;0.2640982620427626;-0.031595770884641564;0.14474037143656682;0.16395884984387454;-0.035681023405224506;0.40485596557908393;0.8446738711752309;-0.18760148397879667;0.12490492813187948;0.5419426759629676;-0.07877295524582587;0.06580522953955031;0.3156467534220211;-0.032150088906973885;0.03472628133362039;0.25260466585212316;-0.013674384764428123;0.22823674794668272;0.9537858495492479;-0.1954495845130953;0.08233341369885999;0.5922441635280533;-0.06746301984374427;0.05311050488122922;0.3739176847000721;-0.02793310581467771;0.03288390883005599;0.2755100925044594;-0.019575272843987378;0.059509362695813466;0.9730271564072;-0.19824462139524468;0.017126401517731503;0.5572076336125688;-0.07074728131714322;0.014696018425104146;0.3677076421032179;-0.04101216150316027;0.01261415192976883;0.27300324173521295;-0.02376324925287122;-0.07949850509116219;0.9235183443890697;-0.1966279419297864;-0.03329814875376124;0.44608795193897083;-0.06059286851826691;-0.014793782198713053;0.26728198729180924;-0.02503054738837418;-0.002887124781055237;0.2276867261960518;-0.011995000753033926;34.25823122774181;3.813714245144053;8.68975910663727;12.867830860359172;2.6514636985054016;4.731336964189855;7.3036540520333855;2.213686233531464;1.2891029390968773;4.594667470127108;1.01884713921844;1.4343317701978053;4.310407741319199;2.612089618298944;3.367678373409457;45.19789521355211;11.914827841341346;9.76398384208528;8.257524047505253;0.9349588504315682;-0.15501449710567813;0.4069123017122394;-0.05198309424840659;-0.057754380377488375;0.4009988660549958;-0.0028644068949531453;-0.03688396412748587;0.27561627794078586;0.016014701444020844;-0.0634754849363321;0.19224897428821255;0.023083637313202367;0.09383374927025201;1.0513971667639248;-0.012115327592985736;-0.1367911097917674;0.19619356871063828;0.0442458401146244;-0.09240827597410411;-0.048825064923498085;0.018587831198368612;-0.034408735455597715;-0.07233074795053081;0.01122238248094572;0.19290273778991857;0.9805674636334779;0.03572090447569921;-0.16363730679696736;0.1653501945319101;0.04626239400923556;-0.10600308560138563;-0.028805810402857717;-0.007343475656750763;-0.06082855242167935;-0.09081512752734032;-0.011144463847053681;0.2395106233976642;0.8659631909758337;0.08763740737003348;-0.14350389183343626;0.16992578921340795;0.03987376246328673;-0.09652794543888012;-0.013943813280398289;-0.01758494665830894;-0.06525783857001874;-0.09233982678326279;-0.01818524556340566;0.2529835642624803;0.7566169451939218;0.13725498106242037;-0.10071513145413731;0.17442991646406406;0.02246356976166912;-0.06695732321437761;0.009081422485377869;-0.0032816709263463703;-0.048817544609579704;-0.048359581307434236;0.00019069084305301458;14.157469008211455;3.745329760243473;11.083707559032186;41.29775350035529;81.34859874403291;36.29684816465549;56.1194616719194;62.039345140531346;40.877923004124796;55.24882373483811;61.218907569493496;45.842586261393535;48.09291453212598;52.98521216233748;52.51559869757961;26.60636992298839;6.607401806308658;5.575638659610077;5.15370883636575
0.9797370235045048;0.29622515315596665;0.10440693820672343;-0.03503385045121531;0.20298893962956824;0.2876959084314892;-0.040225966813311545;0.16659042591283715;0.28795097626787985;-0.026149888790418234;0.1409185712916578;0.1836694941193742;-0.029974967721732335;0.4053276294099616;0.8464081005241242;-0.18521532413925212;0.1260822843999346;0.5489753664127268;-0.07305996436635598;0.06386586949768129;0.3165396598927044;-0.025726279868139818;0.033763175223397876;0.2521719487809036;-0.008980884810179288;0.22476734690002464;0.9547811400951636;-0.19460887514731598;0.08134225915138343;0.6025946513194436;-0.06529739869634146;0.054473550435671134;0.37327338936159765;-0.024244134504425533;0.035211793853787775;0.2723329569046623;-0.01612854008908574;0.05340812243886031;0.973265589702244;-0.19724778000029103;0.014088736673587534;0.5642853735376088;-0.06763739122839134;0.019887347396804988;0.36787895605062554;-0.03711415244680627;0.019130690298882765;0.2716629837692563;-0.020551757240112482;-0.08794083735745371;0.9236254010493155;-0.1943471996827334;-0.030715953561234598;0.45237985106554307;-0.055230649138339034;-0.008937619710748497;0.26849159016829105;-0.020493259413343404;0.0050038672408349175;0.22732989628736933;-0.008756786704571428;35.148723036205034;5.514933348095007;7.946539719151766;13.043416805208112;3.216771299898619;4.545871972946477;7.490962090347687;2.5274229591195425;0.9857696995876842;4.906691730980569;1.9756768549442745;1.7117089872461815;5.1207319038935;3.2469127942608367;3.827737352527322;44.68654836421456;12.106354515357912;9.910894904173482;8.412288152431879;0.9272062127901702;-0.15685353540427638;0.3996871827751576;-0.04396972351959119;-0.06417451304817236;0.38227974820822097;0.002148817695368305;-0.03839516936410179;0.25395762473328387;0.020315498575620004;-0.055282385722584156;0.1672347252212223;0.02857905343178836;0.08938157482635724;1.0578799101183634;-0.011083690095891508;-0.14665958380132127;0.16754525369055734;0.037131651869281246;-0.0968319792154124;-0.06714012826383584;0.012692024341482921;-0.03887961884063347;-0.08812643556070704;0.008222502011614192;0.18812343882638616;0.9815767491642995;0.03341642207329857;-0.17358444567674217;0.1358228713630655;0.04306027970873509;-0.10693703930843082;-0.055024580481959885;-0.008941589301864613;-0.05647097832593775;-0.10253075519370589;-0.012414122531056407;0.23233702148489604;0.8634478641214762;0.08246902225011116;-0.14869016731284865;0.143354986434048;0.038727323342427455;-0.09769306934678351;-0.03354126264325304;-0.01849223370094736;-0.06300267314053473;-0.10313760683339579;-0.01875239254744707;0.2456678506878331;0.7499609662787514;0.129635295574853;-0.10421649800392209;0.1425153797459759;0.020489171935577945;-0.06686089368253972;-0.010402515367049857;-0.0054560861711688575;-0.04629574511030262;-0.06056923405959389;-0.0008639928208494847;13.382310862484367;4.3067641564705195;10.706140053524043;46.912626766290074;82.64772789014546;31.33346513091059;62.95715309637361;66.71935565305083;33.83248699721175;60.671434567384686;65.90693481960331;39.089542549465506;53.80933141504007;63.55338521545344;43.88606792733196;26.725553279030382;6.522609220944746;5.376901549818828;5.07802689030623
0.9826545950587472;0.29900080773372767;0.10985547568564463;-0.026929834720787728;0.20078979809818576;0.30090568990718464;-0.03486372302359806;0.1587745066991168;0.31173022179283544;-0.020719523991855195;0.13710598484220923;0.20332016988502863;-0.0242851354412858;0.40579237582128563;0.8481257006475738;-0.18283358735008093;0.1272544845797193;0.5559800496377943;-0.06736262795572688;0.06193128942433856;0.3174256351112495;-0.019320844597251183;0.03280241490736482;0.2517370448543878;-0.004300943711586428;0.22130498573699378;0.955760473530854;-0.1937679553590499;0.0803528815566814;0.6129067272318527;-0.06313719749891522;0.05583187780141621;0.37262586796482;-0.02056558511357939;0.037532411547360256;0.26916135880889863;-0.01269163409637464;0.04732393712883747;0.9734900193845258;-0.19625114722658182;0.011059734041723498;0.5713347655664415;-0.06453564165815476;0.025063271581307927;0.36804474018394345;-0.03322699867326882;0.025627971211208595;0.2703229179276019;-0.01734934577359913;-0.09635735751305755;0.9237195158498522;-0.19207044832073528;-0.028140865513391868;0.45864722325238483;-0.04988330552079738;-0.003098405858390216;0.2696939956314855;-0.015968917510541716;0.012871788413779431;0.22697099800435774;-0.00552789238383906;35.96586506335421;7.0285935930043255;7.338305572359107;13.229446642310709;3.795265634300457;4.3643681074326395;7.669834341410436;2.903853451116265;0.736266605617504;5.210594225387922;3.060656116177335;2.1259328029939617;5.996126000809619;3.99510930869921;4.381250369837757;44.22327648884049;12.298414169592148;10.057578276505906;8.56677896450481;0.9194535751487722;-0.15859966094457997;0.39279956787407977;-0.03634149789280186;-0.07028338278128499;0.3644527487750378;0.0069202890774301236;-0.03983247682769027;0.23333628622378325;0.024408397450239726;-0.0474827900671867;0.14342191888536177;0.033808753038340564;0.08514162448639044;1.0640214472133334;-0.010101489054903675;-0.15604831026853427;0.1402735766917538;0.030359443085916912;-0.10103978547537926;-0.0845703760805753;0.007080119174207824;-0.04313390085757939;-0.10315820185331226;0.005367027433143576;0.18356945968192268;0.9825107794058291;0.031222136753229227;-0.18304731492641751;0.10771542402891034;0.0400113773509195;-0.10782306822991296;-0.07997781389972283;-0.010462413245055124;-0.0523219592343966;-0.11367877698793465;-0.013622232724060193;0.2255029743026268;0.8610304095033838;0.07754757810982278;-0.15362237595913072;0.1180613171757813;0.0376351064208979;-0.09879937387957245;-0.052192981124410516;-0.019355278037943333;-0.060854525500037004;-0.11341201536206043;-0.01929168843295252;0.23869818205434964;0.7436055615347824;0.1223794539042366;-0.10754623470492865;0.11213562862913273;0.018609407593333592;-0.06676730154383824;-0.02894682184769899;-0.0075255218008991945;-0.04389427090317634;-0.07218860021919953;-0.0018678052124772547;12.569749836967864;4.972380672528669;10.849918751922916;53.170988615256235;81.5331234308661;27.345090418756218;70.12409975497735;68.42100541767118;28.644711217637987;66.63601569682007;68.26785427778967;33.51404554091281;60.98963614405761;70.64315548549848;35.482594664765784;26.881364914508474;6.443744061652971;5.183428523433507;5.000940556414352
0.9856287967243;0.30167813002516963;0.11882891991414209;-0.02082979131964716;0.1969464371012915;0.32029518110534005;-0.03307463445171892;0.14725463310831471;0.3379657614395766;-0.017174689090889664;0.12367863108074971;0.23821310813201604;-0.018129628028161506;0.4014906873065064;0.8510211967290428;-0.1955290812681716;0.12749803740954546;0.5632731934803465;-0.05677404568810984;0.05912193724150242;0.3090205875940659;-0.0006628859585210902;0.031574271812072056;0.2298098636931203;0.010937094416082736;0.21335286343871163;0.9553199072756344;-0.20455911230100618;0.08760507559822991;0.6309154713735406;-0.05891363008040852;0.06099206060921728;0.35549555584266473;-0.0019278061310244801;0.04258952364673821;0.23578746795262234;0.004382479380500973;0.03865588061559863;0.9754010088063761;-0.20243843172141937;0.018360571739508783;0.5946569253413684;-0.057329739786188806;0.03936271704768413;0.3422370515841203;-0.012386448351288682;0.04027928135640479;0.22872677108566414;0.0003278844199661983;-0.10558827157434997;0.9287723182259258;-0.1930836956925208;-0.019061983174429215;0.4812471422578842;-0.0390234149940488;0.012589030160542733;0.2564904881758967;-0.0009766383253459415;0.030376378231372382;0.19308419173529567;0.007915084267899043;36.82760076845581;8.364781017688221;4.0684824349378355;13.78752275489408;5.819609755182187;4.122421851088849;7.995911851288725;5.302889620412504;1.4446076664674898;6.231531314875388;5.893186950258051;4.039240455833343;8.182295864858405;6.724252815651271;6.633387299022896;43.549224918257025;12.400144377147;10.103064320573871;8.573426309294332;0.919005547639729;-0.16344567430199627;0.38541531092967074;-0.04215555495821894;-0.0772650989624104;0.3565168438332297;0.004184113722447844;-0.04365087034102586;0.2307013668669017;0.023143699432522254;-0.035472830426636015;0.13189581384769;0.03334756613957805;0.08522819285109713;1.0658343478260457;-0.020649214385235624;-0.1672421697870467;0.13135746500127332;0.024505453455362248;-0.10565114190727343;-0.0921023308074204;0.004452080094297316;-0.047100143433257254;-0.10843256871739088;0.0043072397269398495;0.18583949319621668;0.9823244316310232;0.022414142619347148;-0.19772435951464246;0.10099632593186707;0.033720796154569396;-0.11243525153322792;-0.09190406896002798;-0.012101032737503183;-0.05454817473142961;-0.12180047875668529;-0.013833144168706547;0.2268294419048983;0.8563734194774318;0.07019452524704048;-0.1659327222882714;0.1127570054563332;0.032302536968159386;-0.10438360034233123;-0.05839376645598727;-0.021235299095742944;-0.06461636717919303;-0.1201713232077268;-0.01928725627233896;0.23794052335160454;0.7332609734816304;0.11612544770508511;-0.11641966135990839;0.10329208294999072;0.014547231187173658;-0.07100847481054451;-0.034592728938251445;-0.010089880580408184;-0.04745447337940905;-0.07811176194347111;-0.0029115726688303274;12.502772246045874;5.19687606735282;9.150428604664166;56.832714229766275;79.09295224274865;25.426965342869877;73.64887733909205;67.46593092130006;26.519470705451333;70.19289240353979;65.97378571272418;32.15517097352461;65.91644393757676;68.57435046037352;33.08085956820042;27.884013875249625;6.589468114396015;5.24251249514034;5.102298933095823
0.98863967828833;0.3041788581816447;0.13001333733132;-0.01602530122810431;0.19198071716195106;0.34351362713333583;-0.03357929825646734;0.13331812114047634;0.36561166234567677;-0.01484542338067346;0.10403859221854019;0.28277296365594184;-0.011679608756637396;0.39398271847512045;0.8543652201138423;-0.21784373755453454;0.12709715570788027;0.5705362765832908;-0.043034460533880534;0.055733297660871824;0.29453527839157634;0.02585295894977326;0.030164949280577558;0.19399615021494745;0.032943852541942015;0.2024471996709488;0.9536233253677737;-0.22275027420836163;0.10012162420526938;0.6536219848571018;-0.05334782241565718;0.06856979420046627;0.3276518567641277;0.026312223357674296;0.049384587841461526;0.18293555340007175;0.03020788314206737;0.028326154692089066;0.978045630704494;-0.2131696062554193;0.03229588911759575;0.628204869863507;-0.04747314664724416;0.0594982687795179;0.2996230053782912;0.019340600040226984;0.06014106075181415;0.16119372604973878;0.027296335250489284;-0.11528807321975254;0.9366774829341433;-0.196145505694897;-0.005803727223713542;0.5141533766317173;-0.024619115746258042;0.03458636135881234;0.23393947320105116;0.02073101801785809;0.05404465122269746;0.1375930308930901;0.027909722402010777;37.626959340286675;9.535379982024065;0.16921985303991538;14.933819641822334;9.323658454241526;4.958846123912361;8.869362022377354;9.622584694125406;5.6103182835642595;8.075084049197006;11.472150372654504;10.637322061631792;10.992866795579324;11.914083947986246;14.101324930291051;42.86882977971402;12.44563284201918;10.094637000860935;8.503025431894967;0.9232887903306838;-0.17065955282075237;0.377092280304699;-0.05723625388768553;-0.08532164336914651;0.3544425268594224;-0.0036948482764668413;-0.04930963473335948;0.23966794148901438;0.018256099128675103;-0.019801509627211257;0.12758315603398407;0.029101510417510728;0.08815321115760966;1.0647435888600458;-0.0395574891637525;-0.18041861192695774;0.13384082919253745;0.018820316632306863;-0.11084892943615565;-0.09365883008677757;0.0035933309430432945;-0.051160559218794845;-0.10765506875605696;0.004350340933999917;0.19273448325373796;0.98121324720743;0.00860130627087672;-0.2168784727302165;0.107839642941592;0.024827779619199915;-0.11981923611520247;-0.09611958499604256;-0.013935690118170368;-0.061124024856181444;-0.12850714327341453;-0.013400910788479714;0.2335836457077245;0.849748195057526;0.06068743043730617;-0.1839755297902642;0.12019657094987642;0.023781129003174892;-0.11330734670723384;-0.056847220608181606;-0.02391924267183589;-0.07253297477318453;-0.12509390844068352;-0.018921273078171583;0.24117291328050242;0.7193997316721861;0.11004965164245568;-0.12957403272688922;0.10795141022134527;0.008747175918868106;-0.07840196962231484;-0.032160192935864945;-0.013166977630561164;-0.055191644695591596;-0.0807087518983202;-0.004057977034582833;13.013416299000472;5.209312939400811;8.878539561049505;58.51968951376415;76.69406913552801;24.383955165641325;74.70495232888004;65.99984908419177;25.71448672098458;71.9172858127103;61.87053311859818;32.9766390219472;68.53806721751586;63.01346156457162;33.771562842452546;29.52323915118668;6.893287631278946;5.474587224126394;5.3378201742128475
0.9916505598523598;0.30653092138986815;0.14108591950684324;-0.011236544823047048;0.18695240987927506;0.3664668197666605;-0.034066459099196415;0.11938821741038338;0.3929612399833089;-0.012520604821130337;0.08444555155111734;0.32699298301416285;-0.005255132394276051;0.38633350064961786;0.8573092476109018;-0.23995394295018305;0.12664105854258265;0.5775082331133353;-0.029341125361633;0.05233578393211861;0.279986731415129;0.052230594755664064;0.02874879600922568;0.15826621380534553;0.05483074093210127;0.1915026016274654;0.9515061959139739;-0.24075446560184643;0.11253341400924208;0.6759262973672818;-0.04778460680011344;0.07608052954499198;0.299793808062421;0.05440560593801073;0.05612501392282653;0.13025372906279237;0.055896416503815056;0.018033011142475186;0.9802380022076592;-0.22375373118681394;0.04615016160021304;0.661310280531364;-0.03764227067394008;0.079510948009329;0.25707772292713477;0.05090748796429718;0.07988098572163041;0.09391063270669826;0.05412376742064596;-0.12488974618126394;0.9441238777710267;-0.1991045323580193;0.0073938416830056555;0.5466714060807317;-0.010272517440002927;0.05646312952971238;0.2113909640566992;0.04232572214208635;0.07757563763371123;0.08230494135288045;0.04779635959957813;38.29044932786292;10.543375484565631;2.565372987665855;16.412282630073925;13.350282490109374;8.436415962492049;10.122122965277713;14.757173286681;14.453835622447391;10.036046523937724;19.16850379711557;25.621530192054625;13.53372171509235;18.531452080124417;29.562505249431464;42.37065218162102;12.493551037617047;10.101157907951144;8.455784023849391;0.9275720330216386;-0.17829812132729167;0.36812803052982057;-0.0732836906780683;-0.09388022328297899;0.35213977641336996;-0.012085790980214103;-0.055323817118326804;0.24915513218270874;0.01304548507670179;-0.0031047014698979904;0.12295611080839106;0.02457135076124549;0.09124543457773944;1.0633012840931098;-0.05968635130216918;-0.19440536124504923;0.13645060740178505;0.012760094357832095;-0.11635590935672863;-0.09529198743446216;0.0026777267897799186;-0.055471845979328804;-0.10679858585564359;0.004395102010789652;0.20002758611331625;0.9797711953076764;-0.006113071163224228;-0.23722245889576332;0.11510007623658527;0.01534924809817849;-0.12765238044266658;-0.10058422414432162;-0.01588611986132621;-0.06811188639648323;-0.13561658205430804;-0.01293700636482687;0.24071603381385717;0.8424677531996763;0.05054539341246907;-0.20314452856047943;0.12808881532644265;0.01469867512921963;-0.12278221362697304;-0.055185010206340306;-0.02677162037171689;-0.0809458768751019;-0.13030401602828193;-0.01852647753736297;0.2445522027536596;0.7044465201600786;0.10354929993961258;-0.14355067061692858;0.11288563723550937;0.0025672075307719435;-0.08625615572722041;-0.029560815022861942;-0.01644093772805934;-0.06341799744593435;-0.08345355233955264;-0.0052779480659227215;13.630886922960201;5.392838653302853;13.804941636369252;60.13808220306759;74.34974692111697;23.251591302088432;75.70222104332913;64.65655240627939;24.999793380935415;73.5623312469196;58.038994669005156;33.7864783584782;71.03646741842655;57.856828819237116;34.39133963598789;31.296831395562425;7.217103456065804;5.721978635319619;5.596970110599972
0.9934006406298472;0.3067462059963289;0.17154614763526965;-0.002443320993804767;0.1821770878503739;0.3853169746151433;-0.02996617240927477;0.1077069337935409;0.40696806456115175;-0.009017067117349892;0.06674920506869059;0.34357321617179903;-3.5086813683389285e-05;0.3800803125516184;0.8629507208975956;-0.23512360884770203;0.1242834592699361;0.5812616039068783;-0.01918716304723909;0.05354529701252644;0.2724550478346504;0.06339779365167941;0.02842747765578179;0.1426626796074734;0.06385506238546627;0.1844494384805671;0.9539846545609735;-0.23641422018648503;0.11934331977998947;0.6795218268562137;-0.038529038613834506;0.08222667901489687;0.2649000414831099;0.07050557803611358;0.05461081137439137;0.08665363164205978;0.07023728599705666;0.012820725412145946;0.9878116942477465;-0.2183832412615692;0.05883896891594301;0.6689397518310088;-0.02614200652301028;0.09069462692715775;0.21112781535902986;0.07237840693349025;0.08092425160090613;0.0398092097332289;0.07123315448788034;-0.12771724767458512;0.9573787690116634;-0.19279598831485115;0.020200525851035305;0.5518677930298147;0.003289336251305521;0.06881645797655533;0.17970177984011476;0.05941445374744144;0.07984468448449342;0.03463602003682493;0.062266280942951384;35.63092163070713;10.835368729020418;4.019187167698219;16.776859953067422;14.740569047122243;10.839235965616414;10.523380120472234;18.89284676881648;24.289012619998267;11.080102140280983;26.669847644853466;40.98598592015829;15.10151302032542;25.049225265746077;44.32300400258929;39.0646611597551;12.458270161685041;10.007580409840664;8.247495788433536;0.9334121201795686;-0.17933004755253826;0.35544784931762025;-0.0880997865723521;-0.09712876770186879;0.35933060245236204;-0.017332181157804667;-0.05975560120405093;0.2612181764983928;0.010653944355366301;-0.004867988568503748;0.13725763464663307;0.023248891678057642;0.09907881376491384;1.05733967726997;-0.06664363983994398;-0.20328186544919885;0.15679336062988067;0.009047552275344149;-0.12252650274481575;-0.08705394597162243;0.0006840231681514518;-0.05918253300814942;-0.10431567628969178;0.0034459054654371614;0.20408920526272248;0.9789262853556432;-0.007136114841580424;-0.24668331018295253;0.13624113034873636;0.008958529164379071;-0.13468484790584276;-0.09748892444635414;-0.01845464587579356;-0.07305592861498622;-0.13617102961482339;-0.013165167378103105;0.24004045628083223;0.8453605122000246;0.05366337759626064;-0.21501412436958367;0.14474146005447971;0.007875940604769274;-0.12926789046544293;-0.05400208967308371;-0.028477707555851182;-0.08370152981627217;-0.12958992590989848;-0.017858805663360514;0.2385694084576429;0.7098681138430532;0.10979684618723293;-0.15450370625977608;0.12527740797323125;-0.0022834326452162317;-0.09017817893433969;-0.027785234804585397;-0.018383792072025333;-0.06375399697392194;-0.08234218457268597;-0.0057544629546316785;15.139120216658961;5.426658396774996;13.042952503093643;57.95263605400032;73.03822981739236;25.072699296883783;72.88794999191596;65.20895180657375;25.80333292756148;71.83641556573743;57.80106509714202;34.36500341600835;69.8687940106017;56.719401466155055;35.69620108702271;32.98699073466276;7.163894731638142;5.641517321159772;5.552177346036826
0.9943763505186156;0.30567057500493583;0.21207959741080096;0.008330966047924358;0.17772868913202494;0.40094712793136916;-0.023346822461579576;0.09781375254930673;0.41254396994996095;-0.004967379972304555;0.0508876741692744;0.3432532444397985;0.0042641833517475455;0.3748641433751755;0.8698504593224037;-0.21469819433625179;0.12089753308876347;0.5829166790940624;-0.011522778699729487;0.05739630915415668;0.26931454653598885;0.06519299451914279;0.028757458044726614;0.13947130767338492;0.06497031838444534;0.17994702031837975;0.958953997590516;-0.21914903692169194;0.12258038412631342;0.6719477481766082;-0.02749055687334932;0.08731167157913981;0.22730265603397098;0.07891221219871702;0.048321432195088054;0.050162844346482806;0.07733555366328192;0.010796828559805852;0.9981222403047598;-0.20387277605790044;0.07031518982953705;0.6612725453634729;-0.01413707643389872;0.0962385016141186;0.16506225313334305;0.08704459706616298;0.07097129133648668;-0.00434410808985181;0.08193939940924204;-0.12644937744924967;0.9733889014210606;-0.18130338134419896;0.03224711187958428;0.5407994795865017;0.01583104040383247;0.07507735025884453;0.14395297890647177;0.07315320809357147;0.06956526345154751;-0.006606337482450598;0.07296101253321717;31.62653318870099;10.825518319683335;5.09474385490308;16.37218356311906;14.431910326045271;11.21020972164511;10.358250567422878;22.82778239367407;35.36664914079934;11.656419783416927;34.79371918460594;54.44465488963052;16.22229723390893;32.46781344076316;57.71498610911003;34.66237765955631;12.373996338886437;9.848420296784884;7.947058519386156;0.940208405212974;-0.17591780667165563;0.33991210505568126;-0.10250417774860163;-0.09687023979984273;0.3731966476538307;-0.020592593014569865;-0.0632422277967415;0.27538948736998553;0.010109939867003285;-0.0192164937979753;0.16482581171347632;0.0240689344256187;0.1103597837298618;1.0482169744051038;-0.06485804005129707;-0.20895340033036108;0.18976279394613393;0.006825059612731227;-0.1293306409531847;-0.07188676306455867;-0.0020979626844897735;-0.06259435140989943;-0.10066578487730297;0.0017952356051524154;0.20608579193530613;0.9785332992877558;0.0011083985822615534;-0.24903878525228682;0.16741402058717889;0.004484855594821555;-0.14138174537427017;-0.08917979010195663;-0.02151668946934199;-0.07675690124378293;-0.13229981037338098;-0.013870651003661975;0.2340611417296362;0.8553035891911797;0.06587726266469734;-0.22227753382819856;0.16782306678082812;0.0023956756532560863;-0.13391609431118878;-0.05311512148510164;-0.02945560860773084;-0.08269946607431501;-0.12484223234556087;-0.016988281419567316;0.22607770083072054;0.7293289382852377;0.12488488583807433;-0.16372377862041654;0.1430918156017868;-0.006368452998168264;-0.0915472639309373;-0.026520934264704997;-0.019478920323261026;-0.05874620409992069;-0.07858688132784998;-0.0057400027048018915;17.37636903511353;5.356271728237783;8.80975861322119;53.96245073596752;71.33968783087207;29.107046366301514;67.9840503192517;66.48237293173675;27.550833919448987;68.27573490594749;59.507829890336;34.761126030246274;66.70830718435947;57.6693323635799;37.61252860226522;34.8110142538971;6.88594939071255;5.397599910949585;5.387560453951769
0.9953520604073836;0.30455481278876456;0.25041312203283195;0.018535689063827132;0.17345811662781127;0.4156279651129157;-0.0170683852158602;0.08841018331634073;0.4176959296421745;-0.0011292096908937766;0.03584465111902699;0.3428414867359458;0.008335882622593707;0.36980381592408307;0.876111879275011;-0.1952795949414943;0.11765151153427734;0.5843002026907779;-0.004258036997796513;0.06102652345014979;0.2662540694165801;0.06687310415282081;0.02906097504125757;0.13640372552983776;0.0660063313494513;0.17562456880627417;0.9633584000145116;-0.20272297342208323;0.1256083281993262;0.6645595690182765;-0.01702420499401053;0.09210146928789276;0.1916116617617209;0.08685152944654374;0.04234769991326386;0.015576276466459647;0.08403584773623225;0.008876009632935594;1.0075744044495811;-0.19006131543471996;0.08116529705619023;0.6537995168353393;-0.002759355053027632;0.10146021082571388;0.12136836149313386;0.10091152784080591;0.06151958286277997;-0.04617276630009589;0.09205636720848116;-0.12520820587199682;0.988248574634213;-0.17035812561790087;0.04364961905504852;0.530142429185723;0.02770780815327244;0.0809850450602209;0.11003967524707947;0.08614589936417986;0.059804717048917704;-0.04567649010667959;0.08306991402548834;28.3309134479258;10.887841663020573;6.175980934868227;15.990403831144366;14.245898132856974;11.600780154914304;10.260931564452621;27.807843524860903;49.64681292544298;12.317146416010795;45.06887829421927;63.83002572298165;17.382054647721542;41.67793222927958;67.34575634074247;31.01951400831678;12.2933547648275;9.692933050630096;7.66578801244521;0.9470046902463796;-0.172239606741897;0.3232024813591163;-0.11796342820013392;-0.09658485376420656;0.3880560859109303;-0.024091980139786726;-0.06698110057299046;0.2905845740535505;0.00952497437527912;-0.034622421122680797;0.19441537309809753;0.024947566363990703;0.12246446386617921;1.038336823234933;-0.062935449738033;-0.21502673501272543;0.22515023910918275;0.004437991965783419;-0.1366265617814125;-0.05559442215047821;-0.005085099435141722;-0.06625294693391365;-0.09673843723144364;2.259694799661866e-05;0.20821318586369417;0.9780327406846757;0.009961294158520618;-0.25154810587060805;0.20087412655477788;-0.000319349324239689;-0.14856154314324974;-0.08025025490921679;-0.02480299392849789;-0.08072485434365109;-0.1281322602289804;-0.014627087840799911;0.22762174150322945;0.8659118221954667;0.07898728160221744;-0.23005915863467705;0.19259469409621602;-0.003489242527654608;-0.13889659782903208;-0.052158427493600876;-0.030503316782475202;-0.08161680671109421;-0.11973412009088372;-0.016052145702958348;0.21264591334704708;0.7501674734088756;0.1410764431785485;-0.17361117566494666;0.16220949361319156;-0.010754449425164025;-0.09301004116536658;-0.025161194915892866;-0.0206533084888012;-0.05336410340225278;-0.0745481148943242;-0.005724014363450651;19.944512775367492;5.3702807364685405;6.090696137942054;50.56298078423671;68.50525689910987;33.504399005499465;63.41116798231776;67.23547977984633;29.326056054254664;64.96437430720174;61.02703600231793;35.082856474226254;63.78558814234117;58.37851869432053;39.77102239515119;36.98439596908985;6.6405750417554525;5.225988584901315;5.326266335798771
0.9952011178699396;0.3001937630184344;0.277324737772246;0.025364928997628513;0.16436422118686408;0.4219684268955117;-0.011913872999340566;0.07913595864029503;0.4176074282017649;0.001138056967094939;0.028523896359049637;0.34065549236885573;0.009631714330407428;0.3537157346233043;0.8936059399415242;-0.1652636410956176;0.10075997398484644;0.5700917391700177;0.0032240519359495517;0.055701975511996744;0.2564850013330267;0.062118147809743264;0.02759057455856494;0.1410282977790193;0.059448863876849584;0.16475852243040554;0.9706896897977073;-0.17497472790943308;0.1084280650979212;0.6512421157935265;-0.006335549363441399;0.08484630477183255;0.1618900402537982;0.08313322409355925;0.035519350395743735;0.0027687703009055304;0.078101164735394;0.0030656995357124994;1.0076067172353542;-0.16526462022623908;0.07170743582017977;0.6390032270563789;0.007323663118136609;0.09437114035221789;0.09226226622045998;0.09971895412145583;0.05152163536531767;-0.058308180675136066;0.08745090465945378;-0.12623304313998748;0.9859106073074262;-0.14869987007680194;0.0416490566922842;0.5201006176821449;0.03672820898987348;0.07680756813184969;0.08781293415572801;0.08838403984161836;0.04979825375279253;-0.05901872298443572;0.0813737614865136;26.461180614550784;10.680324611351518;6.119841259985472;15.302953933801469;13.182691781769588;9.22809797646772;9.529067029218034;30.60646591584176;54.72334834052528;11.739491826120432;51.33754026995835;64.93474241373868;17.24399293342266;47.09673305771108;69.18580297516716;28.83121815658544;11.786882553375817;9.35453040671783;7.424112760082717;0.9559787402751964;-0.15524989473952708;0.31119848677391665;-0.14254832764874759;-0.09365494731947394;0.39257656142097846;-0.028992209757629353;-0.0749857627777335;0.3011084999949514;0.008746558372442296;-0.04781741669648086;0.20818657631844947;0.0248986848031564;0.1340174352046028;1.031873754995445;-0.07607624661497635;-0.21588718083487887;0.2588576707777743;-0.006591763044551905;-0.14424357670062607;-0.042619560556002724;-0.01134626702408438;-0.07626373295436864;-0.09497155069967274;-0.002740784571139495;0.19113195508168984;0.9815326702707541;0.0078862499208578;-0.25458322309845083;0.21496687477117032;-0.015558574717729312;-0.15271051335240415;-0.09061208221585844;-0.032219222409783206;-0.08397042470217152;-0.13851064373270794;-0.015986682747352744;0.1897465143268252;0.8787509945046819;0.08443199556577671;-0.236284889732176;0.19812040678996937;-0.02394057573433728;-0.1380126615779722;-0.06392583731986566;-0.04176785828913676;-0.07854717041873593;-0.12801701148059608;-0.01808631047539583;0.16197024049673373;0.7679650774963709;0.15304019452801496;-0.18257017545963414;0.15922727248894078;-0.030171009607428852;-0.0938750372946212;-0.031718375316093686;-0.03219883765551436;-0.05119883360228706;-0.08114028828135435;-0.00998458679848644;22.167776439945545;5.751254588238187;5.141377080668158;47.26802520306162;66.61576190654151;34.85868688718523;60.90177277580763;70.69610205134549;28.19245086491393;62.894636683656735;64.57327515755358;34.0093194252817;63.17470509455868;59.105249469232135;39.97756282649567;37.48720725133499;5.8775956772760205;5.049377828740081;5.674884897887291
0.994494568748584;0.2942245592766622;0.2978572031480034;0.03040459769328059;0.15325120612513707;0.42390299543155086;-0.007436666764656815;0.07016886287391566;0.41474331551730026;0.002615163601401447;0.024918774432147104;0.33740860166643355;0.009619340023490122;0.3328672309869441;0.914668912594837;-0.13135921658299188;0.07820507602884752;0.5487822201447271;0.010537195724297298;0.04646806093863177;0.24377848154563705;0.05456473262728097;0.025344010044659967;0.14882231004338312;0.049636259011528516;0.15115896320003408;0.9781229384407614;-0.14292125503332773;0.08262475677936826;0.6350734457568639;0.004082777265026813;0.0723261560182393;0.13575082316132908;0.07420173806679382;0.028510897144483148;0.00024085779243741894;0.06659528326288648;-0.004298384783424123;1.0023887664813997;-0.13622031066992096;0.05334550364490196;0.620790764649437;0.016459443627714548;0.08188181686690489;0.07067597345338278;0.09167216705206666;0.041578721813031246;-0.05655494209717798;0.0762758767620879;-0.12811964726191974;0.9749166864044047;-0.12282259600193693;0.03362792832657796;0.5101759284490588;0.04410483964104454;0.0681491391334655;0.07155823006043223;0.08560137504320646;0.03998439014981201;-0.060218914864612234;0.07432830907388557;25.273903216313315;10.35517421874155;5.526453980685509;14.74972820565884;11.619550682107864;5.901148605441076;8.690492601961397;32.25907717402835;55.337188818174695;10.585758551066409;55.73908877173764;64.18693508829021;16.475162197690747;50.6123800114396;69.35887192857516;27.296217183360483;11.117030604439742;8.955841852112888;7.206709986141046;0.9660267511294744;-0.12994709582611744;0.3010188234444584;-0.17326679231781789;-0.08904971489990006;0.3912846735838475;-0.03488222114577228;-0.08568647491075924;0.309319500100261;0.007817528076801358;-0.06037424738178785;0.21367007622067524;0.024314235306672906;0.1457149804170083;1.0262661194603124;-0.09815613839138988;-0.21373703925649287;0.2930423006643896;-0.02294209507556899;-0.15229655910372583;-0.030843594322108567;-0.019715268501963354;-0.09022413136219973;-0.0942537793984979;-0.006183634537975267;0.16243039625093258;0.9867199362483632;-0.0003657646664363602;-0.2578722684103711;0.21880997663937182;-0.03730733589408424;-0.1552624081896085;-0.11212069763789748;-0.04225870506039028;-0.08690817798458535;-0.15736513807726915;-0.017734419362619522;0.13247231496230394;0.8928097295619433;0.08581422338601938;-0.24177181026218253;0.19307039914150054;-0.05343820076519336;-0.13372912196604855;-0.08327597139248766;-0.05921376441299473;-0.07417181468381988;-0.1440424629181221;-0.021854568748501873;0.08808164358447433;0.7843664033104949;0.16311141747526975;-0.1913068912935458;0.1437082507950455;-0.05883836262978927;-0.0943816742542414;-0.04296308017945474;-0.050031629632781724;-0.05068217288538923;-0.09389460492463753;-0.016816393910754512;24.98119068916582;6.896697643473961;4.862979460184361;44.077398472306854;65.10294828898704;34.95128059131993;59.237109574944554;75.16840503181811;25.83395312430776;61.516830877216904;68.44054082100051;32.488749112416684;64.25154988820671;58.49476327598653;39.04743043189418;37.33573900018359;5.534971909726984;5.52699632514256;6.560061752872126
0.9937880196272288;0.288284974049593;0.3167780282855944;0.03509791058280802;0.14264803644226887;0.42522948433747737;-0.0032274570770717435;0.06167481186779357;0.4115781064377458;0.0039980116520303265;0.021507629002333602;0.33397339314059754;0.00959664317179428;0.3129229377572066;0.9333765573727506;-0.09939774965481632;0.05695331180264906;0.5281565330283964;0.0173864441933869;0.03775098993161543;0.2315759029937696;0.04741502056112164;0.023207010554000197;0.155963339702605;0.04037259324362295;0.13822526061705181;0.9839696650382258;-0.1126830759782038;0.058320150338200635;0.6191715885802815;0.013852833107319584;0.06049604623431923;0.1110698264797526;0.06573644894141746;0.021902512194803818;-0.002131177080872432;0.055723392244703435;-0.01120261771277351;0.9963378207213569;-0.10881313496220668;0.036056347938297144;0.60298782682571;0.025011914372458463;0.07006961465927815;0.050341659138744534;0.08401679105725632;0.03220208369222691;-0.0548448219164393;0.06570324416315206;-0.12974204480731882;0.963478229490834;-0.09840226213749045;0.026063525919480315;0.5002762991314758;0.050974964272315085;0.059947015673439165;0.05622514249301002;0.08289194081232798;0.03073066782667404;-0.06127556165943999;0.06763240284532297;24.275711799264144;10.068276749366747;4.9584309694891475;14.533401425887451;10.034233003572503;3.037533237314231;8.174213418698004;34.3451187843922;56.193951422680335;9.513269432555921;61.2830312224181;62.90590590992382;15.728810743476977;54.759358343272034;69.1374855450544;25.934145928281556;10.50117448973809;8.590767023876115;7.001142651807019;0.9760747619837522;-0.10221859132297811;0.28960276639628857;-0.206583469565951;-0.08393450167924336;0.3894661010386161;-0.0412686800782253;-0.09726574203521995;0.3179495588272431;0.006796244006918797;-0.0740040995571521;0.2194259985368164;0.02365143604317061;0.15831841615903153;1.0190762715395492;-0.122131212037528;-0.21116849240615546;0.330013353401249;-0.04074791908151948;-0.16091874789917496;-0.017969735550975734;-0.028820921881595796;-0.1053532970353419;-0.09337234812494721;-0.00993154720979334;0.13096156376671222;0.9913432212254059;-0.009364109472519037;-0.26118887104958716;0.22277168069288436;-0.060985040968133314;-0.15788261762112524;-0.1354581761633469;-0.05316238989036459;-0.09002074749124603;-0.17776094433713052;-0.019621733367463205;0.06987671802530639;0.9072056005002074;0.0872316557776593;-0.24750203242396085;0.1873612250945406;-0.08554906007278548;-0.12891791935425637;-0.10428985903448232;-0.07817631298316555;-0.06932286065612175;-0.16136718266525887;-0.025940923655097738;0.0074147248134418435;0.8014304130126764;0.173923148426811;-0.20063382896521;0.12663443210259204;-0.09003816430704652;-0.09483531229369763;-0.05518030842097095;-0.06942568905885677;-0.05006568196928378;-0.10770470817480297;-0.024248790279107608;28.814354412677528;8.580515823225745;4.935607731240391;41.18712028501767;63.184334535229745;35.407264593624205;57.52494336838767;78.98554271412661;23.796520671995438;60.435965050233534;71.16680407232474;31.352147266214075;66.09276889844764;56.28158835614834;38.166948414248445;37.689492787039654;6.352061954252848;6.772519102799271;7.77402117184746
0.9937369056617152;0.27821592086171154;0.32914256402953845;0.04005037316492394;0.1309584628101209;0.4212721733290261;0.0004964378619525721;0.05490461779957827;0.4041439611366848;0.005433139464836355;0.019822407408180597;0.3229802481102121;0.011453562253192918;0.2925806626514427;0.950916376537829;-0.0827906703745849;0.03648847874561937;0.5160531069228457;0.021526869524056556;0.032199462120391056;0.20237985494760313;0.04927661271956766;0.019057690377398556;0.1283743478148976;0.04023725838268358;0.12088525473740289;0.9877441855475473;-0.09873286739523875;0.0412438896708122;0.6000276360622984;0.016913912112638027;0.05576647368271378;0.07448547683712829;0.06428485230115398;0.01844322750241207;-0.024148242353810415;0.052745140712404937;-0.026118681267230607;0.9854002380418824;-0.09801871134291981;0.02327053928817098;0.5839689969404175;0.027479402362271307;0.06414726079465821;0.021580995066794676;0.0816019988284934;0.026884631406196405;-0.07218456032436746;0.061450743872567194;-0.14276982863781046;0.9393851032545391;-0.09074747167411007;0.01695159024796493;0.48483246564936594;0.05065913079026105;0.05605829128657237;0.04073109260358715;0.07912289601411593;0.02692324883813105;-0.07094485164895206;0.06306284583788967;23.497562077571956;9.55736641480862;4.408223898693361;14.872272620402713;12.184111814021115;3.7490639517350193;7.887050594359077;45.04285910209083;67.62574020661249;9.190949380599742;74.7284900484442;60.26577589204267;15.59715172999071;61.21054214328073;69.6465586764671;25.174714862376124;10.123629180822073;8.454094985031277;7.093360075070196;0.9812775199708652;-0.07593728660927661;0.27852581679636074;-0.22013633519363557;-0.07759686161794652;0.38338824938703486;-0.04814653597490357;-0.10910932399313902;0.32465083201274797;-0.0009876066981800802;-0.08805390086113396;0.22523730986017862;0.01585889042438497;0.16128822001188953;1.0210912090042854;-0.12127986285141508;-0.20499703048533857;0.344256042643816;-0.057027769587188984;-0.1608588525169979;-0.007908766459060267;-0.04497839722321914;-0.11497068881622487;-0.09345013282170596;-0.0205343740399609;0.10050682279360325;0.9948942489157956;-0.009154891927823835;-0.25386183010660873;0.22602627624952104;-0.08145268958602044;-0.1513678121199347;-0.14287268861751717;-0.0693413368108176;-0.09062278023665031;-0.1867593792806117;-0.027886104800531802;0.017000797970787587;0.9121544511944762;0.08337592527621336;-0.2361545896409142;0.1877562748790699;-0.10564430542888664;-0.11770909864996401;-0.10610793784465271;-0.09158434582729444;-0.0651377659212886;-0.16857716756792207;-0.031181298418926244;-0.059107801705024714;0.8063037125816427;0.16475823136566436;-0.19086161182971045;0.1248588007227852;-0.10600624606565487;-0.08919380910155246;-0.055772194675885754;-0.07862107385941655;-0.05011357687089531;-0.11402717537713151;-0.028801067988714187;30.506893866370724;9.878695672523673;4.79985345731855;39.42866273620649;60.9911184308443;36.30262601341205;55.075337482752595;81.16211350320512;22.887744227112318;57.24576436906984;72.54469035810558;32.181854479022995;62.91291824971534;56.1584981548962;38.74911203525026;37.73280637220408;6.9474389263287195;7.420369874750929;8.167454427569423
0.994044826024303;0.26640064016947473;0.33788991661835777;0.04498646104612201;0.1190796588727069;0.41481827670077864;0.003868422823030647;0.0491950817132855;0.39482073451036764;0.00685193805407429;0.019046811610188136;0.30856371561313073;0.014191266223755867;0.2726542917022074;0.9673902869575111;-0.07432032510452556;0.01702336503386516;0.5085688809269086;0.024197260375199647;0.028389091273325714;0.16559991443488295;0.0555694257246914;0.014030640469607593;0.08432426182177499;0.04465025331133511;0.10187098017098434;0.9904122004816125;-0.09330582262738421;0.028272708489844797;0.5798600632361114;0.016546061028798176;0.05471286078292767;0.03306469355590999;0.06636912702975435;0.016654375581565493;-0.055290030552808817;0.05378551061420957;-0.044580668428207515;0.9723916102856106;-0.09581549412854544;0.013105811675487007;0.5649306056298288;0.026846489304050963;0.06133402715481148;-0.010519649398520547;0.08186986845894216;0.023745931022792776;-0.09849328297368157;0.06047189208402509;-0.1610926929439827;0.9097434032998918;-0.0916665726614704;0.007340284872179254;0.46710536348569237;0.04677836252188576;0.05443355506553737;0.02561781560853261;0.07494120408011157;0.025940129631130557;-0.08461628637437063;0.05968931047410457;22.852351723960084;8.926144555647737;3.9278887651441976;15.463941947046361;17.356920505251853;9.281719642117768;7.634210273680934;65.94180475258437;68.60474963006094;9.229272161864897;92.89784322959642;52.1605093136071;15.777593717863727;69.40477213878665;68.7540604665479;24.68526223186289;9.89699977866328;8.462810263989239;7.380716252374587;0.9838261449104334;-0.05026660422663685;0.2674647730778974;-0.22174286645592267;-0.07043354878658618;0.3745472231116876;-0.05537184313568213;-0.12118963166084068;0.33014167600043665;-0.012950930522480503;-0.10246206386903942;0.23106605082134318;0.003658521259857709;0.15838422523439344;1.028396802332359;-0.10530411591550749;-0.19651585766748436;0.3447195200878356;-0.07251454705907683;-0.15547502318467124;0.0005398857951117521;-0.06555524491201933;-0.12129407919789484;-0.09408206205341589;-0.03539290208266457;0.07035313176577723;0.9975165282171894;-0.0033485495774202064;-0.23992280012763734;0.22881114353285087;-0.10013577702831886;-0.13919685510281057;-0.14064062585484416;-0.08885323686361013;-0.08967732572229001;-0.18886095653243384;-0.04009188257732803;-0.03046928195653846;0.9111268835945235;0.07625556025063666;-0.21425548269910255;0.19180386494681032;-0.1185958143269591;-0.1024735270042176;-0.09625102256001127;-0.10171500388866492;-0.06129658284628571;-0.1696583461397766;-0.037161628846522174;-0.11764036222274336;0.8035665200792563;0.14332352230497025;-0.1693387569406556;0.13231919675423842;-0.1128387202757765;-0.07976999387807335;-0.049291395404569345;-0.08168323202192286;-0.05054979707393494;-0.11582520116372283;-0.03163745828442988;30.9061352320789;11.290526793418305;4.768746175361018;38.31021882651978;58.567947647945545;37.35886633069322;52.31911768863327;82.26281436019303;22.675932764544932;52.750815161477256;73.2486667564724;34.33505286463965;56.639547060778796;57.53492062653197;40.46425775685099;37.71001237042899;7.309224217443067;7.749391555485185;8.2305368135809
0.9943527463868906;0.255209878491944;0.34598097999541666;0.04960500502573168;0.10788264108224001;0.4086079157663197;0.0070332197617834265;0.0438161594342409;0.3859234008229068;0.008181666758823177;0.018311646271715356;0.29491517149738883;0.016756750090539743;0.25384517838489995;0.9825082339857133;-0.0663399751640295;-0.0012599978254265193;0.5013570936936339;0.026695912858405915;0.024800971928975745;0.13100457151581196;0.061458061016733616;0.009305297390579666;0.04293191211158854;0.048777749588727756;0.08398019304384774;0.9925584572172569;-0.08817616561643551;0.016082888480907054;0.5607131340660347;0.016194662784808682;0.05370371952639529;-0.005840238055189611;0.06830214952787676;0.014968658327190326;-0.08451125480945249;0.05474289630059101;-0.0618997978686364;0.9598244719684267;-0.09371201084770288;0.003556669126502381;0.5468493566610599;0.026242472366752163;0.05867025202285136;-0.040657437859738306;0.0820917201325805;0.02079017404509382;-0.12316073758676647;0.05953086228111456;-0.17823896495607935;0.8815809830070269;-0.09249636182187496;-0.0016871203084718003;0.45029083081854304;0.043117477547704404;0.052888246321802994;0.011417590129816739;0.07098755379841992;0.02500760745821397;-0.09742271276651923;0.05650002386696636;22.290177291466453;8.314990386339336;3.5631069237534674;16.12051754062933;24.09282500718793;23.27774060666699;7.4318650787033205;91.53004952361653;55.37946977525924;9.249821350479504;109.48912047605664;42.40623302036982;15.937271424272069;78.40844485378386;65.79940407117556;24.202489850506783;9.711318814595828;8.504572445675493;7.707626487856957;0.9863747698500016;-0.023151912436637147;0.2555287148367178;-0.2232084645174513;-0.06280927465230694;0.36484145359066855;-0.06293208053831752;-0.13380049684608725;0.33559077108623825;-0.025549792733613526;-0.11754630273619142;0.23697327085424846;-0.009207326164126709;0.1551598240700084;1.03504090395849;-0.0883535797142673;-0.18737256806305405;0.34485358409764577;-0.08876670319924544;-0.1496392800463626;0.009446215068178828;-0.08718070085178752;-0.12783567987368855;-0.09465150007485877;-0.051020914610403346;0.03849162551907411;0.999255066394717;0.0027761573062733574;-0.2249809888414599;0.23151171753949737;-0.1197291934325734;-0.1262226110611288;-0.13814285016249428;-0.10933202278544071;-0.08858835728504655;-0.19088227028368582;-0.05291843376003366;-0.08048267377076483;0.9091064704862127;0.06867057523612807;-0.19094826053547093;0.19587371120194275;-0.13212780016250938;-0.08630622254099976;-0.08576049836943901;-0.11229050574775579;-0.05718401946135309;-0.17062366780069457;-0.04342809489254966;-0.17922657671551298;0.7998543846618278;0.12057884072117875;-0.14647439152346953;0.140048131662187;-0.11992571263823619;-0.06975301101917779;-0.04240839768588428;-0.08482746054692929;-0.05095768517426027;-0.11760161842674925;-0.03459514701872575;31.63583452945681;13.133459833148263;5.072412817655885;37.40874506365147;55.99128131964656;38.470841268938315;49.77611431488513;82.68090198256513;22.848960330650144;48.46370108537556;73.2225840301846;37.10279177287432;50.609172396576;58.582453959075195;42.750933086565496;38.2236865558505;8.043055324895647;8.357676321045378;8.551002616468017
0.9944660240654956;0.25375444635421635;0.34110036913967967;0.04838121194405072;0.10389798260162289;0.4071045435275659;0.005772703471824258;0.037167257524738956;0.391323359821969;0.006745871758755221;0.009536331589634158;0.2857978357681249;0.017060532128657508;0.24345861082753179;0.9911301979725148;-0.07545361195367427;-0.009947151140423566;0.5054814360719028;0.02255382089726512;0.024891057325884824;0.06715741854158833;0.06483927439414477;0.0057741892884418805;-0.01878634503646815;0.052229705063675726;0.06986303250609327;0.9927361690522156;-0.09794924882092314;0.01076985727807782;0.5582512031962578;0.011272226985885876;0.0537857673311468;-0.053101877375394776;0.07136897217092943;0.0117590547448083;-0.11786520385108266;0.05664713684123795;-0.07904593086448727;0.9498010659658169;-0.10430195598926717;-0.0004700109496765226;0.5500455513201946;0.021419313535450207;0.05738207746145838;-0.07380711191855663;0.0845281782589586;0.017490433090251115;-0.14608151351158963;0.06029278067655535;-0.19744430661258275;0.8618943802603859;-0.10385717586246511;-0.0058971611387627;0.4426879630300809;0.03719187033827657;0.052216987493308144;-0.01267945536539309;0.06890835647624217;0.023320212661969427;-0.11291754087097582;0.054299599368944226;22.99374692375966;8.892467066492701;4.271046210275646;16.38725386443756;44.01583782671767;65.11597424578167;7.378450471046343;119.12987100330812;36.764506009634665;9.69196378809535;124.01773379982644;32.603363799965926;16.706454841167112;94.96221977585661;54.978473795407055;25.20182026560687;9.837916322772191;8.758003229692116;8.10606928857964;0.985999126845911;-0.0041069989587400515;0.2517456820332015;-0.22004482748709903;-0.05223267163023449;0.3490879740555744;-0.06788395568837845;-0.1358762807205362;0.331209519522593;-0.0338761393652993;-0.12326792819290978;0.24131642650861246;-0.018086627629865498;0.15242103850928146;1.0396590847498355;-0.07491134447273767;-0.16585024127387207;0.3432825899813904;-0.09184381158619273;-0.1444987282006674;0.027206076386278834;-0.09686436597701258;-0.13001740284673763;-0.08297198869090942;-0.05992332613090764;0.02211308805834959;0.9997188676575329;0.00855552371651571;-0.20416777087423657;0.24291168622736678;-0.1244747744180819;-0.12424637094360673;-0.11749983762025992;-0.12154055245154162;-0.09052285851127469;-0.1807241759866302;-0.06274726668613935;-0.10265258851581147;0.9054956942123985;0.06603989536990729;-0.1696897679568729;0.2054835153272593;-0.13217722902874052;-0.08455692117415865;-0.06571555979785118;-0.11797212551315403;-0.05870012764528527;-0.16604047121180027;-0.049647216331210234;-0.20413130895624704;0.789499573706524;0.10891284514291465;-0.12922795332381226;0.1510763208792141;-0.11680169602763517;-0.06449204371137394;-0.03117085675566077;-0.08457961500352655;-0.0503257327288706;-0.11416070369913078;-0.03710365022655585;30.99165821385136;14.70945949641129;4.996270048370546;34.97633001859326;52.325509814374655;39.95172459084523;45.886923735329944;80.37737403807861;25.40532377118787;44.22963414936702;69.70656525772036;41.80349139825326;45.51189636825992;58.10243455029781;46.435751684506144;37.99779314393673;8.415700466991327;8.547945073506856;8.703850885001335
0.9944661456941498;0.257821383103186;0.32812866646692634;0.04362038662509599;0.10380217738063084;0.408124985039145;0.0018160660343401228;0.02924286144135824;0.40541697280102984;0.0035736162145448593;-0.004643937672156736;0.2785419283139102;0.016056299932622038;0.23712943965584918;0.9963235219185084;-0.09528466283036051;-0.013681022214608917;0.5164291013552856;0.014185901531907503;0.027138514563389782;-0.018858101893142964;0.06699474862991339;0.002665992424277105;-0.0972453087776205;0.055539756210244165;0.05683576573531668;0.9914807262449766;-0.11719925434068978;0.009072445442103148;0.5652200640839988;0.0032804105217057638;0.054498490300583464;-0.10894320448461249;0.07531953170370828;0.007401255100827599;-0.15621515119342044;0.05923893628849379;-0.09740717972736646;0.9402069222075778;-0.12313478832458599;-0.0015716989509700604;0.5658110633166623;0.013737968913650322;0.05678328221127259;-0.1112923008033941;0.0884292482143364;0.013725903902219377;-0.16972579016644404;0.06209544851788324;-0.21930016608227854;0.8453876017572276;-0.12225276590147813;-0.007608556086490208;0.4397642674123142;0.029463759975174333;0.0519906238895243;-0.04446135374564618;0.06774596144083822;0.02105127845118607;-0.13116698880168293;0.05249131127672536;24.518842867009234;10.147396454705069;5.795899594549726;16.40435568608854;103.72487806749918;47.74411796757099;7.445581548977897;138.7122334262292;23.98028014844874;10.518450358722227;135.55020167767924;24.924317801564477;17.944467026448063;115.02361096940523;40.33876761382166;27.18195397910058;10.149676578345039;9.151602766678758;8.567147907342722;0.983923452776018;0.009717586323108192;0.2530575904526454;-0.21422010277498948;-0.04007678931314782;0.3300868508335225;-0.07119605998643412;-0.13159344610308035;0.3210843547819312;-0.039483356536092036;-0.12327101228646037;0.24472823378790487;-0.02440403256344959;0.15008235918336021;1.0433648959166248;-0.0638576708994556;-0.137282316507593;0.3408382385279577;-0.08693074087052488;-0.13992452395667512;0.05001851970038207;-0.09918905890831427;-0.12957229551764834;-0.06412008555202013;-0.06462224567366405;0.015399425575531847;0.9997830263686339;0.014027040925268075;-0.18024797255721733;0.2594653613429755;-0.12020106787928832;-0.12900585860928093;-0.08628886870342763;-0.12857605794862526;-0.09428668962966107;-0.1634459956475283;-0.07061260370348664;-0.10762475045022055;0.9013305710021107;0.06647807452298955;-0.15011100978529068;0.21835305494012858;-0.12411928900995814;-0.09159329692513463;-0.04026971321914923;-0.1206374012623645;-0.06361697457522161;-0.15824461993777703;-0.05574660513951862;-0.20648165299561913;0.7756090250400667;0.1041968707152296;-0.11573425019807139;0.1639629176162788;-0.10759980131636177;-0.06222588710106453;-0.01750940654769267;-0.08231613575162429;-0.04909498448765972;-0.10766759453527519;-0.03931015015150323;29.268751033408595;16.153662750210028;4.642797514923888;31.340931957294323;48.295981256731565;41.05868753606642;41.04191684277159;76.14062263195969;29.485501894090255;39.76457671126687;64.24170665701105;47.70648437788101;40.639135742012925;56.40454568106259;51.2089532656964;37.157295724094126;8.456858484084313;8.395824832313314;8.67103228731573
0.994466267322804;0.2620024916916906;0.31410645552071426;0.03851983047533852;0.10363813218840293;0.4089691849612541;-0.002402371560270689;0.020778853200184674;0.42019739686801166;0.00019019765521476693;-0.019755824089616653;0.2706417291803157;0.014976316375829897;0.23024174886052307;1.0012646585333473;-0.11636560560126899;-0.017652769227716303;0.527790051808453;0.005258127490868855;0.029517874154674658;-0.1105302361069626;0.06925228642593122;-0.0006486049273905362;-0.18081619348993375;0.05903478393806788;0.04291617919469451;0.9895510533998447;-0.1376477906781889;0.007257772684856929;0.5723109247132508;-0.0052399718049635415;0.0552256639951714;-0.16839911836016044;0.07948547280456207;0.0027518892639838187;-0.19699891512241502;0.06196617731106518;-0.11692020380954912;0.9294196714487001;-0.14313512141119325;-0.0027450433828705703;0.5822778646615073;0.005542277664451526;0.056111154074420425;-0.15118112469602082;0.09253461760958545;0.009705127988892238;-0.19482681492552992;0.06397985512766327;-0.24246535314827933;0.8272887864827376;-0.14178757146667942;-0.009428181683154045;0.43638556159402303;0.02120883962352185;0.05171832746391885;-0.07831094779624768;0.06646655576063151;0.01862027728965191;-0.1505407043331088;0.05053255310712461;26.204810483374374;11.394548929237061;7.6713084160661165;16.418844459013304;145.91711495297795;18.97561289439805;7.59185649297481;150.11587597714046;17.53257930453843;11.511429157241007;144.07485061914477;19.768141717883456;19.31983159048782;131.42591679141808;28.81104619529316;29.329566568650083;10.484744540753534;9.583459881265995;9.074933568858485;0.9818477787061254;0.023608354963935912;0.25435672799813763;-0.20835099703857335;-0.027859038475491052;0.31096881155695055;-0.07451881685319715;-0.1272799372545576;0.31088591811576455;-0.04511473194825001;-0.12326479689798756;0.24813806408073846;-0.0307501727880063;0.14772101924033518;1.0470098078883496;-0.05274566713101252;-0.10856573617167643;0.33835630135764555;-0.0819873200119192;-0.13531760561305012;0.07293760676172613;-0.10151750970068527;-0.12911524311740594;-0.045172085218152434;-0.0693390273563483;0.008652102158776017;0.9997719516047436;0.019523983012595954;-0.1561987713287444;0.2760795588725035;-0.11589759210668892;-0.1337786367402671;-0.05492030370225585;-0.13563590340497733;-0.09806161515337132;-0.1460718305783301;-0.07851067720614603;-0.11261284786110999;0.8970771816734023;0.06691335156155338;-0.13042613858063673;0.2312683904474159;-0.1160129661896857;-0.09865681128109664;-0.014697653740675835;-0.12330646281090846;-0.06855281447688848;-0.15039907597287452;-0.061871305677962445;-0.20882777198533659;0.7615926341049031;0.09945019554901077;-0.10216648614717126;0.1768995025545089;-0.09834523473373848;-0.05994405939106305;-0.003780505349503815;-0.08003548033193125;-0.0478545691965441;-0.10113492019894975;-0.04152436030268156;27.370161717368326;17.808687518194404;4.325631330289751;27.472431076874045;44.77220638136085;41.326273652491885;36.234115797433155;71.31257446690402;33.67047346248408;35.298622115533114;58.8466093344707;53.618530449761536;35.844958788526256;54.02699715700685;56.597484766288616;36.4304601457131;8.516790576779739;8.251746057417353;8.653502593652851
0.9950715038807612;0.25751694434885186;0.3245731908596219;0.03914035601299054;0.09298148875682605;0.4159415035245175;-0.004382630491966257;0.002818726007612403;0.4106731203697723;-0.002549643675555255;-0.04192726423827945;0.2519339738922392;0.0116707185238517;0.23148529839357615;1.0024655567119525;-0.12391509194069038;-0.029895813193353108;0.5370790381020741;-0.0005534573280491811;0.020506910412075273;-0.13811514317690798;0.0665654651550306;-0.0013042800345819977;-0.20324064520345336;0.05783733752760212;0.039578692902027576;0.9881867478029858;-0.14805566025898848;-0.0020829030635764684;0.5808631040253143;-0.009026100846513868;0.04869799372478966;-0.1905100670089958;0.07846508533248593;0.0027130789736213214;-0.21383313872901266;0.061651946199496425;-0.12639944638359205;0.9257410626360644;-0.15629621162992177;-0.00832234677453558;0.589403077445418;0.0022712437046211106;0.0525349767376582;-0.16856969209391962;0.09207324852276595;0.009543251150809885;-0.2074183006702439;0.06378650305025589;-0.2573871290304804;0.8201743029007462;-0.1574518277611824;-0.009966950630047738;0.43730138690682163;0.018504859579322346;0.0507425532078606;-0.09466040438791656;0.06739248133997265;0.017809095387203988;-0.16000391605037026;0.05120804938160129;26.478055666809354;12.209543646442278;10.277985636133296;17.52586094943513;154.0679522827861;12.647783630075551;8.019942288780967;155.00161821287784;14.06104214501677;11.93806299670202;148.03582036599028;17.114317023800968;20.525726318025313;137.08318902201282;24.44440144869818;28.18340748246366;10.739009726480148;9.992432650132693;9.543620169980695;0.9796740339747936;0.03558988073936191;0.26404759199368;-0.19231321324134945;-0.01909589588077161;0.30265382881089686;-0.07282202647963418;-0.12403564929922267;0.29931632048662205;-0.04804462056190073;-0.1226925331496508;0.24090521182468305;-0.03516064945384309;0.15094045793316843;1.0425702748370125;-0.0417909570610313;-0.09470468396031684;0.3353106351585607;-0.08061139982905303;-0.13029070962218126;0.07747554333369043;-0.10219359228298057;-0.12661252856805716;-0.04203917928954446;-0.07064547068073918;0.009960564277645325;0.999748984298642;0.02006877059275079;-0.13734570810870464;0.29434199432482366;-0.10997691456823053;-0.130526674606924;-0.03483587515100245;-0.13663767514711944;-0.09788562527263099;-0.13257399951996132;-0.08222604631882402;-0.11152233062309622;0.9009193658101681;0.058331678069124905;-0.11644792964654994;0.25021112818918173;-0.10801796943019702;-0.09927453143149632;0.002755598560223417;-0.12177593299974315;-0.07034671726770463;-0.1450492832815139;-0.06447889662078239;-0.20946306361502198;0.7629943175882269;0.08246299506011791;-0.09085727244455893;0.19815199549928775;-0.08992907541273774;-0.05807858367213984;0.007882851258498467;-0.07605710589169112;-0.04645767661421839;-0.0999066751076687;-0.041649076604922626;24.51713284048476;19.22372408616266;4.5546053073179165;26.07691486532209;44.596654691557745;42.15563149257984;32.0384362367842;69.84787007819395;35.997574072483005;30.57775976580689;56.941882364374024;58.05419735436223;29.787249635931328;52.835273609482584;63.31999773153245;33.55402778745988;8.394576580370142;8.027984172869758;8.571630727556373
0.995946013190998;0.24900200914329879;0.34660367647422646;0.04246297288937629;0.07742978723237275;0.42584614334752974;-0.005301036914538007;-0.019555043698273412;0.3897875596432932;-0.004976613642637455;-0.06735550206690205;0.22823709200510545;0.007329245503208214;0.23659642526670463;1.002060500273044;-0.12507644017389033;-0.046000597466174034;0.5454446366463284;-0.004874834012098496;0.006159934695871694;-0.13540134093173514;0.06156732125679064;-0.0007039177945101536;-0.19678218236771855;0.05444062379173867;0.04124988330305913;0.9872537948145601;-0.15371529446263424;-0.014939713337240493;0.5901678518803744;-0.010567569913435954;0.038780234581954;-0.19496157090141;0.07501524114188364;0.0048491139762462665;-0.21934760967597997;0.05991449876006836;-0.13113351281310995;0.9255776763224608;-0.16621031197681774;-0.015957922750138638;0.5921928486827682;0.0013346498171839959;0.04761056153023051;-0.17531266529849618;0.08947481744256179;0.011203294207656775;-0.2140990751812432;0.06262432095411737;-0.2684097979739011;0.8183979479599411;-0.17126033428889778;-0.00990137579475359;0.44030992170189714;0.018431266653959187;0.04944672233518067;-0.10271400036984592;0.06936600389552858;0.017767572962176646;-0.16478558106942753;0.05313169221742522;26.14221329550891;13.176296386157532;13.79573067051811;19.163459604159605;155.98512418506166;9.344769008184029;8.702630629382615;158.14295856915604;10.919875112132404;12.097153195835084;150.5464603596159;15.082618428879726;21.624867125588356;139.0645223101818;22.290352417237116;25.671685503085815;10.957250119491034;10.387765604938009;9.987216118175809;0.9774566483487412;0.04654833921610585;0.2772845936364857;-0.17204367193341688;-0.011986997724983994;0.29922086186720437;-0.06894152290133283;-0.12131142574543316;0.2873193909590205;-0.04974066838125168;-0.12187977881727433;0.2290977249069186;-0.03865182939828901;0.1565673670235479;1.0346393447648334;-0.031072446075713186;-0.08759411232661839;0.332063121869;-0.08082679698751061;-0.12515551801521682;0.07385310210683735;-0.10213197799873822;-0.1232474368447389;-0.045915641701224696;-0.07043078136485355;0.014795147066295885;0.9997207658260671;0.018425362938863533;-0.12106724230675439;0.31305149589166187;-0.10343456726758576;-0.12379182961314002;-0.020024720537562803;-0.13495742994658735;-0.0959731324449128;-0.12098817811902243;-0.0840435738308556;-0.10777265513393765;0.9082662385509754;0.04591162538334991;-0.10519474876602711;0.2715182388633841;-0.10019380008029995;-0.09704543187013538;0.016369011631679618;-0.11842007342449833;-0.0707302047861138;-0.14087958312721452;-0.06549852511928092;-0.20933550775180196;0.771161223675913;0.06034654422262375;-0.08071459342284157;0.22274104948544476;-0.08201022279404983;-0.05642479446907172;0.018459198058840443;-0.07139202605696819;-0.04501317934008253;-0.10103206626028284;-0.04085210442862642;21.45575694817827;20.582030849394886;5.096924466394355;25.85888700524955;45.731669116285595;43.484251859736474;28.291871321264843;69.4831673232119;37.64848237936286;26.055185174123114;55.994846412649856;62.06303945314885;23.87147907813231;51.40672846241532;70.8500054282399;29.774291197110855;8.23157130636739;7.824123690947696;8.52683564995069
0.996820529217535;0.24031517045277906;0.36904253549281896;0.045847540576982815;0.06157797869883402;0.43592446660831885;-0.006236803562785083;-0.04235575928329836;0.36848846646569977;-0.007449791228820871;-0.09326731503167074;0.2040788734837474;0.002904518113600016;0.24179655998198493;1.0016109010033118;-0.12625539363522315;-0.06241152771987689;0.5539501083633426;-0.009278632742014115;-0.008461502901292783;-0.13263069306617004;0.056471379159249456;-9.205406283418212e-05;-0.19019304230162914;0.05097698416296327;0.04295150282918737;0.9862667522740686;-0.159477464751216;-0.02804172680562384;0.5996287818568126;-0.01213811534213963;0.028671477968699188;-0.19949100328191227;0.07149669989824836;0.007025800196033706;-0.2249594316539459;0.05814164049227496;-0.13595325284615695;0.9253771753967966;-0.17630781164222414;-0.023738863101416076;0.5950141969755807;0.00038010436569045625;0.042590269970351015;-0.18217808894402995;0.0868234326449189;0.012894656765271286;-0.2208996868154137;0.06143762443733151;-0.2796333027553725;0.8165575834172621;-0.185326494407905;-0.009834183902450645;0.4433597929689395;0.018355590151926508;0.04812430635198227;-0.1109177648915977;0.07137470195639176;0.017724604346884484;-0.169652593654537;0.05509015333147123;25.8880066326817;14.599138346894033;18.10233237668733;20.834669927038867;155.85868973470932;8.71663284339191;9.527336908961887;160.8530620646157;7.92352019065979;12.296233338429419;152.93959131939644;13.135097380166954;22.735579092220597;140.86816760445205;20.311678258997375;23.361296264343192;11.183955936671357;10.792839788517671;10.437519443948279;0.9752392456929928;0.05732717196253978;0.29029899677050786;-0.1520998116038813;-0.004993551970121591;0.2958361828763703;-0.06512245333201258;-0.11862847561515241;0.2755105030045616;-0.051407833226123946;-0.12107715814098605;0.21747667602133244;-0.04208517754447184;0.1620986673529597;1.0268112349513383;-0.02052767887095018;-0.08059709679683387;0.32886004115614675;-0.08103663039499459;-0.12010076090337131;0.07028776778714338;-0.10206876863212029;-0.11993400483306574;-0.04972781378682375;-0.07021779607696728;0.01955062977385898;0.9996675726024767;0.016808246860309368;-0.10505076592588569;0.33144837782902326;-0.09699612041750297;-0.11716350167968251;-0.005454233119311915;-0.1333011114306273;-0.09408933990681635;-0.10958793572429011;-0.08582936754807864;-0.10408129540511467;0.9154703713604627;0.03369264591347904;-0.09412213216357784;0.2924714885399849;-0.09249448611185124;-0.09485016076661844;0.029760334963215354;-0.11511584604434269;-0.07110564833401002;-0.13677419589770842;-0.06649988418032497;-0.20920470315998624;0.7791755249992887;0.03858869014257751;-0.0707350186892193;0.24692404208153998;-0.0742182299415366;-0.05479649913193919;0.028862855849748393;-0.06680109349300661;-0.04359105826473488;-0.10213656177364461;-0.04006707037386982;18.657927333296897;22.070058680617386;5.729634633528028;25.664272886048934;46.883556178461646;44.79735460191136;24.81121755844713;68.55782549775232;39.36838120072504;21.928151199545756;54.58769945871561;66.13970917579304;18.878686142180896;49.05491998894376;78.64592829180343;26.15787404211217;8.124759184663692;7.687441067793659;8.559590957687059
0.9968560367176909;0.23874161954676312;0.37015000904238254;0.04404413202093207;0.06547623261760828;0.44143531618889836;-0.0074455436542298975;-0.040742112358604296;0.3716230361216348;-0.007606285050327828;-0.09861739239124578;0.20050268077973374;0.0038305938110442307;0.24447112603877366;1.0103908667403954;-0.13520793598656555;-0.083829772124738;0.549586175509642;-0.009222253674772975;-0.0041942917333062275;-0.13778159501845808;0.058730825580385275;0.009071348900249594;-0.1969384614215519;0.05199786293677471;0.04344066904300722;0.9848164498326132;-0.16807578175389787;-0.04627481176205088;0.598474992679248;-0.010445643466398794;0.02819857145911954;-0.1942884842585482;0.07413180986709103;0.011175614117819936;-0.22353229156961962;0.05817043627741114;-0.1384798803387328;0.9176186323894423;-0.18417586857698592;-0.036036064852061664;0.5945598724986035;0.0017963721345498126;0.041264214470054864;-0.17827719840094086;0.08927662841009985;0.01685268072545971;-0.22160820011875196;0.061315989971240756;-0.284694431875294;0.803920420136627;-0.19263440509458685;-0.01942833647744626;0.4514892979029266;0.01705567662153959;0.04882376492906622;-0.11104212601264986;0.0713033305123425;0.022461951886632;-0.17552713220625138;0.05420418626455294;25.24536937692697;14.692400164345708;20.0479632268342;23.123080022499945;155.67091712334283;9.27631356966261;11.093930522637363;159.95700151978278;7.989478160359538;12.479273061732417;152.24234497534624;13.32978475338137;22.534400377215103;141.59883840642667;20.116140381064067;23.234750523710318;11.183810441902262;11.031724712432428;10.785319884627052;0.9742305227944226;0.06358071632544521;0.2926044075295681;-0.1481228842533384;0.0019450238766003693;0.2967880676391749;-0.06321736605469934;-0.11262485774971914;0.27599679502667307;-0.05024224281907503;-0.1149321686231737;0.22388851964278336;-0.04120096989265079;0.1720307012888547;1.0221060693248498;-0.01919691562037089;-0.07652841264289452;0.32762881345417255;-0.07943780595685844;-0.11668062527962504;0.07836258500349559;-0.09968682025598269;-0.11752247439953789;-0.04079263393626943;-0.06828763642054383;0.02785573692882032;0.9994740942989807;0.016600986277471207;-0.09406947216310493;0.33692530845872976;-0.09357604403271311;-0.112585824030392;0.010061775190630179;-0.13155566459487067;-0.0917922167573094;-0.10002775245001361;-0.08555392577279514;-0.09683830410394857;0.9175391607688607;0.03253574852106354;-0.08603779553837244;0.296025945437247;-0.09184327493692104;-0.0926660751142784;0.0345180813005242;-0.1161065541052893;-0.06997747985123107;-0.13810269331312688;-0.06724865545729115;-0.20230990686403164;0.7843832724981243;0.037016407902724445;-0.06244743628657565;0.24617367813063756;-0.07600573848457501;-0.05276437050984993;0.029101649962189554;-0.0684851203514501;-0.042729402759673824;-0.10523406048619155;-0.04085021269765429;18.15036812472978;22.303422638701306;4.914887903612262;25.585351985259024;44.45276051609535;44.893336976632426;23.302012839148496;65.25330255773412;42.30936973597443;21.151121608221665;53.97180070182993;68.28278251068276;19.278547535800232;49.627657532647504;79.58865262379324;25.393342840014665;8.207556472525415;7.69308979125698;8.452020445562724
0.9966628455608968;0.23911847363942568;0.3653222983048344;0.040797691432135304;0.07484627945281298;0.4456558549531603;-0.008731082262265124;-0.03235993719667094;0.3815028714513959;-0.007120677361330449;-0.09827186303360451;0.20260792663492974;0.006239971626459949;0.24643165542252524;1.0216647300746557;-0.14631665109268788;-0.1066596326481602;0.5416099017548434;-0.007929564590692158;0.005311819860345423;-0.1451240034573427;0.0630266920421026;0.020616151663017765;-0.20737275000486316;0.05425860838834148;0.04359142511704238;0.9831621905554825;-0.17745955797986862;-0.06595202412797557;0.5943344073758408;-0.007846052264923825;0.030392163819159834;-0.18636807658784332;0.07846982909052592;0.015877143113329016;-0.22013650385400654;0.05869401633875189;-0.14036456775379216;0.9076867202189917;-0.19142388430077095;-0.04959931865387129;0.5931530819589163;0.003871293477310036;0.04095653468432625;-0.17137494988423435;0.0931407318286914;0.021443033793394718;-0.22061357399709328;0.06148464104287537;-0.2880344957223153;0.7882141822459203;-0.1980662865500529;-0.03171116799804692;0.46100390578443107;0.01541348874570199;0.050080673856481114;-0.10892025002742549;0.07065031942884456;0.028528651690802827;-0.18167610334372442;0.05252494664632721;24.506505730964506;14.379460583864153;21.191231742219514;25.616990926488093;155.72044152889043;9.489993453421715;12.9410331473239;158.00063496503927;9.082890426307673;12.78185760665162;150.56845540905434;14.357454958325341;22.069665804301955;142.01988206871889;20.502369176914055;23.663163014176995;11.12274565381993;11.22784429315933;11.1159343082152;0.9735512622869456;0.06865868220837035;0.2920004100240129;-0.1484357117181516;0.008933501385157739;0.2989051461957214;-0.061809776841346725;-0.10565457867631757;0.27980765393564877;-0.048292434331887665;-0.1072697681392339;0.23524306341767465;-0.03913245358367262;0.18323862160153426;1.0181299635784817;-0.020355543225630466;-0.0732115706014071;0.32689762493340835;-0.07732678304767918;-0.11366396784654176;0.0896696142931286;-0.09664527107241176;-0.11532473612636994;-0.028307600953544152;-0.06586785277197117;0.03720089804907681;0.9991670229754103;0.016773591827575794;-0.08434640849185004;0.3389185787323173;-0.09093708668460244;-0.10851411744247093;0.02597916679423207;-0.12975996750542423;-0.08935453061978685;-0.09087061110295787;-0.08470960255774392;-0.0885554650802009;0.9181645147194413;0.03437097273676226;-0.0786832963868827;0.2948649474098281;-0.09309402868052812;-0.090457752848996;0.036972248147735566;-0.11826482745651926;-0.06842509094537265;-0.1409097268101521;-0.06793085611355133;-0.19349801332997946;0.7888194692011014;0.04091070078044169;-0.05453735178609833;0.23862424393623696;-0.08040693924893395;-0.05059961641536667;0.026578941464077722;-0.0718846462006161;-0.04200879922941648;-0.1088942579916839;-0.04206371762880054;18.230094940883117;22.164109085462478;3.8224195830228265;25.535059888101536;41.085814852753685;44.23549890817552;22.273262920417107;61.197065557958965;45.58729864236698;21.245095368321206;53.6267893019963;69.8724635488398;21.087414177747522;51.02718782124642;78.58461753028423;25.368988294324605;8.335759313511003;7.72788364522883;8.299430400137696
0.9964696544041024;0.23947534024812703;0.36043692648220893;0.037531221306182645;0.08425651389687107;0.4498568027912355;-0.010022275160976504;-0.02393272405251802;0.3913973945081082;-0.006631980467503123;-0.09791560735010346;0.20470520193021347;0.008660873145608415;0.24837947794457296;1.032901704410226;-0.1574677421155532;-0.12959433580073484;0.5335440314440271;-0.006629660880563306;0.014865164454124457;-0.15248999073434974;0.06733835609512043;0.03221702096244153;-0.2178404423970437;0.05652573775267687;0.04373894936581979;0.9814096683135722;-0.18687420166790855;-0.085721978103601;0.5901186557391648;-0.005232693657103223;0.03259398676338345;-0.17839085725637477;0.08282244446514479;0.020600820216791566;-0.21670352748897964;0.059214854206619524;-0.1422458726814662;0.897621898673425;-0.19869076861067597;-0.06322611932004589;0.5916849563515605;0.00595627634332036;0.0406435628961647;-0.16442237255280356;0.09701571004285087;0.026054467609100875;-0.2195937689884802;0.06164851289832812;-0.29136497109102905;0.7723569805480344;-0.20350731213642095;-0.04405275564278921;0.47052409370788745;0.013761647045102056;0.05133930989068053;-0.10677775644247985;0.06998756587266697;0.03462319491628492;-0.1878393179716826;0.05083247152936733;23.793349744876778;14.107686829437144;22.284229862272213;28.149530576092538;155.66812298962068;9.70809046202129;14.86537810613874;155.8710117107963;10.411798779719177;13.223978328978372;148.72818303155566;15.65802249358856;21.710478870141763;142.3933707871709;20.99661587401323;24.08726950373057;11.064379838087874;11.428584614870251;11.460097384250178;0.9728720017794684;0.07376772811702594;0.29136617547743565;-0.1487377034249661;0.015972317132417087;0.30101128476333827;-0.060386424509448075;-0.09862396283007421;0.28362165322136423;-0.046324090996707125;-0.09954182446826733;0.2466598779450162;-0.03704534386238199;0.1945123381011624;1.0140347471553315;-0.021520847619287183;-0.06986398910609845;0.3261321832845753;-0.0751934786704046;-0.11061519039905897;0.10105143806278848;-0.09357292452790496;-0.11310072225859293;-0.01572872380838705;-0.06342454192141625;0.046611139694389986;0.9987693605218511;0.016945977079030825;-0.07454475254021041;0.34089646531130646;-0.08827078206926048;-0.10440302737753147;0.042010713963199456;-0.12793965984134473;-0.08689110965415514;-0.08163844093895002;-0.08385161235015955;-0.08020419838915353;0.9187132613178354;0.036216584543037056;-0.0712680342382685;0.2936693840146458;-0.09434570180492709;-0.08822527625057652;0.03944110080699211;-0.12042843409931323;-0.06685529464333069;-0.1437248377452339;-0.06861204146504496;-0.18460454269975435;0.7932183753671014;0.04482986728812241;-0.04656457453419828;0.23099847889300806;-0.08483323002451743;-0.04841455092090883;0.0240354266154935;-0.07530268727294807;-0.04127920937666938;-0.112571605485611;-0.04328238143585671;18.327945187765014;22.013703697040523;2.8978428451740315;25.4861305206371;37.801737569014975;43.068156569929265;21.233888178821793;57.006864882679025;48.76777316752706;21.365155623789704;53.27275387488042;71.43238281312206;23.010773208802902;52.306248145652816;77.52673904320692;25.340995066928794;8.467571144482765;7.763990079595873;8.15276862919531
0.995010253788586;0.2666211895492135;0.3267191953552332;0.008964868027445977;0.1216594598507717;0.4652624738064244;-0.028331131782446516;0.003806724807625915;0.4178190888021824;-0.017853635932646064;-0.10247900372062438;0.22968208840567825;-0.00018085173826177994;0.2574365513382889;1.0101576697492083;-0.21400522573345337;-0.09393297835895592;0.6210024053513967;-0.02468357785621596;0.040854785200426985;-0.14872064520282813;0.06297102814704875;0.028716938897330947;-0.23540202316455772;0.05641151059685972;0.03719121378972926;0.9722242925283889;-0.2310773434037195;-0.04213731118349407;0.6645755429331519;-0.02401260644232324;0.05443688628400416;-0.177660095099167;0.08444249520867453;0.01253206984575683;-0.22916381450560147;0.06279465836295996;-0.15508695010874934;0.9080161904131089;-0.2310115215330936;-0.021953944218378974;0.6536150383169514;-0.008542837468531211;0.05791946398999463;-0.16938331259362552;0.10375255397619672;0.01792241632000284;-0.2323016285868783;0.06947492507190603;-0.3026379837372201;0.803356182044687;-0.22551420692944596;-0.012520840018416034;0.5255736663535785;0.005888157613172242;0.06314237470480492;-0.10949923027719163;0.07426424849505228;0.025188795052129332;-0.20534882332274967;0.05543578659042116;24.97671530644877;14.143724355934562;24.677191474144784;24.553146816031656;158.98807615310974;11.909328691707435;12.677437107022932;154.14766489132975;15.934530902713398;15.386798042894345;146.5185833102475;18.894578925446798;24.48736187758567;138.6978143310862;26.122035208365144;27.883234266959615;11.94922309948037;11.565164570773648;10.624099816037564;0.9732292599673944;0.07342052867370347;0.291437934765733;-0.15224464038645738;0.015495929236750267;0.30251706432205894;-0.0614483120985864;-0.09558136308098528;0.2873697976139885;-0.04706478848201978;-0.09497231199288422;0.2527355695967479;-0.03770384628373413;0.19284346036689562;1.0132741597461088;-0.022236135317339745;-0.06468729068263011;0.3305437837216854;-0.07829925396806138;-0.10970475571544622;0.10618477361829919;-0.09599987691220842;-0.11305222114051257;-0.016112671579861678;-0.06408151630446193;0.04447493271230842;0.998853070814189;0.01773480434907824;-0.07060265716552458;0.3450134199540218;-0.09490329199292626;-0.10402066450678744;0.03783344253544398;-0.13254636703244588;-0.08513593051548614;-0.0904170831956168;-0.08461464243550121;-0.08253752913644181;0.9209887881132562;0.03818345711174632;-0.06915429492349667;0.292393211629512;-0.10020857614790984;-0.08494786159042471;0.031101262693857934;-0.12392520314692257;-0.06265139996208577;-0.15206883148526917;-0.0685011556632647;-0.18722485952178916;0.7968229432525782;0.047983943940872215;-0.04779481358195127;0.2267991747505036;-0.08812638239415445;-0.04780390481247385;0.0230502873451709;-0.07785660414856255;-0.039238539461129526;-0.11230379475866138;-0.04398926569045876;18.660277836361225;21.154732872414968;2.346735605528249;24.66887855094088;37.14396858898065;44.50343573502365;21.307858489383946;58.42766994999475;50.08701784711191;22.314537822301226;55.69776792969946;70.59624283479484;24.207283301908102;52.03395464723207;76.88372081705867;25.83300467553336;8.527982283998867;7.784695799253262;8.15170990416873
0.9932479843156352;0.30483957292559766;0.2782722372108126;-0.0314212419603528;0.17265292666328275;0.48477503269490263;-0.05432504673942289;0.04151180043146493;0.45181396563754705;-0.03414189092691958;-0.10882575376813547;0.26440480551318896;-0.013630842023007293;0.26910832872626866;0.9707505881651453;-0.2918438348027665;-0.03568238079744684;0.747514173559087;-0.051046158937875924;0.07559202303895857;-0.14071351415596814;0.05524338262581127;0.020319064809410065;-0.25705162917078495;0.05542219667399329;0.02756511384568256;0.9561660289110966;-0.2915247667953073;0.026500217721786592;0.771080503474234;-0.051793632107414826;0.08519367306993894;-0.1782363470178778;0.08528088175449959;-0.00048812015295076597;-0.24735240282533727;0.06760893970489745;-0.1725891632914947;0.9227857064635439;-0.27489351560196207;0.041556589187425795;0.7412911925292796;-0.030043837964859575;0.0827699579336821;-0.17792363263718722;0.11205157549795434;0.004823991699471872;-0.2501623884488541;0.0805015355713554;-0.31697197890548723;0.8498662713183878;-0.25502509436525755;0.036526810591575073;0.6006682063532609;-0.005044441383552963;0.07962917561463073;-0.11366087844380048;0.08037765005435576;0.009769587507080874;-0.2282284086646024;0.062372551894831874;27.937257269292363;14.398213719426042;27.61193637014399;21.70030034136709;150.8316368142202;23.855554476365178;13.112418296247808;147.0319052560908;25.474569803150295;19.508676966432525;141.72605061917287;24.771370972391587;28.098820454393287;132.9571977444725;33.325517715216016;33.66318485092964;13.290123575294837;11.7473983749029;9.49675366823182;0.9738344465141108;0.07174500779542436;0.2916787799702224;-0.15656069792425806;0.013190848822427787;0.3038881344921947;-0.06312271355876638;-0.09347734933124396;0.29113406404870407;-0.04846946597409825;-0.09112577371422123;0.25756906207136393;-0.03903453209764648;0.18801562779376602;1.0133056163411582;-0.022848651510406933;-0.0590176258515854;0.33624982037559037;-0.08270487372612169;-0.10930372724425119;0.10984835282928254;-0.0997833150425219;-0.11353016485728004;-0.0196463732634137;-0.0654964795376051;0.03951577592106693;0.9990443155893136;0.018680442768737492;-0.06804525899447957;0.34968453712249986;-0.10385379561312183;-0.10453871481370342;0.028711698435005855;-0.13875472481557583;-0.08353540228109443;-0.10364838138121385;-0.08577739814757783;-0.08748518023983871;0.9236953920905794;0.040197747254964805;-0.0683068978124508;0.2910826018510145;-0.10724442694237211;-0.08138535094467973;0.02005973552251943;-0.12777696554302112;-0.057768260809018264;-0.1618311911361157;-0.06819629136426128;-0.19266238068865105;0.8002603308195977;0.05098129322166559;-0.05126981217116936;0.22339002750078443;-0.09117436846987041;-0.047569214810165066;0.022433962183582075;-0.08022384889537215;-0.03686018857024891;-0.1110747817973135;-0.04457808924819647;19.04554877884707;20.133804332377593;1.8804493917108014;23.718447683984927;37.09615976939614;46.59048269994726;21.722705179218398;61.11408278994663;50.70847212486097;23.495347470658796;58.860601636210816;68.90278031599621;25.243767035337154;51.392197352777224;76.33640462506432;26.450010117628285;8.571559531406574;7.8002227020898856;8.183887467191335
0.9914857148426844;0.34880692750504544;0.21905874539410186;-0.07940393160936023;0.23254221068404657;0.5055000902436623;-0.0850299051979391;0.0862454263734892;0.4899769346420855;-0.05338158013808711;-0.11582258507628747;0.304416358669263;-0.029594186758834733;0.28161460524979537;0.9186898359657447;-0.38311328654078997;0.03394904195351132;0.8944254312576512;-0.08220769166861004;0.1166091079327885;-0.13043117022530976;0.04574157229832757;0.01020101665554481;-0.2815162855254216;0.053952693151363695;0.015944885755554996;0.9320173911207013;-0.36206262340485285;0.10818918222222772;0.8940168847435495;-0.08464228098823584;0.12141512640367232;-0.17799047285977188;0.0858340331871924;-0.016007856731918593;-0.26774169912598184;0.07299452967739978;-0.19255148381840412;0.9355637578950001;-0.3257695955199595;0.11705449595501866;0.8419363324596519;-0.055519459208990034;0.11196278634484032;-0.18717392526734575;0.12135896448807229;-0.010816816791602405;-0.27014615012501353;0.0932258053442582;-0.3324015620697366;0.9008661602293336;-0.28887234810759993;0.0948088148680694;0.6870499139039316;-0.018051565597617756;0.09886749119339337;-0.11802738853748665;0.08724518361460103;-0.00866387537821325;-0.25431026739740853;0.07031591197997752;32.74234308679923;14.819418298666491;30.67344710336604;21.890649742554793;135.7662870906998;38.88251094445686;16.864172149871713;136.9332189882086;36.27090126530263;24.34589889281703;135.33557940906417;31.797809386663772;31.585294407881438;126.65156775646997;40.93422481194852;40.51214502585677;14.948463848750354;12.082876408693995;8.471323365472934;0.974439633060827;0.07004831704928317;0.2919148264162853;-0.16092242359667613;0.010858864654312862;0.3052671123424133;-0.06481476989043186;-0.09134666390827471;0.2949341459262965;-0.04988907083284358;-0.08723254587661074;0.2624515621607982;-0.040379537675006086;0.18312728236863945;1.013311122996078;-0.02346763236209014;-0.0532810974923288;0.3420128757942856;-0.08715911144320906;-0.10889523947950253;0.11355129470258349;-0.10360775831627536;-0.11401066784815367;-0.023220283308869587;-0.06692604652019993;0.03449844912269425;0.9992118219705718;0.019636492619081885;-0.06545662523618183;0.35440039891630143;-0.11290473829636032;-0.10506002001938805;0.019484099767614362;-0.14503101789993156;-0.08191426215207118;-0.11702945116338229;-0.08695132481247891;-0.092487570949516;0.9264091985037125;0.04223420406594638;-0.06744796250414187;0.28974933152282234;-0.11435856638837696;-0.07777967649275368;0.00889045696629867;-0.13166979346826319;-0.05282735363247118;-0.17170183929833038;-0.0678861432954791;-0.19815755506272975;0.8037165468007094;0.054011856854351094;-0.05478352152910658;0.21993579621503137;-0.09425510869077779;-0.04733058527135848;0.02180995262361684;-0.08261628801915903;-0.03445347501713942;-0.10982872276496247;-0.045172540210242314;19.429856012120847;19.120037156322454;1.4536920050582867;22.827481371761138;37.04569630529577;48.627074781016994;22.209667043786048;63.68779083124165;51.05437248629825;24.711984220543254;62.0549382214786;66.94428400810071;26.313544382745672;50.731777765066404;75.77833597591328;27.066827445691583;8.615981492556926;7.814257148201397;8.215240268413204
0.9828410784822872;0.3787437739693753;0.17855368820736986;-0.11532065502515511;0.27533938625658316;0.5007976829440871;-0.11186539045263938;0.11451047281659116;0.5069552295976543;-0.07015139627942149;-0.12254011988805;0.34093744657207725;-0.044945094624384216;0.28715668043304343;0.8428097973395436;-0.4789078656956944;0.083099819612485;0.9879454302482523;-0.11140958382405587;0.14154641757892575;-0.09745109621177721;0.037594438247545096;0.01366503180082977;-0.2744941589977602;0.05290560787035707;0.001055201863385297;0.8960852244471895;-0.44388079151553456;0.16938810911871982;0.9852195907138642;-0.11155593606696175;0.14018182279718988;-0.179068764299477;0.09322190799430104;-0.022645948931513286;-0.2870285937163248;0.08164604164951253;-0.21392769826930022;0.9471571177217011;-0.39320967211860197;0.1755597501306096;0.9181776593990313;-0.07499018230746225;0.1278159104727736;-0.1968631541000704;0.13528083625975748;-0.01770453466809972;-0.28828920583768936;0.1068654181480052;-0.35082809024837724;0.9574768702763822;-0.344048165286811;0.1388369024974094;0.7490413010056537;-0.03019033342240795;0.1149094688856245;-0.11960769302874821;0.09319857681797021;-0.011288271311912911;-0.2690960429830921;0.07654845973517282;35.22697326185713;16.21282314398171;32.22698845820913;25.57013413067261;120.35886261468649;51.46473556602782;22.015012055230606;131.27180178915032;40.61617183120368;28.721259866674618;131.53391927408936;34.270260272106015;34.16841781875603;121.80793106680696;44.45753552633765;44.259376475652125;16.750639809051258;12.431823138091577;7.721914099371387;0.9735127699483002;0.06632140458306564;0.28996469543405534;-0.1632632490111414;0.00939125846381957;0.3033249888117312;-0.06675381756199623;-0.08997333537559556;0.29577349241270734;-0.05111013255099661;-0.08619295470209927;0.26404460552286046;-0.041616478336124564;0.18173240092831897;1.014423346537797;-0.02750490168748248;-0.0595376038103128;0.33910861540945086;-0.08911508174935814;-0.11109359544107873;0.11359276695953;-0.10519166745033955;-0.11533170241889644;-0.02269859435371489;-0.06836259477207456;0.032726156935519855;0.999330517699808;0.016355887198976158;-0.07308241489031869;0.35027680211231876;-0.11698437970167538;-0.10549733481206303;0.007690456817520844;-0.14551453970708056;-0.07938798738615403;-0.12455777420673951;-0.08614069795707342;-0.09509962784901795;0.9257933667534279;0.03981311180247297;-0.07166366635787604;0.2885289107302724;-0.11691990967906393;-0.07692733420321556;0.0010028282109578448;-0.1288295506025828;-0.04875642162021102;-0.17308012179450086;-0.06518374866330008;-0.2008198508769825;0.8008500940612364;0.052254522932427654;-0.059339663184435704;0.21755638837605512;-0.09593593031708346;-0.04707508912426871;0.016443006494416053;-0.08092616313207684;-0.030862441727751513;-0.1109585082969755;-0.04330908611683183;19.35412211714962;18.59720416565053;1.4353888352600237;23.735885891219745;36.453751685971845;47.73902751094469;23.30722810494799;66.11025163915939;49.56216688372702;25.19196694870475;64.19765611544707;65.33975192777014;26.69253313791134;52.643535180776915;74.46149015390397;27.35627648124338;8.639699063181107;7.883463726307514;8.28376110326807
0.9717932332507077;0.4033467095822142;0.1394096187969031;-0.1498801375960752;0.314105232787381;0.47935334300719257;-0.1398828639883682;0.13824594092024164;0.512294417817752;-0.08763354049698882;-0.1290926968949611;0.37833439513071015;-0.06187952790440134;0.28786806498402573;0.7377070726528502;-0.5868472227642288;0.1291544390753818;1.061944523954051;-0.14303704164205347;0.1614259156905599;-0.04821869529009822;0.0285796371413302;0.023880520278410186;-0.24943006553378913;0.05146481681028172;-0.017549243914755746;0.8419598906334101;-0.5392546398526363;0.22853153860558376;1.0667247413803247;-0.1386985144418322;0.15235677741042414;-0.179440375577273;0.1041162863068986;-0.02590809835585864;-0.30623825505617963;0.09241382966628511;-0.2373158378654762;0.9520394676657503;-0.4749984022635096;0.2332021634260089;0.9865228174539047;-0.09387275627419726;0.13868063392311364;-0.20654183976144055;0.15227579633915214;-0.02135391931502182;-0.30583181820242095;0.12204058598950507;-0.37044207651030064;1.0170494621262391;-0.41441889408688576;0.18147358765952143;0.8024627533564991;-0.04344581206955459;0.13084637213493344;-0.1191231521347605;0.09882134677041358;-0.006801286335986475;-0.27852328183072145;0.08225619329335303;36.502821639155314;18.281170573971902;33.50827469469477;31.75666674526653;100.7639419136298;66.6099103059915;28.228314152633203;127.17425026541692;42.782925305040486;33.215612377148666;128.71164567698017;35.054443513902974;36.56821145219941;117.12863900283874;46.647602321338994;46.49427334652174;18.893452761878834;13.06374698604399;7.368366844050023;0.9720509403929204;0.061885299416186944;0.28724422093324115;-0.1648863580597057;0.00823029895594172;0.30021282220423656;-0.06877552145386771;-0.0888676656275762;0.2955649785277436;-0.05225847852643584;-0.08615839620918829;0.264473239057351;-0.04281266044334371;0.18156701310837683;1.015908692306896;-0.03273808759107704;-0.0700040776644529;0.33315357791389777;-0.0901870249536117;-0.11420419768087015;0.11234369948214237;-0.10598268020536832;-0.11694468487477054;-0.02073582067426346;-0.06979815499682267;0.032098693704975076;0.9994175105131526;0.011589371947027577;-0.08428955451186457;0.34304376686598836;-0.11930543875057813;-0.10590282269875557;-0.004986301508252002;-0.14395608523105652;-0.07654630349612397;-0.13001121665681026;-0.08463166358559586;-0.09686443840050223;0.9239932919258536;0.03582654333709748;-0.07765738495045128;0.2873461742144219;-0.11787259208742801;-0.07704452862764194;-0.005716130874632845;-0.12362228970369547;-0.04499801138952626;-0.17146423712222145;-0.06164298582158013;-0.20247752320611467;0.7957515019534966;0.04881411214147881;-0.06425407080121814;0.215556286988263;-0.09711971934785024;-0.04681342003824556;0.009415519171856797;-0.07780071334641157;-0.026860248885544658;-0.11292106441415642;-0.040583025233865054;19.119407279138418;18.24590589054026;1.5528973975328904;25.3196442638421;35.633030819868594;45.874070780732474;24.693415818801473;68.53704534288225;47.390001241185544;25.43389790584923;66.09411294548676;63.82825769629334;26.851530299320835;55.730380516750685;72.62694453470047;27.549628006927964;8.655690288714828;7.972458805759493;8.366770478374574
0.9607453880191282;0.4266700620412713;0.08912872415569148;-0.18966906445944048;0.3562752772230618;0.44501234357443653;-0.17183000783158392;0.16497758274204052;0.5101930428096908;-0.10756178320226599;-0.13493908385109904;0.4177451785725071;-0.08157142178144461;0.2838847290511025;0.5965737958980504;-0.7091175252194621;0.18336810054775235;1.134644951647885;-0.1793512446875664;0.1830452214350833;0.012877091594646147;0.017059509245475675;0.03598618222875916;-0.2145341092088399;0.048832774616299916;-0.04003353898814822;0.7614878900537849;-0.6469416581559106;0.2970959857180888;1.1485353580764766;-0.16959436400752145;0.1646951822607884;-0.1768694472701695;0.11570017973017038;-0.029465545737584982;-0.3245953716495682;0.10404006093908004;-0.2619515523977661;0.9419631853751068;-0.5671346779762237;0.2998499278312155;1.0535721331177088;-0.11541054313469809;0.1496453491474873;-0.21490994926604706;0.17051742734365172;-0.025462315519951775;-0.3221545688451099;0.1385638344987296;-0.38821158399924094;1.0728424217861656;-0.4935959540052174;0.2306198850932973;0.8543425736110585;-0.05894385861802854;0.14815383414892858;-0.11652105192270759;0.10403970392002913;-0.0011925012615469476;-0.28536966589878543;0.08785792655820737;37.59066576263082;20.843956918762792;35.158061915987226;40.59197832571438;77.85129549292029;83.49089951199718;35.76393861442404;122.77625895805923;45.19982270799855;38.1289557263404;125.77598873425306;35.860133565068594;39.05460114867563;111.99579219778794;48.951244118712644;47.91355705382039;21.512797260766607;14.419595523189656;7.762233752916444;0.9705891108375406;0.05744375856139097;0.2845146412718315;-0.16650711422492215;0.007068101310367279;0.29709089674184613;-0.0707974573151437;-0.08775894069593487;0.29534943349682;-0.053406650806513745;-0.08612181177183913;0.2648961362173474;-0.044008930711906986;0.1813972723664892;1.0173718578008548;-0.037975237681326636;-0.0804783751528565;0.32718545365622526;-0.09125784738955312;-0.1173149626776337;0.11109090390369579;-0.10677195299051977;-0.11855641526719018;-0.01877079581193684;-0.07123339461001667;0.0314699211282018;0.9994814430604082;0.006818287326646576;-0.09550485536391518;0.3357962626806047;-0.12162583000970523;-0.10630622458743358;-0.017674383218553115;-0.14239289158184532;-0.07370028320342374;-0.1354665699494894;-0.0831193081288133;-0.09862859879296441;0.9221702002836328;0.0318355481405056;-0.08365471401090918;0.2861557177500307;-0.11882340512975445;-0.07716004504788389;-0.012441020448212268;-0.11840746791699297;-0.041235167965294535;-0.1698429245792177;-0.05809760081106908;-0.2041320035199124;0.7906298857114978;0.04536946675134884;-0.06917142529026919;0.21354939020298647;-0.09830232802652497;-0.04655043100004574;0.0023814726301909727;-0.07467064206049905;-0.022853822803408055;-0.1148827770603201;-0.03785356491104246;18.886774143229555;17.897363311877726;1.6765241381759246;26.966651457508334;34.76912833005638;44.04702848831449;26.172993332920772;70.96049434412753;45.14729976272181;25.704556049148092;68.12599001398257;62.23246722243281;27.042211449112703;59.126771900681504;70.50118987458843;27.76417689508627;8.671322014049274;8.061658537026888;8.45131508358086
0.9496975427875488;0.4441962511021135;0.026532331291348295;-0.23280456801979327;0.3981739694784956;0.3928129464792257;-0.2059835790207094;0.19303408407489603;0.495121409802872;-0.12885711435337407;-0.13864402845983798;0.45481733208838565;-0.10322199804885747;0.2721178167651116;0.4123532124076923;-0.838566422447384;0.24398757483519043;1.1940785862549665;-0.21856616932871017;0.20451573167200573;0.08595722059690218;0.002800374177567965;0.049644191195149706;-0.16733616668421433;0.04446985351427498;-0.06606027892242981;0.6460863975569572;-0.7604001620466451;0.37215872584393617;1.218571821021604;-0.20253995443021866;0.17546745678565157;-0.16943114145459737;0.1267709625626473;-0.03301460415312004;-0.3386657434913672;0.11544846298842676;-0.2851052535039653;0.9066924626469036;-0.6638741435749544;0.37254235263495733;1.1082106827418365;-0.13844645973287983;0.15913747556034144;-0.2196776182835959;0.18823829745765683;-0.029771702175621178;-0.3338410020280333;0.15500617697286984;-0.40001152528639816;1.1134843464244637;-0.5765755311198286;0.2839896698932694;0.8956570494989603;-0.07611267736674604;0.16530243704083666;-0.11052944490254826;0.10775007899485764;0.005574883982597276;-0.2865764108491241;0.09242682483042368;38.19838949200489;23.938982634914037;37.269501349308136;51.99293843225361;56.42377564872377;95.89768260448545;44.71870525805945;118.06234228493379;47.89901314183932;43.474674271543726;122.73855972073926;36.68368608440857;41.615668494518474;106.41604074369415;51.33428581293743;48.00430319455703;24.43786600357645;16.872992137023196;9.169394001085914;0.9713200857140932;0.055772932548637695;0.28368252119712184;-0.17041108509199085;0.006646582409197162;0.29643721125591044;-0.0712707559923087;-0.08886359484914685;0.2986984563172322;-0.05264637028015603;-0.08902946216176787;0.26496359326222196;-0.04291654998331306;0.18463646850390786;1.0176446880985799;-0.041671544156369505;-0.08642835552113463;0.3275810251667563;-0.09033948254262557;-0.11978068402590623;0.11005800916525747;-0.10458435019851581;-0.11937768290659566;-0.013564671815037786;-0.06949643226527343;0.035640478891890856;0.9993461024202562;0.006092933759663533;-0.10037116707372733;0.3349646900995957;-0.11982145931761988;-0.1101573255331865;-0.01217520735603789;-0.13893848526363278;-0.07718607579655151;-0.12950032498092978;-0.08065528932111374;-0.09446836661033757;0.9219098553660543;0.03373931617224983;-0.08872683920370746;0.28288882257662135;-0.11892305820622091;-0.08192813157490769;-0.014299969415629029;-0.11641121445990643;-0.04493759005225872;-0.16904611004094056;-0.05600383360878372;-0.19878314495074947;0.7921724553093025;0.04963940829941113;-0.07129225077372733;0.20763119491571344;-0.09924688758705325;-0.048754422181724;-0.002499077277371094;-0.07387701400309916;-0.024919525152385446;-0.11818402752617257;-0.036404239964607434;19.268481449213414;17.919496548207057;2.157950686870706;27.75850819778574;34.54134058392259;41.59208180639798;26.626245023521776;68.92216552895292;45.53510765987375;26.474325691096436;68.07043845157474;61.300045096041025;28.204878943768357;61.16482053054656;67.91600903049725;28.220164872399707;8.656768749587918;8.079809175237196;8.343106999442453
0.9386496975559692;0.4495705782725251;-0.046588885645429325;-0.27479843120860076;0.43321198054781923;0.3194440680202643;-0.23850926236983433;0.21895687428972366;0.4611763915452241;-0.149123292879781;-0.13828428093837458;0.48239198035265574;-0.12475514831756333;0.249441770671869;0.1859829330300782;-0.9599113538702456;0.3057834995255425;1.2227427486861386;-0.2565118292601686;0.22245465025751368;0.16741558750189237;-0.013747823317508234;0.06374538766882992;-0.1072769190971587;0.03794847377186002;-0.09388576564582489;0.49131695614103177;-0.8659059484825178;0.4463367027641449;1.2586524454777186;-0.23378679436091315;0.18203209997454606;-0.15518317575936658;0.13530809061491933;-0.0360063607838806;-0.3435802553251523;0.12475372518511237;-0.3022922589666753;0.8356787554015526;-0.7533137540549223;0.44397223779796957;1.1342122005255966;-0.16040062697996132;0.1647708118832222;-0.21783511359534014;0.20239443938767543;-0.033749269092780344;-0.33616582683507873;0.16879795253780236;-0.4002551288114793;1.1231579080126968;-0.6530552381158096;0.33608234413137716;0.9133890923543463;-0.09338034192179806;0.1795649905617255;-0.09992011759792781;0.1084294412992137;0.013197846371736622;-0.2783881628621003;0.09460918024595885;37.993855372888575;27.498065145123334;39.96172644853432;64.93221891204657;39.60135303165389;96.79395822797191;54.93293571092682;113.02093757095918;50.91241502132298;49.238926402258016;119.61482367918542;37.520089225718216;44.23522031331606;100.40867164306492;53.74110419789263;46.52346448739709;26.993193505414908;20.494189628958548;11.5797648838641;0.9723347160189708;0.054442017608921686;0.2830823345086907;-0.1746632756403582;0.0063164352872889925;0.29609244979873256;-0.07154580894991619;-0.09027152049476928;0.302553711565996;-0.051624525137735265;-0.09236036580602083;0.26497991158258405;-0.04150849285377003;0.1883623486871908;1.0177442212678383;-0.045214359157105415;-0.09186276972336482;0.3288098545359988;-0.0891460773309515;-0.12219234333436205;0.10903788390934305;-0.10197488615445076;-0.12010381937216563;-0.007863502980054395;-0.06731873737404467;0.040495596878910134;0.9991623659262133;0.0058883911344818594;-0.10446780149953754;0.3349566554342425;-0.11744948582686449;-0.11450990632401438;-0.004216743373430177;-0.13518696036688185;-0.08154741750370635;-0.12195353094422344;-0.07803182872252484;-0.08947348606630327;0.9218321343776006;0.03644102976890104;-0.09374366746157928;0.2793000780418451;-0.1189099725414443;-0.08736857742763154;-0.015545279215478115;-0.11480801768541328;-0.049667784356947325;-0.1683433164057028;-0.054071299614482225;-0.1924400833435509;0.7945935368254503;0.05497732092190025;-0.0730732007900351;0.20111655193351557;-0.1001708326492242;-0.05131047807909152;-0.0071624272742965515;-0.07337770476292745;-0.027808783707037363;-0.12170272800153559;-0.035102680631783525;19.740543304381905;17.99414801394983;2.7157818740826323;28.462309492968796;34.3986315704661;38.976772396801145;26.973743737899014;66.23162900734988;46.14844173812852;27.36461227189012;67.69057068296341;60.39827642175759;29.583541242583347;62.925792107896406;65.26305032412583;28.712912301119136;8.641896544970473;8.092364482751623;8.214748986071093
0.92760185232439;0.43719987242199454;-0.12386626946189765;-0.30914373239120285;0.45361754622099254;0.2270893396286561;-0.26407235926170197;0.2381626278683344;0.40576831742458896;-0.16503047633445408;-0.13230000806720904;0.49272781928642695;-0.14301988131469115;0.2148001932422034;-0.06661412608396894;-1.052444724844086;0.3603132433528261;1.2043044761862505;-0.28721432705738287;0.2328754090672824;0.24883042315511683;-0.0311069725314935;0.07643253366009622;-0.03791543978186531;0.029352967471944918;-0.12021162775962843;0.30388279692522707;-0.9450949213091147;0.5085848716212371;1.251120974635489;-0.2581564579432328;0.1817743133492918;-0.13347956713076306;0.1390761438900861;-0.037788517928017955;-0.33499997729416947;0.1297803899701908;-0.3086688566388256;0.7249875860474791;-0.8196645385767495;0.5033409375949308;1.116473134251716;-0.17767899017458372;0.16420314561811722;-0.20702705761399604;0.20953150823264738;-0.03669000074159351;-0.3250818864995909;0.1768998225616824;-0.38432505125070066;1.0881891528258765;-0.7094317345687805;0.3788813268436463;0.8956315662363635;-0.1082965696357863;0.1877409125550373;-0.08439163477657262;0.10477801528509828;0.020916631099321122;-0.2582601956598982;0.09314407086036133;36.755350925878055;31.257554034469514;43.375348478464865;77.53830009762893;27.190644616124512;76.0351663343824;65.82753610194834;107.64921657491395;54.267776200495526;55.364030856605254;116.42448066972531;38.362685589452255;46.89235925469885;94.0087356125702;56.08746502800436;43.71414800693755;28.18502155853147;24.806145065580594;14.814494092956746;0.973349346323848;0.053090728438818756;0.28246671425988407;-0.17897213900398926;0.005981407788346705;0.2957355982295198;-0.07182307231502084;-0.09169742716969799;0.30645686582700565;-0.05058679978176144;-0.09573673750929311;0.26499006215890614;-0.04007926924984801;0.19213703385450015;1.017820592951025;-0.048806815797398435;-0.0973727867662352;0.33004833758778507;-0.08793342867408445;-0.1246355862234815;0.10800051606814128;-0.099325590452863;-0.12083745279400533;-0.0020805021131170168;-0.0651082310886886;0.04541926298618439;0.9989518603619824;0.005680777158640952;-0.10862057693399561;0.3349404137752953;-0.11504070776076587;-0.1189220507362478;0.003855789533865753;-0.13137844689298392;-0.0859692446035912;-0.11429571888849303;-0.07536891445262484;-0.08440491615622767;0.921731030641504;0.039180552184767986;-0.09883007319318558;0.2756531944753232;-0.11889382684117318;-0.09288482106703504;-0.016808046596120875;-0.1131790892100269;-0.05446451626255223;-0.16762639173789745;-0.05210978502081611;-0.1860015386206273;0.7970300928771795;0.06039034554440009;-0.07487788911112987;0.194503759142895;-0.10110558887700515;-0.053901897725069536;-0.01189238449717026;-0.0728694726281831;-0.03073874530749231;-0.12526887697285385;-0.033781634650424164;20.223633853141507;18.073725338945177;3.2929518028351628;29.192813007739844;34.25633656313186;36.28779797817355;27.356436049847225;63.474680649536964;46.609558153018924;28.315332043089562;67.26248936244183;59.43486896518986;31.062128809228685;64.57833531633335;62.60569403498621;29.21280238413188;8.630973929728173;8.108899439931921;8.092033991346403
0.9357859287682884;0.42684400220105795;-0.1820209074563852;-0.351507338656962;0.4559286455605941;0.14945688756831396;-0.29449885749290977;0.25090677685844764;0.37830787327655724;-0.19094800860182073;-0.09643490436111594;0.4925323076503029;-0.17028526061771723;0.21602606247495146;-0.25210755804944823;-1.098127743990109;0.39270946324328126;1.1768600163186411;-0.308337324137466;0.23829510583591798;0.29728998574867954;-0.050609960197173814;0.0934082423371365;0.008370669164398572;0.012156202042326225;-0.10381958774169561;0.16883993150704646;-0.9801604821302685;0.5297532639089316;1.2276618599309284;-0.27572201562950244;0.18669119315109547;-0.11674272401601922;0.12074075224110971;-0.02523068184429664;-0.32929518969891314;0.10977506024575273;-0.27828181997252827;0.6345243483599156;-0.8469555849750199;0.5106789595103003;1.094600769305157;-0.2015789884026157;0.16731080766218825;-0.2103955102916598;0.1906630046635317;-0.03391733773278563;-0.33344659323429593;0.15819166239407556;-0.3455554127469747;1.0467209508422137;-0.7315055388050392;0.38824374392470556;0.8391651635601133;-0.1368771723054139;0.1762712377565756;-0.10462220978443408;0.08678173105537897;0.007422997032684806;-0.2687141344343088;0.0793103180914741;34.24120885598249;34.97828328583728;41.775181985818335;85.04268370591492;20.890660750796844;48.39961101652523;71.97102974025046;103.10136057298025;57.47753174038406;57.33825364276921;117.01149527884236;39.209116434727214;46.93537268235259;98.63489311987689;54.41396399349225;38.30089822799803;28.168241440838397;27.99932515434201;17.59647354003751;0.975353661121416;0.050929312784344455;0.28125057643832857;-0.18149484841241686;0.004108129032794798;0.2933968412901535;-0.07176194248464855;-0.09323193723677078;0.30869547044574885;-0.04930327066173783;-0.09918222778736172;0.2607064308018913;-0.03787558032249393;0.19635068490174132;1.016165692545766;-0.04981619789138806;-0.10202866622842095;0.33042970589516335;-0.08652932720848393;-0.1263089046106288;0.09846712670358389;-0.09705109317798395;-0.12030359638513893;-0.007662986003051941;-0.0628256808779668;0.05099528232912786;0.9986689945996882;0.00772789786557051;-0.10909776117744878;0.3319861021642431;-0.10959747773890662;-0.1190403775378956;0.008422151560346928;-0.12556455653280138;-0.08858044147767474;-0.1064138366991615;-0.07188549677165731;-0.0791501516576475;0.9226909438916121;0.04371863225167653;-0.09991766374475432;0.2662970706848528;-0.11394515317424872;-0.09396675632539664;-0.013831708090113472;-0.10832868624427085;-0.05818714315036367;-0.15856763277527822;-0.04932613009999247;-0.1809548507923548;0.8007650436242253;0.0668809969405039;-0.07391788743595248;0.18893193985358972;-0.09638234225464005;-0.054510241366276795;-0.01322891229875912;-0.06885398757787321;-0.03397532391871681;-0.1221040902349241;-0.030986892784079026;20.575499317260707;17.985773315913256;4.096118104610976;29.95013530475439;36.271498038399855;36.21552615857615;27.405448229993713;62.24495262325405;46.28879318906015;28.92244519322028;65.86565632899854;59.13773331956163;31.215644538999836;65.83367626121301;61.09542368757398;29.666020941330174;8.62542430331483;8.14257860813744;8.054936157520773
0.9624941119065143;0.42928095170902825;-0.22258619329625778;-0.40743178606349717;0.4515981034492043;0.09430119400276385;-0.33480970671480614;0.2626638410130215;0.3884854415448161;-0.22949942907497853;-0.03629355065900027;0.4940057614402047;-0.20863555039008477;0.2568828129031637;-0.3677488146218061;-1.1222261182304059;0.41123087973794564;1.1706004683111237;-0.32633714606826447;0.24427744538590568;0.31819340951187375;-0.07220246277947781;0.11571710003447512;0.029825170891159304;-0.011984060971218513;-0.04978441446891002;0.09649708604369943;-0.9940874330063039;0.5227715552843658;1.21969821374796;-0.29227172824202113;0.2007621385245682;-0.10860196313305721;0.08513243149403708;-0.00023523941234355884;-0.33459253992507304;0.069516293409199;-0.22101402611683435;0.5842365338533368;-0.8552658503024957;0.4797084589173579;1.096295589543604;-0.2352277314292003;0.17777495124976067;-0.23224654074501583;0.15247185333374275;-0.026625083360776028;-0.36801276897189544;0.11859891007929219;-0.2954317302182007;1.0265874252980385;-0.7367308246148117;0.37414373922426886;0.7689651306213464;-0.1801525735145953;0.15080718259953876;-0.16055490387144422;0.058148194273043234;-0.025494276543218484;-0.3144106993190998;0.05630973038886908;30.898676571517896;38.75258706494318;34.85923815569439;88.47087406648403;18.29057117721448;37.90775499474101;73.66304404379403;99.106382513616;59.53611309630283;55.28016778384796;120.67189717205434;39.372461468182934;44.302913938782005;112.91232718399728;46.866994045979816;31.817550808350184;27.97782624583375;29.957185509005427;19.542566474945527;0.978311235891943;0.04798014595576006;0.2794431240132451;-0.18225347274340908;0.0007335572977635317;0.28911640008001943;-0.07136756472815786;-0.0948652096348307;0.3092870298759613;-0.047782089141696855;-0.10268093162476621;0.2522226947402456;-0.03491956591223022;0.20097496620666114;1.012794477681599;-0.04828893772217289;-0.10582849111837353;0.3299614307854295;-0.08494034776567029;-0.12721856685427774;0.08063711587700693;-0.09514953512198802;-0.11852626817011928;-0.024365895633135765;-0.06047896106669336;0.05718991264415674;0.9982914648762701;0.01197768954950824;-0.1059678412923363;0.32615409818625174;-0.10119631628602078;-0.11494664077379581;0.009535628923979134;-0.11780231442164872;-0.08940555280581305;-0.09833732252829723;-0.06760827229870787;-0.07372934515712881;0.9246646279728293;0.05000262531101496;-0.09707942089397836;0.2513710868079177;-0.10417625632675742;-0.09069616497773487;-0.006710387406608265;-0.10033498981938276;-0.060842465796646955;-0.14136023095010194;-0.04574516939543855;-0.17728564020614976;0.8057397281374425;0.07440350282337793;-0.07024953546228242;0.18439531341517462;-0.08612742332973239;-0.05317133715692113;-0.01123426580911655;-0.06141314618087811;-0.03750025366236913;-0.11234986672395125;-0.026756698402991993;20.797188999385476;17.727258596551824;5.168812375536421;30.72678484275329;40.75034146214408;38.47296697723016;27.09175599961328;62.50852345757931;45.26207807772785;29.150819467449818;63.3131268795186;59.4330629308265;29.892170220794046;66.80831194446685;60.52730748731188;30.087254083457836;8.625616280543237;8.192071252005109;8.09775196730875
0.9892022950447402;0.42822876635284285;-0.260060001251359;-0.4582954583510596;0.44382197792188854;0.040196110153508366;-0.37114602919746176;0.27195105445139667;0.3952453393702168;-0.2649701703734526;0.02217378850476374;0.49150743149537457;-0.24407743764608786;0.29436617001348164;-0.47669605443477436;-1.136624781107263;0.4258817255000885;1.155247501762958;-0.3411576958193753;0.24812438732656167;0.3358875056479981;-0.09251697125199551;0.1363789695762724;0.05034276859685585;-0.03524149488845222;0.002883128622672728;0.025748188352302494;-0.999664302836667;0.5118654601656055;1.202306784484497;-0.30596005180321895;0.2127793990084991;-0.09986423158899721;0.050009756528925094;0.023946524747015197;-0.3370595022876865;0.03001893956060819;-0.16385932124077385;0.5309491225243843;-0.8565119041258605;0.445938308235795;1.0892276342155374;-0.26591026111524774;0.1864856708833973;-0.25153996996529915;0.11431576736178997;-0.01935928596486404;-0.398528134267283;0.07935599477420092;-0.24459696715262325;0.9989570020392605;-0.7359340356770486;0.35753209918928386;0.6949479609754182;-0.22058510650788893;0.12497615732403046;-0.2133874070856889;0.02998705729110028;-0.057135039607800746;-0.3561190352247815;0.03361235391139097;27.372545471609087;42.34511474708286;28.326917000647256;91.32962869382679;16.013733925998235;32.41952000161125;75.40022466799465;94.70494218481022;60.408681043253885;53.48710865302891;123.3664862268521;38.784766995676;41.504025715517336;123.01746408522082;39.268023505791135;26.36510653263017;27.422149162175433;31.61717968816317;21.56175569636552;0.9812688106624702;0.04500150221067046;0.27760326692914145;-0.1830085198406435;-0.0026716368715064475;0.2847805892448278;-0.0709655203279473;-0.096507842408287;0.3098662129997953;-0.04624438246495672;-0.1062054521589985;0.243647614582419;-0.03193476153187453;0.20562962721625655;1.0093346310522349;-0.04674506824475085;-0.10965668095737756;0.32946998951243245;-0.08333209782664114;-0.12812917671580343;0.0626409051239895;-0.09322528850535831;-0.11672603655441331;-0.041218769678462164;-0.05810750693021005;0.06343739896202544;0.9978532638797473;0.01626530594449778;-0.10280348102366862;0.3202505402818599;-0.0927132201008649;-0.110809214601507;0.010658649768502249;-0.10996297514263176;-0.09023301405527129;-0.09018197953635462;-0.06328841041666533;-0.06825518707639845;0.9266031698361538;0.056340696355435135;-0.0942098905705266;0.23629542802876732;-0.09431285943619415;-0.0873907342831669;0.00047585150659051374;-0.09226310050537373;-0.06351836177583368;-0.12398878892663726;-0.042129134630439664;-0.17357301224566699;0.8107132856107835;0.08198991074998474;-0.0665439122102076;0.1798070013546705;-0.07577463509603526;-0.051817250524669824;-0.00922089957113759;-0.05390135395955773;-0.04105497574874318;-0.10250080739880497;-0.02248663555880537;21.024012982222978;17.461437019215843;6.326050491785982;31.518477836027728;45.74997081865103;40.221522109017044;26.75677711891087;62.74572968986548;44.11987518079419;29.373922396859772;60.36743211903748;59.5304738121632;28.382269669422165;67.77487088050013;59.68743839159233;30.53236508261867;8.630524918192865;8.244490995520849;8.142790146135853
0.9885653839887096;0.41707272019497094;-0.2712195252670781;-0.4032087918392686;0.4426338494728745;0.05008694473255334;-0.33918377679167205;0.25575540672298797;0.3934807953836792;-0.23624099081320307;-0.0017598047024856645;0.4715233779952632;-0.21760665845970772;0.2286815462351522;-0.5157151745010013;-1.111704557234164;0.41841462885075886;1.1610966014308923;-0.32167687849778975;0.25513297279917585;0.35609124830486505;-0.08212409465431554;0.13660931158800416;0.08288503920983331;-0.024520441283514795;-0.07808780893533332;-0.025656475592128893;-0.9966162949479952;0.532574802212162;1.2153799410066026;-0.3032247815861338;0.24697516228973942;-0.05836880358176227;0.06516347337314916;0.038188926744345014;-0.30174032515888094;0.052453141119071685;-0.24306071791772293;0.4762876994384326;-0.8670812066725054;0.4815653370013799;1.0950135130725127;-0.23680156014414105;0.21631462747629504;-0.20136906577821814;0.14520892913481087;-0.00018140146758933892;-0.36511865558381884;0.10947102018293121;-0.31495175617164695;0.9410084853487957;-0.7589581600328741;0.3765896689701843;0.7372732934144256;-0.1674344022082798;0.15986484488346026;-0.1697231971469307;0.06513729151096226;-0.027462986569859047;-0.3218398795493037;0.05735616222888596;30.85829822052949;43.595847429438535;29.91692669840353;95.25049900441839;15.924398138221271;22.876802597820312;80.29617976214429;83.42547357702024;67.8709023325587;60.60035362300534;112.04588764986278;44.593063078389854;48.27843871626084;111.76953867230165;47.191517802126356;31.11219026765177;27.74562454422579;31.249442999995313;21.65604139769244;0.983679315954526;0.04021490037052757;0.26957686697366423;-0.1897787870625067;-0.005351424453593768;0.2832573007977059;-0.07332610047899575;-0.09614506350452784;0.30985062687773096;-0.04674316105479058;-0.10527920065768773;0.24473003965827297;-0.03243180189977683;0.2065220913987901;1.0050988870011281;-0.055064144198275745;-0.11433773846956662;0.32509636638871614;-0.08602227251955596;-0.12826913973743684;0.062227480160047005;-0.09469679529888646;-0.11677860449720798;-0.0422042842935423;-0.05868626952250128;0.06635174408134124;0.9977308457384884;0.011428277180976925;-0.10779229820466918;0.3154038593217442;-0.09628406281550517;-0.1128522014658305;0.0037889855408636277;-0.11074810660354853;-0.09155505509662062;-0.09556130474176676;-0.062369666609602636;-0.06418851937346795;0.9296184756187413;0.0547653579271857;-0.09636118202265714;0.2315381531950347;-0.09776047259347272;-0.08774053278936644;-0.00877401144163281;-0.09175608468006843;-0.06357058803809794;-0.12657674639042168;-0.04019030912829329;-0.16734613422256764;0.8161054070207596;0.08337168648959832;-0.06744527297748833;0.17470663153843155;-0.07884450526823167;-0.053535263291892614;-0.01620306365148537;-0.053879978666074205;-0.04237917885729624;-0.10466388828758486;-0.02108539588995809;22.087677725362905;17.04136488975429;6.115800313423409;32.48467690063715;44.92530963899804;40.36438117884381;27.963686930915078;64.03698092685877;43.16541034401388;30.68561682999079;63.29549275415567;56.37351278135643;30.02624435503423;71.4205146218545;55.12735083308845;31.909536685169222;8.647536783790141;8.208893994948372;7.968513512477181
0.9866282846201044;0.4008469810388428;-0.2786859480059798;-0.3372949886266745;0.4372117368663749;0.06282596383046656;-0.2995394964997202;0.23524859475790844;0.38724277173042704;-0.20117222893215125;-0.030334318763117353;0.44529770292476656;-0.18516317515620215;0.15376686582494592;-0.5472902314518313;-1.072821603027914;0.405398911038389;1.1562943395790954;-0.2966924588173637;0.2599000397137785;0.3733860843298256;-0.0691136083659126;0.1344751274941821;0.11612800401948534;-0.011602818678543843;-0.16707502082835923;-0.07740589683586922;-0.9829009434069325;0.549984095335839;1.21790701684282;-0.2965293166770979;0.28073368159746953;-0.013472555493027175;0.0825116506187065;0.051990613555716145;-0.260481801297647;0.07798652756012907;-0.3286733518406305;0.4150736063993312;-0.869569502505577;0.516666238504337;1.090420354274809;-0.20154733031614797;0.24583805892967192;-0.1443228778938133;0.1788483384726501;0.02014045077757469;-0.32392892802199375;0.14268832963066266;-0.3899947160039732;0.8702842387616102;-0.7760693894310741;0.3940827754974128;0.778912200544809;-0.106510842175112;0.19707062942040177;-0.1184061277746231;0.10370254126321385;0.006309404239393634;-0.27961835217846764;0.0834465300655553;35.199787375774726;44.89060053432348;32.270343211796444;99.4833119728396;16.01270928738567;15.077550896245137;85.5881841550086;73.55278885494124;72.38458210953571;68.42137348928148;99.28189531608521;49.66750552623143;55.85863982718288;96.6308540324848;54.253185593086215;36.91586765780559;28.08681135824252;30.46814141760937;21.549736199832292;0.9860638095116426;0.03535406156680595;0.2612689792482033;-0.19681068516022482;-0.007989057591313287;0.28186288869717274;-0.07580936849151731;-0.0956845559362343;0.30979651202082215;-0.047336054634105354;-0.10413995657928206;0.24626156773577085;-0.033092305676312134;0.2072259998702904;1.0008046994338706;-0.06382835852824471;-0.119042711730761;0.32053912096389026;-0.08890698471705336;-0.1283677590447144;0.06265095974701057;-0.09632291191644546;-0.11691545650295312;-0.04242960331490162;-0.059402070606324145;0.06909701378489504;0.9975908682483582;0.006169462982857388;-0.11315225411035597;0.3106105296152279;-0.10041621676672967;-0.11518030635436115;-0.003442651969834142;-0.11193836358470032;-0.0928939828573932;-0.1015675192098264;-0.061613467112384926;-0.060198047158196794;0.9326460527577561;0.05281549636395078;-0.09874258219913595;0.22727806026412303;-0.10182958824454001;-0.08826063741762495;-0.018781176123062092;-0.09160790599394172;-0.0634955534824328;-0.13010442689423374;-0.03833543797254427;-0.16101115052525455;0.8214756106310589;0.08445123800231326;-0.06856143529627495;0.1695902010984281;-0.08254286739144076;-0.05539314115656129;-0.023594015054926476;-0.054213800057726365;-0.04359203614640453;-0.10738990587772285;-0.019824034582133505;23.227933124507302;16.63450817982484;5.84233330862915;33.46750838505759;43.80649049220718;40.44506806348525;29.255924641786777;65.28766099769064;42.20348810390841;32.0602704165762;66.43069560664443;53.1112685141693;31.877375967041765;74.76929946451871;50.78359264097845;33.369831077171135;8.671723807363437;8.175153137256414;7.7938513505868405
0.9846911852514992;0.38010400874841915;-0.2831718637077906;-0.267133926278155;0.4269673995132396;0.07498746405892105;-0.2562846758874706;0.21199692932218814;0.3767213984120167;-0.163606518664402;-0.058821445483153045;0.4139838516700743;-0.1504200350772831;0.0765328650729097;-0.5731564958432549;-1.0218875774511462;0.3878436441656664;1.1388201681815135;-0.2682537665284235;0.2618687620584547;0.38674986232309133;-0.05523706683141036;0.1308537677524507;0.1483862646553262;0.0015518409126192216;-0.2549969548474505;-0.12875160958088375;-0.9583316628646155;0.5615342200612339;1.2071517291724527;-0.2865375147211169;0.3117138105471948;0.03195419149498133;0.09910662383837078;0.06534221582135939;-0.2160256054852285;0.1028860270245711;-0.41142665832930164;0.3488027577511152;-0.8625802065175877;0.546422976088453;1.0738766529366144;-0.16379047109130568;0.27292812643392816;-0.08521309559840405;0.21082129612364606;0.04041580721618977;-0.2788490442984403;0.1746305812448455;-0.46141825255473085;0.7894494947003409;-0.7848492381790966;0.4074204342909612;0.8123980937519814;-0.043903626118517704;0.23244135926234138;-0.06535748438987316;0.14146426009502125;0.04030122662347674;-0.23398189040921652;0.10884812357246673;40.1213013944675;46.33924837080379;35.07252960627399;103.95075900280916;16.15651138321656;10.241656060545035;91.01038008220527;65.5548131176405;73.12584016470944;76.39267598995285;86.9351998088674;52.548602956586606;63.58318410845143;82.00982022121893;56.76657173912653;43.37213109473772;28.322940433956063;29.3631247374895;21.299630049193127;0.9884483030687592;0.030504939646000186;0.2529740736954215;-0.20381693717653032;-0.010619379826446777;0.2804623083698597;-0.07828335857155189;-0.09522192015875383;0.3097316766706296;-0.04792570772852236;-0.10300009695666432;0.24778037692859087;-0.03374988828645434;0.2079207645113247;0.9964868594175462;-0.07256697298051042;-0.12373096879311439;0.3159827815799292;-0.09178088957493973;-0.1284616135482541;0.0630711133268079;-0.09794131595297503;-0.11704784343281979;-0.04265283370879275;-0.06011388042814067;0.07183254258553087;0.9974162777987334;0.000924450008129343;-0.11849395451515227;0.3058190834434468;-0.10453383463472572;-0.1174981661431879;-0.010654892511504995;-0.11312152214426359;-0.09422608380556724;-0.10755416183087327;-0.06085712247756017;-0.056216100534560734;0.9356328513388501;0.050868979969246164;-0.10111417169535726;0.223021352019724;-0.10588428627587772;-0.08877626033475028;-0.028761007620600576;-0.09145690954330174;-0.06341849210958929;-0.13361814138185799;-0.03648416660823663;-0.154687406240832;0.8268026901244798;0.08552495017253456;-0.06967221794928673;0.1644814610943177;-0.08622847655020421;-0.05724412410105558;-0.030964438111784474;-0.05454483032585173;-0.04480013171617195;-0.11010489092889787;-0.01856534024571856;24.402087709372605;16.250369691078095;5.572981619389851;34.45826163013077;42.68414044712356;40.5236122977391;30.557990469314557;66.43989258073996;41.23470292467191;33.44460611465321;69.43288268075959;49.943018937962535;33.777323813934686;77.66376361239384;46.8545972104207;34.865872049318455;8.70290557825852;8.14767983053288;7.629708614292623
0.9863497848023692;0.3732995519460374;-0.2250111553040853;-0.3205340283788065;0.4034498240608333;0.10796371042635307;-0.29073882452893796;0.22835999170860777;0.3897337226775136;-0.1970051669180063;0.017739019593986893;0.42015336670306525;-0.17667338449827083;0.13319327640365766;-0.3994135435917607;-1.0532815384580065;0.3761175430587921;1.1229677345871734;-0.30643888558609633;0.25522604745444405;0.32387616046016837;-0.06693847293494379;0.1004063702663859;0.0695443625147726;-0.010343489066784771;-0.17837996553882457;0.04641369828212318;-0.982866398095969;0.5170896431113295;1.1785878986247127;-0.3066602025537265;0.2881134551798574;-0.0025624908085976426;0.0843585767641931;0.043130797130366647;-0.24364288588625402;0.08100353464717275;-0.3435846982875343;0.5132909326926596;-0.890796242741279;0.5141230687075844;1.030921613925408;-0.18724960460567658;0.2494282717516083;-0.11010389771770587;0.1896842436042571;0.026170793309608097;-0.30204393430066473;0.14538435364378244;-0.4089073145991507;0.9242912731121206;-0.8249804091746419;0.395077790973377;0.7749130197434327;-0.0899789896232726;0.21401441852267897;-0.0843708052185267;0.10250264454462188;0.03064479316826581;-0.25051331691403733;0.0803901075843897;37.13014242806627;40.21948820438428;25.665656951545543;93.1259051293546;20.000317765688685;17.477254926961344;78.49583835992702;72.40203055648246;75.26234591901785;65.76507948108645;93.07428866810643;52.90193862552847;56.545529545404726;87.41069392300504;57.40587705940545;38.960950077494125;28.912120001176422;27.598909492627467;17.35932076193752;0.9887705523070056;0.03108576880229317;0.25091039386749564;-0.2054063896968485;-0.010675692489835744;0.28078170340637404;-0.07877657009991058;-0.09608890526197103;0.31177211434911883;-0.04791108336610502;-0.10381697943518736;0.246010943227447;-0.0334423518343853;0.21020279479302695;0.9978162692951458;-0.07384792484551785;-0.12533982420178813;0.32015673303584535;-0.09136082794921271;-0.12868912101126992;0.061803080932550956;-0.09687409173266914;-0.11800172959513687;-0.04376298386604128;-0.05919958659457674;0.07365883253667127;0.9972832070480396;0.0007624495467875975;-0.12171438914084934;0.3061104234946838;-0.104217525407645;-0.11683300635064957;-0.01622244052713497;-0.11069437248502986;-0.09370750311993135;-0.11144979308797662;-0.05854136160856051;-0.05519193485470907;0.9348004845715512;0.05164051145077434;-0.10181586983045961;0.22412847817395087;-0.10520879778288798;-0.08858699377406935;-0.03135307858181278;-0.08851460516101148;-0.0633502130779895;-0.1337492527125556;-0.03409172645422677;-0.15404386810361054;0.8259811536660417;0.08699421719020163;-0.06912804411652637;0.16670980361139418;-0.08571348580702623;-0.057608687472736494;-0.03533703292559522;-0.052351687154577935;-0.04502291006323091;-0.11317919328769342;-0.01645778549278362;24.790339429818186;16.33683498744562;5.826033567502832;34.46879986636385;43.164512585705474;40.61212421982531;30.976976052790132;68.16151949304337;40.73394990100758;33.36087870211976;70.90652205093544;49.15221119727977;33.40308542271063;81.31675047562055;44.80851835451543;35.223838288798525;8.733768142804903;8.211977027570708;7.673575075990838
0.98813514708458;0.35450848948127006;-0.16211618551446508;-0.36199500545712415;0.3674945324019218;0.13492766424132718;-0.3144945779456903;0.23657670886852816;0.38874448471559636;-0.2228550086523044;0.09029460534681895;0.4123109296536117;-0.19639856165418346;0.1844999511531309;-0.22065189253331727;-1.0477694852222956;0.3524805298986648;1.0693554756732753;-0.3326922413573482;0.2399813883726115;0.2527957996432797;-0.076090817134141;0.06827934555641398;-0.008333291668165047;-0.02163184157584117;-0.0970151350906109;0.21176861650980214;-0.9724927334560785;0.45671506097042686;1.1108203715206197;-0.3152656917061762;0.25478392148258955;-0.03650935365324134;0.06696053988122798;0.020232245184240792;-0.2626287908122598;0.05672231599911759;-0.26489945605906523;0.6527453692531953;-0.8865476324704058;0.46473019152549244;0.9549130849629393;-0.20406495063967298;0.21766925578891178;-0.13164968636842309;0.16208468396441691;0.011161158008747106;-0.3148366372846892;0.11167888599781554;-0.34277484531911934;1.0218808356349465;-0.833769638747363;0.369205119315541;0.7114003804430963;-0.1323345086912837;0.18801414060878485;-0.10107317855130184;0.06093795053000345;0.01936948866890765;-0.2588339856548876;0.049907975262333065;33.69777020984704;34.58687890507558;17.142248983053495;81.99439008850092;24.80486698195632;51.75451696076332;66.3800958440849;80.4662280266342;75.00459522820995;56.20503209470028;100.17651293249105;52.065949984678646;50.05425829134167;93.35450739716858;55.95986360500385;33.77331081468301;28.559594231547877;25.01982192185968;14.029726364068088;0.9890200992060388;0.03186693552061366;0.2490432803020694;-0.2068214133549484;-0.010640952737084639;0.28116547937125336;-0.07920493162597365;-0.09701341761840303;0.3139112398042345;-0.047874631350733436;-0.10471310923645352;0.24410248371074608;-0.033096653706349004;0.21256822233087408;0.9993602362466291;-0.07487837867096526;-0.12685796272573147;0.324690983432576;-0.09081813683880503;-0.12892378720825257;0.06045952298162957;-0.09569812709782811;-0.11899602722317348;-0.04491794469065379;-0.05821623224563071;0.0754744634026247;0.9971474302312572;0.0007795878951250376;-0.12489759719131757;0.3065855442449113;-0.10373918703699087;-0.11605328630433207;-0.021798190569450118;-0.10810917859178087;-0.09311652210417005;-0.11531740784304147;-0.05614209337175713;-0.05426070388933875;0.9338196395790281;0.052518003217416294;-0.10246623657774971;0.22543940362974985;-0.10435641126443043;-0.08837011310124428;-0.03371299180683475;-0.08543730717231446;-0.06328126286559438;-0.13376108355662733;-0.031651197570668255;-0.15359456568055357;0.8249285631938184;0.08849498863857401;-0.06851819932503544;0.16922585263323967;-0.0850424412315206;-0.05792452322686135;-0.03965522865860654;-0.05004215458571122;-0.0452131434400324;-0.11630290928788059;-0.01429464605016905;25.156058150277097;16.440085088099192;6.106327387316813;34.44994959595939;43.70638600955902;40.690769539969416;31.37250866794768;69.96638649081909;40.16985124748088;33.22646930884952;72.375030743707;48.39745451809203;32.95334254925487;84.9979651730286;42.786862107002634;35.54606552992215;8.764562933302036;8.28026026450801;7.725441935219416
0.9899205093667908;0.32872962062488337;-0.1036764915989204;-0.3877755628233245;0.32661681279361227;0.15442530540006005;-0.32635550237317873;0.23720571517859065;0.37732875928416915;-0.2390056914485718;0.15017340631859574;0.39436705460382404;-0.208006578558916;0.22356322883676288;-0.061079435993988664;-1.0145562376256279;0.32259359320218245;0.9942323436619944;-0.34620426900640455;0.22036204161968856;0.18485936199737368;-0.08188554626710415;0.03882302111343066;-0.07501197924762766;-0.030741794373730022;-0.024477279202063242;0.3480703090446633;-0.9371488263687987;0.39243360978437725;1.0224093662355684;-0.3140899704742638;0.2192254204916681;-0.06468101228924755;0.0501938258339617;1.0053873521947443e-05;-0.2718015924851127;0.03432048664575915;-0.19010064618171343;0.7548102855946989;-0.8588017394401392;0.4096653451429489;0.863659658953805;-0.21296474504074484;0.1844687529939258;-0.14658164146333463;0.13396835483160793;-0.0020370682090526094;-0.3172698392269864;0.07968693527142007;-0.27664359056951854;1.0779464733239;-0.8186591131613371;0.3369429490624764;0.6375007953738294;-0.16512562081529264;0.1605670158430913;-0.11267517806838222;0.023573200246383725;0.009156351513227209;-0.25894735667355934;0.02236411211353585;30.38079935329228;29.76155397247181;10.24183234699595;71.5508237788041;30.6715893780759;95.96664269719433;55.7854824030477;89.1112099569524;72.47483706425166;48.17736904649646;107.44076328778974;50.15777439941452;44.481603152434616;98.50758916096933;52.64752502663058;28.779552995366586;27.385942063402368;22.321772569026585;11.474729521649135;0.9892696461050718;0.03265754869723942;0.24715249017639054;-0.2082530451506704;-0.010605752172977745;0.2815529998012106;-0.07963826480237636;-0.09794890966548854;0.31607546794734576;-0.047837571869639564;-0.10561984559927057;0.24216985863426263;-0.03274661577645189;0.21496186250763674;1.0009197125160794;-0.0759211826378719;-0.1283942405141883;0.32927959367107273;-0.09026850172020796;-0.12916088820053523;0.05909932852951596;-0.0945074567334649;-0.12000208382969672;-0.04608687959403127;-0.0572206544357825;0.07731204549672732;0.9970066261156704;0.0007969332217132292;-0.12811931573984944;0.30706544082552245;-0.10325464809811984;-0.11526363806823534;-0.027442061164526726;-0.10549200150228906;-0.09251799871098634;-0.11923193607064954;-0.05371329135758156;-0.05331790031264516;0.9328236455050125;0.05340604982034903;-0.10312421167037576;0.22676560119107436;-0.10349324730200729;-0.08815028150653824;-0.03610165409928417;-0.08232208386092235;-0.0632112557010211;-0.1337726074784108;-0.029180712960778076;-0.15313924948575364;0.8238603138081588;0.09001381646904194;-0.06790066449455737;0.1717721028058335;-0.08436290232272223;-0.05824402623541806;-0.04402610414911959;-0.047704206345886666;-0.04540555081035271;-0.11946443718761446;-0.012105002090915761;25.527702133495968;16.543979639827576;6.395757760681331;34.43640817415877;44.25360387264146;40.75847470354535;31.775864361788255;71.8308615384175;39.5248036254252;33.09336555886742;73.89052702062784;47.59520643373783;32.50940334946306;88.65136034156701;40.75115434100742;35.87343073483915;8.79542798205105;8.349438274842182;7.778203277355516
0.9763444691555734;0.35083806436098763;-0.10581338355634083;-0.37758482328470605;0.36540716532830525;0.17757386816046847;-0.3149492528109934;0.25175340929439843;0.3781449342477069;-0.22412580674367052;0.09782839481510738;0.4225543634196593;-0.1950986229268895;0.2418198366821791;-0.0897832555281309;-1.0321675666241656;0.32362409748805215;1.0316967890878135;-0.3301054075673026;0.23112953684145515;0.23144446496388282;-0.06237807437492922;0.06318931630708638;-0.028262021603684354;-0.011312214753629963;-0.028836771416111854;0.33256097654128675;-0.9426407786087979;0.4093940400715042;1.0495431851520038;-0.2957114858545538;0.22656788969429165;-0.043924037714837355;0.07008125828589032;0.005050362504950326;-0.2625778908476053;0.05279880125957319;-0.19732151944434317;0.7542075525824546;-0.8490686446989391;0.4224007283242315;0.9268206319790845;-0.22075076332164054;0.20036962523463986;-0.13130886699158245;0.12988957590897132;0.006659710721428108;-0.3031352979730647;0.08871687113572058;-0.2751440733053214;1.1046568818127254;-0.7850325039465055;0.34054727156936143;0.693316934108505;-0.17517743816436124;0.1713174063935774;-0.09529358631376621;0.02607769039687372;0.019040403718157385;-0.25807036138466205;0.02962931404349108;32.4168632469512;28.08848645734068;18.741712641184456;74.25647253664232;27.41526654406848;67.94613096050281;58.07133318041324;84.70358593190188;75.31612476504384;48.04715537824217;103.38322835149754;52.287431887406015;42.331659614855305;94.50198534445559;56.23716869763806;30.148737280336977;28.370176639792735;23.52546860593703;12.862912260383094;0.9901731525752078;0.03067076945173121;0.24409878359078407;-0.20968317718473392;-0.012069072361457597;0.27948892214499355;-0.07987400346887279;-0.09980352411618322;0.3130819697533257;-0.047373512732150354;-0.10553794656029687;0.24023859226610964;-0.03237152094778456;0.21554290507780455;0.9969496656993304;-0.0796280334912716;-0.13218387027806391;0.3255135945852605;-0.08949133361958403;-0.13002714336244986;0.057234244494334285;-0.09361840955102323;-0.11935734913556321;-0.04766976405470911;-0.056676257533060784;0.07965819662902925;0.9968203796740216;-0.001924156009922356;-0.12900430396877688;0.30413315530347496;-0.10309337989214597;-0.11646854911902757;-0.02440678606534574;-0.10586979258045234;-0.09410432339844549;-0.1181708994273156;-0.053987096993487305;-0.05027652378135947;0.9341043730630382;0.051952346673320174;-0.10569232075423;0.22351519193161376;-0.10370195061406211;-0.09004638737759615;-0.034256887941473455;-0.08411592593855166;-0.06503695422197835;-0.1323796761735772;-0.03032431641834658;-0.15043580702405457;0.8261246287789359;0.0899110442805411;-0.07068919679263823;0.168724941875635;-0.0850246237158042;-0.058830187906023776;-0.043468214039929357;-0.04926281890823437;-0.04618903077473546;-0.11784200286998511;-0.013193841320909335;25.89507016274982;16.748795332969607;6.095041173033804;35.18333918208528;44.233812214072415;40.77783189776475;32.1245331837399;70.37140949923734;40.04655723718632;33.81029116329086;72.02294920000129;47.77668517023405;33.307329536586394;86.73560309520663;40.84546548772851;36.26223902930772;8.77851156198654;8.323395205049065;7.788206005704342
0.961686538652008;0.379637753940738;-0.11268052417984736;-0.3633138383769526;0.41561187065894833;0.20433103936507074;-0.3002121972027869;0.2694214953953372;0.3799835006008652;-0.20484515509916992;0.029755919454640876;0.45818333989888255;-0.17854836383282063;0.26119803594092933;-0.13636096177611223;-1.0560587482324952;0.32706909919846977;1.0828078203772076;-0.30953714857294046;0.24567316848412266;0.2931053429564077;-0.038215366582159786;0.09499572627174739;0.03349916596519088;0.012999209181979842;-0.039434831134582654;0.30375340823610897;-0.9519342209829074;0.4347387130990231;1.0890509340790546;-0.2734390134547185;0.23810553564042125;-0.01660769528896695;0.09551113671820156;0.012660075128875388;-0.2506915156315482;0.07692415859699288;-0.21157259145112173;0.7460537856500578;-0.8392747197813454;0.44193132321133705;1.0103794443766758;-0.22958503957270202;0.22215062678722983;-0.11163587075835567;0.1269806315701024;0.018207315159761428;-0.2857650190990308;0.10204357340894615;-0.278152086093468;1.133112281390596;-0.7452345557575522;0.3472986261066268;0.7666629317074973;-0.1850251052264652;0.18640924054239322;-0.0732957126018745;0.03185227854530807;0.03181567172225657;-0.2570032521528617;0.04048178238501477;34.709218363993145;26.603027558864948;29.263231162707072;78.1210379679797;24.681372169921474;33.21198525882322;61.531415770429014;78.95364487070883;77.57239172875163;48.49574237712099;98.00108999213607;54.81190384204641;40.292805619174324;89.13023646894868;60.64870255815789;32.27094846549357;29.571482550957754;25.20507720750671;14.776969366292402;0.9911227168523612;0.028500744708635603;0.24097962325129904;-0.21110111564062012;-0.013628340945736124;0.27726170221776464;-0.08009321615032602;-0.10170954515243032;0.30974021799120927;-0.04688173351029172;-0.10538549487804474;0.23831669143045758;-0.03199665353532269;0.21598956144849785;0.9926022758972567;-0.08349751711129957;-0.13610595023945474;0.32117892026303807;-0.08870196032128473;-0.13093036712759226;0.05534489272921873;-0.09275511123879444;-0.1185988641766129;-0.049270922296495163;-0.056166413363463154;0.08202391430122767;0.9966187033026658;-0.004820550800260196;-0.12971717266871155;0.3009753340053366;-0.10295454484989836;-0.1178046267170019;-0.02077929404381624;-0.10645474002546529;-0.09583305390856649;-0.1167645561643554;-0.05444883151122259;-0.047106298056473116;0.9355246384205155;0.05034235486932316;-0.1083769643779575;0.21996034657590208;-0.10398343005026167;-0.0920780919743176;-0.03212531378730903;-0.08624291687333065;-0.06698352664626278;-0.1308950218660761;-0.03171475882666333;-0.1475894392015873;0.8285979630043356;0.08969346561383403;-0.07369871349291027;0.16530112142867684;-0.08577542088763837;-0.05943054971131235;-0.04256606308938465;-0.051085230899703654;-0.04700846202671346;-0.1158914027624357;-0.014506457825742348;26.262440639670942;16.96309040034285;5.749817352655278;35.99569203907222;44.164761503659726;40.7969800661524;32.47378636197409;68.69469643830125;40.63582586753623;34.60471928525428;69.96252578429386;47.98149288442742;34.23339566897364;84.45612093423527;41.04803449892752;36.65996248761783;8.760525718567962;8.292121066049692;7.796210371087287
0.9470286081484424;0.4123035331839744;-0.12044129949484059;-0.34642493284377085;0.4728695739621651;0.23486905515903037;-0.2828671832207539;0.2894148533266299;0.38161588274227576;-0.18239178000112713;-0.04863516718545504;0.49860978989269716;-0.15927122713487987;0.2831702501945244;-0.18979948132719116;-1.082213379282694;0.3306179094583978;1.1402591479793216;-0.2854683932103871;0.26210043791466864;0.36370539503249255;-0.01035479706263731;0.1314847709238151;0.10454524906985832;0.040965740279817864;-0.05158325987546431;0.2702083574950193;-0.9614190609928972;0.46335751472333503;1.1331386309670959;-0.2474546298786144;0.2510824733619855;0.014855275699438196;0.12465997076974722;0.021402932232040196;-0.23669076686624899;0.10459512271668107;-0.22770653940767493;0.7357185920509041;-0.8269329577172154;0.463848810297937;1.1052712426970854;-0.23946117784266455;0.24693825062665475;-0.08884958575567976;0.12347066863770398;0.031475724934603454;-0.26540749283616044;0.11725301752087493;-0.2812601996545058;1.1644223296277576;-0.6984771264145958;0.35462737533796224;0.850109852344067;-0.19612442361362992;0.20354296967954716;-0.04788225373280015;0.03845842087687791;0.04647982598290986;-0.255447723935837;0.052921708948439436;36.79982665891916;25.062380194336274;40.37309952864217;82.27888352262796;22.918921785752968;21.657241837624376;65.38660040791326;73.0311611123959;78.20732591700302;49.0347315262587;92.13824827241257;57.218445911165155;38.13801322225275;83.13464970019075;65.09143666810772;34.7390023684527;30.803654158805884;27.143152399536433;17.021803388861304;0.992072281129515;0.02634384798535014;0.23787655363556953;-0.21250728383905154;-0.015177702465161947;0.2750445100937166;-0.08030994971308195;-0.10360227415284991;0.3064149887237277;-0.04639236771331915;-0.10523252891802096;0.23640345674698285;-0.03162367776492172;0.21643043286951397;0.9882681871982432;-0.08734172504743341;-0.14000169570256887;0.3168667975918607;-0.08791627400225145;-0.13182614246235808;0.05346654675647611;-0.09189590430141384;-0.11784345826048802;-0.05086141713512288;-0.055658966187638506;0.08437374855350407;0.9964044352609382;-0.007698827661449657;-0.13042379612929864;0.2978330107011192;-0.10281514444747539;-0.11913074063727513;-0.017174120580218465;-0.10703456270763029;-0.09754967895196964;-0.11536535502291444;-0.05490693180558276;-0.043955175281165604;0.9369230527590364;0.048741697340322965;-0.11104337077777657;0.21642459929942875;-0.10426171034063177;-0.09409585508297216;-0.030006577655386613;-0.08835545355836784;-0.06891703684685097;-0.12941780138056358;-0.033096095009928134;-0.14475875970972732;0.8310443690672986;0.0894759966037993;-0.07668845016474547;0.16189634200574168;-0.08652034703646022;-0.060026344114958365;-0.04166894305573166;-0.052895575377040885;-0.04782213320160118;-0.11395134883312125;-0.015810692251738628;26.630179645472534;17.17983037697015;5.402128013443029;36.81995337176282;44.086269890051035;40.81895758325173;32.827845951971604;67.03856723284704;41.20619022452401;35.41634869558034;67.9493773359609;48.13964136582853;35.19873296208411;82.20554787350018;41.207748976732695;37.062433494727486;8.7449330668361;8.262391424038071;7.805262123073358
0.9415571142512188;0.4089486137145144;-0.11525424928751382;-0.3437362086960844;0.46796306031165036;0.23117094676579988;-0.28392028391093627;0.2822320135933974;0.37769262611601057;-0.18385542231732402;-0.04258418793720297;0.49461801292718793;-0.16089358428171574;0.2846619580902222;-0.18014517828164994;-1.0807682681794515;0.32454592918495817;1.1234317346174194;-0.2884004779002237;0.2560188092925217;0.3648938323041357;-0.013794094006262081;0.1335669126574388;0.11463578345515832;0.03859724683074133;-0.045029301664471444;0.27346814035060396;-0.9608264870437287;0.45799333387895996;1.1167355796367724;-0.24447858610211884;0.24172623536736992;0.009637166853185662;0.12667082376615216;0.017962349077996823;-0.22667592059807798;0.10368177645020973;-0.21922720799990605;0.7314272880686487;-0.8270758180159461;0.4578567881608355;1.0980513615144434;-0.2359653672248409;0.24109906407174342;-0.09459164648067933;0.1267715673340557;0.029384617484300272;-0.2654333130784982;0.11755556267098052;-0.27414041222937;1.1537944176890262;-0.6995799188616507;0.34746371445896934;0.8469234505403176;-0.19285143538126362;0.20389944351796144;-0.03799362553135639;0.04037851142774696;0.04954512051133386;-0.24872355341488803;0.053431162725670646;36.114905822429634;25.41845463605074;39.299252522900055;81.49288508751575;22.285925654587256;20.046016575847144;65.04055777038208;74.38826846687304;77.05223294460929;48.87541575349474;93.83501614897224;55.961804857167664;37.870029808691484;81.01198282202097;66.64581006609488;34.695501961173505;30.406280304488305;26.81966938056211;16.94322348941503;0.9921384147208644;0.023298942753824454;0.23630116106143847;-0.2137416348278838;-0.016957941099151188;0.27557314807788497;-0.0798177103425172;-0.10342888889964873;0.3056911983385264;-0.045123502843957046;-0.10405674674001118;0.23570940649189653;-0.030242805074490346;0.21780061703294482;0.9872794062212772;-0.08895155353708041;-0.1423730290879287;0.31582828023556403;-0.08653150200794768;-0.13270019803905764;0.052032301506510725;-0.09089799887443599;-0.11762624914456482;-0.05145465536739063;-0.055300147081288394;0.08802748304919635;0.9960879730714312;-0.007740292660583811;-0.13056824468737227;0.29908074554343583;-0.10124584386491926;-0.1196605912254239;-0.01608245509922591;-0.10644095640606821;-0.09839009326350995;-0.11146638898447415;-0.054983882026031806;-0.03905086498001519;0.9385543997004877;0.05043720808408006;-0.11126356684687;0.21858621982940954;-0.1018953629402369;-0.09376203746939818;-0.027238987647024825;-0.08756970239559037;-0.06924411837445736;-0.12367976785545232;-0.03341879236835271;-0.13981627648594186;0.834729762334471;0.09277210792959337;-0.07768558252793131;0.16469505331831788;-0.08455996031804024;-0.06005713328687986;-0.0351160958337574;-0.05256795821548726;-0.04761841681368404;-0.10463288570085508;-0.01618596734960809;27.037313098997004;16.921532075536685;5.239725892774129;37.2443485288001;44.31549239114055;40.543672765164644;32.80232145027728;66.88465696468518;40.44122995295903;35.12252649188174;67.37432088827136;47.970491822661195;34.728096367338026;79.04402266722225;43.15332264740641;37.459200977125874;8.68796578598732;8.220060402726682;7.781874971546636
0.936212509382046;0.4051387018091933;-0.11000844615725962;-0.34130619579504645;0.46226004025009554;0.22706129862866645;-0.2851988166049511;0.2748278209980012;0.37377213863046854;-0.18561872056205947;-0.03546433055110488;0.4900618759693941;-0.16276887436424786;0.28580426457898056;-0.16981810928675048;-1.0789078290292846;0.31847612889524757;1.1059093624156289;-0.2916337159390728;0.2497561885738894;0.3650277094446231;-0.017597115555755206;0.13508990827435274;0.12357567188266674;0.03584868008019819;-0.03837207828952628;0.2771633859622598;-0.9600562697517672;0.45225340071334025;1.09982670484556;-0.24190120345982744;0.23227717305834472;0.004022335368903009;0.12823005654257758;0.014433554286661833;-0.21696747755017362;0.1023728089686776;-0.21060036789987718;0.7272991038674708;-0.8273554662458742;0.4515933183458202;1.089485253663122;-0.23235489630472053;0.23495568395071909;-0.10059359849954416;0.13007936625409652;0.027123716017397964;-0.26574087984321837;0.11762848664361736;-0.26704364421068727;1.142777964155598;-0.7013134947099683;0.3402588257656786;0.8425228056097777;-0.1894456188920733;0.20399357173328428;-0.028584571352776582;0.0421789236287234;0.052360410009252616;-0.24208670296737228;0.053751898072673464;35.39759580675794;25.79990623269697;38.06250812998832;80.6454158861597;21.675182072979542;18.70808214028388;64.6424014404056;75.89899408963434;75.83455577970886;48.7141667087552;95.61273560887737;54.66925427924904;37.64185052516018;78.97045154417908;68.10971732582061;34.61307308719599;29.993435320304826;26.468804235031364;16.8312330682203;0.992192345793884;0.020234080379419192;0.23473985420892565;-0.21497373615089874;-0.018745457696968858;0.27613726152876755;-0.07931341864559259;-0.10322517666947213;0.30499744692705644;-0.04384019430421263;-0.10286259633406636;0.23502733059383055;-0.02884426469532753;0.2191840240401528;0.9863211257230531;-0.09053325394513322;-0.14472716270315833;0.31482817901918136;-0.08513393850794179;-0.13357429076114447;0.05060000624449455;-0.08989453604449098;-0.11741435987221081;-0.05203487743776665;-0.05494176532190488;0.09170689542283951;0.995755942717348;-0.007742601306407496;-0.13070352957827136;0.3003880777984919;-0.09965163957795124;-0.12017912905280867;-0.01502261546695345;-0.105828283651235;-0.09921913085454;-0.1075219633700155;-0.055055019302752854;-0.03410993332487291;0.9401803031942169;0.0521816474929849;-0.11144903958974405;0.22082878032465025;-0.09948540387770925;-0.09339369363477376;-0.02445536113319043;-0.08674086621538413;-0.06954889119801048;-0.11786734291136435;-0.03372721241351048;-0.13483077522963796;0.8384299768663861;0.09612346305642917;-0.07865658857434725;0.16758396017988486;-0.08255634239529344;-0.06007939179765868;-0.02846881848441137;-0.052209331939802484;-0.04739952432875422;-0.09518857172169143;-0.016549114157249908;27.447696973564955;16.66057630070171;5.0806238522343365;37.668848315816895;44.54821754600255;40.26374101972216;32.7761495942355;66.7481282292463;39.623924090437484;34.822887664446476;66.78901119388887;47.73524545689581;34.25833668038251;75.58722343976186;45.098164597134634;37.86534818601117;8.632760345711601;8.180194220984271;7.760727494893025
0.9308679045128734;0.4014007039598281;-0.10488691719675966;-0.33891737492164287;0.4566727998076877;0.22304106338551594;-0.2864294632867011;0.2675922923276156;0.3699280846069544;-0.18732769153184808;-0.028519564863868634;0.48559142424614177;-0.1645883403287066;0.2869020392563597;-0.15973832730023907;-1.077032814411716;0.31253934050206883;1.0887604503892876;-0.2947700857454817;0.24363525154952798;0.3651376692104351;-0.021304552257683025;0.13656740346231055;0.13228622925603786;0.03316645644571516;-0.031878275543410606;0.2807510879712637;-0.9592510631483971;0.44663072967627276;1.0832763737977595;-0.23937428477796363;0.22305003646613747;-0.0014530655354871602;0.12974327445849618;0.010991716993371788;-0.20748827524625987;0.10109062557735735;-0.2021762249878821;0.7232325803426167;-0.8275814961949167;0.44546016979017283;1.0810707635617889;-0.2288211237098888;0.22895185640229615;-0.10644059079999926;0.13329755400997376;0.024917520076376674;-0.2660258088072719;0.11769296256986149;-0.2601083325853021;1.1319710700115082;-0.7029643975343185;0.33321395343153004;0.8381840996757094;-0.1861138304387317;0.20407385352482155;-0.019407935973182553;0.04393217538320561;0.05510272183276519;-0.23560127696922667;0.05406162419337513;34.68458033204152;26.179750794507896;36.83363476583749;79.8067716387945;21.076740672946155;17.55732590180486;64.25298827001517;77.46282685513447;74.56492999624886;48.56116717428952;97.36095968413055;53.3927180331148;37.42648914066003;76.96290704010485;69.51206482232126;34.528880467491874;29.587722423720987;26.123794323488067;16.72049178018288;0.9922462768669036;0.017161663050402187;0.23317162465747693;-0.21620581872595962;-0.020536962167819705;0.2766989322751746;-0.07880684310569573;-0.10301956683221035;0.3042978705933721;-0.0425532379474403;-0.10166420139710328;0.23434041587727336;-0.02744200826901869;0.22056771392100816;0.9853470600779833;-0.09211747022016835;-0.14708490410916364;0.31382139077235416;-0.08373189028209559;-0.13444862953597136;0.04916361679323458;-0.08888745911264569;-0.11720035922668158;-0.05261576458040866;-0.05458178001463714;0.09539378880583856;0.9954094850788148;-0.007744809384096092;-0.1308373454727973;0.3016944000303329;-0.09805228477416146;-0.12069725210705361;-0.013960053379674028;-0.1052127065187357;-0.10004877807243841;-0.1035666986137402;-0.055125571414388425;-0.02915680175191611;0.9417971899229759;0.05392951450928126;-0.11163342624041492;0.22307364130748766;-0.09706835948754157;-0.09302319592117139;-0.021664789667409243;-0.08590887379670634;-0.06985343512419716;-0.1120395013819433;-0.03403590287070202;-0.12983158864964717;0.842127493955222;0.09948145969568178;-0.07962882300998543;0.17047743163341683;-0.08054683591778379;-0.0601008802573311;-0.021805366602406718;-0.051849138961683805;-0.04717946283246792;-0.08572052751989609;-0.016912896618880888;27.860668374224865;16.403789986191388;4.922636672913385;38.09896650251069;44.780004738324465;39.98344677529435;32.75464488790377;66.60838437977775;38.77187206343871;34.533078395355076;66.17359796930982;47.43000159682976;33.80974833948146;71.86247790842896;46.931672972153365;38.28085030578582;8.579988991040977;8.143012154863978;7.742234776815386
0.9329825058542672;0.4024725112764571;-0.10165893889066639;-0.33521096144708956;0.4522626494654837;0.23027409912291738;-0.2806354907661354;0.27087927284677205;0.37533489321839414;-0.18076783010717815;-0.0324510420919433;0.48791674329182255;-0.1569300018197203;0.2930616242066657;-0.14326254585651102;-1.0716060941419043;0.3180926563266509;1.0919001415658527;-0.28840488747473586;0.24109469840116743;0.3566545705601501;-0.012491576671721334;0.1288765663145881;0.11745299797906382;0.04009748838027417;-0.027163835210518177;0.30052326184065214;-0.9533875891521301;0.4495715569997775;1.0835480974869682;-0.242541082364135;0.2179115869965632;-0.00660915704991919;0.13193315275596504;0.0065803483856958144;-0.21457488149122905;0.10779557230043772;-0.19999759494877956;0.7437424817992678;-0.8206927390666907;0.44992245823482957;1.0698681364522349;-0.2292938481469195;0.2240794531460088;-0.10154362966230257;0.137662863280591;0.023523096039018816;-0.2543703349125985;0.12431447796431586;-0.25735283495843;1.1484779556967954;-0.6946779527853193;0.3381220590498696;0.8217888092458052;-0.18649665377456157;0.1986650252058851;-0.025061159582505575;0.045494037940442475;0.0517302525042057;-0.22900045169748165;0.05796193124340469;35.25216426823651;25.702117195698925;37.408427482583875;79.21864411918351;21.631641787318305;19.889259993308464;62.95652425156419;78.8929072787124;73.8041193727999;47.82856847764868;96.78191460558286;52.986879729644635;37.3594986035287;78.21082586482733;67.93588679869121;34.639793293746266;29.942845531816705;26.021493072830566;16.376024540745952;0.9911254219185734;-0.0004477402683548315;0.23111472648314543;-0.21503644054687962;-0.02993418960905876;0.280985592669654;-0.07616867093121162;-0.10703253951466063;0.30092216096589436;-0.03932977782650041;-0.10739467807700506;0.21196146674424293;-0.023902827742568033;0.204924866644312;0.9814959985470818;-0.09565422963783289;-0.15602662791481775;0.31431035243425487;-0.08236869763140521;-0.13930621728330989;0.03641518558537684;-0.08558895891884676;-0.11681764732526709;-0.06210422945476933;-0.051375492002662004;0.09113849908051631;0.9957985865053331;-0.008885330569599718;-0.14027403090660864;0.2958630767554157;-0.09433035906502263;-0.12381951675743993;-0.022912878241068982;-0.09778290402899156;-0.10019608485829985;-0.11047210729366802;-0.049626337470210245;-0.026119695727758338;0.9443555073407572;0.05521406925979886;-0.12148814988469897;0.21811013369276472;-0.09599180203363847;-0.09720856837870606;-0.02777269537879664;-0.08368595315493799;-0.07392060513010063;-0.11720510907989004;-0.031693051835165874;-0.12272646006309511;0.8488474081170078;0.1034015092695264;-0.08990494676385491;0.15950763176354177;-0.08219047679588727;-0.06588607152437892;-0.025413786459238294;-0.05405433343674212;-0.05318626735200146;-0.08954145430514539;-0.01743357645245947;28.317006952164064;15.498861045960192;7.356519088790282;38.4293773748534;48.21471908455346;39.25246967438939;33.945842816265824;68.60976216812767;37.84008776721838;36.3586725478979;66.8776435145179;45.425547046431134;37.29361711345312;69.28784640915978;44.28835813273929;38.93832036062561;8.206714546707264;7.82512936887011;7.497741387229733
0.9353519167036404;0.40351102435012526;-0.09847958282661004;-0.3313443406163796;0.44772916091810167;0.23770676237851185;-0.27453620905997084;0.27436177818600876;0.3808263848475411;-0.17391414074024703;-0.03669209737568218;0.4902238191922862;-0.14895913689728785;0.29919615387392023;-0.12666996562887006;-1.0656261525389845;0.32383001769428077;1.0951888496896547;-0.2816537878947923;0.23858881017851105;0.347805623342862;-0.0033416529833985424;0.12089662627324063;0.10192627841073729;0.04726298767916446;-0.022542738921812536;0.32050442640190346;-0.9469787418832007;0.45256455241803556;1.0838851303173977;-0.24575633171963396;0.2128608541492273;-0.011700912872325941;0.1340640116211877;0.0021769758816771755;-0.22204700790571266;0.11465210680256285;-0.1979577367734882;0.7645323595553607;-0.8132604781223427;0.4544896188348003;1.0581953232876002;-0.22979122150318076;0.21919064552020834;-0.09628997181993396;0.14196086727438526;0.022158755165309928;-0.24231505147830507;0.13103314944739514;-0.254646716299447;1.165211195910915;-0.6858249248181104;0.34322687751179015;0.804778005857506;-0.18691475789208392;0.19303567960684523;-0.03114235763716003;0.047013446362419595;0.048163287547500294;-0.22235635392477143;0.061917348321744385;35.86726840520561;25.193411440850852;38.02919591162012;78.63209934605139;22.274748130905927;22.87634468404474;61.64550965926396;80.34115300974838;72.96978902666814;47.11755917801618;96.12838871632954;52.5334513980784;37.3476759052677;79.6239556818087;66.20314082738656;34.760823749825136;30.309113856783828;25.913410279423776;16.03266567777212;0.9899644358035172;-0.018486421816238552;0.2290439643547697;-0.21378503302337226;-0.03955469080625721;0.28537710846829556;-0.07346613699651185;-0.11117192355465527;0.29746150793337833;-0.03605158517644057;-0.11333746866029314;0.18892279295219647;-0.02030359878408906;0.18875615159234319;0.9775404177277793;-0.09924221393546194;-0.165155829130468;0.31484174429668604;-0.08101018637718456;-0.14427834043433818;0.02332834432336141;-0.0822229271886335;-0.11642813092289238;-0.07185930063080499;-0.04808314858193435;0.08662659828822938;0.996190054865715;-0.010060171750714107;-0.14998931938557092;0.28980410352679675;-0.09054805756395984;-0.12701616392675624;-0.03217290351696742;-0.09014669345820232;-0.10031745124180955;-0.11771933325487179;-0.043956884354370396;-0.02315871539341963;0.9469161660239004;0.05647683993211463;-0.13163283045148116;0.21291496882616198;-0.09496291342032005;-0.10153140808078791;-0.03416031181661166;-0.08142219099776377;-0.07809915256151621;-0.12272344176810153;-0.029267962459397782;-0.11557360895563068;0.8556269973256774;0.10732379937008558;-0.1004576333521884;0.14810319040860553;-0.08395068020605041;-0.07184455336628216;-0.02935814294986906;-0.056337518208449254;-0.05938158427155433;-0.09379896100524517;-0.017957277425453888;28.76669642384017;14.650193686359291;10.482625361579197;38.723513631305465;51.77675924443618;38.33747235889711;35.23118536630498;70.60021045516747;36.74352194288068;38.32471674008812;67.43478317756288;43.40672468601647;41.24082839139404;66.36928493337915;41.8667817161553;39.69538189537082;7.845702605915144;7.513676704437449;7.261835861877111
0.9377427428231334;0.40436343358850585;-0.09543901651295972;-0.3273940485664684;0.4430913528519051;0.24484523090782226;-0.2684283469878758;0.27765186022634347;0.3860421935838503;-0.16712283705605377;-0.040665003248039344;0.4923223183518821;-0.141084332779449;0.30516512355126657;-0.1103478804831483;-1.059243554145273;0.3295010403935306;1.0978221741873844;-0.27486788865582157;0.23601342825063332;0.3388907533791824;0.005673632389736077;0.11299415796741451;0.08667556358361585;0.054297621529112966;-0.01786844572363995;0.3400325591216866;-0.9402438925005459;0.4554529671854696;1.083671903579698;-0.24875208869901605;0.20782341749053282;-0.01667676722653049;0.13611261204287015;-0.002161499456833658;-0.22922793091966992;0.1213302079151127;-0.19571019876179516;0.7846984506566012;-0.8055981796635566;0.4588578579422836;1.0462245606092895;-0.23015565686640296;0.214350734834819;-0.09107642180334258;0.146106819523064;0.020841182393621583;-0.23039134716179668;0.1375558624721626;-0.2517058263475866;1.1812423763014634;-0.6768423771318423;0.3481490881784489;0.7876947900682197;-0.18723137550058508;0.18747535734615736;-0.03713385253666314;0.04847906528773527;0.04467532893976594;-0.21576731969363158;0.06576479172428519;36.488739915548706;24.691620640613184;38.609810333366944;78.04174346534685;22.961579183011985;26.46724540171262;60.358851286672476;81.78961786052955;72.0634087510115;46.44837210597973;95.4727032885854;52.00763011350582;37.382478392966796;81.08052518852378;64.42011970137574;34.88222536028732;30.65968018732999;25.793432875822283;15.69985942092492;0.988818753311168;-0.03639055907811913;0.2267806765977618;-0.2125729845378468;-0.04923695249070622;0.2895549994679648;-0.07087105359611404;-0.11540484431135967;0.29380762918985914;-0.032886518534648204;-0.11929212241622705;0.16617000296886159;-0.01681295905701378;0.17248302195780887;0.9735411526544728;-0.10296262309347663;-0.174323229882212;0.3153916560474094;-0.07974536880275274;-0.14926210470095183;0.010132936187028955;-0.07894099662237145;-0.11601618866240263;-0.08172403256358972;-0.04485650744676869;0.0818982631563893;0.9965754612669534;-0.011402828268709083;-0.15974068394098465;0.2837976172411493;-0.08681791853677084;-0.13025141301176998;-0.0415250192397678;-0.0825881167712296;-0.1004024456599062;-0.1249501788890283;-0.038376563458743615;-0.02046734156263909;0.9495429086646491;0.057539238928067366;-0.14180942755664366;0.20783349115423283;-0.09389727401580923;-0.10585500232628327;-0.04054819901710328;-0.07912965540661462;-0.08220367936405874;-0.12819768992735497;-0.026875812538700042;-0.10872765878568498;0.8624839635026019;0.11100317852435282;-0.1110118867409035;0.13692426369644306;-0.0856246081418658;-0.07777493805293417;-0.03323965889592913;-0.058552611714579816;-0.06547877867263914;-0.09799958440295195;-0.01847974890467187;29.222363543286875;13.889087454151621;14.222817080990243;38.983173761653546;55.33378534656658;37.28784155556691;36.55659781667559;72.49522314360195;35.48585218876993;40.313387582409185;67.82254829540022;41.43841240339749;45.36601426228512;63.17824249781768;39.775811875083996;40.547149475043504;7.516652399656834;7.220678755602719;7.042446727250107
0.9421474953342108;0.405873949049022;-0.1062484571764523;-0.32551773681065593;0.44280319968134346;0.24220918707739275;-0.26669995987722955;0.2781205547362806;0.3872261851870725;-0.16633219743417998;-0.02546578085017169;0.4979639345734852;-0.1401443065237824;0.314670698862083;-0.10733816010986832;-1.0537732121970422;0.3486482133317557;1.0886257553263903;-0.269615213241707;0.2343558211644196;0.329176062193435;0.011520630607629992;0.10908632731969199;0.08532958794690151;0.058570122712405574;-0.004295244947244478;0.35155488924026546;-0.9361574177039393;0.47077970514131157;1.0779206603698084;-0.24489584297458664;0.2077167128199607;-0.016614545558559034;0.138338449044835;-0.004941562568813221;-0.22629533289132023;0.12330106242152211;-0.18017898517619815;0.8004277236863546;-0.8028723074054779;0.4685416008813402;1.0387017067113757;-0.22826500529666213;0.21822182332605483;-0.08817479249754821;0.1464874386326825;0.023417121497585902;-0.22838814840269442;0.13827273004290005;-0.23463147062079015;1.198146082369667;-0.6753596255887551;0.3557846663166135;0.7799249047664438;-0.1863520097962295;0.19063306963661855;-0.04240799231504724;0.04847615939316006;0.04689162312948968;-0.2167575104878678;0.06624523703559987;37.40314583345397;24.96878521530401;36.93091320363017;77.67690730412548;23.02279526265265;26.650814745405153;59.69920143672649;81.19472476672479;72.12283274179111;45.78785519033551;94.05450538861705;52.23412065793057;37.05367194877332;81.62340664876356;62.72504363341007;34.7453399097284;30.973867151191293;25.76829115544002;15.482430358681372;0.9891122480733814;-0.04830961015705031;0.20562501520509063;-0.2149860450841822;-0.0685718299591505;0.2753709163133802;-0.07765811463306604;-0.13035523856772602;0.27076939149831813;-0.03937026223811971;-0.12882660504456817;0.1623214666877676;-0.022389437621575133;0.1403217370434005;0.965352515646658;-0.12089948369413271;-0.1908909364721517;0.31840524203394444;-0.08706849895779693;-0.15748171521904533;-0.01842772953100967;-0.08256326017311841;-0.11348543994179422;-0.10593425192151694;-0.046745819773824075;0.054834462836918896;0.998065591412808;-0.02929602231000529;-0.17688906612041347;0.28095730226572646;-0.08678433463280157;-0.13860279298605827;-0.06328821845230011;-0.07969646076585483;-0.09720187759866698;-0.13355799049710831;-0.03924468374778703;-0.04252608296865633;0.9609420346531351;0.03996310512384776;-0.15911986023888697;0.2119958602750753;-0.08906255058869379;-0.11205715954971464;-0.049452307341963646;-0.07334061664243396;-0.08092765719660559;-0.1317411481907918;-0.026760922611356975;-0.12874971985227246;0.8806650464694444;0.09305955445509943;-0.12589828330053024;0.14323942069070356;-0.07982940391222833;-0.08339656864865566;-0.032647799576175335;-0.05519868885003929;-0.0646257813783831;-0.09851677956162598;-0.01911190709007263;30.207939493216227;13.904292188806444;12.705788833166814;39.04260391985604;62.58759983481424;35.19970164047357;37.22207917194504;76.62229097649436;30.892471570245014;39.76738078351952;69.65597927328048;38.43906523603968;43.17138146935562;61.94415510131903;39.705047525612535;42.70189547530527;7.423776480475021;6.978447778358731;6.7932923994984815
0.946552281674134;0.4072446608198274;-0.11698653172579633;-0.32353960911363694;0.4423689864742324;0.2395015243678139;-0.26488879197573145;0.2784953412474238;0.3882776547862375;-0.1654889708999051;-0.01030884796759326;0.5034213785763387;-0.13916088715958774;0.32404005964520266;-0.10430284908876312;-1.0479712539070503;0.3676157004578117;1.0790985882296529;-0.26429055544572905;0.23262593606585014;0.3193845099760747;0.017344282626572793;0.10515532405912684;0.08395977442230491;0.06280891273941278;0.009234065859458889;0.362922025100291;-0.9317737578000396;0.4858989615581087;1.0718307210724964;-0.2409711601531935;0.20754139709483815;-0.01654701516921309;0.14051092283531003;-0.007710703310235028;-0.22329738988292103;0.12522439781255432;-0.1646398007343413;0.8158387196147915;-0.7998889615636673;0.4780374453479411;1.0308590932092516;-0.22630487607530037;0.2220075323551495;-0.08525357439827931;0.14681814938406554;0.02597668536677123;-0.22631580686042135;0.13894129413611425;-0.21753621641290063;1.2145955375730635;-0.6736575876205526;0.36327662228707164;0.7719220051801791;-0.185413706310567;0.19371694435243264;-0.047650443065203434;0.04845716786570299;0.04908494867149202;-0.21767242630486655;0.06670208318398094;38.3061611689737;25.246160675984036;35.28855243710717;77.2973684606448;23.144260941507376;26.921508583800744;59.03770582091723;80.60582730549179;72.1781552422288;45.14479590646142;92.65188383370231;52.43975209904388;36.74816477500569;82.10915953402235;61.09102790535777;34.65244063783914;31.289475073370873;25.731594332545694;15.263736520445002;0.9894057450896576;-0.060621012418646716;0.1834481245069642;-0.21724977128376874;-0.0885540925665308;0.26034884126695496;-0.08461268470190604;-0.1457200007560099;0.2465668230950007;-0.046052843925565724;-0.13857440689640402;0.15814789526183667;-0.02814971990181287;0.10680001208144067;0.9557811294868424;-0.13937305659373286;-0.20786607107435504;0.32117668137660155;-0.09456871581204272;-0.16583347541584217;-0.04803706344381796;-0.08622908540629531;-0.11073343287204086;-0.13093271982472482;-0.048653748156948014;0.026696357528047613;0.9984988425066345;-0.04782641537525056;-0.19448222435998527;0.2776974387349886;-0.08665274447863112;-0.1471123022445358;-0.08579560098926046;-0.07660770395862918;-0.09377312874083046;-0.14233915534728195;-0.040101552643939685;-0.06536321783064582;0.9716966259836595;0.021684430406801212;-0.1769009450687107;0.2160777165875408;-0.08394754317336225;-0.1183665802716553;-0.058634623994950334;-0.06725309478868544;-0.07951364536546271;-0.13527039340627345;-0.026611897970900886;-0.1493778042509239;0.8985449820778831;0.07434043888905847;-0.14120162064795855;0.14963130886624934;-0.0737282519441274;-0.0891356812730068;-0.03199738665794645;-0.051657670150047845;-0.06366880466884864;-0.09894350814490223;-0.019746424722796814;31.252886919847427;13.972569802709826;10.636390380168708;38.920457293418416;69.04671439547069;33.004731745089;37.870083203486274;79.93166093169258;27.21458784551665;39.335280851349324;71.21984296831702;35.801680633424226;41.295601870768564;60.50739014069686;39.98611953993585;45.182174468219834;7.316690393436013;6.712748452959908;6.530992515838953
0.950480896661628;0.40864230647965133;-0.12742793868570074;-0.3209824907750359;0.44193579678553707;0.23653411663800777;-0.26264435695975524;0.27887924344716997;0.38893748076027784;-0.1642325619549726;0.004091280297899252;0.5083159478961051;-0.137717070583287;0.33297354551206587;-0.10021476610098555;-1.041368414798653;0.3865798535573757;1.0687877136586739;-0.2589391631904073;0.2308501588641473;0.30894692363710285;0.023145148149949567;0.10086858952918171;0.08149613850820339;0.06712081745398232;0.022806090240943586;0.37525165655265125;-0.9266423670987707;0.5008087945928653;1.0645652595657413;-0.2371702526094232;0.20778158963030752;-0.016113694452408255;0.14263555673357042;-0.009998857294867653;-0.22031118492875262;0.127282141440437;-0.148647760747333;0.8320815850167556;-0.7961787769885111;0.4876087321465655;1.0214824128726774;-0.22419143920198203;0.2256226093775112;-0.08257786708798937;0.14729989201927968;0.0283410678381711;-0.22439891697056827;0.1398474899548213;-0.19976738729525162;1.2312627246826813;-0.6712238064384473;0.37098266122763973;0.7627020210015468;-0.1842217737965533;0.19647747425045292;-0.053033046463270554;0.04858208202714639;0.05078355568306037;-0.2186093817386569;0.06736180222933465;39.16211934461908;25.528664324299495;33.79168360463091;76.84488631652485;23.362963534323093;27.553758492128686;58.2983765658647;79.91455996465861;72.22853830370953;44.481481650547636;91.29683499387838;52.594105623497924;36.47108285246725;82.5671678786099;59.552771842906814;34.67116005535783;31.61377784600896;25.66544891237963;15.020142155761244;0.9896569692144492;-0.07352411436101623;0.15851416213342043;-0.2194636657905903;-0.1092849157704406;0.24390496105955223;-0.0917869251542909;-0.1614161816810518;0.22209483403283933;-0.05281139693747955;-0.14834635350507036;0.15407360936274642;-0.03397686131454706;0.07240051840745247;0.9427129057756004;-0.15999952515942395;-0.2256881190449439;0.32303779690554624;-0.10215379856648914;-0.17451284728905136;-0.07752948095542488;-0.08918344186324863;-0.10823537349247503;-0.15548261631146443;-0.0500222903836886;-0.0016856998001621374;0.9976378554124212;-0.06867217678425981;-0.21348756927068055;0.27333172404835854;-0.08683256486943144;-0.15640212289762234;-0.10875608524189782;-0.07302313246015968;-0.09080117341946198;-0.15157410526099543;-0.04054107223343941;-0.08815332685446663;0.9825751361178623;0.0011329133510869002;-0.1960286506294595;0.21876087519761556;-0.07928591593971253;-0.12543965655683417;-0.06913934754607193;-0.06081195541691748;-0.07832936275410544;-0.1393976424595427;-0.026135587885551335;-0.169843823226817;0.9173878207460616;0.05346614349713937;-0.1575185162900321;0.1543161867085894;-0.0681225616082996;-0.09555878310699446;-0.032545376149856885;-0.048007377462150065;-0.06300961741708253;-0.09981542618913442;-0.020176640871860177;32.52501040131996;14.014372800314764;8.005578383810787;38.72879286262661;74.1376711362774;30.98191837618645;38.70452630926314;82.11677198287524;24.52833359454767;39.33919809630542;72.436844647966;33.37839857230854;40.22313149335847;58.96637625529147;40.10716898730956;48.22248533022407;7.20873006469935;6.42560041147893;6.249133952312646
0.9441762972063537;0.4131249149755269;-0.13302623147010914;-0.30789523777244776;0.4441158039553678;0.2292717278962802;-0.2526314150652673;0.2811347746932861;0.3836500330797742;-0.15511459136939357;0.003429831535063551;0.5046218739567437;-0.12724201064635748;0.3352345135441469;-0.07415081639297443;-1.0235399902883306;0.40901095954047473;1.047534012712019;-0.25420499561421805;0.2293541436929044;0.2859699552299604;0.02898159520701199;0.08936259852322931;0.05618278344923202;0.07366272305061357;0.038309706314625824;0.4110049350312374;-0.9108278156611465;0.5152307413832619;1.0382319764722308;-0.23714769608280245;0.21807130543305578;-0.00799870571558359;0.14473194323010038;-0.00230760200390254;-0.2186835584773687;0.1330768814226066;-0.12289334656083023;0.8719463105354024;-0.7815479199668055;0.502297643419982;0.985048568477351;-0.22002066681527863;0.22719815784821124;-0.08541672931693947;0.1518859222549757;0.026894155448586716;-0.22697944555192573;0.14667616593448207;-0.16774690629755326;1.2609365486734887;-0.6571085241958826;0.38592928655637754;0.731615816229648;-0.17867092336434717;0.19373455860458486;-0.06205256914821773;0.05205164668624732;0.04241492583860712;-0.2213707676282922;0.07276177120255312;39.25467145405228;25.91266506102043;34.605449594921865;75.12009104440938;24.42919715164766;35.15958072941374;55.94743072668901;76.99184279923398;72.18722095427114;43.10381815046362;90.60997512332304;52.09232198482028;36.40181503898744;83.51517531546963;58.83055858068365;36.21484042808503;32.090940797102505;25.176939777542515;14.275626294303546;0.988999706870642;-0.09185631337822478;0.09322925582444021;-0.22409340003759337;-0.13388374323477065;0.21330032091781376;-0.10068948116837287;-0.17652149211798757;0.21558810973294787;-0.05738217233161811;-0.154713012144601;0.15911012472191724;-0.03767173235314019;0.04603853032848475;0.8819798595573333;-0.21805124199446974;-0.2546673366321135;0.3103030501422923;-0.10830301923347921;-0.18822638702336342;-0.08350567883415858;-0.07565997988064774;-0.11608893728837538;-0.15456969761083836;-0.0391468820888649;-0.0138765948003436;0.9916362031154532;-0.12831633094627706;-0.255432618226929;0.25347686929985636;-0.09611048364798208;-0.1802215550217225;-0.1270691834292517;-0.06255788537517436;-0.1027870743997724;-0.1677640757511608;-0.03202742287543232;-0.09444397494157515;1.0114980258174646;-0.055792184797163684;-0.23607698072528718;0.19249566302693014;-0.09052748596640452;-0.14762253841903827;-0.10359909002764012;-0.05266152347779158;-0.0852123056481227;-0.15743047386629194;-0.01913414424958689;-0.1749150585483035;0.9658574335482296;0.00042476722872120885;-0.1883437092235008;0.1198843701967206;-0.07984532953577142;-0.11504494867586373;-0.060982228638045394;-0.04580663239803694;-0.07120971896390128;-0.1126375590733733;-0.01606656722745029;38.937616118070494;12.266143991638259;5.203564897910934;40.97355815594418;70.65339240029007;29.335057981903677;44.154408334614374;76.56402180188886;23.675988002712465;46.62197410002043;70.7586088242523;27.88605313624737;50.28873395476352;56.60355891803223;31.498512759852044;57.49540873468423;7.487300023458466;6.184244148152963;5.858752764211591
0.9378716977510796;0.41680331513416635;-0.1382756073210195;-0.29456432235191177;0.4454884112931208;0.2217741374346984;-0.24240284143743066;0.28286024741127336;0.3778203710424404;-0.14592853181049006;0.0027768335926201602;0.5001440169673634;-0.11677595529103653;0.3368727021686572;-0.04852427908416262;-1.004345581736355;0.43025627781964987;1.0249474210348346;-0.2491382066475505;0.22749793207898306;0.2630009865111964;0.034642063241777314;0.07795277247883606;0.03132134499140486;0.07993689380641059;0.05341206256624527;0.44528056071485883;-0.893796606517322;0.528458497310121;1.0106917082808218;-0.23671969943798102;0.22776495284752413;-4.573141903865292e-05;0.1465351993420483;0.00522107200347108;-0.21671685020047363;0.13851836429399433;-0.09748620953877857;0.909455363317765;-0.7658960657852244;0.5158087212453958;0.9477174712331418;-0.21556358811213258;0.22835069473735162;-0.08804791561228391;0.15611267073323928;0.025432536595167702;-0.22911557707210115;0.15310591994186518;-0.1361325991163449;1.2878095143725072;-0.642174085940332;0.3998916874975806;0.6999503752306352;-0.17293442694099329;0.19071941489780764;-0.07077058480877271;0.05535699083454284;0.03415489162690703;-0.2236934409704757;0.07792027274240752;39.326585194769464;26.28820628472599;35.41192122242524;73.38476757588433;25.66794179427741;44.82928734897391;53.68420650912565;74.25013435788512;72.02873096970609;41.91993066284558;89.87649213783159;51.614777822833105;36.4977719975853;84.33494086656503;58.105817088538565;37.81903912307457;32.53066945403119;24.645236511698027;13.564843072897178;0.9883424445268346;-0.11091687877037575;0.02363248833478766;-0.22808600978128804;-0.1594164845491152;0.17998119373078733;-0.10971653966996174;-0.1918148453920237;0.2078084923241554;-0.06199363156639399;-0.160830688723821;0.16379959836165908;-0.041435106403434036;0.01790111528457991;0.8139853526885586;-0.2787070859319636;-0.284350563526548;0.29553331342385425;-0.11437984610388367;-0.20199633200381514;-0.08950041329325494;-0.06101303869873622;-0.12394090491578283;-0.1529700765906853;-0.027456665977647027;-0.026744793580450094;0.9812203155430549;-0.19102724512992098;-0.29885922615386057;0.23139057214604022;-0.10555422026586225;-0.20473858804490053;-0.14596558091921427;-0.05120684432598225;-0.11507455420420376;-0.1842431889131419;-0.022870265698939234;-0.1007273873313613;1.0380283231915564;-0.1159167379313714;-0.27757177525308435;0.16386227216528;-0.10207592401615365;-0.17053771793163655;-0.13971025073321758;-0.04380512042902189;-0.09216140548804969;-0.17590564128869254;-0.01163293881424811;-0.17957674698762904;1.0132979050163977;-0.055811985604767016;-0.220255126750632;0.08288942726960741;-0.09194759716799189;-0.135234188092096;-0.09088203649616684;-0.04328616536061153;-0.07961251342608759;-0.125771361116578;-0.011643359582235646;45.76685948941235;12.215231336489317;2.7482967502893856;43.141972775128565;67.10506178164076;27.53461479746817;49.434711403372624;70.97973959292696;22.92002196487212;53.73047888258162;67.63678571521504;24.13981303821982;60.38538728060486;51.98519076240916;25.596305723081898;68.36486672049656;8.34110063500452;6.106778871445469;5.536715648787932
0.932705111287713;0.4205273194650285;-0.14320248875300226;-0.2804296390424694;0.4469862171633398;0.21606611382959354;-0.23123455011886782;0.2842953833892665;0.3740558714171519;-0.13610635903970766;0.0022422298522959605;0.4957564570509707;-0.10571253257372314;0.34150034971397086;-0.020079940044986835;-0.9821092600659304;0.4510222743814144;1.0044445626954166;-0.24228512626126786;0.2243061093398378;0.23906744906146216;0.0413658412164066;0.06552444530816925;0.005118974272385352;0.08658496220142957;0.07086337767465978;0.480762059474207;-0.8739829654373462;0.5408120548851814;0.9836845057630395;-0.23470530043553414;0.2343957273430236;0.004321763845763107;0.14843477907860622;0.010497380218237469;-0.21595420667556162;0.1436526754714642;-0.07079177851204066;0.94685065791473;-0.7476681756184563;0.5284006204905976;0.9117621252414412;-0.20991314827515115;0.22706380387837674;-0.09271735295933196;0.16011664262675765;0.02227809962898661;-0.23211558938185692;0.15886864803578982;-0.104261836995404;1.314276591519277;-0.6248352209461433;0.412901349277998;0.6695958252546748;-0.16692507782851856;0.1862732452009067;-0.08042577412364771;0.058426893757165706;0.024893220700751777;-0.22645615522374135;0.08268301150387981;39.54357905410431;26.681458513328884;36.051831891217496;71.51169409068422;27.215874679000574;57.1129520537177;51.34296173136953;72.40791454350284;71.50369328105518;40.812110686708;89.66613986850669;50.99361766980242;36.65303371902897;85.50511861734635;57.25246024725414;39.44744301031972;32.93014085884609;24.04713269996213;12.862367665275558;0.987888548162717;-0.1313569353690387;-0.04793210676368292;-0.23212377937367315;-0.18568940886218951;0.14572308702810774;-0.1191935712316776;-0.2068132098134289;0.20099026736447165;-0.06679296187046413;-0.16636404673480024;0.16942775340450067;-0.04554751415807799;-0.012837997229833269;0.738900739008765;-0.34276792679835055;-0.3146470030457378;0.28161631762798994;-0.12071837966887519;-0.21582038506585965;-0.09258306041027235;-0.04607763025076555;-0.13227204234444367;-0.14856897893719406;-0.015615845710426164;-0.04055521449486802;0.9655481087214284;-0.25704498501575157;-0.343558656545257;0.21120368960630187;-0.11505637436017192;-0.22937209801959796;-0.1633881305214324;-0.03900307520599296;-0.1274512666540201;-0.19950373103931257;-0.0133031724241757;-0.10691689342172524;1.0614259583304622;-0.17899313693181332;-0.32028843621899256;0.13693400700531685;-0.11340127895059375;-0.19370750760680427;-0.17470230016354948;-0.03424377942651823;-0.09943973785732488;-0.19331999079841009;-0.003958333043668065;-0.18358768474893392;1.05952554438363;-0.1146046792008283;-0.2528960345487444;0.047262564147547335;-0.10388743190980625;-0.15569177088141767;-0.12040507987292656;-0.04042317835559909;-0.0883820861524775;-0.13840539173927954;-0.007200954302400464;51.02119653090918;14.87764597395436;2.545572881787423;44.882306405732926;63.1955485178241;25.716891448459446;53.84259661656534;65.8490834548355;22.347210412495382;59.706052503628506;64.16255972408159;21.642763018208193;68.81897914027327;47.193285394410026;21.561731928758864;78.01687844579111;10.07525578419566;6.287231755285486;5.306786819092885
0.9504240620330452;0.43657863782341305;-0.1473487325475752;-0.2507633236349524;0.46198821619714336;0.24784292159823998;-0.20205772215751067;0.2872960346444438;0.41770830983906254;-0.11260807485435409;0.0038373610166397656;0.5026920299159774;-0.08047007982876211;0.4146264557382554;0.07575132714468413;-0.9132269124835866;0.4821717768747066;1.0388844354014704;-0.20304434574726918;0.1987643216570573;0.19111405198094877;0.0728627680443624;0.029132754122715102;-0.05891729203583772;0.10553299162540611;0.14372580544511437;0.5668715979127541;-0.811171673771338;0.5541475374636113;0.9778874653059717;-0.2062016403738378;0.189504616735045;-0.05941572945087039;0.1565169692171278;-0.025696141729645083;-0.24342808442852792;0.14840936875986513;-0.008618784155709132;1.020736608071584;-0.6882555356713281;0.5409125087079321;0.9078345247456348;-0.18326260732114602;0.1827440005622111;-0.14151146058801128;0.16527153493799795;-0.014892838045030594;-0.25875332386855043;0.15784685812036733;-0.05554659801746143;1.3751687432524473;-0.5672132300426511;0.42267770482383193;0.6668776505671107;-0.15676825959260904;0.1561657023901724;-0.11460400882715181;0.059619761246052845;-0.007530067002635828;-0.24432563166286075;0.08375202688077603;42.92018341362324;27.420335521801622;33.629504914917185;66.63161902206065;32.56431735714532;86.4103569107897;45.47979216764103;87.09635834575703;63.03467520875536;37.45985902273877;101.33717069436004;45.92172617411216;34.9199664122121;96.95874615215412;52.58567311264222;40.89247815624393;33.02285231872282;22.709660014318892;11.702541488019687;0.9915243587951478;-0.17335524175194167;-0.08845369117987155;-0.2544851886469721;-0.21683544784625744;0.14230105814554603;-0.13967843543302788;-0.21713208249960364;0.24367873940666016;-0.07682735524778155;-0.16741993976474637;0.20677175816537208;-0.05749056640776816;-0.07104597483787095;0.6519674432918019;-0.44617814860365446;-0.35435847056165626;0.3303825526228675;-0.13735702359114857;-0.23541617376747206;-0.03199960574252821;-0.04579881073505996;-0.15484910972940158;-0.0969812587460448;-0.015269306503998496;-0.06462725623721965;0.9346064865406087;-0.3497628240214612;-0.39947436180413387;0.2790028958157833;-0.1258886286865678;-0.2501300440289084;-0.1413800905045544;-0.024312623455809;-0.13975798323327301;-0.18725557895353787;-0.006271799865122898;-0.1138671821481117;1.0839927967716079;-0.2563900821715696;-0.37309674242293517;0.19412780571624588;-0.11715278912143642;-0.21458422447608647;-0.15956417441681237;-0.022210438412120975;-0.1155304059348299;-0.18390211536382586;-0.0013605278212521837;-0.18492078219724115;1.1239507702313358;-0.17719887597030373;-0.28918938614392703;0.08931099271463706;-0.1080855883409981;-0.17370767118565572;-0.11850548026003146;-0.03655675247879061;-0.10409849374516264;-0.13777943256204397;-0.00807964117894847;50.090868541628275;20.548958076636165;2.841899439888671;40.91315006949626;49.49399116735468;24.84403880012979;48.933903018461045;64.03423985727873;23.975377064228027;54.63309020915282;63.819372975112685;21.65088081250098;62.16103139255386;50.53244078571774;19.845695335433692;74.43413194424328;13.900647721293675;7.494362234321887;5.485867828993174
0.9681430127783772;0.4452356551988343;-0.14902799558097285;-0.21772637357672495;0.469210264747804;0.2749111504549919;-0.1702837848127977;0.2856012310206613;0.4536482584027943;-0.08782555285082332;0.005334723485612817;0.5013738127283488;-0.05450038922087881;0.47942535038106354;0.16820224981425794;-0.8311868117797505;0.5048522282411917;1.0558134590590373;-0.16141741423074027;0.17059653801462318;0.14116306995509395;0.10247603722175082;-0.006907909371892341;-0.12056106921898584;0.1223539695554177;0.21263068286471348;0.6419088732771667;-0.7367097061343253;0.558256115142788;0.9564691046293974;-0.1750189460855461;0.1425728194009546;-0.12075943932973729;0.1618957749660996;-0.060659908977526475;-0.26636149042726753;0.1506682362498543;0.052291604533128415;1.0765148854877633;-0.6190955666466063;0.5444292489049263;0.8893718907130003;-0.15426076722835513;0.13647953395638493;-0.18692620984517885;0.16764800679247926;-0.05098601073738063;-0.2806225722942581;0.1543054741191914;-0.007034692205683806;1.4125368568776695;-0.5017533188319672;0.42542512182093306;0.6534785583521011;-0.14431513379056238;0.12422126648716397;-0.1461657710624031;0.059825374290046314;-0.03910120715491991;-0.2578566708633948;0.08344785258680841;45.96080169261706;27.8580879779993;31.436522171070997;61.23638834671647;40.670658005415994;97.7536159607598;39.784157776939125;103.4014600479235;51.598330663448216;34.375424462751496;113.01968354574431;39.64018906513465;33.39320539845724;108.78219005877989;46.57095059172932;42.89460831913449;32.42925693561406;21.27443323217249;10.685904408657903;0.9951601694275786;-0.22281645889425075;-0.13727942056304324;-0.27854880416294575;-0.25227975300265715;0.13608027979397896;-0.16303138879839785;-0.22684023743983175;0.2930078112491654;-0.08814893433507426;-0.16637986322752718;0.25001459660108477;-0.07144109869458697;-0.14196705672617066;0.5354307390096759;-0.5676931309357396;-0.3984594334775709;0.38600646563632196;-0.15599047611845412;-0.25632991299795976;0.04329948443427267;-0.04481293895208772;-0.18057452550609288;-0.03188637622712013;-0.014627317645994854;-0.09346322786215519;0.8832893600939807;-0.45941760020960537;-0.4629638594833484;0.3588616208876712;-0.13750888717382942;-0.2722735698766784;-0.11220916451025081;-0.005822061378054698;-0.15300570860554746;-0.16950054583279298;0.0025033052216126665;-0.12085962061842719;1.0966933738420122;-0.34842350992181925;-0.4331164493901352;0.2620721674484144;-0.12014711845522431;-0.23737229364250073;-0.13862637890832258;-0.0070321808038053225;-0.1337925045195584;-0.16969085700859363;0.0018681180501951375;-0.1839781014454939;1.1878078575353148;-0.2520525191532892;-0.3299799225910689;0.14001113430777273;-0.11175873150843102;-0.1935336531313497;-0.11449891098971245;-0.03126781800394838;-0.12205829123877018;-0.13507652577654292;-0.009052108761334613;48.84584990344873;27.441863781233142;3.9918177649430904;39.67701018008442;34.12785767252749;20.128879959781546;45.27318732668939;60.753638321772314;25.589771614852403;50.660096589852486;61.92844043986387;21.548501577688008;56.39963210911364;52.97937694843392;17.937557642657467;67.44946695842248;19.64153427945041;9.826519973665821;6.18109404928092
0.9841911889995169;0.44596696171502;-0.148288182897978;-0.18435414795639668;0.46756206399264105;0.29506511676324376;-0.13939112692587668;0.27960457581287246;0.4807163682053117;-0.06468749003092263;0.006011924229630675;0.49347853286661264;-0.03108436798937942;0.5280620658644365;0.25433275583381293;-0.742577145243897;0.5141216205019913;1.049766537520897;-0.12251326491615548;0.14458881679927915;0.09615151244793955;0.12482327576246777;-0.03648465209134165;-0.16876737913069134;0.13353485568290857;0.2697871340114022;0.7040441154492758;-0.6569145955321442;0.5521464308769334;0.9213549461471946;-0.144470718630308;0.10047182586905283;-0.17205152632721424;0.16322667525106013;-0.08920124419102882;-0.2807150698967666;0.14966691048432776;0.10527055016929077;1.11300264986705;-0.5465891170076053;0.537748100013919;0.8580057402085934;-0.12493485124189775;0.09506567581809669;-0.22355343564131366;0.1671725008541978;-0.08075688461452378;-0.2939342769451277;0.14864502125631987;0.035363418679496245;1.4252105787992888;-0.43528963044004637;0.42019536194495094;0.6320263452916959;-0.12859307323629124;0.09633330281798591;-0.17010750867724983;0.059857957618825;-0.06410326077766434;-0.2637496052624233;0.08198405112990537;48.57314127594473;28.102330677714566;29.51827803504236;55.51951547823248;50.4677628830334;95.94446379164806;34.56064870375531;116.97599395757757;41.46832737626581;31.73284077717231;122.4814774728816;34.02924381520726;32.13965703291869;118.34904336232171;41.22878800667902;45.51095193846152;31.183260423392916;19.772555796899344;9.800362220290296;0.998452098003218;-0.27479483259944165;-0.18762998943957762;-0.2979439551765151;-0.2873487759648074;0.13022439673008188;-0.18459657007613658;-0.23343761722690068;0.34422966637331226;-0.09831329770936743;-0.16293257629470895;0.29307934350584736;-0.08478270836026111;-0.21989736043815036;0.3995536375466512;-0.6880882407481093;-0.44107680183770814;0.44458233719162027;-0.17295055354088157;-0.27476468769241896;0.12699315892940094;-0.042253419737237924;-0.20533522391719464;0.04079456033615974;-0.013083276761625571;-0.124591876028458;0.812498367491829;-0.5694938693707089;-0.5253820794552492;0.4430165894341569;-0.14779628319336183;-0.2919948329381992;-0.07487396385761669;0.014430662504145965;-0.16532020134445352;-0.1457987861434849;0.012286180880698914;-0.12628470567004693;1.092274761986658;-0.441784566117311;-0.4919157005853803;0.3357463741647172;-0.12047060329851977;-0.25905930209850925;-0.11024305191044487;0.009624016145462941;-0.15245728117405608;-0.1500720126456467;0.005337319042612669;-0.17859354888865872;1.2385968268685321;-0.32883017072595894;-0.3695664912637934;0.1966693022248091;-0.11300282743360175;-0.21274530600777397;-0.10455779593707692;-0.02505946348442851;-0.14065115373376433;-0.12745686959687355;-0.010031640075463257;47.86371321284082;33.64053893400816;5.006167888117791;42.783283246563535;21.335187238935397;14.186824036610922;43.53807879051461;56.16974585941407;26.99439175562693;47.9708662845929;58.56902501870092;21.492942789782024;51.82704671054072;53.90622650904685;16.238941911167764;58.8960908261409;25.692014399610578;12.959789966386209;7.327783156958509
0.9844196639069718;0.4335709464012539;-0.1447897575182078;-0.1617307183826452;0.44660155039084953;0.2974988273157265;-0.12491297721781283;0.2693781096818108;0.4981102436213246;-0.057453099945471445;0.0004963474707937837;0.4876960994990207;-0.027211827093926468;0.5155566272983638;0.34123889157347886;-0.6646687404891964;0.47344700278699936;0.973094945068582;-0.11169592915970497;0.14812489693117858;0.09351009779179684;0.10578701483280535;-0.02265974163052282;-0.13462390252293596;0.11543916174040197;0.2743664273624571;0.7590813985047445;-0.5903545493857423;0.5243006397518519;0.8721893249373279;-0.128920220081358;0.1011471038249902;-0.1717026957283903;0.15007645190834087;-0.08098266354599297;-0.2594601303609696;0.13869264761753558;0.11719065813381949;1.1306582039159423;-0.4928751413622907;0.5075541051832569;0.8126274566912272;-0.10017887214859711;0.09611825718820526;-0.22185727954021695;0.16260171464058976;-0.07392913560286367;-0.2731879654724882;0.14150589514970363;0.04084180454152244;1.4043323864258286;-0.3958024387405253;0.3965156902328435;0.6133373418780889;-0.09608827587613987;0.1079390982487374;-0.15567645105358513;0.06585512682451837;-0.046954867404999975;-0.23774684556308723;0.08024674572783536;50.268069334368064;28.47409014886396;28.374135912932463;48.80821945501777;47.88140604519446;95.85669303493613;30.699774547026145;116.97402404415799;41.31865098326506;30.568929816046584;121.77121851894158;33.91351014829271;31.62357737844559;113.54232906930648;43.35312043758386;50.221157757660926;29.13958768769575;17.537047760114543;8.684256493836639;0.9984879849366112;-0.29300780429900963;-0.1795452848752772;-0.276025407937966;-0.29468096603497057;0.16653698233898506;-0.17229265136288835;-0.23325379459544618;0.36926550623768356;-0.0909690348368782;-0.16991141782978536;0.2940098975309989;-0.07740922015754446;-0.24863741728979544;0.4149816833483812;-0.6583414873679113;-0.4554178278417328;0.49218852825949927;-0.16542435132956526;-0.2753648360746441;0.14724260859053168;-0.034937956047035736;-0.20274687035035935;0.04861238794800218;-0.006860502092029742;-0.1371144455336061;0.8252082986885555;-0.5479332921091322;-0.53634522791554;0.474742898847402;-0.14767011791482243;-0.294968504222563;-0.038924357143596475;0.013055280927664762;-0.17074911943842347;-0.13272886494229683;0.01447755646662311;-0.12526603848347534;1.104568066340013;-0.42704973324051976;-0.49918433514401395;0.3767490878484169;-0.11162249058655452;-0.26888398022471655;-0.07850592792242514;0.008402715352920448;-0.16335598824620445;-0.13914842953216824;0.004926962276128472;-0.16699848164315523;1.2586884231983593;-0.31992850108190424;-0.37728163289754263;0.2347231199469398;-0.1044455062542734;-0.2225034807409687;-0.06687668766061296;-0.02664122844238032;-0.15209742709827545;-0.10326731200536085;-0.010825296788769574;51.594021187966256;30.564193311318732;2.4522791451319956;40.9163701054254;20.206520389610336;15.28608087375775;41.67975522448627;50.751949959728975;30.32208741721195;45.91415838952753;54.371207567493826;24.143251426073842;49.03131991295905;48.284342253951074;17.664847824062594;59.99736713875421;25.519854463153177;12.490413861499713;6.950047946771773
0.9846481388144268;0.41911275828822975;-0.14055852982673012;-0.13957731741253637;0.4240809015380605;0.2977643853700921;-0.11059164317660154;0.25804424598924114;0.5109569086645883;-0.05033044146076428;-0.004642820385214633;0.4790321734443912;-0.023422918589897767;0.5004452201868138;0.4198668210519591;-0.5876546173401445;0.4323890353997472;0.8951584046129357;-0.10087224328815089;0.15042142219586696;0.09042171634120601;0.08735001134975165;-0.00963429425438364;-0.1019258934971624;0.097813059497174;0.27678540370461746;0.8052247737622099;-0.5244071929480657;0.4948462603179825;0.820543533960218;-0.11357342074159475;0.1010957045481694;-0.17022323208363827;0.1368223997416061;-0.07278534650988067;-0.23792379761017088;0.12754129407656856;0.12750199571195478;1.139494832594919;-0.4395449255242296;0.4760258110480286;0.7649087817288085;-0.07645366540781938;0.09645200154828376;-0.21878597878396325;0.1572521778517035;-0.06707432453044042;-0.2520329261713709;0.13390671147619376;0.0456683552094179;1.3754479336116079;-0.3563722800441754;0.3717999095641424;0.5918105610346124;-0.06517526398247099;0.11801997767878783;-0.1411920915256075;0.07099653546043652;-0.030671380898664332;-0.21193559484287153;0.07808941786538394;51.96984865601063;28.667842442096166;27.373980421223035;42.093826937656445;45.55329332626777;94.38329730499986;27.325146343944578;116.93479206662946;41.24521636873188;29.54656043459026;121.04936433267765;33.78862725491828;31.12680494808496;108.66361040689816;44.89683098441166;55.15124516638523;26.730545827087706;15.494151488293548;7.73841221530633;0.998523871870004;-0.3118040716983861;-0.17094236090344578;-0.2528784034338091;-0.3020999773157199;0.2043623100443352;-0.1592846138970767;-0.23286626074388841;0.3951312159083067;-0.08321442407065789;-0.17706549633263743;0.29473656170858886;-0.06963541050130892;-0.2784769096441092;0.4307641596178603;-0.6266899097648514;-0.47002996034639993;0.5415485886878457;-0.1574171675652475;-0.2757616762445422;0.1682900899125237;-0.02726038019405234;-0.19987094911328235;0.05674521273592603;-0.00034884691614957356;-0.15009195752427684;0.8378054267192393;-0.5249328254608624;-0.5473580144183265;0.5075151569148554;-0.1474145401434199;-0.29783044423554933;-0.0013064523221437267;0.011606386138411256;-0.17628205174994094;-0.11895310624847097;0.016756514388268397;-0.1240961133131625;1.1164956505512558;-0.41128681945515116;-0.5063656299670317;0.41930189326823003;-0.10227830810690858;-0.2789304919091373;-0.04525902378618501;0.007118808459652461;-0.17461377542500742;-0.12761129053936193;0.004493808091197412;-0.1547359820405148;1.2786400460027814;-0.3103538709894262;-0.3850318428619522;0.27431180035990554;-0.09541135690035837;-0.23251930626904535;-0.027425088575681354;-0.028272651649663184;-0.1639371236320884;-0.0778906495515177;-0.011645998653025812;55.026543013636854;27.635726321967898;1.2583319584271977;38.881760760475785;19.003488156263664;16.229712162698494;39.778611192810395;44.89707648250341;33.773992949114685;43.948462240475536;49.742736543899746;26.937567063113615;46.486096757029486;41.86604422857947;18.8798862784598;60.934025691228754;25.382991951959823;12.051071353645035;6.582338209913245
0.984905378053712;0.4041664604611865;-0.13569034584243594;-0.11964727238267699;0.40203948243392706;0.2958096612555764;-0.09746554995074341;0.24683243178878858;0.5182577231786645;-0.043897171762411064;-0.007859986791782174;0.46836042843331865;-0.020017109029506226;0.48485973431775004;0.4867707908140562;-0.516363912813692;0.39408398347777246;0.8222376723935632;-0.09104076175391539;0.15172091698965595;0.08738671850877447;0.07042508242085574;0.0020861312846675514;-0.07350968573832924;0.08167349635445342;0.2777727504027719;0.8416474538067272;-0.46311106943619074;0.4662937741103869;0.7705037434308261;-0.09946208263413728;0.1004961949532723;-0.1681365280360567;0.12413800919496289;-0.06512373325375957;-0.2180429136921497;0.11673498717110509;0.1361236818430677;1.1415022520994034;-0.38983395675614246;0.44576965333073093;0.7189451580498244;-0.05553509045438168;0.09607820143262846;-0.21518815180714268;0.15127094258012486;-0.06064607419160081;-0.23232964761261546;0.1261837735850932;0.04989215715433508;1.343273185771674;-0.3193672213224272;0.3481903975231723;0.5697009689587098;-0.038200280722427746;0.12578287025037752;-0.12803880547630883;0.074851642113133;-0.01653601448806967;-0.18835748777349648;0.0756215427132076;53.48036232343975;28.698618343177763;26.44998905674002;35.85284945019181;43.5998033226535;90.98181983811571;24.56523623055729;116.89013654679074;41.227558350669746;28.658256284575746;120.44153349803845;33.61766226738615;30.65816056902911;104.24696780358549;45.62168616110855;59.754795446916965;24.2688655860822;13.752292026716743;6.9969170637761176;0.9985302560092162;-0.32998853942125095;-0.16019386461455581;-0.22958557640242971;-0.30824054090172215;0.24317047362316563;-0.14604095099201583;-0.23142158032392365;0.4202073545354269;-0.07523834668172641;-0.18375826287072447;0.29392346948430953;-0.06164354214603811;-0.3060750700284937;0.4479301907010535;-0.5945804921746812;-0.48175677110677884;0.5899298680394057;-0.14957577612407474;-0.2755486048632638;0.18884707041196558;-0.019864615637258082;-0.19700320011672445;0.06510684476748456;0.00598004972907294;-0.16139516148349456;0.8499656893438066;-0.5015076557621273;-0.555816959619424;0.5398974052380483;-0.1472687198519044;-0.30055236951758857;0.036599175269594705;0.010141805849150537;-0.18222049515713257;-0.10429166730596882;0.019052359080006825;-0.12148553777255286;1.126850224704171;-0.39520607719796924;-0.5111942403614377;0.46121043055564664;-0.09325570646406366;-0.2884276039977107;-0.012067233424042331;0.005948057870129496;-0.18572794040644136;-0.11570036350209378;0.004307986531467982;-0.14106203881962406;1.2960848497193773;-0.30056114815846496;-0.3906036703797529;0.3138946283623912;-0.08634687182704832;-0.24172786215704;0.011607481034599437;-0.029618407300630614;-0.1752904002620039;-0.05303954997667799;-0.012228933862443184;57.913977748591954;24.897596890495446;3.3384901591864637;36.742278482865785;17.934974783250635;16.902895143764013;37.89111187424418;39.1426375045032;36.79421097452004;42.11077426442666;45.21499267046872;29.519272743287786;44.180988351093696;35.74518972968615;19.747754434307808;61.58341330338218;25.195998254946684;11.647714962283468;6.241723487224445
0.9856181194926644;0.40124638582320343;-0.12816664703458405;-0.1207019387031484;0.3981278342333779;0.28544458473845485;-0.09589453043827399;0.24678415613655103;0.4985094965836185;-0.044289440020129425;0.012584585426239378;0.4579670489851332;-0.020205469235231924;0.48787175480856704;0.499264550741686;-0.4955607857504382;0.3884460555683927;0.8145513528780199;-0.09284853763925653;0.15326897612650991;0.08946930499004505;0.06314124316049355;0.007844372189724622;-0.08262629927995559;0.07664526633188318;0.28340534940995854;0.8505535333156987;-0.4429899489717572;0.4605284846372295;0.7566791531353911;-0.09659017377556554;0.10009799966147676;-0.16969560101318268;0.11675870575272423;-0.0625804940361645;-0.219583919308545;0.10937642068147602;0.14156745251330125;1.1466566976046777;-0.3725477636984389;0.44001368712910705;0.7112837455753354;-0.057364768565877966;0.09345423083727993;-0.21887875791606373;0.14286183317320297;-0.05870607080321398;-0.2325405190326521;0.11930068811614769;0.05434982127249352;1.3459591529223596;-0.3051535718841388;0.3453755386094544;0.5649331234904736;-0.04225490852480736;0.1194208401034062;-0.1310560522115226;0.070817626068356;-0.01958087521611986;-0.18794696143501816;0.07258482493775308;51.974660761280965;28.498537172246518;24.797106549680137;34.21750831970261;42.221453300483276;93.63913584064785;23.54034111330753;117.29675340780737;40.98476603622739;27.918317549110178;121.8380965457133;32.864474294222404;30.19786748262699;106.40906546915434;44.77886028179088;59.286805159855305;23.937114174770265;13.490236252420193;6.844599673179518;0.998069443909518;-0.32983775303151314;-0.12455695020424827;-0.22350424896141693;-0.2935180432530272;0.2736265971464535;-0.14032506075047677;-0.21702910813594298;0.42040631099350256;-0.07034104620742866;-0.18072416707147781;0.27275978410232493;-0.056614631313206064;-0.28204130204846656;0.4812792917228396;-0.5857740385660626;-0.44504310675633374;0.5961506191193826;-0.15196602495786615;-0.26932785808202925;0.1894577463770014;-0.02252152687350889;-0.1989356081905941;0.07211437686976904;0.004957048783411957;-0.13982205555388508;0.8578427725959964;-0.49452560124375744;-0.5244930595222856;0.550283635864156;-0.1509701857836905;-0.30311054735389065;0.05280225033665986;0.00959671825618896;-0.19294176450273626;-0.08710669473654507;0.0202504391873172;-0.09908842321609686;1.1195626073279301;-0.39067071756775834;-0.4814609084544985;0.46921908826162295;-0.09706243204131676;-0.2861914403780776;-0.0034276952757337337;0.007512957592160045;-0.18914072424369707;-0.10773650216259494;0.008304980024291359;-0.1161684578593389;1.2780555277406336;-0.2982048516306227;-0.36228707641993135;0.3295599869490214;-0.08436662832967906;-0.23461845861503364;0.016393361452051523;-0.025795356727089117;-0.1730982478592082;-0.05497996363908055;-0.00872376215896652;57.978884989807604;21.942888675583124;6.292634493086922;35.2708454916465;19.508154158205553;16.072708330270128;36.868175712754905;38.54888995296116;34.300677709893726;40.89694243709321;45.85400921144944;28.972588807545687;41.756859031379975;38.06250830574509;21.83079985440054;60.942033810378284;23.469050999621164;11.144994042036098;6.086754393714659
0.9863308609316171;0.3981805152850696;-0.12072132948510214;-0.12167609979145992;0.39409075180109143;0.2751329090396871;-0.09430522003752365;0.24661307671346952;0.47888574196823097;-0.0446520682641541;0.032635260274536275;0.44754111715823763;-0.02038012900644484;0.4905820912468607;0.5112711602152259;-0.4749036077420149;0.38272027396976754;0.8066023960122052;-0.09457549443028353;0.15471084962650578;0.09146755660757477;0.05596383673673221;0.013489515728325626;-0.09152865736916735;0.07167393738346264;0.288789087460105;0.858864367825359;-0.4230282031306026;0.45464161929798697;0.7427373076495761;-0.09372428755893437;0.09965717176522199;-0.1711400444809541;0.1094607652022442;-0.060054096428988575;-0.22098562769299396;0.10210252487374274;0.14683704887029034;1.1511385778102785;-0.3554025150855793;0.43414625288443837;0.7034109941599104;-0.05913100124860997;0.09083315459327435;-0.2223896681599573;0.13454052358866667;-0.056773415218175284;-0.2326308144554387;0.11248828387518434;0.05869573004400481;1.3479194369769585;-0.2910564039474373;0.34244089854784693;0.5599724519834004;-0.04621148522501031;0.11311955277720173;-0.1339503963228806;0.06682458431881161;-0.02255819506825238;-0.18744999541401636;0.06956928872649938;50.4573169329245;28.271506563593665;23.12628105042694;32.61348256696021;40.92176456086194;95.92420621654;22.558198441681895;117.67905879775054;40.70305043952278;27.209123797347335;123.20379922985106;32.09299905762623;29.769197032129014;108.59073242884791;43.892994892808694;58.82746682133224;23.59478490428411;13.237215358159466;6.701135877710407;0.9976086318098202;-0.32951533031934055;-0.09037247724953748;-0.21756158983530915;-0.2792649064797622;0.30263624298392255;-0.13477716044356966;-0.20313321672195495;0.4203698224581208;-0.06561460969581501;-0.1777218900653266;0.2523513413259377;-0.05176960712694897;-0.2588801564834045;0.5129464447062037;-0.5770268871813645;-0.4096547824777588;0.6017842570367716;-0.1541723046142736;-0.26322698659366534;0.18994010018279353;-0.025052979476538992;-0.2006782140212207;0.07878415116080115;0.003974996123192261;-0.1190934192140859;0.8649208335181447;-0.4875743115117691;-0.49422176887540253;0.5599298842323692;-0.1544323051895433;-0.3053959979576539;0.06828586277470677;0.009069694248212943;-0.20310167912634447;-0.07060752507959094;0.021386496482427488;-0.07759290739055671;1.1119813522039785;-0.386117854102277;-0.45273558987110735;0.4766329154304899;-0.10065442511636905;-0.2838961312639407;0.004845272700855679;0.00900706847216165;-0.19230586521889179;-0.10005408552157218;0.012127043960784248;-0.09227371300384937;1.260105068446085;-0.29578804693615635;-0.3349824182868035;0.3443794024669385;-0.08242528324710245;-0.22768556408780427;0.020966304769524147;-0.022121408738306984;-0.17090612772008945;-0.05680794964485098;-0.005363353834532033;57.61943655985604;19.30959746638329;9.379104605807184;33.77253282402096;21.11524665495951;15.373379660203101;35.81312376392689;38.14685075811964;31.954066449094956;39.65578850698628;46.547959942940686;28.470249878788323;39.33327605102126;40.367239579330516;23.902723774091093;60.0876367557979;21.845123235703362;10.667622311779711;5.93266793143847
0.9872258428067148;0.392401410444036;-0.11720961487677521;-0.12863431094569489;0.38783560637301306;0.2593599326457887;-0.09688383212437617;0.246418296795435;0.45534038956594614;-0.04805978900256248;0.052499481527069077;0.43741464245113154;-0.023784449284260666;0.4844474075267178;0.5227697996848873;-0.4638953099532639;0.3743750860559083;0.8012532363710232;-0.09907368659126897;0.1589604721811907;0.09977294234951738;0.04664273080726833;0.023937932403217947;-0.091495607595599;0.06528538153702099;0.284808042104216;0.8662286705729463;-0.41052681937991503;0.4476814578329363;0.7322460546260999;-0.09321093912962095;0.10608105969427031;-0.1643469960393153;0.10157551873034235;-0.05036389415480448;-0.21796989993920005;0.09470615363191394;0.14387942208949117;1.1527594470109748;-0.34374986808900043;0.4265464291276579;0.6975246827215796;-0.06273444122210353;0.09290061440793357;-0.22008996492761312;0.12645231427379988;-0.05022155165079927;-0.23013428099736022;0.10641269096808119;0.056535904892729416;1.3458275244545637;-0.2809878289433295;0.3373414443277564;0.5563389771441315;-0.051271534780720725;0.10983647544986891;-0.1334238042956916;0.06286716454786943;-0.02136006496786686;-0.18589562703239157;0.06697459649630678;48.98024671803916;28.220349856371406;21.630660422371623;31.36629960860761;38.42231244289683;95.88455586953924;22.06700832962687;115.63414396186722;41.50483313144646;26.763559425103686;123.34201258701361;31.700558535596528;29.422203254254175;109.67054289733406;43.143565986526504;58.91081004796307;23.264307174126376;12.956705655869406;6.552368119390875;0.9972152052663268;-0.3271275911956475;-0.06330207405158489;-0.2165614664338001;-0.26584322793849047;0.3233431140451726;-0.13243960370690322;-0.19154952660886157;0.419164853086394;-0.06319221910386325;-0.17568737894084488;0.23601689284042465;-0.049223945452564644;-0.23761291118489555;0.5374273290147812;-0.57505256671571;-0.3710774364226229;0.6056519967321549;-0.15773132846822965;-0.2566803621845179;0.18863751729461398;-0.02848390277081363;-0.20140762900872938;0.08225666016121105;0.002110375819623486;-0.10088893072916655;0.8682565675919945;-0.4857488615423546;-0.46299483669332814;0.5674844507164883;-0.1591036393221207;-0.30681500514687265;0.08006608304791778;0.00725490398604389;-0.21172232804769914;-0.058178432407082994;0.02123769618469395;-0.059412361967719415;1.102329342134468;-0.3851483887728646;-0.42542946293650896;0.4809188940724543;-0.10604964017528053;-0.281942315029877;0.011143957459356943;0.008845900837590626;-0.1953057221798526;-0.0943607479474973;0.014350749439847718;-0.07202672904213103;1.2404116686344917;-0.29564963941497396;-0.3111212408299318;0.3517641778695205;-0.08372733454447302;-0.22185868649093285;0.022018220736101365;-0.02072847204195083;-0.16902783313834183;-0.05976974896424833;-0.003583286438017238;56.94018953889732;17.457593832482562;12.084051378439614;32.527527112580664;23.129391311492192;15.177224852306374;34.627557680458715;38.38415903458963;30.224307786192686;38.406255348370486;47.393996761079805;28.08589326533562;37.476549437068584;42.69181577582441;25.439179720536245;59.006486001084674;20.535988224224223;10.344256521713055;5.853289911592875
0.9893312935113742;0.36912430458717493;-0.13812946113503138;-0.17372375008170451;0.36715543814888374;0.2080456029856837;-0.1258432607324315;0.24605762431156802;0.4053142796493547;-0.07086097091936606;0.07274897729622742;0.4283723523087247;-0.047741440222813354;0.4222714254845355;0.5319752293717245;-0.5126271873222589;0.3489202665120171;0.8118088897458902;-0.12133029533531837;0.18117795115805985;0.14834468783757113;0.023125844240899737;0.06537520158894986;-0.035334523004980176;0.049493837172136984;0.22169118950106392;0.8682186143366785;-0.4439025278334212;0.4334310647288215;0.7426010994138994;-0.10743337592051415;0.15612606973429355;-0.10527932548682023;0.08938259848192129;0.005083162081548201;-0.18696961167006446;0.0859601497682928;0.08901240839918959;1.136528622327482;-0.36568147486935015;0.40746651743972573;0.7036492283679509;-0.07815964746482923;0.12457892014784297;-0.18111102237541052;0.11919345535047936;-0.014141829836885913;-0.21119214063030556;0.10448821752510135;0.013342803672652559;1.3181095253291093;-0.295432419422054;0.3182423665780959;0.5607531096014545;-0.0636588810108448;0.1252531942519712;-0.1113675171002484;0.05882289291059757;0.006158816780708751;-0.17757639074901804;0.0668194663496029;47.29031362865488;29.59245592305519;21.55534929353742;32.31709504587853;30.49398758500396;68.36055021717304;24.497416117879606;96.39354860235102;48.979834932718866;27.865183374070217;114.89746493790598;33.987811502663575;29.443826200877982;103.22751346678622;43.4527695786603;62.10989242081566;23.043466266006664;12.50635632554499;6.378411077734763;0.9972693638860066;-0.3119838781929597;-0.07443058814316028;-0.24677125779935563;-0.2550171578754464;0.2977671577915617;-0.1499498538227597;-0.1921052022220675;0.41131564377035307;-0.07476254705143814;-0.17962858937976897;0.24181673079495652;-0.060580001872376735;-0.22364663162618653;0.5240151329674565;-0.6163398274216629;-0.30412038467819635;0.6007801683074132;-0.17097851504197364;-0.24636014564220757;0.17627728596050896;-0.03843678669354948;-0.19642957376046433;0.06672877614862487;-0.00572409123066936;-0.09435356918938848;0.8509507152851166;-0.5167013490760131;-0.4193503415495539;0.5650566105580018;-0.17283444814500493;-0.3038531614760397;0.07166555574202865;-0.0030435146619794792;-0.2132589698561843;-0.06838817428287973;0.013055522552359469;-0.057763967912754316;1.0799237750876365;-0.40727176105537743;-0.40143311063090087;0.46775002804742083;-0.12427623226055261;-0.28230557395508293;0.006616300509681976;-0.0016998301479204487;-0.1984391444322893;-0.09997402424614497;0.007131493866846068;-0.06992891148959615;1.2079242902955514;-0.31042545480885125;-0.3038114161120632;0.31517007338153935;-0.10584601771081062;-0.22206899095770571;0.0013227687802072714;-0.0333336035516895;-0.16905216213190816;-0.07068031528015195;-0.011281028730237192;56.237657305420754;18.924542616506265;11.55881170950825;33.149326897193816;27.950259303937596;17.691385540794258;32.705141179548015;41.87501110781724;31.279158068744717;37.18131065202059;48.94004739937967;28.16223789444506;39.38692628793663;45.081648012941145;23.43674579712706;57.42723913361214;20.63715674161189;10.877593401382354;6.251044777778223
0.9914367442160336;0.34572537304151707;-0.15699957303423925;-0.2149650966029786;0.3461868393486883;0.15924604888244703;-0.1522656303786684;0.24459062982901428;0.3568092965688182;-0.09179428936635153;0.09129452532767061;0.4179731528687144;-0.06985863271023107;0.36236044340026696;0.5381134147634884;-0.5557072287712069;0.32358376249485;0.8179200424811846;-0.14152395115569705;0.20106010383950115;0.19294942867261133;0.001093329275579113;0.10370930269148797;0.017190294369981096;0.0345429655022706;0.16182470918813374;0.8660842060389392;-0.472980878626268;0.41815278316222926;0.7488432453886752;-0.12020013865422714;0.20206866792911524;-0.04972309891277452;0.07760364382128139;0.05675651396421316;-0.15720694264989102;0.07741069517151282;0.03744746526816689;1.1161728932377553;-0.38444923571928447;0.38780469359397035;0.7061260159463802;-0.09218234894663342;0.15354207672377293;-0.1439362839950671;0.11187783953324779;0.019562506795461756;-0.19256071605060326;0.1022137538345411;-0.02699010356752663;1.2862091698070988;-0.30754239110786846;0.2989726879176854;0.5622918290326532;-0.07491583409947437;0.13905157173304566;-0.09029130895270335;0.054781858082784386;0.031788065877331545;-0.16900383054895898;0.0663677710947129;44.63292551649633;31.047361935779936;21.891092308665538;33.30580255831714;26.220635987619413;38.27827774463667;26.79338077207878;78.62624472508574;51.80980937886955;28.94190565676892;105.7331425496108;36.09530246552361;29.502483662068116;96.82288425463942;43.58103794623291;64.53557525413737;22.789468798595976;12.165311959157137;6.308832571620462;0.9973235225056865;-0.29694586272603174;-0.08510557852516522;-0.27569455550341293;-0.24422706739251204;0.27265329051549514;-0.16670586527534348;-0.19240508383786184;0.40321230388052204;-0.0858645921379942;-0.1832194983439416;0.24712894303185615;-0.07149228630900292;-0.20985713683259452;0.510389993573838;-0.6555234680070015;-0.2389614493123602;0.5953230362307033;-0.18358388505378503;-0.23607019446099112;0.16410030539532497;-0.048018872254671156;-0.1913700858350793;0.051622591799102724;-0.013297042483397506;-0.08791367843438755;0.833153756851268;-0.5460091598029776;-0.3766042578205448;0.5620083071214141;-0.18590543742887078;-0.30061146015679946;0.0634491507477446;-0.013003715821146641;-0.21448178012615254;-0.07818170848788157;0.00512291531247461;-0.05609761877092188;1.0569093446776254;-0.42817261958540853;-0.3777192519958773;0.4544299495614219;-0.1417570952763145;-0.2823076565160833;0.002227495207607659;-0.011900974876688722;-0.2012252190962219;-0.10528127702600132;0.00013786454606283242;-0.06781267906237266;1.1749970524794737;-0.32433723152738475;-0.2963629901949025;0.27937434491365787;-0.127115381569421;-0.2219976347283298;-0.018702215902531363;-0.04548811811777582;-0.16886648337423588;-0.08114907725465735;-0.01871481826762987;55.101299538664435;20.63827414802628;11.023839286739788;33.93983029668236;33.105315458244995;20.363334721560012;30.76707368911543;45.47492730353817;32.153275586612;35.87628398198839;50.451858641303865;28.16899805794239;41.58705213066969;46.84994589559326;21.41387103868551;55.76361103049067;20.692789993308956;11.378207707592601;6.623635829050485
0.9930758184816144;0.3256011670838352;-0.16213405020755275;-0.24645143972476163;0.3229562568969598;0.13315981007216565;-0.1698131151431102;0.2354959315430113;0.32521340861772613;-0.1052944581594878;0.09978498222510379;0.40772477823527975;-0.08429307720202203;0.30564873661019587;0.555973861202445;-0.5794676926624733;0.2929220318766007;0.8179767109172678;-0.15326094637420212;0.21409896958561034;0.22856398512832557;-0.015274432761562474;0.13299808208883693;0.05887054939927241;0.022704908660985523;0.10679477245477509;0.8680088710709407;-0.4849283208047184;0.39450008422764676;0.7510958533408397;-0.12662589751815448;0.23718257364680398;0.0012924464935723816;0.06694267451726495;0.09863773097915063;-0.1285509786941341;0.06910043144924383;-0.009178478807245876;1.0952997348230205;-0.3878492513512324;0.36153446030377445;0.7046257745907845;-0.10090427615980334;0.1763247594688632;-0.10593726939991932;0.10292456519044786;0.048270707327469985;-0.17277172349888903;0.0977012521042039;-0.06290102910904773;1.2507270411766915;-0.3051943191036626;0.2760241782822058;0.560588928882372;-0.08231890730463688;0.1487226790100457;-0.06561289365102208;0.049563679430598785;0.05322023051945181;-0.15533148810820188;0.06405144056333183;42.70139938762913;31.658132888866195;21.833672595862478;33.367948352949114;24.35394440596106;25.719786491074405;28.268243363575024;65.97729556776495;50.08714215296481;29.477393470869476;96.65580432757054;38.304610736600694;29.234374548095413;89.8988077329248;44.72211015207835;66.2266019232758;22.080083660809848;11.70159781373413;6.240675329307039;0.9973851762501592;-0.2822729042511436;-0.09337313433673121;-0.30194876082719496;-0.2333824449054707;0.24960774075562311;-0.181703589425173;-0.19173275908677953;0.3930217593824945;-0.09478807259571567;-0.18548199040430635;0.2513810149323958;-0.07993848547333064;-0.1947644234153256;0.49665005936156864;-0.6955035580838012;-0.18134869918294227;0.5860273585325426;-0.1945907018173096;-0.22537178981722888;0.1532747737329524;-0.05555323105582965;-0.1848175350942426;0.038581832308091056;-0.019317667523048542;-0.08045234060095229;0.8135096045690109;-0.5759596723432989;-0.33916583632007596;0.5563911571085283;-0.1976576656011206;-0.29751052128333144;0.056768615347196516;-0.0210881419332054;-0.21486994068627033;-0.08482968541113096;-0.0015880450537686913;-0.05335416953083033;1.0319850435526352;-0.4489240437762786;-0.35667882401624396;0.44009417777263543;-0.15714994734867566;-0.28126699486381246;-0.0021192731367241625;-0.020317560301023205;-0.20259022106549668;-0.10812038396839964;-0.005762922413281189;-0.06476295495296439;1.1405780995066699;-0.3369370976263469;-0.28965074399222696;0.24532036216043418;-0.14504425416885441;-0.2203424629908733;-0.03802802677086929;-0.0553287005502294;-0.16646938826002064;-0.09094632471791439;-0.02494568379461222;53.550930633212694;22.43115028414388;10.356185164417841;35.068102966093896;37.77092989223077;22.874084071694067;29.31097361769129;48.62226896964846;32.515855207710864;34.819738366858765;51.77409734516905;27.751882065123667;44.12149329319842;48.09199141969558;19.59274452542271;53.94600624577602;20.639225620449253;11.916474919536082;7.0542600109964955
0.9902986224866606;0.32983918898934744;-0.05961040994539638;-0.21957589008367626;0.27627170501141113;0.28538809105269314;-0.1270003485451908;0.16373856528975814;0.42531683273014537;-0.0667043092271167;0.03154237350961012;0.4031155655451785;-0.04455148538140424;0.2525845428576232;0.694445550287683;-0.46917628352225643;0.2085988123619325;0.7874766712956955;-0.10460488802731373;0.18234553835315798;0.21396169015448716;0.006371687932994714;0.10590719899583853;0.03403820147540109;0.030985138200240486;0.06512604650694766;0.9257750248291634;-0.372423416918078;0.29801986872115455;0.7395372173423042;-0.08677858560298277;0.20671631184345765;0.041876430887058724;0.06149704094274639;0.08383758726395932;-0.0968669059214028;0.06000214571361628;-0.039896312324383065;1.0854629012514119;-0.2745427086380282;0.27493615836720603;0.6862821903383342;-0.07261936223145277;0.16413826405805784;-0.043282939860594;0.07803497829737738;0.051941711252908876;-0.13692861032640757;0.07450770225594372;-0.08276756283639031;1.196710418702883;-0.18863044491249323;0.21684229449727072;0.5445672312941324;-0.06360237987287645;0.1328219185555515;0.0006839255712170946;0.03295142452959523;0.05248793423437302;-0.09564478873723456;0.04652401054514638;52.38041439567248;24.279911596127484;16.571084428367943;25.548084337388364;26.955785009253628;34.40218697374666;23.345956608543403;60.32412955588534;56.91855774217707;25.063747381081612;85.96891942654713;48.68579025958236;25.586274037123577;70.39102555855906;58.672199765543745;65.59216664474266;17.65655213708515;9.637710580369804;5.5526613129881826;0.997517803770211;-0.2694277897471828;-0.08323286681956762;-0.3136199238015442;-0.2212295673853209;0.24105399760397958;-0.18638700792458984;-0.18386111969052796;0.36505571147722793;-0.08749376565217575;-0.17808604273942058;0.24935769013943954;-0.06939731142183483;-0.16600201327319022;0.4824546837618312;-0.757975129573694;-0.17735406690876473;0.5452931623396345;-0.19580260602318802;-0.21022002201935994;0.15289030702671516;-0.047364203185503655;-0.16496321893287363;0.04080540577130656;-0.013313491585069299;-0.06278444226425407;0.7792153779891303;-0.623603646970432;-0.34189521627716724;0.5311956426212976;-0.20228895396033672;-0.2972554757152061;0.062411697661868736;-0.014825091008563747;-0.20971837092265144;-0.06609808496158923;0.0007833258065433588;-0.04086849065579937;0.9922926661825205;-0.4770941138632065;-0.3568128073726833;0.41676813714313427;-0.1592262060904953;-0.27302922088133036;-0.007191501464337737;-0.01526640501046727;-0.19339451185797302;-0.09078739571398384;-0.0035481840348608666;-0.053251027653287694;1.093584966667828;-0.3437988888177464;-0.29006994197449815;0.22011527568208633;-0.13915710383429775;-0.20608528462818426;-0.05629539702692695;-0.04767167136288634;-0.14532790133473547;-0.09798645413588128;-0.022326492430075003;51.89809868000062;22.91112572006041;8.621700168557505;37.20802929389846;35.7508251771865;22.70310109596368;32.161059642237895;46.91651467918164;29.492926583255656;36.785029039862216;51.70081485183134;23.727954543257407;47.1901096175251;50.71978791803695;19.174474328062903;51.04340406051991;19.919449169544112;13.058740890550457;8.236351870925576
0.9875214264917064;0.32869666780005036;0.03246693906969421;-0.19240147471980867;0.2306338539302626;0.4165374332024445;-0.08702923331707263;0.09747557249831465;0.50801989180115;-0.031386940120355804;-0.02962572827358756;0.39301262850022844;-0.00853986986164059;0.20162507509771468;0.8072673340354339;-0.36409056143741186;0.13049105796768787;0.7486211671688471;-0.05976997629471189;0.15138693428746702;0.1977873250091693;0.025529934731579235;0.0802340312987833;0.011444174057290592;0.03788854912389822;0.027093941839711;0.9633682928591626;-0.2668097648685461;0.2077674025790676;0.7182430622074846;-0.050044083307365005;0.17653964598827565;0.07735021111709699;0.05573759816205159;0.06942507870271317;-0.06724295689576329;0.051016114891288954;-0.06662413608716024;1.0605486111428761;-0.16967369745904692;0.193816924160031;0.6597462491986602;-0.04637989303224415;0.1508546110813645;0.013089511543810979;0.054734831261836765;0.0544333586108714;-0.10300879755269318;0.052768623703765706;-0.09920525455677366;1.1308437099909976;-0.08214362318236487;0.16097372968967757;0.5222069378487915;-0.046007791642660334;0.11670098273242928;0.05964142528230912;0.017684940738076818;0.05105493315721492;-0.04113211235527606;0.030241398982730917;55.016111227979586;19.24172780402863;15.321820634043052;19.547074244502415;29.385996789424254;46.64820633764666;18.43350162577059;53.49351787568991;63.16528714592473;20.504494931694026;71.43185788760296;61.73637824404206;22.087564501211993;47.36899800693667;64.97010383455223;62.0846420563185;14.247504380929392;8.175268031042863;5.130450718821649;0.9976504312902628;-0.2565922185572637;-0.07353582218063391;-0.3234030828760692;-0.20919906117753645;0.23229917077175657;-0.19010907255692105;-0.17593221826722907;0.33785600148202943;-0.08042533067942968;-0.1706183360600426;0.24663950126446474;-0.05937452064942342;-0.13873264791910866;0.46764824417317447;-0.813439503487389;-0.17304751266905696;0.5056295203499056;-0.19626910275605536;-0.19544159744089348;0.15201872496585367;-0.039599923452664935;-0.14597000161347243;0.04273303740288102;-0.007692806578520588;-0.04616555362045566;0.7447450754338196;-0.6657503392984423;-0.34327927908662836;0.5060097041711653;-0.2059090902819049;-0.29601823292321017;0.06744219967806203;-0.008958910198320335;-0.20422848755418097;-0.04848021956117701;0.002982903217518928;-0.029135914159757557;0.9520921844428835;-0.5016491021167773;-0.35573640725378436;0.39370341414989957;-0.16061849533118383;-0.26446021400724234;-0.011877709594269465;-0.010524186357686548;-0.18420390672591158;-0.07438528519568716;-0.0014794886629812874;-0.04238106954263708;1.046263623517072;-0.34901417850840155;-0.28948302921308494;0.1959673650614816;-0.13322157964578363;-0.19215155079060392;-0.07307024137209633;-0.04040040643910976;-0.12520541227726456;-0.10419462345583841;-0.019818998005086092;50.26314300291769;23.551274910591;7.0585519271736405;38.92193200950917;33.923189659006496;22.305503126342117;34.80416689051242;45.405542933812264;26.30513880727025;38.701085983814984;51.67002267110751;19.49990248595011;50.29260858984067;53.43916219030961;19.16666200777441;48.358377413225114;19.10732272312376;14.04325840116917;9.354138407797265
0.9853631240547992;0.3166245380071708;0.1270983834553035;-0.16102754399127095;0.18628833369965148;0.5036884806257445;-0.053892225235601554;0.04761020385726565;0.5477517015865645;-0.004498762206383279;-0.06525934875045011;0.3765573755568592;0.01707304197043273;0.15673058801658485;0.8945806077754206;-0.2697906445821788;0.0678335052606239;0.6918619651750512;-0.02160112699727342;0.1178442574206389;0.18951814269096984;0.039055526220531274;0.056854075432593194;0.011796946426954693;0.04131208472755791;-0.005273874827786701;0.9842565076005246;-0.17666723943708185;0.12814535385084252;0.6768093477828636;-0.018915479681364755;0.1412538698924697;0.11484647012534181;0.049260760520139536;0.05386807290663459;-0.026595288530483638;0.04208871804567635;-0.09121361736705769;1.0270092303110574;-0.08372467780500889;0.1211771853289613;0.6171784590378728;-0.022509850167619715;0.1290239298692456;0.07027225571024445;0.036167324282972424;0.05160978922811472;-0.05714547921279596;0.03480917114948972;-0.11826329073081744;1.0595376615373515;0.002159152902800808;0.10901132070658422;0.4915376977395353;-0.027194286797800143;0.09565024454736015;0.11042836343662006;0.008383935454053354;0.044800172603429146;0.011232890998862174;0.01850843959391202;49.7087323059764;16.1806322403638;15.101844296780095;15.369665873112469;28.659780242833698;49.20199290069673;13.932683421992316;43.09639758126305;61.3727099485721;16.36115498903076;52.33225658793866;72.23046128108402;19.13520134221994;29.08654061046721;38.721650596699504;54.6570482800583;11.82250051185347;7.27724072059979;4.93075581968614;0.9978104886695977;-0.24389784969271888;-0.06956118969684709;-0.333776015292049;-0.19937681857148334;0.2217077659913656;-0.1953562044619067;-0.17048210797257243;0.3143963846036817;-0.07767338592935583;-0.1648839720721743;0.24664586893376222;-0.05480162679478191;-0.11248290086753679;0.45319601222385736;-0.8561706204770763;-0.170848446453307;0.47500638672119677;-0.1969102618815517;-0.18480845043589986;0.15145369017173582;-0.0346118630738981;-0.1330509560101953;0.043702539607128624;-0.004158449317099169;-0.02955125206281607;0.7157227992840071;-0.6977589828060867;-0.3432338489120964;0.4860615936026902;-0.20889638249625672;-0.2940843977373326;0.07218521810542637;-0.006319628714897885;-0.20027920523857146;-0.035138505954566676;0.0032993751078220306;-0.018050639540734513;0.9172356866513584;-0.5199380475069297;-0.3544789952440554;0.37450468135107795;-0.16267516978918903;-0.2581120562795543;-0.012674721906005151;-0.009212404893704505;-0.1780464880059231;-0.06030304118272667;-0.0015989498568867858;-0.03371081253203113;1.0050387427355356;-0.35235768800490425;-0.28992688750275347;0.17528261703857914;-0.12954152427572085;-0.18112728975778308;-0.0872889171274644;-0.035933595428841565;-0.11038269896579311;-0.10961610253625959;-0.01872283852626521;48.8097446515872;24.336285549069256;5.489362305260761;40.28855982034718;32.50062182740088;22.052016279047443;36.97907604932645;44.02281196264553;23.83565188785676;40.35818845110237;50.86572154721771;15.971011289694264;53.187592154389506;55.58768193977055;19.137409381413047;46.4484239590036;18.452373883219888;14.738107941214707;10.257333539282481
0.9857093495138214;0.2773348062527775;0.2611971190490657;-0.11308748326944087;0.14034241890846744;0.4916880793896138;-0.035403200800761904;0.03829096975014089;0.4798802310009983;0.002620640854271947;-0.03095125644255453;0.3485706665522556;0.01698601574254838;0.12440315998141432;0.9565049278079208;-0.19344534221889664;0.039794711818448056;0.5863515121081686;0.005043331400189161;0.07077559519289457;0.21124542329787532;0.039637492365006126;0.03633539129075864;0.08666118082740039;0.03596988624541318;-0.02868324580441695;0.9926706965427068;-0.11739744305367444;0.06500041775774651;0.5831878853154064;0.0022213956462855153;0.0846543442287221;0.17356524547971192;0.040424042539510784;0.03218340706654575;0.06008239173551191;0.03235478849492269;-0.11912307668961243;0.9932637049218724;-0.03759653129442709;0.0597942029430082;0.5331968284733442;-0.0003698947181462823;0.07814239175227104;0.1487046891417557;0.028935349643107226;0.032715206283153435;0.03808011178526461;0.025234709986480443;-0.15540274665470397;0.9888358490116169;0.03875144281545306;0.058943685736785115;0.44317352142331307;-0.00013395784408470432;0.056227264130745754;0.1531559070305957;0.01600057673710321;0.02285359763006741;0.07182393074035172;0.018808537970496975;32.72711658617571;12.13671765833914;9.943037218785776;12.340408501365001;17.438213096181016;11.592767380349505;10.600732101302514;22.689569549888688;13.725104799560825;13.401855416905136;23.377520554563954;20.873566541852647;16.653910911610257;13.762328056267595;8.765494221943625;38.44033518079976;10.062179546442113;6.910864235357523;4.844322540290526;0.9980815487356822;-0.230935073572279;-0.0868630000392774;-0.3525391957844994;-0.19737921313438747;0.20370437208690728;-0.2097515435752003;-0.17472321599308677;0.30216274069129895;-0.09129544115298883;-0.16589508912169662;0.2594861742792563;-0.07016753104153121;-0.08437441041551669;0.44098245155327365;-0.8708752023493967;-0.17779380324924632;0.47539945294800523;-0.20041357567372423;-0.18894788012998648;0.153463099388413;-0.039154225571738165;-0.14105140925992316;0.041761249967196844;-0.007616395936446871;-0.008911719233326263;0.7070647410496389;-0.7070926624033892;-0.3413287661416271;0.48568543427778;-0.21243598469597125;-0.2920548646101048;0.07783052253383652;-0.015234001413359935;-0.20318093465180057;-0.03480758463154235;-0.003374492803575491;-0.006693967529308792;0.9029066277793776;-0.5247375428511857;-0.35587302438657153;0.3687434038709373;-0.1694589294117028;-0.26115225828944544;0.0008673829675845419;-0.020599780205222764;-0.18356577738974156;-0.05191442038961098;-0.010024791685372608;-0.031422124878576665;0.9864221951668887;-0.353153439405753;-0.29737377705629076;0.1640670306588545;-0.1347499051846001;-0.18007100112515484;-0.09648324037442242;-0.04125384260991971;-0.11282426489043391;-0.11462016707758074;-0.02286001538581237;47.86817262159887;25.17284943523165;3.0782201296522347;41.70415736421951;31.756723457353925;23.285565366803112;38.0254579425162;42.47958316466045;24.70503824848298;41.181323348435846;46.824901659665045;16.0172934856489;55.16572121241128;55.36759346844023;17.337836383695986;46.877217893069556;18.651088323196053;14.83773574887886;10.550363426052964
0.9860555749728436;0.24331663359494307;0.37342658956717223;-0.0723028705870104;0.1011517175644319;0.4799913357139064;-0.0197001740854893;0.03031035902574076;0.42111261921471677;0.008615090679253142;-0.0019243679601214706;0.3238541810988024;0.01685811090003708;0.09674631590395716;1.005647128838158;-0.12845234307215928;0.01602551544368701;0.49550607971393773;0.027492932122514975;0.030861544858820134;0.22888707887545895;0.040000947625326244;0.018918025306966645;0.14950621585652102;0.03135004095584235;-0.048329233255864544;0.9965786995792114;-0.0670461091929152;0.01154988517500908;0.5023770408596892;0.020036229918910155;0.03665960974640906;0.22251795278537212;0.03284342721819847;0.013796249395020777;0.1329734829691714;0.024043575087984173;-0.1422730787640372;0.9616220258692361;0.001417996547072629;0.007846008230209344;0.4606744715515315;0.01829902428741404;0.03498979314042771;0.21435915364278074;0.02274468468283299;0.016678853827651347;0.11824916902118726;0.017080811676759552;-0.18621873709617978;0.9260479756699151;0.06948054328299087;0.016538975280364316;0.4009716946634424;0.022682911853275794;0.022806520032922564;0.18869081426382278;0.022371331506448603;0.004275555931373521;0.12268187488231036;0.019001194226260353;22.17167063453547;8.519860825330582;4.808224832431373;11.03601068813983;8.815982648489355;1.9797864661980817;7.367839210529403;10.001955994935567;3.8884781164097064;9.641310727479333;9.063227181011873;2.488437326191117;13.737079465445145;5.696936583890504;5.280097988753596;27.37200495855037;8.906643648652508;6.869215247245433;5.070714692491596;0.998352608801767;-0.21784650484037552;-0.10410062876739001;-0.3710810253013361;-0.19526718654138622;0.18559501434928247;-0.224012726881455;-0.17885846630651184;0.28976091057992703;-0.10485350967614868;-0.16680799056935405;0.27216429237356704;-0.08548053287206253;-0.05623773556725504;0.42851914683551734;-0.8850570497813435;-0.18462944204374304;0.47551297102512874;-0.20379650237137362;-0.19297317389030047;0.1553808363221834;-0.043670134356755645;-0.14896292453619495;0.039796906195015934;-0.011067238855506763;0.011717351563326485;0.6979979382390947;-0.7160038979546929;-0.33922463601076197;0.4850242698380068;-0.21584811025076925;-0.2898553222152757;0.08342581601811462;-0.02413264611800969;-0.20596110894300454;-0.03445646903646047;-0.01004130293370615;0.004657999541286215;0.8880580998884379;-0.5292251577200959;-0.3570569538451593;0.362769908408193;-0.17613798982805462;-0.26403674756233403;0.014398679305321946;-0.03196639490234583;-0.1889730428718338;-0.04350168482254708;-0.018438336942492042;-0.029116720488728792;0.967240382328495;-0.35374114360640324;-0.30464032601282554;0.15276360112449816;-0.13987517304357913;-0.17890974227507514;-0.10561389698911665;-0.04654581116846681;-0.1151977010837102;-0.11955309814582875;-0.026980617888692427;46.71722742392221;26.008233685268596;2.130900043523939;43.18069134100123;31.03038147070179;24.410308959154783;39.070804419012475;40.94194783830578;25.56499327451671;42.014167600451955;42.87895009716156;16.057716627145776;57.10953067450577;55.095269515272484;15.597764663511796;47.23570095243342;18.844526796530836;14.942549211304932;10.86583479256474
0.9868710763741438;0.2157745755536447;0.44798919173107865;-0.0414010488588156;0.07171197964822242;0.4672658671901869;-0.007464807232118131;0.02395891979649954;0.3769304953258832;0.013657614964740971;0.015941720980815553;0.3029210059471076;0.018564583613371658;0.0700405714391265;1.0386852605213628;-0.0789574212866343;-6.152130626212107e-05;0.42803121148530665;0.04537601398812346;0.006896415979090042;0.22992156310150982;0.04292760657877486;0.00864460050761604;0.18158235143276655;0.029908115160834116;-0.06914901809864299;0.9971801514894292;-0.029157482256062215;-0.023628731387509327;0.4440452834679139;0.03392467200315558;0.007216356096735437;0.24561155361578582;0.029685268729952443;0.0036690530431269346;0.1717937100271154;0.019980874045482835;-0.16459693602753556;0.9342699905381925;0.030085846128363472;-0.028450380702512778;0.4084222756011891;0.03218533714706079;0.008589478167591882;0.24955044876089233;0.021053662818962184;0.008971032090660549;0.1626252658064836;0.01356719926380064;-0.213151935568107;0.8724709109026366;0.09117108255802027;-0.015016820668793902;0.3701192280000721;0.038946747317791346;0.0024891227170701076;0.20728836345335425;0.028546891860257464;-0.005082182408070642;0.14814779669299363;0.020928027070535392;17.40088290366378;5.893671245985964;1.5612221377716256;11.082655429120626;4.8314956873560115;1.5790962569082232;6.103309642782427;5.3407608229123475;0.5231229377027022;6.568217965882882;5.945250474158003;1.1833943071242476;11.346786430115316;3.5094295357983403;2.634551677703179;21.79447916136902;8.255514470122696;6.960540367698817;5.453363420859615;0.9985807299794884;-0.20688640774016526;-0.11677047726416608;-0.38719886265823356;-0.19263503924422093;0.171755404488235;-0.23643842248763075;-0.18179909897832616;0.28093686691076386;-0.11683700081343158;-0.16842458329069307;0.2840284472370634;-0.0988549113351552;-0.03264865138948163;0.4174259122147802;-0.8978207247984712;-0.19034026317810346;0.478796395348878;-0.20649972121211774;-0.19849834589152623;0.15582142812200067;-0.04640996921908465;-0.15706918527909344;0.03637140575820786;-0.013146531551896162;0.030062731071524088;0.688947183291754;-0.7241878284222123;-0.33445298327127476;0.4863288883251432;-0.2191920851560894;-0.2888118830672078;0.08866962973458736;-0.030983029751607695;-0.2089008198479912;-0.03454480054477665;-0.0150990403015624;0.016157178368262002;0.8753592041371167;-0.5336348674589932;-0.3534909186119508;0.3593724605396852;-0.18222469286081805;-0.26565142172114;0.025925368102659847;-0.04082537728223001;-0.19270238601299824;-0.03834157582018824;-0.02477305744240349;-0.024872832062718692;0.9526439675539173;-0.3549145873439453;-0.30703404671716594;0.14816046424384224;-0.1447812877460651;-0.17924576370218923;-0.1069161650246836;-0.051332893573857515;-0.11877301585675776;-0.11979611501018629;-0.030497645858240142;45.55014983135722;26.631232129132794;3.3468220838054634;44.609386519081646;31.08603959676105;25.520860302253336;39.798452528288585;39.98704075811813;26.414573797553473;42.35886186556211;40.1293504034373;16.732243359112285;57.89706077728244;54.147260652536154;14.55397501842188;47.22035001217004;18.979845024359207;15.079494066725225;11.173375219660914
0.9893302768873264;0.1970452631353709;0.44626305797425164;-0.026780144269276225;0.05896996243199315;0.44916218849886663;-0.00031527996043752797;0.019874091422793814;0.3593682819133575;0.018107140787086192;0.008697903072217772;0.286229528846505;0.026472910585170064;0.035398488140767466;1.044946674483802;-0.054650060864003216;-0.00038017989614399074;0.4034851855441068;0.057650701784502774;0.019655781647026804;0.18421530587655469;0.05485423725251405;0.01504895122964821;0.13812250379013336;0.03735755811492359;-0.102546230474202;0.994654573786698;-0.012105761468575185;-0.020161602593452062;0.42995544959606424;0.04233675571094709;0.019829983258749528;0.20419498843659528;0.03834368670357032;0.013517067321905588;0.12816704287517952;0.026785959350008062;-0.19487439012614516;0.9139497314044123;0.040632492785697985;-0.03427057161033282;0.3962604603665656;0.038076373841608696;0.020258647641708632;0.21183283075082876;0.03196397545962739;0.02248409278889843;0.12177668575196138;0.022257500594815457;-0.24132251644615574;0.8289813983786445;0.09604001098420739;-0.02809285300501118;0.36194035130040797;0.043068040214734725;0.012061268999456382;0.18537727812373878;0.03691296197746696;0.008613557739981135;0.11084683111840615;0.02887037900615786;16.627727035514784;5.207903954407302;2.790620189231154;11.300010176094768;10.290136690359859;1.4492835940480364;7.074658791882862;9.542339645094723;1.244707895743694;7.677049103626251;10.774427029648942;5.198951030602999;11.72246212395441;9.216115449946047;3.3915715872800773;21.852193283942217;8.152580463060746;6.923867285454212;5.688637409575078;0.9986584521993476;-0.20367463369633962;-0.11370911021241407;-0.39556341187176086;-0.18849561436292253;0.17308628775528312;-0.24289824224802659;-0.1808796222825386;0.2850697227999168;-0.12356348349006988;-0.17279695647677001;0.2935802864821896;-0.1056741755633285;-0.024920950945946707;0.41178181744081105;-0.9071996805963426;-0.19246292080455035;0.4940012445404779;-0.20718586687459037;-0.20963571406984952;0.15135712587668523;-0.04302439744909428;-0.16616136784133115;0.027876535299199468;-0.010456997097195355;0.04055239320409025;0.6810749842140339;-0.7310898503489667;-0.32088704780676236;0.4953433717876737;-0.22268418840735918;-0.29229883818362984;0.09285805394620948;-0.030748695177666784;-0.21276632116599858;-0.036230220983413844;-0.01457399457114981;0.02825365962022278;0.8716052144445652;-0.5386955357510045;-0.33387919124087945;0.36558392384190735;-0.18657510651235223;-0.26327830572445;0.0305338210872721;-0.041017865116143595;-0.1909020618234736;-0.044607231299850496;-0.023903118647855843;-0.013865402833694194;0.9556402857990963;-0.35874429244240336;-0.2929017558494129;0.16723966180762873;-0.1491885190098855;-0.18512764787835326;-0.08100312053841506;-0.05446227537411614;-0.12677328060912624;-0.1038264345959925;-0.03197024284594026;44.8890231230614;26.570690826921634;3.3936069729934046;45.70246117085431;33.7678877174791;26.778591134838297;39.44191028146949;41.04655863613937;27.253007515796977;40.933294822816826;41.230545267295945;19.665091854040284;54.72953640694685;50.781716580843806;15.799632230242954;46.14028254924882;18.930750423001456;15.319334934078249;11.387841685789247
0.9917894774005088;0.17907843869190762;0.4440509379781615;-0.012919543264816463;0.04684424679633793;0.43145938512515686;0.006445857965697535;0.015985576873401654;0.34229417273915597;0.02229116894510296;0.00183671011145;0.27007383779210614;0.03391677642849683;0.0025942834174567026;1.049509826691333;-0.03159355096033761;-0.0006810154984924607;0.37974972747163527;0.0691829699426306;0.03169573935590134;0.14075524269274725;0.06606100961704926;0.021085472481737665;0.09684657904032488;0.04435335150003067;-0.13399402219267917;0.9909739278351106;0.004034398056806332;-0.016856822874309632;0.4160731702502698;0.05023637064915582;0.03173190152872374;0.16476537846623168;0.0464814284086485;0.022811972455885343;0.08674630614386768;0.03318617223599345;-0.223252112101266;0.8935469624403116;0.05055280528402153;-0.03972972453240387;0.3842451337615617;0.043597574782379085;0.03126691186357994;0.1758910909238371;0.042239440895814766;0.03523308379181584;0.08299126410283501;0.030446293512626114;-0.26764758651792475;0.7867797492634169;0.10051937151987435;-0.04042129393505809;0.3537359608269128;0.046909251975873735;0.021097199738813553;0.16441686989672633;0.04477611304090958;0.021553316671000383;0.07543030263483058;0.03634330433046979;15.946655801368431;4.5419261381127445;4.119925819741051;12.051632473284034;18.753336863917603;0.6174856693566317;8.543924294904507;15.552544274430531;6.043669837244659;8.74115949020225;17.166356177427584;13.52248661723282;12.186469480669231;15.540640439053503;12.668847814200692;21.813510361953234;8.081240566684713;6.961790958164457;6.047131346806297;0.9987361744192066;-0.20041383570811136;-0.11061871495798059;-0.403851847700774;-0.18430929280092434;0.17438081991952895;-0.2493130550690839;-0.179919136223258;0.2891452475818782;-0.13027157040682125;-0.17713702007483928;0.30308000893766907;-0.11247910234000967;-0.017177659316415933;0.40603971870629607;-0.9163912521097415;-0.19454599857350913;0.5091172629354149;-0.2078273137934072;-0.22074151308574286;0.14685367525516047;-0.03962492929671701;-0.17522887397921114;0.019364419857925023;-0.007761643801764953;0.05104684982959447;0.6730426028305397;-0.737840005622877;-0.3072327512623321;0.5042606329599504;-0.226131851942116;-0.29572602650862145;0.09703152042712025;-0.03050728715312842;-0.216590053779676;-0.037909872402004774;-0.014045054804369317;0.04035974348406837;0.8676544978235667;-0.543644270055267;-0.3141683365182894;0.3717230555181814;-0.1908901496497513;-0.26084414543937245;0.03514158159375475;-0.04120157775057743;-0.18905737057226643;-0.05087126450385155;-0.023026781652077367;-0.0028405260286597984;0.9584302116733174;-0.36250005613232394;-0.27868652201066135;0.1863070072527676;-0.15356868186738484;-0.1909764830355659;-0.05503835879506813;-0.05758376425989785;-0.13475610913785147;-0.08781301863777562;-0.03343772997891574;44.22499995147704;26.513599316301807;3.5035416925754546;46.76865948750066;36.346698676226545;27.836966413297077;39.12029415445309;42.11444270071486;28.065856229979996;39.45683164493404;42.38341601541415;22.62464122146495;51.53571789487701;47.229179645165615;17.08317497445119;45.077890580599124;18.875679412137394;15.557915718342652;11.60374958984526
0.99383808994788;0.16921897096612898;0.4382656320807881;-0.0033915064477653693;0.03901568832211031;0.41880514975059496;0.009940178486071096;0.01082316967220987;0.33204371049936104;0.023647900641846555;-0.00727601932586914;0.2549303952545231;0.03769061379284753;-0.02229699117482495;1.0516638313377977;-0.02156020677814799;0.0023218005492773417;0.3707260191258813;0.07298572486655103;0.04384906162291698;0.10089214965822874;0.07299777075567962;0.026291094372498734;0.05716546929679186;0.04916991693484571;-0.16042556448368275;0.9870183385806689;0.007644446712984211;-0.010906377823166908;0.4165117028780586;0.05072808438239201;0.04522086789197988;0.12064513799321903;0.05230379066341061;0.029604538714806106;0.042290532181956136;0.0386540361752233;-0.24944383778495047;0.8761728854343933;0.04835519381349878;-0.04195866770336661;0.38810233346125694;0.043263236196616386;0.04357224126950757;0.13684774255604154;0.05032219485826774;0.04428192154304825;0.04102646137526737;0.03744661212651981;-0.2935366859407317;0.7516981295810586;0.09306701129853595;-0.04911842211855473;0.352530893029444;0.04653499696916066;0.03160221203277413;0.14060449182605775;0.05005236714062397;0.032155928809462886;0.03917063840951945;0.0417523570575096;15.887264871577287;4.3927953732287675;5.559246389991809;12.410497842971017;30.837639145473798;4.545774930537465;10.087981585868953;26.107269947825113;19.32009801849279;10.229293754971339;26.562504768023555;29.290469911233572;13.326118609590377;23.17308944499234;30.69808784865747;22.337298756238354;8.17735780439061;7.145924739560132;6.472994087025166;0.9988105172850652;-0.19724148151358675;-0.1057221454077392;-0.4111334075403028;-0.17983837334909644;0.17914037598452653;-0.2539747815150263;-0.1799052080552253;0.2939692155372323;-0.13496537995254174;-0.1818137188102047;0.30696343390047737;-0.11696901323867359;-0.007583430685650448;0.40374001201730475;-0.9225218880531002;-0.19714393618303508;0.5179634154279226;-0.20839851854716285;-0.23074909763690304;0.1399498400432446;-0.03655025946896436;-0.18269557074581488;0.011176528981586078;-0.0050544140926551675;0.06272184605946396;0.667409857086878;-0.7420445085641199;-0.29765225345511687;0.5126045869944732;-0.22761690174286625;-0.2977930630647175;0.09055744440643361;-0.027332922540022283;-0.2167663200724559;-0.046849574895547245;-0.01084671805901036;0.0535607775738802;0.8651348075894553;-0.5471358951806187;-0.29860370168350026;0.3791202257740368;-0.19408042964424504;-0.25963037558162944;0.0318717576586899;-0.03949288940537696;-0.18617625489433773;-0.06051736815251279;-0.020306749271094;0.00963504213939298;0.9611619379975596;-0.3659943810057617;-0.2660981978727922;0.20452602371075612;-0.15775042269140482;-0.19604031021060728;-0.03520232546184701;-0.059968283627442755;-0.14037724186360134;-0.07644303679558738;-0.03398521857834351;43.979358327296715;26.15921932824623;3.3257238794031285;47.494666635112246;38.84061347033915;28.301737022446673;39.15802451448273;44.592805102392106;29.12352828301363;38.34144226857285;45.01552559124527;24.942416053854977;48.69711518017353;45.124553102646246;18.427165284953528;44.17380434752751;18.758966366958735;15.705978995983779;11.718869501800809
0.994561755229782;0.18389953302047043;0.42077197732090915;-0.005827688959915364;0.043497834125126054;0.420816402061646;0.0036420194596533764;0.00043954188361953323;0.3425080053027739;0.01620516106154607;-0.02568204513275561;0.24042072632773662;0.030498169610423974;-0.02704029067061461;1.0491771746196292;-0.05156947130897091;0.01668212084299114;0.4083263649473508;0.05277341620561088;0.05912737268445062;0.06425718175173821;0.06780429387007547;0.030006605104746828;0.014156807949307754;0.04810408090719162;-0.17677799774756364;0.983837604368179;-0.028515044159964097;0.004878694385908598;0.4644853822756402;0.02746842800613114;0.06690116980580407;0.05203995001513519;0.05202983931496844;0.029848485129822157;-0.02156264138590869;0.04239200557592753;-0.2748970102018957;0.8670667048941556;0.006562713226241721;-0.03432016496276797;0.4451909349564685;0.024005451918724083;0.0628679982495823;0.079611674872374;0.053192851870643744;0.043432114643680866;-0.020264129990578757;0.04221816175103831;-0.3244011380226451;0.7339596135813066;0.04559327664815865;-0.048075640066669464;0.37463098662094446;0.03254786098829456;0.04923212612018259;0.10273302389282865;0.048228435249318635;0.037580786073905595;-0.007612386459537256;0.04176254530435301;17.748054865865072;6.232385522136767;7.605802960084447;10.860626519212245;47.45607426026717;23.030024983296464;11.893863539517962;55.926750776159345;56.52254841146791;13.441860811736154;47.561984593136955;62.633416579524265;16.573877006230596;36.5199605111176;63.93029936972032;25.157282496672785;8.782751329000481;7.681559291145693;6.86453027155974;0.998873955141;-0.19446513261929083;-0.0950879077634826;-0.41531985858818643;-0.1745618720825666;0.19511340710131245;-0.2530809247848911;-0.18302353731804746;0.3013112456852955;-0.13320679508492303;-0.1876309002332562;0.29287951388353617;-0.11403087266400894;0.007909867168390743;0.4127284050513945;-0.9191878119236987;-0.20147607121676836;0.5068056981985728;-0.2088371838541127;-0.2372668106556268;0.1254228570509858;-0.034557265738298114;-0.18504684226331233;0.004087657074792087;-0.0023277155326672534;0.07815709436841266;0.669850208278141;-0.73837129350322;-0.30138797150436797;0.519290559568421;-0.22287858585000006;-0.2956060963514269;0.049875239086302196;-0.014745187548424988;-0.20529616120962726;-0.07913733402403782;0.0009237539876612217;0.07023290245421203;0.8676421569697075;-0.5461688506899341;-0.29662525352452884;0.39070065174539126;-0.1937196032696646;-0.2624751587845508;0.003267455367635768;-0.03171863869792555;-0.18006166668021484;-0.08102486857885237;-0.01167519945037384;0.026711265555827327;0.9641376664879943;-0.3687961558873639;-0.25894960562151287;0.21999787189563522;-0.16134132127170228;-0.19863673534388004;-0.035240137235418134;-0.05999293463765283;-0.1384240424451808;-0.08013148771162192;-0.03158244048278588;45.04123083530771;24.9220669650367;2.856533687047675;47.23730637077589;41.3737700229797;27.327358311072743;40.24327789620315;52.026119392128614;30.797906814297487;38.534432705096364;52.29967099324048;25.080703324431173;47.04082937132559;47.61874118666071;20.143462374768017;43.736715343849205;18.45889111288102;15.563833907257488;11.50488803572857
0.9952854205116838;0.19957938287296564;0.4009310525161488;-0.008474320717618401;0.04830793407278749;0.42224955738697306;-0.0032340158539942267;-0.010886759581211726;0.3533024880207645;0.008058017310738533;-0.0457112321423195;0.22416040464716688;0.02259819358467082;-0.03216497649151404;1.044568798980528;-0.08420761907290787;0.03231488942056875;0.44859940637692175;0.030632310689978282;0.07568469070383393;0.024182994130266616;0.06201718501063047;0.0340049124145275;-0.0327786733270143;0.04685462726540423;-0.1942942417171953;0.9785902798002575;-0.06790295955254076;0.022086783558636993;0.5159712076340564;0.0020492888577954547;0.09042714175453424;-0.022882336083673727;0.05163700576633979;0.030060614835581614;-0.09116884617098486;0.04639242482682692;-0.3021621754943339;0.855567485873338;-0.03903254515561824;-0.025926761824753074;0.5066533503178673;0.0029574457161484526;0.0838004167674661;0.01703995065445064;0.05622776628700373;0.042426729285456204;-0.08707765234962501;0.04734622952402067;-0.3574789620393593;0.7132855982708367;-0.006269110874914949;-0.04685138298394614;0.3980586742131874;0.01723315511106198;0.06837224014294939;0.061240638963092994;0.046151895553990664;0.04342980283652225;-0.05862525358425798;0.04169818101322012;19.945693177091744;8.472031416464201;10.661800950950687;10.337159786340312;70.46446729691935;45.65896994027937;14.278471841577275;100.15026998302814;50.69899906053606;16.753016778987927;82.66716115870167;64.5958106562873;20.11264844038825;57.78978800458395;81.31561955449816;28.406642152918252;9.466775261279485;8.332814369456576;7.441733537112248;0.9989373929969344;-0.19165259660553835;-0.08448128064190304;-0.4193796211128445;-0.1692664852664433;0.21095851798644455;-0.25212669281316147;-0.1860798182030271;0.3085403407874222;-0.13142272308431865;-0.19337167415111048;0.2787894547169617;-0.11107791100247405;0.02332547621264136;0.4215673209995511;-0.9156348812160245;-0.20573550960777576;0.49557282653533136;-0.20922028420384028;-0.24369199758940552;0.11093473579364224;-0.032565165198187175;-0.18733929393942297;-0.002967640219932905;0.0003862619670684966;0.09349696742863348;0.6721072870693272;-0.7345271347948681;-0.30502834720573074;0.5258110398439876;-0.21810639614969632;-0.2933541912606796;0.009378956888671776;-0.0022151559371514453;-0.1938295029336243;-0.11124716370577092;0.012636505690726215;0.08680563857734437;0.8699153096026508;-0.5450668135860929;-0.2945805879251685;0.4021245767090539;-0.19331098368229696;-0.2652389050262402;-0.02519798652105347;-0.023974241541469498;-0.17393087902121562;-0.10141148854208394;-0.0030828173256741234;0.04369725996595236;0.9668522262751436;-0.37148990588261716;-0.2517696834239013;0.23533788180756762;-0.16487341009014178;-0.20116966693727428;-0.035268749568660794;-0.060002118469999206;-0.13644497171882095;-0.08378142672658322;-0.029183317851856627;46.02397800968015;23.832498575107536;3.9447972952683563;47.047248771914035;43.90383968759652;26.285683888427585;41.31315708824564;59.95908454183794;31.881189540006915;38.743739784820015;59.47871873641943;25.141472741371935;45.46253678503986;50.03076184089112;21.856952066923622;43.313114789762224;18.15812220947237;15.418147223538508;11.290983055759273
0.9953800032530304;0.21636959641365555;0.3778517417770697;-0.02224852905356711;0.061443068966296054;0.42838889630918403;-0.017154238131288874;-0.009665538865439855;0.37000812088275686;-0.003971600816901428;-0.05909497919920391;0.22004154969953252;0.011276641821641446;-0.03040364740178422;1.0269130899632122;-0.13647350761041357;0.04972754210514818;0.5091885434584482;0.006265232958031973;0.09386116747240153;0.01277238443025315;0.056224210741906956;0.041103175022147574;-0.05978007982997867;0.04589129858505148;-0.2058677362930429;0.9711075940555376;-0.12070010737875653;0.042399734005216426;0.5800792938923697;-0.02405722722745803;0.1155638686550347;-0.060223394898974665;0.051625778968483055;0.03587094898499002;-0.13423870563018714;0.04963271314865839;-0.32289802140282403;0.8572814468451668;-0.0918467102453699;-0.010405841207353968;0.5759368072652908;-0.018118324642990274;0.10745087392218734;-0.015496060080178497;0.05972577278202103;0.04780837294612984;-0.12911100832999792;0.0523076237490068;-0.3821367604519794;0.7217642436794722;-0.05974535966150096;-0.036570257810173215;0.4345228861320361;0.00111319589551311;0.0884137765289862;0.04289637035320635;0.04382115365501584;0.05227777285252265;-0.08728783342326078;0.041473319307007345;21.62193452771176;9.795970518556095;13.964273978415152;10.999575635132109;78.20238417721384;53.122745438182164;16.726416213818784;112.53900038704336;44.33768180284899;19.947133003315912;98.96269021900714;55.78331627572109;23.470989090276298;70.7680445739008;76.822173423152;31.69026174361952;10.210555777847874;8.701002772202177;7.3948697319772405;0.998821943985392;-0.18654735918274165;-0.07696639160932053;-0.42960228807384354;-0.16350265476651732;0.219985977443548;-0.2507734223119332;-0.18794070528144652;0.30964160769688737;-0.12692894899763293;-0.19722634418049292;0.26962738119228136;-0.10503622407069561;0.03990271538107095;0.4346252820567543;-0.9144084307243611;-0.21268097158428606;0.47797371106560965;-0.20986017999791984;-0.24594748003430292;0.09649178063727856;-0.03349665834670957;-0.18705716458280866;-0.006484338198666125;0.00035348371842558647;0.10463323245506997;0.6767178459549824;-0.7287694036058676;-0.30628890201186054;0.5249811514287424;-0.2107085120072409;-0.28512707625933154;-0.0317511142243231;0.008477793703130553;-0.18082446376897013;-0.13819544361449748;0.021021824706968825;0.09584212470884619;0.870455305624378;-0.5383678837303393;-0.2918745923116621;0.40192002648648467;-0.18928720244788247;-0.25993014096864986;-0.0568471043925419;-0.01668949681523999;-0.16278104173876878;-0.11487933410904355;0.0031348968498461525;0.05144296344961341;0.9652803421773423;-0.3657715550808664;-0.2448222949796702;0.23667652442690465;-0.16312615054490442;-0.199281142183614;-0.0415112514244189;-0.05781031690720112;-0.1296332394788939;-0.08629258131466536;-0.02716047234958487;46.53356691141938;23.585038979363567;5.031912281209733;46.77500595306441;45.37067514232511;24.46971418912781;42.17012945371216;68.09647172829497;31.177587799537374;39.1448385885873;66.64535377032288;23.29988406421296;45.084929246769924;52.72108606342185;22.133688462730188;42.96233081213612;17.807198759133612;15.322621027129195;11.235118737295505
0.9942679233453744;0.23435011511744452;0.348876697376326;-0.06004760522703816;0.0923273371376486;0.4444108910844834;-0.04591824917337532;0.01966641462400836;0.3986017411355826;-0.023881731116315363;-0.056578320083620584;0.24335339510167175;-0.006948687929851052;-0.0132761035618111;0.9805486680085199;-0.22910467098620013;0.06989316851874115;0.6108805167814423;-0.021405854852181445;0.11434921220851746;0.06654784798364366;0.05078802113157815;0.05464539163521174;-0.040075048922994586;0.04560996748306995;-0.20315611583053586;0.9585311130036096;-0.19986419890693602;0.06824447628925426;0.6677157720733217;-0.04987108668833333;0.14249417978247456;-0.010488815886972593;0.05244110053730117;0.053831061114791794;-0.11460191765179595;0.05090871108980975;-0.3273198080335558;0.8880369816043575;-0.15713669956291137;0.020051211682666648;0.6576032215817166;-0.03777429119716594;0.13549131403443807;0.021728582757873014;0.06398349727534683;0.06713463929521069;-0.11245874516092001;0.05651625664430074;-0.3859227306788063;0.7947058276169715;-0.11307820186693707;-0.00663665463176811;0.4974647862089702;-0.015691397200564627;0.10902751853473022;0.07781233462751153;0.04105518819164417;0.067213813850203;-0.06368278294557315;0.04087820186240863;22.113058482255155;9.188504948943558;16.002147020425184;13.29241129885602;56.94448405393166;59.36862460286806;19.06434795535394;89.94093606102103;56.23970251026421;22.679263932077156;81.59240543858022;61.61105623283289;25.64140650846288;57.62379160449799;73.3995266563174;34.407472237088925;11.050579325807847;8.395668054063309;5.999973113333458;0.9983633665487774;-0.17727125751443093;-0.07535139629436462;-0.4513385481706626;-0.15698181681131426;0.21620786987213164;-0.24876048835173226;-0.18759398445702552;0.2993538557846116;-0.11746011371441797;-0.19755861584221174;0.269873746873618;-0.09332442146309824;0.05845088070144194;0.4555264021600084;-0.9178013496960779;-0.22461957989068437;0.448826023521087;-0.21103010592638388;-0.24044368145918488;0.08234518652709522;-0.03989324149099128;-0.18201527503254597;-0.003339740861345265;-0.004815833076586565;0.10779387395661219;0.68585774963511;-0.7197080157973013;-0.30316709313356616;0.5105600685636345;-0.19855306922661403;-0.26590924092161816;-0.07354777890529188;0.01560018452898426;-0.165159047531291;-0.1551830085240072;0.023082352093877295;0.09069469246820559;0.8679874322258412;-0.5214361276146284;-0.28804709145772217;0.38008123755911816;-0.17860614303512223;-0.23966383977124306;-0.0940602120309953;-0.010362445901321885;-0.14243240913529584;-0.11526650597559845;0.0048325648595668345;0.041822095297080995;0.955978641798352;-0.34449504629065764;-0.23846652900706294;0.21187764321879604;-0.15157278221439502;-0.18920276053655624;-0.059306541704770524;-0.051546253111313445;-0.11390650572471393;-0.08666558147532731;-0.02587479685224679;46.280556630186936;24.784913753556847;4.842738834901015;46.4472247062257;44.80208216838499;21.194131356426944;42.66491778364537;76.6437756220445;27.784698118679866;39.94453981760411;74.46899892255895;17.96019762003411;47.03707062516779;56.090426753931304;19.86446212725426;42.795474688375926;17.41036293152648;15.346437008925728;11.48976544944131
0.993155843437718;0.2528874778647415;0.31336213231543814;-0.10237692863437918;0.12657711521104426;0.45909950672365685;-0.07812791059643542;0.05272296507978052;0.427879551145046;-0.04623827226199427;-0.053289602595943134;0.26785690145705054;-0.027529220334047262;0.006218594595917693;0.9204405027356002;-0.3322013183982282;0.09218165480873286;0.721270834586554;-0.05256848498293881;0.13665749132467797;0.12691496131781677;0.044238814271443674;0.06955334831269126;-0.01745403098800292;0.04493724121866538;-0.19850834355286642;0.9368482300974397;-0.28794067323528993;0.09697559196920483;0.7617512477468612;-0.07870992480252424;0.1718777406797941;0.04590152338492461;0.05295694051720265;0.07374722924824727;-0.09147938848967758;0.05195802375829926;-0.3297841379920025;0.9159615348514687;-0.22983690614012578;0.05437859761422674;0.7449579978105643;-0.059735181748097936;0.16618613361300175;0.06370512496259571;0.06830714566645853;0.0884942350815918;-0.09273190241350407;0.06084231465555492;-0.387212087260569;0.8711177197112201;-0.17258283037611824;0.027305345672462813;0.5648635297446369;-0.03459549310043282;0.13151943879355724;0.11673947319900048;0.037604761612586454;0.08360223521907857;-0.0364628729981414;0.03988695738362598;23.50618437704098;8.904987107226722;18.181217125900293;17.087338016186322;43.231925586398894;55.11269083167301;21.732053683147793;70.6539264941546;61.91240296045156;25.209504052010434;68.47403360647418;61.38343133281975;27.36864710775765;47.95849541915946;62.59955730249173;37.163370481547815;12.128007452386173;8.318070998928961;5.074144243080028;0.9979047891121628;-0.16824883450357422;-0.07377310789148686;-0.47233505103982415;-0.1506338811733078;0.21250893891067332;-0.2467673437156145;-0.18722640288167303;0.2893302207938191;-0.10826087392060746;-0.19784761155450467;0.2700673361822553;-0.08195478782850969;0.07642256588923746;0.4757125778876807;-0.9209367220781092;-0.23615578055283365;0.4204935959251578;-0.21212890531337023;-0.2350677188565776;0.06861698951643197;-0.04608770868295905;-0.17709690593726243;-0.00029065664418803454;-0.009826410502098103;0.11083987849882798;0.6946034157802312;-0.7108027969280936;-0.300089829397232;0.49649397056446387;-0.18673570584104054;-0.24723396020253893;-0.1140551488006977;0.022502357867872472;-0.14994454581783032;-0.1716255534653927;0.025076056477114653;0.08568931683113153;0.8654494222101334;-0.5049342383598194;-0.2842882310572925;0.3588459349818668;-0.16822146244097907;-0.21997652624574263;-0.1301206214770326;-0.0042269602848750976;-0.12268158227186832;-0.11562252242805757;0.0064775557941111304;0.032488149661205286;0.9468008370812816;-0.3238108118842637;-0.23226495964684116;0.18780088701849526;-0.14034697596151882;-0.17940056809678906;-0.07654821006811678;-0.0454649249959847;-0.09864115331692136;-0.08701265468111472;-0.024624062647194314;46.04282575833547;26.092419097515787;4.877322779959803;46.441994583186506;44.18445868510074;17.876229118724495;43.19091208233143;85.3967855875814;24.029068613407425;40.827363648165274;82.36952387640964;13.080187802420753;49.24220792469351;59.371789140282765;18.088731265634568;42.71275703337931;17.082275883886144;15.395396396917144;11.755533074648774
0.9883192748759844;0.2875067128090214;0.24511224589395642;-0.1601961705717867;0.16903077221425072;0.44736383575454663;-0.12323783834059972;0.08863073836650283;0.45820675779810327;-0.0785584478138884;-0.049650507241160914;0.3099373765859082;-0.059308381341932496;0.023765750031060216;0.8136394325214779;-0.47491388459215056;0.13125897744284684;0.8370387826506223;-0.10130861636635126;0.17294988097612116;0.18818805587451143;0.023573040013848873;0.0951092276018748;0.010744586276228799;0.035304831115977084;-0.20261885900803947;0.8881625675915282;-0.4124473924072065;0.14834644253661997;0.8740962421644533;-0.11765093530479247;0.21531456288554007;0.09704189992851198;0.04697013780146678;0.10294777119959728;-0.06741867959378817;0.04592668569968644;-0.3472966039335703;0.9299172019204808;-0.3354828423152453;0.10535989967300055;0.8493069089448343;-0.09282018673276991;0.21042703783816538;0.09184611941768574;0.06936834595696698;0.11737804275461933;-0.077829635175907;0.061831946453409385;-0.4090209212391755;0.9381621891347652;-0.26197277271922975;0.070268521894543;0.6456900197839199;-0.060860606646055575;0.1653527896145831;0.14426065257921722;0.034907707477458784;0.10669847717454353;-0.02001860650352567;0.03876750762032065;28.564984215653748;10.717406693006366;19.765989761841396;24.40837199410526;35.71349220893517;42.50828076535023;27.29210576950479;58.900789506255364;55.79367596499095;29.59302247905422;62.99941128590236;53.69998633328552;30.637949927455345;44.917398954317406;51.03130627725415;43.10690118828444;14.175016835973679;9.089058382228847;5.227196852772358;0.9973374815972024;-0.16456757989022222;-0.06961070939305969;-0.4812703367743769;-0.14802522916245744;0.20876695775377602;-0.24594903819476394;-0.18678326159454614;0.2820757501383861;-0.10403143254947052;-0.19603620609599282;0.2683169520515336;-0.07687311987538122;0.08182584793092232;0.48771493717349534;-0.9231119412244754;-0.24521994574800937;0.4029993782089018;-0.21252678100863695;-0.23261115646549374;0.0596494092355892;-0.0491221988397085;-0.17570499251395055;0.0005995900345247536;-0.012044827847574288;0.11003253668393564;0.6986036077182343;-0.7069977653104468;-0.3031016523585677;0.4841277773046728;-0.17810501642732823;-0.23654656815183078;-0.1367871054549658;0.028760977686939353;-0.14109596211025457;-0.1791012884622538;0.027153343720761357;0.08270622730804124;0.8618692457471128;-0.4972187880529456;-0.28631024003060046;0.3467649454194043;-0.15996922499253585;-0.20701623822809917;-0.1520217154783168;0.0023227928109661004;-0.10999734427262325;-0.1183889930044566;0.008807576499876422;0.029068965552148624;0.9394463890139667;-0.31392469391221156;-0.2305497747928315;0.17540514748897804;-0.1313752061246556;-0.1729937713419113;-0.08672685979500613;-0.03916027806409358;-0.08935662279408019;-0.08830226139210538;-0.02233683109347386;45.28925533070082;26.81356985580322;4.800355937233776;46.54542619717487;43.810010245418454;15.989199545529848;43.94539429870361;89.87705604819391;21.606544211895773;41.89562881162444;87.10881565706036;11.115030532984266;50.77523448623967;61.65645046848384;17.765815747369054;42.42480054664386;16.833204663855987;15.368625260205176;11.887287274522675
0.9784480523258496;0.3561721971021328;0.08260490561439852;-0.26032172864499387;0.2341727735455161;0.36238674097108625;-0.20315637212631055;0.1366312080640811;0.484064416993511;-0.13766302205726857;-0.04285406984803297;0.390389196421111;-0.12098015305439885;0.04065830515289848;0.5558560856064211;-0.7225735445621233;0.21177562616905965;0.9666883951608635;-0.1964398651131206;0.24271252934152257;0.2604714652924625;-0.033094518036132094;0.14676990532362313;0.05740570261212809;0.00304188803272726;-0.2202856752997348;0.742509772020549;-0.6325768409543081;0.2561569825303283;1.0260866893391634;-0.18407732233003954;0.29280022576142994;0.14633530018224775;0.024146729874190306;0.1559715237765677;-0.03344694511108262;0.021840522415622902;-0.39065838597133623;0.8887499936293555;-0.5270727461531772;0.20117041539341818;0.9893043817229059;-0.154925543214348;0.2879740706282961;0.09431670015070316;0.06156105676312954;0.16579085243274963;-0.06727310663165308;0.054008488608030515;-0.46755758188192725;0.9725601741837666;-0.4290623761645332;0.14082819172261066;0.7550697005801873;-0.10740546973271892;0.2266269732990635;0.14956201046656198;0.03210102135881691;0.14649874641370325;-0.022082663973678304;0.03591171277485294;39.05080071798966;18.83083493442289;21.216816241559936;41.655920973262376;30.854106848919404;26.41943381165704;40.03627535884495;51.21370652404148;38.597206738287895;38.555886582958586;63.34123659563374;39.295721647658205;37.494097356571466;48.17984691753722;41.845021105729465;52.64742004673481;19.377184930380796;12.284675219751158;7.03920736050609;0.996623192694429;-0.16781887152527233;-0.06195454173532932;-0.4746832347744404;-0.1502735674296332;0.2048960740731931;-0.2466838241192309;-0.18625436473892043;0.27829829743162565;-0.10622421739834888;-0.19144623551042708;0.26400473045026207;-0.07991691165036567;0.07089191581442034;0.48936671926368414;-0.9242108681291411;-0.2513172385421609;0.3993121215420884;-0.21204435243008476;-0.23395120100654576;0.056695992389280234;-0.048098130989352346;-0.17892727466255837;-0.0013192021216988127;-0.01066038660096146;0.10416156975031099;0.6965786359521711;-0.7098792653135911;-0.3142264653611555;0.47372520776027643;-0.17344810853899592;-0.2360862468469866;-0.13682246306726709;0.034347406920840436;-0.14038245614334546;-0.1750352194733608;0.029399912587534605;0.08230794445192156;0.8569419329121266;-0.5008937036164652;-0.2960118410006286;0.346419183802807;-0.1543150096170909;-0.20256318558820713;-0.155951384202186;0.009592803842771638;-0.10626022988190796;-0.124409263565196;0.012100483184620637;0.033323742821030435;0.9344142156100209;-0.3179856203541691;-0.23470725420643046;0.17802876474048362;-0.12513778286652036;-0.17089383022842053;-0.08792230962441686;-0.032398181517972226;-0.0876830509113005;-0.09087545786269609;-0.01863085155638222;43.81892133358664;26.633627589458015;4.355695789520069;46.44969189298257;43.81025452804401;15.99804897195271;44.983219496092005;88.80433231322394;21.002808628677847;43.112735118416445;87.92495684935953;12.068014098700779;51.14032716346449;62.80202339320704;18.603485735104034;41.78151888592982;16.627754891770834;15.218168236785028;11.8301475645155
0.968576905586898;0.41303025754791933;-0.18698562626478904;-0.3810208983671323;0.30324538122525874;0.1748476154659551;-0.3001716024694222;0.19276851548690296;0.454423039984943;-0.21124742287101844;-0.025831187809668813;0.4609341489736855;-0.2010668774188962;0.06149773749679794;0.0662308332561333;-1.0096446535920798;0.3084812763231636;1.031124933235216;-0.3185438590180661;0.3178620057389649;0.3370249539348462;-0.1180722837745158;0.2072287217767136;0.12297864173906659;-0.048531740705661686;-0.2161462844766201;0.40335647029179766;-0.8891480987893379;0.38964279622757547;1.117263035154997;-0.2624938380431439;0.3728817235200111;0.20310589401912377;-0.015546247779428665;0.21724809626846375;0.025270549466580004;-0.019517198815673313;-0.40238430899481126;0.6938489394363271;-0.7538069513258998;0.3236607611953055;1.066840610324357;-0.2307471089517257;0.36885691496199063;0.0844721648658162;0.04020702652856969;0.21832752588875753;-0.04072878977033281;0.033730679708153556;-0.4921135998461747;0.8851866710159757;-0.6312676043443028;0.2321046959228826;0.8182558226886191;-0.1654996996572307;0.29067077711744804;0.13614390429577775;0.02296980333312913;0.1882009178232044;-0.0221321097015112;0.026146725665001154;40.735662901554676;35.59640914489677;24.01807493231391;68.93888164941143;25.786167070936553;15.854456598568492;60.33679744440824;43.05527885843539;22.100487479542196;51.27596102342016;62.473204376888624;23.409898768956822;46.28966534947196;51.108304006627634;31.844340181648498;48.5101393167251;25.992962748823455;19.575859428647107;11.31722091673614;0.9959089092774084;-0.17103824523390573;-0.05435234592537618;-0.46812303687826456;-0.1524982474798665;0.20104443275930764;-0.24740172053316697;-0.18572076160508602;0.2745359911365834;-0.10839579822419816;-0.18688146959436833;0.2597122881951638;-0.08293440044131278;0.06003587717572754;0.49098355495335877;-0.9252587978268436;-0.25735761292545634;0.3956337325002538;-0.2115556771737571;-0.23527045244239025;0.05376187537772388;-0.04707943696889855;-0.18211733938017774;-0.0032236869860142463;-0.009285730070564144;0.09832936403188335;0.6945364114861845;-0.7127064678315882;-0.3252541170262889;0.46337791480935236;-0.16881773653155285;-0.2356184003600281;-0.13685121629515667;0.03989076745831633;-0.13966774074862776;-0.17099122609511802;0.03162843900015437;0.08190880359899118;0.8520114829052186;-0.5045181176596338;-0.30562769159286207;0.34605993239929533;-0.14869562150997362;-0.19813380578255363;-0.15984464843409113;0.016808393763832395;-0.10254593656171813;-0.13037906989271678;0.01536838068765767;0.03754538574217073;0.9293760926505953;-0.3220016573125664;-0.23882298731840476;0.1806246510182485;-0.11894086932215168;-0.16880155909218894;-0.08910480849603644;-0.02568478872415592;-0.08601784032161496;-0.09342533736143624;-0.014951523645223482;42.33333044898072;26.453031004149047;3.9163884658181702;46.3536024420266;43.80770465591469;15.98625394617169;46.028949986646325;87.71451906887145;20.394543545591763;44.313904670805826;88.73128084254954;12.967196629551644;51.55060553148067;63.9262418972064;19.403665008287305;41.13217909592823;16.42768787934022;15.073263430348188;11.777921107545058
0.963632216308537;0.4084397466237502;-0.34223676542741893;-0.42164889920532467;0.32346164926369514;0.04142147622762699;-0.33258030684518386;0.21328313384871256;0.39010706134491485;-0.2362915355339538;-0.011317132988586671;0.4629809251385399;-0.2306389702674576;0.07424979737617456;-0.2618456101862634;-1.100920275970289;0.3470698556595752;0.969022357464116;-0.3663951940172789;0.33410580466075984;0.3552493832742139;-0.1584645378163066;0.22316297615185388;0.15342235718656588;-0.07388927592487006;-0.18618063675242624;0.14162740919588837;-0.9722543121338787;0.44294345538206314;1.0668177819684017;-0.28919502278638887;0.3872295831023727;0.22408226240740772;-0.035411508321274356;0.23385496464727923;0.05717701234994385;-0.03926715037102003;-0.36318445726641035;0.5023178208258884;-0.8308317202419996;0.3752615367163184;1.012749838796662;-0.2575308259221205;0.38347013332346364;0.07153281171330553;0.02670405876307044;0.22888632139227805;-0.024050716064916405;0.022294846337527374;-0.45186633893925826;0.7495402668453393;-0.7046754496833245;0.26992227409978;0.7810947652384078;-0.18681209270945262;0.30275992516335554;0.1131921283368239;0.016115543298091402;0.19618475453322098;-0.0250308806077456;0.019414622377002966;35.343984008043634;45.719741547269976;26.710527051463885;81.86147546482243;22.321487517402275;12.048629714434233;72.91712071237653;38.052551979360786;16.87329663741645;59.36976547545618;61.15109489794925;16.586775060557617;51.30855148013554;52.446821890211524;27.826676928052304;40.70965186470116;25.979714936681848;24.058026868531297;14.803465107054825;0.9958926513381724;-0.177532788372464;-0.06051764508839086;-0.45782585529443853;-0.16122507175289763;0.19175735058127688;-0.24837905805556215;-0.18819537133307818;0.2739245734810521;-0.11199646436486724;-0.1821225738584835;0.26271191668088073;-0.08778571177462192;0.04105721039311562;0.47833907083792904;-0.9267991076443014;-0.2635715551683309;0.394271190870304;-0.20952114905863362;-0.23614756447284935;0.053585524490722326;-0.04323467559410319;-0.18322771578822128;-0.004109159295886857;-0.006697625941046382;0.08569386032306162;0.6898771357761871;-0.71883662944801;-0.33679555291863017;0.4526985952281591;-0.16691766903067196;-0.23765482905658267;-0.13374662432966553;0.0428031709905701;-0.13990615591053748;-0.16575670768577086;0.03204391979193639;0.07303900992070636;0.8516011733652897;-0.5130741020509152;-0.31689627539868614;0.343872480307374;-0.14677937648784503;-0.19816276954929438;-0.15976969248807313;0.021148581111937265;-0.1027141018674463;-0.13680389467385506;0.016996234204444453;0.03121016217256504;0.9308386603930686;-0.3317030814538138;-0.24570453107435822;0.18290724802710048;-0.11705443454832469;-0.1691148170319371;-0.09187603922205884;-0.02194719476305881;-0.08704942926743459;-0.09741760548994854;-0.012857464984120314;41.49613197001301;26.539673263044268;3.2755594077137777;46.581527783120286;43.554279741045235;16.119939935113713;46.715005693501496;85.63951650358152;20.234965222871583;45.08044410792043;87.82438777724124;14.193528546757094;51.59065983356959;64.52931674153253;19.611277588383114;41.28080909115962;16.702537336423244;15.078243796464557;11.685654443731849
0.9657003039688836;0.4082386231054185;-0.29180859193530173;-0.40938188741290876;0.33206702590669335;0.09721196765385783;-0.320483406168927;0.21568158068627835;0.409448307319418;-0.22380770863241325;-0.013256974569374608;0.46756181319402623;-0.21487378316373493;0.08484428012900247;-0.1723559873263121;-1.086673165780707;0.3526963380309254;0.9829864609361317;-0.3522709548838577;0.32631684154002827;0.3549323886428573;-0.1378506976712575;0.21075540801405118;0.14435131374751806;-0.057184439065250454;-0.1793062687314915;0.21661156749429827;-0.9596502961085633;0.44105085369369207;1.084950645628403;-0.28599303337875004;0.3809748225503501;0.22926414427458305;-0.017522742926533892;0.2243290602082024;0.03741784559205885;-0.01922993973304355;-0.35615966340755056;0.5705207557038687;-0.8197469396530587;0.370896719941865;1.0325708421974336;-0.2505558425716228;0.3753570741676431;0.0804047863655998;0.04261020181451376;0.22046639942783391;-0.041588510783071;0.03955174516959079;-0.44383274391245997;0.814498454282973;-0.6951430548225944;0.2626910019503828;0.8001904466797809;-0.18033481029038465;0.2972130782608043;0.1180978681931354;0.02186283401283916;0.19255536098187934;-0.0379142670292801;0.027432466635479803;38.69141848296604;40.93604520067531;26.5646938403066;78.46050797932062;21.97190661911645;13.026277854468953;69.0844877123457;38.16628249488464;21.679137298496784;56.283262947116945;60.873986585784884;22.831110270670194;48.57791655344747;52.35485261113734;32.87177293249557;42.155311215785474;26.184321698967718;23.266556111016666;13.995886886679527;0.9968700276711078;-0.1887268323369191;-0.08639365281614071;-0.44182794820742327;-0.1792977607557256;0.17448096693874177;-0.24963291782705335;-0.19491811411742677;0.2776763788305511;-0.1176450517623238;-0.17692845001634905;0.27604540740735317;-0.09529339592062125;0.010164116993956094;0.44493567142690266;-0.9286582157827556;-0.27001869913943616;0.39601547953573907;-0.20515604181421823;-0.23630429896960667;0.05731599885124117;-0.035277043675057476;-0.1813092731509825;-0.003553939643971836;-0.0023334169206289395;0.0631099817463715;0.6811045739475925;-0.7294612323843132;-0.34911049106858816;0.4411709702264807;-0.16880701616766386;-0.2431916376979078;-0.12606311635576628;0.04199196625412109;-0.1414462116175947;-0.15866524121202769;0.029866169137097782;0.05191004858552374;0.8572555597855632;-0.5285779016215119;-0.3305671245202164;0.338889984080001;-0.150048702920192;-0.20446366543993993;-0.1539632516622187;0.021449471933191692;-0.10837720199313877;-0.14392271227987793;0.016304119309509896;0.009700248306366895;0.9411865075078759;-0.3495262423083578;-0.25653536780116065;0.18469976773455388;-0.12123340016793362;-0.17278958920897308;-0.09691816596051535;-0.0223829649229374;-0.09190593531141854;-0.10348961924526869;-0.012984440917801432;41.577259601949415;27.305732311441535;3.7139597970146645;47.31893023993005;42.96438479045278;16.51111997597024;46.866116700334146;82.16241399966096;20.671056922164563;45.23679472165811;84.51436173709321;15.982805103781132;51.043302380918206;64.42483921466423;19.033032330534205;42.614308490194055;17.68835898808359;15.294935052377108;11.53012986665271
0.9677683916292305;0.405693526066271;-0.24017997551746958;-0.39487831666055434;0.33868294277842576;0.15191680503832714;-0.3066591794589197;0.2168179925041521;0.4262540155105074;-0.21015574129292333;-0.01510231189927326;0.46941266240601914;-0.19802279127922204;0.09485113567459515;-0.08272134154873784;-1.066316263631871;0.3562429588568303;0.9911700844541297;-0.3362558798770395;0.31672633528549543;0.3525788302713353;-0.1166394570420049;0.1972539818517642;0.13453647255658288;-0.040308808989086044;-0.1714664887106063;0.2896426434589151;-0.9416508813458346;0.4366417076777915;1.0966777280901483;-0.2811778824497003;0.3725899427978846;0.23307964666389058;0.0002977221785220769;0.21360407654686198;0.017630324638842704;0.0007284847795835285;-0.3471546207774119;0.6348009904847403;-0.8040563391347492;0.36444184212504194;1.0462711084581977;-0.24220697421251752;0.36516373223335064;0.08873091680691675;0.058121230336889915;0.21085914635686998;-0.0587216480445446;0.05641834404016703;-0.4333246316883381;0.8741626179717245;-0.681706189876459;0.2540185332835762;0.8145075771970745;-0.1728824543414629;0.29001074718530423;0.1222786352438937;0.02743020013360153;0.18785376713384966;-0.05045807871116121;0.03521693187359307;41.43001244678159;36.325211908436565;26.42495569478201;74.84484498872544;21.66593456011057;14.13141811097243;65.27437325321613;38.351041587059825;27.310731807324515;53.34111379038178;60.57875072355445;29.14931297973974;45.99774003340363;52.21149021370475;37.90514903213734;43.444917276670665;26.14290175910953;22.332656512785825;13.18740476992568;0.9978474040040431;-0.19990194576815526;-0.11247455473036144;-0.42535139015937007;-0.1974290101535577;0.15690278244161615;-0.25072226378396134;-0.20157151105513252;0.2812694463665407;-0.12326815798521441;-0.17155512689206165;0.28931992657829436;-0.10281061686977104;-0.021054127390736022;0.4108722888350642;-0.929876446233753;-0.2763402860019234;0.39749626539381683;-0.20060020513143606;-0.23629470174142272;0.06104412902637976;-0.027212446241926713;-0.17924222843256607;-0.002990480278152231;0.002077363468104421;0.04024883467736453;0.6717576614935535;-0.7396767371844449;-0.36130404716912234;0.42921116578372437;-0.1705958335007036;-0.24861258714278814;-0.1182109410247175;0.0411425689747255;-0.14290158859014065;-0.15138802942447133;0.027644780503499826;0.03052675155838209;0.8623588733601081;-0.5438655864199973;-0.3441437245777027;0.3336153581864229;-0.1532450329916346;-0.21068409001591137;-0.1479876317556096;0.02173821484965073;-0.11402155708592003;-0.1510125032598418;0.015593294155565651;-0.012037922627995702;0.9509719322730854;-0.36728441189143335;-0.26729534369618224;0.18637946597006813;-0.12536921014306335;-0.1763793752907058;-0.10194330119496656;-0.022807311802871676;-0.09674710185166303;-0.10955056985455043;-0.013103495366491807;41.622723355408425;28.4682785452724;5.3847511629211855;48.12603811958792;42.4036714627076;16.937987778225008;46.993950670562576;78.66917395482434;21.0315364226654;45.377663232482526;81.23911494830509;17.798746986490162;50.48104483157594;64.32963452595763;18.47321275840799;43.9919756860219;18.731302639447463;15.518101280921709;11.373933313232884
0.9698364792895772;0.40095160487914505;-0.18828023274419614;-0.37848349257158537;0.34328537450668045;0.20465586741836142;-0.2914188187107171;0.21672906084149096;0.44035147267105773;-0.1956191009282219;-0.016826023448196867;0.468623151566636;-0.18042009365671255;0.10412662316155638;0.005530906622015201;-1.0404659883751382;0.357741784486436;0.9936907437145704;-0.3187055891109387;0.3055769286791593;0.34831897281540686;-0.09521724076985379;0.18293631593391776;0.12417736890490115;-0.02355631931549085;-0.16283714690782755;0.35956801572110514;-0.9188007975928763;0.42990245132925886;1.1020841509470258;-0.27490282565908114;0.3623117019790741;0.23552462827276308;0.01775052521390577;0.20191518603545996;-0.0018485233255253095;0.0202729479561715;-0.3364099636995237;0.6942417531243501;-0.7842304505467779;0.3560991349711082;1.0538896341427058;-0.2326868266592467;0.35315534261140513;0.09639412879698533;0.07299146600349848;0.20028024699117822;-0.07517734761464018;0.07262574874124272;-0.4206300640946847;0.9277551371565844;-0.6647660366524132;0.2441159504750704;0.8240151559575292;-0.16462472949445559;0.2813485722075486;0.12569564179328144;0.03273115058449118;0.18220730847634234;-0.06246452394563602;0.04264627646811681;43.39492060832085;32.039207284928466;26.287759738491207;71.06366630653571;21.424435535313396;15.417076242822375;61.534981954611446;38.61033996608529;33.630330510971774;50.553862987123665;60.27312237767481;35.347753607497104;43.565193413152535;52.01999158714211;42.86609910649902;44.50508099628527;25.854015078383416;21.2956495985793;12.393700418679684;0.998348369276293;-0.20762695605782408;-0.12782472259043198;-0.41592686811766916;-0.20864478895139285;0.14083588609350495;-0.25117006137591064;-0.2042824656532765;0.2771638940307869;-0.12514373594745956;-0.16858655816443477;0.2959668622866287;-0.10507832472677922;-0.04787675063696051;0.38129684450205575;-0.9383573973623397;-0.2783764451129349;0.3954790763774468;-0.19720744142057028;-0.2356352841312649;0.065612831538722;-0.018972388593047694;-0.17816823613515592;-0.000885397498078623;0.007592397262360027;0.020011369493018533;0.6582764358182069;-0.7525102518487652;-0.3707102388461381;0.4183300992889758;-0.1684713579679985;-0.2502835534715442;-0.11193563552678876;0.046737587406004685;-0.14277627367314372;-0.14518021736085207;0.030253117817511378;0.013112091386437862;0.8610306087012679;-0.5586511981378265;-0.35187543668958693;0.3258180958524048;-0.1522636735605206;-0.2137281366288594;-0.14319315805596355;0.02599468526717375;-0.11736152695130213;-0.14997218321714928;0.016988984782739656;-0.027695506144227063;0.9561125182387232;-0.3826791886186427;-0.27191230663401234;0.18278084357598842;-0.12703671922045856;-0.17888219759931698;-0.10505826635915023;-0.021565357243732392;-0.10045734486073998;-0.11202726396991898;-0.012346671779308493;40.79823351521417;29.763581783871448;6.974198092411498;48.75252073626955;41.9587346003828;17.261059134288796;47.45562826028903;76.4352139295862;21.14741168379793;45.65651223067745;79.10387897195581;18.063857157953805;50.370825072067895;63.95801583279866;17.657733634368306;44.02975355367215;19.444633857552375;15.84846988982792;11.390637383910256
0.9719045669499238;0.3942570958465882;-0.13699584133308126;-0.36061314937663635;0.34594884023484596;0.25469678584777594;-0.27512308471069125;0.21550836101619214;0.45170896072777883;-0.18050686247676875;-0.018408484817130828;0.4654048934287605;-0.162415938276139;0.1125709198671185;0.09103190144871749;-1.0099665853796007;0.3573217055205776;0.9909319766186763;-0.30002834104272097;0.29317184247261685;0.3423671733756777;-0.07395739802006689;0.16810268782849405;0.1134877794379741;-0.0071972803364801115;-0.15362158934187875;0.4254541826387072;-0.8918459204163602;0.4211206695920991;1.1015547239617731;-0.2673823008042603;0.3504539194036791;0.23666128942678413;0.03457204621632492;0.18952989531528636;-0.020716834420289744;0.03910840392373933;-0.3242357401270128;0.7482148109114255;-0.76091091702398;0.34614970193199374;1.055756357453965;-0.2222422998062023;0.33966871159794015;0.10331636084987131;0.08702091390983227;0.18897926613990682;-0.09073191048131217;0.08795303269695795;-0.40612521164973725;0.9748379788660884;-0.6448685830112721;0.23324095725186983;0.8289159848008187;-0.1557599682280796;0.27148082261335876;0.12834926571235492;0.0376972458764189;0.1757812246457097;-0.07377362560571432;0.049623209024139164;44.4959728992256;28.170699520044813;26.150913080846976;67.17783497014034;21.26981765259039;16.960626193588595;57.90873527921009;38.94560026994812;40.417420954615025;47.92641557390401;59.9645882645642;41.258804847852545;41.27537627529814;51.78376573818563;47.70078312347886;45.262388982600804;25.33350750514001;20.194703825675674;11.626467074567394;0.9984005982590224;-0.21202929201301846;-0.13291000329308564;-0.4131797160438356;-0.21322822230123067;0.1261902834214188;-0.2509706370097742;-0.20319998526295396;0.26566567174358763;-0.1234227755558174;-0.16789135402225264;0.29624361090647205;-0.10231760041717229;-0.07049899778458739;0.35595052127826043;-0.9536485533089465;-0.27628124518423064;0.3900658868943138;-0.19489795859758527;-0.23432267084076952;0.07097630065310857;-0.010560596528917832;-0.17801816202421278;0.0026927819147119602;0.01416221217720809;0.0022735925504303225;0.6407531607663408;-0.7677435885403787;-0.3774047348396969;0.40842000659841465;-0.16258531261289574;-0.24833841625479844;-0.1071500509042037;0.058483041156280675;-0.14112142771473168;-0.13997282990799004;0.03747122121583302;-0.0005166862412953419;0.8534403205180465;-0.572883254957592;-0.3539771302924097;0.31556498680145123;-0.1472706253352201;-0.21370927080520416;-0.1395063858289792;0.03403841622403937;-0.11848481320817633;-0.1411450575636888;0.020394781185752015;-0.03754390720578876;0.9566859480697371;-0.39576672077648645;-0.2706248791856459;0.17411451561619495;-0.1263293312944299;-0.1803226358308038;-0.10633475657565666;-0.01872853193598812;-0.10307420455300985;-0.11106529205356777;-0.010751359039983328;39.13792904509286;30.951497761633128;8.2541871758226;49.19680322969603;41.679246131353615;17.44603693184856;48.26761591723642;75.38499836245039;21.05137765117699;46.107642970017274;77.9860466321013;16.775873056641373;50.72386777843409;63.2963445177194;16.58935238008819;42.79586160515704;19.792549812700244;16.280621579477558;11.577904623923631
0.9739726546102704;0.3859204469325562;-0.08710488191543657;-0.34171205344794037;0.34682887311764676;0.3014958832031024;-0.25814774324517076;0.21329220623256956;0.46042169181503334;-0.16512608041196533;-0.019838249433485392;0.46006023381169414;-0.14434692803996715;0.1201309032065531;0.17266170926705268;-0.9757960823125691;0.355186778587754;0.9834814952966308;-0.2806463247697355;0.2798435986288636;0.33499491487927435;-0.05319200736758551;0.15304945395434225;0.10267702118834525;0.008540368729646466;-0.14403122790084738;0.4866353224304712;-0.8616502006918848;0.4106502925883126;1.0957080343035002;-0.2588676506459757;0.33737341513981217;0.2366054119812812;0.05055119597724796;0.176722936265945;-0.03872781082683051;0.05699871156288796;-0.3109785514679927;0.796396550325562;-0.7348392577239419;0.3349218502297317;1.0524316466536943;-0.21113971240006715;0.32507697160127835;0.10946019039649321;0.10006581457499754;0.1772157865799291;-0.10522275883094985;0.10223918717941326;-0.39023402752463543;1.0153076233532805;-0.6226441009560804;0.22167186919555956;0.8296030053815361;-0.14649596700652517;0.26069324777627967;0.1302744117074947;0.04228142448781813;0.16876103953228533;-0.08427151206141915;0.05607975959002829;44.718386591533815;24.756608685087116;26.01345304968417;63.255904736098934;21.22475721083484;18.864374320369084;54.43018902834186;39.35609296784708;47.363936545039984;45.45908498045367;59.66009435360368;46.75323923919005;39.122023206094624;51.50634862094543;52.36429047507194;45.65310712271706;24.612712931723312;19.065687846964188;10.893801896539726;0.9984528272417514;-0.2162846744815611;-0.13792234986864627;-0.4100527756280158;-0.21766515964794778;0.11131480591256196;-0.2505526432046195;-0.20193294179415858;0.25384298111479286;-0.1215809404321221;-0.16704529996168255;0.2962665864279911;-0.09944566704621474;-0.093246907740536;0.33008746759484187;-0.9682415586695142;-0.2739299616154179;0.3842708966981709;-0.1924009676417859;-0.23279669558720043;0.0763226621684377;-0.0020702924024859556;-0.1777129814357624;0.006298148211611882;0.020773976765669805;-0.015612458398285258;0.6225315162079552;-0.7824389832252648;-0.3838282431061642;0.3980751565558684;-0.15651018727468066;-0.2461625853449144;-0.10223237840731628;0.07027482712363532;-0.13933095467355144;-0.13460150525745695;0.044716474692087886;-0.014257433318766824;0.845049759915971;-0.5867375367821033;-0.35579020221678026;0.3049545495591649;-0.14210910008254773;-0.21350553143685086;-0.1356686222626599;0.04211907450954496;-0.11951495339664439;-0.13212312434292606;0.02381104199920351;-0.047441091350734134;0.9564372038055611;-0.40862012669188386;-0.26909291998899043;0.16522620952556136;-0.12550691676110906;-0.18161909496359194;-0.1075298662222853;-0.015852119408411736;-0.10562355785422761;-0.10999938696376982;-0.009133594619431498;37.425012879242246;32.1466255297885;9.607950931793354;49.68727911047097;41.51089352240005;17.60418802213266;49.10196789565664;74.3297856983573;20.89789527999098;46.60090129277388;76.83287292054098;15.373127411697633;51.117059280714784;62.6026301056509;15.523045935452831;41.575882225363515;20.11689129037081;16.71854131759062;11.774928838018004
0.9760407422706172;0.3762840010542568;-0.039234097103108746;-0.3222151728303698;0.3461373173441902;0.3447104474462151;-0.24085225372404445;0.2102424343831106;0.4666845454377788;-0.1497584448550536;-0.02111164681882372;0.45294470977134343;-0.12651222481062482;0.1267969131085418;0.24959654188226865;-0.938969922455146;0.3515887022728349;0.9720538460597727;-0.2609609400128931;0.26592379696663127;0.32650091827460176;-0.03319276622345634;0.13804682844319593;0.09193452206659274;0.02348197276199324;-0.13426798311208368;0.5427225788604504;-0.8291105542122084;0.39887390729271566;1.0853120801114418;-0.24962196141204965;0.32343576368570887;0.2355090259578584;0.06553743573177012;0.16375396141557805;-0.055700094117307225;0.0737755840387307;-0.29698910580982013;0.8387450938978891;-0.7067840487932616;0.3227583818730832;1.0446269453493302;-0.19964123155356553;0.3097551256239933;0.114825337857265;0.11204089375029365;0.16523783341604;-0.11855136897741235;0.11538612223306745;-0.3733880773796691;1.0493505280519824;-0.5987453477740768;0.20968293151967005;0.8265991709577085;-0.13703248816614472;0.2492761159659404;0.13153240147947712;0.04645827335081176;0.16133508084697898;-0.09389195411651784;0.06197791431431143;44.11241267112771;21.791785384516945;25.875466526216552;59.36862378926323;21.310477828222666;21.246964525924067;51.12502890744618;39.83901153256456;54.12119487606663;43.1486642278729;59.365780227587834;51.748001528995694;37.09806117439402;51.191376179358;56.82190698077726;45.633804236586386;23.734099126721244;17.939081654881907;10.20076892596246;0.998554604629572;-0.218603486470278;-0.14003380662060594;-0.4075536356422624;-0.21975973101309992;0.09972197436702515;-0.24938472016820123;-0.20031463997038326;0.24449849182767971;-0.11856912318056201;-0.16840992066476512;0.29369734533511405;-0.09531517928507677;-0.11145129373674308;0.3093189734492046;-0.980571524854235;-0.2700342445265826;0.3779006380806589;-0.19134897028638423;-0.2317760377901729;0.07997907521447464;0.0040921791080712686;-0.17705078154845522;0.006506771013082726;0.026417302376058716;-0.03106108426206942;0.607457302713266;-0.7937448169435742;-0.3866852003549841;0.38829800366273415;-0.15080079270807387;-0.24380804220335298;-0.09881551276127976;0.08184238802831915;-0.13741100747163204;-0.13171533587946155;0.05281646633221607;-0.02747073519256397;0.8366874544206717;-0.5964506007465007;-0.35603247951372097;0.29248625059133826;-0.13701373770781022;-0.21189459871975724;-0.1356844083584202;0.050480300855724;-0.11958632748347509;-0.12677346223013383;0.028710719824661026;-0.05831512508428068;0.9526173503125408;-0.4167234232855032;-0.26716328205905693;0.1541856044666892;-0.12379791605030058;-0.18137669084591815;-0.10957292112572387;-0.012722129943694227;-0.10691788074770277;-0.11043259891828305;-0.006640748648934466;35.971927790543226;33.25117140301951;10.23593986661518;49.903134648292124;41.66154175547019;18.465728161472914;49.70418330039156;73.84650836440012;20.905711232594903;47.12084086019093;76.48064771540692;13.950299508748063;51.80180115381942;61.98901485445598;14.800849838249805;40.381775177221144;20.348519861824204;17.083590079583896;11.964687649057698
0.9781088299309638;0.3656906816723471;0.006158842109640353;-0.30251739084413276;0.3441160456707055;0.3841861113676733;-0.22355629016242104;0.2065296323308068;0.47075885408933626;-0.13464425836081062;-0.022231585711998327;0.4444307398313325;-0.10915851532496776;0.13259526037670005;0.321313709876313;-0.9004588781523932;0.3467992267801289;0.9574136722268435;-0.24132706582251046;0.2517187900512489;0.3171839301804925;-0.014162316767924291;0.12332385465980227;0.08141958047257242;0.03750900500591825;-0.12451115776969529;0.5935805019773402;-0.7950843724179082;0.3861690811434906;1.0711993219020535;-0.2398984084412242;0.3089866318964615;0.23354233395134275;0.0794404678443302;0.15085120718615305;-0.0715188099630669;0.0893382118452559;-0.2825955316581949;0.8754502048937881;-0.6774790314314603;0.30998853032840734;1.0331236880339618;-0.1879862871511856;0.294051988202459;0.11944167502652474;0.1229146211367823;0.15326573151931816;-0.1306784576135955;0.1273540352266031;-0.3559932173315677;1.077374606605626;-0.5737950941079145;0.1975248257809227;0.8204942645931925;-0.1275480178812267;0.23750191566862874;0.13220145586652493;0.050221818376580206;0.1536800367882845;-0.10261226366821094;0.06730676852903489;42.77830341392371;19.244950032495975;25.737883468792518;55.58297401173363;21.544775758742762;24.220239292879885;48.01008439545667;40.389677185874426;60.37633703228524;40.98941365506606;59.08676688142563;56.204735953411195;35.1960317416148;50.842555639130524;61.04931749764019;45.190171589056646;22.7454462690627;16.838991937273523;9.550010705324926;0.9987550122379408;-0.2173144553687157;-0.13652369266559233;-0.40688585444504755;-0.21744664127909272;0.09501737813900717;-0.2470776215683882;-0.19829401365241311;0.24058774620736778;-0.11345063624970542;-0.17435736456544088;0.28641677991955233;-0.08889467811066512;-0.12040364431258924;0.29950003771504313;-0.9894363262769674;-0.2635044758909039;0.3710131138094931;-0.1934387657573614;-0.2320831513876873;0.08030862379910508;0.005510134500374115;-0.1759247359115792;-2.6552570514369338e-05;0.030055835984224746;-0.041391998152878584;0.5997385195357612;-0.7991247779126646;-0.3829058797669829;0.3803572035087683;-0.1461323581698883;-0.24146588876071062;-0.09857883426217756;0.09283398880234442;-0.13545312456415912;-0.1339964723119167;0.06251667752733014;-0.03940091542282169;0.8296476280536232;-0.5985195834426911;-0.3536158205472269;0.2769669351371364;-0.13233371915912873;-0.2077991774806887;-0.14353078886585477;0.05929298045109919;-0.11790849720528127;-0.12899295795437943;0.0364934451506728;-0.07098209076593406;0.9430297002158065;-0.4157713022177415;-0.2648329723635167;0.13929895208481732;-0.12052515904650718;-0.17832024859418227;-0.11340141297203768;-0.009169478428567312;-0.10583289518077246;-0.11397872538623258;-0.002469840884608195;35.11021325255281;34.195369981489506;9.33379121999064;49.497591503711774;42.268666824607884;20.768828381397313;49.82178046357807;74.4883571168973;21.305593325853387;47.653392346978734;77.69828049726881;12.707796804111743;53.06190297220863;61.52478730959233;14.745696208149413;39.22300650203506;20.431112927382518;17.29165233619438;12.121969524812446
0.9801769175913104;0.3544598707941989;0.04878121795657473;-0.2829544418736488;0.3410136131981553;0.4199273884342892;-0.20652587614326354;0.20231932772331856;0.4729399079433913;-0.11997446785053552;-0.023205943923925356;0.43487795288928127;-0.09247396680336883;0.1375786951294329;0.38756382773832715;-0.861130666225725;0.34108684988071564;0.9403114937772037;-0.2220381718377353;0.2374936422426621;0.3073218110253232;0.0037651714788989516;0.10906117870598928;0.07125665902808509;0.050555361754783076;-0.11490972478832247;0.6392823504405913;-0.7603379719336822;0.37288301290825904;1.0541946451395094;-0.22992465778056953;0.29433184523543676;0.23087791513448863;0.09222367572860724;0.13820223838903897;-0.08612939323497093;0.10364589129980921;-0.26808524276907725;0.9068704844494483;-0.6475792119438871;0.2969078215286476;1.0187036515157364;-0.1763796775394019;0.278271374178895;0.12336068848207465;0.132699926802158;0.14148260924760087;-0.14161406568768875;0.1381517348281193;-0.3384066885493151;1.0999333371592448;-0.5483489532261475;0.18541216485890324;0.8118893382250626;-0.11819182434647253;0.22561008796002163;0.13236760801000594;0.053581786605370656;0.14595107979900335;-0.11044557264427918;0.07207749410678169;40.85008540183733;17.072070534598343;25.60226409793432;51.956954442215036;21.940132964592504;27.850388230263125;45.094125681598044;41.00184775511339;65.9145808302717;38.97390728361316;58.82701817873561;60.12151876477043;33.408398897609885;50.463635247137795;65.03186643098788;44.3411588004703;21.693987326310953;15.783094038325798;8.942329122507653;0.99895541984631;-0.21599925445198703;-0.13302960564251706;-0.4061480845546125;-0.21511966934680876;0.09035112950980383;-0.24475088717458768;-0.196259661046753;0.23667789094056046;-0.10837193894576203;-0.18019986628530843;0.27916883508506046;-0.08253433003333668;-0.1292252679412147;0.28974173450269497;-0.998004821687354;-0.2570026937840333;0.3641372634825527;-0.19546634347076747;-0.2323420718146378;0.08061881130401508;0.006909984302960249;-0.1747784969998245;-0.006481316410521297;0.033644857971428;-0.05159075968199416;0.5919975483964114;-0.8042868245893832;-0.3790985806826021;0.37243894988855386;-0.14149203544719738;-0.23910559702823767;-0.0983260996201485;0.1036756296322293;-0.1334928103198401;-0.1362244880606244;0.07208826920521816;-0.05118009598795023;0.8225333664864283;-0.6004489268456634;-0.35116041505514733;0.26158111238420845;-0.12768459751355304;-0.20371315408591467;-0.1512553057772057;0.06798833005766969;-0.11622823240000608;-0.1311610335370275;0.04417559601008061;-0.08348314240496525;0.9333765088371836;-0.41475090754044897;-0.2624799014765133;0.12456458245813752;-0.11726864268991319;-0.17526636423153968;-0.11716212819131736;-0.005657784699443929;-0.10474066232941333;-0.1174603596045607;0.001651390757985599;34.24647809687377;35.15678446158642;8.519184106180488;49.084929905027316;42.895532219541955;23.05751481154452;49.953854383741074;75.11337519128975;21.653308900771034;48.23225211934359;78.79127809257741;11.509233488943508;54.41977672897356;60.96158077765887;14.669692732315426;38.085197559632576;20.503673493948703;17.492852971059918;12.276225291362802
0.981188331720022;0.34117821306848367;0.07068207898081397;-0.2775461138875031;0.3353642852319177;0.42773602234240693;-0.2000889709695989;0.19853420540887573;0.471740277483953;-0.11468612273383294;-0.021060829630244856;0.43181788822627054;-0.0855448803992111;0.13242457957162626;0.4168339741197975;-0.8392790372644868;0.3351042211080041;0.9302807044393963;-0.20870932913131834;0.22952630154846113;0.30259202912015104;0.015181774357223652;0.10651222525823587;0.0707232349022682;0.056956434263536235;-0.11723887397276658;0.6649481772902853;-0.7376306446643367;0.3648258756326622;1.0277741454967644;-0.21943602508800797;0.2846834990780789;0.226944961842531;0.09749205646290035;0.1326683420911409;-0.08552723471597003;0.10588540504247919;-0.26633424460809346;0.9243426664185757;-0.6244487670191298;0.28358758016310154;0.9952030523515484;-0.17258371587710344;0.26918505355217526;0.13141353205618228;0.1281758372921776;0.13722213042598438;-0.13441614369407928;0.13411922468892182;-0.3330388533223647;1.1142001824778398;-0.5238070101989913;0.1730252714435519;0.7914272626099843;-0.11768638329374503;0.21682423371744627;0.1381319916792087;0.04878380846980756;0.14101355062659218;-0.10370513464229345;0.06797668629750736;39.11297405481093;16.480657971661497;25.09611030765379;50.58084233260073;22.358883495178144;28.593949319662922;43.83144472192756;41.15069790116966;66.39895248764144;37.687210720441335;57.233578145546716;61.46385939911558;31.960422589406505;48.80107363217515;66.53404899019019;43.14767745378403;21.470764111342287;15.249098425203869;8.755651628504406;0.9991428329206852;-0.21382982820717805;-0.13072171806456484;-0.4063942187347092;-0.211981331959237;0.08879189502123071;-0.24538721684947268;-0.19410006781659594;0.2324814015366015;-0.10777169939815735;-0.18307327307542698;0.2760159851719395;-0.08155378275377055;-0.1294952694090381;0.2826026224454672;-1.0043758520313202;-0.2556545747512429;0.36092283497752914;-0.19525658990078917;-0.23349415186402664;0.08129643921999541;0.00913554347824474;-0.17408861342554735;-0.01132897481180055;0.036572822662939694;-0.05392404295941483;0.5862825124775684;-0.8083099734346354;-0.3761118345716374;0.3650662818831521;-0.1402667877611778;-0.23842424520028868;-0.0942366904966236;0.1094751803974088;-0.13293504744485454;-0.13682558019429797;0.07813666181670682;-0.0561996855813398;0.8164353951984247;-0.601886231354364;-0.347836062520504;0.2512684509838585;-0.12508024022443284;-0.20141298302996097;-0.15326479646051566;0.07361878650438955;-0.11598252424352334;-0.13239314725638296;0.04939125787416836;-0.09018661698873282;0.9274347437996726;-0.41377773457860345;-0.2592531656620269;0.11623133820894142;-0.11550011275402827;-0.17180178199723703;-0.12005188510505742;-0.003419065201831415;-0.10447034133855265;-0.12020309903220434;0.004605294925785824;33.76728437690442;35.27443334021585;8.338590511942536;49.338494726380674;43.16183036005008;24.71281162805452;50.1487425486776;74.69883459689864;22.371579386329564;48.64914225655595;79.06915632790742;11.079806053798535;55.0855937734187;61.19009420753928;14.295740210381188;37.37554437233423;20.544362217121538;17.621439929872654;12.467418857501352
0.980667144665318;0.3254346681244602;0.0659141967608149;-0.292013904009726;0.3270187967256487;0.39938880908033814;-0.2083580446937432;0.1957592880155703;0.46743040272941394;-0.12223837841564256;-0.014607031053910277;0.4388516124870279;-0.09177000577950092;0.11359048955044514;0.3988838603977803;-0.8427019938068209;0.32950555548554605;0.9323670494125301;-0.20338764989434638;0.23036451326771543;0.3055729153593912;0.018469241423600513;0.12011897112596777;0.08350927942338032;0.054881313336305616;-0.13634921850735116;0.6670804445742486;-0.7324019190847724;0.36461686656583203;0.9903473938344294;-0.20834187466694515;0.2822179283213972;0.22180059165669522;0.09316608989375155;0.13693284405620604;-0.0644509661654634;0.09217333094116896;-0.2827422592118526;0.9269409988822314;-0.6112173204513602;0.27007906813957;0.961220931171399;-0.17977113497951724;0.26956304087230915;0.14601990441217705;0.10431305362735423;0.1434072167527195;-0.10252984384271036;0.11008801652657173;-0.345096925055206;1.1217349534945549;-0.5007553324362892;0.16009189133446947;0.7562080366295976;-0.12959735375143547;0.21245908645117592;0.15232879914520617;0.032745994558448815;0.14004873311662402;-0.0770508350788908;0.05176988159584606;38.14013253595859;17.87819975612795;24.083231197110305;52.23411326411911;22.613691091506517;25.116875403309937;44.782774431995186;40.54115166349039;59.91910619019591;37.309599849581;53.71819490125002;58.4973693039103;30.922759251353014;45.41147806254827;63.55689754690321;41.854927744850464;22.490676580198148;15.411735538056604;9.133783178937744;0.9993113986996748;-0.21044264026851905;-0.13010628288384685;-0.4081146466224498;-0.2076749097144705;0.09168060749728883;-0.25031477128873253;-0.19176465127180123;0.22785944182337842;-0.11359919995115975;-0.181752922269541;0.27873655742033565;-0.08828434421745866;-0.11753163300111152;0.279175433293788;-1.007824194251789;-0.2617153384630478;0.36297234364488434;-0.19186718607364864;-0.23597514558563173;0.08252096154262653;0.012572252589950967;-0.17407084759331182;-0.013932404341094912;0.0385935259879673;-0.04502012664275566;0.5834917495836488;-0.8108702524848737;-0.37432242341448113;0.35844326548888433;-0.1439427157048419;-0.24017703643082428;-0.0846142658051829;0.10813347588284682;-0.13440087213711957;-0.13512266693038838;0.07921892694790166;-0.05159920359766428;0.8118447969093681;-0.6027260382092646;-0.3432793642710463;0.2481424917324665;-0.12539448638860015;-0.2016754402531546;-0.1471302891434886;0.07493433889917867;-0.11780741489121277;-0.1323183586112097;0.05114109819616706;-0.08867385480614917;0.9268816446301669;-0.4129230600430525;-0.2547751317907132;0.11699115056846646;-0.11586065477137605;-0.1677334426768882;-0.12174567161864587;-0.0029788041951326425;-0.10539053923699164;-0.12193742601255304;0.005921832536601015;33.85384499329317;34.1386646289711;8.95980413992131;50.565398288990565;42.8830481828845;25.476395269413803;50.41936147895098;72.7977335889088;23.70966101570456;48.774115406587974;78.31180731068811;11.724884961321195;54.62660436293141;62.70304475320349;13.508732895272344;37.262720510619374;20.54877945970665;17.653680205540983;12.717208028642844
0.9801459576106144;0.309793398124604;0.06118996920348969;-0.3061580850105192;0.31866749930370447;0.3712982292382807;-0.2164260540880903;0.19294863207810056;0.46300154826819195;-0.12963343846548342;-0.008241309555643068;0.4456126756382102;-0.09786905055090359;0.09498586678744937;0.3810395419620693;-0.8457478534768057;0.3238602129490825;0.9340608808111462;-0.19806426438500474;0.23110105659030514;0.30839179049607895;0.021701777903060705;0.13348139367455608;0.09607714474852748;0.052815016516439994;-0.15512898612811876;0.6689225897771754;-0.726964625376406;0.3642692472604953;0.9530795945348425;-0.1973279476187455;0.2796785378039271;0.21664478644150367;0.08886677164399545;0.1410822016974307;-0.043655825789313096;0.07862463886659851;-0.29880208171862876;0.9291414882573051;-0.5979406357344249;0.25666186822946957;0.9273590387077975;-0.18678430794211423;0.26983081743124276;0.16035737029588182;0.080756391040237;0.14944674406814196;-0.0710669120589435;0.08636313261521368;-0.3568457709316323;1.1287244982638196;-0.4778439831894466;0.14728419647723773;0.7212066537132312;-0.14128495254304346;0.20807481370122888;0.16626019883542267;0.016928434061042264;0.13904352494838046;-0.05075379860321208;0.0357783947633045;37.094068962113894;19.395299343433653;23.11987681285037;53.881683062430085;22.86098352156197;22.443239099029668;45.80261919859369;39.89728632381318;52.694230473582046;36.945995830890304;50.31071455781723;53.59716582132356;29.958422964817135;42.209838685270675;58.72404944541082;40.54062021154237;23.523504963683173;15.578016184703232;9.514902358290422;0.9994799644786646;-0.20704633470728123;-0.12948062985801298;-0.4097917131834401;-0.2033624754751305;0.09455182741685993;-0.25520373413790487;-0.18941859938258;0.2232305666567347;-0.11939806127892612;-0.18041972451251526;0.28142272653248707;-0.09498582790577083;-0.10559410629399575;0.27573284533387693;-1.0111679361849095;-0.26773293759996225;0.3649816782655815;-0.18847040250727587;-0.23842646323611935;0.08373400039773231;0.015997143488562137;-0.17403691539682906;-0.0165264703339335;0.04060437287832143;-0.036139598520666734;0.5806552575075657;-0.8133470362321287;-0.3725036731510354;0.351807363828781;-0.147593842139981;-0.24190201592985233;-0.07501376546585631;0.10678585105486674;-0.1358496312171936;-0.1334124372638815;0.0802904570235384;-0.04700816505171459;0.8071927652924874;-0.6035070762804916;-0.3387047925843896;0.24500309240228765;-0.12569607372154418;-0.20191829057503305;-0.14100107514167268;0.07623883280924074;-0.11961567389123601;-0.13223147110529954;0.05288075190390853;-0.08715751564472365;0.9262438842029757;-0.41203255353361323;-0.2502872283635475;0.11773770686599555;-0.11620928298047555;-0.1636620758873365;-0.12342286563345013;-0.0025396294881640745;-0.10629806525666131;-0.1236550170340001;0.007233739782549445;33.948385220667625;32.990636195671144;9.604917875435923;51.789321871857624;42.60527216994045;26.24113399263436;50.69141095031806;70.89912163340175;25.07523609587618;48.89655466129345;77.54977290577854;12.40104022254964;54.157752383407534;64.24356938229023;12.714526059954688;37.14946132526491;20.55161650340182;17.68739597345122;12.969075528735422
0.9815602361922244;0.3055100511603216;0.05725310856761908;-0.3130627978788442;0.31632006494670944;0.3599957017387015;-0.2205408030093345;0.19111917782142163;0.4666371275268439;-0.13394328601764288;-0.004367836929033032;0.45327942884399974;-0.10166444621869097;0.09076253106194165;0.37428798898277055;-0.8455023332467159;0.3253214108009817;0.9435893226450309;-0.19337259791874495;0.2324713273043056;0.3060765997810885;0.024665949033743036;0.13902880879547572;0.10035654772159122;0.051716597936777506;-0.16162515555909754;0.6717981090090526;-0.7228863049071814;0.3702669971679334;0.9420248639825872;-0.191772055474041;0.27956835285080583;0.207722657020263;0.08482140267183103;0.1405950034176349;-0.03806769695221553;0.06970137838743255;-0.3047650952827925;0.9328060803863751;-0.5898496645975423;0.25272128474391653;0.9180351341328534;-0.19036439093257532;0.2709934934902466;0.16318366396487136;0.06632254865828344;0.15162623705260664;-0.060832758811590046;0.07162955839325254;-0.3611093803266995;1.1360310210580282;-0.4645852172136012;0.1393968334036788;0.709675899732666;-0.1486019717820087;0.2069631169765182;0.17513592076029186;0.00723350461843024;0.13824136627650044;-0.03739284688535318;0.02617961169226373;36.82443827630423;20.39653516429681;22.271911261655088;54.67204932769921;23.283267366706827;21.19141928960667;46.307888057596806;39.991823473546155;49.86656238353818;36.6818432117593;49.056360355730014;51.47281383777228;29.158568363440207;40.591475787691614;55.69844321881774;40.02836125447162;24.11876364384988;15.687690560906319;9.724801828856684;0.9995704786868562;-0.20582542299261816;-0.1303513228635967;-0.41124848069931774;-0.20179440487111475;0.09736873809946682;-0.25686242098843065;-0.18921418878921872;0.22473321522524467;-0.12112093827026145;-0.17902869617723363;0.28375026812106874;-0.09751454504910957;-0.10081559087894727;0.2764311842186718;-1.0117251718691744;-0.27054109866846415;0.36504346922559894;-0.1869803736778212;-0.23943122045075463;0.08385397810016527;0.015562904950574913;-0.17421893326262144;-0.016789964795383645;0.03964306043786481;-0.032852415940912545;0.5812828869633118;-0.813038082804516;-0.3711976992153725;0.3517309777606485;-0.14875674432555944;-0.24302124144961876;-0.07359116011505008;0.10378514851637506;-0.1369261130328318;-0.13500449829160413;0.07840122089369608;-0.045252333045840115;0.8054959737731189;-0.6018646994291715;-0.33567394092640895;0.24427322039350002;-0.125915906576675;-0.20291217264221295;-0.13816518889977453;0.0736391545478435;-0.12050920388011785;-0.1322348767859704;0.0508778542274905;-0.08612767370568886;0.9233219446640608;-0.4088719816421078;-0.24897073121471308;0.11768609580252361;-0.11638397198623748;-0.16334592597467615;-0.12342554322114586;-0.003635697634517103;-0.10641183434217086;-0.12398563129296046;0.0062311442736369405;34.37255967309667;32.67074879188795;9.65312918985957;52.191710125038995;42.22485785432672;26.21108687665017;50.66174624018522;70.4499990336091;25.65317448062292;48.78005915819401;76.95836063472012;12.890812592913052;54.094365148380064;64.28115300443295;12.694900861449753;37.27057846894683;20.554470141318586;17.670113378122238;13.057569077149745
0.9849478959874322;0.312770217629515;0.05405055491758267;-0.31282312889637903;0.32011172529985205;0.3656301714055742;-0.22077374699251104;0.1902982226764455;0.4786690937408326;-0.13523673949480214;-0.0029511882098696815;0.4621392325648525;-0.103219884490808;0.10110591991910994;0.37877660288054393;-0.842115352824297;0.3341242322912422;0.961521376027285;-0.18927548990053134;0.2345728733330557;0.2985673137563965;0.02742434051580248;0.13677469269928716;0.09631692470362264;0.0515932090629989;-0.15579883933713945;0.6759527096644795;-0.7202878979675057;0.38293670589806994;0.9576468869990543;-0.1917026199129846;0.2819974118617512;0.19483715270205695;0.08097234399513212;0.13541599461633388;-0.04784501979316521;0.06531753101349082;-0.3006553035360547;0.9382696940452485;-0.5870157510611942;0.2584040653329488;0.9337134561160472;-0.19057328604241391;0.2731585391342374;0.1543981056438927;0.06088922754514185;0.1499616179848996;-0.0720003742858984;0.0657578693633381;-0.35793622478996595;1.144095527645312;-0.4609900509684037;0.13638772556249484;0.721963754698014;-0.15166053550914838;0.2092098315057474;0.17909495871309464;0.003569612650851282;0.13766394040475363;-0.036926721425400655;0.022893360836891058;37.408081937365644;20.769156024156413;21.519585838647938;54.581677469010955;23.93057498237808;20.90474357786876;46.225692354053386;40.94999501810334;52.074372413689225;36.5029065197511;49.9322111422885;53.696374260929936;28.462500113021147;40.426461657431275;55.93733866048153;40.34034411163509;24.262911363788845;15.737394204168945;9.758528120550524;0.9995814123018226;-0.20682680263242714;-0.13275945024562266;-0.4125076610948751;-0.20302700793957112;0.10015019165544599;-0.25524660783198627;-0.19120241816527303;0.23251001685363423;-0.11870052908623248;-0.17757941901637933;0.2857379084088259;-0.09580454256070167;-0.10331934864690662;0.281370863322421;-1.0094898612757985;-0.2701029432865952;0.3631357345902807;-0.18743621636783026;-0.2389768532163701;0.08286337392917087;0.011189893969695807;-0.17463039390261836;-0.014678010466907438;0.03564611354436322;-0.035255180675798636;0.5854752171715515;-0.8099233558266123;-0.37042505155542016;0.35836268004197036;-0.1473944376755366;-0.24353993564366486;-0.08050738477761554;0.09908639423624532;-0.13763507243741385;-0.13998059941322544;0.07348470862666115;-0.04638151912152265;0.8068424723813157;-0.5977690441276022;-0.33421710424976614;0.24600898524942638;-0.12605941282442923;-0.20468717258655914;-0.1386801318587435;0.06704562011705366;-0.12048002964826686;-0.13233659213365007;0.04504818857251226;-0.0855925502228274;0.9180967854468156;-0.4033972685298811;-0.2508941591409605;0.11682539761547868;-0.11638759472115495;-0.16686678412144723;-0.12172563798975813;-0.006304200235533159;-0.10572139394905838;-0.12290883319021029;0.0028620769517547803;35.12734900776934;33.177199979819015;9.110771911006529;51.757818667297116;41.74032790748603;25.358267469698983;50.323582683230065;71.50585838791021;25.391935813643677;48.420262315791845;76.55074756535964;13.164704700551743;54.45157608285111;62.779468367376644;13.473329184305209;37.63348150469672;20.558180855469665;17.60016636176961;12.97902787849729
0.98833555578264;0.3201015752948703;0.050805261879633586;-0.3125620322792427;0.32393131074026466;0.3713126358250094;-0.22099653391872748;0.18945589500614488;0.4908213841839801;-0.13653818197847886;-0.001516871022938919;0.47108116324276067;-0.10478843718823706;0.1115710706844695;0.38329828520332015;-0.8386368310046765;0.34301603460932745;0.9796181081375531;-0.18511661241916547;0.2366865230802021;0.2909476689765275;0.030215176427597436;0.1344846657645939;0.09222173004665266;0.05146525057819542;-0.1498913759460776;0.6801187097939888;-0.7176148800053909;0.3957402660566132;0.9734052908408135;-0.19162100945533758;0.2844398192848083;0.18178102239394223;0.07707097285352937;0.13016503559590684;-0.057740258507405356;0.060875691255942305;-0.29647701022995687;0.9437453859682577;-0.5841121861331574;0.26414176751211427;0.9495302671061278;-0.19077351004180965;0.27533419469617515;0.14549493907305877;0.05538521549486521;0.1482675892875524;-0.08330164835612645;0.05980978854976801;-0.3547027525842969;1.1521920797879608;-0.4573232727025497;0.13333340631082644;0.7343607306273062;-0.15474791604359805;0.21147193978676834;0.18309231382825425;-0.0001397355725880235;0.13707125669755713;-0.03645265974618224;0.019565176423058855;37.99403316457496;21.134050749151314;20.788126877518973;54.47501477786153;24.63296256357572;20.626081863888874;46.129942307933;42.022454311310206;54.39301748117422;36.317258528444015;50.886747748474576;55.842521067242856;27.77275136279046;40.27410260764319;56.14799060408081;40.646667225448134;24.409529863449983;15.787175770372372;9.791311354538127;0.9995923459167888;-0.20782534954009052;-0.135172889390192;-0.4137582109036666;-0.20425783850638785;0.10293954908210855;-0.2536157814108368;-0.1931923201026582;0.24031049687812464;-0.11626639725527475;-0.17611838371650732;0.28772407548512957;-0.0940844479860329;-0.10582978332803145;0.28632113735480375;-1.0072119560475743;-0.26965403707188157;0.3612082202398765;-0.18788766772233373;-0.23851270464303342;0.08186601354165643;0.006798848845974906;-0.17503770975889796;-0.012557038149875592;0.03163183819370585;-0.037666477622354734;0.5896650121012309;-0.8067691181293319;-0.36963696628432013;0.36500925108123256;-0.14602172782886894;-0.24405262685073953;-0.08744886629860733;0.09436536753414657;-0.13834231874927755;-0.14497214392625968;0.06854589571919521;-0.04751372361580807;0.8081675810690307;-0.5936369705838845;-0.33274327055249364;0.2477435806230278;-0.12619930708329996;-0.20646253550335528;-0.13919254336656656;0.06042322585958329;-0.12044673151143825;-0.1324343179819118;0.0391934797006771;-0.08505241940781103;0.9128199948589858;-0.39788703036937945;-0.25281701309697757;0.115957338617576;-0.11638736209141369;-0.1703963141164796;-0.12001481955304202;-0.008983270978876714;-0.10502464961447253;-0.12182359919495817;-0.0005206927968797644;35.88213521179421;33.649309299658185;8.613749781140639;51.32166239807931;41.25851185017674;24.489156156429868;49.98567284357928;72.60296090161343;25.10733034178815;48.05818987077987;76.15345324691278;13.435651770141046;54.80818037995311;61.29737743788723;14.256329177297866;37.999674497155056;20.561381488003132;17.530743589426393;12.902018553515639
0.9897109138151532;0.3211864343779287;0.04584825805325252;-0.31382709978063283;0.3253612688564375;0.37040491284098576;-0.22111353402638254;0.19053490527940198;0.49224251727683677;-0.1368862021908943;4.887940436914789e-05;0.4725910161782827;-0.10535937668992497;0.11189183874935735;0.3839515065399595;-0.8374550143302268;0.3468910265468191;0.9790619121748785;-0.18610074931712736;0.23918735480165937;0.2925727322463947;0.028233236838624554;0.1361990217563901;0.0973500339197291;0.049862608105791774;-0.1499627374065906;0.6816074007609948;-0.716186099151165;0.3992998979624262;0.9718663671282776;-0.19233835023050064;0.2865081064167093;0.1847418870258058;0.07495206289917271;0.13158480158902258;-0.05252961265672676;0.05909235304522927;-0.29615799672542503;0.9458020580257819;-0.5825619808168091;0.2642243899898332;0.9477668161328643;-0.1924284935206704;0.27672764935370814;0.14801669924050875;0.053135254248349056;0.1496347275346925;-0.07996653492630466;0.05837914274100439;-0.3536758478718774;1.154580868283862;-0.4556033138159172;0.12884920472679529;0.7378081973349242;-0.15631084328150546;0.21152365477696883;0.18523462901241497;-0.0007458799313208158;0.138109773914725;-0.0349831626401087;0.019420582477012147;38.49971297906569;21.257072652689565;20.65170936317085;54.36411701491528;24.40225111106514;19.324049479837964;46.126833333904735;41.432215357420304;52.76156556895745;36.18440624572395;50.45266970692357;55.10173963732512;27.297757933304105;40.312078330293616;55.80922774583466;40.95747323565154;24.468378537789466;15.778998310250508;9.780844862125006;0.9995838191716244;-0.21181757791373027;-0.1349044828942218;-0.41061438279888113;-0.20691768331567822;0.1044690128095457;-0.2524731353015012;-0.19367841253715665;0.2449017235397239;-0.1159221789674178;-0.1751342301024126;0.2870666869033778;-0.09392710559040046;-0.11274972248583721;0.28530948301967185;-1.003430502719192;-0.2732518568542935;0.36492910607388823;-0.18665671522271907;-0.2376249289202238;0.08396304545586843;0.008022008453133915;-0.1737470262188662;-0.010030072994461299;0.03243004466659116;-0.041471870446472464;0.592771540931015;-0.8043021722113778;-0.3742805317145324;0.3695366454641889;-0.14544974846984962;-0.24330094956521936;-0.09017866639000181;0.09525751277638606;-0.1366482291350101;-0.14644931489545188;0.06932139524146426;-0.048716320549756296;0.8141316424445302;-0.592130307549217;-0.33716025456926724;0.2487208188970216;-0.1257012218954657;-0.20652538813077406;-0.13804319071140272;0.06063352292050274;-0.1198501569639322;-0.13202840968741894;0.03945435866525629;-0.08439839682836602;0.9206745586043147;-0.39699566902457156;-0.2560542839740898;0.11820052795836682;-0.114947336795821;-0.17053589899633778;-0.11956198025008734;-0.007876633855336603;-0.10462045519156678;-0.12181995550155349;7.536561051718614e-05;36.03411138895569;33.73774311710285;8.146261208720102;51.43701006882867;40.76900830884936;24.235067558780443;49.892577452670075;73.08642827014349;25.09429644836509;48.28776029475493;75.67409493918447;13.698812733004193;54.928961983831805;61.34332715044627;14.473169468198105;38.10331810460227;20.804995769154946;17.567284921413744;12.837931818756417
0.9896531283513084;0.317786507957441;0.039701528126431566;-0.3161821079202311;0.32507085178770795;0.36478167963130453;-0.22115702823769207;0.1929869441212963;0.4859614990854256;-0.13654961318105233;0.0016970467418764737;0.4687645534098468;-0.10521184626340979;0.10493412835474256;0.38183017844110806;-0.8379422462427614;0.34714264468784334;0.9651425971815889;-0.1907698382159545;0.2419505295878658;0.30082206746444484;0.022842700878546538;0.1407751844477756;0.10905793221358123;0.04721490334245555;-0.15432505929150472;0.6811741599405963;-0.7156713910056043;0.39620673869965245;0.9579441955946891;-0.19362627564359278;0.28829655059573256;0.19917381558069178;0.07412909308144068;0.1377814062631812;-0.03652212167080292;0.05923065685608073;-0.29861448216973324;0.9454042903677407;-0.582003076263979;0.26025327607980375;0.9334184828684763;-0.19511743606157697;0.2775534726183418;0.15871790485118925;0.053237640181011334;0.15318983043087858;-0.06615758032086161;0.06020107463272196;-0.35424498717387454;1.152873817299543;-0.455299818399034;0.12337510722987059;0.734819955986506;-0.15677056979999113;0.2099923469698835;0.18603261051155945;0.0008788378977797872;0.14031270271925292;-0.03281119174847324;0.021561318981953913;38.949881177985475;21.211464956612396;20.932826705205983;54.25774574044504;23.508367822862247;17.506427752693376;46.19712101020421;39.68574642514654;48.21474198824958;36.09068010538967;49.047610754196626;52.22314953083241;26.970307276405226;40.48418814845675;55.11278201099263;41.27928774371362;24.4640760686038;15.730127977482345;9.74056623969719;0.9995614329302976;-0.21801022318813895;-0.13269422612367554;-0.40426061369978794;-0.21063429068746556;0.10510200886854627;-0.25166984707939816;-0.19308078861047775;0.2472164068564733;-0.11708382022959965;-0.17448351198729112;0.2844899530952461;-0.09489669478247935;-0.12292267544989242;0.27997704290366093;-0.998516590817264;-0.27980666725757525;0.3727647975231081;-0.18419629329257442;-0.23642022051724712;0.08831592772068343;0.013314098779689183;-0.17121513647933417;-0.007184969577884197;0.036713455711579183;-0.04632145993010717;0.5951202379454996;-0.802300582536019;-0.3828911903361787;0.37257348869510337;-0.14544952109337714;-0.24162606075345258;-0.08989075214365481;0.10021382727652572;-0.13320106904100873;-0.14539994588237762;0.0742332475148243;-0.04998108368980963;0.8234988884922233;-0.5925008489256217;-0.345874268454306;0.24915805727919363;-0.12473611366246128;-0.2053494623280995;-0.1356805174309447;0.06578292400151708;-0.11883963450929239;-0.1312534046659417;0.04413681592197562;-0.08365492938336373;0.9380867729908919;-0.39942983693020834;-0.2602706973579525;0.1227128668436307;-0.11245176822233849;-0.1682255913321098;-0.12001271607686002;-0.004023410748107597;-0.10442278426532739;-0.12259678405158562;0.003552512880093628;35.74485722652679;33.58529791847848;7.6723196299380945;51.93518681562019;40.28544530235216;24.40867342274235;49.96601947406942;73.12788202692724;25.288158532776343;48.931993208423556;75.14281962805322;13.961654723249127;54.883496643748956;62.474590246977286;14.27152779758276;38.02051076737477;21.2284989664781;17.67888248561999;12.780455382166023
0.9895953428874636;0.31438635637183987;0.03356478350141707;-0.31852685095436484;0.3247746263782803;0.35916119885565523;-0.2211961489518745;0.19543094190421978;0.4796820297605273;-0.13621095985579576;0.0033422968161829314;0.46493567820431936;-0.10506252960510948;0.09798655491670728;0.3797051431786178;-0.8384123431414855;0.34738707704337485;0.9512288869067385;-0.19542704930709495;0.24470416739906692;0.30905112099108006;0.017461154473376286;0.14534060341626856;0.12074322258077125;0.044570914603599576;-0.15867674838168078;0.6807284411480855;-0.7151436771272708;0.39311129361833463;0.944027773653229;-0.19490818476919763;0.2900762630086825;0.21357661809075734;0.07330612302882435;0.14396448961964292;-0.020541934065410297;0.059367567703360255;-0.30106086628654083;0.9449888483082018;-0.5814338406794287;0.256284054529924;0.9190771215458233;-0.19779788156447864;0.2783724574528905;0.16939729928306382;0.05333881245874835;0.15673573522187353;-0.05237150580737269;0.06201864836087812;-0.35480624702122643;1.1511473517395205;-0.4549880070022503;0.11790819203862016;0.7318226654973486;-0.15722644553283835;0.20845963850885113;0.1868255806786695;0.0025006953991532025;0.14250904993881883;-0.030642384232391667;0.023697890239439974;39.40276969080626;21.165489271794154;21.219019973796616;54.150796290896366;22.650003232549714;15.936899631268115;46.26826841844874;38.0464265198534;43.728019421271156;35.99465244624965;47.71542386872646;49.22072005844486;26.639998059050722;40.66232494621962;54.44063742559061;41.60695486681991;24.460530283719347;15.682053205538145;9.700931049527647;0.9995390466889706;-0.22428823423145913;-0.13044638852679377;-0.39779804133904706;-0.2143994356333885;0.10574093262588394;-0.25084602682355184;-0.19246769192424426;0.24955739864402887;-0.11825890055174375;-0.17381715440278545;0.28186502191188484;-0.09587759679188283;-0.13324380999836855;0.27455529259242456;-0.9934953585779601;-0.28645017874361955;0.3807052298078935;-0.18169280433322915;-0.23518948425890446;0.09273100823846205;0.01868498561805514;-0.1686395481125891;-0.00429701942736204;0.04105976821281926;-0.051242104476832105;0.5974839980966896;-0.8002419126409092;-0.3916178523903024;0.3756432189176947;-0.1454443759902104;-0.23991792748379553;-0.08959548937761469;0.10524097412410356;-0.1296977889986813;-0.14432995045600794;0.07921614414564568;-0.051263097296287335;0.8329785806142274;-0.592856920067308;-0.35470708415979096;0.24959342474779989;-0.1237523389500042;-0.20414898946657573;-0.1332778800663404;0.07100721212456318;-0.1178099647454724;-0.13046235966321318;0.04888789933466972;-0.08289750243211746;0.9557280311590404;-0.401886959672589;-0.2645414555846793;0.12728862958967901;-0.10991503035815343;-0.16587500412752695;-0.12046614655782964;-0.00011235164807368945;-0.10421862517149087;-0.12338110302000496;0.007081608629653212;35.44058908793712;33.45282874730404;7.1924850378882565;52.41946581010991;39.8211813491941;24.558599792829963;50.02973190529067;73.187138473895;25.48522423765787;49.566262194458005;74.62802981519926;14.228243552839851;54.83983406508384;63.614502861444876;14.051170143558794;37.94089754202483;21.66285557316418;17.790325110134834;12.72076471808684
0.989254495724758;0.312996120219269;0.029659806470064925;-0.31971801010378437;0.32490856569917687;0.3543594801093875;-0.22287126810710087;0.19656073157419765;0.47816840243741915;-0.13766463439988588;0.0061780107964978055;0.46803548941817985;-0.10659513423142417;0.09773602003373937;0.37344175387524187;-0.8436617435802644;0.3489901778333329;0.9508129313425977;-0.19741772723820486;0.24509771230066704;0.31036449341600386;0.01698368094562164;0.14604772051830434;0.1226962503634062;0.04466559064665997;-0.15895367916097838;0.6753630796303662;-0.7201516774634192;0.39627721658483517;0.941857319523758;-0.19627993034282373;0.28961172497300264;0.2129966385441054;0.07381492007379009;0.14402911559074952;-0.02026824205889642;0.059886213597440265;-0.3013775710267258;0.9405234235153226;-0.5861397403331069;0.25856376510516543;0.9192936914572704;-0.1996286714893505;0.27890751908877454;0.1691972349384485;0.05373624048453811;0.15748049097658764;-0.05187891248732219;0.06263188174908683;-0.3555119621070517;1.1472477786001196;-0.4593109393096967;0.11888906977055622;0.7326333742256882;-0.15846031214528822;0.20939896098639554;0.18588275519329014;0.002925068671593145;0.14384177022996106;-0.031472344120715486;0.024257159961265547;39.45761279235547;21.384397251942392;21.054889741359922;54.515746228353315;22.532659471893563;15.751464652819529;46.63505756896642;38.00649547726761;43.58373856706669;36.239503968364176;47.7356873034017;48.913703654947206;26.80886269258765;40.90640902638298;54.37269599808427;41.53731107305116;24.50095479067392;15.775170273998377;9.773055065974718;0.9995363135449504;-0.23017774425677864;-0.1278414448670516;-0.39419536664974364;-0.21729926735742444;0.10695467010718866;-0.24934507343648604;-0.19307278764574115;0.24862530544226358;-0.11724383537188139;-0.17426339183359704;0.2806804327375922;-0.09444581236291894;-0.14309650886198325;0.27317429353242545;-0.9930031630866394;-0.29055113401821653;0.38778166245332757;-0.17656885464194286;-0.23441946993843568;0.09295299456390349;0.027491625595346434;-0.16594421139297255;-0.007277720911247198;0.04814719728068343;-0.058229821551621874;0.5979419892462103;-0.7994214566662262;-0.3942359057931021;0.3772588352781466;-0.1415802787130233;-0.23726622732542102;-0.09053408003339784;0.11457470894987058;-0.12698053914096882;-0.14329229633621884;0.08728630418448137;-0.055897239353660415;0.8367084936124932;-0.5913663020581121;-0.3563633669698588;0.2506467504476179;-0.12058774025906585;-0.20252141246078736;-0.13367849097847528;0.07767005508819988;-0.1171957351780512;-0.12967376432770866;0.054595221324661054;-0.08574834199951321;0.9652534472587302;-0.39951921105191784;-0.2646456493613595;0.1275720357549212;-0.10782093131377243;-0.16417487979443599;-0.12074613530861522;0.002696382690972995;-0.10473895768048522;-0.12273231120777357;0.010175584887474979;35.208847142935355;33.13303084748336;7.242452995783998;52.98350151343077;40.61922683975004;25.647282485091825;50.084987783343074;74.04856682244463;25.065756822912743;49.5502528873402;75.26342429880607;13.79525228315179;54.83778560526648;64.20696645281386;13.483105896286254;37.80321991112103;21.788747520061186;17.925403772234436;12.833243087229699
0.9886706531311772;0.31328273358637565;0.027667942081328844;-0.31987626714085515;0.3253643009861097;0.3502220163142294;-0.22590732193712473;0.19653774871295512;0.480662174824135;-0.14062521043617499;0.010020852967437406;0.47697703222737925;-0.10954444759974218;0.10319083222397603;0.3636117818292214;-0.8528591025696849;0.35170013080222107;0.9617911070778351;-0.19709827934787488;0.2434409357737387;0.30572601892675444;0.020692543988917872;0.14343810351443526;0.1163166712552644;0.04709215139419214;-0.15572855212385778;0.6657194576559665;-0.7297713489522953;0.4047248532690461;0.9495917461678881;-0.19769704112509617;0.2871921619092153;0.19959601358929505;0.07544906091929078;0.13884940858849465;-0.033403303718043426;0.06072093679409609;-0.2998331080359338;0.9324827938616501;-0.5952543217419014;0.26613633226832956;0.9318120924137346;-0.20070081939069914;0.27915984949225603;0.1596850279923988;0.054377976393928884;0.15580944705155977;-0.06273102467481151;0.06220628274594316;-0.3562895685791013;1.1413451598149529;-0.46751451159798163;0.12535586458212467;0.7365913812583075;-0.1603327749092767;0.21241712006015762;0.18343486647046403;0.0023253144557467812;0.14441315013049208;-0.03485590722696911;0.02346463732454554;39.16894390082909;21.830712923578286;20.519163095662023;55.27985638375023;23.03806712709629;16.6618409786764;47.2510860076277;39.33317043268608;47.106576868814834;36.77552550830361;48.903908059335116;50.879263113596934;27.402234390038604;41.20393550172669;54.7939403873569;41.13066862108944;24.571289703424004;15.986316749325837;9.941194717656094;0.9995504516797616;-0.23571913301907285;-0.12491809427491389;-0.39308279165572974;-0.21943303551656637;0.10866822327386601;-0.24724080848745736;-0.19473802662613873;0.244815253431402;-0.11430483701652144;-0.17567793360376496;0.28074689650821083;-0.09089588101026651;-0.15253522577746573;0.2753232955136039;-0.9964411982430202;-0.29241369938013917;0.39408745325245503;-0.16914075143524115;-0.23404395679977094;0.08949708922170253;0.03930971769131906;-0.16313696880233025;-0.015401364936648076;0.05763622572604857;-0.06702807322528337;0.5967069606670176;-0.7996549508952199;-0.3914863778023633;0.37758598157015605;-0.13432836981292964;-0.23377797331763153;-0.09255057075751634;0.12767973688505457;-0.12494660508035522;-0.14227722809891116;0.09806007631783986;-0.0634675950656646;0.8353683840729393;-0.5882342871300589;-0.35171752864475847;0.25223210999634066;-0.11550680375627771;-0.20051140464641096;-0.13653045927407503;0.08559185364209615;-0.11694089149817523;-0.12888213923391098;0.06113954754847755;-0.09175832284419846;0.9676317226531824;-0.3929075668561198;-0.26108853657745174;0.12408924235049511;-0.10611010890926832;-0.1630380475976675;-0.12086952911148428;0.004539642344692668;-0.10589020883623881;-0.12082282744042433;0.012888517827529592;35.046978521723396;32.635509721625056;7.759533307396705;53.629656373385515;42.50343225768838;27.53089459034432;50.15399761349295;75.54957196822974;24.081620372295387;48.97818633966067;76.85812419609685;12.758736203271598;54.8806257985955;64.32261886642667;12.638776876931148;37.6123397902659;21.64004805121711;18.081987235038408;13.09739472188569
0.9880868105375964;0.3135068725879444;0.025681853456805348;-0.31997148732085606;0.32575426766367616;0.34603966938946146;-0.22888248526496302;0.19647670792061392;0.48304859471474343;-0.14354188855433817;0.013840233783480226;0.4857758403959375;-0.11245596498876136;0.10859505576382641;0.35376619485176763;-0.8618392621388223;0.3543265778546575;0.9725209482939816;-0.19674232439111292;0.24174613506236958;0.30105411165822965;0.0243766222934607;0.14081522705255495;0.10995020860456636;0.049495977082468244;-0.15249122359998799;0.6560004789884101;-0.7391953722068038;0.41304655881732616;0.9570983688727293;-0.19906780629578572;0.2847303444471153;0.18623163187020675;0.0770593934577273;0.13367172246902104;-0.046458337952576756;0.061539188885452935;-0.2982390352647807;0.9243060018952597;-0.6042022188786452;0.27361479468279337;0.944079360644017;-0.20172796934817663;0.2793565274228616;0.15019504935139816;0.05500555406186407;0.15411748531261824;-0.07351019236656242;0.06177098001480944;-0.35699359575831685;1.135253827727618;-0.4755813193442071;0.1317620985208176;0.7403841120505963;-0.1621636024986746;0.2153771099157508;0.1809650416139264;0.0017284661924011362;0.14495327215963338;-0.038213754909649594;0.022671992566671767;38.87987154555786;22.276685035783203;20.00611011122731;56.03543164132955;23.554227221434775;17.637096780775845;47.8618551278256;40.738619109531584;50.62539811363627;37.307876269085;50.11312749235368;52.71322746548323;27.98817386426146;41.501981341941345;55.19631141933122;40.73383311141853;24.632276489688884;16.19385806953066;10.109861621418048;0.999564589814573;-0.24131132294160842;-0.12194788046239821;-0.39192456971512546;-0.2215760091348248;0.11039460597735982;-0.2450901482948205;-0.19640855928560083;0.2409375232512599;-0.11131963264573924;-0.17709614653162822;0.28079160061630215;-0.08729393529587232;-0.1620805116924217;0.27747719631783396;-0.9998423221240649;-0.2942761813843877;0.4004409234387055;-0.16160550476034558;-0.23364487790394764;0.08599046601643787;0.051273451522087246;-0.1602812488170251;-0.023626056946349887;0.06724009481517192;-0.07593171181121991;0.5954083541474311;-0.7998270231449205;-0.3886707199175082;0.37788685623645013;-0.12697433791879387;-0.23022698136967656;-0.09458500267413804;0.14093949815184334;-0.12287700445417478;-0.14123792729290788;0.10896161214234881;-0.07112816340232013;0.8339441642934925;-0.585015490595548;-0.346984884212858;0.25381712989711236;-0.11035259461495085;-0.19845994953116647;-0.13940734872979407;0.09360650923882909;-0.11667342674928576;-0.1280701731540703;0.06776135468465666;-0.09783659205533161;0.9699620617664428;-0.3861810491447221;-0.25746562067815526;0.12055260830072283;-0.10436920444600692;-0.16187377868012867;-0.12098474815859349;0.006405745731827209;-0.10704743298531463;-0.11887957601527377;0.015634572878988087;34.88293086160764;32.13318141176047;8.288162962766982;54.28158362725654;44.39951869457094;29.35034298956239;50.24324480390982;76.99250309450706;23.062469303967433;48.401426927903586;78.42663776813083;11.725849035236958;54.9377314637432;64.43563263454917;11.814371409912619;37.42024359773644;21.48762261065152;18.23999559571331;13.364779135332006
0.9874943325439448;0.31444397673598773;0.025832312734130912;-0.31830188245176644;0.326082895419532;0.34654578879134357;-0.22940745874277102;0.19644944089051355;0.48331111128907556;-0.14434218219199832;0.014709354267038495;0.48834601038431813;-0.11331430083515741;0.11390447932677976;0.34873748305991537;-0.8656411365555612;0.3536405457865915;0.9756108595944225;-0.1967689312854247;0.23866223551083793;0.30167580072448086;0.026722744737733704;0.13830884462072143;0.10912061840579287;0.05156710317330477;-0.14949689961650736;0.6512833623809506;-0.7439628074647382;0.41484114181690873;0.9614311813780585;-0.19897963421907244;0.2825367897837531;0.18450311864630162;0.08031364306306475;0.13069704293813256;-0.05181814360265846;0.06407729544337028;-0.2978853886099918;0.9202717761291795;-0.6096920718772836;0.2763747113274276;0.9500631389088079;-0.2025878208679915;0.2783097736798547;0.1485005983614986;0.05690150581585614;0.15237148640741552;-0.07815154728453341;0.06351251397240196;-0.35955412299618394;1.131983274317431;-0.4814930152363248;0.13353688869019395;0.7453727486794341;-0.16287662346764586;0.2153089551672124;0.17990153857570954;0.002564199995677543;0.14452788338531536;-0.04167514400313656;0.023518500153078273;38.79979685076318;22.24787632122944;19.904221040412963;56.30912751097897;23.510847088972916;18.027887101477614;48.073209938543656;41.096862976179224;52.65303105322093;37.5538370532463;50.37311437306888;53.99614292156334;28.283978531399452;41.63655571116739;56.33328235308703;40.50922141452732;24.707605387444655;16.29305792446054;10.16029157217968;0.9995990512760824;-0.24241945198685497;-0.12382417114976689;-0.3886044109468291;-0.22331318796164368;0.11316438122862635;-0.24467745358188522;-0.19809354277573563;0.24138395191460077;-0.11109957396917561;-0.17811756411239646;0.2805978122741916;-0.08757650149253644;-0.16429347218558413;0.2750439486709451;-1.0009592601641806;-0.2945121614172365;0.40095635907396987;-0.16449069793951568;-0.23506968021807115;0.08989582020689649;0.04767767568661803;-0.16135095821686218;-0.02116622900199554;0.06548052610898829;-0.07810952190171291;0.5923096592254522;-0.8019153135939695;-0.3879850165981961;0.37762296274790386;-0.12569853001994516;-0.23039584866310428;-0.08940982144786071;0.1423899526584302;-0.1224237993224351;-0.14077358120843847;0.11011950716570393;-0.07348315369328831;0.830594173546592;-0.5879075983432807;-0.34737029469496084;0.25862578150869636;-0.10799704517275016;-0.1980296231270189;-0.13750297860794766;0.0964194735891586;-0.11572835398237521;-0.13182340714908533;0.06969123768642396;-0.1003903542560628;0.9680353907777624;-0.3897860659322088;-0.25793891741698555;0.12262827426812548;-0.10356598135823118;-0.15936585061613892;-0.12044812051343483;0.007407944764432809;-0.105422420201741;-0.12059306033182353;0.01674913029270662;35.50624884134329;31.678328884280376;8.218308161556134;54.04846459064298;43.45395087037172;29.39317922869539;50.33520657359639;76.23205659698482;23.942585283759957;48.14816095794397;78.64652200482486;12.950558518864453;54.49622269768528;65.10052451406257;12.34106245918946;37.661458000268695;21.41393503813018;18.209645257984295;13.381077262385627
0.9868976259646308;0.3157490638595835;0.027030051281883148;-0.31577535146428987;0.3263982184476931;0.3493643512777402;-0.22874682553361053;0.19644765856157295;0.48255812947909277;-0.1441176019179929;0.014139948235209525;0.48790391396322386;-0.11317753427562834;0.11919882978801681;0.34605700014092206;-0.8669681549723913;0.3513468283901731;0.9750231089314213;-0.19699195289110433;0.23489461867675965;0.3049044935657597;0.0284269896220394;0.1358535706318896;0.11100102873986754;0.05348799348345958;-0.14661370679851876;0.6490205162811465;-0.7465097390020788;0.41347021336298834;0.9642769022978879;-0.19818642880292317;0.2804768098646379;0.18846773406867928;0.08439188579266146;0.12879168791856818;-0.053441598727623184;0.06747228542541672;-0.2981506987792569;0.9182871951971846;-0.6135451579495221;0.27685232021476075;0.9530459270625221;-0.2033794132606267;0.2766623982576687;0.15061881857978052;0.05942996463750145;0.150597540203987;-0.0798162420267991;0.06633058593538708;-0.3630521781136918;1.1301292021556202;-0.48640156205501883;0.13306054423440727;0.7510054725583005;-0.1630537732474499;0.2137688574021521;0.17952921719141682;0.004105068126831466;0.14363470496478756;-0.04520609605616799;0.02517223324328254;38.82171634116836;21.98732847501852;19.99703052009845;56.35239495199011;23.202150458501933;18.113841177918736;48.093317468721175;40.92685213472272;53.95738256138785;37.66167455596576;50.15909720953602;55.0514747518781;28.443100822350946;41.69054008066573;57.833058677759325;40.36924805496861;24.793142241961576;16.3419509638119;10.154217108995566;0.999643464671166;-0.24131394556679986;-0.12807184122181647;-0.3842470767717651;-0.22483874012098712;0.11642739570373693;-0.24512419797001905;-0.19977396314148776;0.24395597358628243;-0.11224233467490335;-0.17893692498992605;0.2802894332104091;-0.0897688269835528;-0.16288261432950896;0.27037297930699156;-1.0009485513590664;-0.29394739999762404;0.3985970820329097;-0.17248269642373626;-0.23738240999549065;0.09741961764152178;0.036452608139454334;-0.1643450197846914;-0.013467338055775737;0.05814278771573399;-0.07696181306931786;0.588351143194191;-0.8049346629579148;-0.388354353279636;0.377084906389697;-0.12742378160646248;-0.23239497412503954;-0.08072611304751673;0.13801918905266342;-0.12276994187904597;-0.1405962876229738;0.1064746787250475;-0.07321014460292496;0.8263255133822436;-0.5937878400260062;-0.35027290600088995;0.26498594081700116;-0.10703676408691032;-0.19840115682729798;-0.13326076949340634;0.0966522405691074;-0.1144574599546182;-0.13779559739742492;0.06929824539731262;-0.10119117290620333;0.9640329100637706;-0.39844981248958883;-0.2604255177204661;0.12745064985158416;-0.1032306588066897;-0.15621624953352098;-0.11959531525348571;0.007977578953953238;-0.10244099301481355;-0.12409367388870068;0.01705261460526375;36.51563212709601;31.254195602533205;7.856930198768067;53.38411087118592;41.165423931124046;28.509657835958475;50.4211065854123;74.38528900431064;25.796209632016748;48.07186762364843;78.19801273752354;15.265334036014774;53.83265208675056;66.03273804851912;13.510191823431894;38.11924136814925;21.38060239777645;18.087030446706297;13.2737327809932
0.9863009193853166;0.31705256733715226;0.028231598959497943;-0.31323331883431693;0.32670814945003196;0.3521861541948412;-0.22807921120250976;0.19644193514820865;0.48179274757674834;-0.14388931940551122;0.013568190760994508;0.4874504395996746;-0.11303800413308022;0.12451002334813821;0.34335984987947965;-0.868282629147587;0.34903774253905007;0.9744136948584048;-0.19721183905929532;0.23110861218568343;0.30813880701928065;0.030136855424777963;0.13338665744224554;0.11288604601400808;0.05541478968484855;-0.14371710495056705;0.6467364518132673;-0.7490509699884335;0.4120860240158376;0.9671136463357363;-0.19738637281485583;0.27840372992965357;0.19244297526087994;0.0884832515312645;0.12687683259316634;-0.05506988030827644;0.07087825553755218;-0.2984110010263825;0.9162770135432289;-0.617399950896946;0.2773261188870621;0.9560204611423375;-0.20416980748500113;0.27500349790846446;0.15274171603102282;0.06196641719247249;0.1488141342619497;-0.08148538476574925;0.0691575653735511;-0.36655566761160274;1.128245760374064;-0.49131819600030796;0.13257980452434093;0.7566436142717338;-0.1632283007118804;0.21221888405348724;0.17915194768100817;0.005651450886863565;0.14273540544891025;-0.048748968055201874;0.026831468968323866;38.84311370421758;21.727522995768226;20.090388709746417;56.398866556711184;22.908800483216083;18.203732592085093;48.116563635080574;40.76970601758054;55.24030431195165;37.77064653151609;49.949772176111004;56.09982443158403;28.60574625072707;41.74406115447755;59.32730103745706;40.23355256998976;24.87890983760904;16.39268185131562;10.149992556567959;0.9996878780662496;-0.2402067115713828;-0.1322987720564573;-0.3798976402821723;-0.22635220404558767;0.11967401040050682;-0.24556275126813662;-0.20144231053052042;0.24651112024150681;-0.1133774978124072;-0.1797482840565419;0.27997504697526154;-0.0919498344311473;-0.16147331568651352;0.26571414788236525;-1.0009119186283895;-0.2933773283146132;0.3962371377962912;-0.18043745071124018;-0.23967949846551512;0.10491003801370508;0.02527262082461937;-0.16732254121889928;-0.005799665339215502;0.05083362769990998;-0.07581681352785608;0.5843935944640024;-0.8079207495391646;-0.38871210041208953;0.3765392734147058;-0.1291386533927828;-0.23437987353555462;-0.0720759159954617;0.13366276614259098;-0.12311148010555582;-0.14041607346972726;0.10284203280832617;-0.0729363556191923;0.8220529183741355;-0.5996285662935562;-0.35315452857575796;0.27131314709507737;-0.10607764354433026;-0.19876601996893709;-0.12903249741378425;0.09688154566810527;-0.11318880755365641;-0.14373972512552838;0.0689050666669423;-0.10198608274940406;0.9600218305213503;-0.40706769817842386;-0.26289516598598917;0.13224994585928443;-0.10289403303548701;-0.1530755099467152;-0.11874290404638069;0.008544670519125422;-0.0994691328671213;-0.12757671455625913;0.017354412147038714;37.5246753224885;30.837235908424258;7.502291385033923;52.72468477890774;38.94695280759144;27.539519024165834;50.506357745944904;72.50716120639163;27.686150756650555;48.015356516379704;77.72900449785783;17.552397601007694;53.2007700851034;66.96085451568611;14.660989126255705;38.58177418813539;21.347956695730225;17.96494222082651;13.16685020963651
0.98591707781255;0.3178324617891395;0.029938300116431255;-0.3106153249264763;0.32779115567634115;0.3560820652420317;-0.2265130637279953;0.19672076389475027;0.48175986763279693;-0.14282788680056568;0.012340128502827424;0.4860371003520836;-0.11188789276735574;0.12806772230542643;0.3461190900471927;-0.8651997459551399;0.34554588341963177;0.9720658089183802;-0.19723845615135768;0.22862546465354985;0.30946745134816306;0.030480030638936558;0.1317925505725736;0.11451213547633284;0.056084365164322594;-0.14197866729018294;0.6492942691896487;-0.747167323985721;0.4075816892908641;0.9683399823973422;-0.19692179269248067;0.2777199835142452;0.19817801242810867;0.09023877934890427;0.12700697851865364;-0.05289240376772596;0.07272997440738076;-0.29848095758503945;0.9179948450183015;-0.6169165227403218;0.2730894663301719;0.9563702995450987;-0.20432990768168766;0.2746177505584495;0.1583054316826742;0.06330605321205239;0.14906596694941368;-0.07856516745768242;0.07110436175667058;-0.36809404342769586;1.128533128442874;-0.49208038723346864;0.12861542446366656;0.7594481488691653;-0.16250859930250558;0.21091611076730615;0.18229613569198364;0.006781260968203793;0.14305494641290747;-0.04736568278723321;0.028134388130617066;38.912666225895784;21.451383280483057;20.260349050453662;56.0778816961901;22.766027077229865;18.092099289661377;47.800742918027375;40.38815873480437;55.187961650940224;37.52790513538798;49.429795292874246;56.067511346681485;28.417055733853775;41.47817106411974;59.4496530417906;40.24148225995072;24.92698487879803;16.332582912265103;10.066410307377133;0.9997230762964008;-0.24151192954604436;-0.129000342193505;-0.37563664262408153;-0.22742160918877563;0.1235614692424437;-0.2454590723792024;-0.20090051059996722;0.24991325380897092;-0.11466373451745827;-0.17863970943393573;0.2807848648342089;-0.09391150711257386;-0.1611353255820879;0.2665401988690708;-0.9975862046375772;-0.2938418389905255;0.3960977461029438;-0.18193285464004358;-0.24049292580517745;0.10780729722955074;0.023100977506337037;-0.1675985615777636;-0.0022459189054724127;0.0493387953535306;-0.07405467092753;0.5847569621661578;-0.8078212679250417;-0.3868236130136858;0.3790208592637779;-0.1337816191844506;-0.23747098975448452;-0.06331383361299323;0.12941130460979539;-0.12554844519148262;-0.13927899068584812;0.10080094740293398;-0.07104948888126311;0.8224603512385622;-0.6021602966983927;-0.35157275603775634;0.27903297277077416;-0.10913284727223814;-0.20279432514710707;-0.12074689283828022;0.09418124735369751;-0.11692727882307831;-0.14448404652058297;0.06788579791744426;-0.10058064777076987;0.9626315260800125;-0.41179219644688675;-0.26227572885645595;0.13941577037541503;-0.10528465085143825;-0.1540692859738792;-0.11385190469311617;0.006759126107739611;-0.1019707702316231;-0.12703283527387996;0.016637147162806513;37.701671840947185;30.45259385651036;7.189478307695761;52.50249614906039;38.283821107592274;26.954163892002736;50.02957308112154;70.9591191325206;29.08027690759624;47.28349319950859;76.5381809437073;18.975848552761867;52.028818549843905;66.77230967420654;15.229308547283718;38.67400099761071;21.303609003970585;17.84616732163432;13.090469150969872
0.985722333641072;0.3181299797786622;0.03210065057077457;-0.30790646428813945;0.3295531369692919;0.3609330647371745;-0.2241267227765621;0.1972453920629618;0.48235882296500293;-0.1410103891448466;0.010520344174713888;0.4837362045303623;-0.1098241376813126;0.1300591770557519;0.35375435790837234;-0.8581279859498516;0.34096795866645585;0.9681064590615426;-0.19708231388705086;0.2272904291184644;0.30907826655635284;0.029599002055094813;0.13096884035076942;0.11590532723100042;0.0556274064376544;-0.14126520563870198;0.6561622917797971;-0.7412794267495488;0.40025070950712005;0.9680798517399711;-0.19674648532005415;0.27826444685792634;0.20549512988719953;0.08990342240499993;0.1289621790393767;-0.04729863546621134;0.0731917438415984;-0.298365869266486;0.9230098555765074;-0.6125168731953997;0.2646097266271018;0.9543236346934936;-0.20391598564069383;0.275357191125703;0.16695782230587985;0.06357478223773103;0.15113336376288175;-0.07152367730400257;0.07226508577956593;-0.3678590516607297;1.13070892075743;-0.48910063763147815;0.12151432675621772;0.7596858785087869;-0.16097813945881567;0.20982049747457723;0.18859313687920698;0.00754096493521399;0.14445958082125326;-0.041565487126721305;0.02912058299946632;39.01945054986899;21.162484100268852;20.5011886104499;55.42133723411887;22.74701404420858;17.80078346221493;47.17648056425811;39.813592177137416;53.93870179223617;36.966760409614324;48.65664153885246;55.029034303168125;27.910880097201563;40.94533591986546;58.32441291283782;40.373959789089376;24.938984259758197;16.171803655566855;9.910993530906705;0.9997500882879142;-0.24496351382184708;-0.1190043733296724;-0.3714302766759664;-0.2281006097611128;0.12803637438801538;-0.2448718555975626;-0.1983927020047633;0.25408253045909024;-0.1160897167793296;-0.17582006595857302;0.2825947417754402;-0.09568763630156307;-0.16174552642270315;0.27223740826225346;-0.9913173386840436;-0.29522503736415073;0.3979260926494456;-0.17770059532699964;-0.23999173741754193;0.10664100099589158;0.028914919220278515;-0.16547672022654364;-0.0023262801306354504;0.0529974609546746;-0.0717353834661281;0.5889537509393992;-0.8049767164417736;-0.3829290754244107;0.3841994657399836;-0.14104609985611585;-0.24155789555789056;-0.054408211738769086;0.12523088154574827;-0.12985680975950492;-0.13728586806967424;0.1001617782975629;-0.06772079574213712;0.827018570488063;-0.6017631851756928;-0.34601856219281096;0.28802566861730955;-0.1157660342527156;-0.21009335873753474;-0.10881741032341774;0.08886623527501565;-0.12512838991190461;-0.14061529048634955;0.0663051968231983;-0.09721427947445402;0.9711248269741758;-0.4130813614808775;-0.2589092508054187;0.14871718330366152;-0.11010743172374625;-0.15873712759899705;-0.1053506771453199;0.002876206762708386;-0.1093429639093552;-0.1229107179762134;0.015011574357645347;37.118234663037036;30.099650798954052;6.91291585788885;52.66252579987307;38.955336336725715;26.75160484184177;49.057393219956516;69.70897688425438;30.02665760648792;45.94899531733989;74.66736159623665;19.712299295431198;50.37917768537685;65.53214449218088;15.375262322224737;38.43818772783775;21.24742209262698;17.728928860688626;13.040215116964507
0.985527589469594;0.31840303614766197;0.03427486595732807;-0.30515378395965853;0.331299550394737;0.3657866501724803;-0.22170569871772913;0.19775714018044008;0.4829216826280066;-0.1391689455351551;0.008687452454938491;0.4813796060898802;-0.10773737535203132;0.13205319998364;0.36141152427249734;-0.8509373130130815;0.33633090064652854;0.9640399696290808;-0.1969087290958684;0.2259275140478768;0.30866075713255103;0.028709589331072902;0.1301286995092566;0.1172982430180215;0.05516274911023774;-0.14053519800890624;0.6630219017994317;-0.7352902935948917;0.3928371597824201;0.9677374493382631;-0.1965536345292885;0.2787894244572349;0.212844339230565;0.08955833323112873;0.13091979528832715;-0.0416633324431271;0.07365052926254062;-0.29822518979132656;0.9279818019723025;-0.608036701761698;0.2560509775634892;0.9521838334902653;-0.2034823199015037;0.2760786983778005;0.17565448579269125;0.06384002958233427;0.15320208631163776;-0.06442890605470591;0.07342760113895283;-0.36759188244247903;1.132805288050048;-0.4860601760493528;0.11435538914525861;0.759862016794272;-0.15942400220550554;0.2087000671264032;0.19491677875432145;0.008305148278529833;0.1458616410851044;-0.03572284604291316;0.030110984729041432;39.11845679348244;20.876527555626094;20.746257664743094;54.755572312513046;22.72860722589129;17.512196268494982;46.54544765002151;39.25829314940812;52.6608456380849;36.398723017639774;47.91747985348738;53.92912667780011;27.400700850658275;40.434257340167555;57.16058006493602;40.50613213462487;24.947724503576783;16.009740781634306;9.75543854110458;0.9997771002794276;-0.24841771470883273;-0.10897496099775322;-0.3671998041104761;-0.22877450782162734;0.1325205902325805;-0.24427524695356043;-0.19587124092615998;0.2582562734093967;-0.11751631529146762;-0.1729865473794166;0.2844011779767898;-0.09746606007468245;-0.16235249190738038;0.2779430611663314;-0.9849988779033895;-0.2966031317138658;0.3997474524622644;-0.17345020109664955;-0.2394815653837575;0.10546790662575815;0.034745248718614466;-0.1633434019689806;-0.002406807716848139;0.05666535266567261;-0.06940695872651176;0.5931446323486337;-0.8020985719949516;-0.3790109995705919;0.3893814776848914;-0.1483277811887146;-0.2456494137410141;-0.04547440591999072;0.1210341159552947;-0.13417393289890603;-0.1352825315409957;0.09951758102101002;-0.06438008871214293;0.8315645243063158;-0.6013461041552843;-0.34043704672485703;0.29703611575584526;-0.1224153337403564;-0.21740753992729572;-0.09684905216060591;0.08353264181048392;-0.1333499841760257;-0.13673063848065578;0.06471782483668741;-0.09383486438441167;0.979613065968514;-0.4143614630793041;-0.25552467712837273;0.15804161518993656;-0.1149411176570834;-0.16341389516203178;-0.09682087776950354;-0.0010183501298154918;-0.11673366843307535;-0.11877250399372294;0.01338069842525852;36.50707117318982;29.756942565024772;6.64133426099032;52.81883088663764;39.63160842889064;26.54311755193497;48.090190579713145;68.44584340146335;30.98630030918793;44.62877913298732;72.74629721831258;20.51536126227593;48.76176933810344;64.22315224391961;15.62334524881457;38.20876540944773;21.18994434642477;17.610324725181126;12.989137117907548
0.9855253877608467;0.3188314880895139;0.035949836225217746;-0.3053728701269326;0.32964527245410014;0.37441515558737587;-0.21944807714238454;0.19663021287393068;0.48726863722163555;-0.136469664211228;0.007647987911003363;0.48069903521570145;-0.10523424356616928;0.12972023741108193;0.3649478249336782;-0.8470226409427912;0.3360294874573904;0.9626010325847323;-0.1970248081075643;0.22597092007168076;0.31727280716866935;0.026152425702371;0.1310475479403088;0.13001140065358152;0.05298069745416879;-0.1419966300173159;0.6677808632427455;-0.7306884943329128;0.38692923402323653;0.9640364248340866;-0.19647507752207982;0.2810003784814456;0.22457015745141098;0.0876920586844134;0.1358346453310298;-0.03084145183951158;0.07216821959694343;-0.2988253637415956;0.9332070735232249;-0.6030969087229097;0.24703524779621117;0.9473634987015207;-0.2035728570166004;0.27809553569877926;0.1846097561890689;0.06215214537008469;0.15682124389128124;-0.054638421079924684;0.07252904221087965;-0.3675681646179344;1.13754470920215;-0.4808890773394166;0.10730638368195568;0.7552651912691744;-0.15881693270219235;0.2090557328291421;0.19814304307422792;0.00738898173609806;0.14825334988045735;-0.030785005896668084;0.029215760109457697;39.75811500103538;20.454972062791057;20.59767921137724;54.490105670094884;21.88330541039149;15.503602361084011;46.151389445090246;38.10852197995502;49.69434971144294;35.813638553032725;47.1418943601009;51.82012555898553;26.815316429742282;40.425873344122124;55.58992426502253;40.62097842361446;24.98812811369735;15.954601346770001;9.699160727877345;0.999685727352692;-0.2555629879198925;-0.10115087372912625;-0.3577732933404307;-0.23275432662358167;0.14396381719994467;-0.24309312735261934;-0.1972236213327932;0.27143163770457385;-0.11998065229531796;-0.1693139324326878;0.29017079991437716;-0.10065661535823436;-0.16421555243891892;0.2851564523482323;-0.9728410939945197;-0.3076687957752059;0.4080832658541547;-0.17257874160944853;-0.24124742645036906;0.11266936860892324;0.03594536372297867;-0.16317799208101255;0.003966228945182238;0.05693759937358163;-0.06322407680254362;0.5982603850626386;-0.7988036227867082;-0.38616499616417976;0.4057165569156724;-0.155349272909181;-0.24934491525943495;-0.032290147169850854;0.11405958186697915;-0.13659560039945215;-0.12762118953302162;0.09578868053736017;-0.053405976978668016;0.8392166911016419;-0.6058958539930824;-0.34465389522603096;0.31739856752732787;-0.12523936090874804;-0.22451181143241722;-0.0830081886150824;0.08108950196450744;-0.1386326161519066;-0.13162262509171457;0.06339287803030562;-0.0812150007988941;0.9928564234634929;-0.42641666013690993;-0.2586774480713962;0.18159966940312242;-0.11606408314558123;-0.16835295976375092;-0.08578464930162065;-0.0012711276710549101;-0.12133838601688843;-0.11428705431413991;0.01354554587624095;36.999885322426586;28.93873586704192;6.221464597310149;52.81967733289891;38.13251786327324;25.6775183687028;47.694982805979265;65.92348825555683;32.138587574905394;44.153299692087124;70.51889075306713;22.0069828365545;46.57326130736726;63.77011565998936;17.028320951921966;38.78317823848421;21.10639486570268;17.32446375488817;12.631855409053886
0.9856681326712132;0.3193820635195;0.03724134216434232;-0.3078439594982585;0.3254331338927977;0.385870479481341;-0.21732744133902476;0.1942728195005466;0.49446879776168856;-0.13313538313843298;0.007212719445152877;0.4812979395025649;-0.10242847159780764;0.12412783225891426;0.3653616318501322;-0.8456173958832899;0.3390139351201619;0.9631736247005057;-0.19736334932076227;0.2270819022174999;0.33268335336122395;0.02234515941431253;0.13329519605305323;0.15123470677153864;0.049510038515814536;-0.14511185289255193;0.6709458364066406;-0.7271686425848434;0.3821910800550303;0.9578302199798417;-0.19648716579045664;0.2844827308494237;0.23956226777116454;0.08468494361039487;0.14296826593608702;-0.01614236752566745;0.06922574610322264;-0.29998920563548814;0.9386214901965578;-0.5978414924417642;0.23771516465817552;0.94055481399684;-0.20406341193002928;0.28108914648845024;0.19372825131672597;0.05899562329863004;0.1616011906030304;-0.04285027218158487;0.07007727172517904;-0.367735933006861;1.1442860480975772;-0.474137482184934;0.10037094978923806;0.7470933126298067;-0.1589314963811699;0.21053013598702805;0.199018537081778;0.005206220592397449;0.151386627330331;-0.02655168780858695;0.02689909352215049;40.7942479104195;19.93771977096663;20.1581219354289;54.534007553846145;20.489943071038287;12.71523081578938;45.9387552493421;36.583172685019065;45.525196709708446;35.214668188226916;46.366973785641314;48.93335328367772;26.170802231997126;40.79545355597862;53.760773200727705;40.72591167312801;25.0552126183319;15.980856496286064;9.717272633644285;0.9995052338578968;-0.26577652118480927;-0.09479674089217911;-0.34398257928902937;-0.2394082874898073;0.16116033624454681;-0.24139745636010848;-0.20161556164013703;0.29199190178456585;-0.12331717708639471;-0.16486116963909828;0.2991756012313858;-0.10503466757996598;-0.16709856172228005;0.2937376537926156;-0.9556801972772452;-0.3265860033478164;0.4217081167129748;-0.17429607917583873;-0.24481748533478837;0.1265999898045898;0.0335738299248021;-0.16452511550329169;0.015557317710299674;0.05456929341116495;-0.05384650478038385;0.6041983472568164;-0.7950125226026741;-0.40212246095261994;0.431195695796826;-0.16236788795284385;-0.25282221317833903;-0.01539267890213312;0.10470000836260358;-0.13760297824430143;-0.11531024038457248;0.08953613302489039;-0.03615013693813369;0.8494450068476224;-0.614396858077796;-0.3565969078283577;0.34719036936849446;-0.12515985747932257;-0.23164868780731568;-0.06728100460866901;0.08081521283171948;-0.14177536203461108;-0.12539499313421373;0.062226276670950945;-0.061009666207696565;1.0101160601285353;-0.4471895994729511;-0.2669927722734288;0.21693995902937024;-0.11432178024926735;-0.17363143180698248;-0.07245361294640876;0.0013038958573539973;-0.12390324396218519;-0.1093845979106405;0.015112291527601735;38.28959970705417;27.739762038016135;5.859168050843361;52.65902829489276;35.085833334891944;24.184004715763454;47.74012326764465;62.25553752893391;33.33469961073;44.38657681358942;67.89396707398747;23.990626683359515;44.401767139269566;63.44572688104812;19.37149057166869;40.03548610557626;21.014499950960577;16.907489169149077;12.044658252761007
0.9858108775815796;0.31992207286834684;0.03853090425418144;-0.3103037391304399;0.3212129973336755;0.39730677973786005;-0.21520106289898414;0.1919105604658593;0.5016489183515049;-0.12979876444586083;0.00677747201459616;0.4818810549166447;-0.09962104066421444;0.11853468811615968;0.36576347683990357;-0.8441858357971219;0.34198577528325413;0.9637149831402047;-0.1976953621638522;0.2281849545392405;0.3480742884226975;0.018539384315933348;0.13553726407997393;0.17244085197949124;0.046039804012339376;-0.14822061340167866;0.6740874479690921;-0.7236275024163651;0.37744341219036953;0.9515968843659268;-0.19649294313157392;0.2879539364788841;0.2545379972517932;0.08167685561094441;0.15009316240696183;-0.0014512903091561946;0.06628275817294686;-0.3011427479563973;0.9440026528003268;-0.5925699435268912;0.2283928602292628;0.9337199021998516;-0.20454713535156382;0.2840720028706357;0.2028352426095958;0.05583903914589053;0.16637318043358462;-0.031067585259747055;0.06762467489143897;-0.367891805988579;1.1509867649957854;-0.4673745909397205;0.09343631801357621;0.7389022043503838;-0.1590408946025768;0.21199692958027114;0.19988713820038234;0.0030245583480345787;0.15451323062883798;-0.02231997304802499;0.024582907520507537;41.811096122340125;19.43122897334343;19.728171979816075;54.581794054388276;19.186070017394222;10.504199819265237;45.72531947934498;35.15733754524569;41.52813829380725;34.609490998179346;45.64952895933514;46.02278431252302;25.520293931081387;41.17938146323585;51.97262361701396;40.834525190880825;25.123640992246088;16.007404777361398;9.734862870438937;0.9993247403631011;-0.27637454190488187;-0.08816536321052383;-0.32956992933181395;-0.2463030461754474;0.17904608983340184;-0.239596196480003;-0.20616006495682332;0.3133616959234601;-0.12677396802536317;-0.16019972819403452;0.3085099031786106;-0.109578831388734;-0.17007663603689221;0.302631592731406;-0.9376682128700644;-0.34623957645285036;0.4358360517498504;-0.17605911159914417;-0.24849972192933406;0.14108952688043336;0.0310990851126153;-0.1659040171796455;0.027626586910751934;0.05209483979793069;-0.04407235373890305;0.6102940809589187;-0.7909480149683806;-0.4186825620204598;0.45766789666755314;-0.16965368247857174;-0.25640667319322413;0.0022074477062045315;0.0949371649346169;-0.13863198890835837;-0.10247213386354907;0.08301132074796316;-0.01817374826854725;0.8599730655695953;-0.6231603813940438;-0.3689828137298671;0.37816628008094444;-0.1250587548910156;-0.23904751383999262;-0.05089208275830337;0.08051773566731034;-0.14502764247304623;-0.11889088507833272;0.061002219052249985;-0.039957889655785235;1.0279433940651759;-0.4687581878272774;-0.2756137244866852;0.2537133928783743;-0.11249053943519034;-0.1791033064515274;-0.05855940363461432;0.003985464525338209;-0.12655629642715863;-0.10426293590374368;0.016741769393800843;39.50987202799629;26.530220048188138;5.729962113158887;52.43593047918679;32.16515459530835;22.54028203343512;47.801312607296765;58.35286488822479;34.335252269314154;44.71059110801861;65.07112792281242;25.946083761327703;42.778912617056484;62.484450201642126;21.82516133357748;41.3897937143695;20.939043708464695;16.482544337770953;11.458079696245491
0.9853275362050408;0.3230906527740295;0.03370805364982125;-0.3116712336140143;0.32319237525443134;0.40376825308222575;-0.21552819180893473;0.19307686465644922;0.5097664978368841;-0.12955598581583103;0.006277853833980459;0.48832336384280806;-0.09927694459309681;0.1248598342289728;0.3533203026574699;-0.849825976657541;0.34791145167195914;0.9785886951882851;-0.20167005063309135;0.22673090854776456;0.36316404361313237;0.016461444760773044;0.13236954101582324;0.1868913276944715;0.0451563829297207;-0.1452006606427711;0.6688790052171693;-0.7290525663685663;0.37903402377279793;0.9603263249701477;-0.1982070501609614;0.2889783000596138;0.2684674646331725;0.08288819928828593;0.1512396111784414;0.004908940227739834;0.06713916263222587;-0.3003919234130679;0.9447910144981467;-0.5981270161371147;0.22835708122040638;0.9381544790219898;-0.20739631122292554;0.2870172885420941;0.20913018200642736;0.056177100400192664;0.1685192339177937;-0.029368278980012492;0.06869442761896111;-0.36894983873234366;1.1570911037709684;-0.4730986647531009;0.09194270229021159;0.7401687612775508;-0.16070046185909856;0.21489827952556484;0.20387409447944627;0.0029258048572448664;0.15757621085795612;-0.02233723562549055;0.02472626313721271;42.75592897200037;19.3748962965508;19.623386189809988;55.21609562099055;18.06386990059011;9.54284779682584;45.88378358915573;34.087353222329696;40.69703466943708;34.54795360870052;45.224623626178406;45.94539017873939;25.369137909362852;41.15003905524373;51.989367594163326;40.673240414012675;25.57657590887585;16.24321611276476;9.820263292331116;0.9992093429725464;-0.28071995251271625;-0.08239957285598604;-0.3263785146896088;-0.24897382667334209;0.18927372656792485;-0.2414315012092799;-0.20669827808848806;0.32330348747121734;-0.1308999712314781;-0.159545780719124;0.314358535837802;-0.11443877903818613;-0.17208852079434747;0.29636780922943645;-0.9350658238618118;-0.3566319513157413;0.4426943894102012;-0.18413166127035577;-0.25087671647895826;0.15529730432077996;0.02227531555847316;-0.16637833637724367;0.0445033140358194;0.04548531000342403;-0.03908014810330487;0.6050338251389633;-0.7952400973680455;-0.4190962329077489;0.47181573573659735;-0.17904652872861307;-0.2597136967303827;0.01953103415355078;0.08600516098996563;-0.14062120636839542;-0.08838072728148452;0.07658240416820572;-0.008157984851502225;0.8597557486046448;-0.6343129169674419;-0.3666539230441611;0.397929228766738;-0.13009157262181248;-0.24076814540817834;-0.03832794272527385;0.07980960912440646;-0.14604854074972906;-0.11302505741716486;0.06047874625740235;-0.02836309303369526;1.0368186923739788;-0.487208277418096;-0.274086211542895;0.2746011228692463;-0.11536672769615126;-0.1797644132679679;-0.050114004647549275;0.0052889296049117495;-0.12733969623059715;-0.10234435835531626;0.01789601601636735;39.77612364334386;25.769423429074003;5.458633503475407;52.19890526385587;29.348700472451952;19.5650009250637;47.374971383316094;55.20886583038222;34.41950400840863;44.013127808244846;63.97265045268465;27.238221314211415;41.25756393417902;62.494892905513545;23.60816375051216;41.072808186975806;21.016619919380844;16.41027185073296;11.291169618265203
0.9843757609034882;0.3282500911806282;0.024108538299296187;-0.3121539607878836;0.3298636092689153;0.40646486236844015;-0.2176801161243049;0.19691212410201384;0.5186405496239687;-0.13163681761494472;0.0057169484606033015;0.4992496147988994;-0.10078073260676275;0.14038505214069272;0.33071816715934377;-0.8607662848213098;0.3561281082606724;1.0044672931819791;-0.20845785274679107;0.2232360502575861;0.37824926436809303;0.015654513885460505;0.12497121424454864;0.19644143750010906;0.04621758228490969;-0.13740110277470935;0.6570149932813617;-0.7412504540030893;0.385399937324699;0.9804169862068925;-0.20121076328309012;0.28808237652320184;0.28182334549337346;0.0873250614241722;0.1478075136452098;0.0050421948980583125;0.0708969639690004;-0.29809457748974266;0.9418480504717078;-0.61191499340804;0.23535158305482473;0.9510458422153505;-0.21205834276796362;0.28992258230551615;0.21335764023022932;0.05917578092074017;0.16866276108764375;-0.03532340833582281;0.07245818135254924;-0.3706245078079336;1.1625728602790897;-0.4883551605278394;0.09454780276190262;0.748492763360945;-0.16353733952258098;0.21890100683587116;0.2102735855129935;0.004414341802996988;0.16061491361874405;-0.02559287676083443;0.02674396517446223;43.667147528485735;19.65099407844414;19.75536728329171;56.32513461511078;17.091866730805425;9.38092636670414;46.34602755834265;33.271186068936586;42.084306414625274;34.902198929457384;44.995215073733576;47.97777442723561;25.60021657072265;40.81201783606637;53.31005588728271;40.28832729153567;26.320269529978734;16.64774632397553;9.962945839096088;0.9991426523125452;-0.2801073571984924;-0.07742232873301888;-0.33184506578460343;-0.2482920232119872;0.1933380429558702;-0.2459837044420094;-0.2041082519948432;0.3241665236931747;-0.13542318293251804;-0.16196565930724982;0.31733763801405984;-0.11940932964492613;-0.17328235079195126;0.27854050662408875;-0.944233980146146;-0.35959703937725773;0.44372740253053844;-0.19684038888929278;-0.2521536838633342;0.16892964913602443;0.008769905740598551;-0.16611905794955478;0.06467555606065137;0.03584202915674016;-0.03787878724396985;0.5910629399434459;-0.8057355636325955;-0.40700914759059703;0.47607265523504755;-0.18981154609088646;-0.26268831972123885;0.03623147974280541;0.07790882577186094;-0.1432802422271872;-0.07364216735656896;0.07036627134952377;-0.00450204101986867;0.8511387346262168;-0.646941050670074;-0.3529986972697115;0.40853618546706555;-0.13893597857354317;-0.2380408185169761;-0.028996237856538803;0.07878948480818915;-0.14530524975371578;-0.10777036119532546;0.060497088133894615;-0.024313470346604457;1.0384324376938543;-0.5027477315645336;-0.264741967013919;0.2827303200435691;-0.1217793544676617;-0.17667962032874224;-0.0460520290647537;0.005500470530826382;-0.12664580477964804;-0.10291941539668485;0.018654603275300063;39.36795299435319;25.3463668096055;4.965621402698717;52.000707427452696;26.676035995356834;15.791275525360788;46.59202797546244;52.79408044990931;33.6359494338363;42.53536795277809;64.20495362774496;28.08406137243228;39.554613282665976;63.50740019678494;24.884814925183736;39.4835167265434;21.191162863953533;16.607319496664605;11.444324018972056
0.9834239856019356;0.33342523279278513;0.014248547235041794;-0.3125356340747221;0.3365895970910264;0.40908410907258785;-0.21980916660426458;0.2007762110605303;0.5275583445592446;-0.1337242552239432;0.005139253929656068;0.510280480013428;-0.10228723687100003;0.15626619278533233;0.30740294404916607;-0.8716798833817653;0.36443047113715543;1.03065850747571;-0.21534769041390983;0.21956823898948305;0.39359222278558575;0.014820723179333615;0.11733338358291957;0.20617038621487085;0.04728976961723104;-0.12934699304826558;0.6446005782357148;-0.7534981419536176;0.3917923687239463;1.0006772685154406;-0.20421993537617467;0.28705802044771017;0.2954267475698234;0.0918464448480471;0.14423158561134508;0.0051771066668282045;0.07472746641676126;-0.29562840735536816;0.9384848295312649;-0.6258415762020296;0.24244374320073495;0.963928764470974;-0.21676536186407447;0.29279843881298945;0.21761821844928264;0.06223152862623589;0.16874861138375383;-0.041421810070578005;0.07629422354882646;-0.37220807548360735;1.1677748458640866;-0.5038337755788636;0.09718676575059002;0.7567623566023896;-0.16638902541700507;0.22292894250777606;0.21676426938642318;0.005940299245291927;0.1636747809173696;-0.02892455593423649;0.028804827916218804;44.58989065107008;19.92914651179072;19.88550785548569;57.480513662674504;16.199922597550504;9.403201444689627;46.840906195400194;32.50441284522929;43.449254108292884;35.26387770240798;44.77414819204786;50.00031786967845;25.838130839848777;40.48417180880447;54.60120739727547;39.87885410144935;27.06611018426817;17.068054666859478;10.113771613193986;0.9990759616525444;-0.27941032975072805;-0.07243147614381154;-0.33719905952363277;-0.24753565847858125;0.19733500220048789;-0.25045146145749786;-0.20146103964036383;0.32492866622417776;-0.13989582236233827;-0.1643311035946848;0.32021365330058116;-0.12433330068258323;-0.17442076613838245;0.26066408487150833;-0.9530947878507844;-0.3624461437360905;0.44462260994415137;-0.2094631962957548;-0.25335094532460284;0.18248274139735776;-0.004710858340616151;-0.16580949613427015;0.08478719856666275;0.026207298979838173;-0.03666827197858396;0.5769395462192263;-0.8159633556958656;-0.39482203532678284;0.48017535259277566;-0.200496726109401;-0.26557657955120645;0.052887050662864914;0.06980504473545783;-0.14589007484670316;-0.05891090704870602;0.06414119505874459;-0.0008521179847350741;0.8422788336260312;-0.6593457625430925;-0.3392631369280898;0.4189967270411227;-0.1477199939681482;-0.2352462048096941;-0.019674546993938218;0.07774732669081985;-0.1445190207323798;-0.10249333588750734;0.06049688967181202;-0.020264605672855998;1.0397253098033752;-0.5181019748368142;-0.2553356582948589;0.2907565939274359;-0.12814175876620804;-0.17354703141659902;-0.04198418768493049;0.005709901069985799;-0.12591458239369382;-0.10346183059106993;0.019405949972854355;38.95931243800081;24.92577893381471;4.487411045527219;51.82030198840668;24.190333394870226;12.39679094679331;45.83312465720079;50.47187311855481;32.42311165524161;41.09769366882281;64.37684381989253;28.948196564502158;37.86684130121377;64.47882088476346;26.200842228532192;37.940631271548575;21.356611999141425;16.805297178186116;11.605518357173024
0.9838939876083213;0.33593010168850096;0.009408829752525343;-0.30149106578169915;0.34199511422636864;0.41312529646719787;-0.22014814198803406;0.21104876257878083;0.5369319885127665;-0.1365226760872444;0.029515757256400953;0.5148978245924143;-0.10825964277562228;0.1946496067562592;0.2885718280408498;-0.8753857426187208;0.38518806776497;1.0339510962723126;-0.22284001012024834;0.22229712113735733;0.4096279719466493;0.007178274191207043;0.11864294569183274;0.22880926352136893;0.041791870760932666;-0.09796668105024878;0.6341655192764167;-0.7669658555404351;0.413429572795807;1.0160854573900293;-0.2092183242623563;0.2935137045455171;0.31448127570003676;0.08575369535619645;0.15509567381041514;0.01783897812567685;0.06986225144951319;-0.2737950063946264;0.941467488401284;-0.6478781610285037;0.25916973303713636;0.9826237167786287;-0.2210326389640914;0.2946355699642365;0.22712432654600034;0.05742846259444694;0.17510526714174535;-0.03399619592142214;0.07302037195307685;-0.35970851492280054;1.1856062502714093;-0.5329958416811726;0.10833702119555948;0.766545247398033;-0.16664800037711977;0.22367922897071713;0.21754014624523413;0.0068097476660194944;0.16886895225204934;-0.02695647312917906;0.028550779493801557;44.97917696262405;19.466989367403336;17.796303844968538;57.58617327065677;14.676161427081656;8.396884550018713;46.80979808133913;30.296729155753457;40.41097439713353;35.30956588156325;42.884274708053574;48.51094085436707;26.159155653107703;39.809366222059;53.60850689372162;38.67981018599356;27.537701797519134;17.504686618678747;10.195616509204642;0.9989339746947756;-0.28335246732612235;-0.09358489777022874;-0.33614699761628797;-0.26662340403957335;0.20796303217355414;-0.24633721208982837;-0.216112864884752;0.35308187159641224;-0.13860631396655163;-0.1672138096293762;0.33232235436782237;-0.12362328458911816;-0.18762331769903948;0.2463319345939308;-0.9350805489200363;-0.38861270755199934;0.4637350454667239;-0.2159699499936276;-0.264286114062847;0.1913683374225343;-0.016831874503191388;-0.1741318559283636;0.09463392511011003;0.016627696306954536;-0.04319998733921992;0.5936338398830091;-0.803574903316203;-0.4152604194004413;0.49805663705478515;-0.20959571989532988;-0.2860171585675638;0.058693787028984166;0.05470893456544225;-0.16032164905525081;-0.05910238272121832;0.05340743129927835;-0.0052739695265043175;0.878078495472182;-0.6539242939104367;-0.3557892059560545;0.4390022033615965;-0.15565120557654022;-0.25199504616905266;-0.015522624129095067;0.06378185948449654;-0.1563872706612516;-0.10247555504788092;0.05101664565485437;-0.027305825506019173;1.0855213073572538;-0.5197512895711197;-0.26755870930973763;0.3087529196908572;-0.13334570585900052;-0.18395423386331206;-0.041689058484830635;-0.0010752978635581731;-0.13522150106057773;-0.10849995451502777;0.014104272331527104;42.38706009620706;25.24468888909919;4.516908338776786;52.0570554047747;21.656201296448035;10.700299090484455;44.98330091225878;47.5886088574264;31.57309774891244;40.33714768664186;61.46282552214016;28.734125661617924;37.26036923722361;63.24683314561711;26.420090587737775;38.92807148162014;23.14381865455486;17.006284469902578;11.136556121338776
0.9852758821072768;0.3360598391831258;0.007859343360805536;-0.2822354606954018;0.3459285794229823;0.4173784567057413;-0.2188962032496572;0.22525420552105177;0.5456803788157877;-0.1395600291764515;0.07056571504859463;0.5143371303847588;-0.11703686727241552;0.24785756518446464;0.2720802136174009;-0.8727198922652077;0.4136399714498328;1.0201518147888333;-0.23036883846532608;0.2288857396716819;0.42546866518564935;-0.005047248262393875;0.12568877927002864;0.25974227729471383;0.03181873461156775;-0.05071968587181286;0.6238220472383139;-0.7799189488943472;0.44456830997298497;1.0264989446885748;-0.21518493151930873;0.3044406634503593;0.3366950656594342;0.07241421317744193;0.17533594796647112;0.0388678739813423;0.05906155740899186;-0.23846026046394941;0.9469599717247167;-0.6742477685849633;0.28192208589677636;1.0034914769401937;-0.22462801853484254;0.29525349517183025;0.23975651448036625;0.04726922118884657;0.18534597362592029;-0.017477048159355874;0.06486852974428957;-0.3371170244595016;1.2097638565563171;-0.5704474286474733;0.1250109670426088;0.7759873329628406;-0.16488022673174466;0.2218460206848114;0.21412434394694574;0.007235598845756392;0.175202845944984;-0.021405439860999135;0.026704568287716817;45.04258467904746;18.546013598671056;14.254168238157254;56.93799271316318;12.801182430624781;7.31425931168814;46.39609740056483;27.281253517114045;35.50583904284976;35.1572709772341;39.96529978634532;44.81556951915299;26.57988783423005;38.92246272511101;51.22709227183572;37.06186523463182;27.80329459376771;17.986064253936235;10.270492088945304;0.9987436945702296;-0.2905933452143007;-0.13617829349214391;-0.3296626622137465;-0.3019882963044388;0.2243439967922198;-0.2350008029281115;-0.2447293867426094;0.4039660678121049;-0.13271155095144155;-0.17051101857981804;0.3520080610472817;-0.11850537868786713;-0.21087760080455994;0.23221596340186265;-0.8934605049490465;-0.43423952057061216;0.49756076556149303;-0.2184710439853739;-0.2831466104032263;0.1976515642913052;-0.029505814780142508;-0.18942150906261537;0.09815098946506934;0.005815058959653653;-0.05608466611959105;0.6335736568967272;-0.771646895615321;-0.46108943129030716;0.5272169198871234;-0.2183098669049714;-0.32121570383946363;0.05729755594940626;0.03249864264164568;-0.18484315160426953;-0.06998228112760678;0.0379209928521308;-0.01608916878080731;0.9490313154358586;-0.633622974540796;-0.3956099398170105;0.4676203025386396;-0.16368347090005878;-0.28453018437177985;-0.014537454904665117;0.038545612349221714;-0.17862313449170467;-0.10605143117952064;0.03335910149419884;-0.04321622773521675;1.1672389683172453;-0.5106799448582849;-0.29645837238598377;0.33566779938229546;-0.13812123908051535;-0.20512477969632148;-0.043998524582703334;-0.013789864347319351;-0.15271639815301663;-0.11722248893379868;0.0037153366025620724;48.70475851499599;25.923332354576075;5.2770914935406035;52.35418814123158;19.141876221111396;9.902991103052065;43.93069456246627;44.62096506364764;30.946033441026472;40.04990855115722;56.93208898366464;27.504419727106562;37.31521641401767;60.88181008108985;25.850494236402234;41.91270590939452;26.37033599008586;17.04172935913072;10.159746679201698
0.9866577766062324;0.33532623952408896;0.006261370396317251;-0.26190185847663044;0.3490426112422851;0.4206339529203137;-0.21705756276166893;0.23913829147197865;0.5531825241001708;-0.14229322902098607;0.11218206156561239;0.5124412669072091;-0.12567257273025423;0.30139679174618833;0.25458713827673296;-0.8677572981393077;0.4415448831049295;1.0034730841003547;-0.23744144768700082;0.2350048235175376;0.4405020458369509;-0.017482588792618305;0.13253925019634052;0.29056996502384885;0.02158186389232185;-0.0024809206155760725;0.6116830700324217;-0.7910990246919856;0.4751293523523533;1.0344579295072158;-0.22070596118669664;0.3147825253163716;0.3584463816863409;0.058645066718355274;0.19549344592638965;0.060179913364675826;0.04791186744151895;-0.20186722857363296;0.9501131584545787;-0.6993610979290603;0.3043628776480721;1.022154540167618;-0.22771027727021273;0.295122099386809;0.25200131314026236;0.03680305230993384;0.1952958675939736;-0.0006118041886733642;0.056401010099030965;-0.31324536087546706;1.2312453612375696;-0.6071121086251812;0.1416667763814987;0.7836025380136801;-0.1626554968479071;0.21940791771377877;0.21009469422236315;0.007650572353233285;0.18120085136843134;-0.015698093404291312;0.024755916512227305;45.14090352948663;17.645672999958485;10.731802177197936;56.21568915271773;11.079208061184172;6.865442280855039;45.952653508474874;24.431842830707954;31.68958994721377;35.018726632536435;37.107597991319096;41.270601291471216;27.05460248553662;38.05531532882353;48.925444775335514;35.573387960057254;28.025068422285813;18.51755782496014;10.398232047023724;0.9985534144456834;-0.2980233787403324;-0.18541853129859487;-0.32093381247722297;-0.34220741552059036;0.24267630748549476;-0.22094112624160325;-0.2772725557354814;0.46194213926725847;-0.1253637412944935;-0.17376003017383654;0.3737489031933876;-0.11211436886814863;-0.23728051021033744;0.21492149956780263;-0.8417344110149645;-0.48597215143298256;0.535295226346242;-0.2206220371898227;-0.30416642417713224;0.2042906808695393;-0.04419631402417283;-0.20660278139342111;0.10191118550704674;-0.006826992106292012;-0.07092766174760808;0.677966640536184;-0.7316628329490965;-0.5129636366922362;0.5594010902764792;-0.2277139258098907;-0.36117300823585247;0.05546617438280385;0.006458238692832494;-0.21281687030492336;-0.08243620715488069;0.01971027047819506;-0.028657155955097553;1.0285160741983954;-0.6076962875162304;-0.4407010233138151;0.4993812299818578;-0.17248373312436457;-0.32150754471229714;-0.013336326894439098;0.008951737992878055;-0.2039507071026559;-0.10985248615588802;0.012630094509727838;-0.06163641970763631;1.2585219212782166;-0.4982944981172973;-0.329150080660232;0.365904738985574;-0.14320983939806964;-0.22911557913695735;-0.046539587639096866;-0.028583071940489427;-0.17260097319998918;-0.12699194232301408;-0.0084247410570461;55.4475713425715;26.51778863061069;6.226641627762929;52.32378766885704;16.901026097845797;9.203538739848343;42.71128671713949;42.11439500867808;30.114626811253505;39.862352029422894;52.935784644761604;25.954488855681724;37.34550003250069;58.83530584637311;25.218342728740467;45.34961497051294;30.19077008108037;16.80171427024579;9.05495189729122
0.9866341005671818;0.3528421237099574;0.011198149583929378;-0.24356776199514796;0.36355276918433194;0.42430440468852165;-0.20235555346773124;0.25526393063538594;0.5519488658318639;-0.13189367232262408;0.128713692552847;0.5188238205486932;-0.11500137273088723;0.35508864299270154;0.26879930891862297;-0.8363659538210675;0.48002588605630836;0.9948473574623956;-0.23385886931722324;0.23803893035070306;0.44404736828748065;-0.013054209371555135;0.12742120679035399;0.28622466408783775;0.027888183927384635;0.04747786286234403;0.6374043078868256;-0.7690654073779039;0.512638234920508;1.0396903757181537;-0.22279384669946534;0.3179235665117607;0.36571379866961284;0.060631063904770764;0.19045779576560812;0.06231166092097651;0.05594479375948436;-0.1600039740135291;0.9912189692829653;-0.6874317472545239;0.3455052705418126;1.0289218720585172;-0.22392742283270914;0.3013001255784227;0.25160366157816594;0.05012127444456697;0.1962661548197282;-0.006422785002769792;0.07191214966517143;-0.2787313100632889;1.2806694122575413;-0.6057840026381541;0.1650860917045039;0.807463198025201;-0.15733397965150836;0.22290748749448874;0.21307407372857948;0.01670535789819736;0.18381200455216962;-0.02213144609121907;0.036506858905447845;44.331367836652554;16.969559730748326;10.640700269066238;53.694440787645114;10.744730753773899;7.7943018869256395;43.3489758272351;23.239341746899562;31.394305149749304;33.95839164850242;36.671103682264196;42.387763707133445;26.58567656600754;37.262274292059764;50.75458037142209;35.217695841299935;28.66549543736461;18.65657753703188;9.9633530012263;0.998091081767114;-0.30909070457299115;-0.20799771620839919;-0.31233199064735817;-0.3610859725509608;0.2299272116482005;-0.2141064161285994;-0.30081699301448195;0.45943577633287247;-0.12228845839140338;-0.19027113705215928;0.35902073133077017;-0.10861907036861411;-0.2702307258550361;0.22047392969651447;-0.8157042075403375;-0.5167535282727136;0.5367469564815921;-0.21128540984819238;-0.31113662743960113;0.19554113673819368;-0.040427855902882774;-0.2090380801773986;0.09880582750348396;-0.005840747534503186;-0.10445650758764002;0.6980352408804597;-0.7084035858968756;-0.547524807104109;0.5480368080995157;-0.21639690005306214;-0.35376003820442925;0.025832069223486222;0.010527563300283127;-0.19741153485681256;-0.10223641475257676;0.02086999188457944;-0.06301222742302146;1.0542770795550878;-0.58739108218239;-0.4774924145763744;0.4793646418739874;-0.16325318219376295;-0.3139181659413794;-0.043999060887853804;0.011045030353907656;-0.18828090480264895;-0.13081118135496117;0.013020017484565011;-0.09783786892022665;1.2853798427343355;-0.4808598980052487;-0.3605627727313122;0.35974034383939646;-0.13742629965356645;-0.23096966350712292;-0.0653199685150824;-0.027074901863886325;-0.16577530554092754;-0.14224132630359454;-0.00795236035897124;55.84065078702547;26.761292551920313;5.678040048262377;51.2186981517614;16.670710997207973;8.367478154027337;42.49792909722944;43.926647199047785;31.700756596694855;41.35754980912946;54.881177371524785;26.811831127585602;39.03938553721579;60.11046938269347;25.14298618225546;47.308044395014704;31.056201758833943;16.52163912369124;8.665755522928384
0.9862808762910285;0.37440601883973185;0.017991552302066827;-0.2237195113109837;0.3801885618978836;0.4265103357017065;-0.1827920526108324;0.2717650949099344;0.5461629759406149;-0.11709337136145179;0.13933641395411756;0.5254622895188644;-0.09844094576773144;0.4102647562895645;0.290594830050451;-0.7931688102312291;0.5212483296719503;0.9836194323720289;-0.2264417020965609;0.23947482259237207;0.44306227242071755;-0.004112689622699551;0.11850003841379571;0.2716533687185006;0.038559192359236175;0.1003914493786356;0.6713391809938299;-0.7343195904741957;0.5517922866958753;1.040193109190372;-0.22320841567922414;0.3181099734891888;0.36823087106696295;0.0664127733607538;0.17805348182462916;0.05950313349116414;0.06897966049029476;-0.11387452623292915;1.039925364158536;-0.6627234622760017;0.39212685197562325;1.028794910456815;-0.21728830679694833;0.30813704482165843;0.2469740416626114;0.0699045779445259;0.19422567516653724;-0.01819471608321097;0.09396564322474582;-0.23851324527354464;1.3344376485118898;-0.5923573422430438;0.19078511021669017;0.8333217807871336;-0.15029229620193255;0.22715372409470327;0.21708068678562903;0.028344676732665264;0.18495239337188618;-0.03185939204273201;0.05217212785386554;43.19359856660312;16.294363942187022;11.421612744988497;50.44942032303817;11.040024258074522;9.232945817582063;40.033246107779526;22.511277746167536;32.1844013181115;32.72121973124439;36.93769077316594;44.511764614382045;25.854946308876816;36.55152145007154;53.47472670548913;34.882084835366264;29.328958433393122;18.650313033422343;9.39605906736412;0.9975649640011705;-0.3207632213926428;-0.22331777023476593;-0.3033718858156734;-0.37391994986626625;0.20866690523187478;-0.2089105321940241;-0.32165830551172375;0.4403889806316341;-0.12018911252826041;-0.21008309626426963;0.33419845523616537;-0.10575177923589082;-0.30463770615483937;0.23180528695243527;-0.7954341525836829;-0.5414242925474837;0.5279651979368016;-0.1986427287487185;-0.314029657740113;0.18247481450795425;-0.03172714925200959;-0.20732832398332815;0.0937618763345199;-0.0012449809482133728;-0.1428508219581945;0.7108652242281517;-0.6886684802202929;-0.5769055908188224;0.5244847416791001;-0.19932475537034422;-0.33339094213556;-0.011227605966075676;0.02254633756334764;-0.170280723862084;-0.123886263775336;0.027124389011747862;-0.10310365220974499;1.0646099577811037;-0.5678275141298588;-0.5115732643899946;0.44505495910397963;-0.14904602084432444;-0.2941613149234128;-0.08307759785420207;0.02150071231619582;-0.16152552450423788;-0.15617918400527267;0.018974839129054174;-0.13867814124545869;1.2937043919966436;-0.4614811044654441;-0.39125259075099145;0.34351282177969594;-0.12859446692223447;-0.22669844421476962;-0.08834268937963254;-0.021224394506583193;-0.1516806322334197;-0.15879141305670974;-0.00413714433238557;54.551003826433636;26.899426994924568;4.649770804270593;49.818754571812065;16.95739595248093;7.465720578442944;42.58543922450468;47.449227874665965;34.11257167122929;43.366710191389174;58.76760366138632;28.190285147731494;41.089990138687;62.203934231481945;25.284590051182313;48.87399706367009;31.072604255054816;16.254360909116503;8.45147475675984
0.9859276520148748;0.39506019881833315;0.025057307772975945;-0.20153062292941898;0.3956117535320416;0.42645245196754555;-0.16113240101667367;0.2876525390427425;0.5370054600000397;-0.10082578583186279;0.1497631921667036;0.5295269789228569;-0.08042090259099062;0.46617594578006516;0.311961999659779;-0.7431649879488414;0.5618192089554256;0.9662749874773104;-0.21735113902876477;0.23965047249330176;0.43954562164495276;0.005342714387893259;0.10842648278821043;0.25476310727395135;0.04960042500990056;0.15564861992271042;0.703383140159416;-0.6935601381680142;0.5900104271298168;1.0349069899412588;-0.22239762885667363;0.3165278371401143;0.3688270918600098;0.07214053668100265;0.16397255150046317;0.056207694621176016;0.0823444244267194;-0.06457582997679422;1.0854907730554488;-0.6329529444244318;0.4391152896346878;1.022908261384525;-0.20906969282305865;0.31362629795810676;0.24070925080749245;0.09038309436475825;0.19098712104826335;-0.03051118391222586;0.11670444022987947;-0.19475352262630757;1.3836959669633369;-0.5748812740541175;0.21682818476465338;0.855940304320719;-0.14202363586411654;0.23036290153774006;0.22009341085954312;0.04046449635242145;0.18512119010527975;-0.04194325161104374;0.06840568522528562;41.93704685392246;15.560440922771333;12.283445248972866;46.865713523871214;11.720681630087116;11.02354257863647;36.5115779072942;21.91763863803997;33.56139145703441;31.55867764688435;37.3720046531871;46.46387524016395;25.091551776597907;35.925345796035586;56.05698230059644;34.278732144430016;29.86833106325478;18.60499143889147;8.858709975722038;0.9970388462352264;-0.33205472579794565;-0.23855398728678723;-0.2935470183993977;-0.3862902803923616;0.18643102790947805;-0.20314372062105648;-0.3423479644977342;0.41993452445886387;-0.11778374848167371;-0.2299523746082757;0.3080464525510275;-0.10258950115629624;-0.3392710075226608;0.2429343380577585;-0.7729779996695565;-0.5655772437747277;0.5178502693183119;-0.1852629264189002;-0.31633442892934577;0.16869472980649897;-0.02274019959808825;-0.20513889430199062;0.08839328732962339;0.003469315607850851;-0.18191268060358204;0.7225219853372974;-0.6669855750613123;-0.6058126418415043;0.4992343159095193;-0.18140233912968173;-0.31180613217479425;-0.0491983117910273;0.03482076017654105;-0.14210710988426722;-0.14582128158219793;0.03347941318306955;-0.14398911557744656;1.0729617871904467;-0.5465749166208338;-0.5454364848273194;0.4089428501871927;-0.13416671218394652;-0.2732867934957199;-0.12296679466805104;0.032174821997353505;-0.133755244873222;-0.18185813370320214;0.025039892067992935;-0.1802564326890522;1.299514857836451;-0.440641865482609;-0.4218926033337358;0.32615272658109756;-0.11926911947974575;-0.22184216361646836;-0.11176004468048961;-0.015181642901628078;-0.13691110118479086;-0.17542455236668472;-0.00021699461785371738;53.099877212099095;27.00054780347503;3.581583323363067;48.311508678115864;17.361213384088106;6.561132325857915;42.72247176397203;51.86143048783899;36.54121411664808;45.4938581732918;63.18800640871918;29.26319163217214;43.07192708627101;64.30934105622123;25.50844592745428;50.43633324214725;31.018014663124514;15.959727044582708;8.226246749400802
0.987939995635949;0.4119902099411246;0.02835989964061876;-0.18400333651103062;0.39077399472681906;0.4115313055494841;-0.15305814125649417;0.28547761837536045;0.5262361602659341;-0.0940742968539624;0.1547202158846787;0.5106038110905137;-0.06957080159141665;0.5118557442686914;0.2826434532368804;-0.7437458872819609;0.5801331988600047;0.9584040282355851;-0.2240857779184318;0.23261114902678953;0.46740623315743635;0.017949224396415303;0.09084180186607069;0.24112461107907468;0.0682227505770506;0.20125787011004587;0.6818959128469169;-0.7032163491852546;0.6133869324019534;1.0349676660311289;-0.24005242533444246;0.3075735471287342;0.38404149540418325;0.08467638674454457;0.13913691115771679;0.052753195084950716;0.10624288533991982;-0.028110866965603557;1.076304536747646;-0.6507538820636454;0.4681099607229584;1.0136678986474186;-0.21905857964766318;0.314919318488074;0.25196126038618394;0.11203454845178193;0.1796002193111922;-0.03745025764734911;0.1452905364209609;-0.1751790808634158;1.3820788385545808;-0.6001398700202951;0.2439137720042124;0.8749781143813391;-0.14711523171467897;0.23869845676370538;0.22933659430330225;0.052099612001040824;0.1823659882354115;-0.05335305385631529;0.08832821613721241;40.90998239439974;15.939326271753982;11.60033419961856;47.19287234999421;14.088187806108587;14.083232283295848;35.5606887669787;22.5147158909442;37.87917439736921;31.507245603515802;37.415164359468456;49.66753098303175;25.972204340825833;35.4377203958704;59.2533073072871;33.7232217981844;30.067134865915417;19.500532954074554;9.348017444952522;0.9972834199451328;-0.3381017050134018;-0.22768441923015348;-0.2692600404246153;-0.3802837442970787;0.185781488723444;-0.19206537451996541;-0.33859438558796484;0.3925015334552012;-0.1091291266967769;-0.2442794521229717;0.267159586704513;-0.09391140727426218;-0.3664216430749952;0.25723406259992126;-0.7603786393049774;-0.5582236681871166;0.5008856326065108;-0.1757864826147592;-0.30659256329241374;0.16173200958921624;-0.008453103203990356;-0.20031877538688295;0.08663549716821921;0.016226593711197015;-0.2116052639140419;0.7218100275533678;-0.6589487813231582;-0.6040105386231311;0.47746747578620496;-0.16931494079615256;-0.29888117796321145;-0.056966287894836855;0.05583296428844536;-0.1314773155123548;-0.1443708599494683;0.05154675328746772;-0.1675029398481692;1.0615431022559063;-0.5406639800144472;-0.5492620268855017;0.40215221519359357;-0.12067643382567227;-0.25882352498223526;-0.13667356474450426;0.057705784807176544;-0.11882475921314588;-0.18742975208767332;0.04607170801675627;-0.19286973603622928;1.2809387115331876;-0.4354660215172375;-0.4248200098463;0.31778353263310455;-0.1058856187780427;-0.2136037546588056;-0.11532972269831199;0.0019342907300353073;-0.12321427994358748;-0.17281177886725121;0.015539295363874555;52.57366066663848;25.27276710369045;3.1054206050644653;46.597341570139115;18.26622135677768;7.173427448638769;42.19777250756744;53.8446941984571;36.22370975021139;45.38473227786404;67.10686480935273;29.190280602966716;43.632826494389256;65.7744127415493;26.384206759961568;51.20830786252699;29.988257867221314;15.732906951532685;8.134186957329815
0.9911684902675856;0.4260556507227811;0.029573112528886506;-0.16833115788295663;0.37378536175113236;0.38722995477360667;-0.15192788528776438;0.2726582388761634;0.5131055412130182;-0.0922058757717669;0.15635388278544338;0.4775474217006778;-0.06232766781427115;0.5512307882042956;0.22446853303217415;-0.7701422830758992;0.5850255009132461;0.9531811169935668;-0.23900439761103368;0.22093764047374204;0.5116249591263777;0.03240075943664996;0.06868292966289603;0.22847501637944975;0.09106685631871732;0.24167042921443666;0.6290820189472295;-0.7388174450299528;0.6273838994997619;1.035326095650807;-0.26743951176420766;0.29368336396087397;0.40648350465059757;0.1008891561668106;0.10773321966698506;0.04903223426712806;0.1359523719494785;0.0018761518345062859;1.034282029861832;-0.6931824124203375;0.4864420040377315;0.9998934460365094;-0.23859133671168326;0.3131310925558665;0.2723118568926692;0.13432723989306794;0.1631458192778751;-0.04144060918302502;0.17708373415692671;-0.16814581858575137;1.3490698662094578;-0.6476039958708697;0.27130517807486393;0.8900806727959955;-0.15921520812761134;0.24934353539223642;0.24152954859070974;0.0634893760229729;0.17751004909567467;-0.06550281108987895;0.11030727583264846;40.131973841678246;17.011836010382936;9.951153189886993;49.6633947844486;17.407863511156783;18.71120119234993;36.194729092343906;24.272465880187706;44.92447149052989;32.026328443812645;37.6858411154357;53.36595793469063;27.734696521091752;35.11404984114526;62.7051097250413;33.83714746583527;29.94154331119163;20.890980894607548;10.439064157661171;0.9979242102330056;-0.3413337055106028;-0.20405881615025495;-0.23863104642622668;-0.3652808841405206;0.19612399888628845;-0.17875925098916595;-0.3226788303522071;0.36266060065149097;-0.09766254086862382;-0.2553063605107022;0.22042366338377803;-0.0827904071829466;-0.38882724420841597;0.2726485060262033;-0.7534068801529398;-0.5353147005523009;0.4812025667274258;-0.16868325764826897;-0.29118602812536637;0.15851926543326736;0.0079720936495785;-0.19439178070015897;0.08679065440193541;0.032573940078554235;-0.23546879000685544;0.7150131062994811;-0.6582634022583015;-0.5868550654426907;0.4583915649854785;-0.1606767019574824;-0.2908943279645078;-0.04915955273746619;0.08048120060633832;-0.13016130290221126;-0.13116602985076561;0.07486720973729315;-0.18136215354740748;1.0407699666902388;-0.5428574312273524;-0.5378486933968122;0.41054835297314396;-0.10842766026716281;-0.2482101335336452;-0.13663166569342983;0.08979923340973968;-0.11098747586583507;-0.18264842189852082;0.07389039162062584;-0.19037888906869288;1.250988945888906;-0.43850762916763814;-0.41369398658547213;0.31435066467274914;-0.09097868634764353;-0.20401082857333577;-0.10873908444473357;0.024005643475774663;-0.11060720125833035;-0.1605904846959691;0.03669182502278221;52.552719092511836;22.561630393118243;7.7373758627104525;44.893929962495186;19.71199539470143;8.585600571504717;41.368683134830235;54.50978241638748;34.35054155039698;44.18238300698467;70.59525583231765;28.37268715745117;43.5601461593046;66.93473123894063;27.49444742639676;51.54473880899006;28.52954832264742;15.563988512225238;8.161894196858718
0.994396984899222;0.43800324481724145;0.030646308925351005;-0.15119621213661358;0.3540738529769289;0.3599101672513589;-0.14986118965130893;0.25784006235717005;0.49653764819237767;-0.08973425510233722;0.1571063046275644;0.4406775446045042;-0.05450044773061293;0.5884902474467788;0.16324380012244943;-0.7927390891131088;0.5865844834780012;0.9421381630680996;-0.25294222467821115;0.20760656951039425;0.5541063640530081;0.04708584908564606;0.04546234912518627;0.2140942711810062;0.11404327098417325;0.28183812847500134;0.5709712440415967;-0.7710765901097636;0.6380642384844198;1.0295407713708966;-0.2940444553885622;0.27763782691975475;0.4271710238417992;0.11698029866871351;0.07476307512769836;0.044910083579296614;0.16572980347825164;0.03273629334232543;0.9848722208996582;-0.7327415933406929;0.502423060180787;0.9797691041082894;-0.25728182096975133;0.3094287787347314;0.2916438515184918;0.15647882567998433;0.14523640889419792;-0.045302293798799666;0.2087618240044136;-0.15990564045049233;1.307068184447239;-0.6926181982462165;0.297891589910913;0.9003376482340166;-0.17072556761680738;0.25882034137357557;0.2526463238586052;0.07483760621331585;0.17145573619960924;-0.07762147709778607;0.13227876398740868;39.47738007829695;18.226116739237256;8.128969264282091;52.11312366322624;20.734167695229967;24.374785880059612;37.07851950830701;26.60517689465155;52.69601295366987;32.58911604941555;38.49994309678642;56.61946695030228;29.531753022403446;34.92827827527472;65.92173360962879;34.57646511574282;29.57405823449656;22.249130423715123;11.628398360022809;0.9985650005208784;-0.3442495760085966;-0.1811703458132342;-0.20897280615638625;-0.3506086987975734;0.20597738333495738;-0.16583106943679285;-0.30715186179690007;0.33368954992199107;-0.08655452186339417;-0.2657848368886562;0.17525276796638364;-0.07202412226090907;-0.4101942405837385;0.2873454173300017;-0.7462484811928147;-0.5129237594805974;0.46195218202056376;-0.16173907823538922;-0.2761679963355305;0.1553305155915575;0.023797451090955664;-0.18856621983911262;0.08688958623090388;0.04830992402220497;-0.2583302964999001;0.7080455951121212;-0.6572190602474914;-0.5699790819746795;0.4397396340865464;-0.15225780037106518;-0.28302728815039013;-0.041607043834274826;0.1041893472773445;-0.12881708776524733;-0.11836322031011207;0.09729896382983151;-0.19461341543118224;1.0201427583474443;-0.5446548879553971;-0.5265353477255267;0.41840087518978225;-0.09655952068771136;-0.23783661578679838;-0.1365116221987253;0.12067737123153892;-0.10336947713064945;-0.1779338576203814;0.1006579424834276;-0.1878673017367831;1.2213950686339554;-0.4411833489957594;-0.4027299280920298;0.31085891046862196;-0.07655888379144962;-0.19464656840112082;-0.10232386769266326;0.04526321168130295;-0.098392469493026;-0.1487184153558689;0.057056468411856756;52.507125588099065;19.79999822249022;13.812410963527942;43.285035961541745;21.528108119854252;9.913350174409763;40.60250268044978;55.41538054032847;32.28739458073635;43.08680277143111;73.89719280929262;27.24037598219624;43.56918723513578;68.08193223868645;28.468949366974996;51.86062502354724;27.1268469721078;15.409302277551868;8.244585758221513
0.9951243811241438;0.43585401918522965;0.0027734345767816073;-0.1445018750678861;0.35392572239254183;0.3571090703898392;-0.14909509120757888;0.256014515862446;0.489314536974111;-0.08663867504746578;0.15025567422095293;0.42753992244354605;-0.05157640518982105;0.5946881152629521;0.15074448571933138;-0.8055354141060812;0.5604833308430944;0.9199981445036971;-0.24234408430765242;0.20722646056138105;0.5521698010603617;0.05676622550030854;0.04546020536545431;0.21493761161841035;0.12044848789698238;0.29677647833680965;0.5449106482265567;-0.7842168752043756;0.6183105731948033;1.0028862833899275;-0.2869087247421599;0.2705443615810966;0.4293922064884226;0.12251476147141732;0.06299999566403768;0.04860253305603258;0.1709878718316427;0.050321366276135086;0.944056489193806;-0.7415351369935411;0.4967046765731737;0.9681888229329445;-0.24811627602520295;0.29418714562352233;0.291230631251741;0.16086395053732386;0.1287223902157966;-0.056824950147286044;0.21148207120773796;-0.14579144957716114;1.2626461382576362;-0.6954674612095859;0.30640097074314754;0.9008776568518472;-0.1702391534201618;0.2515563382794781;0.2533500069273831;0.07590001612122454;0.1595940678869705;-0.0922301258971508;0.13610516721803492;42.76330266896586;18.33678873599519;8.531470466744231;53.36202304446824;21.09807720922069;24.631601421479445;38.04310423376554;27.26351466992442;53.287167222075084;33.12986428125922;38.45202317248122;60.62360857877155;30.139779484758197;34.0352706352032;71.08528547461025;36.02956049936648;28.44105372294333;22.39688945323703;12.375702453118551;0.998398358188672;-0.34205328897143333;-0.16148298474994496;-0.20934767924910327;-0.3398386846067396;0.20889371872125603;-0.169062205060898;-0.29173402196081344;0.31431697512716794;-0.08672798716352355;-0.2629882428207097;0.16106042083104663;-0.07205242656219298;-0.3923569410623369;0.28065150296857805;-0.775817656563249;-0.49979504133745156;0.4468629483021635;-0.15803990892198985;-0.27080490546236186;0.1509383563759214;0.03623478061154709;-0.18218316814431096;0.08717787991655956;0.05734320601242086;-0.2443687663610439;0.6857642985300241;-0.6855736524173064;-0.5566864583038517;0.42982611536198917;-0.15395558622834368;-0.28141601968431573;-0.028666803946597173;0.11055645529813464;-0.12958229614250288;-0.10831319664405029;0.10191794311279591;-0.18158691918820166;0.9941826651793682;-0.5694631742587142;-0.5136144555631889;0.4137268198151268;-0.09526055168886162;-0.23805680868733106;-0.12387473529387043;0.12508135043929877;-0.10756706391949865;-0.16711456395538657;0.10246329338266413;-0.17369719595988456;1.1993335748014349;-0.46211374843153524;-0.39068159904336147;0.3029581505542293;-0.07599268394189067;-0.1916348623386471;-0.09569900233773454;0.04558340631369669;-0.09765611425140863;-0.1435487606086118;0.056262304409000236;50.989160674529955;18.78249429130832;15.384267488899114;45.10830406527885;23.56841940611487;9.824738907929138;41.844647954409716;54.3901902148815;31.939546227580433;43.702411809881404;72.56822596410456;26.73630300278196;44.04219755324719;67.22116371933808;28.82428817159088;50.485094168886754;26.126570919635746;15.734598985787859;8.737477532889264
0.9951370790140024;0.4302364494532864;-0.03160078840717113;-0.14114084065248533;0.35942500119544796;0.36146408293477517;-0.14883200821498754;0.25804565934007323;0.4853909908558011;-0.08359541161733816;0.14177668660060622;0.42193809400152116;-0.050194776719450815;0.5924097788175476;0.15244389233570216;-0.8155139429420566;0.5285302188369573;0.8966127903791427;-0.22571247043261922;0.21058100457779294;0.5384763249131981;0.06459392427909959;0.05189029614757197;0.22008280371925779;0.12203041722755739;0.30417583930181835;0.5294449403320816;-0.7919375694723625;0.5916444660981288;0.972589509218583;-0.2710498408895304;0.2664828554872585;0.42670459207367734;0.12493146130322735;0.0577497328504456;0.05428750708878996;0.16932762262576828;0.06335084586907673;0.9084292808832826;-0.7418989563359066;0.4856536201119575;0.9602518985148789;-0.23193020197480005;0.27677675477510516;0.28559928406578455;0.16023144596650404;0.11355726884153541;-0.06988885437897559;0.2062231002134864;-0.130907070765918;1.2207893924974853;-0.6870273254416929;0.30969014563099057;0.899338393964633;-0.166590104842784;0.24023754629747326;0.25132252209223177;0.07412366076295596;0.14687092195979273;-0.10681583398397787;0.13482189952965934;47.05292798133771;18.113473739131603;9.59942475062641;54.27945625049351;20.719124313880364;23.277033527644814;38.99140327419143;27.346932558487286;51.96773618082254;33.74335705954114;38.08462968554142;64.99218777772002;30.39980024761761;32.94463109492024;76.74746292312015;37.89262813143908;27.195118322879203;22.167874345039802;12.97083244749732;0.9980009889295692;-0.33784249927614757;-0.14301013574786814;-0.21730643713763761;-0.329776649429387;0.20940722242787413;-0.17614683137718937;-0.2762756128452086;0.2975369332288686;-0.08973194317674942;-0.25618048200672344;0.15532468715065748;-0.07481708878838385;-0.36382732605318896;0.26787477651608343;-0.8125270528070727;-0.48855450867300726;0.43247793834767856;-0.15500639059718513;-0.26764393583245194;0.1460605918111447;0.04724662846212567;-0.17549202204632233;0.0873221246693312;0.064139861899881;-0.22052795057904004;0.6587233770200849;-0.71934062555973;-0.5436471297086904;0.42169442943280155;-0.15797560667249413;-0.28094114735749076;-0.01468316384002192;0.11182099484034319;-0.13061079684118163;-0.09912787315006784;0.10138843999500739;-0.16160390788432566;0.965612900703622;-0.5983453621965965;-0.4996351375424149;0.4049896432478859;-0.09663562009582763;-0.24060143377918117;-0.10807361656046659;0.12197669327049218;-0.11455108670183178;-0.1546915729186511;0.0973049515749335;-0.15654165898243663;1.1775339530973221;-0.4862097019927799;-0.37794411393464644;0.2935164950776397;-0.07899455826347802;-0.19002521902201994;-0.08905078904638955;0.04019054129659224;-0.09981214892253684;-0.1400532508018802;0.049712781174576635;49.05467177155201;18.25476434852606;15.545839101163377;47.70813970231799;25.602515160860055;9.54589373922575;43.58890423815652;52.91153543687109;32.01246123687624;44.78770439954606;69.99493586072488;26.38507920693646;44.608023629256316;65.78479362499012;29.05837200528884;48.78835295254252;25.20541092565152;16.150338311220477;9.331240740023372
0.9951497769038607;0.424778810821334;-0.06412857935866445;-0.13791336696939283;0.3645134566743548;0.3654687302873136;-0.14853450010175906;0.2598842555386555;0.4815189225033966;-0.08068747868223403;0.13370443400054344;0.4164980587852157;-0.048870599942281635;0.5900601808808479;0.15400286870257782;-0.8246938254825212;0.4981117648826436;0.8741845446492799;-0.20989573373833434;0.2136877706709354;0.5253389075465646;0.07198245773757646;0.05796001432255549;0.22488147340142067;0.12348809786127128;0.31108087777459364;0.5146328987587496;-0.7989879016594398;0.566210047803191;0.9435942775856105;-0.25594979052575245;0.26255149985864223;0.4240215522095044;0.12717837726840883;0.05276110849107821;0.05965112896184636;0.16770090365826795;0.07566370589446005;0.8744092448838793;-0.7420016883171583;0.47503468009168615;0.9524261580085773;-0.21653318082145645;0.2602062075711539;0.2801757155651925;0.15958053629778712;0.09916522177780605;-0.08223217063162633;0.20117787164521236;-0.11677511884710388;1.1807708341433638;-0.6788142487213092;0.31270275223974586;0.8975884174167619;-0.16308171219787754;0.22944510981114205;0.24932147618992498;0.07241804770462719;0.1347795583746129;-0.12058763721104981;0.1335632644818362;51.19003521642152;17.900825656222118;10.662395962520462;55.19974243265076;20.442389777884685;22.00345170290377;39.94026644603378;27.41090842321413;50.73593978413676;34.44452087553792;37.73411184101138;69.37355595420067;30.658503540699307;31.884683885344742;82.22980360025667;39.99954255019788;26.01760519687242;21.896193992052243;13.552818597334577;0.9976036196704666;-0.3330772307206726;-0.1251322755283436;-0.22437826285756238;-0.3194692439917847;0.20942176610635746;-0.18248103442284136;-0.2609610508110283;0.2809183703950759;-0.0923837003575013;-0.24913196471931914;0.1495229224167208;-0.07727516766721394;-0.3358934058972956;0.2551275799860304;-0.8455745951115611;-0.4767682214592624;0.4178302692661713;-0.15177323014471508;-0.2640350060698793;0.14109508991553357;0.05760424648369115;-0.16873674489056384;0.08726177878347643;0.07045363806219482;-0.19737371807021772;0.6315374370852127;-0.7498026946970643;-0.5300269123062695;0.4130136030237008;-0.1614386314021003;-0.27985472279257007;-0.0013614728501975422;0.11276986475539176;-0.131292881260753;-0.09017505342041916;0.10065603765601672;-0.1422489202567109;0.9362802950967616;-0.6244390243555726;-0.4852211622395175;0.3957711925365033;-0.09772385581482872;-0.2424756044691174;-0.09281365673227374;0.11875060474492818;-0.1209289445467875;-0.14253641456602492;0.09218304827089267;-0.13988503306462713;1.1541558211299991;-0.5080085788975084;-0.36498536050051084;0.28388060731138665;-0.08166861258439315;-0.18806597943185402;-0.08253173895081639;0.03497489892721178;-0.10163534646761341;-0.13641487150513168;0.043376451474468315;47.13229128571471;17.704011230036787;15.697891292272184;50.104301253185234;27.61174156152648;9.48622914768224;45.25304273554593;51.58367606825651;31.990254887087705;45.865233018781446;67.47372464282643;25.96251764175054;45.143999527817286;64.34281460079698;29.31883103355333;47.27584086228081;24.268713766003586;16.51269423510762;9.912816485265012
0.9941565936155068;0.42355976626879127;-0.07579170138898246;-0.14476864183576899;0.36771812600830855;0.3860447500180003;-0.15437586992650965;0.25514308710147693;0.49862337600061113;-0.0845519413267581;0.13564097608187073;0.4413426162301301;-0.054021477088016585;0.5649037298552899;0.16384029562776356;-0.8347222761501607;0.4760758991693107;0.8782099631469157;-0.20731919857477848;0.21869831696673148;0.5022503431420211;0.07050287552224785;0.058021419888682424;0.19933576371573647;0.1208024763021143;0.2893743870734905;0.516389806585889;-0.8059801683416471;0.5493991377155776;0.9457676144582884;-0.24459054909122122;0.2658496827964304;0.3795583622957666;0.13290723596491377;0.05484947409543928;0.024700695931043567;0.1666103582699274;0.06178859969059134;0.8744836840640251;-0.7461479289271428;0.4696725765441124;0.9518521552756591;-0.19890274528451762;0.2599039333510529;0.24238849855696282;0.1673171540127712;0.09293450594855814;-0.1039967257095274;0.19773427294786494;-0.1202688820526564;1.1815441072573392;-0.6824494885011836;0.31241263722649315;0.8888458794429532;-0.15082437527205309;0.23047384973228477;0.22311317401157818;0.07558015930797599;0.12785773113679355;-0.13042482229546423;0.12951045890098592;53.795401319941284;17.797105066380364;10.107408186221235;55.78018244846303;19.679500249891078;23.864675510773363;41.10578067959463;29.008895357026052;57.32633897070106;35.68095647263524;41.13016151495169;70.30621033935661;31.398737936884395;34.57356035497664;82.08827706861877;41.408453961698015;25.606621306617935;21.536333142888303;13.231482236425268;0.9958598623878738;-0.3368037865735412;-0.13923661512932387;-0.22806747947005276;-0.32773179947119574;0.21471919563781972;-0.19048195110107358;-0.26399040584489125;0.3126317459040329;-0.10321763049412243;-0.23909690611380005;0.189759982000854;-0.08894032689101924;-0.322255859969518;0.22688062667868422;-0.8501177744381162;-0.5091205046284478;0.4506731094529739;-0.17289791260721418;-0.2788461997611541;0.1589238882114964;0.038449299841016485;-0.17722164678472951;0.09233396163493891;0.05912408456302578;-0.17520927109374732;0.6258795804263475;-0.7599845144002192;-0.5504381378535892;0.4511268377519072;-0.17976548845896254;-0.30685773432522884;0.02549590207096237;0.09389618487873197;-0.1541456274489307;-0.0835384897989613;0.08720142661701658;-0.11522753274327427;0.9557292486698046;-0.6418191557805475;-0.4977170825115101;0.4292409577908945;-0.11276763303198599;-0.26224332128758177;-0.07613784872325438;0.10013521857607774;-0.13618808244270458;-0.14299756906463928;0.07953078152635051;-0.11788670607399221;1.1995807544787385;-0.5322778074063772;-0.37766782361839263;0.30930880065550187;-0.0910388603957011;-0.20203592170914617;-0.07624644334771362;0.025895438703652088;-0.11253157865558332;-0.13791585621260055;0.036270335279511685;48.574267171847254;19.494439664013935;11.18059544466889;51.04614986940072;24.14577020783931;9.879132954241923;45.39953629768835;46.20756573577801;32.16842422111379;45.584520121091074;63.49762220044113;28.206655396726042;44.83316680219548;62.20572056232287;30.074319434122277;47.75682557160801;25.67136918358729;17.05121117499993;9.9278697669951
0.99305780799802;0.42254309032846876;-0.08502033976762155;-0.15233967464836515;0.37042866214254966;0.4074461684065988;-0.16056667431942492;0.24973560143762874;0.5170197130541739;-0.08892560780326825;0.13843053182514542;0.4682128226060668;-0.05963387026851537;0.5378734274893331;0.17411971659601705;-0.844057032145974;0.45520935300736626;0.8842134434601695;-0.2059999527274184;0.22362568141877515;0.47853555512127494;0.06814801980942066;0.057453648236175006;0.17139937318995724;0.11771236622950881;0.26528640163251904;0.5194271899222439;-0.8122921392444661;0.5335901381517798;0.9503968889954068;-0.23377727722303995;0.2696109788203736;0.33200418784687963;0.1387391277269365;0.057544929290464494;-0.01325522039306995;0.1655050435998104;0.04568430367803238;0.8774044417556818;-0.7501346758577272;0.4647032951922807;0.9514472300169099;-0.1814329692763504;0.26106242320706224;0.20233212694334937;0.1755639113859133;0.08763075173569747;-0.1260140515300031;0.19442924390012772;-0.12533261194704823;1.1856234391206968;-0.686747833234359;0.31161990207191514;0.8791346377871854;-0.13796093436967652;0.23250410381628045;0.19512470759672176;0.07908862948855591;0.12156642090736547;-0.13951814188830472;0.12521987492019637;56.07556148735318;17.727518161272585;9.404389475424948;56.28617200785538;19.178561260922113;26.419142381051355;42.25246311915325;31.585640460224578;64.4509443312083;36.92709507034219;45.436769698365225;70.11542190064343;32.1784773269878;37.99086402650305;81.015649365987;42.745153663000714;25.261140560394733;21.183748035574737;12.84813397855187;0.9939747547010024;-0.3416384454866876;-0.15806297468699523;-0.23159919286236844;-0.3386239813448921;0.22096717754670195;-0.1992840266999261;-0.2691917965755436;0.35235238353421744;-0.11586667656266728;-0.227728158439143;0.23856390813130782;-0.10261449389466178;-0.3088390963771268;0.19430866566866975;-0.8514991232607738;-0.5489779817141937;0.4914637132696766;-0.198505770105046;-0.2968735368352885;0.18077776728807052;0.014313337814824955;-0.1880595449785578;0.09837891183007359;0.04481017241570568;-0.15110845116819374;0.621803494560854;-0.768457318357669;-0.576158912714681;0.497577000596901;-0.20127356650565448;-0.33921295372156546;0.05621661648965559;0.07111246462116778;-0.18140137980414844;-0.07653080892444201;0.07110566454223169;-0.08491043233938898;0.9818407589576914;-0.6594646375948544;-0.5140589183687289;0.4701926417618904;-0.13063368275101134;-0.2856155649260578;-0.05779275036679087;0.0781204324756187;-0.15371556444935888;-0.14482751039058556;0.06488681940236528;-0.09329333102259726;1.2560666719417017;-0.5587128594386759;-0.39412994036242177;0.34072075467729684;-0.10193602178088002;-0.21890869388903958;-0.06939408431587964;0.015572178394828181;-0.12534258795158681;-0.14005238029847952;0.028432614929438025;50.430706868062245;21.58833906033327;6.596716646992341;52.11875011132331;20.29711806322517;10.251054916853956;45.5807767720053;40.86188595407113;32.06354647027265;45.27601092796635;59.21613361746223;30.652054948051713;44.50374421805658;60.02610794678265;30.754041536517757;48.36822619172074;27.48423460312041;17.628352553153974;9.886094923451855
0.9919590223805334;0.4213076799849419;-0.09388963448877113;-0.15956651084918935;0.37282704036965675;0.42788849275682617;-0.16645449968311765;0.24435951155976657;0.5344918744391168;-0.09309988624768022;0.1410440444662104;0.49390478098893725;-0.06502298658878444;0.5114249924903831;0.18395137885209464;-0.8525749233084792;0.43476807374893495;0.8894873991326574;-0.20460159949395218;0.2282545858414248;0.45532729342418504;0.06583112309473413;0.05687049340042291;0.14429432387873273;0.11465514909031187;0.24184496035308067;0.5220523746974836;-0.8179072888931453;0.5179904635840922;0.9543029918546357;-0.2231856495699509;0.27308529054497765;0.2858410787260874;0.14429309302635737;0.060115864007798475;-0.04993442370331129;0.1643376899689477;0.03009101644252296;0.8797027960465014;-0.7535395046937301;0.45962219090163814;0.9504867874205879;-0.1644386569115713;0.26202604783574945;0.16349374097420363;0.18342999388546855;0.08245187942689435;-0.14722001718397087;0.1911184083052041;-0.13015211172040858;1.188857295560368;-0.6904917549975683;0.31066728894087303;0.8692222186573868;-0.1254449774549002;0.23432743196455072;0.16795513324573655;0.08243251671983212;0.11541270781172713;-0.1482240465336044;0.12099782296809279;58.19070044445126;17.677832273000906;8.729301216045044;56.75267407141266;19.04938481273802;29.480676506965818;43.355525338851216;35.022878019874256;70.26715838926668;38.13085983687151;50.204048726089916;69.15253701079908;32.946777312473095;41.73478731938367;79.57554537183881;44.08202452286296;24.90628522595382;20.84677277689519;12.497150852286476;0.9920896470141308;-0.3466584605980448;-0.17850776667251897;-0.23528005141085376;-0.3502634675190711;0.22762338731633927;-0.20874688251470824;-0.27466783723843213;0.3954732284414676;-0.1295957200091467;-0.21513489294314722;0.29169426155280365;-0.11747350331873456;-0.2939465637163926;0.15857882584549376;-0.8523568078119688;-0.5920979157966975;0.5356469746126605;-0.22632765567202162;-0.31633931450740976;0.20451241145269217;-0.012063445300106534;-0.19975489421314746;0.10490709601850838;0.02913955268150393;-0.12466542667425759;0.6168752297522299;-0.7771251394146625;-0.6038152930965779;0.5479380204545007;-0.22461478519615505;-0.3742979540578672;0.0897325580092208;0.046169410360733416;-0.21103648853844903;-0.0688171664670093;0.05346846075097125;-0.051727450380160675;1.0096136810184242;-0.6782359468773511;-0.5315173566144508;0.5145681346918966;-0.15005042357616288;-0.3109286652549768;-0.03770858123231157;0.054011992492227504;-0.17274480337822118;-0.14671574242648783;0.04884030105164815;-0.06635646614777066;1.3168104853365408;-0.587162851557317;-0.4118115018285133;0.37477418996846157;-0.11376198253100998;-0.23717287152864333;-0.061855572227047476;0.004283262046388318;-0.1392413102640605;-0.1422791720061732;0.01984903607237957;52.350298315718554;23.66164169502103;3.2883455872161953;53.50062491562206;16.70034029169629;10.544024387384981;45.96836603663611;36.131327274492065;31.728410134012993;45.08905316055875;54.95744599783866;32.88185670746847;44.24254314023928;57.91599373174783;31.291778718175998;48.88697131232165;29.489594628721072;18.22150562681372;9.85268619688026
0.992522461548644;0.4243842500814562;-0.10487987003290468;-0.16761137379632476;0.3772933126115891;0.4192531559639813;-0.16674516658904673;0.24518538751369273;0.5366910970792906;-0.09301085634882507;0.14929994047084577;0.4982775516843277;-0.06546394475963128;0.4934198617300105;0.19029550429051031;-0.8481004130770133;0.44327448885894627;0.9022801232295374;-0.20387343970568966;0.23444620431662905;0.446997053434663;0.06316323656990616;0.06955886809586946;0.14555561529833347;0.11122351415623245;0.22698670471371402;0.5437498942195987;-0.8079684946948021;0.5246297044237956;0.9530286599299455;-0.218173890610539;0.2769688878956573;0.2649286249907688;0.14630214526070878;0.06778453822082725;-0.06128019482452322;0.16406850245027033;0.023410972018462494;0.909394613666932;-0.7399819888475111;0.4697456606204442;0.9455889032935985;-0.15910334507599594;0.26443280964276655;0.14396968895815657;0.1878489108589213;0.08533595876954435;-0.15672345096464455;0.19272962720349254;-0.125279551928064;1.2177927548624954;-0.675215971836481;0.31344647123162506;0.8635843039200158;-0.12145154933054012;0.2367070901246712;0.15750275577220782;0.08417203398778655;0.11933725898393654;-0.15038293482857096;0.12091352089597054;58.447057590232845;18.573483016435716;7.996631214505923;56.66921936910171;18.657755472615023;27.521838170402017;42.8409246290893;36.507699152681404;69.84777493418703;37.8537847223896;52.54013565642894;67.14316290335576;32.35962515993233;43.29709021282847;77.34397611719906;44.87671455609283;25.685777977922967;20.599395825315593;11.91087774588192;0.9934537781189264;-0.35084905278555123;-0.18936094656476196;-0.2435458198014479;-0.36691952437877606;0.23496286847074904;-0.20675975155570955;-0.2969632982766817;0.4050340295257362;-0.1267319915745551;-0.23664127670785343;0.28372887758216325;-0.11448903236187188;-0.3179785865208237;0.1679338639277854;-0.8363996362725327;-0.5613310653544057;0.5417870433045251;-0.2256872181588982;-0.3232514680388614;0.22259515716290848;-0.02222073358554457;-0.21456174910716844;0.11970420270707552;0.01965653625823231;-0.14137663815312734;0.6359656557322133;-0.7586569257006857;-0.5705643271883579;0.6157639085927957;-0.22766343234610253;-0.38124504440283996;0.12082517689324937;0.032462188301955554;-0.22628147778948332;-0.04868393265768209;0.0436716251516503;-0.06768926771006858;1.0256942142958585;-0.6582949022850184;-0.5120135047256952;0.5864499252784617;-0.1602251410859994;-0.3232177340598979;-0.027191452479366142;0.03744152556031685;-0.1855781083966173;-0.14476712838657993;0.03959796094776099;-0.08274388889449509;1.3143824764922387;-0.5654481941369279;-0.40442331950216176;0.4152118048216364;-0.12055263641102833;-0.24580679513136583;-0.052841544583808395;-0.003653383739043001;-0.15127193660892077;-0.13710083430072054;0.013994472392758025;53.31804625317392;22.773202969770406;4.606251484569564;51.70164368462837;15.88463299195883;9.493162197892218;42.13709041579923;35.38522702005106;30.05467223642659;40.14404299682346;56.418846444333134;32.94099577732669;40.27459002978689;58.441786411941784;30.408357276341313;48.207376081098296;30.27041798438151;17.94061986792581;9.400897617295167
0.9936130776069272;0.4285568521625145;-0.11685831719092157;-0.17605957515576984;0.382233482248023;0.400603268743408;-0.16510004197388742;0.24779614593602128;0.5335838176180598;-0.09146766889152667;0.15952736313428623;0.495526431822212;-0.06427715383243215;0.4769849790265383;0.19558133046557885;-0.8385094629316662;0.4609412307796203;0.9171077539850168;-0.20314167460290647;0.24114797059644547;0.4426980356070365;0.06022487302133476;0.08689840080043454;0.15580115297274807;0.10744054017376937;0.21410981487353145;0.5718444369540766;-0.7919286123758235;0.5381377684140854;0.9491572857278322;-0.2145566014848929;0.28086816615346555;0.2510687903196722;0.14711481406438606;0.07730506895384064;-0.06488617821059485;0.16392295415935312;0.01931215452831248;0.9480995060342189;-0.7198022049338577;0.4846685811525514;0.9383640292541279;-0.15715039551461862;0.2671428734386869;0.12976419695995403;0.191153262188949;0.09082633589559318;-0.16268952493464547;0.1957946003301299;-0.11700849122807157;1.2548831686280064;-0.652656689601308;0.3172289641074921;0.8582955500316478;-0.11992227880578066;0.2391313430318824;0.15186227580872783;0.08538409009003477;0.12651954122904366;-0.15038687492632397;0.12203641155513022;58.05836596462147;19.847782742072447;7.224271908191839;56.42543749724668;18.10579123695443;24.252049189423648;41.881798507701625;37.27042070820736;67.70400525699581;37.23153333463035;54.087604070621445;64.84401720223238;31.382044081045574;44.13562128666367;74.89426689136671;45.579772041034325;26.873706883613917;20.33605680318833;11.245285418450813;0.9958484098012989;-0.3540529706145444;-0.19656466241579051;-0.25289832839006066;-0.3845712419030365;0.24207081482633405;-0.20043667948758176;-0.3244394138913161;0.4023106525242123;-0.1179338027062749;-0.2693593864656019;0.25428472870161606;-0.10516688827892706;-0.35471151110501814;0.19238163437455305;-0.8129836430634271;-0.5041223202206181;0.5338293717937248;-0.2148556261777611;-0.32522600324677964;0.2383177127208461;-0.026798139752827427;-0.23001792320840653;0.13710604177614633;0.012238537939488047;-0.17258287523775073;0.6620109248936403;-0.7293536086810963;-0.5152890908783153;0.6884036064552747;-0.22331572910028044;-0.37780727646159046;0.1508832241796522;0.022515583625850065;-0.23616665664371458;-0.02417992191411465;0.036456241106892405;-0.10034284610494373;1.0357251766044084;-0.6237601085299533;-0.4788102516499549;0.6666440961996983;-0.16692793665316594;-0.3304149554852975;-0.01987872129228888;0.023353350105333428;-0.19593342347618659;-0.1412116349690718;0.032591570447498865;-0.11380244254735843;1.287692218508557;-0.5254080236646207;-0.38763530903823235;0.45704453510621285;-0.12538609708602133;-0.2506613899404683;-0.0432051452075413;-0.010445825564212134;-0.16237306334251683;-0.12910668322998664;0.009037877392382146;54.03337030735786;21.00157054140761;8.095800606863154;48.92885143813218;16.154774771219856;8.409288455223683;37.21249740460366;35.819033752006355;28.010958159453622;33.980236137188825;59.5020513497853;32.36501946122169;35.1548953752017;59.66193772959982;29.10704925144627;47.389173240833095;30.562516474175077;17.36377069171465;8.831895941152851
0.9947036936652108;0.4323210382952209;-0.12908145850473846;-0.18456116914878865;0.3868494067107677;0.3808309426914551;-0.16319074508960552;0.25017726097432513;0.5296953376467034;-0.08975737612090179;0.16988765885038956;0.4920542486827672;-0.06296957131896264;0.4594031908788355;0.2007918342523184;-0.8275362493311049;0.47860155158044176;0.9312551073340309;-0.20212731725792388;0.24776292393231536;0.4376943536364053;0.05711334540386807;0.10469684470027547;0.16618490138316122;0.1033965651727056;0.2005374673832261;0.6001339015531798;-0.7743539399926107;0.5514045646974901;0.9439506750011167;-0.21054741656216008;0.2845380284446155;0.2364341721269026;0.1477669280309694;0.08703990699685693;-0.06852801296884524;0.16356398520147775;0.015054131455055774;0.9868689207905103;-0.6980434584218661;0.4994647600380802;0.9297075109655668;-0.15493328147136545;0.2696019311257548;0.1149269641217301;0.19432284583595621;0.09638144061277264;-0.16864448366913384;0.19871103595692385;-0.10831684078694777;1.2915946050180602;-0.6285257528271847;0.32073192540933276;0.8517406542165987;-0.11819014321139301;0.24133085531189627;0.1458432455384411;0.08652727967924452;0.13377669139723924;-0.15019953292627874;0.12304085621822602;57.56473304641454;21.222928797044467;6.436501505341396;56.19005400548493;17.556395142752052;21.437999725641212;41.007858232479315;38.108592129086404;65.42155665612049;36.75379870856492;55.696065650533896;62.435693116990294;30.453206070259682;45.0050989604778;72.40293193155927;46.37366160231263;28.11016839507001;20.024189854249574;10.585727437807355;0.9982430414836712;-0.35640210727172267;-0.2033934744619338;-0.26177003721296027;-0.4015548341539174;0.24868466893140523;-0.19348022233627898;-0.35158305103369764;0.3984990793969758;-0.1086696600303451;-0.3019834487498366;0.22364350095181337;-0.09540211040571056;-0.39120388894966973;0.21678207171050323;-0.7870395803820154;-0.44456174691610206;0.5243479636898715;-0.20327061854699785;-0.3263975616226052;0.25371411285049306;-0.03139048077970177;-0.24516446610780557;0.1544737520190994;0.004652687989258473;-0.20391702436568152;0.6868263235624115;-0.6976298792594737;-0.45766872931924124;0.7606012751336116;-0.21831188899974646;-0.37333142014646337;0.18110408725498042;0.012328156337711655;-0.24562399724845285;0.0008366284178642497;0.029014233432807096;-0.1333373406752525;1.0432677088918783;-0.5869812844430743;-0.4437614736324904;0.7465911656106359;-0.17332310432829434;-0.3368917516009645;-0.012380356669719707;0.008946108782317311;-0.20597335910716766;-0.1372264282791412;0.025372368392922253;-0.14513787884667373;1.2571887513585616;-0.48327648678508134;-0.3695386025267557;0.498466331456477;-0.1299847890440114;-0.2549583299546875;-0.03328023209705842;-0.017336090179483916;-0.1732591142103391;-0.12063251692355569;0.003966906517117692;54.80766289608462;19.297305111940673;12.053024044861232;46.3944208381626;16.80432952569506;7.713341239474749;32.84156858789705;36.27760208261414;26.094162888469718;28.234832058525146;62.32805633897387;31.790319000893458;30.086495412687796;60.72943471137126;27.834864364071496;46.84747093480563;30.780338766688374;16.77161163815289;8.28930228637149
0.994553762777134;0.4169078154281766;-0.10460630875266111;-0.1938617779095138;0.3712881237156512;0.3674575496244444;-0.16736146022645385;0.2383794787025258;0.5171296611989101;-0.09238795715033739;0.1538032289597956;0.48437421028228145;-0.06505290440538312;0.43141061546477644;0.21441954865220175;-0.8368617630440934;0.4627379299410932;0.8862234875752387;-0.19771028165210303;0.24054628339817336;0.4137639198448342;0.06516309937215799;0.10339408634333044;0.14985027987377822;0.10768784399430634;0.1812276125598123;0.6021736956088879;-0.777523885654071;0.5332598782293019;0.9012792722304257;-0.20956335052020927;0.27937643943169926;0.21858403515187175;0.1556880809514032;0.09008330294806907;-0.06710669662680854;0.16868402199955307;0.005371266492054271;0.974537866529338;-0.6960228730381627;0.47860717193150293;0.8910651428667407;-0.1576525267124527;0.2641759054880156;0.09628374149212673;0.20052487040462952;0.09478866445987362;-0.17292753554997894;0.20318727128356093;-0.10768284056477379;1.2553945680535301;-0.6223739084628327;0.2980057799804345;0.8165595148990945;-0.12177810084883067;0.2342419805106282;0.13711217148336446;0.08593892738684171;0.12965299411032463;-0.14546225593779355;0.12237918195977698;54.8795777447458;21.708438338415682;7.314430358274749;55.66114798902208;19.11560082821403;23.22458431324021;41.302321772086756;40.76338055567147;62.08025413693731;36.87555376981637;59.27639480252845;59.83659164989751;29.94763588754164;46.72484216794466;71.3558979896154;45.40666569029484;27.31141080993348;19.485782041965976;10.26969921267111;0.996998774556994;-0.33201819069251776;-0.203375246349107;-0.27335059718412646;-0.3738741335777299;0.21466312235995633;-0.19546601495500823;-0.34280256044463175;0.31607012726923583;-0.11030337123980376;-0.2960714577695616;0.12710585430706406;-0.09670794517593048;-0.3659203396767975;0.292562826304235;-0.7585036082840978;-0.397544372510869;0.5692485502871899;-0.1898448739234401;-0.30376866625096144;0.23658125753835543;-0.029223282458265828;-0.2311822740005768;0.13174476796726026;0.005452612250079231;-0.19735633005058748;0.7303930152525098;-0.6538933569469189;-0.4535668103491951;0.6800547045817958;-0.19625266579096556;-0.3294448843451053;0.06800802304556725;0.023847272401708447;-0.1983181844375906;-0.07423631141693854;0.03819595688178375;-0.1345891003252463;1.0499773238756545;-0.5312145859774814;-0.44524469493628877;0.630475479607604;-0.1495670054535433;-0.28640725088713237;-0.08751990445073647;0.02683507413364368;-0.15752510684817933;-0.17995004739069329;0.037213024528616266;-0.14087435821135727;1.239654426339043;-0.41905969908753654;-0.3622476943670468;0.40867247240121524;-0.11551714018424301;-0.22596706770059627;-0.07758395849065565;-0.010343398339001782;-0.14129292838592628;-0.1357123831357692;0.009863258172496848;53.51329765004933;16.405443057086448;19.074750757460375;44.71678995674032;20.119425507005676;9.905067621701988;31.789983875116317;47.6467844885427;32.5045940864845;30.615363793654968;73.1993289968279;31.780649315159195;34.416886960883524;67.37840132332455;25.458002466862553;50.57820298974044;28.715454613148054;15.588212460318987;8.117608537045454
0.9941574103809098;0.39922919414184443;-0.0755155571748625;-0.20242911216372064;0.35330105041204873;0.3563758039049428;-0.17224134804158037;0.2249598666173485;0.5039598349080727;-0.09556259462556162;0.13423450539084453;0.47648629901495965;-0.0675604239365333;0.40389705847106044;0.22832935962537151;-0.8488991253809365;0.4419861212056345;0.834072089798521;-0.19301182328531222;0.2313608872747321;0.38837856424392386;0.07453861002713037;0.09865196412265455;0.13000417175096995;0.11310895643995783;0.16254357336766198;0.5990312354639533;-0.7840543129754477;0.510804700948397;0.8552867351091522;-0.20917545434808876;0.27297669089874893;0.20168594178149016;0.16420490981903121;0.09159499709735561;-0.06486044376094645;0.17431672719186642;-0.004447844021209616;0.953627896694631;-0.6976618596465615;0.45291141564404946;0.8501255071249985;-0.16100200492538685;0.2577140724092606;0.0785843890621696;0.20668255796641616;0.09199419113444675;-0.17647539005067978;0.20750097907254825;-0.10856879943576478;1.2086545178956516;-0.6199447473672591;0.2723952303122131;0.779040421430389;-0.12599813285060293;0.22601425090044722;0.12862880534014026;0.08506222677246655;0.12376345422444286;-0.1402729589076639;0.121438917618671;51.780823826903074;21.995411738027485;8.475434499701924;55.13588833720634;21.111857855406054;26.032105678112526;41.75518477769178;43.67504147187845;58.755281920106405;37.04725438310084;63.05908467376461;57.31222458177099;29.50385588340253;48.60197379098951;70.61038520030033;44.00990635532674;26.201777119641374;18.952551749220323;10.01982653625891;0.9950316789732728;-0.30450293879819135;-0.20148068155628415;-0.28324488874676174;-0.34009293219934245;0.17647907939813884;-0.19819654089248634;-0.32748003698034356;0.22775509388413873;-0.11334481219938786;-0.2829829592730255;0.02913154948968728;-0.09953267419074537;-0.3312408973433201;0.3681435016270688;-0.7302313261622279;-0.35671224616406094;0.6170264119470128;-0.17697114905013778;-0.27842787451633944;0.2147839420073651;-0.02599622532342115;-0.2128096513239639;0.10396110789350178;0.007642862715439125;-0.1841242147391806;0.7701052668703475;-0.6107668552608524;-0.4580108786033399;0.579006578560013;-0.1729690822331276;-0.282341243727393;-0.058312274619294176;0.037883058280336133;-0.1455011312557136;-0.15858697071879105;0.049200708375781756;-0.129601277189751;1.0524045192258995;-0.47654653298804817;-0.45164750599245634;0.4902414359510684;-0.12258823735034433;-0.23044544375943243;-0.16877176307025823;0.04841294807920097;-0.10351635534457972;-0.22567936727912763;0.05101903049672689;-0.13027599417432506;1.222385620978786;-0.35669026089193234;-0.3565277507449754;0.30412392363934937;-0.09888238005695578;-0.19352890516898574;-0.12639022793339505;-0.0016168643242537402;-0.10477667217342428;-0.15288179224902812;0.017029737487886935;51.48341232031391;13.378728856299524;27.768458942178313;42.91324104671518;24.05738160192348;13.09769749154481;33.006945127191045;66.19289837701041;35.608614250871845;36.55792646534704;85.49980884620835;28.699764768820273;42.293471478421154;73.88952661454135;23.09987938550109;55.058043415432635;26.371400377962754;14.5207217748144;8.067805749629763
0.9937610579846856;0.38300888986706555;-0.04902732382766041;-0.21015162790282063;0.33681618847008954;0.3461711797252837;-0.17662017258844717;0.21267448276264322;0.49180434567068776;-0.09841701457379973;0.11638733612353326;0.46914499436470397;-0.069817779238025;0.37872894900203585;0.24090253139829848;-0.8595525946083777;0.4229554316542286;0.7863425496535216;-0.1886706280142992;0.22292485104227136;0.3651517489351973;0.08304087906808096;0.09430396468292876;0.11190616007618177;0.11800072260400038;0.1454912671918733;0.5959638021037142;-0.789721113908567;0.4902005672624177;0.8131520947412351;-0.20874964839293939;0.26706005409079464;0.18624453659324436;0.1718948172945795;0.09293813372666034;-0.06279455506114995;0.1793796149605692;-0.013378074432521427;0.9342748716624525;-0.6989093819806861;0.4293797399279186;0.812588950284463;-0.16399263960869315;0.2517462852727016;0.06245707195711286;0.2122116971474086;0.08942015870875669;-0.1796410769401885;0.21135248887922048;-0.10933682625721033;1.1657166563158536;-0.6175188590994706;0.24900402759267024;0.744640096311;-0.12979286132364634;0.21845120420927833;0.12086719260796508;0.0842350806545621;0.11836296720546005;-0.135503676815757;0.12054126322853584;48.72220982432957;22.272395443803852;9.580474147777837;54.6662408342907;23.125913195325605;28.958145566409964;42.14691602909335;46.47930616033646;55.64197118393023;37.16821236118231;66.64169497033018;54.91264783014884;29.043724556408943;50.46964609077839;69.87616831926411;42.5822588784103;25.189551346938796;18.46186412728209;9.769173018562062;0.9930645833895512;-0.279321933752435;-0.1992057429032455;-0.2911225408788198;-0.30927872445319493;0.14227203795346138;-0.20001074174224684;-0.3129840516683052;0.14917919484324832;-0.11568758436855692;-0.2705907489951215;-0.057368371727533986;-0.10172571052125529;-0.2996609821926176;0.43370156184490655;-0.7031064874742068;-0.3196293586655264;0.6573165631743252;-0.1650861423341848;-0.25524288803554857;0.1949150501781807;-0.02307206048547236;-0.19596723079112702;0.0791445014027006;0.009551737311192361;-0.17190166874460241;0.802822750565671;-0.570898806669791;-0.4605576064876049;0.4881472967630878;-0.15191465500511117;-0.23994985812340425;-0.16955103128601356;0.05014895954776025;-0.09848074282009073;-0.23250824517199659;0.05875933503766391;-0.12481356952797727;1.0513906605581902;-0.4269012542073974;-0.4559409047364329;0.36508654747696706;-0.09842570390766771;-0.18039678191542086;-0.23992938934285002;0.06729935037232243;-0.055570749099892396;-0.26533579928200474;0.06304289198806465;-0.12053780924535441;1.2034905127027582;-0.3006116926240726;-0.35041409671578794;0.21100126765912083;-0.08391424296194802;-0.16433857937542265;-0.1690581296023959;0.0060847195020644965;-0.0722555370391197;-0.16756681205736898;0.02329947086066525;49.11960921688438;12.003949199712041;35.31403085519153;41.00448407908142;27.75348686958418;16.760762864411248;35.84229734468392;84.36830068769268;31.337695362068345;44.44311444691886;93.76602739028826;24.473812776290178;51.858882517567956;77.44669254719719;21.585696447661938;59.27915976178444;24.271731377777414;13.671335308321883;8.064037901988167
0.9938117351540764;0.3802960492621016;-0.04539588382358156;-0.2126192800083127;0.34505422397934044;0.3444904969944641;-0.17374680175251062;0.21829020603691776;0.4899963641959441;-0.0961978435649511;0.11917920677698139;0.4692504479815714;-0.0667723196064936;0.3765244536798628;0.24793745211746804;-0.8491531037465474;0.4384147691027406;0.7797803168656877;-0.19131665776591544;0.22526232607114735;0.3645211753935211;0.07670183973247259;0.0993705695955605;0.11751272765585666;0.11277138637021333;0.14186427264656482;0.612056879969993;-0.7779851565601098;0.5021864683547552;0.8091268690671002;-0.21244102387139568;0.27445123714516095;0.20004555555386577;0.16506611273992797;0.10065305454729834;-0.0492818904262201;0.17404151803115164;-0.01598883578842683;0.9532884483754667;-0.6873891261574276;0.435319766025101;0.8154350721430508;-0.17109807014665165;0.25553781720491975;0.06734212298677336;0.20598460958710718;0.09483027883973665;-0.17718588647137312;0.2092823974147811;-0.10827776680846724;1.1834621307084476;-0.6062331379753285;0.2452489444026068;0.7485426431640336;-0.13286663387432585;0.21938335490087454;0.12543417591185496;0.08124409261159336;0.12171605654363511;-0.13240514106419352;0.11881147078932185;47.72566030690202;22.3831431346237;9.91459261429726;53.68445718933365;22.344232249597997;27.200205460537987;41.41246841244538;44.09170634520107;53.50083300211753;36.518124962055836;65.44156922533;55.25273176737195;28.125756216272197;49.787804870739144;69.81080236480626;42.10029997647057;25.769535463021285;18.293593834151306;9.486788061499851;0.9945677915402628;-0.2818679553704622;-0.192326262371928;-0.2881936053038647;-0.28833290587816635;0.14639680819111256;-0.1891888119101005;-0.27665544189916014;0.20098664326713847;-0.10330203197636686;-0.2495609344895816;0.007333568361702758;-0.0851416166103407;-0.28109001737470807;0.44454935233367415;-0.6910584646864856;-0.35228711952552605;0.5964332567562217;-0.14345651256988126;-0.24518635920101703;0.13488360312737596;0.005302534564792603;-0.17234624998762402;0.027475813480611032;0.02756234144159505;-0.16323751896302463;0.8145574442764488;-0.5566414307043772;-0.48511624880316473;0.42624312346438653;-0.13586457139788496;-0.2029572049113977;-0.20689196408022376;0.06563534516165309;-0.06218456973467222;-0.23149146802441004;0.06698088821762958;-0.1300622461380882;1.060402151445844;-0.4102734584398289;-0.4647643990041216;0.29341263922057675;-0.08488557330072836;-0.15247653032552158;-0.25797974422815967;0.0742973026969498;-0.03215536433721495;-0.2519449955847507;0.062328254210474346;-0.13642349703296644;1.2028887963845154;-0.28172865009439524;-0.3557103621132819;0.1494571821512562;-0.07642845334322905;-0.13897795052574619;-0.18185103154260782;0.005993183972072226;-0.04734602794329207;-0.15913605555554597;0.020018274856193643;49.96521754151732;15.859962351390399;32.68152599958813;41.04881513054716;32.99350490363061;21.18895856374928;40.47089585697953;89.60437443280331;28.63632232543825;50.31698751757353;93.71836603384784;22.624507503563038;59.26720323201921;75.99173134714007;21.440506544561067;60.17967171225114;24.112843104589075;13.37790278829353;7.923196454532353
0.9939405072912012;0.37956467274309535;-0.045497871326133754;-0.2141880191813063;0.35778557836291436;0.3440038702729646;-0.16937964706959985;0.227159130539983;0.4896098925067276;-0.09293705354529806;0.12560788358383992;0.4703858405910134;-0.06261995595098238;0.3779608303304023;0.25423743508410185;-0.83412126847606;0.4603682821160741;0.7795541999461573;-0.1951967601126188;0.22945258491474002;0.36755485252814146;0.06743711309306057;0.10626421518415946;0.12742916867317403;0.10546720524195277;0.1402902522594781;0.6319353434797755;-0.7622180572395738;0.5201266028485292;0.8110230376046548;-0.2169128004824322;0.2843623748047164;0.21948316982064567;0.1552934757125095;0.1098041212678313;-0.03307929083982705;0.16654077946769494;-0.017633324958653628;0.9793604134171917;-0.6726986023074667;0.44640540051739463;0.8249410075641729;-0.17918017297852815;0.2610643736499416;0.0760636652906203;0.19729810664775577;0.10184064839731544;-0.17353773541029355;0.2059692644946879;-0.10678954469818977;1.2119240695089433;-0.5925083134491728;0.2445545240135039;0.7588370383782749;-0.13589878743698144;0.2217069539272639;0.13229106269109747;0.07768250695102896;0.12668254135734924;-0.12936373672754242;0.11678419360954252;47.101634868518325;22.458238877357513;10.125542741864173;52.56750240512244;21.060202882024598;24.68996006185106;40.51379372581867;40.878363277840556;50.974754744036574;35.779044471491204;63.34260615671984;56.049687489949314;27.12717716570817;48.652798994634416;69.81405763889614;41.781051918813;26.644527175093245;18.147410244360554;9.186971236925283;0.9966772532343964;-0.28887933707345664;-0.18471474279388062;-0.2835386697344709;-0.2689866170139611;0.1566861222804571;-0.17634467980325552;-0.23683402957722274;0.273745680929738;-0.08855528150124499;-0.22715531576324163;0.09632373756233945;-0.06554572098803621;-0.2646226329369061;0.4466189028689309;-0.6814597268286724;-0.39615948124388306;0.5193221438612342;-0.12026953077268285;-0.23724993940646574;0.06841258718616622;0.03776259539549044;-0.14764592337690868;-0.028498578016254456;0.048158542872207936;-0.15515241209901962;0.822946938106791;-0.5465217892092806;-0.5132253429077464;0.36901743108309343;-0.12062615593084343;-0.1668454340785345;-0.23235837462596012;0.08163902761313033;-0.02762001898637218;-0.2184402174783433;0.07498857235201913;-0.13692752768612446;1.0710606897255468;-0.3989689239818194;-0.4743308403498323;0.2303555356179246;-0.07305773816325567;-0.128122396667121;-0.26750168915104566;0.07938620283878377;-0.012687084496776732;-0.23004042091992652;0.059568812380114536;-0.15642921879141405;1.2052694519855072;-0.2688361312580005;-0.3628519213733837;0.09300334785104455;-0.07014904046165303;-0.11424187084747578;-0.18984721566776874;0.004649493001411327;-0.02366552850486095;-0.1469975237046666;0.01520346005116669;51.6525448856695;23.557301531013156;25.355072526371647;42.61189258251773;41.12059708773414;27.769061819733306;45.726511100389175;92.98318573843888;27.298795461693896;56.20841782875287;92.330957465027;21.693664770467528;66.68958538991494;73.86536765816531;22.329163428232313;60.59061959856485;24.257285591983752;13.199620914459356;7.80682613859959
0.9940692794283263;0.3785387533692704;-0.045573007819195946;-0.21567888684101333;0.37083762569774303;0.34325815269224197;-0.16470090422467326;0.23626669486747615;0.4888683130216843;-0.089466752915001;0.1322364872631693;0.4712472408057333;-0.058239254548798844;0.37920041542147864;0.2606428406586219;-0.8178436482925486;0.48298284575773;0.7787800348991729;-0.1991151437624184;0.23367131289794568;0.3704701313429021;0.05771280098716539;0.11339186623944485;0.1376997739702701;0.09776460082837984;0.13854924391150295;0.6522639483801598;-0.7452220129968486;0.5385076213723592;0.8124440589096211;-0.2214342507359222;0.294519141334063;0.23963590276620225;0.14497797983419716;0.11928739271852914;-0.01613150622988223;0.15859070791272434;-0.01933896136235012;1.0059188868073767;-0.6568889072905075;0.4576772009909713;0.8343014556773514;-0.18749894701213504;0.2666571599458461;0.08512154707895149;0.18808818052231094;0.10909327998765668;-0.16960718189666069;0.2023662842991833;-0.1051612784567484;1.2408185771231208;-0.5777627103231283;0.24366037833521148;0.7690667161061348;-0.13897233966923137;0.22398114641424033;0.13936235510434156;0.07390852747108677;0.13178302282402357;-0.12609746469978814;0.11458594245134841;46.50112553720085;22.52363085477997;10.342800934318408;51.40352713250774;19.76970745459739;22.288219614931425;39.654527363307935;37.75580924757838;47.89249585183502;35.09153283654379;61.15591608958831;56.828109153817174;26.12873019897408;47.5103092548539;69.76229831179603;41.460779203370976;27.546328998724526;17.965945818239078;8.87437154290902;0.99878671492853;-0.29573116605571537;-0.17716008128078653;-0.2788786797550766;-0.24983166033646378;0.16680368943776414;-0.1636280968241596;-0.19748042242836192;0.34548502358811084;-0.07398157108004354;-0.20499098433695429;0.18412242178215782;-0.04619193730648003;-0.24830978169318893;0.44855698749004963;-0.6718279679340953;-0.43936302767700625;0.44310272453631633;-0.09735905690693199;-0.22936237933732634;0.002798775792272116;0.06978743657712107;-0.12323559229113888;-0.0837310234282914;0.0684729436221105;-0.14713728687625194;0.8310340780307512;-0.5364074756770966;-0.5408453581175305;0.31245730721551696;-0.10555975099648592;-0.13116907919263818;-0.2574360000229705;0.0974134204646342;0.00649693307595767;-0.2055094080406332;0.08287355689166298;-0.14367065453425568;1.0813291360189825;-0.387719734222846;-0.4836608645746613;0.16807297903167764;-0.06136821803949463;-0.10405826936163251;-0.2768360934467398;0.0843897183893172;0.006528417972151447;-0.20836987809377225;0.0568317106292339;-0.17613561671404335;1.2073374196634785;-0.2560502015894691;-0.3698149462129428;0.0372693885468591;-0.06393573643164085;-0.08980405577621074;-0.19769403323105295;0.0033223674560044973;-0.0002905757622041455;-0.1349841242480441;0.01044834390721462;53.621175439990566;30.68590233407357;18.063762356782252;45.62547627895553;51.03582604178965;33.42965497258432;51.32423746612954;95.8773867830518;27.18563142925776;62.56998645626129;90.49802935807371;21.571748983279353;74.39211100885895;71.76329721869021;24.53473184099923;61.06112844316808;24.392479813843934;13.061393040164406;7.747108158994913
0.9935964866615756;0.3710224717495231;-0.047978675609643764;-0.21946640719129484;0.362980487044416;0.3387511167099639;-0.1665890722064576;0.2280499865331701;0.4827502316413117;-0.08948996939837627;0.12373616738925951;0.4674002101259345;-0.05804256920933623;0.36347935167915735;0.2571496302143092;-0.8288787236530306;0.47170981780657956;0.7726743774326396;-0.19615850338401636;0.2313433322741225;0.3631492431534294;0.06142284145538586;0.11367064654794644;0.1310719820713935;0.09890622080598786;0.12791172390177533;0.6451195708566225;-0.7532989646788606;0.5266495509691755;0.8063760902346496;-0.21902155020831401;0.29248471324732817;0.23100239324103727;0.14825160657808312;0.11943295713291326;-0.02473634479539891;0.15921864326453036;-0.023016420223279294;0.9942784208164098;-0.6615111066241178;0.44828362322864074;0.8263265910016828;-0.18407243981419388;0.26277982335170774;0.0784457859677321;0.19085158505614497;0.10636068772141241;-0.17329712181843002;0.20180717165592116;-0.10131600531898236;1.2235127309738179;-0.57938545570811;0.23541079840992815;0.7579890192674446;-0.13897263525058146;0.22029148196166387;0.1377651169073404;0.07261817705298096;0.12940666045809035;-0.12236257958862568;0.11224926056372914;46.976192062052746;22.870338204976346;10.689084951924318;52.31911821465925;20.373685634811036;22.97406960471532;40.3657298522188;39.01092161303179;48.958942232679064;35.36863955842093;62.55984649462724;56.470743494791556;25.89204882389841;47.739059379052634;69.59520534751513;41.75678880467267;27.209093189812013;17.87408828443962;8.87448817228935;0.9990662502348568;-0.28460187775599766;-0.19996058478017292;-0.30402726318707707;-0.2585077871813629;0.14529797052462828;-0.18012794323714273;-0.20969783394807326;0.3413792117862479;-0.08396589772283075;-0.2109896889680405;0.18988952941212114;-0.05680657282543064;-0.23540520514648958;0.4112161173575531;-0.7226490720650177;-0.43087518607923225;0.4350011197116979;-0.11489951478385187;-0.24011037420136677;0.010112851272394275;0.05902033740760994;-0.13987180276364614;-0.0797712758790617;0.06193080112331;-0.13820474373830047;0.804320058034316;-0.5779002448969071;-0.5410867501716544;0.31750194681517957;-0.1194273675613774;-0.16117257624198522;-0.24124500471353583;0.09204307786931827;-0.02663870719549365;-0.2005360770456818;0.07845298493261477;-0.14321727219220218;1.0622658736854613;-0.42031838186289217;-0.48688917726186265;0.1784533918931159;-0.07753952924983962;-0.12977757093145934;-0.2624671744881583;0.07762873261020654;-0.023473877547386907;-0.20565157896361994;0.05262673984307799;-0.18449040174288875;1.1906984293111977;-0.28044580492556265;-0.3683393798806665;0.03910385862509963;-0.07944855796902511;-0.11124340496724242;-0.1926651303561626;-0.00358798974532124;-0.028915395168216985;-0.13867429170690532;0.006442841028564281;51.72750624462413;33.13288883390193;16.12334155235561;47.549875275939556;49.031188234284976;31.41816357222071;51.31450544536215;90.11196940952387;24.92429474827423;61.08488901981273;86.27093590018653;19.165551267190477;73.02889468968903;66.41463481945158;18.55726554839754;59.18919563568434;25.354295624895776;14.009191532689181;8.378805872167549
0.9930765585399842;0.36320873469802695;-0.05045592756237003;-0.22322348163131578;0.3537291251353775;0.33404569094771297;-0.16886557129582874;0.21876487788562826;0.476336030887254;-0.08975862533990105;0.11437511459639625;0.4632221368692535;-0.05816149266088115;0.34698172812614275;0.2529652815782432;-0.8413670054028638;0.4581491581599452;0.7662005347023992;-0.19273841661588328;0.22854309313292612;0.3552361647423528;0.06600571122003142;0.11338050723682484;0.12337047377469898;0.10065911660091263;0.11697833378029923;0.6359731558312268;-0.762793690645154;0.5127944108252279;0.7997632595601281;-0.2161132628095619;0.2895150345688077;0.22043201758838865;0.15240490759829736;0.11882139978949988;-0.03496351992387113;0.1604421604781992;-0.02669360408755507;0.9798970705424955;-0.667354350370477;0.43755373700081074;0.8171179862006009;-0.17982858175214067;0.2582582466254666;0.0708017020862621;0.19437929601021128;0.10293901585121337;-0.17738319044988793;0.2014529253157764;-0.09742659169973927;1.2030149593540829;-0.5820564424889318;0.22686132533504505;0.7455123852222444;-0.13869984346384928;0.21623161253202547;0.1355270418316201;0.07155202886100231;0.12651459079396174;-0.11870860031466668;0.10996589631835778;47.51660311809076;23.23810102616605;11.035212258010993;53.351443975405694;21.14695296032208;23.934740887962118;41.16636798163995;40.60587619378969;50.236302077517486;35.721239925392304;64.21581409271981;56.007215366605145;25.724380348443123;48.07407829941864;69.4194698355528;42.059456567898955;26.784753265778534;17.79625538900062;8.905448065393383;0.9992024024597144;-0.27108352718844037;-0.22483374153705438;-0.33092652342441536;-0.2687150702761286;0.12061609777379238;-0.19859354080197258;-0.22550112054970955;0.3302482172599891;-0.09575488841701368;-0.21865372429695962;0.18871077391936214;-0.06973936063317354;-0.22191846861182565;0.36912099958166544;-0.7767052788823441;-0.41694573596321016;0.43087760200249353;-0.13549481570289845;-0.2517452294626501;0.023223478025050766;0.04458227206785573;-0.15952511040661807;-0.0708707920586762;0.05301384518145024;-0.1286844550436919;0.7721715019239851;-0.6222471234538294;-0.5375793036683617;0.32651734896627915;-0.13538603121643944;-0.19622949012755325;-0.2208996278406054;0.08467256397599891;-0.06538640693949614;-0.19553696811100865;0.0727793114548584;-0.14176935210538874;1.0375290139704516;-0.4555187541735563;-0.48823879839191603;0.19414943462991846;-0.09586884219852528;-0.15934058494942868;-0.24528528663264962;0.06963147615307365;-0.05764078067230844;-0.20378467396986397;0.048100276876156464;-0.19150789228869272;1.1688718678489907;-0.3072327833415209;-0.3650946090955294;0.045374758215889974;-0.09662310646458443;-0.1362222938776133;-0.18599375073713104;-0.011010264765133239;-0.06189107464700243;-0.1432351169628416;0.0024290792153903455;49.52167514074302;35.14445859694422;14.463612326437259;49.18757637514183;46.34692821562772;29.210681837889133;50.9244951287585;83.64232244583597;22.27952033524493;58.97892502128195;81.5857204198438;16.774298672471634;70.85611293493832;61.15279625565825;13.348392702215648;56.93014889150833;26.199182213851522;15.039730809385377;9.082371598315932
0.992547486039522;0.3556287649139496;-0.05280650809648383;-0.2268043755976002;0.3447906225538224;0.32944568145502684;-0.17101553861437555;0.20984181627018747;0.47003911458733466;-0.09000496473963321;0.10543238715259522;0.4591045437499851;-0.05827732692851081;0.3310689030815383;0.24890838972836576;-0.8530926450000429;0.4451049000883446;0.7597943460772761;-0.1894133753206209;0.22580172713591584;0.34752112990293943;0.07035509835963405;0.11307207548618883;0.11600590277649715;0.10228869188605219;0.10645052454635774;0.627066481929314;-0.771657898984128;0.49941876349410974;0.7932034990002881;-0.2132678473521229;0.28659419541197817;0.21021371694094176;0.1563080844847598;0.1182013954589905;-0.04476699969531577;0.16153488274547634;-0.030230312117988437;0.9659031187515309;-0.672738417801027;0.42717197748210417;0.8080647893870728;-0.17572179276443495;0.2538839377088228;0.06342047669479185;0.19765380665111615;0.099645717012146;-0.1812621145273882;0.20101274609139502;-0.09368903576448998;1.1831424428708526;-0.5844186565144935;0.21864614370878427;0.7333230338693404;-0.13839371535468936;0.21230411765422869;0.13326952886728122;0.07049123931215308;0.12371426926444808;-0.11523204921191987;0.10771849274482574;48.033870007513656;23.600554098939153;11.36772430667249;54.33122476938691;21.93302446322773;24.91246025955271;41.93327969026989;42.191838965518905;51.37271792075184;36.074131260621556;65.8320762841286;55.530615749170316;25.567887363521148;48.41674830625316;69.24116434776828;42.317852206475095;26.374136488657523;17.723784411164864;8.941942139017222;0.9993348871015144;-0.256661265460491;-0.24914264406587597;-0.3569348094914519;-0.2780902616524789;0.09545982246428278;-0.21651179178912083;-0.24069763711445238;0.31789534258574703;-0.10728186578302497;-0.22575051331307228;0.18680850624206857;-0.08250520856707444;-0.20778767111982202;0.3259057814545353;-0.8285275021290213;-0.40152757547184387;0.4254674643730857;-0.1557756384081291;-0.2626130650116288;0.036356407124035345;0.029869633073475267;-0.17874569805475785;-0.06168807779107399;0.04384418233571078;-0.11890193418442412;0.7375210285082551;-0.6647744448723405;-0.5320644210486705;0.3348922668153332;-0.15112048525438845;-0.23082721425972674;-0.19942257044216288;0.07682566892034946;-0.10415270200327237;-0.1897717701909249;0.0667542708822595;-0.14004630931176285;1.009356293435603;-0.489344682824516;-0.48775285396045936;0.20954460048549875;-0.11407156884312575;-0.18855313136898322;-0.22695696695873963;0.061227042822539976;-0.09183037370122028;-0.20111420938564584;0.043334970793397674;-0.19809253349649264;1.14309303348369;-0.3330256185991285;-0.36050829262793177;0.051755035678228874;-0.11356654884517063;-0.16084299332927995;-0.17851611182765192;-0.018468915962559035;-0.09480707621734602;-0.14722370022672557;-0.0016325328634703346;47.407793826340296;36.937955845431325;12.800314737641692;50.62098522576703;43.96160949688713;27.326436860878133;50.56534010661383;77.3855083028727;19.877316352836004;56.851237293803464;76.77785915046437;14.889469761020322;68.5488343214523;56.426507265059676;10.00351690475695;54.56301066804216;26.826610478238152;16.048045487891752;9.801342882662935
0.9902557392577428;0.3534656127463655;-0.05209829474806707;-0.23663312515198878;0.3451763605563039;0.32741338165786915;-0.17491799197613095;0.21230891800512314;0.4632551761580578;-0.09274798724549653;0.11262410776521796;0.4597347691698928;-0.06179115632547977;0.3218733587684902;0.2513028964442852;-0.8566680956190272;0.4536871748519162;0.7582880549196929;-0.18885049842579316;0.22542579109534058;0.33714445519093444;0.06775639671691122;0.11306967831064103;0.12207704057885398;0.09870159255882129;0.09784338282552488;0.6291713819340847;-0.7710836819648124;0.5012194274376951;0.78946093514457;-0.21208193477653714;0.28606394232408816;0.19982846695294948;0.15139779940316941;0.11764895963685401;-0.051896377698107225;0.15514553059414496;-0.03584969540891487;0.9701724474788;-0.6691009053703276;0.42621044622389;0.8028985717987128;-0.17558109414000353;0.25752079017195184;0.05279691571261876;0.18902393599375447;0.10076293509144602;-0.18545362397115564;0.19201127347954253;-0.09506958185121993;1.1931186651108028;-0.5782939058176834;0.22245156164706167;0.7219794928291972;-0.13696548048177587;0.21476442431085158;0.11754554487414978;0.06621225046476516;0.12350696788979602;-0.1247276490513029;0.10100636522298438;47.647792179302606;23.27576699640588;11.104568049017477;54.46727004650214;21.736909565151226;22.802037987520393;42.29434422888472;42.47232631903718;52.39328236013277;36.1758051106744;66.61873740913067;55.40644226294926;25.7234563731381;50.61106014552492;68.82700857979478;41.75460598164236;26.383475824379683;17.76838076601536;9.035265176769183;0.998760406904954;-0.24609097448698775;-0.2703822173315743;-0.3781123270906645;-0.27632200390915085;0.07974624059304442;-0.22647188800742202;-0.25556668957330747;0.28127330982280624;-0.1120233745774865;-0.24530303923483301;0.16030919863188275;-0.0898678837382965;-0.2177382434203282;0.3360431386487483;-0.8523867999946322;-0.3655369225459649;0.43468974272219046;-0.1726202846004268;-0.26303637020923004;0.05234176000684066;0.0059590299131645616;-0.1873636275616574;-0.0509728374527389;0.028245948682304657;-0.1460870999382694;0.720341728674548;-0.6780607297003638;-0.4668021405152434;0.4037544291375357;-0.1857552672378398;-0.2537440887740564;-0.11699500289825811;0.03706235250497508;-0.1404819097879385;-0.159744943317803;0.043534566159702075;-0.17129417248174292;0.9694629065573239;-0.49059759090610155;-0.42546203577639724;0.2641930612274419;-0.14369189758105594;-0.211263643118627;-0.15560289856346024;0.025876494511802416;-0.1250529364758358;-0.16835058377398257;0.026842434387658324;-0.22734559170219756;1.081765937138259;-0.32065294885632906;-0.3204590797786636;0.09833802756459838;-0.12391185630555121;-0.16915714611856383;-0.13547737819241848;-0.030780711239247267;-0.11503121338833709;-0.12192022977259978;-0.00872144750900465;46.68952941845257;35.26597047865028;13.969613423544649;48.173552674187114;42.24992064621328;27.27755994594272;41.195998400200274;69.26287423343456;23.914265877170966;45.80606001003065;70.85265355063615;16.993485014559944;57.83638407301639;55.15244835303658;9.434812120450562;54.87086458991501;25.239791254008054;16.246589915661804;10.454389754621808
0.9879639924759638;0.35126409195617175;-0.05138257192131589;-0.24648988856314855;0.34553652591273143;0.32534540509088294;-0.17882513895619584;0.21477090913858327;0.4564021469486969;-0.095496707087401;0.11984113199098828;0.460331489413391;-0.06531681181924573;0.3126084664175689;0.2536888504568309;-0.8601925467472185;0.46227429211675636;0.7567143772403416;-0.1882699450187403;0.22503016440508722;0.32669159529202196;0.06513993977169313;0.11305829116269607;0.1281673951760119;0.09508957393048419;0.08918748463884948;0.6312363446221063;-0.7704455008707083;0.5029888656186086;0.7856378603399315;-0.2108735340633471;0.28550844862125013;0.1893778948337618;0.14645210958076574;0.11708455094408463;-0.05905558466481377;0.14871343282544366;-0.041492991331358454;0.9743850678716328;-0.6653929397070798;0.4252104919606236;0.7976439968125927;-0.17542578309289855;0.26115451220411134;0.042118573145937845;0.1803379602350103;0.10187747202258177;-0.18965036690484455;0.18295168899096595;-0.0964491528447588;1.2030476515408417;-0.5720940684616809;0.2262574366113467;0.7105246037008334;-0.13551956833302542;0.21721939302290125;0.10173734969984023;0.06190762744687614;0.12328887199729986;-0.1342585624080412;0.09425425408033765;47.26841689539162;22.93934793329605;10.862836040093576;54.624813953020606;21.539137102815566;20.78527871131027;42.66632682860561;42.789678183305284;53.42142872634047;36.283995989255594;67.45883775359225;55.20742349276366;25.911876676730987;52.979093315436494;68.10478441493085;41.20811926339629;26.392785904621874;17.81592245143203;9.133500559325;0.9981859267083938;-0.23562205647189174;-0.2905418478101445;-0.3980887346058757;-0.27430130714673717;0.06451110489072591;-0.23581136157765736;-0.26960377959819437;0.24565703109316964;-0.11646461108665886;-0.2638655291306702;0.1345871541098303;-0.09686061978657598;-0.22707854384912163;0.3454279185690823;-0.8744044038474371;-0.3304325946846592;0.4430796150002498;-0.18865635440188477;-0.2631429863341591;0.06768748938345194;-0.017091355258682987;-0.1954544071118849;-0.0405877570720104;0.013180978110791728;-0.17211911893773807;0.7029601470433487;-0.6900884295254416;-0.4033716196731896;0.46965696778828997;-0.21892132039283838;-0.2755392592507591;-0.03742238694582965;-0.001301528376077893;-0.1753328115585675;-0.13062394063147795;0.021106978899114504;-0.20121268994718242;0.9299054969397612;-0.4912430286723479;-0.36494258627539666;0.31655719865292326;-0.172073519827423;-0.23290860030821853;-0.08665800534154088;-0.008221819058493632;-0.15692752190873357;-0.13658216519289088;0.010917198104219213;-0.25527742617709154;1.021423389477608;-0.3083615902736928;-0.2814950052231587;0.143119172165579;-0.1337400672333457;-0.1769760221563514;-0.09384410703370265;-0.04261079404648295;-0.13439020236101706;-0.0973946381308884;-0.01554331293818197;45.86835806366792;33.53749475295036;14.57408829389767;45.90794625602315;40.90837421700896;27.15941656600876;33.01200742710877;59.07043383591326;29.481214967475196;34.54035671448969;62.44848202876622;21.192777878965384;46.43593951785466;53.186015844516746;10.331443790121213;55.239692294370265;23.744506242123933;16.37656286317199;11.11280221556418
0.9856766512411176;0.34903625406560446;-0.05069349655943641;-0.25635591439747923;0.345904965338074;0.3232413938070524;-0.18272699455360836;0.21724755594920137;0.4495174245761793;-0.09824129360718062;0.12707616951082845;0.46090406348551277;-0.0688380011135231;0.30334357544401974;0.25599452550227736;-0.8636799027805837;0.47085826793119745;0.7551192542843977;-0.18767853386040687;0.224640140939989;0.31620563527245127;0.06252367767323566;0.11305129551693893;0.13424311528871302;0.0914736350232498;0.0805305360785572;0.6332269581967901;-0.7697651928814013;0.5047622687784565;0.7817830256122331;-0.20964563637069425;0.28493784499974445;0.17890842331755408;0.14150011589128267;0.11650983422102426;-0.06622146786831279;0.14226907022447152;-0.047135061658042585;0.9785401381299139;-0.6616429908045349;0.42422028361175185;0.7923327450385951;-0.17527059422755734;0.26479267500950954;0.03142725976370315;0.1716231821449935;0.10300269029999345;-0.19383479432836181;0.17386593546294088;-0.09782425758453886;1.2129495239183796;-0.5658516736596558;0.23008108389857737;0.6990084676958742;-0.13407580110092593;0.21967593002168015;0.0858948099154461;0.05758827568108191;0.12307533079509414;-0.14379881668650532;0.08748431283274846;46.898478329061156;22.59344529508733;10.644775020326032;54.80626099071489;21.34266523508573;18.90203989831174;43.04963911555943;43.14557466552091;54.44509434715907;36.39940070031541;68.34513677228362;54.928596046213194;26.133857050577248;55.50241708543369;67.07211967226218;40.67820513522961;26.404422178179733;17.868067470588535;9.23689376971032;0.9976139515069689;-0.2253764325744931;-0.3095616520688576;-0.41672411581951324;-0.2720890936370149;0.04988166926372882;-0.24444683767581815;-0.28277196545840977;0.21128424036008228;-0.12055835942325546;-0.28137254308767096;0.10974806679021476;-0.10341683755728204;-0.23590241306490514;0.35417030933118615;-0.8943665912584265;-0.2965554995603439;0.45061382536222516;-0.20376968413714422;-0.2629586805218832;0.08224166452445102;-0.03913748905500174;-0.2029760657848282;-0.03063379798546599;-0.0012570786026614943;-0.19698584435844144;0.6857124505233643;-0.7007103626461042;-0.34227307287168857;0.532176820558405;-0.2504098076696037;-0.2960395172693673;0.03870442856591268;-0.03803331517407897;-0.20843480243198811;-0.10264716368022822;-0.00038531689889345156;-0.22974889604370724;0.8911690344076286;-0.49120932266487055;-0.30666134355412655;0.36626276556736803;-0.19902835448953238;-0.25330683664387493;-0.020635242454117263;-0.04084623563969654;-0.1872002057585823;-0.10603622565854101;-0.004329093760191727;-0.2818302311303701;0.9626676966160533;-0.2961663713806107;-0.2439325767810312;0.1857824823752538;-0.14296968438778565;-0.18421424733682634;-0.0539368489141305;-0.05386980635620974;-0.1527096239335001;-0.07381868163536574;-0.022041649143435423;44.991798007058705;31.862938195010656;14.622392001978744;43.8616180982868;39.95140110158291;26.99006228043069;26.72309268311296;50.07319226623991;34.32964322069603;23.619938043711535;54.024562653116895;26.003156613588427;34.97511485726075;50.813393172507524;12.430375604050903;55.655155275966365;22.352918309960813;16.441187770603534;11.76723812403973
0.9850026707409686;0.3511683502195674;-0.06264200870438726;-0.2602471822858229;0.3589722345653432;0.3208922046619766;-0.18333288561123712;0.22735600942605938;0.4559986353165989;-0.0976167156685572;0.13231379776858748;0.4651279265526539;-0.06665462721788987;0.31905301378054285;0.23193800466882195;-0.872885722704635;0.47740368127043786;0.7706394092150057;-0.18961405899511033;0.23366884855968503;0.3208262107380491;0.06634705360305228;0.11804433323765039;0.12834773366944155;0.09534393205061405;0.08880619861330145;0.6227866420185512;-0.7773353572372171;0.5199070331109443;0.7958826566710729;-0.2094689385636253;0.28815198231711076;0.18475090114608267;0.14693209624347747;0.11653033586504431;-0.06547484264896172;0.1465817538370618;-0.04397933958946446;0.983028336892456;-0.6682916945597572;0.4411427216738786;0.7985009337595443;-0.1806205558156115;0.2716535911090364;0.03527514591333868;0.1722799620819382;0.10922427594928301;-0.1919427155352198;0.17584130797481326;-0.09805688083312934;1.2315718266887408;-0.5712573434601725;0.24075553525289603;0.7052092415608907;-0.13989567708523531;0.22498570572681065;0.08711601030271014;0.05693077377923979;0.12857609669235828;-0.14462171594444656;0.0883330948889102;47.5079615568368;23.113299834319555;10.89860309207355;55.96177501037695;21.726333083669953;20.137073596374464;43.62416885922926;42.79566372498355;54.3960026129691;36.75699510463985;67.14455584884614;54.38800219371372;26.344803049877736;55.06133427864877;66.1068255969656;39.857237501614875;27.283721606519162;18.53426850952171;9.525661160073195;0.997957286989552;-0.24337140513383104;-0.3003651708510844;-0.3708495783743624;-0.2771526857173538;0.07235032116576909;-0.2134165185610816;-0.27446007830707503;0.2358226684172826;-0.10268217814210409;-0.26918555897154445;0.10471255125045888;-0.08300570229726112;-0.2728170884223175;0.390834417377761;-0.7970809551635617;-0.35643844908152633;0.4296204782664394;-0.17347421801650742;-0.258385197850877;0.04323763073739429;-0.01726799757940801;-0.18810023516174038;-0.05154926655459464;0.01150613127302748;-0.22114215837632828;0.7492760224066038;-0.6242448141836643;-0.41710516725375635;0.4421140131555221;-0.20759878542746024;-0.2469378151215559;-0.06710602681305707;-0.005823430085728007;-0.14699696824466785;-0.143349362162022;0.019962561448113036;-0.24247568214292853;0.9662205948767052;-0.4377323345251965;-0.3751931204257708;0.28332812961588144;-0.15966964582418383;-0.2033102630959772;-0.10970545595186564;-0.006165816189671402;-0.12875135060234685;-0.1382784449195543;0.014143498925961904;-0.2868051336358411;1.0467569160973174;-0.2666943846412775;-0.2915537838430475;0.12345498397513048;-0.11901263251761084;-0.15343699343457937;-0.10953901524730533;-0.03489996494529989;-0.10736242257532058;-0.09774612542925679;-0.009716604861908151;49.26748031310319;31.10407506638918;18.661936067937198;42.003835517761395;42.21412002507295;25.818217265698774;30.556183741865254;63.03792564687161;29.837721158889085;36.44288966120463;66.26754904456871;19.56142507374252;49.68388279245401;56.95233913966263;9.471771810882274;60.55153961809844;23.645494272514515;15.039659113595796;9.984200961700036
0.9843286902408196;0.3532936371068333;-0.07502533716222294;-0.2642205179984889;0.37244292862595574;0.3183748121536342;-0.18391610416864343;0.23778903524540407;0.46261094202229197;-0.0969443639563373;0.13771599893147948;0.4693955348432394;-0.06437241093530852;0.3352753756609786;0.2069171639097057;-0.8822218486941563;0.4840772970035657;0.7865532529814838;-0.19157546931741895;0.24297986339142774;0.3255413053524295;0.07029807143007256;0.12319626689591769;0.12219828125367688;0.09933644145576305;0.09737174457993977;0.6117982084768363;-0.7849978951958997;0.5354935778693419;0.8103161675274646;-0.20923358279876264;0.2914157378944571;0.19076773322388843;0.15253234627501225;0.11652268318883655;-0.06468382220253584;0.15102060528102082;-0.040693753972970044;0.9874416825426179;-0.6750251086003348;0.4585934968602867;0.8047033983963137;-0.18612733290841302;0.27870567627802234;0.0392593109847047;0.17291873137333108;0.11565325373472561;-0.1899316728572938;0.1778474865101106;-0.09827393088698433;1.2505903250226036;-0.5767249582558499;0.25177256643448853;0.7114686779448872;-0.14590019010462393;0.23043976919425133;0.08836161511723387;0.056234356858007;0.13425228157872846;-0.14543973175228483;0.08919194196171291;48.13882883071782;23.637922755617595;11.145086298715626;57.17202229276729;22.13128120022164;21.490875335654163;44.21221451542625;42.45848060218031;54.33583203341106;37.11799430410713;65.94192695157304;53.81710373645902;26.57558087435688;54.61135268758176;65.14113560661778;38.998116788929266;28.166594591156223;19.228201443416907;9.820144342782006;0.9983006224721352;-0.25983430596973667;-0.2870099124966584;-0.3173475346681326;-0.2793573458903227;0.09559974491657285;-0.1776623402749101;-0.26235469238647563;0.25938938015833823;-0.08232041117071681;-0.2529866080350299;0.09809510086088315;-0.06015485285406019;-0.30922336405046635;0.4255989329512561;-0.683496138658399;-0.4164987149956236;0.4021126081351769;-0.13897267666927407;-0.2504752076157201;0.000913908635816955;0.006381681924284274;-0.16996167067320508;-0.07337536005509343;0.025057150832141908;-0.24446996575119032;0.8087121482130106;-0.5349944833157715;-0.49248827289482594;0.3404035536692256;-0.15928086199906621;-0.1914172391862199;-0.1797767007904173;0.028780208148551388;-0.07941220447307448;-0.18532299292715498;0.04154757926274155;-0.25330038207919664;1.0354502120487126;-0.37530067604522116;-0.4443085733334909;0.1911080230919406;-0.11561098277376858;-0.14733778792535313;-0.20393137872259515;0.0310907467214682;-0.06458369409922293;-0.1712401676500746;0.03378551266933539;-0.28880239611236;1.1247398188865125;-0.2319911989433284;-0.3392217546770811;0.05519021427367297;-0.09194087177127563;-0.11865200001817794;-0.16788197146103215;-0.014154187379742758;-0.05749139461784369;-0.12226421300619393;0.0036115280331093583;53.944510317234766;30.082167316578563;22.91303189886813;39.73249013463483;45.90612275960772;24.28898445833457;39.08022608105136;79.97476741364396;23.91527479414051;50.98182775039489;79.53571100727903;15.386974972142953;64.49969835527499;63.87154818877626;11.451805199159715;66.07478400834249;24.403645315227553;13.237838571701868;8.122294818898773
0.9836547097406708;0.3554049691055508;-0.08785769645499156;-0.26827372055271037;0.3863243212647338;0.31567693265082014;-0.1844722406261131;0.24855369355457965;0.4693500369988705;-0.09622062231857695;0.14328601793778029;0.4736992982182108;-0.061986530692527894;0.3520226093487536;0.18089318784790911;-0.8916757492729174;0.4908742838386445;0.8028596203737144;-0.19355995666340411;0.25257862008801585;0.3303479694991336;0.07437996105099205;0.12851042029470305;0.11578320942894271;0.10345363020275015;0.10623572566516572;0.6002299431751262;-0.792740806259133;0.5515273754370892;0.8250797721035954;-0.20893336734410597;0.29472520945022335;0.19696148107440076;0.15830395485903245;0.11648358515504627;-0.06384554228131872;0.15558722472895256;-0.037272827048627985;0.9917581903843898;-0.6818331039288726;0.4765827047702696;0.810925658539677;-0.19179294519870166;0.2859503809054551;0.043383902541342924;0.17353546331608147;0.12229484359090838;-0.18779366686313317;0.1798821084713341;-0.09847292680510032;1.2699948811326016;-0.5822454879863155;0.263139613846587;0.7177749967787772;-0.15209314878272084;0.2360388229032615;0.08963077863718562;0.05549652331431516;0.14010758915968974;-0.1462498474682455;0.09005947502197745;48.78904531092886;24.166633427903697;11.383965772728509;58.43488828400459;22.555424818636446;22.953792947374318;44.814737951828384;42.13426965208571;54.264683160124115;37.48197743940474;64.73798867787379;53.21627902661615;26.826196192983424;54.15258360152136;64.1758262098688;38.10249272344388;29.049159150721838;19.95108628990741;10.120530383245177;0.9986439579547184;-0.2737373780661079;-0.2692903390271476;-0.2571325231055591;-0.27805485028361393;0.11874502146096585;-0.13786731586474005;-0.2462649016581736;0.2807481470474917;-0.0599013994004976;-0.232725009557165;0.08988597851701564;-0.03541227809987268;-0.3434024946779545;0.4565505386811663;-0.5555333140989169;-0.47409633139254187;0.3680615471993532;-0.10099192442308193;-0.2389389370271837;-0.04348382516586189;0.031101099668762504;-0.1487402037687247;-0.09531551484227456;0.03894422019657229;-0.2657712286327247;0.8605804045817002;-0.43447326877616904;-0.5651721000567498;0.2293328935334241;-0.10654777089294032;-0.13071474328730767;-0.2956110436230478;0.0646974945577826;-0.0075069252397441345;-0.22694387739880864;0.06364672853889249;-0.2613750785852273;1.0946553987087744;-0.30497111222719286;-0.5110427539794846;0.0919218446533008;-0.06790972089283784;-0.08673171387388502;-0.30010973091802173;0.06976032344574234;0.003546117702185814;-0.2035922628939104;0.05394741926297839;-0.2871601890034818;1.1919694783994406;-0.19259542031651558;-0.38482315077495194;-0.017114797752413105;-0.06236044943730253;-0.08063691188923217;-0.2268954301781274;0.007785549816600685;-0.0044465687477916365;-0.146394959116184;0.017542333479195805;58.78430934162639;28.862686358838673;27.328239979410554;37.07550994208109;50.82579701423988;22.587087791051747;50.497534606787035;90.22749779013603;21.77744570964237;65.32518824588335;85.89475035373398;16.77608852034949;77.82775287254786;68.51782280876053;18.452028151088093;71.9825736054771;24.427006088595675;11.15011706369179;6.235794597576337
0.9851864214398104;0.35413902516351853;-0.09909605080959946;-0.2530693280064716;0.37655920796629105;0.30258528422322867;-0.17618981260970157;0.24278473836180683;0.4650438399910505;-0.09231556812503189;0.162781705334018;0.45034004956866625;-0.058572467167476897;0.35455723927055977;0.22910333917464562;-0.8441535875028653;0.4786622637547595;0.8243044596211103;-0.1848154548354114;0.25105361413062427;0.3089453545864846;0.07059875929704194;0.12798082406062858;0.08861286528516911;0.10092783474282582;0.12004930871685549;0.6518499308588067;-0.7487855708518788;0.5486158491191566;0.8256192649080605;-0.1799444836400944;0.2638041856971733;0.1216103593905087;0.16919847934352403;0.08196376879464452;-0.1097069929970348;0.1600935766441995;-0.017164738569410237;1.0313997808194342;-0.6427272666076067;0.4812966433205982;0.8130919506473232;-0.16090492695494116;0.25462087191219757;-0.007799083444418828;0.18832476814905877;0.08963252409505575;-0.20918716454579128;0.1837160159253642;-0.07764359671536389;1.2964400546551413;-0.5490316808853999;0.2687202101736703;0.7234853994961821;-0.13358990958643996;0.22455090240559905;0.07139146183158382;0.06471962151578305;0.12673388856991172;-0.1557136457268584;0.09459937138115837;49.86566446928056;24.91537706405715;8.181884694204838;55.83925412631806;22.836658455527697;27.332769059284608;42.836321743199626;50.66287989883209;60.03983123133505;36.71792623664392;73.56553132895588;50.40742897103903;26.260618986504884;57.318091247839675;64.36334939555019;41.30803134673743;29.185704129692056;18.657301635628325;9.273259366001549;0.998695378801126;-0.2820550181210312;-0.2705542033754272;-0.2696597988467551;-0.2930382004232672;0.12639832586234725;-0.15043066955673834;-0.2589687055879345;0.29671042260021036;-0.06767600126317826;-0.23866875530654408;0.10678798949825816;-0.043659861675481436;-0.3237216976667196;0.4228725679767576;-0.6094144696358803;-0.47762532732442914;0.3927831791225129;-0.1126426984697942;-0.2526955745091085;-0.0048623415495463295;0.03140986430915726;-0.16228879848809907;-0.07311562069204501;0.04096529911981266;-0.2405573222834381;0.8417448869900882;-0.48331948018041393;-0.5784534957353652;0.26023691362710816;-0.11284011985962715;-0.16501134625467448;-0.26136343511179955;0.06922039627371922;-0.039216307125642856;-0.21875860542554112;0.06540802170364556;-0.24100724201435855;1.0920808717391437;-0.347320025702534;-0.52400182860124;0.12251748681379741;-0.07323753735582349;-0.11775090901402047;-0.2870606537964775;0.06884934726889907;-0.02066767015171786;-0.21250671510135186;0.05160371690169847;-0.27420702674661324;1.2041824346070757;-0.22839438118024546;-0.3938613364788781;0.003911093870776232;-0.06981455943701714;-0.1055206463502398;-0.22074731516122437;0.0029914892070589945;-0.026266888380609876;-0.15648456090611587;0.013634743516513038;57.90176303002624;28.77817692369448;24.42825317088746;40.058550420538964;43.954128788508825;23.52721752556151;50.159678882824736;84.48164858165114;21.715565916195764;63.324071858388145;82.84814934990466;16.34797872866372;75.1625775964787;65.56571461239332;16.541864153258228;68.43803029209423;25.845820204268083;12.085107592017879;6.7854922055672064
0.9867357375597208;0.35113772397048654;-0.10980576007398102;-0.23653489615815035;0.36481372259454536;0.2879891840053699;-0.1670109288467668;0.235726790189351;0.4584138543179941;-0.08795114787284666;0.18153976125111768;0.4246554849438512;-0.05487802596946868;0.3552542540310403;0.2766505588565432;-0.7922433165481431;0.4640218240155601;0.8417359061892344;-0.17511897610036317;0.2482296634140493;0.28590641099387637;0.06642482176114749;0.12678684688641548;0.06093442169694535;0.09786847529570873;0.1332776034125235;0.7006625275428858;-0.7009344498067056;0.5429079057280608;0.8220501797879745;-0.149947562391297;0.23143106937449298;0.04525583420533652;0.17928102250314945;0.04688068008448831;-0.15526716456168504;0.1638107686559902;0.0030960708422237064;1.0662121789196606;-0.600269374659952;0.48356073335175703;0.8112873625072262;-0.12904334574514328;0.2218497830025227;-0.0592259083083324;0.20227029676154573;0.056324698358383773;-0.22969037255631905;0.18666382785723737;-0.056336313281147486;1.3165883920743098;-0.5129577942820098;0.27293655913632386;0.725674627663006;-0.1143009218278832;0.2118762988048086;0.05270829651009938;0.07368051930548188;0.11263518758576267;-0.1644639452282738;0.09869689547042672;50.98705734380085;25.704943262240604;4.963943306934255;52.94666675069181;23.578922908922213;32.76405769462685;40.87914901034219;62.57371709525207;60.91819891996203;35.97048361422107;83.47902588254648;46.16227702313912;25.690267936283128;60.96136392450002;64.00089552105077;45.014625318521205;29.065710200005697;17.301033708938572;8.447225667372479;0.9987444697720932;-0.28959677055202926;-0.271033060205877;-0.28227053294482063;-0.3076336838593844;0.13373822751913209;-0.16334389135287408;-0.271431374741776;0.3121245625810267;-0.07574162769056418;-0.24417646380861896;0.124129053389481;-0.05232732702346917;-0.3016807475464734;0.38586807395680117;-0.6645673073412613;-0.47907823099743374;0.4174659258274153;-0.12472540074129156;-0.2662431111261435;0.03589014518683505;0.03140922545560071;-0.17603172205166728;-0.049463344984832305;0.042810327255468544;-0.21314725874151777;0.8185404606003934;-0.5334414311347334;-0.5896014889683525;0.2925148529483144;-0.11944664913559012;-0.20075920553378412;-0.22364029911881833;0.07339081188543632;-0.07281566802798183;-0.20905269033768906;0.0668228398635645;-0.21877124613820834;1.0848907669979317;-0.3908960033774569;-0.535062592607504;0.1548775897319963;-0.07893879803382714;-0.15024610282391904;-0.2715620897172727;0.0673193633305854;-0.04647004854724843;-0.22077153500070026;0.04879557748276278;-0.25967982494454267;1.2119674275281922;-0.26530055718478757;-0.4014794471043944;0.026478580676062728;-0.0775977546020265;-0.13145859064641485;-0.21301649289289737;-0.0022142345920084594;-0.04942042840215769;-0.1662519459382168;0.009383884388755636;56.991417066508674;28.70304187804879;21.666040414914054;43.3893694901021;37.68448395989186;23.907266641263494;50.12874759521127;77.6719998543525;22.11071657155935;61.41558697406533;79.3501778418682;16.67808760231468;72.41349547652092;62.534151630258044;15.541886031921296;64.9186539004304;27.140868029926914;13.10212501897581;7.40176651991866
0.988337808073254;0.34894139554860226;-0.11785851590241722;-0.22054158523841114;0.354667860628975;0.27405178103203137;-0.15843568687374743;0.22979211025508367;0.44990710584242505;-0.0842351370959344;0.1966672779938655;0.4021924824671687;-0.0519537219504928;0.35760826380371674;0.31572832899499326;-0.7442039275182193;0.4514966056389254;0.8556685226363484;-0.16611088858528322;0.24489478769328338;0.2680990182112762;0.06300520480377952;0.12504475199507376;0.039851835953168865;0.09516337508464502;0.14547503765316053;0.7391510136873518;-0.6576418420270806;0.5369814889897215;0.8192622317821346;-0.12575748893877167;0.2051858220884707;-0.013893985839950787;0.1852890345040251;0.019014496957762625;-0.18998572648792336;0.16531749893628342;0.01994783673074655;1.0925591903955885;-0.5626545863501858;0.4847468186961928;0.809677675948729;-0.10312980608465945;0.19563567858009423;-0.09822306472428359;0.21168763908529667;0.02982578069063642;-0.244294391684219;0.18770341281695438;-0.03996817266835762;1.3315926985673938;-0.481587865724941;0.27702311284411313;0.7279625193576869;-0.09788584391099993;0.2019260016976844;0.03814331777709916;0.08066044074566019;0.10130089185986438;-0.1702009731304189;0.10159759120149181;51.7299584592625;26.37034498577179;3.0135306811411446;50.21810311538398;24.38126134807647;37.65052567419579;39.10409249949599;73.96896174953368;57.87914182615552;35.29529169478758;91.29365370618866;42.43438976440997;25.29389645070736;64.05902605138598;63.19852849058943;48.44959799258986;28.775429827198245;16.165642914554674;7.791932643396192;0.9987870667044492;-0.29342069434151385;-0.2724754281703811;-0.295820699308058;-0.3187543496309381;0.13750848209629365;-0.17598219506843682;-0.28061175803118316;0.32466609025452775;-0.08370169370263222;-0.24841384304312947;0.1393634242188522;-0.06083818544408434;-0.2786152347791951;0.35042556019680243;-0.7146462786397727;-0.4766229156284288;0.4340008579875035;-0.13719707604007608;-0.27780335915305965;0.0689830726176539;0.029246893477598037;-0.1888846297511636;-0.029647587286257465;0.04283920717695181;-0.1866810318433116;0.7940903753854681;-0.5784208399341112;-0.5966948045135035;0.3165506010212024;-0.12736038648313436;-0.23198117081963116;-0.19231579911450494;0.07525528737780336;-0.102887924560801;-0.20057803612217986;0.06696588548729981;-0.19791895535606913;1.073916685749167;-0.429765114468449;-0.542517382788893;0.1782291995288878;-0.08595604470110067;-0.17823336077658625;-0.25781016129755097;0.06499101114268004;-0.06978896445076523;-0.2267535845120223;0.0459630519171231;-0.2464744342232333;1.2135363389007268;-0.2981370066193667;-0.40634600480344546;0.04306684356029774;-0.08566538732192516;-0.1527158757081488;-0.20710386101972347;-0.007186857680227089;-0.06988270550766301;-0.1745290749116114;0.005484503046742554;56.082424203846465;29.007818828887352;19.490168002433645;46.44921234985043;33.38789326813281;23.552909690109633;50.585089217468756;71.4378381734032;22.493800974873533;60.304483562573374;75.85900408178428;17.22146343449238;70.44890751841542;59.99108748116434;14.943461516577411;61.910502225653104;28.135141088196544;14.070279248453195;8.006907998738095
0.99019031060429;0.3577907870792494;-0.1160657249164004;-0.21094384904426464;0.35908900244103786;0.268297051566637;-0.15563163842070038;0.23374375657164245;0.4414000404310048;-0.0851980622839128;0.19929620541052048;0.40243189070317353;-0.053655655207171415;0.37549929958742295;0.3228467569710606;-0.7278369308670828;0.45791282366300007;0.871465076183121;-0.1634184359688837;0.24407019881185066;0.280046727724833;0.06434228736849024;0.12320724416421307;0.05011302618720763;0.09600890127078442;0.1564002516144127;0.7456328069574563;-0.6477427564115967;0.5409473278739404;0.837219447146423;-0.13077407698969928;0.2112423593169841;0.006036400382794043;0.1759722320600618;0.024685375734851554;-0.17853510483113474;0.1597777050955383;0.021750244602075867;1.102579444588213;-0.5580957029980891;0.4909774164055176;0.8258656035618953;-0.10653794151536404;0.20357951515471903;-0.08174436369895328;0.20433360118509114;0.03520617507668535;-0.23650857522786023;0.1835883077354821;-0.04725350900448948;1.350599461760747;-0.48122762433623656;0.2864934028316063;0.7460746436437685;-0.09644642550852854;0.20874041520384432;0.04335459696098375;0.08019822690325609;0.10474708154753645;-0.16536460594915361;0.10104174766673564;50.49755384387353;26.253536858256226;3.2548223654350052;49.35396389246306;23.393523260262533;35.60517588791237;37.87300245962566;69.61225967930214;60.86030190217095;34.831624505814084;87.8892831973342;44.904320109052854;25.70435146403412;62.58906389817395;62.97567909807379;48.73144281698857;28.87184128119041;16.178707854252053;7.7930497219196315;0.9987988355847808;-0.2835485992345715;-0.2827849897726397;-0.3165624370463889;-0.31659274594341186;0.1257507599049303;-0.1881527690270291;-0.2771227613234743;0.32669177084880713;-0.09124791655271439;-0.24992789283203892;0.14430032705364002;-0.0682267820871044;-0.25888298211014915;0.333922860923256;-0.7439841125891533;-0.4635632217164928;0.41578846914645484;-0.1517868332287601;-0.28249737004640707;0.061043690677838186;0.01750943364703269;-0.19848716107001071;-0.03195528300995946;0.03482668799891268;-0.17205878781875064;0.7805743246725981;-0.6009155491383622;-0.5929139810796582;0.3022581787492927;-0.14238028743626843;-0.2402181468353243;-0.19995259295609374;0.06695821121288081;-0.11285098158899214;-0.20267202380266247;0.062063629618182334;-0.1903106407142251;1.0640849680361342;-0.44679118821015196;-0.5403116678704168;0.1574098796768936;-0.09958736563987806;-0.1829606035701671;-0.2588904369101741;0.060259213414061874;-0.07856131332019295;-0.2245063456761898;0.04422032202300854;-0.24578388245096547;1.2048203267967548;-0.3110078529334491;-0.40384803379058043;0.02893065101682534;-0.09521055823833241;-0.15054366291402319;-0.21427980668087493;-0.01035800479463415;-0.07525833104277058;-0.17716662267295216;0.003991550670293619;55.0606643864808;31.08034550403561;19.250687249009403;47.31664086579786;34.09762122830262;22.117110753148815;51.51687379572837;70.54405912251063;20.72347774504766;61.904344914279164;73.58956026172241;15.687940404789716;71.91925921960659;59.34208230992662;12.556721589747497;60.586281096789925;28.449764392770714;14.613638011165067;8.367000926760527
0.9920428131353256;0.3668393493627581;-0.11418119365147002;-0.20096684092645983;0.36356049769344045;0.2622762605975821;-0.15269116190659224;0.2377641793668965;0.43248745727632476;-0.08617004971902201;0.2019589521160481;0.40256964036442966;-0.05540002408634108;0.3938878137699398;0.3301158468357907;-0.7107228309192711;0.46441934795300616;0.8875537093119652;-0.1605911743676509;0.24315144168592043;0.2923186731648374;0.06570666070665816;0.12127455039618062;0.06070457907708222;0.0968566071775632;0.1676491214044568;0.7521286852938419;-0.6373352436908464;0.5448986889967663;0.8555505152446717;-0.13592321019831524;0.2174443754191819;0.026633336374926365;0.16629510811424195;0.03053965078658035;-0.16665192377170748;0.15400863333891188;0.023607152652330227;1.1126351280475915;-0.5532318643555421;0.49728308524996323;0.8423711605322817;-0.11003130209873531;0.21173419359470158;-0.06469091050034619;0.19667731625204396;0.04075735932481139;-0.22839726626737095;0.17928519977529822;-0.054770217567952875;1.3698753406778272;-0.4807241440300865;0.29620311259506155;0.7645906562398528;-0.09493246150484105;0.21572639840103186;0.04872877527683602;0.0796986581940828;0.10828026032086602;-0.16032102150681565;0.10043972917518026;49.22394045033897;26.122160322655716;3.5940897745464353;48.46000132671367;22.439482559087892;33.542660662483435;36.61336383821998;65.06471253203325;63.7899339032729;34.36429881996148;84.25957400093809;47.49550387373585;26.11199539502908;61.16371682225011;62.63871652106511;48.97139673284891;28.974263104028974;16.211081706916666;7.807368324558864;0.9988106044651126;-0.2736685855812699;-0.2925991664240064;-0.3365270812096216;-0.3142079820605729;0.11416801410975622;-0.19986527809621082;-0.27347704962656305;0.3283842276472805;-0.09853223234588061;-0.2511878798102587;0.14899227731796488;-0.07537731304356705;-0.23940275669914174;0.317528789845708;-0.7719650742804505;-0.45041609059847165;0.3976548356488981;-0.1658916522555375;-0.286832068723043;0.0532432280601696;0.006040632441699568;-0.20768474922272454;-0.03417936104439896;0.026977666466084207;-0.1576405149654229;0.7667060680230742;-0.6223433725026991;-0.5887087557862872;0.2880484739920292;-0.1569130303033062;-0.24804690130339246;-0.20723071367701865;0.05880356010599061;-0.12247488081041842;-0.20453903543548155;0.05722594718071195;-0.18272077285600813;1.0535652715305264;-0.4630167367447134;-0.5376892193328936;0.1369571636265628;-0.11280234464722348;-0.1874143295271061;-0.25971934373569683;0.0555894361525304;-0.0870531366242601;-0.22211813506402878;0.04248127063696627;-0.2448961956208994;1.1952669076648885;-0.32329681037440805;-0.40105912424820545;0.015111198185862165;-0.10444202625046946;-0.14829301284494936;-0.22109576070044912;-0.013443440150560346;-0.08043846072656119;-0.17958623763352696;0.0025312353772722813;53.980026799823;33.09013422063187;19.0325649059939;48.0028964685173;34.792730139032365;20.72052309871514;52.38754533725501;69.61836278484508;19.05901494482243;63.462727490202546;71.32659552055684;14.196336390460228;73.34263319687254;58.635276629747274;10.374052875660526;59.23680452593919;28.709639248917544;15.150394538785847;8.728057276748528
0.993670535435608;0.3767790952072311;-0.1105096067409737;-0.19153715042394337;0.37020816868628936;0.2593557389589834;-0.15016911326878027;0.2440659980213312;0.42620358080057963;-0.08718707307988366;0.20586597035161303;0.40462481330142763;-0.05707215597119823;0.4140639531975286;0.33234609058524095;-0.6980115196525412;0.47359924453421537;0.902671745376845;-0.15945264241148888;0.2423389191104972;0.30715043043536694;0.0670962405557179;0.1186300573808242;0.07337853392490823;0.09833765948592343;0.17991538792241224;0.7546055528527165;-0.6310316258259755;0.5510837641254832;0.8751407706570288;-0.14276675194088526;0.22400250091545112;0.050880155811344786;0.15792756442219144;0.03584221279846747;-0.15400014597711945;0.14992905101238832;0.025927388946383658;1.1209163010640089;-0.552135616447048;0.505598178091928;0.859114219799857;-0.11525356879880941;0.22015174748412125;-0.045872402664023496;0.19053312929002958;0.04571270413541104;-0.22077302288094147;0.17704086143933642;-0.062088809148175036;1.3891712130374108;-0.48359396288688167;0.30794780598772115;0.783815022633934;-0.09443327173351758;0.22318906613572262;0.0543850832799854;0.08005085577681229;0.11146529539245123;-0.15669167705680462;0.10117835970862205;47.870158542874165;25.756559895937468;4.031289174649994;47.83497819544494;21.39841903961082;31.30380810873166;35.52985641957858;60.02016615636521;66.8588478768358;33.9999784191161;80.27944503603814;50.34141290648527;26.615743927840917;59.76726916807776;62.44137236177931;48.67896318024714;29.172620171249875;16.402145961691726;7.8992487454461555;0.9988128475815172;-0.26461061887790094;-0.30138884486971185;-0.3545848398607703;-0.31215051470012084;0.10251716234317905;-0.21045241635973583;-0.2705596446384325;0.3285357005663023;-0.10494313483146059;-0.2522165719978387;0.15283862237424933;-0.08161740392701565;-0.22251288647122391;0.3015048172084669;-0.7978600220536272;-0.4388032981347373;0.3796950534682158;-0.17849846241141903;-0.290648593551765;0.0460107531597247;-0.004128597457800956;-0.21576269229639758;-0.03541695381385425;0.01998648797777832;-0.14577101132248377;0.7526190792799708;-0.6421178503684423;-0.5850488739845031;0.2741612057964094;-0.16963502141541748;-0.25228242149882124;-0.216604179337405;0.052494285161021635;-0.12786938503191608;-0.20687951188522305;0.053597931798178955;-0.17695496215487772;1.0425367958368528;-0.47789477650357903;-0.5352478967867943;0.11714234855473382;-0.12446231911354579;-0.18915627730812126;-0.26212510440565645;0.052337205595177516;-0.09224958700209462;-0.21960559399869453;0.04161415266708287;-0.2449395665994225;1.1848709197518739;-0.33442468404624864;-0.39852682534221895;0.0013885366745912786;-0.11225592329480844;-0.14487698346392383;-0.22783204071189084;-0.0155822953098127;-0.08329542520656485;-0.18127390662325676;0.0015833239923605327;52.78689888885511;34.93081229673051;18.747086868305246;48.509214457365005;35.34125115256194;19.262160083651445;53.157069984479406;69.34821123155042;17.661441105581474;64.9255486127272;69.63601943723761;12.867618591010041;74.73922840500545;58.10057171552896;8.630475153349055;57.877188425851195;28.90343163354346;15.670052158517548;9.074694013344672
0.9925044777865984;0.3951721076684337;-0.08423157614319744;-0.19310908133145713;0.40382868853384635;0.2993741922291144;-0.15430055741370546;0.2788208140788334;0.4578633169916263;-0.08847331723536907;0.22515242872967137;0.431913344917885;-0.05717434525699015;0.4509304949734964;0.2661222269801546;-0.7496640189358738;0.5155438903298328;0.8995243051142705;-0.18154278430879156;0.24338586612223792;0.3510117203891068;0.06833804638027031;0.10746348945515896;0.10934836881082066;0.10783421019414012;0.20135786549886345;0.7024741518819271;-0.6826309954430057;0.5852829135798173;0.9047705179443002;-0.16991070080496787;0.23300569966382323;0.11515510479068296;0.17040049762149434;0.03175068070318886;-0.1358366639457455;0.17018735170877758;0.03362340634485997;1.1027957806310225;-0.6024226188874159;0.5380869068040601;0.8732121914810187;-0.1418346613016177;0.22906015579704403;-0.010395353515284866;0.2071362689373256;0.040815741465358955;-0.22267726363763096;0.20342758821596393;-0.06402718172189405;1.4022116583860744;-0.5310184472398929;0.3428205198700103;0.8057585016369101;-0.10782227905535402;0.23437899700585432;0.06174199609566617;0.09177126419538839;0.10882880781827094;-0.17353171938411535;0.11972813664684052;45.8035591886107;22.832276044574304;4.623070387980077;50.82772784763602;19.64155669562791;27.51927034178698;37.1573217690596;51.379664931618684;72.33247182414341;34.97812085085707;74.63125871064331;55.10550099404185;28.360771924316172;58.284578116875956;65.21168489107035;42.782421607314994;30.30197332529686;18.41540147698092;8.847507619949427;0.9986966955518176;-0.2653796809166886;-0.30324579101927723;-0.3582628177035534;-0.31645096032728454;0.08755885554805158;-0.21254380672872164;-0.27821414694647084;0.31317544888754845;-0.1036629878790561;-0.25316351409596227;0.149028637738796;-0.07944222605101767;-0.23418707597763921;0.2881032466258786;-0.8137850326469479;-0.44657793593222433;0.36214973895048297;-0.1783790233519632;-0.29209805122703547;0.04396547075831882;-0.0015825790282619468;-0.214719247991828;-0.025385048455632168;0.021523766587228432;-0.1627169613254027;0.7389107117555327;-0.6538609565878356;-0.5925369572915069;0.2626905857110344;-0.16578277784253867;-0.21657139026516206;-0.2562843789605831;0.0672183635906547;-0.08474397571985016;-0.21765002739112338;0.06409268496404774;-0.19331976396302508;1.0320572624793727;-0.4854226605674285;-0.539416775550732;0.10030482811913366;-0.12190387653983807;-0.16030655024910517;-0.28690733440278465;0.06583135720568238;-0.05986580592251432;-0.21694402369629281;0.05147516397282872;-0.25865106492411943;1.1725252810841877;-0.3379738057462163;-0.4021820025903655;-0.01522611727317259;-0.10625925076682032;-0.12768616649327774;-0.23779062983521682;-0.007013793752047007;-0.059594625969188894;-0.17631625091923395;0.0065900957415123435;50.70138630819644;35.45216189827895;17.36695274342565;48.88578573867347;34.44435553379522;16.411147195927956;53.3965777063524;77.42119207620925;18.83923043413372;65.75567685666581;74.71310886969363;13.548663423444356;76.40101662620452;60.279355811150815;10.184006976800818;56.48143053844486;28.899180616858928;16.092984880513207;9.250875829766976
0.991338420137589;0.41254751458359995;-0.055108848845287106;-0.19353840113320467;0.4376993062765428;0.34089151109580257;-0.15776922841667437;0.31475263991309876;0.4892445361342637;-0.08928532883850955;0.24462544983070098;0.45871491446981966;-0.05690663237114694;0.48801753317103974;0.19237261981009382;-0.8008444630187569;0.5577228351007268;0.8901434088407604;-0.2043523825430793;0.24291142305638747;0.39636415733495645;0.06923515397968284;0.0946132651424411;0.14772373856494803;0.11744269567806097;0.223332161568633;0.6411523532466185;-0.7341977972831337;0.618580331849613;0.9309842317059925;-0.19829093974838988;0.24124861050688304;0.18426015008665075;0.18282984477554132;0.02709275859593762;-0.11519269405708259;0.19108093959442335;0.04176634632138585;1.0757921636854453;-0.6530942556421585;0.5698377536628211;0.8827516794363922;-0.1697890764987044;0.23722616802309907;0.028237681894219692;0.2238118379373912;0.03522224414357681;-0.2232719133345705;0.23076265590704073;-0.06571002993855098;1.4070968426438675;-0.5790515480959775;0.3784564885428164;0.8242730888441867;-0.12166201097968503;0.24498982489581667;0.06933003082832948;0.1039035423728024;0.10524188221656555;-0.19068744426090584;0.13909883475040954;43.41252907007152;20.179520999641507;5.264343910851923;53.6609176322855;19.487974570988637;25.352031228705805;39.12689115245614;44.98732568280296;75.27408382730617;35.99326320396212;69.48466539420994;59.48175442237801;30.131555750343406;56.95597656671855;67.6574428291594;38.11731411984583;31.034985586795;20.615389436999006;9.908184008897724;0.9985805435221182;-0.2659871673688586;-0.30492015359226615;-0.3617281917328338;-0.3205658151403318;0.0725154092369658;-0.21450887767783508;-0.2857135886641114;0.2975904826420825;-0.10231641889131754;-0.25395676465229894;0.14511904183730484;-0.07721364698558265;-0.245741688368294;0.27449647696833246;-0.8292429596112748;-0.45409423583930897;0.34434502304875314;-0.1781496472351674;-0.29337092756267036;0.041888873991041506;0.0009697398161501264;-0.21354158726047132;-0.015316542877875709;0.023051026595971438;-0.17959831253337596;0.7247192969486954;-0.6652265679942079;-0.5996763513810245;0.2510344333707702;-0.1618205322837711;-0.18065246549772848;-0.2958900131737894;0.0819319172930871;-0.04147622115198873;-0.228309243746094;0.0745699860062613;-0.2095999329996994;1.0209211789208024;-0.49266780440405555;-0.543262684178229;0.08337039848166194;-0.11926512071945618;-0.13129788404284973;-0.31156499620886413;0.07931326348397628;-0.027377453140587604;-0.21414348317404824;0.061325155764902224;-0.2722322058181396;1.1594328123232918;-0.3413225299425968;-0.4055975219469376;-0.031866172901058296;-0.10018469091045418;-0.11038086401175017;-0.2476238362698008;0.0015769493314607304;-0.035807589988535844;-0.17123980312931095;0.011603291303807387;48.642689541136;35.90674936320109;15.92808916289318;49.2253584573398;33.54850986679007;13.580925179312821;53.62929236635968;85.00087826932314;20.81734093077941;66.57584278310092;79.41005353209022;15.29564291664952;78.02961818114196;62.47193218170331;12.686124422955444;55.121347204122884;28.86044918562911;16.510626868149945;9.429719112216455
0.9894113397140828;0.416315393479407;-0.034363813791887785;-0.18808657043211563;0.4455311997691421;0.3625430883656878;-0.16160344647229333;0.32791926436085217;0.49377432956455714;-0.09020094739820156;0.25593909470389176;0.458302166706651;-0.058506196924774025;0.5016090294397917;0.12959982642772472;-0.84786968873528;0.5691801684596333;0.8546565707492678;-0.2172663772939512;0.2337617320977786;0.4199998911259496;0.07336815115044804;0.08173746805791583;0.1749624202470456;0.12601021433870804;0.2332157830097751;0.5774057099737352;-0.7824404415959495;0.624224903738916;0.91788689593071;-0.21061021180740866;0.23791135637702132;0.21959317682252477;0.20181516685429163;0.02053589526038246;-0.10109659231377872;0.21126737022565228;0.04954303487572014;1.0251852211500878;-0.7002218767816706;0.5770080696488189;0.8558105608195345;-0.1798497866265126;0.23261719100532915;0.04434595551558525;0.24389064168597846;0.026442802891625955;-0.2207879291076264;0.25210241801015276;-0.0599373951583159;1.371374942603026;-0.6235621551548534;0.3958995512858969;0.8043898029293429;-0.1253630685479093;0.24411187331158238;0.06543206168056685;0.1164492707825955;0.09535056782311603;-0.202033174361849;0.15337304390310538;41.91495193913558;18.289044790017638;4.934249718893653;56.178127644635204;21.118363565157402;24.73259907806093;41.944623836362354;44.47671034510109;73.60176681866997;37.563084324369214;68.88384060866782;59.588975428807984;31.99107379425135;57.68038601374595;68.27067620383778;36.93580785464521;30.603679611901914;22.077233482991588;10.883070340956536;0.9985637823379192;-0.26884434554407644;-0.30543810555506345;-0.3608763597853943;-0.32630931761516835;0.06557777638969751;-0.21475264789449328;-0.2944312327843999;0.29049908142737085;-0.10145122915673019;-0.25518652327642727;0.147082623576981;-0.07607375928589764;-0.2554024011887573;0.2629365179186527;-0.8360706150884524;-0.46506376865560944;0.334307975362203;-0.17841576723657687;-0.29551815306958773;0.04030583492703555;0.0018769728563894942;-0.21253672594542947;-0.010206675956142476;0.023524137970879738;-0.19113710874354897;0.7155416038732825;-0.671912805941074;-0.6063008456551805;0.24821552169376035;-0.16122060106041064;-0.16458866343778783;-0.31360358687536066;0.0883871673479279;-0.019851422299176004;-0.23507986678543613;0.07914507743398193;-0.21972976631515562;1.0165606474860058;-0.49897914889070133;-0.5483170836318125;0.08204251876755439;-0.11886299652387763;-0.1208651975378941;-0.32083279884288296;0.08471332209371173;-0.013482313813522592;-0.21266294909921535;0.06530179992884949;-0.2805600606449899;1.1576823826096787;-0.34707263013224043;-0.4108321035132489;-0.035068189358513774;-0.09766056590546225;-0.10545122251220786;-0.24943692308367202;0.005222076372734986;-0.02647768150760418;-0.16808348380654972;0.013514387227693467;47.625112877125964;35.745598571446784;14.228126684880353;49.4750699002346;32.69615485208347;12.062060015192886;53.4469932570917;88.2085669138642;22.392993073049038;66.27255316067419;81.41810611073547;16.69411854346519;78.08315529178029;63.30544026841683;14.362506463841585;54.25153919349946;28.962674334435114;16.739212388141883;9.479737429108773
0.984845718033274;0.38283593602585825;-0.048456499470004695;-0.16925113149268117;0.37555410747107965;0.3195525214970767;-0.1681154530746501;0.2696599420871684;0.41996995270762294;-0.09273532525031716;0.24174764726054856;0.37955422372407294;-0.0665269740268003;0.4444140384592876;0.1269019771908885;-0.8798320465582536;0.4888130186895972;0.7642097192653052;-0.19786739214859753;0.20448685000749714;0.37340801492830344;0.08763164135690359;0.07491898784646409;0.15997755636207905;0.13041726337560566;0.2051774543936075;0.5394283677529974;-0.8166512402928781;0.5509211160942026;0.8007661503763324;-0.1710664229292432;0.2031586071283714;0.13844023404095018;0.23843142337513576;0.010675189795399212;-0.11479481540045806;0.2256746357183669;0.054222156103989255;0.936141178009082;-0.7315442055268908;0.5136183076257131;0.7377712429799197;-0.13247383898354825;0.19315150020441957;-0.016367700679775696;0.27191342707999544;0.011170712390034558;-0.2133617847405994;0.25112749656109434;-0.03357827169096482;1.2438540750595477;-0.6519078557130631;0.35615683962675065;0.6838150105269771;-0.09766689997907566;0.2113290300735344;0.027522945798118592;0.12785437197393973;0.07067095358808481;-0.19438000784706713;0.14898547272706555;44.437740617324394;18.317555661257753;2.126642495353569;58.05056843895155;24.24630166422881;25.019288639476986;46.0706284070606;57.42133689286786;62.4928291223856;41.014410035739544;80.30306867599829;47.816970869966795;34.26157624129842;65.00877158558183;63.128363853628414;41.653731964960514;27.920316943921513;20.564619405143205;11.08412968032007;0.9988916190491308;-0.2803259421731018;-0.30238577048134996;-0.345198543389866;-0.3386355708231024;0.08760306060115369;-0.20923020167285156;-0.3082835374142006;0.3141655430296289;-0.10247186839853036;-0.2584782966197989;0.1704014655174635;-0.07894101576865817;-0.25900633672774953;0.25887564056687623;-0.8136992961426417;-0.48954438376724085;0.3524297505817653;-0.18078914991869882;-0.3013937457996522;0.04052135490854869;-0.003079623840489371;-0.2125114860518378;-0.02273666773707079;0.02027760291192201;-0.18420147970949405;0.7253785592399049;-0.6632463800639041;-0.612365835532569;0.2774231240183343;-0.17294040140529143;-0.21950152784026525;-0.2539623806552939;0.06560132544193235;-0.07519245006177816;-0.22853511419222483;0.06284967324903735;-0.2085064654323045;1.0382034190763123;-0.5030265027703842;-0.5588360351856881;0.1367215014072623;-0.12667714835703367;-0.1768998408368778;-0.2758185543726272;0.06146914511033168;-0.0658271155404269;-0.21625804427587095;0.0484699509138288;-0.2708099541243891;1.1986172888353008;-0.3622109735666287;-0.42347191012670965;0.009706290165527732;-0.10796214846910729;-0.144903209937458;-0.22303088153009962;-0.008737280553990964;-0.06872140375905021;-0.17202561868719407;0.0043917893862557905;50.075968692919766;33.63687145599075;11.860053665457977;49.471379799684236;32.01519581734373;14.997986219553903;51.85662885603726;77.19637482919416;22.336136171567414;62.19154299034155;74.23473438831174;15.50431541191093;72.81898806685008;58.868143403138895;11.692064190119092;55.00183486471953;29.688146956134656;16.315358291253276;9.076834131578734
0.9802800963524652;0.3553685125423146;-0.0595122851989941;-0.15390945650139612;0.31916860181733414;0.2846974378590807;-0.17287221443806244;0.22282014186779336;0.3604428702629484;-0.0945206370470871;0.22991268476273624;0.3162054442845669;-0.07272525110527392;0.3979959981974629;0.12445661354680422;-0.9030472058937078;0.4239166438812245;0.6906569462355596;-0.18200982074646624;0.18078358771531036;0.3355677119174159;0.09872822990021334;0.06933229425474342;0.14771105032628737;0.13359624016526186;0.18245287545029049;0.5080167895265268;-0.8418015738872678;0.4914746428658348;0.7059777747772081;-0.13930258892370637;0.17511564802507196;0.07376706705622023;0.26688529617910367;0.002831747778986291;-0.12537765255310754;0.2365518204220681;0.05780085453087632;0.8632853297352432;-0.7546100765446918;0.4621218580004594;0.642406754811258;-0.09459380142112976;0.16139624500319327;-0.06446252919035529;0.2934734520194217;-0.0009641233956196891;-0.20695897347183426;0.24974806689819662;-0.01259941482932505;1.1397502747872403;-0.6728061591205596;0.323788282408743;0.5865706849602111;-0.07547323951264916;0.18482809846603962;-0.002598229500100424;0.13658766010904563;0.050934044227992;-0.1878430545289676;0.1451471473484034;47.07909601272767;18.374575884734877;4.6765148074557175;59.52119000816313;27.36724531010325;24.94318527439549;49.5303881651909;69.28908213390943;51.688056424497525;44.49500923782878;88.85903154727227;38.582626045569604;36.728872591924556;71.95109565585273;57.80973823350302;45.53030307977758;25.73364558641374;19.17847283173945;11.141133804887216;0.9992194557603424;-0.2923547736172748;-0.29909827564726277;-0.328600281823927;-0.35154034972902803;0.11078521792651595;-0.20336268095610488;-0.3228031892294711;0.3390227263728231;-0.10352270080367815;-0.2618845839578162;0.1949266479875806;-0.08194280492668869;-0.26274135228861084;0.25453602810955;-0.7899381504654007;-0.5152175256875486;0.37143666251528434;-0.18324642411987738;-0.3075118012152503;0.040738757567164524;-0.008300522627196735;-0.21243433278014867;-0.03593124253365771;0.01685264720982453;-0.17685116688666175;0.7355689153066266;-0.6539587415162053;-0.6186094244478608;0.30812648143464927;-0.18524572429157832;-0.2772984183397762;-0.19107166524179767;0.04158148996200925;-0.13347473438100932;-0.2215860299236976;0.045667981257001285;-0.19663343110192996;1.0607564299633847;-0.5071705859844835;-0.569784480727509;0.1942917004292395;-0.134878990898003;-0.2358886294234589;-0.22833172058306872;0.0369674500448889;-0.1209551905594048;-0.21999391805539803;0.030726551208428567;-0.26047406338980134;1.2414558386797183;-0.37807259895065626;-0.4366868230185096;0.05687260235069671;-0.11878888041883051;-0.18643026235945676;-0.19515981233634225;-0.023440981203698644;-0.11320759449461179;-0.1761376131880251;-0.005219649049082696;52.449091871621086;31.496268736184234;9.618662615923975;49.37820855656832;31.401034244354953;18.155134572759426;50.28367266910597;64.38365906803831;24.27470927247941;58.291539045577544;65.33425842267167;17.021137081618804;67.68224116619346;53.732345188269434;11.498014212922385;55.80064556911337;30.473128435482803;15.86210173843211;8.673764387704924
0.9768781552303432;0.33700698328487483;-0.0711019742959866;-0.14485719699802965;0.28266946890789135;0.26269242192289954;-0.17497372708736894;0.19161946555603004;0.32500373846994224;-0.09463283561987747;0.2216971126147106;0.27334679130717315;-0.07561938520138306;0.36622371147720434;0.12733047436218625;-0.9144426204890169;0.38293095239135655;0.6465750532759577;-0.1704833267098626;0.16620046213226902;0.3058309383644054;0.1061376981276153;0.06565064471873945;0.13417057867476823;0.13551117121406875;0.1670764728657941;0.4929082862375116;-0.8538892630623276;0.4539034256619909;0.6450766659019902;-0.1188537312989126;0.15520229150586198;0.02303058088712041;0.2839069157608553;-0.004063158301405788;-0.1362066215878874;0.24262467308980623;0.06072367559991154;0.8209083503038304;-0.7649909489323391;0.42966272754613244;0.5814709947152155;-0.07019038552301278;0.13899531985086216;-0.1014346097525029;0.30592506326116853;-0.010379567806411125;-0.20369842791553158;0.24759835884375972;0.002927118612415329;1.0762630979445194;-0.6814791606569301;0.30427487574303236;0.5225468878926669;-0.061136713693374596;0.16606161354952634;-0.026472349484880812;0.14154145387638545;0.03612658433475711;-0.18491230640146694;0.14183504810985087;49.921450829339385;18.711247293475132;8.524813236179735;60.363496730650844;29.813523965121732;25.343391120148624;51.616789025453414;78.5058573907638;43.8318688911729;46.95948666754916;94.66437994770773;32.49680120796053;38.613491262800174;77.8824495755625;53.31075559990489;48.310990487185805;24.36517961906831;18.1222876992819;11.039513522500025;0.9994700295084976;-0.3011628244678289;-0.29268384462846;-0.31517960694300173;-0.3607953573038431;0.13069258095659692;-0.19988691249495968;-0.33228346873811715;0.360542651377256;-0.10569927817954745;-0.261102188029257;0.2210927652296344;-0.0860640014370912;-0.262507776880339;0.2459831202860161;-0.7762466434921622;-0.5357405622088698;0.38249259295458127;-0.1872732579073202;-0.3120045337665253;0.039819217408926494;-0.013311478601736114;-0.21136053243873265;-0.04790824144956377;0.013644992648326358;-0.16727008618759528;0.7383104701690351;-0.6533899049614807;-0.6187566313797344;0.334594632257762;-0.19934006652337485;-0.32987717719238574;-0.13190266528120412;0.01898273386982643;-0.186342967200305;-0.21340985189006156;0.029623809949952663;-0.18328625239117732;1.074247517085815;-0.5184003730809317;-0.5724291241849147;0.24864876267531488;-0.1446599769126142;-0.28823228994317185;-0.18267865292322297;0.01461566498949498;-0.17044169382802038;-0.22137266452889198;0.014692901659001159;-0.2486423794321623;1.273582912830391;-0.39949429671553494;-0.4428615063456573;0.10240317276263577;-0.12980959756856986;-0.2223267540065637;-0.16808849090923947;-0.03639644517817765;-0.15265833783653943;-0.17931117883002148;-0.013701028519109102;54.04049523523346;29.899123945709;7.164538811647131;49.52330533570256;30.899779740060588;20.920522977526137;48.883900413260264;53.09590244066299;27.14728215940741;54.67600887271957;57.53597267210127;20.024797956826006;62.89888227022436;49.68263367180111;13.102664321917853;55.920937745802526;31.08333782244869;15.570003655284905;8.42473776636231
0.9805517589168492;0.3471355139980888;-0.10057184874324579;-0.15939504728770293;0.30965386424619246;0.2842568150313971;-0.16665194610402445;0.20700146660716273;0.37730792846149236;-0.08654957312398492;0.22428544063515013;0.2892026969275251;-0.06487639839568199;0.3762162161754595;0.16336039586936557;-0.8829601895025875;0.4222101436540029;0.7107189373871796;-0.16908691926468133;0.18368945658416402;0.28473426262175017;0.10371299226637196;0.06809454120583308;0.09779057062544752;0.13398101252303168;0.17324172366326293;0.5502397780598846;-0.816837494133803;0.490411420548883;0.6951418214881442;-0.1346241579319708;0.1552800459156544;-0.015933233700974665;0.26266905803369844;-0.014501963786946166;-0.1628794797571722;0.2321491477994953;0.06420345279414473;0.8955649162323421;-0.7254963563958183;0.46221742239486446;0.6339201442096221;-0.08835568397371088;0.1399551487810972;-0.12546412905971618;0.2870755870034708;-0.01699815610520156;-0.21474085741406249;0.2403802033232328;0.008526522514542815;1.1598360352204986;-0.6400198260672477;0.33177189322135847;0.5611165713307243;-0.07162688542335825;0.16666986534606393;-0.046747911590637084;0.13334498719872928;0.02960833926053156;-0.19906175676271026;0.13822828316844596;53.807870821839;20.62243366740857;8.983476151151022;58.90670569521875;28.65434742819819;31.37540135899692;47.90201330721809;83.5171554204768;45.0276895909762;43.461196800835616;98.53575385955101;32.34565970597563;36.37437170918142;82.17291372485428;52.234001752064344;48.48201131315917;25.83069452144596;18.21288019500663;10.49989708954888;0.9992508200733978;-0.28698481167664075;-0.2690938326380366;-0.325155510504996;-0.3442232664877875;0.12372603834654236;-0.2118007278226899;-0.30748198097798746;0.35391601253372984;-0.11379248430406994;-0.23482315817414554;0.2478851384045729;-0.09542446314082996;-0.237920474651928;0.21447621731476607;-0.8271206788738711;-0.517216254971306;0.34100993718461264;-0.1991493965897847;-0.30464434005353147;0.03226797211366071;-0.015309303468293763;-0.20430413750303775;-0.04832270078504226;0.012835667584131929;-0.14721671326982852;0.6938856267459063;-0.7048758588074001;-0.5809998430003436;0.32581417876805785;-0.21913707944815597;-0.3322891443508543;-0.11541416439977807;0.01272937634335291;-0.1879703685675984;-0.20029164624983942;0.025939547497209038;-0.1653211545830979;1.0266083939019808;-0.5679368038107043;-0.5230058209717545;0.26449648693664657;-0.1604347065582317;-0.2819055034823581;-0.1635488927989558;0.01294683079959806;-0.16849409142979702;-0.2076684335050845;0.014504742636751578;-0.23144425100593763;1.2278882346571023;-0.4466537653882832;-0.40360326004357944;0.122230340167701;-0.13802759081381435;-0.21144758976919142;-0.15491370151508183;-0.03425504723083048;-0.1478213163956076;-0.17544324502928804;-0.012401601935898315;51.47779746111505;31.573228650881088;3.0947554712360557;51.29619320487234;30.704693617546802;20.361821519869252;48.34492419886911;51.79272648811845;27.799385305025307;51.40497070366039;58.99162813750255;20.81824882731648;58.78431658241946;52.667664765150484;14.274099857930192;51.87228059067352;30.165291584253875;16.332468984376725;9.079470310809553
0.9842253626033548;0.3567182380828193;-0.1336903575113013;-0.1751006791901777;0.33872641228142;0.3072780481266477;-0.15617672647121486;0.2233982281801458;0.43494308053197045;-0.07680832743830597;0.22595363065385352;0.30566802612371724;-0.052218661693614554;0.3854759503352225;0.2036185107367266;-0.8418771251500815;0.46469318390509506;0.779972486930592;-0.16651656388510075;0.20262971300259452;0.25897153642810733;0.10034324893973245;0.07049694282665342;0.05562841186016902;0.1314598614072972;0.17929389544627508;0.6126276874932123;-0.7697668579332442;0.5293329996590405;0.7483866079229703;-0.15188182445003734;0.1544748365023869;-0.060395037602938094;0.23687194965274602;-0.026354812671827394;-0.19244093958629452;0.2188340688837494;0.06781274747377576;0.9757749309412115;-0.6761584016572065;0.4967809064326765;0.6902434521433529;-0.10861820836145364;0.1402467983051473;-0.15221847903547575;0.2638689611202164;-0.02446836751932476;-0.2261309298890894;0.23074239998377025;0.014880118249073966;1.2487198604031482;-0.5889274507380251;0.36130324609926184;0.6019884805579817;-0.08320953837321873;0.1664056745301996;-0.06966301910512142;0.12320484430376025;0.02198450128912467;-0.21409486404140035;0.13330816041318763;58.0911582229748;22.294505623323538;9.252912749268823;56.881618545271216;28.287545583366345;40.07510639254003;43.829466035755146;89.87349256393978;45.42210612445226;40.02515424585921;102.87317514681614;32.26829895601612;34.33266916030066;87.0551644170531;50.74282064392342;49.58481973094184;27.372850858441378;18.071355276126027;9.828297812123475;0.999031610638298;-0.2728413064485164;-0.24647041932349098;-0.3328076842434858;-0.32765321253881724;0.11685186984677792;-0.22170948905758883;-0.28358954869669656;0.34634667976977235;-0.12065488662707476;-0.209904236143032;0.27116496306087606;-0.10351926312739111;-0.2145262614061377;0.18489256216245628;-0.8697700385763777;-0.49811642960545155;0.30180370877842466;-0.20907909255727447;-0.29662296710619823;0.02526115093930109;-0.01705905844725719;-0.19699674032304018;-0.048488739979514195;0.012043783463575819;-0.12834072654503315;0.650464730037786;-0.74861491628658;-0.5441344202096409;0.31640906429141075;-0.23618171540156038;-0.333032608297667;-0.0999183166282752;0.006987912214186126;-0.18863006201022006;-0.18748998886740428;0.022476429446376713;-0.14826497162034477;0.9788133452970711;-0.6105006463747865;-0.47578550135021863;0.27775230601345297;-0.17407813378304138;-0.27492296724213017;-0.14544146004679886;0.011372944016109405;-0.16598814222208197;-0.1943017444598131;0.01427037876978142;-0.21479697480680207;1.18098309093872;-0.4875854388498435;-0.3661465300798194;0.13972515913104538;-0.14489772921402128;-0.20063313545770634;-0.1422585602964762;-0.03215851779476043;-0.1427783194840754;-0.17116089798402775;-0.011165981511989862;48.93777540859071;33.13811412659279;2.2820094920062686;52.50853789404786;30.52631906414672;19.842167026549323;47.70061619214978;50.743440909539295;28.3217570702708;48.11126005399388;60.54404199442495;21.61784178886733;54.50642925359419;55.806992034768555;15.457586483788987;48.18953973019423;29.142821377490733;16.91941367239226;9.672701652163369
0.9869222885491984;0.36234032997864907;-0.15432961026308145;-0.189406780027838;0.3625404590400658;0.32437500785340184;-0.14915771275069936;0.23784473916421955;0.47802044979470576;-0.07098674869665329;0.22839858026400947;0.31443592809989274;-0.04470091126378234;0.3907582446677935;0.2351346220120743;-0.8051320530647675;0.4949311912109629;0.825169965004487;-0.1683227898717834;0.2210410895669458;0.2437660596380733;0.09064694596613283;0.07736347516534625;0.028667611303249043;0.12386714870169524;0.18247976294273055;0.660406126512294;-0.7283988496568297;0.5564255028856924;0.7869608941942872;-0.16892066913968398;0.16174042712158226;-0.08012921652656683;0.2084623205392552;-0.02766196795494703;-0.20753196914742852;0.2018126947096365;0.0684055532422514;1.0371223267874496;-0.6335910959724725;0.5199901841135195;0.7356732181897718;-0.1290428149596068;0.14872513387144473;-0.16159244685417323;0.23813497261413044;-0.023356695934270207;-0.23356892344772345;0.21848324261161509;0.017673363647905536;1.3152722279907225;-0.5455161298476187;0.3818587316757108;0.6371104403978335;-0.09486539482022954;0.17074322004729367;-0.08067162700207778;0.11143176849445328;0.021685049687352888;-0.22290472706748377;0.1266131185126621;60.48334767367169;23.214499724564874;9.52169059450373;54.65084527330106;27.66589855602494;45.953466138451915;40.47845105726498;91.75760734779516;47.44941371620128;37.378984979442244;104.1904798878385;33.82626091166995;32.78504086804515;88.87208185244275;50.61615641855185;50.393519908011186;28.518208966261888;17.812990332236648;9.236523758383893;0.9987013696998605;-0.2604990169962413;-0.22738891790639523;-0.34269786543312464;-0.3067635302926865;0.10407671625606038;-0.22869156573489688;-0.26251297503142473;0.31704668855261076;-0.12350237306189196;-0.19574248062644006;0.2606275741645403;-0.1065398351565586;-0.20253600230423152;0.1820250240342938;-0.9008169621755796;-0.4709956342237906;0.2876121214414379;-0.20832434139447437;-0.2858073608537701;0.02225665840299682;-0.010776976498263832;-0.18741202159325326;-0.0500300293416056;0.01776171802968657;-0.12110999841071379;0.6246095367035903;-0.7714890115509637;-0.5089321402230031;0.3072826584024598;-0.2319474918734122;-0.3191577192802059;-0.09910574703471321;0.018448830862782834;-0.1766724474102731;-0.17977102793605393;0.030324193723508037;-0.14081188134038386;0.9390228620607135;-0.6243910926453268;-0.4351812400517699;0.27563813820395233;-0.17261525777896178;-0.25744915802499807;-0.141526547774681;0.01974481026627776;-0.15302455176905586;-0.18491058616010772;0.020467434172958106;-0.2039094370377853;1.133206890043193;-0.49260437775984706;-0.3334730395396164;0.13931133910981824;-0.14225041091929136;-0.18668530675302653;-0.13698283557215007;-0.026407446208406588;-0.1313527669527927;-0.1659599762480796;-0.007144619126188992;45.78581529136398;33.700819527051905;2.945614292315692;52.82815190880756;32.15781820989601;20.738308045538673;47.33096841487099;53.28286447747821;28.37446001262215;46.12781936907561;64.20179249646901;21.55253593954031;52.52425802819037;58.771500023408116;15.991215292538644;45.68244922913943;27.70381406097787;17.253221461166913;10.271371762675274
0.9867026067048924;0.3593988784206677;-0.12834792037460593;-0.1970846715010315;0.3664549596815475;0.32123149358218017;-0.1591509470314018;0.24468325182398776;0.46496808644421705;-0.08179311489239868;0.23676857243240668;0.30008626883332823;-0.05803593912894247;0.3880848898172496;0.22979233230765247;-0.8121012510624613;0.4820104994337167;0.7883018246632875;-0.18716042170849226;0.23473253266151156;0.27414891435298333;0.06532542268987947;0.09789543922818036;0.06326101066356721;0.10463920273491525;0.17831375774423144;0.6534883975354503;-0.7356338206510632;0.5441106827217806;0.7765592723174912;-0.18182434843370018;0.19610838892778523;-0.011417487159962407;0.18622217474753439;0.00613027277433873;-0.17250996429632887;0.18280075273027335;0.060008180707162684;1.0314397192353237;-0.6418681892466743;0.5061883334923327;0.7410968125482504;-0.1445467343952104;0.18397983258618555;-0.11250852404713979;0.2183780713879023;0.005463079969677043;-0.22935714160367154;0.2063213329012278;0.007865535879852998;1.306451112206771;-0.5546549780729586;0.37175635225556786;0.6514815400771397;-0.10404677943006155;0.19193068294491267;-0.04930088036332944;0.10085257522219387;0.04629547261969463;-0.2117733966489705;0.1189647502476389;56.403421374285266;22.39189461218638;10.398227215712586;53.5586223319562;23.529338696613312;34.83050837342947;40.12477002667452;75.82925394160596;56.851360629785106;36.60990867639565;94.4850471794717;40.63320036693579;31.973492898498893;80.17241853900308;55.26891960903581;47.40615356451572;28.446770916210717;17.982674786667175;9.23414452850494;0.9980395604926846;-0.2527226185051271;-0.21590031602500348;-0.36325236975934483;-0.2730328764228601;0.07414803216365376;-0.2311964176305533;-0.2470240916101164;0.22742418306156553;-0.1173295839076922;-0.20889635791874148;0.16098822948325475;-0.09763555309157634;-0.2200412933393;0.2506456687011013;-0.9147111870579773;-0.4214423539679357;0.3391303649415591;-0.18096357118895373;-0.267931834023436;0.029426650130191686;0.017818497678922313;-0.17154567569696888;-0.05591443470801022;0.041905995665861166;-0.1442433511170074;0.6453833230690449;-0.7501161389830859;-0.4756273085766316;0.29971031685792704;-0.17267413127473433;-0.26670572831793227;-0.13772178069043947;0.07766494832129825;-0.13059659476936072;-0.1854907582857789;0.06978361562076862;-0.15845455604868122;0.9205815511894181;-0.5704746168522834;-0.407896769444505;0.23485234215938447;-0.13244097000941693;-0.21108678890610122;-0.17550492758730607;0.05613711216884988;-0.11125291711181542;-0.18575835915916308;0.04499828026543994;-0.20784228217481318;1.0834449262391619;-0.40790794109297934;-0.3099513098535227;0.09271213214473384;-0.11516288457484675;-0.16335442175314302;-0.15131861286439283;-0.010129112628429226;-0.10198894867619462;-0.15872442102802045;0.00494036287615527;40.412449043788286;30.964839140873135;4.834271677217615;51.823275618458815;39.04417053128598;25.760625339259985;48.25608137499675;66.68598571351325;26.604707852967234;48.246923505852;74.13673374136896;18.93960589045358;58.3666270621012;60.434108882952984;15.034843434925044;45.8743538425929;25.381419753353253;17.320833287198756;11.164111998212887
0.9864829248605864;0.3564438591911124;-0.10259937430420248;-0.2046664335586206;0.37028962934774423;0.3180807632325916;-0.16903034572209796;0.2514281320218774;0.45198643924109067;-0.09248684751898797;0.245031230049211;0.28583881554926316;-0.07123694820534347;0.38539208403098624;0.22447441136979518;-0.818909818143812;0.46915729205961004;0.7516942744188329;-0.20579654529061486;0.24826607954052543;0.3042099722265234;0.04023804428915254;0.11822006505096859;0.09751685724966436;0.08558267789071432;0.17416685792246392;0.6465609793560668;-0.7427144845602112;0.5318503674101797;0.7661669567008521;-0.19458378222697365;0.230125555928648;0.05663965566296446;0.1641727503582322;0.03959922860759635;-0.13780228306731218;0.16394911277718519;0.051684014355456845;1.0256918361990004;-0.649991892850685;0.4924595769891022;0.746382757853344;-0.1598859065495331;0.2188766772938987;-0.06388011016778676;0.1987844608230621;0.03400711452793087;-0.22515898733417508;0.1942516105596704;-0.0018495796004977336;1.2975628129413546;-0.5636423165186495;0.3617073301158894;0.6656399638475236;-0.11312846354897373;0.21289365376563044;-0.018223880260701847;0.09036268244946136;0.07066560436427392;-0.2007237841069832;0.11137560657103965;52.26086484691998;21.519364796084695;11.342098681516772;52.356114696280116;20.249737807957967;25.642937391640036;39.74927420538599;60.83908800373128;63.289900010162235;35.84652266965153;84.08312118201101;48.12096029260916;31.20798178335749;72.08820971925932;58.91851702224198;44.46174757399773;28.372133099214814;18.149600119961242;9.229305827977438;0.9973777512855088;-0.24507185558416084;-0.20480220388071904;-0.382133018369047;-0.24091821764698368;0.045871926624980984;-0.23325406951899938;-0.23211898148625035;0.14274337574032334;-0.11136487701331096;-0.22100971347071416;0.06696241561741839;-0.0891246080540049;-0.23623726192204061;0.31492995231123333;-0.9266032728861533;-0.3742366558821389;0.3871965948561084;-0.15496632877839903;-0.25075235416071545;0.03613933465736927;0.04471964743271642;-0.15638336887169596;-0.061382199653708565;0.06458473929309344;-0.165837095670479;0.6641033520619624;-0.7290163204480719;-0.4436499866879375;0.2921905489412853;-0.11664007912631227;-0.21697205344903167;-0.17390187236806456;0.13331938109786248;-0.08704352656426535;-0.19063487740053112;0.10684620312350004;-0.1748600113314169;0.9020201755292172;-0.5189668024789746;-0.3816760999611538;0.19614452638405996;-0.09444217515869593;-0.16715922093185248;-0.20726923283371063;0.09032958016839075;-0.07177769372347083;-0.18631489348729885;0.06803697756807837;-0.2112748609049325;1.0351813944340942;-0.32763048823582286;-0.28740092290898817;0.048715587113770026;-0.08950853214367219;-0.14117446675719353;-0.16461971296013078;0.005211082456294399;-0.07420847336707856;-0.1517051971795459;0.01631266169282309;34.57997654432675;27.41286211139967;13.733565096209848;51.14150602230726;45.575589910261826;30.530768757362313;49.5790572674483;79.73172693809451;23.97118488632031;50.85972503691997;83.20639553147646;16.86123343466793;65.38826271310421;60.98169754278216;15.098769051605949;46.129640262526465;23.41926305904867;17.506734949777137;12.24086539875551
0.9863375576384508;0.354076091156849;-0.0824447888005528;-0.21098509274430147;0.37209006926066673;0.31744780612631923;-0.17683325193559066;0.2554924901052;0.4419860617198446;-0.10028352231002356;0.250077659993675;0.2829561771453473;-0.08026407659552787;0.38203267098824933;0.2150634549394462;-0.8303902339208076;0.45875930234216133;0.7284087340651465;-0.2201545356406112;0.25787117490147576;0.32461026330394294;0.02450631697167062;0.13185120185318103;0.11548174969106095;0.07477818026844357;0.1693629877848814;0.6345333918190065;-0.7541111012544806;0.5205432421263225;0.760534906040245;-0.20622805413578316;0.25570463146422895;0.1089720325167639;0.14986750680471603;0.0642938539518362;-0.11512717097916118;0.15289647304388765;0.0441133197658751;1.0150177606200028;-0.6616268328523968;0.48083914238168407;0.7472016011620691;-0.1726510756153448;0.24443180426551644;-0.026518771312123313;0.18642154511960055;0.05505056520161901;-0.22099622928969273;0.18781750186035262;-0.010148947489283801;1.2859735772562029;-0.575322255443503;0.35408775731996056;0.6733285631381474;-0.1204177476584302;0.22798987811923538;0.003835788967517648;0.0843479451121052;0.08835640606157194;-0.1937052542930091;0.10785704315473248;49.18627797317187;20.708464859163044;11.242250009032736;51.908496551151906;18.783504885329805;22.107500417076803;39.73451677796063;51.64153021251232;65.13537055879165;35.461976411992545;76.42974995715767;53.38225584650931;30.85270833993497;67.00466492616518;60.584072929466004;42.12618406323579;28.22368991037965;18.394051300068;9.333691439043212;0.9971473604919556;-0.24383197949258628;-0.20495527767365956;-0.38596736055350767;-0.22682528747098543;0.03406146948507894;-0.22976272126411518;-0.2267454781196499;0.10676627255665756;-0.10546449524736291;-0.231023749780808;0.014106764903908792;-0.08157233616594911;-0.2520367757724805;0.3567460571020254;-0.9157223118443403;-0.35604323944626587;0.4170016042021421;-0.13854226790317453;-0.24211587491801786;0.03896503831584795;0.05947763824957479;-0.14840816952692515;-0.06557482893606316;0.07669269839734752;-0.18194007480544372;0.687304984889803;-0.7032138130934413;-0.43736174392221766;0.28792724716946094;-0.0850337347122628;-0.18534250095947932;-0.20225941600750133;0.1626340513831848;-0.05829143747345186;-0.19721373711542556;0.1268974761136036;-0.18708620545052213;0.9074261360167893;-0.4798650559538975;-0.37920817319558925;0.17097807869941406;-0.07205115366899188;-0.14004385553995555;-0.23283138675356083;0.10950601027910735;-0.045792649993996126;-0.19080796553485377;0.08131497510091863;-0.21617150062931298;1.0244491818197747;-0.27597868603344566;-0.2839435796330922;0.026249913460260732;-0.07427898423881779;-0.12680032547595704;-0.1769073001235454;0.01403944807745617;-0.05510648919137901;-0.14930539571444285;0.023101008682700534;32.51088698018714;26.06340077902538;20.525649336946948;50.44942102874169;48.68844298289407;33.09624022628995;50.523493472070406;86.95186341847408;22.24688903784288;53.7171397954832;87.49430083084911;16.2281103568614;70.06748786051719;61.85404741538934;15.95299072961385;47.688505582109215;22.842302559458318;17.490552330193065;12.616669020834468
0.986368803754544;0.3528888479598514;-0.07512072457855487;-0.21431304958130104;0.3689849804766471;0.32253063867880377;-0.17977765370810744;0.2532192891670257;0.43864093371907875;-0.10134420408516384;0.24754830161913982;0.3064200979895649;-0.0795975846155732;0.37690737206905106;0.1959212413878987;-0.8524731074812939;0.4537781698202781;0.7356434193529525;-0.22455612678521344;0.2582757230559591;0.3225035897320943;0.03044501550325521;0.12992813670165848;0.09555394271148167;0.08308952634752688;0.1629041040805829;0.6102031778379864;-0.775315635486687;0.5111123978465312;0.7655942759456908;-0.2152757559335742;0.26170670471439517;0.12503750986255605;0.15342717058900168;0.06871047307703321;-0.1202617936958795;0.1598637553909164;0.03821242981527551;0.9922778596349863;-0.6812388916940673;0.47380524799105495;0.7372537272346684;-0.17944300326810597;0.24830752931082511;-0.015094782743936738;0.19072562302537907;0.05875908883703884;-0.2167743718590169;0.19438160783914016;-0.015214482281648725;1.2673716810933704;-0.5931114122751817;0.3518991279697959;0.6656749689580251;-0.12353342464386403;0.2294273111925538;0.0050562689401443175;0.08867773302038964;0.09058239919450302;-0.19593471845296517;0.1137501771091229;48.72427086150609;20.149657925247606;8.761696085941786;53.44540602639539;20.026220229952653;27.115159484209105;40.64199795386899;50.70279271763116;66.68236751482051;35.96422899644281;75.05921152368236;53.84181855349223;31.38134638197245;67.06702612751972;60.14946096478783;41.145369695148055;27.881018671322174;18.81314936862879;9.703193135150375;0.9979422624870664;-0.25815775024323884;-0.23283626523578138;-0.3538634050308744;-0.2540142046804315;0.06012665362253415;-0.21199642554952913;-0.2436980390176316;0.18259916062238174;-0.09849390500895133;-0.23813929853808358;0.050898249699994694;-0.07477875852903831;-0.2703720693695051;0.3525835933524899;-0.84698881082217;-0.40527213025620346;0.4085883785802605;-0.1421285442515826;-0.25268258091332757;0.03287707784609256;0.04764114008842705;-0.15641267062312683;-0.06756881159207692;0.06550079422415024;-0.18811388255876835;0.7267877353565634;-0.6606002989129991;-0.4929397420588213;0.29085525992332834;-0.10659694608452086;-0.19140074839879065;-0.21761482087898862;0.13369520459135367;-0.05968894948165275;-0.20881248734099084;0.10957628184423815;-0.19176833763129353;0.9731870269722733;-0.462979201947162;-0.43465402005631576;0.1736892955671929;-0.08316609119247151;-0.14840005113853;-0.24877805526141789;0.09601069154421397;-0.04733164789074306;-0.20600821886354023;0.07353510865604412;-0.22580527864072114;1.1039284162641199;-0.283557111153985;-0.3267126074458393;0.05179053537706494;-0.081380588909029;-0.12853631293092174;-0.18942861681225123;0.00879606270540138;-0.0532077857846358;-0.1577860554169612;0.020112733655546458;40.633068835923446;29.4023336820961;23.63088904063837;48.72469187620702;44.78378990182961;31.324876391953612;49.960156844497;84.81168087664024;22.90671512176494;56.0146326033467;84.73705984665867;16.941247900657576;67.09967683002425;66.22003473615884;16.164725070690988;52.714435499431374;25.02938769483358;16.561677257562867;10.902908364710628
0.9864000498706372;0.3513497574398113;-0.06784424082554556;-0.217357195229343;0.3655442759568417;0.3271850602914428;-0.18248133361563124;0.25071823370035934;0.4348908382004405;-0.10227956357132477;0.2448015102213726;0.3291542387906579;-0.07885863564435049;0.3714730879348121;0.17690382203385407;-0.8732738602555733;0.4484044316639538;0.7419764557509948;-0.22864450104881603;0.2584007003842333;0.3200930600982725;0.03624872313325126;0.12790126422643233;0.0758704565829561;0.09116922905738496;0.15638517577361916;0.5856504166985327;-0.7953346881779326;0.5013055134480899;0.7697580668890676;-0.22393956134427748;0.26732863403472323;0.1406927692857298;0.15676326404158247;0.07297808223601904;-0.12518056701927585;0.1665416528520551;0.03237342024888273;0.9688846548899774;-0.6997923327471934;0.46639316797000474;0.7267001167176926;-0.18592792088439025;0.2518540804184423;-0.003852734308238486;0.19475387507959474;0.06234136902845031;-0.2123968728284219;0.20062688475760754;-0.020176222967887233;1.2477544962585323;-0.6099665278064859;0.34937704034634093;0.6574514385335425;-0.1264647689024022;0.23059772762375264;0.006250273518590106;0.09283894305760512;0.09267424334324477;-0.19791879298227566;0.11942119567085217;48.2592214977599;19.60624027758039;6.5788189390464655;54.91463423498466;21.25363696952944;32.66853641690712;41.575861896264996;49.91629765188669;68.1152767435427;36.465841513198804;73.80166243425703;54.23610144422414;31.91110055154296;67.14573997768132;59.72549649069389;40.28288198674699;27.504035645685153;19.20740861062034;10.072786463980986;0.9987371644821772;-0.273400503208633;-0.26362277344847734;-0.31582792165872053;-0.28392444073133105;0.08956315270438425;-0.19088040411084647;-0.26199264727613464;0.2682085159598323;-0.09014536871431952;-0.2452533252888978;0.0925896498563591;-0.06673042723400038;-0.2901306152078349;0.3463769042243539;-0.7651844980406058;-0.45965552912498686;0.3973075095451398;-0.14562214832562437;-0.2636667767510733;0.02580660995839401;0.03396209176829981;-0.16487894588887853;-0.06955889488582134;0.05248164052102661;-0.1943633187045315;0.7687341845616934;-0.6093198288488806;-0.5541898532281662;0.2929807905866051;-0.13071279421847906;-0.19750490346519486;-0.2341988214619544;0.10017995167925486;-0.06103245477976773;-0.2211545089767574;0.0893930293812441;-0.1963036619868891;1.0440380592608056;-0.4418224423122569;-0.4959959522487337;0.1760550469777831;-0.09547947822438946;-0.15730019647874813;-0.2659058989832434;0.08024125424424065;-0.04888767356551778;-0.2224637686543422;0.06436863165574355;-0.23583867924580929;1.1898601371917459;-0.29100949086844874;-0.37406528241353665;0.08066425226774793;-0.0891304842183589;-0.12997907476181828;-0.20290197098782103;0.002787629602023558;-0.050824070699644244;-0.16678893312543008;0.016625668118908712;49.133036375946716;32.03008312779021;24.25751988974232;46.46621137705435;40.704900432531375;29.24673653285767;49.886087005933554;82.27485833680296;23.45907030264095;58.30371021331036;82.07379583482174;17.61514066818702;64.61225686404738;70.24334812857737;16.3835468315411;58.449672568128285;27.404646937578146;15.265082402302193;9.107305593376331
0.9863973110828048;0.3493503799155613;-0.07251560345745582;-0.21997500715682194;0.3621376288548332;0.33148516281941354;-0.18088022442303664;0.24708314577573232;0.4392326011779608;-0.09923746415129828;0.24415370363460545;0.33809677513307185;-0.07521372200570521;0.36416315363687557;0.1795387239353372;-0.8761479567617031;0.4473897523831299;0.7521063358833793;-0.22539360601468206;0.2588545539854746;0.30923473878698315;0.04046658756986028;0.1295803978955049;0.06527428042800532;0.0945375596893057;0.15174288849805537;0.5852900966566161;-0.796498335557555;0.5014946745206239;0.7742582326419428;-0.2215439318750776;0.2651953015330761;0.12533358453548846;0.15951689075268216;0.07082718656432438;-0.1322301374643734;0.16906237717364328;0.03217700174551296;0.965542517955427;-0.6992406596179438;0.46813149913652674;0.7197448313934378;-0.18249634197215378;0.245564517994217;-0.01620266046161646;0.19665554942843647;0.058217439271998385;-0.2097109799356621;0.2012452186525745;-0.0168964140477588;1.2424117166334523;-0.6080611588926021;0.3538033292888008;0.6425069343928703;-0.12313816955922834;0.22478031495501102;-0.0037711008329378154;0.09565172808990348;0.08624485945372251;-0.19892045483216064;0.12091644285856201;49.55609856506729;19.688260133249326;6.428642022930009;55.40686863431741;22.135252097353774;34.91616628820377;41.93742385680119;52.07475209571523;67.25374026188243;36.85479526347943;75.89096890412047;52.171384211812004;32.55840064722911;68.92955393204628;58.48673049210142;40.68503524758874;27.287500937752547;19.09666932362154;10.086137638618078;0.9992788987220536;-0.2838668297111589;-0.277134304041923;-0.289319581962105;-0.3074239347483583;0.11452097765113654;-0.18035137875128468;-0.27641976815836555;0.32787109742576376;-0.08770868129480304;-0.25222227078024995;0.1195771068503934;-0.06464130285104969;-0.2955609919565438;0.32024767131408644;-0.7278145814550068;-0.49839162844508034;0.39796781854499746;-0.15395590655263525;-0.2743094280250585;0.03407005830646603;0.024177902461915476;-0.1738358863597637;-0.05796015808354686;0.04363605173956132;-0.18917197246484643;0.7805693767404371;-0.5957561690228685;-0.5983114206706831;0.30888594851702317;-0.15380521870988176;-0.2090153866614924;-0.23451359771983554;0.07877011128068324;-0.06677864082542458;-0.2248896969306371;0.07716152556922401;-0.19061199977183538;1.0836157881636308;-0.45089323667366243;-0.5415072426688218;0.1932873588660201;-0.10799406641024716;-0.16999840462860397;-0.270772753691386;0.0735753602641091;-0.05379509759582547;-0.2318252827808291;0.06131879305315528;-0.23557734661435384;1.249977518400974;-0.3216794898891558;-0.408428368698495;0.10938303206567727;-0.09870434157043616;-0.13570843564930218;-0.20876433651410528;-0.0006563993879408364;-0.05310024594251425;-0.1733020365168136;0.015485406753767608;54.129520059118725;32.40942642489701;23.975478866691162;45.975498714393524;36.39047607248515;26.525224904042712;49.7875781385942;79.56795258921375;24.507798116064958;58.7029939671353;80.47117686431992;18.569219022936778;62.31276470466708;72.4184533005122;16.746584066309904;60.40331583318552;29.340991839242623;14.627678530293023;8.118881910274121
0.986323090354618;0.34604767359971167;-0.1021287753598347;-0.2216273036742423;0.3583945918909087;0.3349418686865098;-0.17013255586542889;0.24076640389689208;0.46020158087016766;-0.08774178216322834;0.24765282956393944;0.3184298409341203;-0.0653394729663728;0.3524064236463161;0.22712734692876482;-0.8411775418386612;0.4550460169936202;0.7698979118508132;-0.20659535184352634;0.2598043484332544;0.28018668698239046;0.04150774920185616;0.13891995050909473;0.07313363374532388;0.08816029497603506;0.15071512618374755;0.6347359319096659;-0.7578886774996608;0.5220708255103684;0.779009007507502;-0.19590286696200182;0.2466587258927179;0.04486726605234645;0.16103297654676033;0.055203694705836547;-0.14385658498953577;0.1629002742643157;0.043675390875938906;1.0029931656152242;-0.6584118488041155;0.48858106866895973;0.7194521985698199;-0.15818837600373298;0.21841360534070733;-0.07801412956613187;0.19405074873900738;0.03788389530767798;-0.2102794744003384;0.19003257554881348;0.0036428517361650195;1.2655662255160045;-0.5666182193956881;0.37255059616825725;0.612552819497147;-0.10658937247038859;0.2040545108412148;-0.03745772586236174;0.09568746434450098;0.06180733903530553;-0.1977595777478337;0.11369139145959987;54.54738644159833;20.978997461320592;10.125349222426031;53.84077574748663;22.740108382168312;29.48269898868542;41.127538029656236;62.41654369646274;60.01213629013852;37.04033497134981;85.73296350007637;44.613240907883764;33.61658214660184;74.99421285266483;55.0929503143032;44.22711965624584;27.351449779394702;17.93886685038985;9.363579062882723;0.9992881341083546;-0.2811152302608917;-0.24775032373731135;-0.2969778771077037;-0.31055084756012413;0.1228007138597013;-0.19739897380208982;-0.27867162287701724;0.3125766400991023;-0.09973974298532522;-0.25752538224414306;0.1057491898067756;-0.07699199854524108;-0.2670628043097149;0.25561892701995814;-0.8043340245043037;-0.4917979874182936;0.4268225301190396;-0.17158200810936453;-0.2819104148107955;0.07563946211433974;0.026009320362714614;-0.18191640161739345;-0.01814567431289622;0.046841587344061617;-0.1593015380654572;0.7213082248393011;-0.6740455954526785;-0.5924651396855045;0.3530449259824437;-0.16876760598986898;-0.23039986532506543;-0.19764104357441348;0.09110265043181501;-0.081313898423025;-0.20821399653865222;0.08666335234066048;-0.16317874879141786;1.0427211048807397;-0.5282814685194936;-0.5395695037963872;0.24070458458581584;-0.1178972006232175;-0.18846661186781075;-0.24658373317385518;0.08983195541470622;-0.06525856265576035;-0.2228037142080411;0.0733183659436196;-0.21207942466265312;1.2371587663011667;-0.39854156991967443;-0.4045702473857156;0.13040945507466092;-0.11016909169615424;-0.1501003667988029;-0.19592408890422666;0.0027260215546271844;-0.06564477168698887;-0.17269746419026266;0.020095377191654596;51.48525095321576;30.004203219796334;25.207803137464243;50.59009102492386;32.48159688781649;22.401915767571676;49.32293529723308;76.80870217693624;26.864045092899627;55.64016628368854;80.61393580128004;20.200299779791127;59.78259212619355;71.22982551059589;17.51797580415634;53.691836843439;29.680370812673562;16.05619663555727;9.007843388984494
0.9862488696264312;0.341377706281139;-0.1313669771421091;-0.2224074499862513;0.3532352093099025;0.3370814032607748;-0.1587041648811148;0.23349462451528827;0.47937593897707603;-0.07588947798061618;0.25017893195744495;0.29748924671396393;-0.05519842875521968;0.339249475008798;0.27386501126634216;-0.8028584238225397;0.46091555899696074;0.7846710253233905;-0.1869651188974616;0.2597308366393139;0.25000698048387876;0.04238625200675234;0.14772057403087946;0.08071201725415181;0.08142953538106285;0.1490922600955703;0.6817256798682894;-0.7162552585410549;0.5406080892436266;0.7806932310548363;-0.169465588273483;0.22713247910839737;-0.03585102823965668;0.1619156580988033;0.03934799870063148;-0.15492677679689942;0.1560902396422922;0.05501233599015416;1.0365247981986494;-0.6149493603869576;0.5071236550922499;0.7163230902956708;-0.1332341173844129;0.19037632858842357;-0.13957574413162446;0.1906785360236233;0.017382028754495255;-0.21001954218053462;0.17806032679916423;0.02418692664993913;1.2837532688978353;-0.5229028951345186;0.3898467028919758;0.5801559607089942;-0.08960493658337329;0.18250494534179343;-0.07102812686092604;0.09534601777397064;0.037103355408651784;-0.19581801545996236;0.10601140601277784;59.483848895641984;22.148835969335423;13.951972616612093;52.10189108028312;24.046466362398867;24.021782930301605;40.4349861104123;75.6222103936687;50.73699598553356;37.26827465010529;96.14631296950974;37.32442038369172;34.92051339528479;81.98644946819624;51.233603072256685;48.64791001385438;27.233361944263656;16.74902098328084;8.664674337942067;0.9992973694946556;-0.27566090546981076;-0.21695897993435595;-0.3013990021785542;-0.3104691050022964;0.1295570376677617;-0.21186258716521805;-0.27806423278727005;0.29471927696267647;-0.11034165482529702;-0.2600697330228932;0.09136703658976575;-0.08812874224093059;-0.23693272166311224;0.1907785020115345;-0.8700695286673097;-0.4805403968743645;0.4503794989173882;-0.18686056188379205;-0.2864264978918376;0.11495212337331986;0.027515266808278083;-0.18789143271075837;0.02041037204666935;0.049464317314783804;-0.12892299602900026;0.6569992925403865;-0.7427858309744055;-0.58092442698136;0.39208832861574355;-0.18150679463248218;-0.2487146238516231;-0.16013133865379506;0.1020812369376906;-0.09451314955118166;-0.19006562495961885;0.0949578098854095;-0.1351106360179767;0.992910792957632;-0.5976060860217819;-0.5323233085347797;0.28400827270446655;-0.12626711460755605;-0.20438852055890633;-0.2208111771658475;0.10460540754708357;-0.0756571101902198;-0.2118873408396171;0.08415329942395139;-0.18731692754714235;1.212471242072498;-0.4686523223404614;-0.39681878468174625;0.1493758207124437;-0.12012120320048744;-0.16247579935921477;-0.181595023893679;0.005958992689920308;-0.07708144916322278;-0.17039327422902684;0.024338380967817975;48.710937908118154;27.650349265576082;26.282021914684645;54.9522555382005;29.69511956021082;18.144300938610442;49.79827454745799;73.80937590691347;29.013022986617475;53.34304705412973;80.36048130312237;21.78821767568334;57.40971112770859;70.06036167255346;18.42742274660549;47.83373473083207;29.50697693262141;17.348572585442103;9.947647112216455
0.9864987313356538;0.3397736342321121;-0.15171030730993265;-0.219133275326161;0.34890511731501705;0.3394654309604408;-0.14631910336362852;0.22918183770364675;0.49347152419698226;-0.06533716062606981;0.2509192624031812;0.2777075825574543;-0.04605238591079691;0.33544482591981595;0.3242337653515818;-0.7520000866550708;0.46665952099620656;0.7819761492563788;-0.16937976703231472;0.2577530849859953;0.22133657307946858;0.04033292286003942;0.1500073381649359;0.079438776527646;0.07341599125356653;0.1560314432985652;0.7313485384979778;-0.6639152837064668;0.5528691042391087;0.7660486525420545;-0.1487339743879303;0.20567811448566775;-0.10486084298513236;0.1551882106546777;0.020902044611169075;-0.1680937097192213;0.1447739527669987;0.07199672412280655;1.0711249158737282;-0.5626177993627997;0.5192286396561527;0.7003071209156173;-0.11567095481733575;0.16526614482415514;-0.18996436370184705;0.1794578786074296;-0.0025785293624782345;-0.2113338083335104;0.16219633277323797;0.04931450410183929;1.3027596490529705;-0.47116881259126464;0.40052517477314115;0.5510718105256224;-0.07842138317951738;0.1629044537550541;-0.10000495157582405;0.08996798075990568;0.015302966325708274;-0.1952676631210723;0.09567411350692781;63.158749991106795;22.6677816394408;17.061806511878086;49.029205929543046;25.288318310082833;20.649038965075658;38.806134403482616;87.78054937653744;44.25999067878119;36.883240471089664;104.47754979661693;33.32852440167632;35.42547203774393;88.7810200213897;48.3121633685409;53.07765046230564;26.96765247441828;15.468961402134038;7.937097384931732;0.9992658573201788;-0.2731173790597355;-0.19895565414634964;-0.3021173552406869;-0.31428628218565346;0.13502281606266076;-0.22010364894453727;-0.27940747047114073;0.2888504821239898;-0.11704497783415252;-0.26276075342706934;0.08717459587958523;-0.09564951625665519;-0.22134852808414698;0.14337925506603996;-0.9069208904741827;-0.4762867089580723;0.4679033194528657;-0.1988232555068345;-0.2902468994058471;0.14482637992794614;0.024199924991884482;-0.19342649927598066;0.05072068240442718;0.04783916186191517;-0.11136717762164484;0.6115596915492931;-0.7833211955645797;-0.5757811086145942;0.42158251449734685;-0.19108386230306348;-0.26256977838360834;-0.13278318493793076;0.10580903518522197;-0.10525586917576958;-0.17551775183660648;0.09726302270941302;-0.11789727801814674;0.9587105672429291;-0.6404366688644367;-0.5317757518654131;0.31565230764534835;-0.1324788486521228;-0.21482434900906733;-0.20390874451712127;0.11245348288304474;-0.08304666483265376;-0.20451065264607388;0.08952986046686996;-0.17183705477251546;1.1965709591337754;-0.5138374363343288;-0.39600663500461214;0.16312392683526214;-0.1256118773652434;-0.16979818674045358;-0.17233421449501987;0.008405823764265062;-0.08462646683520375;-0.1683042228502955;0.026578820723485268;47.11450673696862;26.342885766840663;26.422802673697312;57.572076251031156;27.392093081424484;14.852430501876569;50.32732428031205;71.05772432195995;30.20258613976809;52.10899638405925;79.94683752882909;22.717982240035223;56.006067039150345;69.36684658957098;18.800809703789547;44.38954413161455;29.412975622979697;18.1797222277107;10.56609192586833
0.9874336411299404;0.34488428521311104;-0.15352477222389785;-0.20751255228588633;0.3465928822202974;0.3426431308277906;-0.13202028944897978;0.2312644422690267;0.49732239679713924;-0.057550126217059495;0.24811259349910175;0.26055049925119717;-0.039017717358900916;0.35155574617536384;0.38258657298876925;-0.6753138159540999;0.47252897696953833;0.7432093422756567;-0.15619649774333866;0.2519800321010839;0.19596498672609539;0.032148542934990504;0.13873379386500673;0.05962958430677686;0.06275224321717651;0.18109964109718654;0.7871878088332633;-0.5895237684934813;0.5524142874512996;0.717691047338117;-0.1400736331800418;0.1803006120715464;-0.14948049480804995;0.1325849142337644;-0.00300283744263132;-0.18582651159603947;0.12408657721777024;0.10093626510625174;1.1089026092445622;-0.4920131970281526;0.5182511749099862;0.6577541124556024;-0.11369923299786903;0.14639464788265294;-0.21712319923340812;0.15187219080166664;-0.021440100718504548;-0.21612960641402398;0.13825827489182435;0.08415816626272536;1.3245798716727017;-0.40287511479843;0.39764395462572527;0.5293426081695564;-0.07946941823170961;0.1474958257042401;-0.1194640602676686;0.07407084894470661;-0.00042386167695654284;-0.19779793315713964;0.07981246037143325;64.30091017156751;22.014694029802133;18.554773024798802;43.15868940620724;25.182602014361606;21.948393519014857;35.33945741435389;96.10995216151383;43.41352673719986;35.488788093655835;109.21929096744162;33.77413743787102;34.01557718831052;94.42105684516558;47.28664002351358;56.49002869581808;26.43867326158372;13.987843906351582;7.106787073724679;0.9991482126211962;-0.28096543684462894;-0.20902981431832982;-0.30025161822230656;-0.33195794999334927;0.14066596494008607;-0.21994982604727598;-0.2896720465890523;0.3122446369055534;-0.11830910713051779;-0.27047197896300185;0.1052821009859228;-0.09805305718634935;-0.23816104535083918;0.12958947150941016;-0.9027205024887197;-0.49420477945825286;0.48262165275565433;-0.20852241220683465;-0.29791380879359053;0.16071843239741176;0.010845148067687903;-0.20190598954284902;0.06800905219923939;0.03795789717382534;-0.12053931537545824;0.6107990002997059;-0.7825566143619872;-0.5931148044478374;0.4414709404036775;-0.19832407461002438;-0.27305159995424033;-0.125873694946318;0.09657142283698678;-0.11382384642775802;-0.169831562548516;0.08893850771053768;-0.12344580791832169;0.9694561216652323;-0.6433973609705068;-0.5541053404913859;0.3317375710708307;-0.1370942829842699;-0.2185595583547736;-0.207099302335616;0.10858510210586127;-0.08636147372914552;-0.20715121439110898;0.08559719269084647;-0.17693137213367238;1.2173809718752642;-0.5205651787724387;-0.41626409151770033;0.17022999738427555;-0.1244962190903069;-0.17022321086686087;-0.1755362680661204;0.009622009339143731;-0.08629542986572776;-0.16926110548554005;0.025328298669067325;48.17814829527323;27.159742995410053;24.91212866905125;57.19404759412483;24.406439226594223;12.721338307369104;49.58058101966676;68.84899662708922;29.884705794089044;51.752703448147244;79.77387542865054;22.421984864205214;56.31739026270846;69.6134572766729;17.852960176964622;44.35777993794841;30.2410186013083;18.357390081072307;10.460614234440731
0.9883685509242272;0.34678970187046965;-0.15391884735478067;-0.19416801350112434;0.3411632983170781;0.34266289110472803;-0.11672098350989478;0.23121648489467703;0.49660034880375614;-0.04934860684872205;0.24309037487992272;0.2412647631005767;-0.03172649012595074;0.36424755696808825;0.4366497949821598;-0.5935591822868099;0.47402269343653924;0.6982289167650526;-0.1417775009874092;0.24399761144139853;0.16916608982934775;0.023786043144320913;0.12635660400281523;0.039554497275892435;0.051666814419258404;0.20417291129946402;0.8350958151672877;-0.5108115129689075;0.5469459032722378;0.6634853278112729;-0.130261065188127;0.15363822696815627;-0.19212016783939792;0.10909168877264967;-0.02654740136916029;-0.201623624843348;0.10255980714665307;0.12855540619084765;1.1360771739757276;-0.4179211958974829;0.5125778713574206;0.6098167823776014;-0.11072177160112075;0.1264557404338322;-0.24193062788726308;0.1232907186121159;-0.03984407154850583;-0.21889457712114438;0.11339732818157353;0.11775164137487022;1.3340593728611445;-0.3318718401730221;0.3911894007554239;0.5031058795488779;-0.07978069743726379;0.13096153757715717;-0.13756647971215533;0.05772209069477129;-0.0159277397521807;-0.19849552174230192;0.0634465113114857;65.40655344831664;21.352512252635922;20.16498163223689;37.010405829064396;25.320378456940848;23.74034179456127;32.645657660143975;104.26013115711694;41.582646626457816;34.69661059748088;113.57844427030165;34.15476321685959;32.93986152851706;100.20310165891696;45.88020414078479;60.15274140156866;25.45084433402829;12.50001135640718;6.307105519039063;0.9990305679222136;-0.28919517049865756;-0.21960787044432542;-0.2982613578952885;-0.35051672624304214;0.14658920639936504;-0.21976776894943761;-0.30044298357583743;0.3368248755476837;-0.11962799054854338;-0.27855874078251935;0.12432021248203864;-0.10057238487289263;-0.2558246905733323;0.11507167491282348;-0.8982188987229622;-0.5130078189226477;0.49805986333770513;-0.21870603815733955;-0.30595142716722157;0.17742094295898672;-0.0032041221856156828;-0.2108072225169201;0.08618892280959813;0.027560018097002044;-0.13017665386512633;0.6099425833348092;-0.7816802951484312;-0.6112940188077288;0.46235150724829216;-0.20592200535494407;-0.2840525935614577;-0.11859381804893766;0.08684522469523973;-0.12282626935836675;-0.1638344643389608;0.08017352540652846;-0.12927110208436152;0.9806704393388138;-0.646452572954118;-0.5775434682465913;0.3486275834461428;-0.1419367708816085;-0.22246861352153013;-0.21043647789424588;0.10450584641987506;-0.08984046647416434;-0.20990982856492776;0.08145242770943557;-0.18227394378537637;1.2391595597285592;-0.5275943654918356;-0.4375351725078933;0.17768940663693275;-0.12331116634704868;-0.17065463685241783;-0.17888844171450505;0.010900464036805212;-0.08804311633230039;-0.17025209721606044;0.024010507268772453;49.21723572353252;27.98846013980783;23.443304994221634;56.82588901550539;21.519035713222483;10.804269990263132;48.81998950795467;66.57132567997357;29.386206672888562;51.392527919447026;79.59448302579494;22.110361245400114;56.616133172309844;69.88601201088237;16.885832174570183;44.27348887373595;31.11645121397505;18.545575025707308;10.351371474552785
0.9891901484925414;0.34514612464128713;-0.15181166647625796;-0.18078948068303963;0.33209315420455177;0.3371903718237854;-0.10235271930765251;0.22845039187606572;0.4895777433771518;-0.04195291026314822;0.23519995388614928;0.22526260008182952;-0.02522708301449723;0.37243072078370715;0.4840803055089602;-0.5157829336075342;0.47027002261621587;0.648221025523502;-0.1265266317127232;0.23315350643308957;0.14009475393193582;0.01717553431269255;0.11333174574726504;0.020299293577912922;0.04200526194111322;0.2236543022452233;0.8714221994200876;-0.4365800080684632;0.5362767706515282;0.6053435047742443;-0.1195029304068981;0.13097898639977865;-0.22546314257609937;0.08737910931863108;-0.044177266755046844;-0.21155613043815358;0.08264795011709555;0.15309934724693972;1.1494806344092696;-0.3487297682110508;0.5019536931615334;0.5592546647461869;-0.10596089932262595;0.10928623193006512;-0.2594002763841659;0.09726746954717388;-0.05383378525257577;-0.2187694738696093;0.09067836042888949;0.1472156984875583;1.3278940979700564;-0.2664743997602633;0.38160466741434146;0.47207849227275417;-0.07858051871999583;0.11654111483193731;-0.15101013496800123;0.043036055782224976;-0.02793798523531312;-0.1964666764011933;0.04882967874482173;66.12981721209185;20.825915524520838;21.157007043485894;31.23544900068063;26.19214308903802;26.130545584918753;31.151479902396602;109.94393161092894;39.45050238096448;34.5785339758117;116.40750182960663;34.38911774793209;32.41013053154052;104.61347214742354;44.47757810087326;63.66362856095288;23.99838569123995;11.126141789720636;5.592772132003303;0.9989266506548669;-0.2972915021373552;-0.22998768436190417;-0.29689337279229877;-0.3658097565738941;0.15229680525412978;-0.2202750542039628;-0.30942110953231905;0.35678415824951026;-0.12126268905761106;-0.285530116299048;0.14171035158406153;-0.10316978102780656;-0.2720666663085803;0.0997650536008336;-0.8976637519116859;-0.529948326300964;0.5111113415506093;-0.22689554167245926;-0.3123459441700494;0.1918845200829901;-0.013692617501996872;-0.2179501195363846;0.10231158717426017;0.01988518016294839;-0.13964182260193325;0.6049889450495655;-0.7838931928191647;-0.6272113763310349;0.4797365081525915;-0.21159563998075923;-0.2911335041737604;-0.11159564657811952;0.08087031678795753;-0.12848147762167744;-0.15775232384076723;0.0744377734913788;-0.13523923388715697;0.9853822393549267;-0.651599361521511;-0.5977420075892517;0.36348530216387603;-0.14518137275848148;-0.22444815304932306;-0.21299898637108042;0.10313670986310662;-0.09157379483389995;-0.2117234423570619;0.07939943685232974;-0.18764920212774816;1.2527166449892349;-0.5357839077823668;-0.4559899977777159;0.18425714596698733;-0.12157168368918538;-0.17086504091181665;-0.18128232246365633;0.013098652367143988;-0.08875861610419016;-0.17007222965665203;0.023732381819357336;50.15712268539643;28.513945600680795;22.044044110785475;56.71346175069815;19.317400040620395;9.390231206931876;48.31317216199353;64.83934483691044;29.005489979412033;51.090116463962325;79.67540389309467;21.8797815474867;56.800058849025476;70.147794540881;16.194291824797855;44.10165780537375;31.761249841317944;18.770434760534226;10.32110320419398
0.9895040183824972;0.3398056461136734;-0.1441140120350834;-0.1726116048257908;0.3182514267589743;0.31953515050280606;-0.09463500083503198;0.22163955276624392;0.4718677698421687;-0.03899360762978893;0.22266995151959565;0.22960864869435313;-0.022599029622218176;0.3741633057462899;0.521260939669569;-0.46835420159206015;0.45971483932488244;0.5963664712300749;-0.11133596884111582;0.21752258034620445;0.10501825955593747;0.018169117644547737;0.10078975943105872;0.0044053676199461095;0.03927124454682115;0.23611543038710828;0.8889891941616609;-0.3923617160184098;0.5208709928754777;0.5482159307867724;-0.10826995462070123;0.12837697391060263;-0.2286071160487773;0.07510094273290645;-0.039259974803184196;-0.20426784745054258;0.07139407344216786;0.1706829884852489;1.1431415596381347;-0.30864953435403847;0.48652720448629155;0.5139560234690186;-0.09702084448635782;0.10654013482726814;-0.25533733876853043;0.08407610776447147;-0.05169975878541381;-0.21366848875871944;0.07896733604093215;0.16532206132839564;1.299225806107839;-0.23060903380699735;0.3709512800193946;0.43520338112755913;-0.0735803506238631;0.1141504387692748;-0.1504275363193443;0.036120678126645905;-0.026748371598829986;-0.189353682431897;0.04253256427794489;65.31054471260599;20.931021008527566;18.912343278144284;27.77319404753215;29.417994231334777;28.250097414595828;31.287177990722984;108.63953671970934;38.378218724329706;34.942610485551086;115.07907651158085;34.465815342842355;32.90629512429718;103.44843402449473;44.2769183187226;65.76582598704701;22.200688534456155;10.136092062461502;5.110772989852768;0.9988842430519392;-0.3029715282646864;-0.23715514333199977;-0.2987116367082137;-0.3624472630951824;0.15573663957731676;-0.2238798840082565;-0.3080214723622975;0.35072653280126165;-0.12400879707877589;-0.2857347779008985;0.14757955900716155;-0.10555713116274153;-0.27808652262141287;0.08409709990377986;-0.9156276051529451;-0.5344286187843995;0.5100988767199125;-0.22394398775314936;-0.30962699483819933;0.19269504903222942;-0.005222736399704728;-0.21528484486255198;0.1052775160620895;0.026630346254759137;-0.14622393326313501;0.5818848286432966;-0.8000178795100893;-0.6290141781601564;0.47692401757742947;-0.20700533240677094;-0.2782939782400363;-0.10743366065481122;0.09375275798382303;-0.11722286068416174;-0.15258575577801886;0.08412762855320623;-0.14056232212366865;0.9585426340354416;-0.6653588741420415;-0.5983174159530131;0.3655567133613207;-0.14022566444236476;-0.21694424890863415;-0.211357901892617;0.11474415440762276;-0.0847493372506266;-0.20869961062212797;0.08757965952082297;-0.19198868507118982;1.2247227179357612;-0.5475728777331429;-0.45719590889075945;0.18520210922378008;-0.11760601469201405;-0.16998036826492932;-0.17865250967381466;0.019121556311957225;-0.08447858377953009;-0.16443612830704743;0.028379808956956378;50.7628335882;27.666162260912802;20.759169003569422;57.67272957228685;19.790453194719444;9.231828200476109;49.02686742883967;65.8489636230221;29.942164409553566;51.092492014364595;80.94508807492018;22.060924188672175;56.532161622683674;70.25248273552086;16.827720953583732;43.78283780391538;31.149104929268255;19.093737427153336;10.66105981003989
0.9898178906829984;0.33414114545288104;-0.1366924653753834;-0.1646851249038041;0.3047791137077384;0.30253685941985237;-0.08730128949284693;0.2148706510458479;0.45449140293445217;-0.03617573114753135;0.2106150027978818;0.23313026205442813;-0.02012243411233109;0.37495961732344935;0.5544908278616973;-0.4235287632302215;0.44897478100359667;0.547176889167775;-0.097062234457965;0.20261381015555596;0.07238594610911071;0.019048010615162404;0.08898576225309292;-0.01028821482464121;0.036660908158789855;0.2471204308339709;0.903307836488474;-0.35066571717655093;0.5055180816360093;0.49425821702223116;-0.09765924742093157;0.1256970311302693;-0.2310203070009508;0.0635959107739379;-0.034632574648154106;-0.1970951903827256;0.06084333364953731;0.18656125590175665;1.1348274276861843;-0.2709565809218792;0.47122899257947826;0.4710005007653613;-0.08855270942914686;0.10377402064992754;-0.2510347287336218;0.07170809603238762;-0.04961702383952021;-0.20849642685356842;0.06797796439258397;0.18169478696046554;1.2699465564718562;-0.196977895666313;0.36031132042946223;0.40019951185108926;-0.06880259926794466;0.11169633072203665;-0.14956588832139853;0.029654031614733636;-0.025591804207024192;-0.1823750348431362;0.036623335427960486;64.49996879624645;21.042283584756344;16.758956201097156;25.004428605176958;33.46806479419364;30.662951712590907;31.94247225347755;107.1212265727563;37.25077257461745;35.513439043088134;113.6296123064726;34.488461380712906;33.5460496247921;102.1810831402509;44.058115137645984;67.70485247970771;20.47731977699829;9.24000015599681;4.6770362577686955;0.998841835123318;-0.3083644604740508;-0.24408069248101205;-0.3002707230331603;-0.3588054537322534;0.15902561465061707;-0.227276307225717;-0.30637525621244777;0.34441632810743855;-0.12663473543872786;-0.28570121115466296;0.15328933161174105;-0.1078418773378882;-0.28383777432354695;0.06845834213213724;-0.9327187771884844;-0.5384374646087698;0.508669822249396;-0.22082537243378983;-0.30666846560613825;0.19334067416807493;0.003197994928250214;-0.2124578814697864;0.10813741958753065;0.03331083966352384;-0.1526432317971354;0.5584440876703535;-0.815377363392284;-0.6302840076185725;0.47373381224169225;-0.20227235667448115;-0.2653047576520094;-0.10320886856425573;0.10647611546091959;-0.10593812978460526;-0.14732528380931753;0.09368653985445437;-0.1457352426600622;0.9310776598140841;-0.678479779651922;-0.5983930562288635;0.367311919484929;-0.13518497000405263;-0.2093078321356497;-0.20955191803666456;0.12618315940381317;-0.07789769511029815;-0.2055218147573481;0.09563560807324262;-0.19614156739555044;1.195889989610432;-0.5588333531060853;-0.458015091115024;0.18598753309300675;-0.11356786485584447;-0.16896033104741043;-0.17589116039858324;0.025090574498711302;-0.08015552539163068;-0.1586992612525541;0.03297435827884542;51.376761426918144;26.82066504515502;19.489552186424646;58.596845540348596;20.331230701391824;9.105245319236078;49.77342895302803;66.97008215441645;30.85030728097795;51.143245840294;82.2054478523429;22.213163610810582;56.28404187140389;70.34796291030382;17.495870720478003;43.48304297969997;30.504639531054245;19.383780813015495;11.001426787237664
0.9897559266853392;0.3315121626845704;-0.12777361104248283;-0.15764119175989208;0.29489535690376883;0.29344108783784073;-0.082326132655938;0.20914729993857759;0.44384616455037734;-0.034555895757732914;0.2027473937275856;0.2358934439176681;-0.018904716881899836;0.374732108297949;0.5757896299799605;-0.39375323119277295;0.4398592422172621;0.5190159419433824;-0.08851399527230827;0.1935390415149888;0.05606105362805167;0.01909179781272832;0.08329979440483738;-0.01635945737241879;0.03503237417016918;0.2527352283629591;0.9117186594801728;-0.32387341709377704;0.49391284160415405;0.46538242775867755;-0.09108359457667133;0.12471121078101927;-0.22894739270415088;0.05675241350946237;-0.030628315309757244;-0.19216785047306242;0.05497005087571625;0.1943329822251452;1.1292026850225299;-0.24762359579893783;0.4597708215114642;0.4484445080380927;-0.08268007604635397;0.10335137382270894;-0.2456614032496656;0.06461722181812134;-0.04637415832205337;-0.20418897866494934;0.06184887004867923;0.18904555739344014;1.2515956216416928;-0.177037554251324;0.35265204048073906;0.3813191493977856;-0.06423693250716674;0.11050546758232276;-0.14720025048684895;0.026813189405777947;-0.023900165317859542;-0.1775850322323546;0.03379592259649486;63.618104434812885;20.981634689900275;15.424520130061572;23.411907425275114;35.86080615481689;31.350891544874308;32.32068451440751;105.92311931817412;36.63137489439743;35.73173301393039;112.5110371848509;34.465385795439914;33.88422926674259;101.18483378315295;43.98170132828773;68.51411761103496;19.33070394740262;8.679980050882465;4.388251295912861;0.9988565466045872;-0.3159243809048873;-0.2561447245017857;-0.30167210425029456;-0.35857147176411874;0.1641787010568968;-0.22779326153856402;-0.3074908040763103;0.34412504699755053;-0.12687099791617457;-0.286843556751318;0.15568021331496984;-0.10781551996242739;-0.28796915052583244;0.06033475695141377;-0.9388683947569795;-0.5463676896354451;0.5130667531475288;-0.2164913618987268;-0.3068441992613728;0.19452935661944898;0.009503213864659943;-0.2115594806735252;0.11091341429609887;0.037780520387836906;-0.15692098673281663;0.550831418125409;-0.8197320005518571;-0.6364572330529104;0.47437409960887805;-0.19827184115677157;-0.2590411965819563;-0.10404599517963181;0.11249639763227341;-0.09913098356895016;-0.14897614093957373;0.09819279364942486;-0.14916443283667816;0.9230049890574382;-0.6806998284985791;-0.6035892792172759;0.3698519356442318;-0.13074345715147145;-0.20653721998813077;-0.2121116254960013;0.13049237717791987;-0.07347857712978012;-0.2077823617443191;0.09837539005259653;-0.1997464702927056;1.1877247248006892;-0.5591702111437433;-0.4618132630913186;0.1859021903582362;-0.11051947848765582;-0.1715750887453993;-0.17649314248517553;0.026814527489243022;-0.07861582927596392;-0.15751750260197278;0.03416598781553067;52.640038750428545;26.154643826822106;19.09536323664344;59.328694096068475;20.602113381563655;8.833279657838771;50.20202644313208;67.75870113603617;31.77390537024177;51.311629685063004;82.809387053672;22.607235172033356;56.38801782836362;69.86625192447605;18.10017151852979;43.940594969864996;30.466196677885364;19.55423750501185;11.156333864622525
0.9887858535883436;0.3366303962921624;-0.11449240664969727;-0.15206146380482083;0.29268878998284553;0.30194303046936377;-0.08221376098422717;0.20567319274448892;0.44846713583689346;-0.03552617409993071;0.2038895697330791;0.23829776945923523;-0.020420385937348837;0.3735918396287943;0.5756961051885517;-0.39481987493616894;0.43464652932046377;0.5360237023910348;-0.09191585592420702;0.19698111762541465;0.07432389593464449;0.017319966357878552;0.09090253216783194;-0.003902833738404415;0.03550327409749506;0.24800258142015552;0.9116121247166831;-0.3278079524332407;0.49083498580373486;0.49055665578889707;-0.09295083517800828;0.12789442207284785;-0.21723325029891238;0.059598085753829515;-0.027504037796108716;-0.19227883395784465;0.05897359861590196;0.18571436151867596;1.1331357322723794;-0.25405236810654563;0.4569417532971992;0.47027050678026533;-0.08206321182421727;0.10858181012159032;-0.23792943219466886;0.06860365962812161;-0.04014647404059267;-0.20193182156235004;0.065996658740179;0.1778377926030903;1.2599098407117977;-0.1856200260182441;0.35187597784199315;0.39744984690008744;-0.059656048035910444;0.11241663621270255;-0.14160209480667024;0.031846900330429855;-0.020809599927798024;-0.1776706537538465;0.03763680718928071;62.520674597067995;20.49864895543143;15.881059576863557;23.03748659336661;32.62499538424395;27.917799000237117;31.11843098517987;105.78307127550143;37.409644266643035;34.74298579508683;112.33683338826377;34.435016572532156;33.25370727251832;100.94708935051443;44.300915996527216;66.94926061804944;19.381479278683972;8.75547967721576;4.359612911841839;0.9990092721442324;-0.3296163238059279;-0.2820125766640901;-0.30299884402677585;-0.36715074845632323;0.17444174350066516;-0.22130011465087687;-0.31583972049094067;0.35917945019123504;-0.1212291647441861;-0.29122816455096423;0.15001389189777642;-0.10207746236995434;-0.28851118846769513;0.07061931933245555;-0.9186873386360588;-0.5650323888700873;0.53273745897315;-0.20902234959777977;-0.31513090490112516;0.19730354863839208;0.010886472527902487;-0.21560991879115268;0.11373145380902809;0.0370023347718038;-0.15620691373169518;0.582887542109532;-0.7973967101486733;-0.6557936705771726;0.48503061215051047;-0.19602598327380777;-0.2694731603790773;-0.11770734151413767;0.10215572277797282;-0.10322422379983447;-0.1681723018352845;0.09037510739198765;-0.14854270598728578;0.9638038069026618;-0.6562542860404111;-0.6224093079926399;0.3748020235577212;-0.12764302896070248;-0.21596511228704937;-0.22593732550975895;0.11728304584361188;-0.07495382948237878;-0.22397732099624595;0.08802554756266594;-0.2023490101803834;1.231831188516149;-0.5325767237256583;-0.4736705390602624;0.1837746740164941;-0.10985850614086146;-0.18359452118352335;-0.18570324320128964;0.018017839171891682;-0.08402556017383697;-0.1678111360175189;0.026922733929581274;55.45251243542715;25.889679935712504;20.83205936814644;59.622100374000844;20.112481282321568;8.134260224855165;49.80031153847735;67.57943704404492;32.71795728823616;51.69557269737832;81.88394041419998;23.584268045152736;57.33860862359454;68.05204248254518;18.45725896552489;46.20995251234367;32.001260952336686;19.460264477611748;10.845701510768079
0.9878157804913478;0.3417867083707603;-0.10107439601789148;-0.14642026236468358;0.2904489690160743;0.3105181184798505;-0.08209710725073824;0.20215654161188043;0.4531169272279681;-0.03650475906787312;0.20503529106908652;0.24071689967629337;-0.021950379674081;0.3724258356619723;0.5755795077073899;-0.39588196814909377;0.4293651340318096;0.5531804021034187;-0.09534809549043652;0.20044993292978583;0.09276594588683518;0.01552980505460577;0.09857756722127294;0.008678122627528841;0.03597750312544098;0.2432132159795841;0.9114694687887335;-0.3317691050095719;0.4877075695243408;0.5159629848613632;-0.09483311594810674;0.13110444884243447;-0.20539397277369353;0.06246983504433527;-0.02434755595936388;-0.1923835291331788;0.06301479051722297;0.17700267774724868;1.1370644103469343;-0.2605354597288545;0.45406690829619795;0.492296007552126;-0.08143704194048762;0.11386021383530773;-0.23011122916147672;0.07262720067060388;-0.033855160730350393;-0.19964439643320464;0.07018325946513707;0.16651145595931618;1.2682584918839421;-0.19428091956633461;0.3510786459063809;0.4137260693685092;-0.05502720151486208;0.11434253431679764;-0.13594268418172323;0.03692956857228923;-0.017687423754745243;-0.17775029593377364;0.041514534898707184;61.38719836321329;20.026004241305596;16.339184242690106;22.723125568532467;29.717429180777156;25.03839711361391;29.99364112246274;105.43650008117531;38.287594087753135;33.815288149506436;112.02223488652604;34.39728740326707;32.69090927163364;100.55841476832423;44.64100579631241;65.38015657291317;19.435289985315098;8.834048456243504;4.334318129976103;0.9991619976838776;-0.343699352278804;-0.30919486245788225;-0.303905594371769;-0.37570375791037086;0.18512061781543296;-0.2139836196030886;-0.324233098783183;0.374669322229394;-0.11499196384865976;-0.295424361546153;0.14370188300245848;-0.0957697273811086;-0.28860338555321424;0.08149658486226491;-0.8955572679233411;-0.5840347604602802;0.5528700366513827;-0.20068317048267478;-0.32345896295241816;0.19993650300669452;0.012347103762355127;-0.21957654936776355;0.11655246491982789;0.036107769662611394;-0.15517953404893403;0.6161782601077767;-0.7721681578405761;-0.675360966652887;0.49560553580982;-0.19329350966407585;-0.28017211911031853;-0.13211562131735444;0.09092660083707148;-0.10742646658289937;-0.188413321705542;0.08186353995447841;-0.1476270122670406;1.0057990115110031;-0.6290078137743749;-0.6414808388842903;0.3794616719628491;-0.12411233898753728;-0.22568087619865496;-0.2403385102298623;0.10296111764899436;-0.07640459766397203;-0.24091509882140966;0.07681049263508302;-0.2047899059856845;1.2769102623098643;-0.5032425267089169;-0.48554854449561036;0.18118943014603306;-0.10896619704433627;-0.19613591844229222;-0.19523725759578117;0.008581722842668438;-0.08966786502264448;-0.1785339198230313;0.01913255317778264;58.251526844405;25.582960785134397;22.64517248231054;59.83716566167769;19.660829690407148;7.419046731185433;49.40332123600963;67.51006474598749;33.463075011441326;52.13371778046986;81.00724887212499;24.45333098615366;58.349064745490836;66.30597697854274;18.789918130106777;48.50985303116769;33.61281809432275;19.285087327059035;10.506398287444368
0.9876789353610363;0.34404041502187727;-0.08672785680993866;-0.13900697855199662;0.288880165440585;0.315413438767685;-0.08164379435390763;0.2005760182042523;0.4529666782648043;-0.03771975633282953;0.20553079264529434;0.24328915964062858;-0.023503452214988365;0.3727689155568765;0.5782819990013811;-0.3936334126427439;0.42234733056370555;0.5684753603137801;-0.09758349540209102;0.20201559145843145;0.11237898125770837;0.014700444778931595;0.1039028210027824;0.021060820874966735;0.037025669419996;0.23926509438987698;0.9117588323655509;-0.33383835341376006;0.4814960281351963;0.5418920475445135;-0.09609606815811284;0.13838576213670575;-0.1836428254416168;0.0656123810032311;-0.015445831853474328;-0.18718536778132938;0.0675070296053179;0.16763207781580688;1.1401013187676308;-0.2665602833673515;0.4476268000237391;0.5152398945268146;-0.08006072655625177;0.12281072127246108;-0.21382361719932422;0.0782421044314105;-0.02302108008712399;-0.19441401309028358;0.07592308698792587;0.1521289813389396;1.2739194744427043;-0.2040047644343822;0.3467614530979386;0.4319753634109215;-0.050125835807453625;0.1208377243752857;-0.12359316000277885;0.04286264095116262;-0.008878882567857096;-0.17321824216379678;0.046676813970269064;59.83376476827031;19.524674992122108;16.26172632824167;22.218423160747367;26.827557578320356;23.240218872476568;28.707914322371415;102.95054241621476;39.79940820382022;32.725036259628475;110.22556807685187;34.65619604634487;31.922115569592222;97.91276485897329;45.709593738549984;63.91544044648244;19.357103000286266;8.88509403040145;4.271168522821185;0.9992967971024496;-0.3482073813000332;-0.32469710172931804;-0.3089391823865262;-0.37699587017095854;0.1847174663246123;-0.21119969539744063;-0.3284362044267174;0.3812269485227125;-0.1121010530269763;-0.29513091440967926;0.14635961858882415;-0.09294399841442968;-0.2827435103790334;0.09590638829962983;-0.8805660678216384;-0.5884856728498924;0.557727796900064;-0.19452425651902752;-0.32613730522140777;0.1944736169547737;0.011932384633985799;-0.2207825066141764;0.11131750632060931;0.03407756292180292;-0.1513920807081565;0.6390327709690176;-0.7541336456666776;-0.6796472737496333;0.4945982677837084;-0.19094024836409665;-0.28944569660336017;-0.1361915227445793;0.07954915261716791;-0.11600390801108655;-0.198748644558188;0.07250467383614173;-0.1453524677359661;1.0285526794999613;-0.6084265179913955;-0.644030354274177;0.37631271595949783;-0.12229800593132345;-0.23565087776245178;-0.24129621154695086;0.08763154454100336;-0.08494098051065231;-0.24701378961392448;0.06428646245587048;-0.20494218931447034;1.29655836750975;-0.480177893518737;-0.48566671668510364;0.1766524179448211;-0.10957482443672567;-0.20511034038623013;-0.19664509875404096;-0.001107214341124361;-0.09752733139674759;-0.18325233769363738;0.010809455276373583;59.20746481898071;25.913027554105554;22.398879462505256;59.69764591383284;19.782452962296677;7.269343065321796;49.224756464376874;66.30764388011532;33.37998004644802;52.40978123873756;79.00292558396431;24.56992680012773;58.91970783840335;64.34173971336462;18.457599966745033;49.97954372351349;34.294958759936016;19.019595096263682;10.300281121156326
0.9895902293226568;0.3391347347948395;-0.07057703222107443;-0.1275020310455929;0.28902750096102797;0.31115760908776413;-0.0803863059104981;0.2038052033681956;0.4410938970257089;-0.03947744906558529;0.20443226704545767;0.24617127249447598;-0.02506453439277084;0.37682581011033806;0.5878467677767675;-0.3833750839905942;0.4113333390499734;0.5787556204454827;-0.09682130879202142;0.19888245865556972;0.13423456094172173;0.01625310541011068;0.10330608012462954;0.032558524347776154;0.03944886237326515;0.23752354626673447;0.9131644926741438;-0.3312297907617128;0.4679644676116181;0.5683025555838999;-0.09580778069572728;0.15541680795122353;-0.13832377284724567;0.06932153500723005;0.007243268691973898;-0.16917651337542913;0.07296396979153072;0.15696268449703835;1.1409389482692334;-0.2712869175737288;0.4326927213221904;0.5397292871352093;-0.07689689517301695;0.14047773512949568;-0.17732771399579256;0.08758009283712954;-0.0014089536776767076;-0.1821565871791534;0.08528834674084632;0.1307352661566998;1.2729059027186271;-0.21603328379197537;0.33398539112439607;0.454500102561344;-0.04471909340126924;0.13832698036309227;-0.09526075417058476;0.0506904437214844;0.01357627739749041;-0.1575463453170832;0.054822772714828605;57.250265121489285;18.918190024072445;14.862210853252407;21.16212187820513;23.602947116448448;22.79693516274592;26.9371178721508;94.41107448244371;42.974577531727704;31.179352904280755;104.28421646162519;35.80437860853394;30.618630411417413;89.63268768537462;47.952908945998004;62.6278740479969;18.975486982305267;8.885620503987022;4.1481772538343975;0.9993875327223912;-0.32934900836194597;-0.30949315241809955;-0.3244691759930701;-0.361377136038973;0.15748954107407886;-0.22099082905023587;-0.3226583059196491;0.3657652493134568;-0.11848443551918764;-0.28481105013853375;0.17139993147746366;-0.0996473663280923;-0.2641903738882759;0.11682632382505498;-0.8918444713143315;-0.5580852938019497;0.5257451882993829;-0.19564144897399713;-0.31547264788498686;0.17058135692485224;0.0069700026258272514;-0.21571521619411735;0.0874021963963963;0.02971881273588929;-0.14198971948402392;0.6340970214456408;-0.7601051815075428;-0.6476347674339812;0.4667814633863503;-0.19067007331814337;-0.2945472339893974;-0.11430846103296814;0.07018076446759827;-0.13433134510407457;-0.18327304377452874;0.06301935850936084;-0.14065133390972423;1.0030625576159102;-0.6104606660923001;-0.6073779338331124;0.35570023780362836;-0.12554167546923986;-0.24530243807403274;-0.2095120535915283;0.07292573076647185;-0.10986603274413148;-0.2259330462278476;0.05103587883801858;-0.20013037204068998;1.2541196460690196;-0.47872291940649025;-0.4582939963623551;0.16874336796710096;-0.11421442966512167;-0.20432407728008056;-0.1782981288545379;-0.009655554297048903;-0.10982822180034192;-0.1728414205296503;0.002723907645271391;55.61891613315498;27.941422159645022;17.194682258661853;58.88406790783784;21.34025503665455;8.830600710150934;49.51641968675001;62.168877323659835;31.691525109137643;52.147021541952746;73.96649558759493;23.068756000651828;58.26791338238391;61.63547530982537;16.692314368866285;49.28294299884471;32.631567273797124;18.724352340536115;10.468787474086012
0.9915015232842772;0.3343129641976279;-0.05471448727839266;-0.11620154992746926;0.2891688759640763;0.30697437874518696;-0.07915040154395023;0.2069742444496801;0.429428560467124;-0.0412032261162806;0.20335105386956068;0.24899896654259643;-0.026597385834935934;0.38080575560234703;0.5972335731203512;-0.37329596583924507;0.400511762530545;0.5888452147630265;-0.0960716516473216;0.19580312047405932;0.1556973939428743;0.017777787362261956;0.10271883275834406;0.04385005069164554;0.04182822787385742;0.23581043983857292;0.9145344926830014;-0.3286641114514698;0.45466973407115424;0.5942337951584019;-0.09552355181023166;0.17214122011093422;-0.0938143166727912;0.07296350005966454;0.029526163143989072;-0.151488062644781;0.0783223947035216;0.14648246284796565;1.1417484659282697;-0.27592582824089634;0.418020979492631;0.5637741267617655;-0.07378881051127;0.15782690361480048;-0.1414830290655096;0.09674992921485173;0.019816343386274273;-0.17011646819086254;0.09448499267409792;0.10972298385822275;1.2718958372877076;-0.22784401507343421;0.32143417362799287;0.476616434960351;-0.03940861461480757;0.1555015974800677;-0.0674343879795515;0.05837755014573444;0.035629345863054114;-0.1421531555764086;0.06282229277665588;54.57483164367993;18.292990506259194;13.458045700798658;20.171441461878942;20.868798492359275;22.24698665864603;25.280070153600917;84.34423104212041;46.3082313772926;29.74692738799009;97.31250278507282;37.124533721107596;29.486773762760553;81.34613856738434;48.889966113661806;61.2299855005831;18.63570317281868;8.920553431016067;4.089022060692398;0.999478268342333;-0.3116638300693643;-0.2952291457381269;-0.3389529983868072;-0.34671815074189133;0.1319982177835424;-0.23012018052096628;-0.3172100603763491;0.35125257158920115;-0.12443980408091657;-0.275119141273651;0.19480067881358296;-0.10590459387705634;-0.24679948159099918;0.13638002698919838;-0.9022749416430736;-0.5295724973142824;0.4957566520523287;-0.19666023180677794;-0.3054540851450596;0.14820859814255546;0.0023270423082156935;-0.2109460727859156;0.06501905182326741;0.025637458814259113;-0.13317527177424462;0.629394712663086;-0.7655890821188658;-0.6176018863416259;0.4406977205436259;-0.19039172136810467;-0.29927985392336237;-0.09382275296897258;0.06140774496851287;-0.15145756264402102;-0.16877188182204;0.05413792255686889;-0.1362347946830034;0.9790832374021115;-0.6122814726859916;-0.5730100880977478;0.3363706540761254;-0.12855907437753253;-0.25429796014699396;-0.17975164605176847;0.059159486833326565;-0.1331672281237116;-0.20618286292236435;0.03863386042137572;-0.19560230311220655;1.214252150459227;-0.47729755270124835;-0.43262680909448076;0.16132223264369633;-0.11853916831088841;-0.20356111997265178;-0.16111163417873545;-0.0176507388188309;-0.12132024275548041;-0.16307938129421495;-0.00484002451490663;51.97745346279307;30.02071719239891;12.416645390478909;58.071451553316464;23.067686241910508;10.727527859079192;49.75369456062411;58.18447437003045;30.06283227610154;51.84914702417772;68.78001815635349;21.63644382264099;57.588410760930344;58.84748926705895;15.187189304550714;48.519519160766315;31.09541045998774;18.43168706420367;10.620665347495274
0.9933742535881728;0.33568492418331225;-0.0360707907666264;-0.1074685977166618;0.2900981706774417;0.3151291877126009;-0.07913453631925911;0.20430786928623493;0.4346921943125283;-0.043686299239591976;0.19281169099268233;0.26836059677132396;-0.028529254381444366;0.38793489404247267;0.6074320296886246;-0.36974816948280487;0.39171824769044505;0.6105531469533702;-0.09995106249707282;0.19521153218555165;0.1755187130207616;0.01643085765772067;0.10140277280531498;0.04616210471000857;0.04325606650254972;0.23110513171262748;0.9145068516602899;-0.332065710910467;0.43850009295771947;0.6328006062653334;-0.0992870331210674;0.1876780458235693;-0.042412694476757974;0.07356391258171838;0.05056163512708758;-0.13446168829513766;0.0818813915596967;0.12761560406213862;1.1373637440440465;-0.28600794434089144;0.3942037525358495;0.6045568208740841;-0.07412751557833153;0.1744510929494486;-0.09418670454731096;0.10238905977679762;0.04220373894060133;-0.15663718468527965;0.10155873388936414;0.0759349639311256;1.262524286706371;-0.24450532321318452;0.29842594136768136;0.5096613246290937;-0.03753569821759211;0.1688711887029185;-0.029343063391093917;0.0629291629117053;0.05819208945479763;-0.1245586163549507;0.0689666346738809;52.23276829902328;18.072927163684415;10.484749023421909;19.313522782070624;19.112798062073566;24.49188974200616;23.28910732558691;72.4737392854257;51.474147281245095;27.511393252886823;88.49981904079905;40.415944513055976;27.650425322565344;72.17409465262983;50.61014396190816;58.94652031074905;18.55660482375948;9.178005065105555;4.230296614038284;0.999527374648662;-0.3057176085807523;-0.29254860419591333;-0.3439213508217806;-0.3452720007374262;0.11842693013496382;-0.23272239307073855;-0.3201345478846624;0.3503872149203022;-0.12697894503572274;-0.2732698457658146;0.20961843133260066;-0.10918932843573781;-0.24450070604204888;0.15367352428578065;-0.8961783466708965;-0.5150878622988556;0.4906880225896671;-0.19896238453567444;-0.3042356132122557;0.14186004671401564;-0.004408506188846474;-0.21171140107802974;0.05390408853533046;0.020830620840833352;-0.13370558433703741;0.6372137245878621;-0.7590003201013527;-0.6046245009141312;0.43944376115697065;-0.19253084427441594;-0.311408149537933;-0.07032317861105722;0.05022125335972122;-0.17021272404439117;-0.15911044504387142;0.045473028008852126;-0.13861230136138492;0.9782286945585723;-0.6062743741929972;-0.5581741956673649;0.3378299249392592;-0.13315662478722137;-0.2701742209434673;-0.15151224644972422;0.044123619248722414;-0.15662715221755524;-0.1925864078213469;0.027746096258223427;-0.1987248503028951;1.2043058769171022;-0.4716011201953717;-0.42246889880844807;0.16538911812439408;-0.12290195987993245;-0.21234685067789344;-0.14328347615697695;-0.026010905433943642;-0.13763448217374133;-0.15545289414703994;-0.011161699591065947;50.246920639796684;31.377420239591682;10.031569877738795;56.917539443125015;23.631814207219456;12.36599141469404;48.93955844812584;53.68875596139892;29.94497236803798;50.73178190108569;63.260467402194905;21.4901764477659;56.31895407733236;55.121017115315915;14.678451394109418;48.825700122725934;30.555146908602687;18.066333712261194;10.474967918286834
0.9951875564842334;0.34653246506650853;-0.012588091856422306;-0.10238298329513444;0.29221589515604335;0.3423835401491081;-0.08097426481733337;0.19258734873522756;0.4659797992761261;-0.04739864091497645;0.1674286352311356;0.31360121407135155;-0.03112708378861014;0.40004420225844395;0.6190885259224329;-0.3760364118841613;0.38569766500790514;0.6506265738368412;-0.11102452460901754;0.19838095799751543;0.19340594757751906;0.010640965986366881;0.09891337294371107;0.03478239119768739;0.043263142740781864;0.2216340936219944;0.912188873256965;-0.34465894453872203;0.4173584951407301;0.6918055305920501;-0.109350552141334;0.20184253036022093;0.02113291459649906;0.06951159001479691;0.07032430983593593;-0.11790457342777079;0.08277996445880674;0.09530119462012936;1.1247027686053428;-0.30469161700215813;0.35558114244658356;0.672134423801706;-0.07974459444838494;0.190447147157375;-0.027879635260217372;0.10277626857199222;0.06705228284316203;-0.14051373038545883;0.10558132112366989;0.021525855659932987;1.239851163265286;-0.26906924044347486;0.25864365200462996;0.5603797585549912;-0.04086501274848824;0.17679535227060142;0.02564783242981166;0.06280725882197653;0.0822193504392601;-0.1030311168742491;0.07244668005753757;50.47299955564907;18.493033672601392;5.631031124625904;18.79513405334698;18.358567733536983;31.51504635909736;20.983609171075315;58.54857418750423;59.494661867145766;24.3855030583259;75.84929334233352;47.86237344368228;24.99586442126003;60.58126302114685;54.73798116909799;55.52853158279874;18.871208631173918;9.798961267075487;4.70988583097421;0.99951232930694;-0.3166630976131432;-0.3069537124870965;-0.3346266861059364;-0.36350989488886126;0.12123345108942554;-0.22544075060186347;-0.3359238815199122;0.3699399634190692;-0.12449075968437556;-0.28290906252659576;0.21299636381273085;-0.1082389063639467;-0.2647521149141661;0.16957327250722476;-0.8631229792156861;-0.5196936725785802;0.5226040746188328;-0.20332473808391427;-0.31602045917113675;0.15907072179146706;-0.015204560085389517;-0.22083071834959844;0.058548934413787;0.014276858404008682;-0.14846666179030707;0.6645557596152175;-0.7323409675138239;-0.6154729143248328;0.4755767633364361;-0.19845068265034754;-0.3360952582501835;-0.03912988782443473;0.03385824765651788;-0.19369485064698436;-0.15545576086772492;0.03598316084457696;-0.1515503098143411;1.0116668920761342;-0.5869173150008478;-0.5707607219427118;0.3709433038652297;-0.14062828997283466;-0.2983431454605929;-0.12182817378359126;0.025173700584721237;-0.18318157569123503;-0.18646905352301188;0.017751336503428233;-0.21375392403093119;1.2376588687252863;-0.45817020934636665;-0.4343143579386882;0.1873874691408486;-0.12775981579184822;-0.23665536234821072;-0.12204511379167446;-0.03597536551220141;-0.16328042812361523;-0.14996073675105018;-0.016382286413633845;51.464435180319875;31.589956912190612;10.8155313061517;55.11236289715578;22.32231500413976;13.310942966545362;46.48025864074743;48.31651739744339;31.96236571276204;48.39566750779461;57.24844621752282;23.241404497934656;54.18759017400308;50.06429848783123;15.589770046760298;50.91621650550964;31.397077542540888;17.524316493514014;9.871513257340052
0.997000859380294;0.3574196150484098;0.011177304206586284;-0.09721041325375906;0.2942833679623438;0.36987381590106383;-0.08281497799329926;0.18067762482801483;0.49751941002745176;-0.05114292111359238;0.14170028659977318;0.3592992251488525;-0.03374779036195336;0.412194317524819;0.6307238814312001;-0.38230238902227426;0.3795058460172042;0.691008881292164;-0.12220109462675505;0.20153687654761535;0.21145610306624998;0.004779426349289754;0.096368808596557;0.023258276664808075;0.04325913224524191;0.21199312113565066;0.9096077750803143;-0.35731304496842237;0.3958575440954151;0.7513339896805806;-0.11950559286467957;0.21612345627624924;0.0854292669420771;0.06539309581520056;0.0903040042403436;-0.10111998296121974;0.08366785592871444;0.06257763237936696;1.1116007175060194;-0.32351895331501124;0.3164071045732602;0.7403426566037733;-0.08540792640818722;0.20658438102524196;0.03922369448192752;0.10314154741706336;0.09217921373143893;-0.12416212320409131;0.10962451553492782;-0.033536285370714854;1.216588086086263;-0.2938559949310807;0.21832116469469526;0.6115570524076288;-0.044223394778923134;0.18476816409940586;0.08128650366764688;0.06266768664715174;0.10651130877266492;-0.08122083411480102;0.07594943197775149;48.69847937993125;18.897215763564525;1.643997612151346;18.562749835407242;17.717821938561638;39.032398853705004;19.172218473685714;46.72623687698869;64.84357907611744;21.99280423620487;63.167105148858504;54.975643853166325;23.076915829548362;50.621391236862344;56.76511203423069;52.283589132088444;19.244722717003036;10.503660585338679;5.332193021589685;0.9994972839652184;-0.32774434682661174;-0.3217401036463562;-0.324103047369879;-0.3822768655892137;0.1240008999365426;-0.21726404953368178;-0.35213210682932683;0.39009642649066184;-0.12160915636617374;-0.29266038677705064;0.21620348750779972;-0.10702622416912921;-0.28584730515349466;0.18620614211430173;-0.8263002065731755;-0.5236435089397958;0.5556555046425883;-0.2075988942308287;-0.32799747189560574;0.17712014353476602;-0.02668282224704392;-0.230142492005061;0.06339132164485059;0.007265583352814532;-0.16392489612479566;0.6924703086844991;-0.7025763303875739;-0.6258993097213565;0.5132093529950034;-0.20439378356568613;-0.3617863210410668;-0.005812205285698785;0.016356252414338798;-0.21836442683636229;-0.15127377605157746;0.025802562221020568;-0.16505984642969865;1.0454381443365166;-0.5652037334909678;-0.583122086576026;0.40555069067265337;-0.14833201059608275;-0.32781475408753424;-0.08996639724555311;0.004930626649650237;-0.2111449731712737;-0.17960515256073825;0.007066271802367438;-0.22937731180876078;1.2709222882432363;-0.44301022962738745;-0.44613768463408604;0.2104872921118637;-0.132701512490245;-0.26212641619335086;-0.0991842848434152;-0.04652899563561768;-0.1903123034016585;-0.1438305325157466;-0.02191610201802668;52.64730277878653;31.81502515378827;11.591793196859244;53.100630068709954;21.187595155113623;14.21497299534112;43.894017171395646;43.28382962591235;33.830404340610116;46.06557042834523;51.38915194545547;25.041441875285674;52.079487451254835;45.21143340830715;16.74545391247333;53.11910798930709;32.214302360455015;16.890483406728;9.241737900404953
0.9959678255869178;0.35699643770613937;0.03685690682957824;-0.10519483296934132;0.2802638348469911;0.40922182194822143;-0.08394384969611961;0.15642613420005932;0.5291997620191426;-0.049752088830583366;0.10686519171517694;0.39533016692866835;-0.03191837751690734;0.38485642128520337;0.6641975212279392;-0.3902714181307457;0.3395650582518408;0.7199688393109619;-0.12093116853838816;0.1998067206865146;0.23362378075055085;0.003796522380060128;0.09949336880393796;0.032941405258706105;0.04152400530126945;0.17548501091426238;0.9159013931521329;-0.36101197897909587;0.3490281089384382;0.7901604195449582;-0.11641327994145581;0.2242774742588631;0.1407699722447122;0.06120948291623158;0.10698698149640361;-0.07218631630444801;0.07831919296978275;0.020061299714622675;1.0978956192025753;-0.3231528057195503;0.26954449617042764;0.7777861219831594;-0.08424929834194711;0.21386236084895183;0.09087335106363247;0.09538730416680813;0.10756293678582028;-0.10247540918965788;0.10284365991340733;-0.08003129595593853;1.1910675103236594;-0.2896577846454312;0.18121712750467572;0.6406759806875081;-0.04525345959697235;0.18440461693320756;0.12244760489682181;0.057392854561420466;0.11881063598024617;-0.06059414317358756;0.0713417168473909;48.78264126707006;18.33375244494548;1.505829131664011;18.87518162088677;17.872570218362124;36.85101524517328;18.416042919735595;39.65336031996425;62.99998002364487;20.6055551274377;54.638191279675134;58.8143664465246;21.695704928737726;44.27297045792051;57.49963947062605;50.943913798802946;18.47549150050693;10.425052722221459;5.470313103641682;0.9991422846343576;-0.3236197488644437;-0.3054100520351582;-0.32037914594011246;-0.3731825761187271;0.12934820050126322;-0.2154483975593512;-0.34556064342719367;0.37911281871597635;-0.12174018980654834;-0.29237302772999446;0.20526682060939358;-0.10949483729528801;-0.28650788628680507;0.22437742904199864;-0.8105688611617865;-0.48898701063606415;0.5660437692697118;-0.21391385099247268;-0.32189615117295184;0.20527023344246612;-0.0414142196517609;-0.22781050851190743;0.0873946279890619;-0.0020345943012890118;-0.16435041687719346;0.7072734801709291;-0.6875704798194838;-0.5912982954276919;0.5372054008614913;-0.2080563227854377;-0.36707797697220884;0.03703941803168493;0.005429388516727352;-0.23052065716791278;-0.12055707614726167;0.019740075513899454;-0.16175376848773276;1.042308615265081;-0.5515422446163238;-0.5515531765263081;0.43523184601796383;-0.15371549517445038;-0.33429074939051656;-0.04814519107332769;-0.005623966237264554;-0.22301063064783952;-0.15425587355340964;0.003361260454886407;-0.22125340054961015;1.2512940053961692;-0.4297241774227974;-0.42428639898714987;0.24721188528144394;-0.13306969379650518;-0.2663624962589791;-0.06463631833074787;-0.048405064344399125;-0.19931077736771483;-0.12475702906659183;-0.021790929206302666;52.46617242251656;30.572867247227876;12.683826297015788;50.4134757822579;19.01800036089258;12.852348502982293;41.30120203800265;39.26947232318079;33.51290792506614;42.84708220323253;47.44841993479517;26.52727316247853;47.57591603923066;43.05210322515489;18.834556507059595;54.359311758324814;30.811232539261827;16.20245583846817;8.988922430280681
0.9907781247922348;0.3397604259791246;0.06301188424991051;-0.13028000963405792;0.244205578473836;0.4603168439475757;-0.08370298661305396;0.1165421212209816;0.5566760868248145;-0.04122518870103046;0.0618630558394672;0.4137949473340443;-0.023994207888110537;0.30394911895377996;0.7227042153314797;-0.39855633707384214;0.25511074788175864;0.7283412585617612;-0.102197742174514;0.19077213918661318;0.25887115326881527;0.009592113888938478;0.10981711379746505;0.07092985534773806;0.03739443869298375;0.10425212598301462;0.9306293789914398;-0.3507997337314103;0.26978419491011807;0.7945971540066453;-0.09491528528233642;0.22255135632020537;0.17891193082914003;0.057047068793336916;0.11743224932896643;-0.028556894123050132;0.06452854803906952;-0.03264876584315801;1.0805067737797247;-0.2952409680899512;0.21483295062719188;0.7671439620280566;-0.07349098578922764;0.2076061335541066;0.11685117851095905;0.07672823414383369;0.10793707022685994;-0.07479045538035642;0.08133214294568508;-0.11077825230393873;1.1601848258198604;-0.24486032188953805;0.15082192242751857;0.6348405983988158;-0.04283550861888645;0.17193531745617044;0.13999504069307284;0.045260949963808535;0.1132076193255615;-0.04300742312683696;0.05567945828927209;50.914421805527034;16.765069829531658;3.42510515341687;19.68627650031498;19.392834909936866;24.925887331685608;18.491498201861795;36.846578173420426;51.73450531224743;19.786734279593805;50.039639330569365;59.00285821804687;20.314586887486776;40.2939844324345;58.044667106495844;51.82831666598952;16.319825897506792;9.345840735821977;4.972968206264298;0.9982908312002776;-0.2999482786131318;-0.24983967190136436;-0.32718950190706797;-0.32815746550780345;0.13751905662479796;-0.22304675642068675;-0.3095309398770345;0.328047104183669;-0.12619034195530937;-0.27889155147390043;0.1772271627667737;-0.11676704282536847;-0.25955072524057965;0.285757560174617;-0.8279253750568663;-0.40836527051773275;0.544542600821822;-0.22229205416368011;-0.2926554345337986;0.2426803871178785;-0.05809010609125237;-0.2103305006718748;0.13359576412526405;-0.012842323223995035;-0.14438815479924547;0.7027498754002048;-0.696630944890238;-0.5021020847301535;0.5392427388023566;-0.20831537784372614;-0.3441283745397187;0.08549829657215854;0.005441213724237064;-0.22379825375801252;-0.05908061627406746;0.020420174164037096;-0.13626715376805182;0.9909865206489382;-0.5522814086733767;-0.4662905768006399;0.4537142225985637;-0.15524368005972874;-0.3087021279761001;-0.0001021166867263406;-0.0010579792047154502;-0.21112332892683458;-0.10829466560305301;0.00987831135724227;-0.1823997516882306;1.1648218387343987;-0.42209246141699625;-0.3608668191748903;0.2965942444162555;-0.12733892094361587;-0.24122091829618889;-0.020250759515416217;-0.03814464112775858;-0.1823654168102158;-0.09151308653201469;-0.013970689681420779;50.153567913955484;27.259621350312393;14.09104084878448;47.05421853974225;16.107951070121235;9.208987931155573;38.81954416660823;36.68408748225934;28.99550111644618;38.40688722037326;45.75714820255569;27.25146846548246;39.91291371837283;43.61421507483396;22.279643858257376;53.411378638913405;26.845538156174303;15.548758658103152;9.257290674010624
0.985588423997552;0.322602968735055;0.0863617409508086;-0.15235056393590213;0.21047764195652516;0.5043664775165781;-0.08309669491813958;0.07994859490488931;0.5789286581747497;-0.033326058113920615;0.02089691664055356;0.42856496312330117;-0.0167198957934571;0.22940326565722485;0.772235451814117;-0.4041951716204242;0.17758535196188943;0.7325282546159114;-0.0847895384341744;0.18171986886919275;0.28049137398281226;0.014786417024473567;0.11863930236040564;0.10493963255803423;0.03348799024434139;0.03937834348634012;0.9396223220825781;-0.3399400504624538;0.19690053571072286;0.7949189768372846;-0.07504190120164259;0.21995792818115711;0.2125591934091178;0.053019696598899324;0.12632893540180268;0.011013788180544182;0.05176316069351606;-0.08014361987146452;1.0597724600872018;-0.2686399385506532;0.16438002723479594;0.7539629042405778;-0.06342502098865184;0.20098716482421528;0.139790969682922;0.05950547859218043;0.10777419489466426;-0.04941789282197372;0.0615095914783213;-0.13805721273977167;1.1268830903829914;-0.2032296807482088;0.12264651726407283;0.6266187308857595;-0.04045098898772832;0.1598657336259043;0.15520687599758196;0.0340843986458701;0.1076173281923518;-0.026910540406438577;0.04126333527366687;52.289878846542365;15.656801580366258;5.169319430814063;20.416375637544533;21.256305557733423;18.066620131437986;18.431536588869783;35.323474469142916;39.36607703392877;18.926070344331404;46.34655644873689;56.82802521990567;19.068254396353336;36.79442059036758;57.24553836854434;52.30925246178716;14.63876479367407;8.581639662314169;4.801089790552214;0.9974393777661976;-0.27951792083868005;-0.20205946587006152;-0.3329022409500062;-0.2893940190488654;0.14447488120712954;-0.22947720942110755;-0.2784931598643621;0.28410075076259284;-0.12995825748868517;-0.2672128086363766;0.15309783103397018;-0.12296009638953824;-0.23631731742827078;0.3383087331697032;-0.8424869297159414;-0.3390272172249804;0.5258767159518217;-0.22939192956862073;-0.26744947192384083;0.27468207580716913;-0.0723751281105285;-0.19524832507653397;0.17318384648011342;-0.022110427597311928;-0.12720249487802684;0.6985878722503591;-0.7041267712859108;-0.4253695386522299;0.5407754489214254;-0.20845445448894745;-0.3242997481025464;0.1270427733658981;0.0054491868498168505;-0.21794092499924175;-0.0063090692205507;0.02099555606181626;-0.11434473943543888;0.946555422181314;-0.5526950539311236;-0.39294744491516914;0.4693912417197455;-0.15649288969802302;-0.28662332254922795;0.041119779647122386;0.002860145526614328;-0.20083948304476676;-0.06881583940435093;0.015466117587370765;-0.1489897477530336;1.090161894925618;-0.4153757303002968;-0.3063075108938411;0.33884677687060116;-0.12237095386424923;-0.2195526352922154;0.017840967121944315;-0.029325771995647426;-0.16775314732787705;-0.06295261395568401;-0.007255198397562402;47.6398123549103;24.142833010062745;15.257250352680678;43.79257462357875;14.496561750649956;7.171705928251267;36.39731954359437;34.849081493597296;23.464136853389586;34.22719249714465;44.059379656130915;27.288246204408328;33.106223492703556;42.974873508400904;25.656493806928964;51.78932532990113;23.60744273930561;14.906081466306219;9.452608345369343
0.9832594751806252;0.3049961508754508;0.12171910101580324;-0.16439851531108704;0.18009844899620392;0.5312907578745467;-0.08143369181404228;0.05393829274497258;0.5851821102710416;-0.02821762523920872;0.0009473738878713566;0.4323385550060542;-0.011997448502466332;0.15748503425036114;0.812858027975539;-0.39935508476152115;0.13584937409231881;0.7326098141726921;-0.07138100716934963;0.17214922511502181;0.2896143664112452;0.01869683772553202;0.11936310446858114;0.12579722929707526;0.03109199409308625;-0.02678021294288347;0.9453105588951329;-0.32507040381447416;0.1569337352704902;0.7913054183694772;-0.061691887481227725;0.21676404872470037;0.22205096550905454;0.05108661186067638;0.1297268960858749;0.027819377760653914;0.04460402361012869;-0.13450123851847579;1.0378165591815394;-0.24435175310945487;0.13144931285926076;0.7452645255567493;-0.05674593546218526;0.19566260595098003;0.14710862128109073;0.05052434992632059;0.10801062812452489;-0.03912678774694396;0.050640500406067955;-0.17886768287765306;1.0902236566472978;-0.17005147604326667;0.10063196152304123;0.6165889074197588;-0.040205762929389606;0.15060493096878788;0.16330501704770858;0.026719509852624838;0.1033178879067913;-0.016807507174939593;0.03271515760066386;50.29669596798188;14.481235857264153;5.266179630822975;20.2818290195162;21.972733874699593;14.473056381668146;19.240467764633998;35.72075722063324;33.80892841946564;19.315700243808568;45.69756751265917;55.14009796846344;19.1528332744984;34.97903112848175;56.09071994815705;50.96147209504279;13.45953268418852;8.035946685320651;4.784673131947555;0.9971903637301188;-0.2743185519800522;-0.18364588077311209;-0.3342306720635779;-0.27508241167514186;0.15063814375412765;-0.22958516943019128;-0.2636110299953083;0.27610212628543784;-0.12957537391058374;-0.2604687647475836;0.1520675033057459;-0.12256138891299377;-0.23221162192278771;0.36634067233083356;-0.8386533046613802;-0.3128974058272677;0.5295101412216471;-0.22817155767343955;-0.2572826025413793;0.28340042820628897;-0.07414122226655323;-0.19044459139361702;0.18086021939909677;-0.022891505745656304;-0.12341224988564158;0.7064832916239695;-0.6968864866205436;-0.3973594190914866;0.5431356435119774;-0.20497296290093114;-0.31443336991275356;0.13852500566026385;0.007204738729781009;-0.21439463753593604;0.007644304731911739;0.022878476719677063;-0.10771965784118508;0.9390447470958696;-0.5423279239932295;-0.36603867033818094;0.4698145864006582;-0.15350292579045682;-0.27558861984129246;0.05422656916990601;0.0064946263020832255;-0.19583394339728044;-0.05484905606659644;0.018907630008694665;-0.1372613935595234;1.0685855992122941;-0.4021956583864189;-0.2864510290680604;0.34792695522830164;-0.11778017022905174;-0.21056034067243534;0.03155380369392428;-0.024436470140595485;-0.16213552849186186;-0.051411480656264545;-0.0032572226967375784;46.99837357622117;23.350354217346496;15.401958501441538;42.316772768889315;14.620555899520989;7.309070392077938;35.095155624522356;34.72743493712605;22.22660673017979;32.72396687497956;43.49267142468816;27.022689319896532;31.142219873377037;42.0124523262273;26.61100791254688;51.39899350960936;22.56125761052357;14.578033191199552;9.400705720046187
0.9847242322387304;0.2854216597034328;0.17426077481525196;-0.16536559575619522;0.15130755962193596;0.5397556192981174;-0.07836286668243568;0.038550540214255906;0.5726828909695876;-0.026047354001807483;0.004615918642973633;0.4231782509191926;-0.00995919484301267;0.08300222959984674;0.8459266529689546;-0.3815228748914278;0.13370288700617086;0.7276936648263471;-0.061697816347739035;0.16117963463386514;0.2844437425344884;0.02137560182479069;0.11042105853520781;0.13252385614161635;0.030313724363778407;-0.09971738868010462;0.9473815708369415;-0.3041785686621425;0.15325006688137457;0.7825987579597751;-0.055098813012094856;0.21257300747708657;0.20330777565713243;0.05150570423475633;0.12678666234426889;0.01865817450161516;0.043594569490590006;-0.2013784981958547;1.0125407256976287;-0.2208852055107848;0.11690400025621066;0.741168504003628;-0.053592210481203356;0.19144635981637895;0.1362588191259442;0.050707684584080336;0.1087324970110525;-0.0460985085507291;0.04963977155838948;-0.23911535298722053;1.0465124324925168;-0.14436021638799662;0.0842489206676803;0.6035279403435432;-0.042501605471144815;0.14396134860618942;0.16349724302295604;0.023338313653849103;0.10021401606322089;-0.013088767213297487;0.03052171751374735;44.65728858085316;12.918147706960152;3.458089303733641;19.950540368892117;20.91681327705461;11.937243880210163;21.664497300243855;37.70892278505136;35.30048588692211;21.529871983644078;48.14825975294792;56.37855918647944;21.027575494114974;34.86436579989082;55.805391072565165;47.64044445341509;12.616758476612905;7.571964388085112;4.697743154988712;0.9977402577788091;-0.2866846507688069;-0.19777149457971252;-0.3301917163630548;-0.28797155334984614;0.1568731217901797;-0.22178719728451204;-0.2656348219971066;0.310608143818152;-0.12393195804036765;-0.2583573499184509;0.17913192596908278;-0.11390391235392863;-0.2506928074080568;0.3692099133379148;-0.8109295104477511;-0.33479417279805074;0.5608684492500938;-0.21634351363523135;-0.26353177989912624;0.26493439589059037;-0.06079976383962714;-0.19724991710405718;0.15062297186253173;-0.013371655681198821;-0.1352960766995244;0.7301898066087706;-0.6697147287870878;-0.42374566912637635;0.5465846558723799;-0.19625450459111335;-0.31476066152000526;0.11510411979847983;0.011430196045737012;-0.21288311999975026;-0.023518001759874393;0.026703584286534805;-0.11858886766605456;0.9748762115429409;-0.5164129122328434;-0.39094044967155894;0.45125130774043176;-0.14464209146102405;-0.2758859497413694;0.035182969852378274;0.010452957058070063;-0.19625086689051474;-0.06959938342748401;0.02033938075772998;-0.14990351429371312;1.1075095085834201;-0.37834502076225585;-0.30535383458796034;0.31769244977681477;-0.11271826414947464;-0.2153301208801118;0.017836425929185867;-0.0234496720646847;-0.166416734302632;-0.05860365064044673;-0.0018524245043330272;48.95376971134535;25.41919419668509;14.29726821563846;42.9150141398871;16.347932232218444;9.88822434257402;35.141487919510595;36.3978196928559;26.798181339132007;34.61436481665386;44.36982559158003;26.94693003033517;34.877556913120834;41.477530219705905;24.72295420247148;53.1178154948964;23.846135131486626;14.599042006553656;9.06263599757845
0.9861889892968356;0.2649466976794881;0.22407396033973512;-0.16539517350547955;0.12266138479140919;0.544981131755129;-0.07496700261504723;0.023471685624285466;0.5574723713024986;-0.02380787620678247;0.00813527417415944;0.4120118957458125;-0.007935304477605319;0.010581469113447144;0.8732494759607502;-0.3622054978490873;0.13089733014407504;0.718961866958623;-0.05200415450290165;0.14969869525712381;0.2778914014196035;0.023846909763366286;0.10117690452716369;0.1382981094042187;0.02939587858306235;-0.16964494676148428;0.9441988228926713;-0.2823281333597255;0.14885230191903354;0.7699040769209058;-0.04842698378562974;0.20736041207216482;0.18408533486214942;0.0516288144433353;0.12325201706458795;0.009704366613745496;0.042380680366318535;-0.2648945987574957;0.9825784425839126;-0.19700279477026164;0.10221039862730277;0.7331553976439218;-0.050251784939359674;0.18632500987108902;0.12502998078431102;0.05060736806994404;0.10883502686521077;-0.05258247024856311;0.04840123535967509;-0.2960193423719575;0.9985516672349294;-0.11874697217247435;0.06795835275266804;0.5876058749623798;-0.04448733252189167;0.13675448784201902;0.16278836583131;0.019943641933760452;0.09666665855382953;-0.009424037304061567;0.028235371154223154;39.56747147969577;11.475887950546221;1.8525869579480512;20.674603439564827;19.83835161027596;9.50719605140109;24.421314683355227;39.86145188827917;36.760736152205524;23.884733234683843;50.66902287969726;57.35952708666817;23.10926437719446;34.76343016107185;55.45195389198056;44.686762190684526;11.941438603806883;7.231427544947691;4.668858679717114;0.9982901518274996;-0.29925955077991595;-0.21233772486543567;-0.32542415264122676;-0.30109521699047354;0.16319416935171605;-0.21323027186291058;-0.26735197940267;0.34645930076184844;-0.11779627852133753;-0.2557314369354308;0.20735188329516221;-0.10461002543500061;-0.26976303173594324;0.3716559448237125;-0.7804725088643536;-0.35732998803640703;0.5930150824119537;-0.20355136844519292;-0.2697015832727749;0.24507667438700642;-0.046656348874884734;-0.20410863054473083;0.11854817506253075;-0.003326331665948786;-0.14759903460207982;0.7540151948722753;-0.6400590682790603;-0.4508703458448952;0.5493648053804118;-0.18676808411851373;-0.31461484047005545;0.09026235919168922;0.015861830210282514;-0.21095976252711035;-0.05629554642907924;0.030689847453419166;-0.12984945798270478;1.0110880093306043;-0.488319492575189;-0.4165530826181457;0.4310008647549348;-0.13508617054378094;-0.2757691535668865;0.01507506521126167;0.014604827279088886;-0.19638409174578228;-0.0850231613377561;0.021815334292350913;-0.16298220114988518;1.1467710087941072;-0.35264054401038225;-0.3247828554639274;0.28536021169002634;-0.10721239294861683;-0.22001721380781292;0.0033641102493311872;-0.022374025337355948;-0.17066557112295727;-0.06608575409763254;-0.00037027284295844984;50.87945285578362;27.513344313020703;13.020851462734264;43.29254748229819;18.65384039481703;13.70869160614616;35.21874620796174;38.48991588543406;31.238701201951592;36.83796337720847;45.362545664208426;26.602768074730978;39.19331857465562;40.58778210391011;22.728396241274545;54.83414369481013;25.16654638620763;14.54421423006794;8.692700217842683
0.9876537463549409;0.2440256863990683;0.2706006894816859;-0.1645910955023954;0.09463935011419149;0.5472374917400323;-0.07134102469127981;0.008928184739027114;0.5401154795578524;-0.021545635124731843;0.011461168140952693;0.3992559547893171;-0.005959188726415416;-0.058754017402187275;0.8949934512039956;-0.34190243656796965;0.1275545999965448;0.7069902080569466;-0.04246887260108218;0.13796193056899891;0.2702244950105521;0.026091104819430267;0.09182418134712157;0.1431261173743952;0.028369871045078553;-0.23568826556009795;0.9364021966593377;-0.2600037837586984;0.1438960049512227;0.753884902188325;-0.04180057876956811;0.20133014718438777;0.16476950972676768;0.05148676027631023;0.11925027137608885;0.0010897548231731738;0.04100611143170124;-0.3243249589073422;0.9489696856054756;-0.1731639417281383;0.08763919145665766;0.7217998531439748;-0.04680322570811551;0.1804878996540416;0.11365854042484262;0.050256710480178636;0.10838538612052734;-0.05852080547170992;0.04697278822045815;-0.34896750343131844;0.9476440478871838;-0.0936461286356461;0.052031765770896944;0.5694166230406346;-0.04616311473517133;0.12917171786097317;0.16129095471401572;0.016595717304909396;0.09278654601902826;-0.005870699458163084;0.02590601069238387;35.20807858638332;10.16566381385927;1.5901770498365622;22.15576906266949;18.740239169968508;7.212098819665035;27.320605215623143;42.189024657002456;38.15326812245491;26.317444527385444;53.26150092512184;58.0858611172672;25.349446848526117;34.67730881484783;55.0265445854914;42.241880452619476;11.436698315529625;7.016299071757623;4.6926686378367615;0.998492737929945;-0.3068975184806532;-0.21884911394642262;-0.31698997343456276;-0.3093175446692957;0.16917001633429776;-0.2043656109732486;-0.2713803292671736;0.3645334884022111;-0.11135452184703049;-0.2517326789696151;0.22323737767616217;-0.09600731072357366;-0.28718340554554217;0.37936962510969663;-0.7533063983187911;-0.37226251079987827;0.6062769983729078;-0.1898993171626289;-0.2721202937323891;0.22771093844896204;-0.03303031673591004;-0.2059275243322181;0.09526239257226388;0.005822599242898653;-0.16061041972305373;0.7716794146481797;-0.6153983864819823;-0.4692236449913383;0.5453016477247604;-0.1767218808919099;-0.3114511180265184;0.06776356036412882;0.02205887580564332;-0.20753530418616573;-0.07629905329036424;0.035462287439523794;-0.1410634517957673;1.03387352833373;-0.46630532026304955;-0.436010760879324;0.41344669648484317;-0.12563613363467152;-0.2732820414996986;-0.005181061327298554;0.020025787979109682;-0.19280870878681844;-0.09852055989800952;0.024397151897319808;-0.1733400340097422;1.1689163093112047;-0.33353487528124753;-0.3395288849133834;0.2603959592273198;-0.10153197837221199;-0.2215630939882533;-0.011725562566803452;-0.020046475301536935;-0.17089115251052545;-0.07406035698804193;0.001562770608176432;52.31638245046591;27.991096548094667;11.575085200824956;42.9827662419461;20.59966121070781;16.537362117247536;35.25499709549098;40.78946215625516;32.64154976223375;38.699860829680794;47.1125636969915;25.961389653870192;42.65867339266389;40.75840874822501;21.143011936926282;56.23329694133903;25.758096291004616;14.311184813940727;8.340943651285661
0.989118503413046;0.22307387518638291;0.31349821041878817;-0.16308015024345923;0.06763183763392583;0.5468894599470576;-0.06757764388717594;-0.004906050701506164;0.5211978295253361;-0.01930207566267111;0.014563471093605876;0.38534246000740646;-0.004057866967433107;-0.12424745988074294;0.9115471622191134;-0.3210917103751383;0.12380428374511712;0.6924214220969418;-0.03323213888628963;0.12620305573509769;0.26172429665391844;0.028100964839083392;0.08253619622683883;0.14705446167176014;0.027267778456544482;-0.29725483911453293;0.9247501419666774;-0.23764834431487816;0.13854101947654948;0.7352640788713936;-0.035325779659725436;0.19469543876171558;0.14570046570049727;0.05111794211717785;0.1149126744334613;-0.0070856450913446;0.03951597758091532;-0.37921654266626037;0.912779226069668;-0.1497669097240905;0.07342081300576782;0.707748081815343;-0.04331967881512946;0.17413114768846827;0.10235665102931668;0.04969563693139226;0.10746614675182806;-0.06388689305161056;0.045404426182357904;-0.3975990690327761;0.8950526766915158;-0.06941370740299038;0.03668978216336499;0.5495763092897114;-0.0475426102531731;0.1213926244799176;0.15913742869351521;0.013344956936679713;0.08868463009530539;-0.0024738789750151685;0.023578967742424278;31.62480620451967;8.995441185796981;3.0999209857541428;24.076920833192254;17.62651572861187;5.086187151055957;30.234072131718108;44.701990360133074;39.43734574659316;28.772768769695734;55.927228115301276;58.563122946758625;27.697699917234388;34.607010011555786;54.525810951259274;40.33093417860889;11.093347730187116;6.924549601078284;4.766796049691574;0.998300619906165;-0.3086756979674438;-0.21577011450483893;-0.30492362480369195;-0.3116987569500227;0.17464853270545694;-0.19574415343192644;-0.2782473258168104;0.36115351021321945;-0.10495315878423783;-0.24655024098996917;0.2240573722743983;-0.08870481924779924;-0.30217759296084895;0.3933686569588503;-0.7320273199547124;-0.3779248220956404;0.5972404207549818;-0.1760348401079758;-0.2702777785172663;0.2143028350987422;-0.020656371869552693;-0.20191807215589655;0.08350892402891852;0.013510554514310052;-0.17404942758020622;0.7820751835871584;-0.5983854977989649;-0.47687401494963055;0.5338921663321806;-0.16664433209656632;-0.3051827222581029;0.04910719547834566;0.03009219840547215;-0.2027037657551433;-0.08038060986489154;0.04098978933842994;-0.1518712773221894;1.040841547525766;-0.45294845951720125;-0.44777719904599006;0.40029413669003777;-0.11686246226055119;-0.26838648622044237;-0.024717837878806777;0.026728202148848745;-0.18520591885948984;-0.10924197269311435;0.028198039224458835;-0.18019957894846406;1.1710480729872843;-0.32343334052752176;-0.348433766946288;0.24552981801533735;-0.09600348591563385;-0.2195552888917874;-0.026887323489668918;-0.016362180596825343;-0.16652528833529495;-0.0823405810788977;0.0039449886699999505;53.214607088344444;26.64909114737237;10.015746242232279;42.08397933228057;21.746585019658703;17.388117518874353;35.24564424104737;43.07629781046493;30.868012558753087;39.90140545856489;49.713265023468374;25.167226768894007;44.71073397787372;42.483015546883486;20.068193676523066;57.28074504301541;25.4769682247614;13.945255643405828;8.039973420018532
0.9905832604711512;0.2024431903201431;0.35262223856802866;-0.1609976930063947;0.04192795524334268;0.5443492768607063;-0.06376065487436325;-0.017912518899383202;0.5012764312437172;-0.01711145231365884;0.01742568206457697;0.3706825858580812;-0.0022511660590153887;-0.18541343354582276;0.9234464138759302;-0.30019733372900265;0.11977212784051847;0.6759022181632698;-0.02440038777357227;0.11462033677054057;0.25266168756083435;0.029879764757817853;0.07345672406798473;0.15015847237177002;0.026119734542151683;-0.3540233606046846;0.9100374314391952;-0.21563704117270185;0.13293828864008822;0.7147561538932458;-0.029086196183086912;0.18766054450984934;0.12715561348252905;0.05056386203217288;0.1103635066116435;-0.014754936130695256;0.03795300314380543;-0.42936831251387186;0.8750095829160667;-0.12713037301344723;0.05973575940734884;0.6916536938689533;-0.03986431856208622;0.1674411713908413;0.09130070170683477;0.04896628320034762;0.10616582978934365;-0.06868114253889618;0.04374396998878686;-0.4417820381630657;0.8419116491887413;-0.04631564223264727;0.022095339700599417;0.5286713239025473;-0.04864920654170014;0.11357672859596718;0.15646586795102227;0.010230053130898469;0.08446348675233988;0.0007345753908924764;0.021292433901149852;28.772450651341803;7.969659790352113;5.001820360922517;26.193930339528844;16.50275172842249;3.1941703840684554;33.07931120113296;47.40975139850861;40.56970024806841;31.203763194359194;58.66749716166247;58.7987380023147;30.103764222314304;34.553444477575404;53.94708125980153;38.9046401046713;10.893698678817923;6.9502550478563245;4.892417098816495;0.9981085018823852;-0.31027765460107615;-0.2125615566103276;-0.29266280515468096;-0.313902884361044;0.1800339395729887;-0.18699656472755874;-0.2849632361581441;0.35755929485666116;-0.09848154347937774;-0.2412173078480576;0.2247487582233874;-0.08134016051595241;-0.3170188174809853;0.40716042210391706;-0.7102927181393233;-0.3833765172807549;0.5878444737951266;-0.16204791741810154;-0.2682759472001445;0.20075078694041495;-0.008252205914096734;-0.19778571484823784;0.07168973306699473;0.021202022333947617;-0.18740741559898533;0.792033155144512;-0.5810008104386246;-0.4842593704982709;0.5221565191245745;-0.15645536461002313;-0.2987282579292324;0.03039485795741951;0.038119935647028785;-0.19774765430211722;-0.0844216148515604;0.04650169550102678;-0.16260705170442974;1.0472167845318359;-0.43930945893237033;-0.4593015530430141;0.3868902461911624;-0.10800813902739588;-0.26332820709999094;-0.044269111741947545;0.033425016823397796;-0.17748460623298878;-0.11991590617831008;0.03198819538570534;-0.18696483528209007;1.172504479199013;-0.3131295085802023;-0.35714990303089134;0.23049948841103693;-0.09041121420696167;-0.21741731234481698;-0.042055871131201704;-0.012662970975226772;-0.16205649976598258;-0.09058531144728206;0.006328435033394522;54.088150439375156;25.298306312642072;8.426388558482909;41.174705032942356;23.016734092573905;18.32010161015368;35.27985785297153;45.54282460375034;28.92419618158224;41.12464747120787;52.38987485347822;24.30799728133769;46.79213464961634;44.20364490081815;18.98203301867121;58.32576906616835;25.17179472100149;13.579300308047857;7.744713702514346
0.9918396815298746;0.18240520150205322;0.385726423321468;-0.1566373491037825;0.020557941116562322;0.5380961629159673;-0.059099195669555675;-0.026856094989991267;0.4792709029996793;-0.014377607408740343;0.02078205545982321;0.3528405401247308;0.00015397419997210019;-0.2350533616995414;0.9319183401232051;-0.27660468150750167;0.11638802594610076;0.6522882513551573;-0.014786984810059233;0.10502570124416795;0.24055108438808465;0.03250078542806122;0.06623026070178913;0.15131943629420083;0.02572287421457183;-0.3982996531794594;0.8969496489597785;-0.19193413846435045;0.1261757313698448;0.6891105869948052;-0.022689026996661227;0.1805968895052679;0.11021899696952647;0.04921487013733825;0.10750198479739494;-0.0204026224469057;0.036193139650547136;-0.46729753576626837;0.8430688920673367;-0.10353512457512938;0.049458360134859415;0.6676963239741245;-0.03534276313213229;0.1605204343074439;0.08226730894378748;0.0467456176622377;0.10532461265209725;-0.06897404407531041;0.04094463437023771;-0.4742656632274244;0.797479845655345;-0.022781203086070716;0.01087922074930241;0.5024318640965144;-0.047756699121506666;0.10583798795385228;0.1509378661450253;0.007296112595990397;0.08084863980927869;0.004683916283520446;0.018839302823770016;26.39067010585999;7.044956082393557;6.803465711374102;28.116526189908786;15.816035293938185;1.7935975544824996;35.28048251232146;50.12099850991702;40.815773570650045;33.267551361817;60.65851412009194;57.79696557304302;32.16799281422974;34.62479839432799;52.202899250235355;37.6493435737328;10.740470189827182;7.022537851371709;5.03346373040252;0.9979353748980774;-0.31152035248816246;-0.2077268511573068;-0.2815343181466671;-0.3149907858527187;0.1852256337460584;-0.1786844857593608;-0.28925033522607013;0.3540826651141729;-0.09226720495560856;-0.23628088438758457;0.22566305176961846;-0.07429728538764269;-0.32905183687255685;0.42225176868143444;-0.6890716676857094;-0.3885669971289183;0.5779420156517758;-0.14906333882533934;-0.2659030551182953;0.1868518651805624;0.0029408261902583942;-0.19345596309385454;0.05999698294841882;0.028134085736907188;-0.19829659949371026;0.802008797118283;-0.5634361968973203;-0.49067012722025016;0.5108358152556648;-0.14682886265536982;-0.2918360176039356;0.013140408246394869;0.04530907614769526;-0.19178527123161698;-0.08902785061231581;0.051414657452001085;-0.17097341969317134;1.052787221857437;-0.424970989319513;-0.4681110319903268;0.37652002678503477;-0.09954764525367486;-0.25781781517295915;-0.06168993805562895;0.039481567694383754;-0.16965289994953434;-0.12954042251923342;0.03544490307967156;-0.1913574231061402;1.1736415011388712;-0.3016520804183117;-0.36338538275501564;0.22013544906113147;-0.0848389733553076;-0.2147656775617768;-0.05501713949033341;-0.009178544753170809;-0.15731417518259935;-0.09805474294649216;0.008547116329376747;54.75781374167883;24.103113846562945;7.054213763292224;40.20659196501571;24.351521808628487;19.276908838195787;35.38906787050098;47.94098338315159;27.366130788313576;42.100969273381445;55.03522814473308;23.631210213848934;48.313049287346225;46.058202621567126;18.262061347983952;59.28432043934227;24.79354285315002;13.22163967427993;7.490405625092932
0.991964843256053;0.1634480965258866;0.4037859150067314;-0.142712446838802;0.015509566909466168;0.5211036753593161;-0.050179061869560025;-0.018598494585728573;0.4497163145708046;-0.008579346651300087;0.02769079954574894;0.32102268033646836;0.006052409261923262;-0.24432142841798934;0.9410412893807124;-0.2387619775012395;0.11726107859763578;0.5991811227780446;0.0006940227039949042;0.10453890409261915;0.2146468135569197;0.04038548569027057;0.06738399614360066;0.14578236487617394;0.029311713393211064;-0.3988955196249227;0.9033752321511288;-0.15746604192351107;0.11421725009163586;0.6436209256523948;-0.014364038025442522;0.17466745850594664;0.09886611465671505;0.0444800289703037;0.11393957236803146;-0.017894059075239527;0.0336473202312444;-0.4624721227245965;0.8457111184434546;-0.07131718503822139;0.05412536563778484;0.6106754948811955;-0.025125968693248867;0.15345459941844833;0.0822702265881845;0.03749822672189105;0.10824802964107114;-0.04854927120311005;0.03260088734913238;-0.4653519666231667;0.7979148957893892;0.008144400956454434;0.013605839239725189;0.45218030597797315;-0.03769949487487941;0.0983591956571704;0.13265431680271533;0.004660159082273637;0.08064838183384909;0.013264771376026068;0.015296460571133113;23.53484068533686;5.994805254118642;7.6130111255072395;28.914984752021567;17.625841662462772;1.3623720489474305;34.609691772808816;51.8968870034514;37.36948081057142;33.730696441071004;58.190296291660125;50.835528347193275;32.372266455930124;35.380656656330586;44.70555644765384;35.389641182246976;10.244370146901904;6.817699676378042;4.992629478601009;0.9978653687891896;-0.3116310624692587;-0.1947152618518974;-0.27738439320130354;-0.31087130746526415;0.1898021185110603;-0.17328691146852299;-0.28114099259563774;0.3522128707478083;-0.08775408378174467;-0.23416269604680312;0.22836533769320636;-0.06926569929037621;-0.3266590834760298;0.4453036578726906;-0.6726754972435044;-0.3933139132689477;0.5669390178587063;-0.14202706963111966;-0.262254452956332;0.17172769036134874;0.007479093690482068;-0.188618788997715;0.04927507438830016;0.03096374485139975;-0.1962602143972415;0.8140829704177661;-0.5465810511905214;-0.49304190261868797;0.5032276573287773;-0.14073285297104948;-0.283426583009008;0.003982601534410965;0.04801072973214225;-0.18096274776961394;-0.09686873861102832;0.053175252565754484;-0.16690683858353397;1.0567264290350344;-0.40813647883843873;-0.4634010002814935;0.38363413348844533;-0.09356969779209685;-0.25060778219899577;-0.0675789143564544;0.04211851627603199;-0.16175964636054024;-0.13373433767940557;0.03715655338649074;-0.1833974112282805;1.176135586816608;-0.28476225591361487;-0.3571182928374811;0.23565663494458636;-0.07966052051160948;-0.20993686216873877;-0.056063845721130365;-0.006916537401460992;-0.1515627193208289;-0.10151430501344298;0.009874200991174947;54.44407534221141;23.788317610164697;7.04060271152879;39.00263385641533;25.46135758294392;20.00887276388539;35.70894027007196;49.18886966683246;28.724280538391437;41.6471459897579;57.39518873144501;24.154289080793426;46.69654414135083;48.809878489560745;19.486314312412677;59.780835469794454;24.129199732931543;12.90792673144999;7.42873148873647
0.9920900049822317;0.1458225645187568;0.4199688694145283;-0.12974103239110354;0.0108462445700233;0.5048976842121559;-0.04191453880240199;-0.010978079146948806;0.4220258827395096;-0.003233368229213278;0.03401943906807597;0.2913890124551651;0.011474686391813845;-0.25258614567436005;0.9484153030822615;-0.20367250393831834;0.11793719670416601;0.5496507671394686;0.014941816609419192;0.10397725691372796;0.19057154828127074;0.04759858892148131;0.06837265398363027;0.14052768104029642;0.03258298767462077;-0.39901046097799636;0.9083075523935404;-0.1255708656296613;0.10308667405929918;0.6010533090163243;-0.006686200561331923;0.1690202612564213;0.08830960759288388;0.040073796207996046;0.11974083642214996;-0.015565759267180597;0.031267610993097036;-0.45752828845757076;0.8472239436287547;-0.0415866480079876;0.058362006801371644;0.5575305214108495;-0.015695239198184947;0.14678452102352;0.0821835072975403;0.028946280312493227;0.11082107506498066;-0.029697776687527194;0.02488596684384098;-0.45664219179447235;0.7974482014568453;0.03659913423561137;0.016100603014365743;0.4054379344620219;-0.02840198653198091;0.09136890907986349;0.11568218215266703;0.002228992333248198;0.0803764244399058;0.02114808042304955;0.012019044779896725;21.022349312318543;5.091420005392005;8.576486801662115;29.941848953285472;19.627247061157277;2.678911034250588;33.99222258286034;53.77245118616896;34.14014660949109;34.334672379871456;55.70894652895399;43.45777007998689;32.6612973706675;36.33152304837238;37.53871185530328;33.321726173871134;9.781363573329257;6.631461143045239;4.963055956365274;0.9977953626803016;-0.31160753993375023;-0.18176633337315407;-0.2731625792386986;-0.3066653080475853;0.19424633640626793;-0.16787584938900146;-0.2730025118086452;0.35021371101609056;-0.08325406920172566;-0.23196830423004253;0.23093989450415742;-0.0642609178562966;-0.32415372837330253;0.4679072773641142;-0.6561759269391355;-0.3978398022192622;0.5558173293360427;-0.1350090100882145;-0.258534802763547;0.15669965211634435;0.011963330993186333;-0.18375530635541046;0.038652245641508105;0.03374849151586107;-0.19416288479420296;0.8256744671271726;-0.5296814594665858;-0.4951766974109028;0.4954899687228726;-0.13464507232211806;-0.27499039653270657;-0.005074317574510387;0.05066162979812465;-0.1701842319177053;-0.10458045181295274;0.054893432027081385;-0.16281458245840635;1.0601705377927875;-0.3913163740770525;-0.4585459691244133;0.39050482631512273;-0.08761878426084586;-0.24337156727367204;-0.07337308127666141;0.04470795074845188;-0.15388578138432757;-0.1378241991798384;0.03883317250214099;-0.1754483016224134;1.1780998032558854;-0.2679401082072406;-0.3507690033197035;0.25090338068316265;-0.07450608144036192;-0.2050725468483967;-0.0570749006557288;-0.004676917704594243;-0.14581101097054067;-0.10489179005102624;0.011182205502033922;54.103942645125734;23.483906197104893;7.077586745479853;37.89287956512107;26.690712755729773;20.780014948917003;36.070817036958736;50.52226532629672;30.12119980196957;41.18922253072772;59.79548997603477;24.668838184265056;45.10965490973201;51.53745588476647;20.73545370209649;60.22424570439528;23.463000547221128;12.603228262317687;7.369874328154789
0.991795999111749;0.14154729153654003;0.42738342778793875;-0.12454134101902659;0.01072564122743454;0.49782158451196146;-0.039604811416610375;-0.008595847565573881;0.4131420224824888;-0.0021951927037755577;0.0333315743287765;0.283275891322626;0.012232499906292252;-0.254258608647741;0.9514301038976195;-0.1921460197968906;0.11779998727967823;0.53228663331546;0.017480805219486886;0.10238332767891369;0.18473188276750208;0.04774873924245354;0.06564770665369252;0.1375964260204598;0.03209193284623127;-0.3997085333726583;0.9092386242629594;-0.11626784808139849;0.09524773608575922;0.5869886651258223;-0.006688995247688777;0.1663960444438485;0.08186532529408758;0.03724371134159025;0.11790991773131487;-0.01770618640349483;0.029792269697572014;-0.4575744115318193;0.8465668847968589;-0.034219996837977135;0.057633472044462404;0.5381005274030091;-0.014549489763924024;0.14518447365983841;0.08193622786873712;0.024962358232106543;0.10992617532841455;-0.022852814952869362;0.021654719697910656;-0.45455934246817126;0.7950836214930546;0.0424476674171748;0.019197409174742705;0.38569599068395816;-0.02557216324993727;0.09055849876947765;0.10842370984605931;0.001226052024515399;0.08088233489378588;0.023556615277649847;0.010519014416735476;20.035082981017776;4.886530143721198;8.368840302135792;30.176959886741358;19.657511571586156;3.5148359165659913;33.41190243710567;55.53667247559621;33.96386522942547;34.49099970953743;55.19093132338807;40.633465511981676;33.218348291180874;37.24300252873531;34.43851553021362;32.66688348104123;9.698626858194398;6.5663485948566604;4.884885209477554;0.997709429642348;-0.31112575908103807;-0.17595266216385413;-0.2687304968101437;-0.3053056154129643;0.19437393709230028;-0.1654311269841634;-0.27058653812325784;0.34988082103401263;-0.08178672296571532;-0.23018765220348716;0.23238685401637416;-0.06271920938137966;-0.3240184745116823;0.47485377682336344;-0.6476404837701841;-0.40072445307262333;0.5492075391168678;-0.13189999744426345;-0.25682449688868125;0.15019901560969723;0.01361610156185043;-0.18155504031064093;0.03633766546770383;0.034276835664760925;-0.1947191669144432;0.8298179762995592;-0.5229594365208925;-0.49714207218941875;0.4912004310060123;-0.13172350953903056;-0.27055699330351546;-0.015144432971393383;0.051631484115439615;-0.16447910491495024;-0.10956081455407914;0.05494354039875123;-0.16285308847181995;1.0620421433912814;-0.3862859829697056;-0.4587612937037998;0.39074721754318886;-0.0855509392567496;-0.2392042685346538;-0.0821669274238258;0.04593236374264485;-0.1484919561392966;-0.14164993509967833;0.039231893900988475;-0.17412138609156588;1.1789181037944005;-0.2642862078275526;-0.35039166378786624;0.2524688032390368;-0.07313422852934545;-0.2023602404865382;-0.06230043889680536;-0.0036084527605303733;-0.14143752925754674;-0.10748281265873744;0.011596193833065448;53.74295920336133;23.50119142785776;6.8995046435042635;37.4575908539035;27.10279422609113;20.43679313192287;36.28165564128198;52.191467319945005;30.01334906233566;41.218440304644666;61.897370238196984;24.2727112587912;45.014298264128584;53.29523260396469;20.65330137126373;60.39661330917724;23.220731779068647;12.429163887191843;7.27657685198681
0.9912394572175024;0.1451349119843811;0.4300761165954444;-0.12380225898450407;0.013331105009368384;0.4960827340279666;-0.0407726504353333;-0.009244528302435332;0.4152812961296229;-0.003693131909999448;0.02841047927411775;0.28780002928327103;0.010232131053255107;-0.25216043314916475;0.9523689903325371;-0.19427674255106153;0.11721622573959306;0.5335969506710122;0.01312220049041063;0.10013297199256657;0.18962887866127706;0.04368516339525753;0.06058528198444803;0.1359720116940468;0.029330791811538862;-0.40095611723427;0.9081882558165751;-0.12011779239257371;0.08903679035327883;0.5895846792769831;-0.01130640891028449;0.16552576748802417;0.07760520339309585;0.03523538838412195;0.11145444222809217;-0.022642960673761352;0.028799261090136637;-0.4608076807632815;0.8449236059433908;-0.039931176049045794;0.05391140814650806;0.5381751355473657;-0.018327667091061754;0.14660939350926372;0.08161410548967597;0.023534493082192423;0.10695007550896832;-0.022887878176483033;0.020964744602627178;-0.45653999214196334;0.791790453126432;0.035029411820737426;0.022816785542206685;0.38134871034632606;-0.026496352233578924;0.09345597097135494;0.10668338278343437;0.0010315703434808333;0.08191368500445516;0.022806742323163643;0.010016337152620845;19.861210836306885;5.043475674524293;7.362280936350736;29.823488623942456;18.377295352835176;3.7632979545498704;32.832338305077805;57.23271748974493;35.843728386823926;34.30539625424345;55.90987532965562;40.69983206121657;33.935318527335376;38.02021511082433;33.73332627091548;32.8164181589227;9.844947210965262;6.573053634124784;4.76868842443374;0.9976135211371564;-0.31041586998945375;-0.17458121277507546;-0.2642165837567406;-0.305759462082132;0.19186781306033437;-0.16484951032847983;-0.27175588327242456;0.3506398458397803;-0.08220854831024875;-0.22870371282266858;0.23317779969618457;-0.06332934121275544;-0.32540557319576574;0.47220572877175954;-0.6441434436509748;-0.4026652273510433;0.545484643039973;-0.1312309298291872;-0.2564018611112814;0.1489966192443823;0.013520931063313087;-0.18103334193618748;0.039165178070813524;0.033416488644617784;-0.1969500618024661;0.8295042387630479;-0.5226216518956531;-0.4990904941993969;0.48912971704839636;-0.13078269078227664;-0.2686461896429558;-0.025842217035310755;0.05157129458632446;-0.16193970433556848;-0.1128716838955554;0.0539723273382016;-0.16547366458041055;1.0631295670906984;-0.38861189339718855;-0.4621918213840375;0.3869617731298293;-0.08589864448711516;-0.23697675741783258;-0.09282832374127406;0.04632102776135707;-0.14465802651026774;-0.14533700786103101;0.03884763610285038;-0.17691867389001875;1.1792367231996903;-0.2688189137614662;-0.3537676958833532;0.24562223656787488;-0.07411353091718796;-0.20101427016950657;-0.07014133747100738;-0.003264657965564497;-0.13794152941432355;-0.10960642045972374;0.011459587295640122;53.37934906577463;23.716634215426517;6.568615310561251;37.40007289371473;26.94924027272589;19.38549884731585;36.380245154385285;54.04623385408036;28.945379126204177;41.552650202240436;63.76506043312657;23.341667295782774;45.837845929236565;54.430561406390154;19.7659319964237;60.423959554938;23.244230204875965;12.333774281494488;7.161196647042714
0.990682915323256;0.1487859760761744;0.4328106528414038;-0.12304734535135718;0.015984298228069314;0.4943029563250982;-0.04196125785035674;-0.009904985741595132;0.4174524941642512;-0.005218583186436173;0.023398271904928724;0.29240228968539167;0.00819474973905249;-0.2500190976188509;0.9533080507769005;-0.19644320317534134;0.11661961052776643;0.5349218047292933;0.008683114099691979;0.09783938606082367;0.19461262554702902;0.0395459884953362;0.05542856489092364;0.13431524733342112;0.026518288649745484;-0.4022194660497775;0.9071022312031966;-0.12403645946581346;0.08270989567223766;0.5922178950185081;-0.01600863022052027;0.16463649384583634;0.07326525438697683;0.0331894572756714;0.10487811296975746;-0.027670218621522497;0.027787452836279026;-0.4640921978405734;0.8432348916129785;-0.04574678581172879;0.050119849001587335;0.5382414476022079;-0.022175074804723128;0.14805791321959488;0.08128458613761406;0.022079916775386194;0.10391726134611227;-0.022923175706716988;0.02026168975135751;-0.45854890447319574;0.7884224279854298;0.02747394998094072;0.02650238796721308;0.37691454070789127;-0.02743708030441672;0.09640510910304159;0.10490909787258629;0.0008334895425456502;0.08296255142219755;0.022042653742277842;0.009504225172548356;19.683658652442357;5.231730670181236;6.369788514628615;29.465665814288975;17.107835853868014;4.197083296070145;32.245892515549116;58.98586732352118;38.025138888017246;34.11456028767437;56.636961295545326;40.79342071193085;34.683285987722876;38.787407638373935;33.014769455162586;32.96743706517537;9.99734728103538;6.584308345133843;4.648358980487076;0.9975176126319648;-0.3097087926242984;-0.17321738102936435;-0.25972933877088794;-0.30620891889292245;0.18937626288430873;-0.1642706573523333;-0.27291657092031335;0.35139235522662965;-0.08262733193164402;-0.2272278112704487;0.23396263565820047;-0.0639353592055892;-0.3267823865443627;0.469571694498095;-0.6406648046558476;-0.40459188136842655;0.54178205762896;-0.130565341707843;-0.2559805312282185;0.1478009224233211;0.013426281955632984;-0.18051395201021536;0.04197493356233552;0.032561311636482126;-0.19916609271917665;0.8291881845534461;-0.5222832776453183;-0.5010242527236151;0.4870693452469693;-0.12984704110064546;-0.2667458688186809;-0.03647344671904891;0.05151121363038843;-0.15941523808915006;-0.11616141607037668;0.05300686696483745;-0.1680771190503398;1.0642047733282414;-0.39092136454090826;-0.46559867302895375;0.38319784273531704;-0.08624374922756929;-0.23476185836226007;-0.1034230472182367;0.04670704045702713;-0.14084715766994432;-0.14900044073417057;0.03846556440160479;-0.17969768402281483;1.1795473016465696;-0.2733220945074604;-0.35712094773051384;0.23881691678506514;-0.07508637187815632;-0.19967562340102687;-0.0779331920441874;-0.002922980975442791;-0.13446652671680653;-0.11171627947500655;0.011323770019244879;53.01447126432253;23.933894160531867;6.241676882160548;37.34217183617873;26.795864100593217;18.340418837994857;36.47838547714475;55.91035313292051;27.873810862485474;41.88472494488374;65.58835928108779;22.452366495171677;46.66008424743641;55.52792101782182;18.928371563905163;60.45205497589805;23.26826946182763;12.23950521675451;7.046731573412917
0.9898127816319986;0.15496992143618168;0.43483440970493076;-0.12098259765439764;0.01845853441348134;0.49733141550751764;-0.04139367222769276;-0.009039306038595218;0.4179806755881025;-0.005036180622527748;0.021043957566159156;0.29394082956550704;0.008625835599325313;-0.24504853917503588;0.9615284002514003;-0.19552233233170033;0.10223844640617018;0.5384248701673292;0.008033090972483456;0.09251513121138745;0.20002049740026503;0.039261114038095034;0.05245872631317381;0.13295338802537443;0.02716754514373571;-0.39974986092729703;0.9082616075936145;-0.12353501876014608;0.06718575121597334;0.5927990610267334;-0.015430623095186603;0.15896020887849066;0.0863253771388022;0.035851405980785865;0.10110604234806458;-0.020201469319577673;0.03077414373079729;-0.46365532576559243;0.8395723399818037;-0.045826178684377245;0.03360449856939631;0.5365189753299694;-0.02060410530479983;0.14408801720948836;0.09376565344309563;0.02570967498640833;0.10165715125558206;-0.013186508011335352;0.02379549926356383;-0.4589485358669947;0.7794805063217746;0.02681434571074553;0.017208280082726315;0.37506329032093166;-0.0233158763214939;0.09367290731727256;0.11511610161756311;0.00454942167422736;0.08217025315052952;0.02958666283610707;0.012419112809628461;19.87280291910329;5.273418631906927;5.8348409191981006;27.634576861552475;16.778055836715836;3.3018416558376122;30.641483741238517;56.1508266431728;38.94894884604372;32.46722755446676;54.260703136369;39.94968190267506;33.513859732072966;36.875580054940286;31.570561875850633;33.21300563444533;10.176945994243747;6.735902627552383;4.706249181247001;0.9975172133459324;-0.3102198876607256;-0.17283535600454278;-0.2562895189704836;-0.3067225303574048;0.18743027118189415;-0.16406161285713283;-0.2731313061105979;0.35311208039623704;-0.08304378191566521;-0.22684819504786288;0.23517758706109482;-0.06434076716605634;-0.32872998178396046;0.4656405426050566;-0.6393665924396307;-0.406886455912481;0.5422683426585867;-0.1296328534448988;-0.255780420447863;0.14716037285824002;0.014908869433681651;-0.1795197440473905;0.04269809129400137;0.03322852532978721;-0.2010530450635422;0.828091177653738;-0.5232997941550546;-0.5038851637553473;0.48830388640456035;-0.1290307793719167;-0.26497990871388727;-0.0440039160505686;0.05290106409028747;-0.15636977030469187;-0.11978037221644451;0.05356884990298483;-0.16938547642341267;1.0656596844443547;-0.3938143771392666;-0.46919312429635124;0.38417441864129126;-0.08585511204540382;-0.23278710005473507;-0.11071387137052408;0.048578990704732816;-0.13743221174102735;-0.15203293808487237;0.03931488238864075;-0.18055025040249825;1.1829405691109087;-0.27777327937231344;-0.35972876000948495;0.2369582322451979;-0.07520896128581275;-0.1985208886692846;-0.083391011274546;-0.001779456023883762;-0.13149433816676148;-0.11384101169907873;0.011965773238547429;52.723940414408396;24.25186560805876;6.16320855585019;37.484231621400276;26.858477620529314;17.970697897296724;36.54187027496193;57.408472941318315;27.56696024584919;42.014545806664096;67.09867385595076;22.05234422964112;47.02981607219604;56.6332567103658;18.615780795741536;60.386651506263746;23.372247769073372;12.226712799976344;6.990185446168142
0.9885831133428729;0.16410330649668073;0.4359906974172275;-0.1173776362945837;0.020711340864403637;0.5059827210297313;-0.03875860420155887;-0.006379854058336083;0.41655065461489543;-0.002843578014126759;0.021826994311542506;0.2918510423212402;0.011960897312491404;-0.2367540084429616;0.978238401079163;-0.1909601901416943;0.07168023672890594;0.5444504310701678;0.011846087969367597;0.08363909101570444;0.20589588691970698;0.04351299214115352;0.05207250849255419;0.13193717386049877;0.03188835301860683;-0.3928743686354046;0.9120125678900927;-0.11782532189580978;0.04089154024074477;0.5909311469013783;-0.008637676637051122;0.14766232227792622;0.1198144980654431;0.04404355571682427;0.10064507038917513;0.001950373456007497;0.0384548617567777;-0.45881481464391694;0.8335567001564519;-0.03914961309681819;0.002172948606369741;0.5326694061943338;-0.01265920943046836;0.13374719589509917;0.12127441330468038;0.0353095375752222;0.10031038212695893;0.008016903643962275;0.032302164505675746;-0.45742805450358154;0.7639711449084879;0.034274453455064274;-0.007331013480461423;0.37624068103631614;-0.013250329563499343;0.08425797443171781;0.13938234115322715;0.012858399421496778;0.07920919794580125;0.046880441005604866;0.019356441097832612;20.494240492874983;5.12256147379385;5.832418693408712;24.169924696591828;17.52868147606479;1.687099117986469;27.82965037901872;48.60617280009372;37.042143551113426;29.06447594279951;48.89476155787087;36.99288964249166;30.08557460859028;32.898872214295494;28.86713022685021;33.570047662831065;10.376905936221467;7.05429872995635;5.0127354288229125;0.9976263158677618;-0.31212981102789517;-0.17357360898280788;-0.25401577565911854;-0.30731296384351137;0.18608990638386405;-0.16427342059265418;-0.27226301844809025;0.35595436711450495;-0.08346108580253474;-0.227719756073911;0.2368956067432581;-0.06451987193188231;-0.33134826225901587;0.46018384682369695;-0.6405507880324304;-0.40962221081436595;0.5475553022800838;-0.12838512317443726;-0.2558305621126259;0.14714899897367995;0.0182123106146434;-0.17797126792133156;0.04103746765985023;0.03564594798266752;-0.20257986438748501;0.8260849688839275;-0.5258754821521808;-0.5078327904309151;0.49332233680262044;-0.12834291256200694;-0.2633498216963866;-0.04805323072933732;0.05596485828426924;-0.15269781785025374;-0.12381015826471203;0.055885731643776256;-0.16922170551891824;1.067558022661261;-0.397401318825852;-0.4730341764632768;0.3905890608539872;-0.08462178638935264;-0.23106758103221564;-0.1142882202637275;0.05217072040951837;-0.13443780984604994;-0.15437058733363054;0.04158273126856238;-0.17920304296709522;1.1898915813669475;-0.2822056559203928;-0.3615054851683801;0.24074764548076344;-0.07435828274606618;-0.19756491440029061;-0.08622621477880452;0.00029350698421897094;-0.12906937119142392;-0.1160023323718512;0.013504870455000505;52.51962489510802;24.68640235606241;6.366321490162207;37.85910746597328;27.171869281140346;18.37739991188488;36.56811270238193;58.489581498872454;28.132581400748816;41.918868713266235;68.28995887517284;22.173649973631303;46.88556280071931;57.78332059599188;18.863945324054615;60.213010695385826;23.569093862957107;12.30783506054432;7.0006722336603096
0.987353445053747;0.1733768507029176;0.4371247179583024;-0.11369980145151334;0.023000623129922057;0.5147330086416815;-0.036074801708807176;-0.003674371311851564;0.4150560728665967;-0.0006132578839176333;0.02262129981730881;0.2896974437585476;0.015351759944473912;-0.22829501607584912;0.995139496000241;-0.1863017378753209;0.040593271174017294;0.5505264268451802;0.015723058743361447;0.07460341322951364;0.2118517708997392;0.047833287365934445;0.051674677296706606;0.13089089175873697;0.03668670620507013;-0.3858436036980089;0.9157396999061919;-0.11200676542535934;0.014144357421005276;0.5889743902049607;-0.0017278933434021477;0.13615727027533223;0.15386397363184537;0.052371360242359936;0.10016652787142465;0.02448031966816685;0.04626303929496244;-0.45384742843879355;0.8273580061318957;-0.03235525791437285;-0.029795573515039583;0.5287027676446683;-0.004577417127126706;0.123216894072804;0.14924125932108795;0.04506993637830015;0.09893094775834499;0.02958163760248326;0.04095098701490723;-0.4558375284907471;0.7481233086086617;0.041858656142605796;-0.03228866295332049;0.37740192264494166;-0.003011614641809471;0.07467414154170085;0.16404954875346112;0.021308032145032837;0.076189943391065;0.06446503089476265;0.02641037426436769;21.126687487879565;4.975170644351363;5.8621608145007675;20.83880104076783;18.290897531721903;3.3252478841425095;24.96892070173482;42.25497696526644;34.16269997310542;25.556978093009192;44.5225559668627;33.29434795403645;26.64723959321184;30.171088908584732;26.09625408239527;33.932593592591765;10.568753361126083;7.385851713347549;5.373745970499045;0.9977354183895912;-0.31404604613196047;-0.17431360854596306;-0.2517263250769311;-0.3079025875173693;0.18473980616037047;-0.1644842302144891;-0.27138643725689077;0.3588074683468841;-0.08387956886347689;-0.2285930804226787;0.23861987855072148;-0.06469910693944517;-0.33397645978648516;0.4546914124874456;-0.6417330425999024;-0.4123674973023056;0.5528638783757589;-0.12712891760553613;-0.2558776263116143;0.1471356360198746;0.021533500541736042;-0.17641202952778218;0.03936726446902266;0.03807606668385025;-0.20411234416570567;0.8240570174610555;-0.5284583076576334;-0.5117952611282595;0.4983616519025561;-0.12764961946752215;-0.2617074098783405;-0.052123964629531484;0.05904460191798663;-0.1490038717766058;-0.12786026504948772;0.05821449691625919;-0.16905482666675237;1.069452716060613;-0.4010025868684275;-0.47688994809332125;0.3970335154916237;-0.08338063701508691;-0.22933567303585614;-0.11788053473861525;0.05578132385711334;-0.13142534274249487;-0.15671894338542394;0.043862384015243554;-0.17784615304189036;1.196864858513591;-0.2866584708852569;-0.3632871501498384;0.24455453914795244;-0.07350199842081662;-0.19660114743279997;-0.08907572672649186;0.0023777534486832956;-0.1266295098930465;-0.11817390222737884;0.015052171201523636;52.315223348226795;25.1244201414071;6.569929119615532;38.23832015855986;27.489736138101826;18.795160459859027;36.59719344620249;59.577486796722525;28.6923356536732;41.8291811316201;69.47536656986995;22.29521831872015;46.74566958371403;58.93216429694763;19.11866650719017;60.03891520265163;23.768248406306874;12.390969922177385;7.013074745869981
0.98786848756957;0.19525300903752574;0.43232312577670234;-0.12055165746068405;0.03882888997461101;0.5420293758570739;-0.049004668106418424;-0.008925092749617374;0.43595231825256203;-0.012035195721228952;0.008916961534854969;0.3079310942512732;0.0032051465814794;-0.18286591779959951;1.004828814541696;-0.223581175328119;0.013391957734905514;0.6143792080095517;-0.008277384965671262;0.06915390368212702;0.25054021467717075;0.033607169196179794;0.04813529279529393;0.15137678815846706;0.02909277224182897;-0.3575219229666871;0.9211978588020875;-0.15353364301237615;-0.00716142587329504;0.6477720128784762;-0.015914677408792443;0.1398109756440533;0.1351709056297785;0.05390076281611423;0.09487616466728697;-0.008761656965332924;0.047846700502673666;-0.44289384946311317;0.8321887641039467;-0.07859659779567842;-0.046586696289380745;0.590378982251424;-0.015805995926264665;0.12987169894570585;0.12587398870880026;0.054200245925901024;0.0941706852586648;-0.0051379765671349005;0.04758581481300856;-0.46275860995583773;0.7532509211860768;-0.009378071684412247;-0.0418746021207223;0.4349624915854663;-0.010744960437828048;0.08162577827969876;0.14388210966255408;0.028844075938658297;0.07344099434578011;0.02599471695724182;0.03212904149679728;21.878127422138075;6.358409794128014;3.571521982503418;16.293907535073934;16.320641821240343;3.71889962845301;21.78460718940541;49.052747337878984;47.052146158118944;23.693265041165812;52.941945207838096;44.75840691449124;26.073388933210182;36.691733893976085;41.11141340538455;33.715147112812694;11.271729449100496;7.889485191536217;5.459427568135276;0.9975774947712178;-0.31219559447630746;-0.1708579917737988;-0.25046582842849935;-0.3052358077285742;0.1844774757339391;-0.16299883522969905;-0.26958418802351036;0.35656424842357753;-0.08283759898571552;-0.22593037581092648;0.24130697305410204;-0.06356202959184791;-0.33323339534662766;0.4630923191401616;-0.6351183514679247;-0.41039097241246764;0.5457639483541853;-0.12362857377843102;-0.25310976303050925;0.14073492711544777;0.02378736564399198;-0.17397593260761116;0.035475906034898856;0.039116433774290284;-0.20414789454760499;0.8278995140255416;-0.5224040886402516;-0.5111573130869156;0.49353723340738326;-0.12429544439616053;-0.2560019129754003;-0.061156882298179484;0.060376737438616046;-0.14293169853771195;-0.13271528269650726;0.058596960575749146;-0.16862026172729225;1.0686667627290865;-0.39570768320061234;-0.47539065711002115;0.39654152731285186;-0.08160334709756079;-0.2250427346372313;-0.12458639720368601;0.056966473962900985;-0.12592334723779358;-0.1607982810257484;0.04435934837177291;-0.1758118407921044;1.1931287963833825;-0.28206243662842817;-0.3605267636742053;0.25317085132032263;-0.072479021669758;-0.19412140021715774;-0.09208650817725979;0.0037296528835542306;-0.12201252107886322;-0.12172624033945961;0.01570382800684029;52.19801999670361;25.00062009644722;5.931467112058502;37.8181083812608;28.18266417366799;18.98311207833796;36.760785881576446;61.42474503497234;28.687909440444916;41.8017670461646;71.23125912722914;22.42654850480485;45.7445727195363;61.075308576520534;19.970004280693164;60.31718346868686;23.452980192933605;12.217761023902854;6.94913503206689
0.989169267950244;0.22456569485867067;0.421758475176099;-0.1327235946833778;0.06280653875257285;0.5784287661076262;-0.07078795269910826;-0.018641695656533713;0.46782264783604277;-0.031374359161884934;-0.013465741894788118;0.33655449954968797;-0.01795862199403761;-0.11342424861545103;1.0064772746179131;-0.28439964473758506;-0.0145960841681531;0.7102503107538757;-0.04859799218017431;0.06460282910911211;0.3081355911478706;0.008485354269415666;0.042412813794924994;0.1838849136791806;0.014370634659005756;-0.31381266241490635;0.9231411989983974;-0.2221079458728775;-0.027784035356350455;0.7394102218917566;-0.0420104307509961;0.15069463517320686;0.08741564464100805;0.051875625583171374;0.08614189613612103;-0.07324656406899613;0.04620189564970964;-0.42549192321979384;0.8385916627974704;-0.155607763141396;-0.05714824953260003;0.6879414580484124;-0.037756285918608114;0.14512228306560435;0.0737435477925927;0.06361994348686456;0.08674145187553949;-0.07152233664945995;0.053605084363469314;-0.47216460280790784;0.7653999470168944;-0.09515176789763177;-0.04445177249194981;0.5241902186281838;-0.028211629671371908;0.09713350378804368;0.09843560083333723;0.03650608577033766;0.07016601514701593;-0.04455919469805998;0.03756595275082431;23.049740018208436;8.992655643754444;0.7818162687894987;12.854532540883989;14.108730905490528;3.0353029064177393;19.02760494933728;64.37132568768459;66.15773126107706;22.88310405767833;70.64976115492505;60.48519097848156;26.897857334680143;52.13460930139829;73.06289071459618;33.15564532563993;12.297144044060035;8.68290738326352;5.794270249345639;0.9972993148051064;-0.3086722499751618;-0.16558527163724898;-0.24965801460364853;-0.3011389982449472;0.18468246691721268;-0.16076993565768521;-0.2673746572151716;0.35206007684458973;-0.08115744016629953;-0.22172229429983342;0.244343662304012;-0.06185474580634485;-0.33096971792645535;0.47745230950319617;-0.6250947856540005;-0.40630871962311005;0.5332263221397392;-0.11918395994936541;-0.24911570923701312;0.13160289084599255;0.025521866551604922;-0.17117698105078794;0.030667798447832358;0.03951549712334499;-0.20349501599036213;0.8341833253079;-0.5125699544894693;-0.5084308752602151;0.4843680698240243;-0.11980907528013743;-0.2485712015664904;-0.07221565685278475;0.06090072575887709;-0.1359022324312574;-0.13782092218172942;0.058101216829777765;-0.16805608654062154;1.0665850442686324;-0.38651764780583464;-0.4714880594776781;0.392933711432744;-0.0796124296041937;-0.21966839739091923;-0.1325340455129517;0.057045603453926404;-0.11940574420153435;-0.16555105121626462;0.04405020058037583;-0.1734954319303499;1.1845731901615528;-0.27350300712060577;-0.35576093112722307;0.26373147805403224;-0.0713932368592888;-0.19099351783474325;-0.09510155002350457;0.004730289787752208;-0.11650234804439029;-0.12581084781786034;0.015943613020155876;52.119431024318224;24.62475886546429;4.926763519487091;37.07982402839314;29.074175813978037;19.049426341563812;36.99962218560491;63.641066641628335;28.396753771894055;41.802109252374095;73.22244907062469;22.555049000624702;44.38871716244439;63.624346047951555;21.08205517841738;60.78556863471913;22.913166428386976;11.936300388046545;6.8535272075290585
0.990470048330918;0.25554931437744693;0.40665833698631165;-0.1452805205253065;0.08909686869575376;0.6145591043882102;-0.09456484583206108;-0.029348761918015196;0.4997596894127876;-0.05272968576131905;-0.03836066322000943;0.36589198925081634;-0.04145690441255181;-0.0349741479915592;1.0004434791025623;-0.35010537656833324;-0.04574302444056944;0.8117759509327446;-0.09325370496628553;0.05901404674736856;0.3700555821134453;-0.01964076124219783;0.035689257961692006;0.2187559693062005;-0.002185646251054738;-0.26253637493210386;0.9180888199813072;-0.29696392114672937;-0.05060099448558216;0.8359797887173771;-0.07082928632556432;0.16167201193247735;0.03339160218545714;0.04920776225452323;0.07571218061089299;-0.14469964764632604;0.04400323652581214;-0.4027257021519223;0.8391819177336836;-0.240407583528491;-0.06849779109558128;0.7915308238476528;-0.06197816669054376;0.16102088100104023;0.014939638824806195;0.07364345650835981;0.07776469964381041;-0.14511049853975502;0.05990886107508178;-0.47897620925688966;0.7729809965981782;-0.19021189567643396;-0.04698252737490026;0.6197513641474285;-0.04750022675725499;0.11369479622252227;0.046904086936778173;0.044778504141847676;0.0659590346859099;-0.12301549183459035;0.04334476229277052;24.66931963105631;11.813656003409749;2.6418248180148893;12.789105731684046;12.743598314611555;2.443934903831279;17.44928597520998;83.55642555584414;70.81586129694828;22.707921936042055;91.52507305578635;61.685344245086945;28.152178029231997;74.64802951617348;78.93912692451056;32.50808136419626;13.398401159313226;9.717072741401308;6.553300428514686;0.9970211348389952;-0.30518046418991424;-0.16039902692373886;-0.24883374489678745;-0.2970865354007731;0.18485878455274915;-0.1585655693872993;-0.2651751429624021;0.3476018832301215;-0.07950107646706664;-0.21757136494174967;0.24728555789498674;-0.06017437123354384;-0.32870874788503057;0.4914538307347123;-0.6151945143545277;-0.40225658571032047;0.5208758455055684;-0.1148149412791346;-0.24517077933068915;0.12264117671396203;0.02721732667608811;-0.1684129045695245;0.02595448223643577;0.039901122514518224;-0.2028286098795205;0.8402274660017179;-0.5028701227858674;-0.5056931563737623;0.47532327213745645;-0.11539907700751482;-0.2412603426023143;-0.08303750287435709;0.061405875488856565;-0.1289992909794238;-0.14280333880941548;0.057607970579640524;-0.1674812535569407;1.0644048686491772;-0.3774653665528622;-0.46760325484585447;0.3893480315382989;-0.07765190093585626;-0.21437546211017586;-0.14030074047000898;0.05711555105736213;-0.113006326863602;-0.17018418088820922;0.043741574829613356;-0.17120367018865065;1.1760366014528152;-0.2650833341734868;-0.35104596606584354;0.27404005399514864;-0.07032032020619214;-0.1879046487619945;-0.09804200862169606;0.0057097274864628495;-0.11109003283030028;-0.12979481508132895;0.016176356597394803;52.04007596086973;24.251332134663432;3.938997101809618;36.3938793454835;30.00290515689024;19.09663538302328;37.25582510600268;65.88105607142639;28.067291333552166;41.80409651675734;75.18140004184797;22.674412248421696;43.07352740039185;66.12239401663957;22.180671360488045;61.23732382199251;22.38310311931518;11.663876320675442;6.76174433215992
0.9915496864871391;0.2789109067549375;0.381232649820107;-0.14511746504713774;0.11292619530362104;0.6227082582068278;-0.10370804361277115;-0.023683733466942854;0.5198947127678282;-0.06152092428762063;-0.0422550787623228;0.38702520471955193;-0.05080238188906902;0.03324982329350934;0.9864670254372209;-0.38028979924867296;-0.04415907829647338;0.8621033070279579;-0.11260885385734877;0.0593093939466298;0.39316623926857686;-0.0276021413798867;0.03205865053140756;0.2219378532374528;-0.004555080059989796;-0.20900981158444173;0.9189636100156829;-0.33439614550466945;-0.043380758205589384;0.8856062893876362;-0.08495670391152077;0.16570620425522817;0.01402850554471857;0.05188871282236691;0.06957575140430095;-0.17534154411488267;0.04774197299330305;-0.367301519381199;0.8532598508951795;-0.28477913915794706;-0.055486432309847906;0.842316937330374;-0.07210586844682942;0.1674222145899496;-0.012045705010824236;0.08318884578703517;0.07121418439091495;-0.17890518792852153;0.06782985389161986;-0.4632992756489166;0.7964727841452129;-0.24130488065061426;-0.03412632375241792;0.6674738834899084;-0.053775284506250735;0.12282871148691596;0.024868001695647582;0.052272740905304385;0.06285617210864142;-0.15641154091710324;0.049830029720080715;26.364162841133492;13.01438576932454;3.660947066661419;14.42581557902587;11.963395116974217;2.8301667593508384;17.10794815644727;89.69464181234677;70.08516191493844;22.661175132233836;99.22144253852693;58.960943119832066;28.658764417765116;83.94983860051533;74.35768581962968;32.56148661260714;13.9076265295105;10.252837632536696;7.042435238884377;0.996587989931626;-0.30976312623376595;-0.15787191991680433;-0.24194093051625146;-0.2998667090546234;0.18456139762462845;-0.15547132893104756;-0.2624706407440652;0.3507444546015827;-0.07809717647532223;-0.21446392797986644;0.25452182248807076;-0.05868284613627973;-0.337646464571497;0.4953874596980999;-0.6057228987317627;-0.40248544101475264;0.5246873188901846;-0.11115903891157623;-0.24276609212357692;0.11438584955477747;0.030098952479391;-0.163948781192657;0.014949917507932235;0.041754424279856546;-0.2085108307580958;0.8423195751560235;-0.497012038853733;-0.5064260863158409;0.48039219635703156;-0.11254694758950791;-0.237305964730124;-0.08752100993136674;0.06242244302909757;-0.12236124152252567;-0.14747900140085332;0.057752707767282016;-0.16867297161555325;1.066892202955036;-0.3748275759782334;-0.4695347662378875;0.3986258551155138;-0.07505552063726963;-0.2123487272421946;-0.14299783543560904;0.058678672675743684;-0.10687489878161757;-0.1743461573288786;0.04425788997556461;-0.16813855714231563;1.1798885325532478;-0.265117076905256;-0.35276018652122815;0.293366407148091;-0.06782771997494894;-0.18510861236950724;-0.09953389426789803;0.008431980188129483;-0.10489769584633103;-0.1355157181115484;0.017658103351935257;51.556881491307614;24.720670836810744;3.2605680786302123;35.86012600184746;31.51034449186664;21.176482767744503;36.7967322470163;67.29171340799216;29.12305128839129;41.341345997402875;76.40807824269362;23.94877937708563;41.60250457773012;68.64308855786042;24.191917254402423;61.37620117174166;22.25961328063069;11.5626522825844;6.649671135624235
0.9924482799006424;0.2958101665405201;0.34774520630471406;-0.13353837270392363;0.13455303689995668;0.6066838899466717;-0.09938942181087959;-0.0028306848910921393;0.5305166925235253;-0.05864860256594286;-0.026575335565281924;0.4015480333763531;-0.046952666260104706;0.09119412627678766;0.9686000710328598;-0.37814299864780215;-0.012084239458388315;0.866825766030672;-0.10841845934251747;0.06531668367718631;0.3809941367033948;-0.01667349721881839;0.03147869209658152;0.19615751312431287;0.006377923133115578;-0.15473086091332788;0.9285319652164057;-0.33747111024853643;-0.008257586996652947;0.8937030127021106;-0.08544441984216228;0.16375639671963996;0.02741385977350204;0.05972621989355502;0.06777298027990593;-0.16798849180552458;0.05716178522474599;-0.32170219664930305;0.8827308896265388;-0.2917259251085682;-0.020000137825701706;0.8459213381045683;-0.06915702203269829;0.16542460390615232;-0.00894370671954992;0.09245772817905308;0.06725889629900059;-0.17563288677742828;0.07740389815425475;-0.42833179546129885;0.8373204222540663;-0.2514286779604175;-0.007126577335194753;0.672102321833081;-0.047969214865681876;0.12531714002692945;0.030810551277735028;0.059127836808812076;0.061040209322711834;-0.14773446813448354;0.057070582538466606;28.107979186189766;12.993915515921538;3.475781577060668;15.322788776023655;11.475052541977568;4.351732834805005;16.700900542446245;83.45972355025296;72.80727318202773;22.19276002281222;96.15456026899047;59.03269904860375;28.251147672753643;79.77579064825072;74.41748365969607;33.44255837416211;13.978581834345178;10.316199330453308;7.163387177740189;0.9960279691706638;-0.3211561398634038;-0.15744535445184077;-0.22979765148810144;-0.3083705874896531;0.18385853040707784;-0.1515315028832446;-0.2592489167115237;0.3602555148101416;-0.07685052640872271;-0.21210318936692515;0.265545526582179;-0.05729353056596758;-0.3561220476981819;0.4911447554005179;-0.596259261247018;-0.4062424239783677;0.5419456332355097;-0.10796078592748025;-0.2415415529577371;0.10642194886056162;0.03405852908702289;-0.15792299589587538;-0.0016267815176411787;0.044881610675369055;-0.21962121548259286;0.8412055091914549;-0.49410506273048216;-0.5100340349922929;0.4972640538258083;-0.11087705019236582;-0.23597536097438268;-0.08693257353967307;0.06389468049568015;-0.11570685340631881;-0.15206138970978084;0.058427148777415366;-0.1713588223393197;1.0732890432382056;-0.3773777000085328;-0.4763181955529416;0.41882468053598926;-0.07184235539398631;-0.21293923898553996;-0.14160541495955228;0.061526158862366426;-0.1007477527136261;-0.17826071122597176;0.04547137014079481;-0.1643246472920984;1.1940613208775017;-0.2721159099117581;-0.3598269328645342;0.32079614298633014;-0.06407581585439162;-0.1824518965456507;-0.09988100635594348;0.012686139288011832;-0.09784341137963203;-0.14286528513824873;0.020221038747111512;50.710262746746736;25.95711580399998;2.8464820503297243;35.456353547931954;33.549090276758186;25.311610392652778;35.745238225196644;68.00933754313576;31.391351080032145;40.52366234704163;77.02411116420355;26.216494429879006;40.10408521420734;71.11736796010821;26.972232746506183;61.2280739537503;22.482248497272714;11.619583282797846;6.534322028121469
0.9933468664129308;0.3130050649664818;0.31048797277942736;-0.12061045157650548;0.15739011083019416;0.5873545838497227;-0.09439868759164481;0.019641255486737702;0.5401497198419438;-0.055354675266781325;-0.009594976299429608;0.4158226248419776;-0.04264579322843875;0.15329912099228124;0.9460521277896679;-0.3745413495988606;0.02250703051268084;0.8689574463674695;-0.10353506566310396;0.07156487931225135;0.36658380737268065;-0.004844639639794665;0.03074665966300046;0.16771894264021406;0.018132888405228195;-0.09573565950746;0.9356731312654133;-0.3396328531320965;0.02960421088517648;0.8993777203279573;-0.0856784729054136;0.16109783728185206;0.041738708902878285;0.06796493096634856;0.06560003423579647;-0.15949528798644547;0.06711365158753038;-0.2714871902289287;0.9114667870052654;-0.29821423591340557;0.018292838880832;0.8469199471633494;-0.0657448389080885;0.16270886501299459;-0.005571834293608847;0.10212668517008387;0.06276907499210653;-0.17150928640272195;0.08745288858327337;-0.38920557132651545;0.8784656724887427;-0.26147655467215786;0.021981050677524164;0.6747965840239962;-0.04155154924386865;0.12757036629606047;0.03710665027359005;0.06631036352803164;0.05887600721311419;-0.13788411919045312;0.06467532576151375;30.23136718540318;13.151924863617564;3.38662167986131;16.355944187586854;11.29415358766737;6.844904699090375;16.257592316823427;77.02453046547669;75.24525827431846;21.748637848658916;92.96862590927029;58.90256103355222;27.93303181104329;75.53541107516573;73.99960989206535;34.65292969198522;14.157348965125376;10.468332651922479;7.346708544311559;0.9954679527106725;-0.33283686413018926;-0.15698445803947547;-0.21726818448000837;-0.31707967232769485;0.18310960017111144;-0.14745567945231425;-0.2558971694072784;0.36999395007898855;-0.07555682581824101;-0.2096440980258971;0.2768538985374876;-0.05585572135489797;-0.37508709282074876;0.486710006954419;-0.5864366625226259;-0.4100525316803341;0.5596320673068185;-0.1046542256375685;-0.24024771381578403;0.09821093169962515;0.0381288795014256;-0.15169947327351682;-0.0186868284931275;0.04809378389188101;-0.23102518086169205;0.8399420038756398;-0.4910445966846568;-0.5136763322340455;0.5145589687277082;-0.10914302514897323;-0.23457313691743376;-0.08631488642661134;0.06540098365390919;-0.10884225907829156;-0.15675631630767728;0.059113142293932046;-0.17409920308774995;1.0797232886903878;-0.3799497550081779;-0.4832332952889911;0.4395545216482236;-0.06852546881758988;-0.2135173754095488;-0.14015268967744043;0.06444815864210536;-0.09442786062987682;-0.1822646793114916;0.046713928661532796;-0.1603766348408643;1.2084815645665392;-0.27928108419243414;-0.3670498085248827;0.34898146144382547;-0.06020555401761099;-0.1796923157357747;-0.1002243594435026;0.01706263680665671;-0.09056973823836276;-0.150409392756678;0.02285592886106035;49.823833343105484;27.283468381154496;2.4651341122596393;35.10538768255074;35.69264304429149;29.888074040441673;34.6985905941918;68.71897229540781;33.73005966834117;39.73968362047548;77.5982860127738;28.53533910029144;38.75813746172784;73.47448594350344;29.741217959582144;61.02384245858888;22.730924169760517;11.708443401208271;6.440400025688041
0.994245452925219;0.33021431370113197;0.26931460607049884;-0.10627308016696552;0.18126130847368246;0.5643185444598476;-0.08867586783865869;0.04366217589430927;0.5483573339887681;-0.05160487212562711;0.0086518528482578;0.42949622385390385;-0.037859682609865046;0.21929589879637126;0.9181550495435744;-0.3692073249384779;0.059513022779013366;0.8678288486806779;-0.09789145299410042;0.07798400795526296;0.34969021190125976;0.007859238265294253;0.029840836611689323;0.13656339816922666;0.030667237545256694;-0.03209513949341745;0.9396543690120354;-0.3406164541203076;0.07008951146000104;0.9019290022726417;-0.08559279271324532;0.15761386606633068;0.05693615082058812;0.07653276257365711;0.0630120722970193;-0.1497607513146361;0.07752195433122529;-0.21657162637048422;0.9387005552130637;-0.3040002454698287;0.0592849677090155;0.8446628801313996;-0.06182739472701112;0.15915724613608628;-0.0019340653679104669;0.1120940237148224;0.05770770356485595;-0.16641334663176124;0.09788542142807179;-0.3457186485800781;0.9191364606290848;-0.27122407388702746;0.05310864951295131;0.6750342265267646;-0.0345062004208778;0.12948536218035275;0.04371255104544108;0.07375208261195838;0.0563238437611875;-0.12677914919675282;0.07257623944433178;32.790418342574746;13.527386681702078;3.399841635422664;17.5460301817646;11.553328261578676;11.11997036384391;15.788419750101367;70.51212109070065;77.21792492008227;21.340014170703988;89.69788180085537;58.53145057560276;27.72097214843111;71.25287604871019;73.0117074258484;36.26300227206271;14.468333809123454;10.721483412470908;7.596049694545231;0.9955447854362433;-0.3441781987111826;-0.13533633243853127;-0.19964887834094955;-0.3199130842286595;0.20367209599614167;-0.14216331602132848;-0.25068378803835817;0.38877545602740654;-0.07373297040044469;-0.2025881666487117;0.2957818865553788;-0.05503478185984396;-0.39131570986434694;0.49169156957297705;-0.5821047227508807;-0.40887223731049827;0.5919153243429081;-0.10835101923165802;-0.2332250886537799;0.10680590895533171;0.04057822434281841;-0.1379876109718759;-0.03048827850374797;0.05398924818897141;-0.23356212250982006;0.8365959964307244;-0.4955359459058355;-0.5019222073470307;0.5581820650145033;-0.11328559990662815;-0.2342320220008097;-0.04854339432164846;0.0677362504122999;-0.10266168303473633;-0.15031150928981787;0.0643094102061531;-0.15680616625288443;1.0784768419072233;-0.39192500195524116;-0.4656064015494618;0.4914792950620189;-0.06904311043440498;-0.21723693952896858;-0.10069057393814138;0.06828082779456444;-0.0949417151372347;-0.17041717706744258;0.052336621839341346;-0.12541989376066784;1.2143422942709272;-0.29676688182033417;-0.35117183431656845;0.3981876493953095;-0.05901122962189984;-0.1810579663248451;-0.06364729001352541;0.02071824740226226;-0.09310201713433756;-0.13519176611055678;0.028208338443259904;49.332861891497444;26.449586026704768;1.6089453622590244;34.41354503193669;35.310324880660154;37.6258691138259;32.490256600762706;63.98007290199414;41.94307295923349;36.91782714404534;73.91494927587577;34.67414202569776;35.68849348134717;68.9627521408907;35.8926823945984;59.196691151860726;22.5317887698878;11.94106138874901;6.525759802538483
0.9951440394375072;0.34708137507207226;0.22421492145187788;-0.09051253259597723;0.20589760564277862;0.5372330232329454;-0.0821777921492067;0.06907441241056812;0.5546509964823496;-0.04737620180739136;0.02806536255646743;0.44214936382858616;-0.032587810224306735;0.2886703402874386;0.8843024739425897;-0.3618671900537322;0.09869716093619901;0.8627385676900042;-0.09143653913866719;0.08447789994281905;0.3301142704743429;0.02136716506017381;0.02874151128777837;0.10273795038781934;0.04389227588365962;0.03589339879069488;0.9396897761709895;-0.3401393662647238;0.11293543660795581;0.9006089641219376;-0.08511807033181917;0.15319376031427315;0.07288255074424202;0.08532380680872816;0.059970903035197885;-0.13871232653885493;0.08827062532796964;-0.15705814209143945;0.9635288882613388;-0.30880683494327776;0.1027195985569589;0.8384733437203278;-0.0573742204724403;0.1546581107283297;0.0019526870622825097;0.12221774619080934;0.05205348389443589;-0.16023536736470112;0.10856871245053477;-0.2978103440918663;0.9583771286778522;-0.28040068973571397;0.0860547382191258;0.6722639968565283;-0.026840859337613505;0.13094688490957399;0.05055906040386225;0.08135507542533632;0.05335079542680874;-0.11437269444606057;0.0806740292203083;35.81347662892787;14.165442304069323;3.514486392087766;18.909517427267115;12.379314969574564;18.816235637758737;15.308322289027991;64.07824447096655;78.52949144558885;20.978395436429548;86.38921797927654;57.88165613269593;27.629936664606422;66.95691208174931;71.3610180337272;38.326794482192476;14.934592859291147;11.085215782620468;7.912763357565784;0.9960395711985596;-0.35522403509173156;-0.09947625754982593;-0.1786695338396688;-0.318753118802214;0.23852418006578063;-0.13606986419197037;-0.24422951457817693;0.41356181382375273;-0.07155728799060675;-0.19245426128279636;0.31975565365032643;-0.0546326142387801;-0.405604553251254;0.5029930430287207;-0.5814827599865342;-0.40431285726700306;0.6338830171456685;-0.11675698179030879;-0.2223586837139834;0.1267080274805266;0.04191944649487006;-0.11927884784778833;-0.03867980639449312;0.06166701826842337;-0.2300894371817264;0.8318310759055213;-0.5050900039154005;-0.47980767470814584;0.6193604642614521;-0.12137392971761186;-0.23460137664794936;0.014144616167638433;0.07061793169918171;-0.09696942274898963;-0.13636795624023068;0.07252509265967766;-0.12605886741807285;1.0720117138699274;-0.41018101165127063;-0.43147093880889276;0.564209067284822;-0.07214607349224159;-0.22305321802994588;-0.03574038021046868;0.07270787587069434;-0.10006594749049877;-0.14791356548177975;0.06088917542176556;-0.06968136463765887;1.2143519036921537;-0.3211298464659721;-0.31975421268299153;0.4613426948248621;-0.05962820096708662;-0.18519742787347723;-0.00230508674183001;0.023868614425888956;-0.10224268873943107;-0.10466769303997911;0.03536966145949357;48.70155772628104;24.28125455816212;0.49559981555415655;33.62655180609637;33.084974569971;48.08901147919365;29.955243255800966;54.58315527805435;54.57482669411412;33.32605781014395;65.28760910319774;44.32133532923646;32.08533800584187;57.440137059086595;44.58577777504664;56.2522143861976;22.095900254909324;12.366353466201456;6.84267899038992
0.9960426259497956;0.3631825428166042;0.17536230715473436;-0.07337927638590214;0.23093083195658967;0.5058669090003405;-0.07488791183995544;0.09561753779982893;0.5585185728121388;-0.042662976204281236;0.04846717291944598;0.4533128175826786;-0.02684513243438478;0.36062813147368655;0.8440283018787101;-0.3522782100816781;0.1396643867873887;0.8530088067734501;-0.08414572061861507;0.09092435583729774;0.30773738800923317;0.03555349229841627;0.027433527017071226;0.06642712674387313;0.05766585606772071;0.10765720568148837;0.9349965490172703;-0.33792214989646524;0.15770583347715667;0.8946781691183033;-0.08418721465653724;0.14774524151274349;0.08938989092554882;0.09419681802337168;0.05645086848834459;-0.12632271879013177;0.09920033416449799;-0.09329113810626176;0.9849511695466623;-0.3123384687188233;0.14816438518511477;0.8277025251160214;-0.052373094815369906;0.14911859186607335;0.006055762838372018;0.1323152428728555;0.045808215301656706;-0.15289124210733798;0.11932705015870305;-0.24561518558594425;0.9950762737442563;-0.28869962884227246;0.12048459468068701;0.6659481903193589;-0.018594378928233738;0.13183421961295527;0.05754940912082284;0.08899088734405688;0.049936173186095445;-0.10066857204530953;0.08883685685851588;39.26701182074304;15.1177283023025;3.723388709911269;20.453233810787083;13.867245630541433;32.86825921169835;14.83603056711795;57.90836610831523;78.99512564221064;20.675005428441665;83.1035901283879;56.92060780569057;27.672208508344188;62.682480178427404;68.96904296974706;40.8521897070455;15.573886820640983;11.564747533468443;8.295351011701376;0.9965343569608758;-0.36634294612316953;-0.06321849996899052;-0.15744210141236853;-0.31753987549161516;0.27371983510854186;-0.12989357396517234;-0.23767467628034705;0.43856127259995065;-0.069349085493687;-0.1821869233149068;0.3439458137069865;-0.05421913213689057;-0.41999483072146004;0.5143514088991848;-0.5807796439096754;-0.39965274959430236;0.6762200258554162;-0.12523822421831451;-0.2113471529358367;0.14680755737133555;0.04326969698053991;-0.10035397727317122;-0.046954312488736445;0.0694193073713036;-0.2265500040896581;0.8269084644573974;-0.5146819280445788;-0.45739429837394924;0.6811162577220117;-0.1295335384113052;-0.23494464819943783;0.07750374244281069;0.0735215017245566;-0.09120363869452171;-0.1222572593270667;0.08081967767096401;-0.09496536450565835;1.0653398814035806;-0.4285804550098824;-0.3969137841367265;0.6376472963252588;-0.07527310492255923;-0.22890336279768583;0.029911602131267596;0.0771731338169914;-0.10523236962594369;-0.12514944290381544;0.06952573805968093;-0.013335582762819506;1.21420608100587;-0.34571320592518356;-0.2879583826894851;0.5251165919257663;-0.060244157988181016;-0.18935760442017122;0.05969589257636078;0.027049742101565324;-0.11146838598663014;-0.0738025519198578;0.042603327862102;47.60219800110425;22.28780368662937;0.5401205105366208;33.01438232094265;30.7806447082169;59.49220223876206;27.98094000975135;45.322799272056336;66.31799434606206;30.51973652868653;55.48128678475107;53.524839638030656;29.368820371406322;45.694096132116215;50.577620709771125;53.313065971329266;21.74960238566936;12.92664146590499;7.29117429120124
0.9965759324200522;0.3717732200677224;0.14376326724103908;-0.0605990148586176;0.2479094903415931;0.475980342652493;-0.06989760809095337;0.11592260136883491;0.551399393733916;-0.03984700231088643;0.06590425690095778;0.4547589401937457;-0.023897179712810013;0.4156245824789708;0.8088676560045992;-0.3461199402329792;0.17280207795242072;0.8351707142377064;-0.08059224896391393;0.09423421760357194;0.30370350916595074;0.043526201365064895;0.02754494815708043;0.061799601719341214;0.06583822571953755;0.16484282851977897;0.9267148024408939;-0.33767812606465003;0.1910059240953005;0.8859613624487439;-0.08451018091258954;0.14190829124181933;0.12444613966155958;0.09788591234246048;0.05497656291363812;-0.09555894738448263;0.10515129223547733;-0.04136501575508131;0.9988267922691091;-0.3167069099626541;0.17834028180294953;0.8188445918507145;-0.050944266827276916;0.145295252497883;0.035588609153013574;0.13527100140718767;0.04666248122093509;-0.1294455077696524;0.12490358152327018;-0.20181176729751552;1.0229213725163786;-0.29670723108225083;0.14173907079085593;0.6614903221832839;-0.014432972004378979;0.1314943933010086;0.07761958232092506;0.09239954653255407;0.05277039291209469;-0.08094537200154395;0.09401369512219512;40.9399485401927;15.920604729878079;3.7740665764409984;21.55730126796304;14.306470165729094;36.90100167653463;14.549810097073207;48.16431252701025;78.9608320781769;20.13208353359344;73.4752586078633;59.4171952312438;27.21302456917383;55.35830157377847;67.15155207184189;41.949098899323;16.078425700494964;11.995213675821718;8.584614109823034;0.9967152149017842;-0.3743777061598212;-0.030926678658493703;-0.13943900210776888;-0.3129161136251913;0.2981477015084741;-0.12071618278149981;-0.22711022273874448;0.45505880552686034;-0.06491821828504787;-0.1731709033913772;0.35803353786131753;-0.05310951018827401;-0.4382446239569993;0.5461838339128042;-0.5564230316759783;-0.3781914115011914;0.6992720082021928;-0.12743312256806225;-0.19569636733676926;0.18819571862816567;0.037441488110637154;-0.09052342214372223;-0.012465484615094672;0.0664006874293254;-0.2289275884603198;0.8349091093479324;-0.5005186693516884;-0.4109548611650047;0.7309676374840833;-0.13462302145703603;-0.22567268941978258;0.15800514207288985;0.06424655032893141;-0.09394642332240227;-0.06590316227700632;0.07667219614542839;-0.07379138974110773;1.0571473019096176;-0.42464621400971;-0.33983726843657625;0.6882092887340132;-0.0803152991989512;-0.2225692851307092;0.10899062856751639;0.06668972925542722;-0.11422443347901538;-0.06789996360587346;0.06532321644378818;0.029430904261291996;1.1947454974611007;-0.3497208351270467;-0.24077483511025422;0.5683549992839946;-0.06220604299479439;-0.18064910596950556;0.12347620701198671;0.022088192529699523;-0.11902608769628503;-0.021546152332694198;0.0406546727202178;46.066085783412504;21.1533989072546;0.7792817978268154;30.797647888281872;24.474762606638738;54.7773077512107;24.67574098807585;33.82441608331925;66.26565464926749;26.75383411302649;42.81306271989967;53.920541790344906;26.104798951410103;34.60559340411358;45.30356818364967;51.15986820186876;21.030352807315875;13.070449230579477;7.5226515407934675
0.9964293836059622;0.3680346319357825;0.14942802309985823;-0.05784924088733464;0.2497713392034828;0.4554140844786608;-0.07034441650708956;0.12326983759843986;0.528094469387273;-0.041258118006808474;0.07655980705063112;0.440925701311806;-0.026792577153970265;0.43619919524587714;0.7931342307762005;-0.3498614539272525;0.18919513732866888;0.8099057640366337;-0.08520079768267586;0.09193950545724269;0.3377859721813505;0.03913963286332601;0.030599191521199557;0.11915053631728119;0.06298937135199696;0.19002539093988136;0.9195702220004262;-0.3439199872182951;0.20067231028292337;0.8796470946396127;-0.08788634138709299;0.1369715511964778;0.19304764730032567;0.09201841969021146;0.05801269352009409;-0.032929528779210245;0.10179262062386125;-0.017311832813338816;1.0047627448099548;-0.3247860364619654;0.1777449752067304;0.8209305635003724;-0.056932485238698094;0.14627235339199793;0.11173220305772837;0.12525763749103558;0.061491255604088114;-0.07811584921589458;0.12096875763650212;-0.17975811353341709;1.039225884169944;-0.30576239160337443;0.13678082289755805;0.6662305383441807;-0.018637925080963798;0.12985602025699067;0.12168743274748607;0.08807810146767035;0.0678073987172897;-0.05205197179305498;0.09370469255799732;38.767241416483905;15.874444215909236;3.4088233523126066;21.53589667006807;12.402942283519764;20.74956630929659;14.597110187009243;34.72646766835789;69.23891365701559;19.08099510832777;53.84134174990378;63.74971162299244;25.65321955697328;43.99441838969811;64.79758068745967;39.79551445331763;16.060175471563312;12.169699599530013;8.616001218559456;0.9963117937588954;-0.37538513767687665;-0.007525796389977805;-0.12788445281253205;-0.3015641496904902;0.30099138303818834;-0.1063292953448979;-0.20931011100781172;0.45407517678986775;-0.05656124048876493;-0.16644894782048852;0.35215968163501693;-0.050665257766282154;-0.4612131028723063;0.6115796737974484;-0.48935493128593394;-0.32667466302373777;0.6843936746788145;-0.11783961715187777;-0.1720509622446219;0.2650444276037008;0.01891965779269382;-0.09737741734034921;0.09708174607325235;0.043982666928618894;-0.2411994124886048;0.8634489552403213;-0.443033571086379;-0.3227840693368425;0.7545662290862064;-0.1335300231249494;-0.19900400446039904;0.2643616313978734;0.0333995961291894;-0.11159531854376695;0.06347592392181546;0.050153030901196625;-0.07147780244509051;1.043806921869755;-0.3795741895705715;-0.24453987983873013;0.6928423780960229;-0.0883002036966764;-0.194055110033032;0.20745057456071547;0.029709410894301146;-0.12928180740954104;0.048362616996758326;0.03806827996800263;0.04524044810154955;1.1383695568569172;-0.31550786113606805;-0.16791635023013965;0.5706207257213948;-0.06631021131540496;-0.14877731341813535;0.18649877231311948;0.002689693198731801;-0.12282763516010112;0.06630837949630415;0.022175695714364913;44.35867409909066;21.347224221670064;1.101777085962677;26.018884749595916;14.345334648066482;18.58502239425955;18.497135989821352;20.362504533680475;27.491166890534213;19.95190202461769;26.857459659603734;27.57066028047222;20.45548610737354;23.223585335465234;24.43506077557321;50.13174422747076;19.63444197917686;12.480198497833518;7.394650695303558
0.9962828347918724;0.36406817019513116;0.15493316557198025;-0.05508384507433012;0.25143744714766414;0.4347147455506251;-0.07073682180468606;0.13046042277506886;0.5046301484926996;-0.04262659215166618;0.08706115673572463;0.4269068343953319;-0.029641797593371287;0.456270153282283;0.7769814321504894;-0.35331819941149645;0.205299975131685;0.7842984981051799;-0.08970546050289371;0.08960057857320247;0.37130887652380096;0.034766091334884126;0.03360305599621025;0.17588067972935445;0.06012215033090489;0.21483703672650145;0.9118357585236773;-0.34985796707825034;0.21010511305705087;0.8727636950471809;-0.09116821001172237;0.13198312025447304;0.26087050651684074;0.0861400290782438;0.06097903978630405;0.029138385578161962;0.0983926370278558;0.006529032333484909;1.009925798031662;-0.33255778250165147;0.1770283103380254;0.8224108638413744;-0.06282411536000834;0.1471358813105792;0.18708476175075697;0.11524836744798579;0.07613760740306881;-0.02720987919238847;0.11698431082716287;-0.15778210513726437;1.054636035977679;-0.31451463844463673;0.13177122120085738;0.6704507537822939;-0.02279029151404126;0.12814022732219635;0.16525675700097553;0.08373413049455741;0.08265552681223437;-0.023391295321933042;0.09333166642909187;36.5332099137629;15.809008537489866;3.0621501437736276;21.451751054346627;11.567111498535906;13.626472624585624;14.682153611269644;25.82010576884867;48.46184309296787;18.09454848532697;39.285553830277514;58.59783614004319;24.16827133692172;35.24275157603006;59.409060511017536;37.68966938873908;16.050220192887974;12.362194589290757;8.662555827861496;0.9959083726160068;-0.37487620872559113;0.014402832922206453;-0.11657665502632687;-0.28977426892814595;0.30248859637139164;-0.09245423718664014;-0.19184255741157785;0.4513986126475556;-0.04852169190126954;-0.1595145531342472;0.3453007753866509;-0.04818188651154181;-0.480924318863795;0.6704146774716174;-0.42469731602902616;-0.277199786412353;0.6678231545243335;-0.10840589264174913;-0.14925723069161223;0.3359376598588226;0.0015129860209856223;-0.10341508553119563;0.1992251846468746;0.022832851268951564;-0.2517511093503256;0.8868185243930581;-0.3875232686358323;-0.23902185126091774;0.7737326474634031;-0.13199074939719604;-0.17327672570154698;0.362872119821571;0.0044025594778874955;-0.12768032105099417;0.18430880640762223;0.025141329754409254;-0.0690362248076981;1.0272857254512573;-0.3359259772528147;-0.15441088775344128;0.6944987902874005;-0.09543132840791098;-0.16661988321956597;0.2987912392209965;-0.0050132135482493494;-0.1428731569601561;0.15697897232482835;0.012414748626139841;0.05986072255837968;1.0812081803349036;-0.28226976608993193;-0.09908294907742499;0.5705343279595939;-0.06989462253830779;-0.11837499034449932;0.24475668008284585;-0.01547463603868447;-0.12591027150307393;0.14826989247817746;0.004796535802176937;42.74211832939088;21.569777464567974;2.357070597849158;22.44738102161541;8.87480146142068;6.565190921690004;13.602099446661114;12.92247707591452;10.831230294534452;13.428797253460791;17.89766696746846;13.80470388813551;14.935594522047522;16.300871252057604;15.25393652383169;48.94003417975542;18.464553850621026;12.19599970895335;7.56599486330021
0.995852068171474;0.3627350131278407;0.14961573650838444;-0.052222340846485873;0.2543598072414884;0.42039427303322796;-0.0700799096462233;0.13756807381212896;0.49138578954179474;-0.04217214989000773;0.08210171554347083;0.41947819836616296;-0.03048546940737329;0.465076954842049;0.7708554974078821;-0.3514138606507082;0.20690622189023414;0.7741391261953299;-0.09010907638230901;0.09098110436322715;0.37854568205250183;0.029863763932402462;0.03791394600393941;0.19283552501491977;0.05566442474441875;0.22610513979457328;0.9098108425978804;-0.3480239883252468;0.20420956998565232;0.874941088241073;-0.09030126230937503;0.12887156722004903;0.2907973697040127;0.07991308866771979;0.06358852004493941;0.051364742098673304;0.09214052013377294;0.019042043400285213;1.009614548683486;-0.32992132550760744;0.16428232299283915;0.8232340538005175;-0.06176958533445825;0.1452973158341868;0.2215571914545769;0.10541528236494989;0.08391725444300856;-0.005645457596219387;0.10884291255070232;-0.1442529608037976;1.0524047684762534;-0.3102264442752838;0.11651658211262639;0.6705930019637043;-0.021720817670054494;0.12174415914304719;0.18571668990730889;0.07926564391938468;0.08763487071127893;-0.010933782747878252;0.08924838220174439;36.060423249017944;15.80401770038667;4.597915248111766;21.5867973618414;10.898922317875659;11.666966234223588;14.648734987277885;22.534229832529473;40.98361501628409;17.102077906909933;33.6722474880958;55.145600087622675;22.611606229834184;31.433407464999412;57.9437810823463;37.77415068559144;16.045624929163232;12.364301193411254;8.678906557718424;0.9960577073659126;-0.37172755750000497;0.0291023001085514;-0.10506080192835857;-0.2785569669973568;0.2946077103137254;-0.08437773059725204;-0.18312600007731936;0.43958849812335377;-0.04395572285693009;-0.15341971301066148;0.3378080385831604;-0.04485786524349942;-0.48219232962416947;0.6927135208215007;-0.39067146290662147;-0.2597709513887671;0.6505218685174923;-0.10216206209776944;-0.1395029299731848;0.35065355674577775;-0.002976104100088273;-0.10237795749471751;0.2273683286022837;0.01624973198671141;-0.25553352270938334;0.8974646559563806;-0.35952720353379175;-0.21229527092687514;0.7674899802115368;-0.13089582531700014;-0.1612356046351448;0.38908287290209337;-0.004604448495598295;-0.12827847186559152;0.22223962416097104;0.017865816123659922;-0.07180664393404132;1.0228719607983245;-0.3144763457453773;-0.12720755800318354;0.6861053484819106;-0.0970037230031146;-0.15449414094472616;0.32374299637412285;-0.014460648785015557;-0.14334458216782614;0.19124504630215247;0.005942747394491065;0.060358831029679115;1.0580413076401396;-0.26642980343376355;-0.07725953143554444;0.5650950936351561;-0.06925852550317126;-0.10530453177859242;0.26031056846032563;-0.018994281144981418;-0.12310246040341677;0.1726030093165971;0.001157567881083565;41.049711917769585;21.535539238744715;2.421549338463764;20.715956342430644;7.846459431314261;4.893964918946518;11.743821887065755;11.181441321848963;8.785655475306022;11.112866364675533;15.9582301053108;11.937996394276949;13.020328217617493;14.49990162751527;14.097136719704338;48.134564459641375;17.833212966596108;11.919698426151191;7.602573319287519
0.9952828655136218;0.36273764880714265;0.13893299586995583;-0.049276225225714156;0.25799301968863053;0.4090424422874542;-0.06891071460863114;0.14477749082831629;0.48302382404496474;-0.040824388551466126;0.06949671336172644;0.41523515082671963;-0.0303655183120309;0.46859275297819597;0.7696860590974486;-0.3469148981630851;0.2014697288824596;0.7715278671197794;-0.08852558266185398;0.09422445036949403;0.37308578057780983;0.02462698970797602;0.04294353894774312;0.1906069429092454;0.05036386734969248;0.23096133901408775;0.9107191954043572;-0.3424140870391576;0.19074048834332605;0.8817573405824424;-0.0874028983254016;0.12665259266447568;0.302693756461867;0.07342746730415906;0.06607776136178571;0.05443592403536384;0.08440428263326877;0.026211626979405937;1.0068007667199503;-0.322200081148309;0.14545982571434715;0.8239004622404864;-0.05730400579166534;0.14213066892279821;0.23659839121095022;0.09552605781148964;0.08847437673221471;0.001889576963603292;0.09854972450273572;-0.13466832884580915;1.0416828052000282;-0.2995322817508256;0.09600998373231594;0.668862175884655;-0.01807794156210232;0.11297088589905263;0.19521938807941272;0.07467714089816258;0.08787460993847043;-0.006216059707501988;0.08329550241451297;36.47127271863458;15.843581526875852;7.1804211173628225;21.86565586087671;10.007409068977353;10.890286667943597;14.623364070254652;20.933616399596982;39.8284890689197;16.146580606766967;30.91499660772817;54.55181528241132;21.007690712491556;29.289120431743548;58.771667547782975;38.95424348305223;16.041354997362216;12.264329181919601;8.671076153308448;0.9964762769553656;-0.36776534686304196;0.04037965102111127;-0.0937016210947233;-0.26799661907345734;0.28288255479531754;-0.07909088708265524;-0.17862157353244892;0.42422598604865597;-0.04105133059864925;-0.14792103943639354;0.3304320109094712;-0.04124128946010523;-0.4755853241303953;0.698909465636988;-0.3712158275249469;-0.2572053159997933;0.6337045361547543;-0.09752681917728528;-0.135862675889236;0.340243984134166;-0.0016039073631229194;-0.09826760043756874;0.22208742150779384;0.016314288522109522;-0.25644987881638076;0.9030450872487658;-0.3445911055888305;-0.21174220394149623;0.7505983215772258;-0.13013139083456152;-0.1556494875481995;0.3828030875053903;-0.004512983332100638;-0.12202526091102152;0.22260959481421252;0.018672617875045833;-0.07694416040822916;1.0248632423204058;-0.3035696446620982;-0.12875472462013535;0.6739196649955932;-0.0961435666583279;-0.14954779830467543;0.3188187053206424;-0.012438192379902164;-0.13804296515935544;0.19181434101939615;0.008180801596919864;0.05455980711416413;1.0513982855153097;-0.2588572938137282;-0.07691951952847093;0.55782607439877;-0.06679656404099431;-0.10029125659751281;0.2566998664853268;-0.01590422095516174;-0.11779594948934737;0.17086993481191995;0.0037414774831850506;39.32355334274408;21.363663864720706;1.8960255014657037;19.451689900675255;7.871521686833274;4.600853107117506;10.684281126755332;10.88557104436238;8.178130723076201;10.60402167395392;15.445919575567105;11.34040583854065;12.762655330248075;13.873786481217834;13.927880995820095;47.5340180348095;17.40176435142362;11.57815643453132;7.492489367630447
0.9947136628557696;0.3627195688235588;0.12807159475427585;-0.04628021088554214;0.2616695270659332;0.3974858019156081;-0.06771889241845441;0.15209382925103493;0.4745005933026731;-0.039452753823495994;0.05668630651410817;0.4109005375010224;-0.030241912723729288;0.47213791812721284;0.7684538876478788;-0.3423241900221116;0.19593483164910588;0.76883072923879;-0.08691171883653179;0.09751423295778114;0.36751728002580875;0.01930512264409159;0.04805104723243027;0.18833184055931163;0.044975725060396925;0.2358819233657797;0.911589947466478;-0.33669494487937346;0.17704525584706976;0.8886320576526093;-0.08445321688089022;0.12439091120179047;0.3147629255029086;0.06683400392441;0.06860299938565928;0.05755306828701223;0.07653959014278036;0.033494280397963344;1.0038844060702121;-0.31433701344652965;0.12632822130328375;0.8245303719002481;-0.05276378713269837;0.1389052855801925;0.25186640963101103;0.08547333712890627;0.0930992587731511;0.009544913099834079;0.08808641196641412;-0.12492282821323945;1.0307298945154617;-0.2886500858807583;0.07517019609949073;0.6670654153804731;-0.01437581784751841;0.10405095112049041;0.20486276769290931;0.07001104026257418;0.0881131515405345;-0.0014225918271635997;0.07724272910974048;36.887255765666296;15.893770662635967;9.895525550116586;22.164050512647705;9.175134056771554;10.136759958246737;14.693151125633847;19.41870426081534;38.591258807933535;15.288667967715767;28.353951139043932;53.63651345508791;19.441028246218895;27.180096589461918;59.50373973785986;40.19085777942228;16.037539169636016;12.159509701442605;8.656876671373423;0.9968948465448187;-0.36387388973549656;0.05119479833715208;-0.08277575853931085;-0.2577957184843879;0.27156001431536436;-0.0739972082684842;-0.17425503693431443;0.4093781306403991;-0.0382536311163772;-0.14260751671202024;0.3232726768116826;-0.037759937998825016;-0.46912932914068256;0.7046891089490678;-0.35245180795185865;-0.25468092065917297;0.6174099784941233;-0.09305417163464552;-0.13233589464460488;0.3301704752217994;-0.0002863866690119254;-0.09429859942643508;0.21696513312448704;0.016372340527452987;-0.2572679376058336;0.9081849388746315;-0.3301716600214542;-0.21116052808510163;0.7342043748632936;-0.1293664089246198;-0.15025017586278966;0.37668344290871103;-0.004424105548815707;-0.11599369034616165;0.2229113114212167;0.01944256590666794;-0.0818570680990543;1.026528735967258;-0.29302775400828357;-0.13020891864816767;0.6620612579467153;-0.0952948581995065;-0.14476405335594977;0.3140155155733818;-0.010493905012286978;-0.13292096184798974;0.19231477200967162;0.010327088753975566;0.04898038518842224;1.0447695698308366;-0.2515265340505048;-0.07657469639965735;0.5507148984389492;-0.06441736554235385;-0.0954550824957424;0.2531724602341613;-0.012934336968809742;-0.11267410631741155;0.16916540658315599;0.0062208073086676115;37.646414979067586;21.186322078234994;1.3994934198789732;18.21950284469972;7.906526386763967;4.330973818650364;9.670716607674162;10.626215969883903;7.644567222821309;10.136342974582682;14.958475601133154;10.778983676489016;12.512847174504707;13.274421470009138;13.757209859505053;46.91132994590767;16.9750030955403;11.252057321277071;7.3927085062299005
