r_confidence;r_vec_0_1_x;r_vec_0_1_y;r_vec_0_1_z;r_vec_1_2_x;r_vec_1_2_y;r_vec_1_2_z;r_vec_2_3_x;r_vec_2_3_y;r_vec_2_3_z;r_vec_3_4_x;r_vec_3_4_y;r_vec_3_4_z;r_vec_0_5_x;r_vec_0_5_y;r_vec_0_5_z;r_vec_5_6_x;r_vec_5_6_y;r_vec_5_6_z;r_vec_6_7_x;r_vec_6_7_y;r_vec_6_7_z;r_vec_7_8_x;r_vec_7_8_y;r_vec_7_8_z;r_vec_0_9_x;r_vec_0_9_y;r_vec_0_9_z;r_vec_9_10_x;r_vec_9_10_y;r_vec_9_10_z;r_vec_10_11_x;r_vec_10_11_y;r_vec_10_11_z;r_vec_11_12_x;r_vec_11_12_y;r_vec_11_12_z;r_vec_0_13_x;r_vec_0_13_y;r_vec_0_13_z;r_vec_13_14_x;r_vec_13_14_y;r_vec_13_14_z;r_vec_14_15_x;r_vec_14_15_y;r_vec_14_15_z;r_vec_15_16_x;r_vec_15_16_y;r_vec_15_16_z;r_vec_0_17_x;r_vec_0_17_y;r_vec_0_17_z;r_vec_17_18_x;r_vec_17_18_y;r_vec_17_18_z;r_vec_18_19_x;r_vec_18_19_y;r_vec_18_19_z;r_vec_19_20_x;r_vec_19_20_y;r_vec_19_20_z;r_angle_Daumen_1;r_angle_Daumen_2;r_angle_Daumen_3;r_angle_Zeigefinger_1;r_angle_Zeigefinger_2;r_angle_Zeigefinger_3;r_angle_Mittelfinger_1;r_angle_Mittelfinger_2;r_angle_Mittelfinger_3;r_angle_Ringfinger_1;r_angle_Ringfinger_2;r_angle_Ringfinger_3;r_angle_KleinerFinger_1;r_angle_KleinerFinger_2;r_angle_KleinerFinger_3;r_angle_thumb_index;r_angle_index_mid;r_angle_mid_ring;r_angle_ring_pinky;l_confidence;l_vec_0_1_x;l_vec_0_1_y;l_vec_0_1_z;l_vec_1_2_x;l_vec_1_2_y;l_vec_1_2_z;l_vec_2_3_x;l_vec_2_3_y;l_vec_2_3_z;l_vec_3_4_x;l_vec_3_4_y;l_vec_3_4_z;l_vec_0_5_x;l_vec_0_5_y;l_vec_0_5_z;l_vec_5_6_x;l_vec_5_6_y;l_vec_5_6_z;l_vec_6_7_x;l_vec_6_7_y;l_vec_6_7_z;l_vec_7_8_x;l_vec_7_8_y;l_vec_7_8_z;l_vec_0_9_x;l_vec_0_9_y;l_vec_0_9_z;l_vec_9_10_x;l_vec_9_10_y;l_vec_9_10_z;l_vec_10_11_x;l_vec_10_11_y;l_vec_10_11_z;l_vec_11_12_x;l_vec_11_12_y;l_vec_11_12_z;l_vec_0_13_x;l_vec_0_13_y;l_vec_0_13_z;l_vec_13_14_x;l_vec_13_14_y;l_vec_13_14_z;l_vec_14_15_x;l_vec_14_15_y;l_vec_14_15_z;l_vec_15_16_x;l_vec_15_16_y;l_vec_15_16_z;l_vec_0_17_x;l_vec_0_17_y;l_vec_0_17_z;l_vec_17_18_x;l_vec_17_18_y;l_vec_17_18_z;l_vec_18_19_x;l_vec_18_19_y;l_vec_18_19_z;l_vec_19_20_x;l_vec_19_20_y;l_vec_19_20_z;l_angle_Daumen_1;l_angle_Daumen_2;l_angle_Daumen_3;l_angle_Zeigefinger_1;l_angle_Zeigefinger_2;l_angle_Zeigefinger_3;l_angle_Mittelfinger_1;l_angle_Mittelfinger_2;l_angle_Mittelfinger_3;l_angle_Ringfinger_1;l_angle_Ringfinger_2;l_angle_Ringfinger_3;l_angle_KleinerFinger_1;l_angle_KleinerFinger_2;l_angle_KleinerFinger_3;l_angle_thumb_index;l_angle_index_mid;l_angle_mid_ring;l_angle_ring_pinky
0.9822160005569458;0.35747277859094123;0.03418616024222502;-0.05729197385115844;0.25816873308387656;0.26067545274444476;-0.052737205958166875;0.1719211787638855;0.38700240403152175;-0.039911555262505435;0.13218628149188086;0.3271649571656232;-0.03847031402915925;0.514664586989997;0.7118676248924696;-0.18324381949244944;0.22057738947015035;0.5709913504063042;-0.08097226983024074;0.11195436730055407;0.31123160998578603;-0.027088828561169988;0.07366929864927228;0.2434530670964926;-0.009016210341006269;0.33333393541597;0.9221566892782312;-0.19625373351738729;0.217862977606581;0.6489422037364437;-0.08002687453361597;0.13044984235666385;0.37281766452894227;-0.03046447663645522;0.09433290073011207;0.2708949015180537;-0.016666590443732362;0.1620594614980619;1.041201890494672;-0.20787891471446587;0.18189465759059587;0.6334621642829512;-0.07886758462178493;0.13338352425935115;0.34800966968286934;-0.03999657999649143;0.112495690209628;0.2470237662679975;-0.020740836880448924;0.00456024973597494;1.0875647445202437;-0.2174676224697037;0.09531559910585877;0.5097291208508764;-0.06997118420988387;0.0986344212712221;0.2920962822724209;-0.030057657466356056;0.10613071573358174;0.22541952407322421;-0.01227120673124336;39.35493744728955;20.810154988725014;2.1151748742228293;15.13859657943955;3.1480438181536723;3.9616771727524918;4.828019745423242;2.370717584636381;1.0885127784656707;8.305682888173656;4.967260213930039;3.915033298187654;10.831130993736844;8.287399990145971;7.089433893749988;47.88945179413697;15.67351432719448;10.815664944683366;8.442748990486185;0.9960234761238098;-0.38384209160774085;0.02356654776584345;-0.19750276159145813;-0.3299283868675614;0.3898035798331786;-0.16578685732766282;-0.24446353217285102;0.5115063706863274;-0.09678691617563527;-0.17834610326915568;0.4039658251015109;-0.08832323785562544;-0.35929203179649827;0.48165730968038056;-0.6822353178691255;-0.4000753360761767;0.7863397344628047;-0.17756957180361205;-0.23705966900930198;0.323228033912735;-0.007195838357344827;-0.16779106333524052;0.1740274814408041;0.026531404720540493;-0.11969996471610486;0.776026805866624;-0.6192368811879734;-0.44725407921682536;0.9049710080984845;-0.18272920607454698;-0.29850851108259696;0.3779556385042261;0.018152084971995972;-0.21668949809721;0.16051131393200888;0.029404071406155623;0.035133741382154075;1.0448058944478102;-0.5369439759092115;-0.4045493984553104;0.8310463463102086;-0.12961728070127407;-0.29995968735707723;0.29120966725470054;-0.007293921046536291;-0.22081866743084633;0.12492587006639254;0.00307450072132386;0.10868665859024859;1.260444304137333;-0.45718156671783383;-0.30956477966394774;0.6533106679295365;-0.09987603606584274;-0.22803516655237777;0.20459318007243033;-0.029105870195969965;-0.17928292347924368;0.08226803031538082;-0.011176914018437714;43.42961201860588;16.494969948892066;2.3460952835652122;38.12527089241089;13.864071509031572;10.59350834198857;32.10650362386403;17.233297425338538;15.662014290275875;32.638452887267135;21.01157676428899;14.750442864028436;31.67696955717022;22.72263362387037;17.33670172344613;43.73067567069728;22.61193605669317;14.24616222193297;7.817343194456465
0.9823084556180008;0.35721228921800224;0.03305476619149673;-0.055081515614903306;0.25839498754546975;0.25813309629274994;-0.051984356491112264;0.17290461994827144;0.3868781464895962;-0.03976209998235345;0.13396945132867707;0.327194707883045;-0.03831852991701369;0.5180128429490405;0.7100763814198838;-0.17933212962494885;0.21971659415438058;0.57241659123414;-0.0798053202094227;0.11070068334859128;0.31140480626637007;-0.02642751097517049;0.07295300703053492;0.2441664446729365;-0.008837267819599872;0.3371710562995354;0.921373044473766;-0.1933581953551469;0.21772792433503585;0.6491386279640073;-0.07857391650007914;0.1293826819640312;0.37170722149135277;-0.030133879479142138;0.09368130325177375;0.27092210001947653;-0.0168009560311208;0.16540802102105764;1.0412615337246174;-0.2059836351552444;0.18238496551492728;0.6341430926834305;-0.07767209909024919;0.1317824590729967;0.3463370837641707;-0.039673290043536376;0.11113098991080929;0.24469978763928749;-0.020843701527001077;0.0064193344626536355;1.0886981749447802;-0.21645277044128278;0.09620874184325154;0.5100676696184763;-0.06911679429732163;0.09806329801917661;0.2904071710658847;-0.02988076055467355;0.10555869694302047;0.22350107142713338;-0.012352057970425854;39.244098237267515;20.97974066590269;1.9847583038518464;15.459767787879198;3.1793639300247403;3.9072640766607183;4.852651910268309;2.2628370379784633;1.030647340831334;8.180333426512732;4.7943371093675164;3.9510977339993145;10.838801667075055;8.176586101114845;7.137356671518362;47.87317944627699;15.701633298846238;10.866141752894919;8.526198004644506;0.996218313448328;-0.3822620945160382;0.024129373867221412;-0.19728570389079567;-0.3308473170197407;0.3904014488091803;-0.16543876499176874;-0.24387217592257765;0.5111433230899994;-0.09653247585725055;-0.1782845766370684;0.4034454518881787;-0.08795560923147999;-0.35801862149954083;0.4826860508733474;-0.6815025549246209;-0.39863286676223186;0.7862093530928596;-0.17709511620950885;-0.2374988035119999;0.3235071798537623;-0.006623874058213162;-0.16798069349506048;0.17531329403646184;0.026951031948077287;-0.11820585369466358;0.7766310435463475;-0.618766190375999;-0.44741117292984917;0.9037904129776331;-0.18292021393084862;-0.2978278695627019;0.37752266240515403;0.01834228492998397;-0.21594293721208435;0.16460826875975332;0.02974075015168524;0.03636717349429379;1.0471516508051877;-0.5366832139769018;-0.4060100180464965;0.8285401521026694;-0.12960659615057818;-0.29883239583849097;0.29084956723046607;-0.006368072319524435;-0.21925731876058047;0.12681932384516392;0.003961930445920233;0.10964299373253039;1.2638845925646853;-0.45721969794982426;-0.3109702256970591;0.654221074293203;-0.0992712779033307;-0.22884792566810705;0.20224487984547693;-0.02796994266314032;-0.17919589518316598;0.08021429620526135;-0.010199458753172458;43.33834839902887;16.531713446716278;2.292490406066662;38.098989283058614;13.982063208723266;10.436952389394717;32.12673984064109;17.218942474719537;14.934560273639525;32.76019074427744;20.850662818492612;14.28875667926465;31.777387256248765;23.09828967841003;17.454577340159005;43.715318057293935;22.59624236024085;14.245593639548327;7.792802370661239
0.9824009106790556;0.3569439321212926;0.03192510021056924;-0.05287465817774431;0.2586146309465539;0.2555902761118178;-0.051231947882884;0.17388179177093385;0.38674501765800895;-0.039612036123375036;0.135745498440554;0.3272166567881151;-0.03816617652183196;0.5213414247310821;0.7082723229161275;-0.175424876468858;0.21885251346417672;0.5738251371222083;-0.07863907220809739;0.10944716294915534;0.31157025587223575;-0.0257670354555018;0.07223657942151512;0.24487246708995775;-0.008658513277640702;0.3409916942586036;0.920569353993944;-0.19046450833113104;0.21758802291658688;0.6493192689979738;-0.07712232360384065;0.1283148296943576;0.37059045333608925;-0.02980330317801574;0.09302893620674858;0.2709428328155523;-0.016934626355354483;0.16874524228307367;1.0412964262488071;-0.20408768952884712;0.1828698737687377;0.6348075177344532;-0.07647742891003603;0.13018182954232096;0.3446600194567111;-0.039349779199409005;0.10976668923954543;0.24237517849284887;-0.02094584520148674;0.008274143725921506;1.0898033513255212;-0.21543505192242507;0.09709762882317384;0.5103934079781036;-0.06826266541354203;0.09749112309521073;0.2887149404693858;-0.0297035495564823;0.10498545125423109;0.22158158995235092;-0.012432437832955157;39.13214013252095;21.15204055183251;1.8564348341397636;15.782924689488485;3.213794627824804;3.8523008487428667;4.889132316752186;2.1562615060414156;0.9739866715414621;8.055997934136569;4.621440201779191;3.9896526052347343;10.846564109383646;8.066859086233668;7.186547507880964;47.856446566509504;15.729926065680974;10.916804057454595;8.609691670182855;0.996413150772846;-0.3806866139657823;0.024690141596908636;-0.19706886071599036;-0.33176206920105206;0.3909961084101816;-0.16509143995150793;-0.243282227456529;0.5107801263019638;-0.09627866480703538;-0.1782227676995436;0.4029257879361288;-0.0875890342717782;-0.35674871132993635;0.4837097999264901;-0.6807704727670534;-0.3971943816502112;0.7860772282850869;-0.17662184217140203;-0.2379357188336983;0.3237844313173698;-0.006053914217864658;-0.16816918190302227;0.17659406713146264;0.027369099384913453;-0.11671669587177683;0.777230966305525;-0.6182954293220636;-0.44756645642613635;0.9026114593087625;-0.18311003327075212;-0.2971488003320458;0.3770901591341731;0.01853176071912895;-0.21519841138448118;0.16869027111938895;0.03007615467196376;0.037596140991415866;1.0494861739438575;-0.5364218694534441;-0.40746433295367457;0.8260404989872717;-0.12959558596350737;-0.29770825358946434;0.290489925310765;-0.00544548045467791;-0.21770087775123578;0.1287057248828621;0.004846210229848245;0.11059563887791102;1.2673091686861107;-0.45725641223041;-0.31236982869392976;0.6551264260680001;-0.09866838040028042;-0.22965716835365516;0.19990431842441803;-0.026837954465936984;-0.17910867222539884;0.07816760120706283;-0.009225432138418883;43.24733532937897;16.568837382762286;2.2392637956818042;38.072724376138716;14.099603677664726;10.283472254493223;32.14745252246926;17.20499212861138;14.222596517325076;32.882849372012835;20.69166810289087;13.82849627126575;31.87708117092414;23.476157695877635;17.57454638707071;43.699392621088975;22.58051683086211;14.244829152436854;7.768396412753734
0.9823479184109546;0.35662127457412485;0.031202479485528078;-0.05147792830120231;0.25893946263579704;0.2537462398730794;-0.05071304816662463;0.1746123020095915;0.38643620003806384;-0.03951202238636666;0.13687393462394598;0.3270554607761169;-0.03806307119764157;0.5237715904543966;0.7071081020550906;-0.1725376140149863;0.21819112741485192;0.5740892689781295;-0.07791473858793409;0.10845645530289053;0.3115015340006409;-0.02546893212076212;0.0716306910962743;0.24530882399424075;-0.008654803277067389;0.3438466039037748;0.9199592379731064;-0.18826713322240304;0.21732933213046365;0.648710439046163;-0.07609748017484551;0.12743317518351668;0.3693738319721072;-0.02964293075408736;0.09246195255278243;0.27071304733645873;-0.01710646138910029;0.1714118945022141;1.0411323509182324;-0.20261933995703155;0.18308273968346167;0.6347380623225622;-0.07567731223104794;0.12891086188609902;0.34353018531705604;-0.03916548446593848;0.1086974269477832;0.2409674981498114;-0.021060326304102858;0.01004509060950699;1.0901844703457808;-0.21464037680933237;0.09771550855374489;0.5102738359555611;-0.06769757335756942;0.09701979906647339;0.28750989513276354;-0.029598346379144297;0.10443801710234767;0.22029867934590283;-0.012519175565657141;39.0133314046171;21.28236328719372;1.7894652312435837;15.987032803613804;3.2401784801214477;3.8237370698117052;4.908480366935352;2.0723465641380563;0.9330528490530682;7.94734285433956;4.473914026884049;4.001854663142994;10.83203967808944;7.9738609010748815;7.196819844771152;47.827290480872875;15.741177471708264;10.944353142441662;8.66300505425601;0.996523568219948;-0.37948757277873296;0.025440968152630018;-0.1970103151724288;-0.3325723001337834;0.3919579779947875;-0.16471637897255945;-0.24300845582233596;0.5107965496978705;-0.09597666821198851;-0.17780360033578313;0.40311875733674185;-0.08714401014044164;-0.3559215587166472;0.4849876022292378;-0.6798313714558741;-0.3961717024708604;0.7862850769331929;-0.17621385211242468;-0.23817179019435894;0.3238304390878238;-0.0055075619498556215;-0.16829135619192445;0.17717111464833962;0.027796351224860533;-0.11585322441267838;0.7780028192012053;-0.6174865534634435;-0.4475025873926303;0.9016446505976826;-0.1833253531495018;-0.2965053628663713;0.376780352822354;0.01869362498696902;-0.21465265902003194;0.17146593667721347;0.030417289741300098;0.03825574228048475;1.0513369783319617;-0.5357657771182198;-0.40828042105039514;0.8236536969837824;-0.1296956483243012;-0.29678956725871;0.2905716200213377;-0.004829982319705866;-0.21662525900949015;0.13026708785852853;0.005540709516241765;0.11116623938647963;1.2698049149191009;-0.45683424638767606;-0.3132890929623286;0.6552938156319356;-0.0982170478353842;-0.2300720210348557;0.1983772543039104;-0.02600755867474684;-0.17901420951054142;0.0768008727599364;-0.008483548579916508;43.16890632075617;16.56816632105246;2.2438906920478;38.01972780920822;14.200822869748716;10.221105399632874;32.12134732951737;17.196283063522564;13.761747195474797;32.94548831341594;20.535631008812025;13.509582725329635;31.945917063228997;23.698361714547808;17.674466163559455;43.651795510294725;22.555334371305307;14.23725878000437;7.748021224036753
0.9817205338586672;0.3561123613544966;0.03207964477784725;-0.05326458372418713;0.25970178341869027;0.2546612643565799;-0.05111393666961891;0.17439128357746417;0.38546597656726467;-0.0396115988371723;0.13547240648726305;0.32619955463726813;-0.038156259771108036;0.5227252214205478;0.708512889601864;-0.17366001489657554;0.21834120748779542;0.569898941695395;-0.07893126965297523;0.10850258852242882;0.31053660373435055;-0.026597078518853928;0.0714618298303443;0.24470707480278223;-0.009340650384110465;0.3429479306350198;0.9201831215159003;-0.1888113867075067;0.21661948064632713;0.645044517356142;-0.07675172953756802;0.12728912900950348;0.36778696681058826;-0.030153790692758246;0.09223497412292747;0.26951830545203365;-0.017431015111727892;0.17147103310279643;1.0402703901102024;-0.20284102246091823;0.18224155041275641;0.6318326131957003;-0.07643100282189885;0.1289396931217694;0.344575039823884;-0.03953110754202165;0.10879133752331949;0.24317912072274184;-0.021225842923721275;0.011498283910885762;1.0878088673829824;-0.2147360924160716;0.09727895700243341;0.5084432723841267;-0.06827189986406307;0.09695034605166233;0.2882381161849245;-0.029778290803689975;0.10399726875554774;0.22153085539671213;-0.012632530724957843;38.872200560365734;21.23729888251356;1.9587724054822517;15.713787289316738;3.22704342808235;3.901448390167535;4.819256975524027;2.072802896944164;0.949573745929979;7.896935251253547;4.427008381642941;3.903720499948105;10.729044778850513;7.9437776791487815;7.05017435721765;47.750822320658166;15.684740767120207;10.880087920542188;8.596922670255616;0.996300599509318;-0.37975635444791966;0.026945805084912764;-0.19757365384889947;-0.33298167266975837;0.39437322300476807;-0.1642293388791765;-0.24397458086440044;0.5123060831467741;-0.09548282675295842;-0.1759776648818731;0.40611386471196986;-0.0863868210475118;-0.3568262952545326;0.4872780028148142;-0.6780728095324475;-0.39677328208939977;0.7878334618256579;-0.17605888322364902;-0.23762256685856362;0.32297023243291767;-0.005048441495475921;-0.16815507618669004;0.17499125793590037;0.028264088291939264;-0.11743858699133046;0.7794609542666951;-0.6153444556174474;-0.4465794135919612;0.9015050851513827;-0.18364376981725175;-0.29599665523570384;0.37695087803947325;0.018748770284273627;-0.21488291051851205;0.16914038737747403;0.030784491888132162;0.03668628873104533;1.051311419228429;-0.5335552536831039;-0.4066002166565941;0.8216895951449673;-0.1302334507919683;-0.29666972877094966;0.2923884860487969;-0.005414245335062004;-0.21742790505171983;0.13056832386993278;0.005496967190059545;0.11024280163100192;1.268683813574398;-0.45460781960769275;-0.3123327067326403;0.6525677995893183;-0.09835678207737432;-0.22894330265346324;0.2000302228226402;-0.026353250058816523;-0.1788911395412789;0.07809090027567374;-0.008645844905270018;43.13917062301677;16.417965180211674;2.4987329585320937;37.861495993971126;14.239285083979675;10.51101504713243;31.90917448225791;17.206858033294857;14.23827427621744;32.7680821117738;20.385569720225693;13.741721150127018;31.895693817316303;23.299480628508412;17.688399056948956;43.48177117481034;22.492982309040897;14.203644841737633;7.743290607713119
0.9810931493063796;0.35560427479028694;0.03295464264717201;-0.05504683831382445;0.2604619540152465;0.25557377354832445;-0.05151379268969612;0.1741706014690454;0.3844976664752353;-0.039710887884188396;0.13407412675139635;0.3253453523542542;-0.03824917812952092;0.5216807929011794;0.7099134504602249;-0.1747794899226693;0.2184906719950201;0.565718137023222;-0.07994524092307141;0.10854848493868466;0.3095736601401457;-0.02772245419160864;0.07129329654700244;0.24410650584332438;-0.010024820903429703;0.3420510458424052;0.9204054032906429;-0.18935410117424362;0.21591110425662083;0.6413867581537928;-0.07740430155427543;0.12714528635755484;0.3662035331101188;-0.030663375138705012;0.09200844095206274;0.2683261555879467;-0.01775476048723967;0.17152983091355928;1.0394093268622577;-0.2030619333058533;0.18140219476770908;0.6289334946414061;-0.07718277490352078;0.1289683060812702;0.3456169603176652;-0.03989579710842922;0.10888489491756265;0.24538509190919666;-0.021390933117020693;0.01294793434302726;1.0854377837957943;-0.21483132864746796;0.09684335394121073;0.5066165704714013;-0.06884475289817435;0.09688095026218364;0.28896423706569274;-0.029957763925176434;0.10355747136803142;0.22275978392060447;-0.012745596032622354;38.73234871589798;21.192313687068427;2.131030498622492;15.439114496159405;3.2191392638197867;3.979349174370858;4.730092423330344;2.0735828998640446;0.9664941652291299;7.8465945721325845;4.381450332690696;3.8098434466080633;10.625826526450123;7.914993464631798;6.905799429274175;47.67458251712145;15.628653910938304;10.81597145363912;8.53070975129982;0.9960776307986878;-0.38002055456339373;0.02844424425681426;-0.19813287795746154;-0.3333863180233929;0.39677497929832656;-0.16374278318514818;-0.24493451948409306;0.5138047481012766;-0.09499012800870242;-0.17415757845759636;0.4090930056557371;-0.08563193445837881;-0.35772406124672723;0.4895545728656091;-0.6763152162431068;-0.39736876385771114;0.7893682923972979;-0.17590293298477921;-0.23707340894518908;0.3221105794866274;-0.004591151272412498;-0.1680178109361681;0.17281870585977577;0.02872965437983082;-0.11901639271719804;0.7809059806731338;-0.6132054693277914;-0.4456559171655139;0.9013578218832585;-0.1839592007307143;-0.295487312045464;0.377117249030949;0.018803518233203333;-0.2151102501011501;0.16682279185598717;0.03114991084955382;0.035122913436205654;1.0512763223660166;-0.5313488716150424;-0.40492315047361954;0.8197259848323394;-0.130767860682746;-0.29654765915045345;0.2941952444408754;-0.005996070672164985;-0.21822527632476946;0.13086713113607254;0.005453353233018941;0.1093221270789543;1.2675556585543837;-0.45238632327106365;-0.31137736488350154;0.6498469403163304;-0.09849504310186205;-0.22781709783042586;0.2016746006683533;-0.026697286818692323;-0.1787669318671394;0.0793749389246359;-0.008807398590854618;43.10924938354481;16.26948087565823;2.7826470520820528;37.7039171142154;14.277917854531212;10.806351520274825;31.697825407824443;17.21746711088561;14.716707030475007;32.59097303886245;20.237636495938784;13.971626242650764;31.845899802708335;22.902772601530668;17.703168056909277;43.312795313964195;22.430743281440858;14.170279955226118;7.738899232143713
0.980570875545618;0.355367261855916;0.0336050981858413;-0.05672751287018412;0.26104747517419835;0.25632523062049567;-0.05194580727048748;0.1739013467669153;0.38388526730476213;-0.03982131467303535;0.1328602326589655;0.32473316564139915;-0.03834927830347955;0.5206119253447264;0.7110058884468575;-0.17633581499368658;0.21876567988625245;0.5628715326623501;-0.08095162677929864;0.10885730185841754;0.3090464244198719;-0.02867312953161494;0.0714100919079621;0.2437005360336716;-0.010582950217629708;0.34097890775389095;0.920604638858189;-0.19031679741879542;0.21543168149118866;0.6386561196385224;-0.07822708758249187;0.12720364493891217;0.365173362837327;-0.031130774185191546;0.0919688825723136;0.2674657331176123;-0.01801432220668343;0.1712236822061361;1.0388028146042503;-0.203620804808854;0.18082422969066406;0.6265900224089532;-0.07803460590170154;0.12919886373373507;0.34668316520180475;-0.040237071485420335;0.10913215896903383;0.24725996899573768;-0.02150453671927253;0.013823489844114585;1.0836815368260226;-0.2151494100558572;0.09649968733871088;0.505274016458328;-0.06950762668158421;0.09690639137816658;0.28961466295421995;-0.03017305859117474;0.10331902194019431;0.22373068098136387;-0.012848727676429209;38.633969002000434;21.17314495399275;2.269607437062612;15.216811817461311;3.2035790281227237;4.029297998565634;4.658155237642713;2.0944118423310742;0.9852701020864861;7.828641181322226;4.357406961232635;3.747614820414737;10.551456024299322;7.906677687518897;6.8088425668725625;47.628935983954236;15.590721175777462;10.763626397930201;8.472296706576326;0.9958296204931496;-0.3802235913794401;0.029708082162028474;-0.1986678671521697;-0.33344510073254974;0.39853287073028704;-0.16367992672003465;-0.24554171569723518;0.5146839738624782;-0.09483929742621444;-0.17247425823776158;0.4119880312699001;-0.08528959031132302;-0.3576827674532326;0.4909503668195096;-0.6761572924462623;-0.39800713848882;0.7905717966212503;-0.1760787918874246;-0.23677442687876257;0.3209666941977336;-0.004201296934371973;-0.1679077937209941;0.17050195024066497;0.02920405194545398;-0.11961965700993514;0.7812132092444889;-0.6126965475329136;-0.44495189175852196;0.9019606986579201;-0.18459650766030153;-0.29521573962301195;0.37676175101358805;0.018966392934734306;-0.21515798131140054;0.16463700044729535;0.031579530017565936;0.03443599403134947;1.0505426123118888;-0.5306590819998589;-0.4033602561576103;0.8191406138422146;-0.13136985727113726;-0.29628974589060203;0.29411238181319294;-0.006000253113179259;-0.21835119939828904;0.12970926355852774;0.005785417054084564;0.1088294341342163;1.2659531930657097;-0.4515674483263215;-0.30996251019774707;0.6491796956386633;-0.09857990384227411;-0.22684782658443717;0.20165772757163658;-0.02657833956737416;-0.17845471539876956;0.07862568864668211;-0.008615161131133735;43.07094762163476;16.147318953357154;3.0672168076448734;37.63889726575093;14.354557712096593;11.100200646736265;31.59742335661829;17.292227877751532;15.097678399528073;32.471148514124394;20.30466928358695;14.23577946893475;31.74980722585039;22.866461262515674;17.98853931441423;43.202556284531305;22.35822842561833;14.155655009647445;7.741974864551016
0.980517310155302;0.356336017487747;0.03326182192147642;-0.05797621240833458;0.2608605631938402;0.2563670532905096;-0.0525267092531913;0.173411535642247;0.38485234817319625;-0.03998275893165586;0.13245333460016573;0.32519237216697855;-0.03848261558445805;0.5194192301424684;0.7107357738141922;-0.1798608829844518;0.21960390345158037;0.5659408348175905;-0.08193681098880479;0.11034300953731704;0.310455987844816;-0.02885631359907242;0.07280140297061674;0.2441571869784734;-0.010585751221532195;0.3391103395465274;0.9207015352202615;-0.193165371264345;0.21596730170055084;0.6400262378379197;-0.07981970994799953;0.12816472188473868;0.36659801100183304;-0.03141582215963375;0.09276292985125331;0.268073977053436;-0.017990753258605056;0.16928479777154584;1.0393221191446658;-0.20569438567654882;0.18140486777802092;0.6266946849433551;-0.07934359966735877;0.13033318509676764;0.3478705498887516;-0.040478123179649134;0.1100681977061647;0.24768079194455533;-0.021389798322643858;0.012148462040432953;1.0846440115908322;-0.21646544148549657;0.09656166335343282;0.5060735836829476;-0.07058048204746585;0.09735512039974038;0.28993497129713613;-0.030550871950475927;0.10397575389252703;0.22356207390466473;-0.012908819402149866;38.71521390690325;21.26894314626939;2.247923598660637;15.23501534030858;3.1389779655744614;3.9545229269259323;4.664769164495564;2.203586103913559;1.0124172794497648;7.955552197091805;4.424441031663581;3.809525760956132;10.607001613170274;7.984406019743665;6.914415252158235;47.71848543109493;15.63245889189882;10.763235131273886;8.449222844383383;0.995469945105726;-0.3801540249473046;0.02995006653856892;-0.19910142812457887;-0.3319658335760628;0.3974558637112897;-0.16549493464965173;-0.2445899193171689;0.5128216270901506;-0.09620250095016321;-0.17136966023151412;0.4145504365248508;-0.08677209095993492;-0.353468518586111;0.4884529456574163;-0.6830898022502191;-0.3988414172487095;0.7903145601505198;-0.17772824064709128;-0.2375785503655397;0.3185396000239813;-0.004104612631951914;-0.1679151004829012;0.167506846288931;0.029724760565894345;-0.11590527189639158;0.776466009961585;-0.6194081879673203;-0.44520597449061783;0.9058925286306809;-0.18667045462270665;-0.2959919787830059;0.3740799653934238;0.019611556773271983;-0.21440678984509426;0.1630001136442809;0.032300499767169415;0.03762829198444552;1.0466845405338376;-0.5366842697894937;-0.4022750718283575;0.8246544800183603;-0.13227981172597272;-0.2954214604222239;0.28563731457077474;-0.003440413297287082;-0.2154962295229115;0.12206593525321266;0.00779016818681783;0.11022749263802714;1.262205932035917;-0.45695652977914436;-0.3064822925911501;0.6576101562585658;-0.0984279499102714;-0.22655738007441456;0.19426441067181183;-0.024402149931293686;-0.17730105833722537;0.06883851041705522;-0.0068494161563515945;42.99621129952241;16.135710264394593;3.2759533110359325;37.98359322020555;14.601071990794638;11.369604550237785;31.989138147265454;17.653795157612375;15.03754954432635;32.60865047732736;21.335093947246673;14.682693405621237;31.455474480572594;24.44339896622288;19.53265705907109;43.35149301536416;22.238406249552412;14.223617520213637;7.7777457476251906
0.980463744764986;0.357305322497088;0.032916484451749876;-0.05923031577859566;0.26066968865202805;0.2564060800963844;-0.05310982611728877;0.17291730977429137;0.38581963661176194;-0.04014452174305484;0.13204290487512865;0.3256500105461202;-0.038616152066752736;0.5182146481881533;0.7104560276763949;-0.18340101646538864;0.22044364040642228;0.5690184652611081;-0.08292583515222124;0.11183466276093838;0.31186878454663064;-0.02904005229254412;0.07419863903895581;0.24461320546595636;-0.010588442011997944;0.3372287022116304;0.9207881310514817;-0.19602555986242842;0.21650300392689273;0.6413955411098309;-0.08141915575089735;0.12912898048177163;0.3680253090389141;-0.031701890972260054;0.09355975942445048;0.2686820470779431;-0.017966859013374217;0.16733448872442075;1.0398317927243483;-0.20777565986382868;0.1819862115468775;0.6267925247459428;-0.0806580409414734;0.13147150657906842;0.3490596479012821;-0.040719875383025815;0.11100750787322887;0.24810076669760148;-0.021274250790383264;0.010465133362354198;1.0855984837103756;-0.21778535033451316;0.09662281143975567;0.5068711242252936;-0.07165773726893164;0.0978048960076584;0.29025344747021403;-0.030930168110238396;0.10463446810942786;0.22339002983004283;-0.012969052785743604;38.796403799213145;21.36500665641241;2.226429203566423;15.255155881974286;3.0861277875646795;3.8809778645065625;4.6749822321997625;2.3131509912977277;1.0422157644892893;8.083753939174603;4.492824773616937;3.871745308426345;10.663196968182666;8.062302368950062;7.020457612535767;47.807604956344605;15.674413706594995;10.7629552593619;8.42620494273304;0.9951102697183024;-0.3800537018352387;0.030189244140699113;-0.19951815200623726;-0.33046190754137533;0.396348257095046;-0.16729369236004765;-0.24361974034319464;0.5109205317216187;-0.09755578049658276;-0.17025286123454914;0.41707521218906357;-0.08824524833812693;-0.34923210502410806;0.48591973892146395;-0.6899561050104417;-0.39964202089862794;0.7899935571986025;-0.17936070263354725;-0.23836213834791334;0.3160904064350207;-0.004007744965298218;-0.16790876296901042;0.1645027857723419;0.03024224860492963;-0.11218723480987947;0.7716631292359377;-0.6260591340468673;-0.44542351725999274;0.909744714192417;-0.1887260307084054;-0.2967429831081236;0.3713719659038312;0.020254128176757192;-0.21363935534604828;0.16135253056460705;0.03301772935230907;0.04081258597157087;1.0427474700042623;-0.5426565437314016;-0.4011589093096994;0.8300928448699688;-0.13317761576443682;-0.29453053590598494;0.27715219526117907;-0.0008842626138289904;-0.21262818960066548;0.11442454573950367;0.009791178922080557;0.11161443444697348;1.2583620023866138;-0.46230015658240353;-0.3029825871283637;0.6659741562781988;-0.09826824022967223;-0.2262489897491227;0.18686678321656044;-0.022227352790447776;-0.17613479477260396;0.059060916047580014;-0.005085852472562454;42.921863467994626;16.124171879955643;3.486163624758585;38.32756375684487;14.849407715381682;11.645291125909937;32.381963624995166;18.016810730104694;14.979256240088855;32.75128114933145;22.38868732557525;15.16702726845968;31.177861452038947;26.04662344525965;21.168255329223893;43.502885681925825;22.116896947590323;14.291587936258065;7.814775596290592
0.9804683152280544;0.35852361074641276;0.032369017525393166;-0.06031412085856477;0.26063364580771864;0.2565047008964135;-0.05371991998762197;0.17257194849233679;0.38697884892413087;-0.04038584397464276;0.1318257520151862;0.32630044174038575;-0.038827853331730236;0.5174245561956302;0.7098643241598838;-0.18685577107899093;0.22141940100461596;0.5727066535014915;-0.08391038724828098;0.11322870994902529;0.31357613953204727;-0.029166577197423514;0.07545213811720453;0.24528970363587535;-0.010532996556787237;0.3356770468407464;0.9207321697313172;-0.19893011799658708;0.2172761218700756;0.6437086872738541;-0.08296101218190582;0.13010712821414616;0.3698732036742749;-0.031923707619336536;0.09432128803493496;0.2696440631783181;-0.017903833216882686;0.16553093873480118;1.0404436246773396;-0.21002044979441675;0.18270652230578524;0.6278814687641905;-0.08189234060003056;0.13258014815893313;0.3504024019005373;-0.04089755854054684;0.11190960275806142;0.24864173713587143;-0.021134275533480653;0.00869775681176609;1.0869185315724221;-0.2193749894499576;0.09677706732091762;0.5081857589719605;-0.07265614260407792;0.09829278642136571;0.29084857399718517;-0.03125180522446072;0.10536285384629111;0.22344856378903405;-0.01300037283540525;38.9028462645601;21.46225220374544;2.1965678106398854;15.318529575420214;3.060337212113397;3.818679989612637;4.713186699381163;2.4183751494342283;1.0731006085282708;8.20843964612912;4.561176621416551;3.927174499907737;10.731987266011974;8.131226261059707;7.125576959793503;47.90209868657107;15.72875250355787;10.776206983356113;8.41451531322947;0.99478933374034;-0.38012909356613417;0.02959731910135291;-0.1999338472851095;-0.3292145831131457;0.39382881240758855;-0.16891045483968403;-0.242313070738209;0.5089966562313487;-0.0987388370471538;-0.1687356258333724;0.4192320491193562;-0.08942043883202973;-0.3458673343381029;0.4838437573609114;-0.695838358860422;-0.3999214146430912;0.789026702025833;-0.1801642179045753;-0.23902762845352168;0.3139693257017259;-0.0031584095568977072;-0.16757043767337695;0.1616601597112832;0.0312528537767732;-0.10931667427882795;0.7676542131552185;-0.6314719896793989;-0.44560006139923547;0.9117517324344712;-0.19010427034461078;-0.29738124888295486;0.366433030648838;0.02139969307958444;-0.21254728487062446;0.15699789498260175;0.03418650247404162;0.0428999840981881;1.0393608266909973;-0.54714306913705;-0.399907141365138;0.8341580982741407;-0.1334415960883815;-0.29360417797036764;0.26719408665882244;0.0019929926204458877;-0.20980582872153472;0.10469413812542969;0.011994678312154552;0.11191298439628035;1.2547218199570378;-0.46592068621346744;-0.30021244492056354;0.6715819332944406;-0.09785491064832995;-0.2259834422158071;0.1791827955918576;-0.02010132924789831;-0.1749998346215764;0.049485481562352454;-0.0032765739194779374;42.84639228782952;16.25310574018561;3.693875605945563;38.64073161684136;15.129317745218671;11.905065650463149;32.71703714650012;18.499131272755797;15.19768916380638;32.85290548664511;23.59156092312381;15.996127172799921;30.968895888496768;27.59056436179115;22.789299500961125;43.69945241368481;22.014881231028337;14.35105458555488;7.85207952855105
0.9810319283996286;0.36217015471890285;0.02986804375555542;-0.0597034253825781;0.2621381253765915;0.2572082452348496;-0.05457853370791181;0.17371031327019254;0.39001359833666155;-0.041400572926803596;0.13351789187798968;0.32884588788032904;-0.03980017204682229;0.5207636244553617;0.7063157681805057;-0.18937887961619135;0.2237139043710353;0.5822949162160973;-0.08482659550465622;0.11363350483977927;0.31813611822142823;-0.028732703860070447;0.07526651163874006;0.24812271511184344;-0.009912377960672493;0.3374360150946394;0.9193779854186841;-0.20219064183223767;0.2203651726105564;0.6552321501803412;-0.08389662804871238;0.13120123483392293;0.3758063115355666;-0.03151342107073501;0.09472176815404532;0.27405966773570795;-0.017462345199850977;0.16523887318514094;1.0421381926440023;-0.21380879961531643;0.18477902152985531;0.6386821388067553;-0.08231025790634282;0.1333748572384957;0.35323687764721;-0.04044731821246794;0.11242899041687275;0.25037197039234776;-0.02076243650873491;0.0061693946110440035;1.0918762740909844;-0.22356908505779433;0.09784574429266782;0.514560469589855;-0.07285778981288667;0.09914664388841468;0.29415644374103556;-0.031002341265607372;0.1067582005275199;0.22578087058601443;-0.012749413810863607;39.253714010639435;21.569063772861362;2.0850227670631973;15.782996666780583;3.1837940937063833;3.852847397023429;4.9905535614346705;2.4805536779453123;1.0949421822750822;8.29337292267926;4.616849011819406;3.9145442926564984;10.918800231466715;8.112463267921987;7.217747213256649;48.05017586128447;15.902227415077746;10.92005167234301;8.511642276212248;0.9948409214827758;-0.3821227446188923;0.02118715029534602;-0.20047588431812713;-0.33061731298990776;0.37826808777042775;-0.16892177018422305;-0.2380020495751632;0.5072125505662077;-0.09838055439474881;-0.1635609013047989;0.4181996177339027;-0.08784284542882406;-0.3509719441549924;0.4864188383855764;-0.6928986982330386;-0.3955576419893418;0.7825113675178286;-0.17326926121034508;-0.23874121869636428;0.31516487596842246;0.0047847929870591804;-0.1642162449686544;0.16045929466742453;0.036933907164281826;-0.11452380961448744;0.7716731484202982;-0.6256235681609902;-0.44569514577398356;0.8969724573607111;-0.18521947146038742;-0.29715829314528813;0.3407138069942251;0.027301736672810457;-0.20854166827878018;0.12722616915743504;0.03963511131141352;0.03466343300011554;1.0418893474666955;-0.5379767483180408;-0.39765406816215887;0.8258312067505675;-0.1278172388089716;-0.29254762909763204;0.24355167594642213;0.007892728673456887;-0.20756623371635635;0.07535597020622782;0.016110438729284367;0.10202015800807782;1.2538748949819982;-0.45359601832000407;-0.3045383857359859;0.6516341124712595;-0.09511736392446347;-0.2262778741599588;0.16894182914629507;-0.018455136740546586;-0.17428343502744037;0.04187779339432559;-0.0010433399160699795;42.72737108769773;17.73985230062491;3.8754470799187377;38.66987443684276;15.694665176014125;11.967514085431596;32.49724740237294;20.18651000903652;18.332792012577308;32.521639423637176;26.089178401540536;20.024406374604734;31.290071218275394;28.316541601408954;23.464417045300255;44.309331423009354;22.11308656059718;14.32947032199934;7.880882466903811
0.9815955415712028;0.36588837290626786;0.02731344399425708;-0.05907879373111812;0.26367036605790006;0.257922609762756;-0.055454516763669026;0.17487007911965335;0.39310657404855476;-0.042436200320023855;0.13524384610158463;0.3314401447408346;-0.04079251367372523;0.5241652862539136;0.7026804622352858;-0.19195256379104034;0.22605357409330273;0.5920775814407785;-0.08576091126465767;0.1140450769743418;0.3227878889680642;-0.028289149200888097;0.07507573189884767;0.2510119444223069;-0.00927841187758236;0.3392269432608111;0.9179802607181436;-0.2055172058436364;0.22351632782627318;0.6669899678746186;-0.08485077876972205;0.1323164846493138;0.38185946473411997;-0.031093909772414663;0.09512923751644979;0.2785647041523537;-0.017011195029327922;0.16493794771592157;1.0438520357105618;-0.21767421948820798;0.18689259468863673;0.6497020698594316;-0.08273573430807514;0.1341843123311336;0.3561259143942376;-0.03998686064332933;0.11295760978892434;0.2521349510315553;-0.020382362396530664;0.003587204966377159;1.0969218363360924;-0.2278487161911354;0.09893555970425336;0.5210623815719145;-0.0730625521097632;0.10001705393308434;0.2975298829633404;-0.030747078287206915;0.10818148434892348;0.22815911387999574;-0.012492917106439124;39.60640598482466;21.677031536667172;1.9746479731527369;16.254072374239755;3.307319666435068;3.888363652401348;5.273878997183688;2.545663263937591;1.1217757577472567;8.388487590338714;4.671733171480802;3.90183939494265;11.110682154357153;8.093906414523536;7.310320650587379;48.19434423843093;16.079479118951244;11.066741323745891;8.60957634617992;0.9948925092252116;-0.38402560611574693;0.013039347274468108;-0.20098610352660073;-0.33195160206029134;0.36316775551107044;-0.1689202536203205;-0.23380873912789202;0.5054469708415883;-0.0980262489568149;-0.15853649084765575;0.4171686976222609;-0.08630827238374444;-0.35589043612247084;0.4888771797661649;-0.6900001125063903;-0.3913015982318855;0.7761427019692438;-0.16657788640873;-0.23844616337279279;0.3162996285471547;0.012478365910209826;-0.16095518539897824;0.15928426381163815;0.04243394786378095;-0.1195590740126147;0.7755089632336302;-0.6199124742780598;-0.4457543264905703;0.8825907387002645;-0.1804742883717862;-0.29692038573646967;0.3157765469065773;0.03301654383636868;-0.20464635408188384;0.0983793523686009;0.044909802597667275;0.026682803781089698;1.044261561911278;-0.5290583522686317;-0.3954423303422209;0.8177046354017086;-0.12235994620334086;-0.2915026291995047;0.22063323010612576;0.013606734290225821;-0.20538159127967537;0.04693293647377918;0.020095847051579487;0.09243025621256458;1.2529619354711479;-0.4416246239714103;-0.3087060747999742;0.6322641701187746;-0.09245870229095979;-0.2265463529320157;0.15900976980829323;-0.01685924246773673;-0.17357664489539476;0.03450575905780275;0.0011198870619039236;42.55719345008928;19.238024562743128;4.064738344636481;38.70671223924291;16.254085137486292;12.055929660173636;32.29433362906072;22.003635343908126;21.968158711054855;32.203170893059465;28.72903871482695;24.418572857702415;31.650009749182473;29.04682465132346;24.116622316403472;44.917848280628135;22.20730513100571;14.308695098853049;7.909715472788905
0.9820131312796212;0.36848815935637425;0.0247925090497989;-0.058580166664298744;0.2648090490261782;0.25884075347128915;-0.05602191133192388;0.1757769368445117;0.39525040387289945;-0.04312051215466297;0.13644312842331557;0.33342048784076944;-0.04147362143743459;0.5268578376338322;0.6997442111993032;-0.1938619477609183;0.227696143030487;0.598741623666559;-0.08644363188295626;0.11439091211351231;0.3260905039258575;-0.028022219288778905;0.07501217346706167;0.253154281572301;-0.008901109915539957;0.34075471068575774;0.9168502557430545;-0.20801883493895718;0.22558204702200174;0.6749641260367103;-0.08551518225444873;0.1331345858984656;0.38615037849677875;-0.03086154242500825;0.09556707269158898;0.2818594190806211;-0.016766841044980222;0.16494245811837777;1.0449132320247034;-0.22059837898308068;0.18822433866764754;0.6570110302966137;-0.08309759128462345;0.1348175315721802;0.35810755695607055;-0.03978660789021778;0.11343031907527673;0.253442513651891;-0.020216731475479786;0.0020001570909271597;1.100246006844116;-0.2310881849789656;0.09954328467703584;0.5253186118494758;-0.07338212424408216;0.10068205452960412;0.29988353352377417;-0.03072845747448929;0.10927152612216219;0.22982216515021314;-0.012424904215212376;40.001739200743984;21.700316571569168;1.9210471524732127;16.606701675929816;3.390547145066521;3.9081335221504494;5.486891346274335;2.588042276685435;1.1347761636143772;8.448862510200074;4.720692514233507;3.894141833359988;11.221635278173409;8.098857366506623;7.38396633727176;48.371911647583346;16.21617879939997;11.174129888410382;8.678134873247954;0.995103566972246;-0.38490331055769683;0.007804534271706968;-0.19921406137761657;-0.33126819769534227;0.3523258053000207;-0.16548650100776738;-0.22840122809274255;0.5028421082182065;-0.09497151155464012;-0.15281419843346236;0.41584219683083834;-0.08204156308865737;-0.35740340151862926;0.5016019608244635;-0.675591664297973;-0.3857319385591295;0.7693025667458621;-0.15758693649165972;-0.23585371936543711;0.3136215394613564;0.01943776424893453;-0.15765981237458898;0.15738859164771143;0.04697866440051696;-0.12209806350362523;0.7880929034186012;-0.6033254830271171;-0.4448233468461341;0.8649772451474754;-0.1729084540301786;-0.29299452046570235;0.2883470265653318;0.038868217525427906;-0.19875841255515345;0.07135601864366817;0.05025433036962122;0.020727498976072553;1.0519318475476689;-0.5104525190732776;-0.395197999357597;0.8017227480532985;-0.11453998542375188;-0.2867713070413268;0.19543241030209302;0.020424019588516088;-0.20030599103532334;0.02149934784581655;0.0249428223188394;0.08465400471036291;1.2529035806621138;-0.4213171306653871;-0.3126707202869607;0.6079489388289062;-0.08698782858543;-0.22504765502409035;0.14654138876403128;-0.013288407056180718;-0.17114966041846302;0.027066902353255214;0.004507541429725902;42.54954591116825;20.358008871939948;4.248733612154102;38.0079932141966;16.734163252899748;12.114973110812583;31.722464811099226;23.872343386325046;25.705683965232904;32.00572421101472;31.299791347631782;28.265949832329184;32.2635417094316;29.91557727222415;24.461290670719556;45.841384236926714;22.180772061614796;14.04623476038607;7.758135608144942
0.9819009851065486;0.36680222127801315;0.022584590521858957;-0.05858504175108604;0.2644301591052509;0.26045334481789306;-0.05541557126515192;0.17569581463425782;0.39376624501522856;-0.04246461548592392;0.13562414159857072;0.33301410159714645;-0.04096201801287222;0.5267709011659893;0.6996339293648046;-0.19319723750966403;0.22666573025187636;0.593476206120981;-0.08615515487310178;0.1144753937199662;0.3242045659722847;-0.028425978839195596;0.07542502938175524;0.2524046929645549;-0.009495944524547033;0.3412192980986452;0.9168374649050288;-0.20731245392302927;0.22351554905518878;0.6684704392129873;-0.08506945167428046;0.13280642053994288;0.3836637011631296;-0.03133610905462376;0.09608898155797842;0.28047419102990934;-0.017301809006938368;0.1660782366507583;1.0435516999619943;-0.2198560682608435;0.18659269904545717;0.6501679969342344;-0.0832030193638464;0.13476284963250768;0.35662481076064767;-0.040559952171686925;0.11366829014682762;0.2529919007789153;-0.02085284864679438;0.004189817589830799;1.0970528242423732;-0.2302746570353944;0.09833876628573579;0.5210300396607618;-0.0741038345424152;0.10054772158229952;0.29832878452695966;-0.03158279094004624;0.10906107281601207;0.22874431485251018;-0.013055516725336915;40.54471686769501;21.41452032853631;2.0700927645998477;16.507320732597904;3.3277149483827624;3.867132046926945;5.426124312784366;2.540737445181883;1.0889085915455272;8.35107450736366;4.7509982564920605;3.9047899815015286;11.023096003116917;8.189024623369553;7.387717023763116;48.684196600282064;16.193366685021196;11.12964822974556;8.637441411426343;0.9958931175145904;-0.38137637991751966;0.01204650954493938;-0.1892395221564468;-0.3229550937348327;0.35430483066538226;-0.15004379711619364;-0.21812830045812748;0.49600082634179476;-0.08254815466960576;-0.14413517806967982;0.41237228719496444;-0.06828730439545236;-0.3466804901505742;0.5476923842671342;-0.6204767368729999;-0.37454065491181215;0.7585754484709532;-0.1401623256127623;-0.2248785846508476;0.29730220693435905;0.024173812242271754;-0.15370084586967683;0.15259888371304903;0.04839497426566567;-0.1160965967694411;0.82821682212268;-0.5482503769005205;-0.4393736467130303;0.8336028951944442;-0.15518850811388699;-0.275849176330001;0.25076797684807983;0.04530281067026093;-0.18547193787955193;0.04915306231265881;0.05590822077726468;0.021229252757441676;1.0747538183456566;-0.45748517936324834;-0.4004462178941688;0.7568107353336623;-0.09823684596808761;-0.26881079799792085;0.1611162316418801;0.031130619947261618;-0.18486722895026847;0.004965428940659048;0.032784315847726946;0.08238787823499946;1.2523558279825504;-0.37131985858998406;-0.3152830989324772;0.5645848842493972;-0.0717020807593647;-0.21700431935343628;0.12474316379414152;-0.0029627247356044445;-0.16244141272316584;0.019040506132884178;0.012095380843569103;43.25332800453724;20.09690623700111;4.425990725518907;34.74321042517531;16.98442249836964;11.963824399149134;30.067011859626497;25.682005316740245;28.398644664308154;32.43098044818887;33.43075845327699;29.436131017020735;33.78984594681311;31.368384888914473;23.701918560828442;47.89748560237516;21.64410812787482;12.965031163061846;7.02312848782361
0.981788838933476;0.3651315099632621;0.020396935899586417;-0.05858983074822869;0.2640545628401335;0.26205094077921465;-0.05481476138250339;0.17561531364173733;0.39229544055599824;-0.041814713313416;0.13481258156825268;0.3326112132017343;-0.04045508480414423;0.5266843917564483;0.6995241671209887;-0.19253849641737375;0.2256446220258598;0.5882587331784352;-0.08586926678455378;0.11455901863573142;0.32233572182831494;-0.028826009795081972;0.07583404000961144;0.25166181137665916;-0.010085308854660186;0.3416793776414092;0.9168241450355193;-0.206612414860454;0.2214678743515911;0.6620359258182501;-0.08462775516215493;0.13248117574545673;0.38119959352929206;-0.03180629467138527;0.09660602890987927;0.2791014885825861;-0.017831851063487645;0.16720346589451573;1.0422019377632132;-0.21912042066269363;0.1849759145294157;0.6433873586707001;-0.083307420410069;0.13470857491972535;0.3551554321789053;-0.041326164649803994;0.11390399528915797;0.2525452484060898;-0.02148310834859706;0.006359363003681822;1.0938881975706944;-0.22946843900254615;0.09714524210581965;0.516780490792407;-0.07481886364410276;0.10041455158708137;0.29678810560075597;-0.032429255043262044;0.10885247562761965;0.22767620335742486;-0.013680327824866712;41.085418889163485;21.1318305446145;2.220960806712629;16.40753361036665;3.2653176511332265;3.827243570737358;5.36563361558129;2.4957571654511588;1.0537196902939236;8.25398638774036;4.78192192704;3.91533024440062;10.824954821779531;8.280181153583225;7.391491592331638;48.996913935009516;16.170756362323274;11.085419999810163;8.596670293812581;0.9966826680569348;-0.3766277936042679;0.01584971525616245;-0.17941482391879285;-0.3140971035852486;0.35466580095280753;-0.13541246659245373;-0.20791554553468516;0.48777794078251785;-0.07093220591519338;-0.1356697344600767;0.40754984186000687;-0.05552060073074158;-0.3355380441140932;0.5873259708260056;-0.5679131753591861;-0.3628599633320038;0.7457596125038104;-0.12377132684456081;-0.21400081099111615;0.28127793585544403;0.02837651675625551;-0.14948279535370265;0.14763092372931802;0.04948492734103628;-0.11017622590646987;0.8612952962570577;-0.49601573754314876;-0.43264395467278044;0.8017336935418802;-0.13846841582464345;-0.2591617815789227;0.2156268933843145;0.0509622788357066;-0.17265502284734333;0.02879185969386603;0.060815763885676784;0.021598832818051004;1.0911215032575279;-0.4075324580632354;-0.4035888343159013;0.7129595787643624;-0.08303416840524391;-0.25141170103420457;0.12930147549501023;0.040726839644342504;-0.1700983250335328;-0.010068748678546156;0.03977209844118654;0.07999611376705326;1.2467821440083113;-0.32441344509132847;-0.3163773721617724;0.5229185567284936;-0.05753082754072497;-0.2088207587558573;0.10444309196198963;0.006425786054222027;-0.1538752262258455;0.011674751820498066;0.01893668654998563;43.90254194632024;19.864188568483115;4.641050933498778;31.70983262163859;17.275670216690823;11.78281385556137;28.880279160004598;27.794490486164296;31.18304045816124;33.16180935744384;36.005939158662734;30.455945197470847;35.471439862596654;32.95670278465026;22.81503743850652;49.8856340530262;21.00468690180335;11.987425619224636;6.395355731078098
0.9816317551620714;0.3635257649432539;0.019474800521516556;-0.05876430376072389;0.2635968886098399;0.26293873690605946;-0.05450480946492515;0.17565230974420054;0.3908681280436743;-0.041468910839470206;0.1340748935564849;0.33256432052212503;-0.04021479383388947;0.5263876621177124;0.6998658049813198;-0.1917682503102691;0.22471352434658662;0.5836031844841263;-0.08570542736773125;0.11452327850581957;0.320819304548724;-0.029258191440413507;0.07602490428134996;0.2510535115872772;-0.010620276644292506;0.3418487494891605;0.9169465410265171;-0.20578744707149438;0.21959792392650435;0.6570699176985879;-0.08429148744723976;0.13210291621408599;0.37926888147265997;-0.0322292544766821;0.09694116003340525;0.2779493327604444;-0.018261856777519677;0.16774943440417048;1.0410645588455374;-0.21829410415704845;0.1834807382045312;0.6384587450082184;-0.08335885904574719;0.13457911900426606;0.35412305608936145;-0.04185972821701274;0.11410993090858326;0.2523758406544195;-0.02193521027874539;0.007521147393039253;1.0911598821946618;-0.22863913770913877;0.09624754726699984;0.5134118481662332;-0.0752699570311681;0.100166592058414;0.29560780433225875;-0.03292520375490405;0.10860110215637765;0.22712694378873155;-0.014057097498035517;41.360448493930136;20.905200293894268;2.393820665125299;16.28563051938859;3.2175093460304236;3.8085614062970996;5.305574650682878;2.456791750139371;1.0384327981597112;8.165914827751978;4.816986614906996;3.9301589835305855;10.700892464406776;8.328019892109197;7.375943380180551;49.14417481426757;16.138790907574155;11.055167959629808;8.575383902422715;0.997307086629016;-0.36975852920729096;0.045496976642331335;-0.16965607522369866;-0.2971030384069456;0.3651299276544903;-0.11809384535772738;-0.19034372911213168;0.48048439202501103;-0.057907086995680875;-0.12269284551384654;0.399907739150866;-0.042503874684921575;-0.31843179439684494;0.6420401672576256;-0.49831649179904886;-0.3294351492837286;0.7087280882836805;-0.10638251136641891;-0.19503219417688578;0.27312049719795856;0.02526820766948438;-0.14073267132673703;0.1547444373538503;0.04392972363232044;-0.10223783998295836;0.8986863163654967;-0.42650947100039116;-0.3987409977834004;0.7446844433289933;-0.11723212821080928;-0.234026282333188;0.20114775420493716;0.04810670562217233;-0.15644994647608543;0.032760213310791084;0.05712542511691223;0.023101887676591902;1.1038467461517616;-0.34107658830814014;-0.37817142082420874;0.6518439185543478;-0.06675174664382105;-0.2262593923577338;0.11953678970436439;0.0424918651044397;-0.1530173861182739;-0.005354540286135486;0.040402297167600305;0.0796920943144583;1.2333645539797249;-0.2620426883806719;-0.2967040666945928;0.47941204430531154;-0.04402939976316667;-0.1917874129394481;0.0985645473206652;0.012132235010556611;-0.1405218228828235;0.015953488853822664;0.022620721020276756;42.48764221224694;18.86693030229036;4.567439010266825;27.093265707537938;16.037875534939865;10.086449916315283;26.979065343788623;26.92965094925747;29.914710549057077;32.95665668751939;35.055859843189324;29.64898543414235;35.84177463889025;31.959763045784875;21.4121906748775;49.619544319188634;19.644093677533302;10.794782845451753;5.730945909113464
0.9813221004703154;0.362096794719029;0.022784362580434626;-0.05951397579934387;0.2628513942570501;0.261462874192365;-0.055164909496240803;0.17608548130767587;0.389550042454292;-0.04213674871876548;0.13356645335457742;0.33371352545621485;-0.04086493086359233;0.5253765180370756;0.7017346842610914;-0.19060303855660538;0.2240609466613593;0.5807161726955148;-0.08594778751063246;0.11408525768462097;0.320448653830342;-0.02980977600398502;0.07548719288463504;0.2508820489827944;-0.010986274376701912;0.34104510471717675;0.917528973306058;-0.20452095171981993;0.21827697366776724;0.6569130714864778;-0.08430103188477217;0.13153657745965414;0.379081728966612;-0.0325044478615745;0.09667332423041636;0.27750892998539606;-0.018366679648008033;0.16636176427112248;1.0406122440644154;-0.21714144132643542;0.18235560860181915;0.6396299726108943;-0.08323357640564567;0.13419353141407542;0.35453350050244414;-0.04162486672629243;0.11422118352777877;0.25313446857843275;-0.021799997721742508;0.00532429665364359;1.0898281993125065;-0.22771069695197177;0.0963213152082467;0.5129179537258558;-0.0748452787036361;0.09952619696337829;0.2956087599537445;-0.03225537614867845;0.10819937715617464;0.228308287457113;-0.013609576783862782;40.73870480597427;20.859840503107527;2.639509567986087;16.090310855787692;3.2199567553044863;3.8586214985336196;5.246858828497468;2.4313046171341854;1.0572267037928973;8.106493848137347;4.864276974309313;3.959891450307339;10.827089278605584;8.226842194320522;7.295512659623019;48.7272095564838;16.074648467166227;11.071681974663594;8.62056315072973;0.99737085359492;-0.35515251570066175;0.14961963725272323;-0.1583701868203471;-0.2548115894455948;0.4035724872470133;-0.09089668176999859;-0.14983946894731948;0.4734502983583579;-0.03921952532307328;-0.09536405024287493;0.382428356730214;-0.027049561982301257;-0.2819118026860892;0.7431343050742136;-0.3718533434577071;-0.23123437656404536;0.5986025591430854;-0.0837743387245218;-0.15093542960257159;0.28473875885246236;0.001643319091624201;-0.11805165780408428;0.19544628934672562;0.019324596112413602;-0.08747684866072353;0.9500147327827292;-0.2996995302701498;-0.2849108881808602;0.6092861684654629;-0.08061229094002975;-0.18189868518432378;0.2409573723126948;0.02139798389157671;-0.12847331404295412;0.10387044483252446;0.029224328555888596;0.027836228036012135;1.1050114790396244;-0.22005179923092502;-0.2701443010772549;0.533849264997292;-0.0452773116895991;-0.1760413036032139;0.1686928080315599;0.02287430020218791;-0.12701698757309227;0.05413745271532145;0.02355607149240583;0.08484862739835089;1.1932166453673234;-0.1486905413856631;-0.2167493353562466;0.4240362821540292;-0.03054856935766273;-0.14779568701295184;0.13122743671907378;0.008418175066761539;-0.11196181479706163;0.052664509036601755;0.018040509855765868;35.27119165564654;15.85778936463959;3.5987411705951615;17.637943509481776;10.287209897953474;5.559486290600839;22.04115579724398;16.178507817929617;15.114749975835773;28.844316004393242;21.645142872423886;20.959472368818133;31.18389294388381;22.170956555478735;17.34917460997231;42.350779034432755;16.330434119568096;8.962659134908895;4.912008862706096
0.9810124457785596;0.36067020376250736;0.026086191613909872;-0.060261755941165285;0.26210695038396675;0.25998975912506966;-0.055823336552027605;0.17651719411395556;0.38823400818070963;-0.042802929293700324;0.1330588475153001;0.33485920459536406;-0.041513454915206895;0.5243663630899713;0.7035974194334721;-0.18944003693367611;0.2234093040825244;0.5778343570370102;-0.08618936391428982;0.11364795820013938;0.32007803579535815;-0.030360004636974924;0.0749505335742279;0.2507103366703721;-0.011351395085029824;0.34024244351820404;0.9181076877346851;-0.2032568654467339;0.2169585232664114;0.656754894079537;-0.08431033668681306;0.1309712125607453;0.3788940323685122;-0.03277891926155339;0.09640586006197303;0.2770688324235029;-0.018471212066775253;0.16497688265167165;1.0401582932472;-0.2159908910566932;0.18123261746608207;0.6407968340620497;-0.08310836952231851;0.13380849169694847;0.3549420784472992;-0.0413904424386737;0.11433188347319634;0.2538906842814677;-0.02166504245090051;0.003132526252771916;1.0884967924989644;-0.22678382155810695;0.09639466357866479;0.5124238811604152;-0.07442139201658929;0.09888703003580254;0.29560895066379755;-0.031587018522654296;0.10779830451570518;0.22948630276139326;-0.013163058670567052;40.11436911458954;20.814722300176843;2.888047949054166;15.895703447813874;3.2257408371568;3.9088198502744227;5.189298506206836;2.4065262522766444;1.077886729887579;8.047449818507326;4.911293202060437;3.98964962368553;10.953432970740094;8.127219153671732;7.216360411139657;48.30828154094212;16.01080718871859;11.088312263312993;8.665883103023894;0.997434620560824;-0.33840055022645754;0.23186481224554434;-0.14703510396058522;-0.21703083398962697;0.4291084598607689;-0.06761195788777316;-0.11496134200197045;0.4611900508679845;-0.023542416183869024;-0.07191079364184945;0.3629713542910847;-0.014159494398588992;-0.24842910752984732;0.8146983951213792;-0.26428686545700786;-0.14850459698305676;0.5011227620752187;-0.0643045683150131;-0.11313286393368152;0.2901996852480514;-0.017511123249554637;-0.09804767530143821;0.22569734493429167;-0.0008687883764611735;-0.07431046817830131;0.9784098539256731;-0.19285256560456873;-0.1887801455545556;0.491192143022134;-0.04983958043503686;-0.13716339673378697;0.26985491732165007;-0.0005276568662853089;-0.1040364019568328;0.16001611346639807;0.0062245859551759136;0.03128421702907779;1.0906346793375812;-0.11899395100355403;-0.17891760048673977;0.4308947236565329;-0.027259380220624515;-0.13293356062724637;0.20616104128591559;0.006670677772319304;-0.10420063914501189;0.10156406559869038;0.009587253733041324;0.08784808533850764;1.1441615891876784;-0.05483543261758284;-0.148996195739422;0.3733135741946727;-0.019208135825822155;-0.11012171240597272;0.15585880190280882;0.005293783459618636;-0.0872813969689219;0.08166329481659378;0.014081295561375952;30.205105087529894;13.77606516289631;2.861528907160777;10.234245247741226;6.09716750244849;3.722074014672284;17.45805654042598;7.946452327535514;6.396015572870635;24.275753389028104;11.37096789252781;13.093380107039946;26.118027346073124;14.158062803821556;12.708297442928897;36.63980113732947;13.66857154717626;7.67861071453232;4.434884904040861
0.9809446862560316;0.35977845682855397;0.02864271816949542;-0.060405633637482296;0.26168261580602653;0.2588521782805051;-0.056088326070515546;0.17666348025421824;0.38712377096225553;-0.04316720810434292;0.13295006921945215;0.3351398597224092;-0.041830800229328995;0.523612699671234;0.7050574146190093;-0.18810892807650462;0.22290286564596218;0.5765317721301102;-0.08622326617388171;0.11336473065020831;0.3198925535491552;-0.030637422685259492;0.07464743767012941;0.25048891778287347;-0.011511592867348664;0.33963821364641084;0.9186126803114576;-0.20198175017083866;0.21613523298756565;0.6567936813383419;-0.08422525145089639;0.13058442626429972;0.3789399237567204;-0.03293203992075932;0.09619892443810266;0.27698400325927874;-0.018503148751633995;0.1640725141866862;1.0401097930306933;-0.21490415542222643;0.18061412790173526;0.6415910212565553;-0.08292139048266761;0.133408439099086;0.3552964500221877;-0.0412011538714766;0.11423700941667957;0.2542853368163434;-0.021531367761723045;0.0017994081758427327;1.0881991690238428;-0.22594239905682828;0.09641757248938337;0.5122678338980182;-0.0740498061472009;0.09850203977810729;0.2956831431465462;-0.03111215419414119;0.10760933974471229;0.23007575371008782;-0.012823096863701762;39.620615500492704;20.811845743498836;2.9904864223325456;15.776226845940142;3.216771755471657;3.928390972403976;5.133917183241312;2.384334913354645;1.0949874126769268;8.01229960188422;4.907709352188917;4.011960375659694;11.024478259392952;8.068882006715752;7.193874990796318;47.99455023388457;15.963509968867193;11.095346103457171;8.689181797896964;0.9961068114668408;-0.31971710450812163;0.27274251677250844;-0.1340878647435803;-0.1878751165313092;0.43136007744044147;-0.05168237144002688;-0.09306130731960338;0.44209647378734784;-0.013184773731179834;-0.05809794555990788;0.34284209306176255;-0.004395207286391388;-0.2172288762163963;0.8629607640738887;-0.19477004632415518;-0.09704682463739173;0.4407194672714138;-0.04497428768810386;-0.0925460727379727;0.25988562921383285;-0.020227100130044154;-0.08209944619437276;0.20956101993249487;-0.006658070892282543;-0.05762498967203803;0.9905191528293855;-0.12470432407680893;-0.13235081886360936;0.4164017311300657;-0.025323035792206162;-0.11186256614353658;0.25280379481554255;-0.007842664956249275;-0.08600982068366789;0.16345515765326285;-0.00378951980154154;0.040440068313279974;1.0648933639485536;-0.05434686416058203;-0.12690102463388803;0.3616059794835579;-0.010397015497752517;-0.10763332208787821;0.20186270540431742;0.0008613566270207178;-0.08678390239327886;0.10604902260762417;0.0025280572496119273;0.09541543676416941;1.0870675329611807;0.006100958800911185;-0.10940602710911844;0.3319871151051801;-0.00701572258399802;-0.08783952427976544;0.15240892633541522;0.00624870008437073;-0.07047636066737048;0.08069877328520442;0.01267681695069392;27.82863851347116;12.493173279972162;2.4586257034754375;6.8653693875102135;7.310709844853391;3.0740695554345194;14.750603041424394;6.455875734113132;3.9092436838524365;21.538899538086877;8.905379049348358;11.258857362449024;23.3009324624163;12.140202368895189;12.095037215824426;34.55797370411896;11.83408851093855;6.932730946726578;4.3085170131259085
0.981364200317596;0.35995969694086266;0.029711167442838568;-0.059335807365457904;0.2619010743174084;0.2583854195628067;-0.05556336499096371;0.17623690785269838;0.38642395389932527;-0.04292599687584271;0.1336433158910923;0.33368309349609243;-0.041483577002490925;0.5233733176674067;0.7057157448744192;-0.18643475504828025;0.22268701076026934;0.5784014598875421;-0.08583992768152177;0.1133905170437125;0.3200796008545742;-0.030367453359539193;0.07481301663819787;0.25016737974145664;-0.011260381210275389;0.33943156107701195;0.9189743500222566;-0.20067974323781076;0.216304967091684;0.6572307609278134;-0.08395024421912292;0.13055555845187822;0.37945693480373477;-0.03284185712475332;0.09611314651166933;0.27761414160118286;-0.018389280638774343;0.1641312147958574;1.0408796792493267;-0.21394187166953066;0.1810081963125411;0.6416410281813367;-0.08260965621940161;0.13297693172545957;0.3555443834024178;-0.041101971579370025;0.11372866573916349;0.25395529222899577;-0.02139977558619024;0.0021875322123118854;1.0899826605543443;-0.22527000442007047;0.09633943633783439;0.5127925027925168;-0.07378207471144647;0.09862691002473353;0.29590737818636753;-0.031024528601366112;0.1078464798969372;0.22948473196398655;-0.012696045155882255;39.39406546646223;20.893889605702498;2.7947066183627896;15.806737721587698;3.1734880864867963;3.886382548983635;5.080900830947394;2.366316209563414;1.1024450719791299;8.024832666967246;4.802658315802548;4.0190841659527115;10.983950158432986;8.09104393067268;7.283831230470601;47.89574572504534;15.949053499057616;11.082857977863798;8.667918596246965;0.9919758118155496;-0.29945865306307384;0.2623322095548449;-0.11843798822889032;-0.1693701869120055;0.40513524792055;-0.044818623973499526;-0.08820861730698368;0.41572096815900106;-0.009243315956603099;-0.05720199315307643;0.32309777477648827;0.0022522812683332277;-0.18727193498656225;0.8962514860404586;-0.17328331876931855;-0.08513457418328318;0.4317786237233838;-0.023278632215685182;-0.09554589216657286;0.17470414323686095;0.0008832385859794133;-0.07070407903384934;0.12435569414171396;0.00801943293534338;-0.03372022463589874;0.9939195335499689;-0.10481844913142276;-0.12772173602013737;0.39966471921519514;-0.006450582334701776;-0.11294933938045196;0.16778232966457335;0.0053493680722806036;-0.07576351104670984;0.09098527438419944;0.0038863071001386347;0.06018911187281703;1.0325659115020913;-0.03415574945741596;-0.1266046406448329;0.3361305982223461;0.007380890610961895;-0.10623259348528621;0.13724606995625271;0.009629753362875517;-0.07574914824831416;0.04859378950443183;0.0046583060930703146;0.11236672186310659;1.0234820141677032;0.028015390637919354;-0.10684722522233049;0.3024346765078914;0.008366090298316671;-0.08607494134403422;0.10854173815833579;0.013540143786504064;-0.06362800545723184;0.03593046668852043;0.01503049371581907;27.711595057520753;11.625875737092226;2.5395536564094563;7.7157616085643035;17.817562630927156;3.102309749760416;16.561704477709476;16.400105888878077;5.8449739600739505;24.167338461056495;17.20508332148585;19.551279156431868;25.71394889151803;19.35326804640298;22.68792600710421;36.354763766770006;10.824587470526057;6.6890262016197735;4.52550544388085
0.9817837143791605;0.36014034107692683;0.030780015806188384;-0.05826541490629621;0.2621191360520524;0.2579179790680192;-0.055038076630075566;0.1758098243857906;0.3857231164655821;-0.04268460273847821;0.13433660765078062;0.33222508342261464;-0.04113612845366775;0.523132855132506;0.7063730356275191;-0.1847595210051115;0.2224706476157103;0.5802708616689933;-0.08545626555630977;0.11341610237807828;0.32026612922762904;-0.030097312371317214;0.07497852616885271;0.249845237084526;-0.01100904160127866;0.3392241858609414;0.9193344552177803;-0.19937680701728672;0.21647436894711575;0.6576667975314535;-0.08367496298529827;0.1305264342264575;0.379973456293731;-0.032751574542249806;0.09602715236052078;0.278244028962527;-0.018275329686053752;0.16418963347027007;1.0416479467035535;-0.21297877838952003;0.18140209393595713;0.6416898565643493;-0.08229763483275587;0.1325449920794325;0.35579175744209773;-0.041002670225494926;0.11321989308659991;0.2536246323233079;-0.021268087399433238;0.002575817313212615;1.0917648728119431;-0.22459690242716004;0.09626108679016084;0.5133164360610246;-0.07351409138336233;0.09875164898132913;0.29613115531823975;-0.030936807708504252;0.1080835192924348;0.228893029606386;-0.012568915644230225;39.1674237848673;20.976302530735587;2.5983621360960156;15.83705304869198;3.1317390192448684;3.844900331284991;5.0278321925771;2.3485751289726196;1.1106164418165723;8.037637365919833;4.697611602239851;4.025993543799486;10.94351079652135;8.113244922828866;7.374384242266153;47.79675447092293;15.934626501906607;11.070373330668527;8.646702137648758;0.9878448121642588;-0.2821657600836873;0.25336348812904375;-0.10516475619507436;-0.1536532146549999;0.3827360990739206;-0.039002639522650435;-0.08405378436006655;0.39318685390660285;-0.005916051359687895;-0.05640382033760789;0.30622003450586244;0.007850352341538698;-0.1618943050366565;0.9236147881367468;-0.15505153721751705;-0.07503516865363856;0.4239191110943373;-0.004984743922581078;-0.09800036760830194;0.10281542422070544;0.01866571653430222;-0.06105104753304128;0.05248512011933927;0.020377533748998006;-0.013557475602194492;0.9960293412926264;-0.08798719304235414;-0.12372526700299087;0.38526217121897594;0.009452290613281168;-0.1137790692114337;0.0960336661075825;0.01645814967927934;-0.06707459326449254;0.02986825274907054;0.010349399970280953;0.07677981931294735;1.0045495898492038;-0.017121013468238005;-0.12625884409707458;0.31441516974301564;0.02235122563613916;-0.10497197516350797;0.08270942574765516;0.017008855916527708;-0.06639606321651992;0.00015715240771461983;0.006449270605188114;0.12656100795564118;0.9691410917351336;0.046454628699821546;-0.10461059031677972;0.27731035757925504;0.021317231158825268;-0.08452312043665221;0.07150602495522873;0.01967210615949733;-0.05781070613706392;-0.0018092094646983668;0.017001796625226318;27.636446233188288;10.799123822418476;2.808697058132567;8.726248825940381;34.475954003904384;8.73428117614179;18.16597476076747;32.33105989045118;16.126020292360906;26.660154958768896;29.942566451457015;37.89002400675915;28.091156947420817;29.46882146461426;41.317479276474714;37.685497797865196;10.070869591117592;6.560741670286243;4.802899940347275
0.9820472913678858;0.3602749514203165;0.031094311937644954;-0.057551108671740285;0.26224306034815487;0.2580146095574885;-0.05460444051437981;0.17541265550506926;0.38538340998743376;-0.042382303664235135;0.13486630556322096;0.3309225949102826;-0.040806091815204455;0.5227204919749179;0.7068941362467344;-0.18396966424310873;0.22232497511298632;0.5811139807515984;-0.08503640470792442;0.11338515215115763;0.3202032972228803;-0.029787476255869045;0.07504518931646091;0.24950573992520506;-0.010768687267257144;0.33895135758863193;0.91956423394111;-0.19878027277655874;0.21641860419245415;0.6580567240739899;-0.08337331896875946;0.13054901068976626;0.3798919196554995;-0.032592752725327294;0.09601814865015365;0.27814656756555245;-0.018133902388628446;0.16424461354152184;1.0420418465968069;-0.21250453304066746;0.1815724531179933;0.6420188460774306;-0.08196002118278883;0.13237658867829163;0.35566087870660323;-0.040948463447406186;0.11297065560207792;0.25305359436771024;-0.02122882699888652;0.0029998687359646522;1.0926159720558253;-0.2241998130252954;0.0960183759710118;0.513679751470913;-0.07323018190381993;0.09881748595316789;0.2960604601592846;-0.030890910811795628;0.10819145735572153;0.22823806981998504;-0.012528631017222205;39.126919641289554;21.006174486793512;2.42243576572072;15.836721185433506;3.1171987261090317;3.817771803587787;5.0196331345744065;2.3492708849260144;1.1150283361172908;8.04558693647762;4.670031430567787;4.039033202489728;10.894875584632187;8.15227065881679;7.437276947774124;47.80781476954537;15.915024686830044;11.052735384333136;8.625541265155212;0.9837138125129676;-0.26726390608506817;0.24557614713928644;-0.09378788335152582;-0.1401657658458504;0.36342455418121355;-0.03402147227572742;-0.08046451011594945;0.37375448075879736;-0.0030753704003853486;-0.05569221561569954;0.2916590226603441;0.012619988909238123;-0.14016388729539103;0.9464431780945396;-0.13941873374306174;-0.06638140785784269;0.41698413926488276;0.010618715059790998;-0.10003975272851406;0.0414535233731828;0.03382008152511233;-0.05278561707677831;-0.008833701994668057;0.03090514086211369;0.0036444188101197963;0.9972822518207943;-0.07358551769731717;-0.12024928402404553;0.37276860960745567;0.023008812934828596;-0.11442424393726157;0.03479492187033666;0.025922507752766;-0.05962803924798968;-0.02226771316289225;0.015855342132016618;0.09088598793840265;0.9801067629978716;-0.0025846822603459753;-0.12589470453338183;0.29572416267276364;0.03510542029977408;-0.1038393660864065;0.036156114590624115;0.023292303411828794;-0.058383490526677496;-0.04114889573503079;0.00797303820800539;0.1385962443369664;0.9222685020303556;0.0621538262766453;-0.10264584867207578;0.2557326563023661;0.03235005760061673;-0.08315339433115174;0.03988336272444625;0.024890552432972824;-0.052818101810949925;-0.03399198796603659;0.01867356601529695;27.597585609760674;10.01237485227223;3.189193896481698;9.751027574103478;59.547148266030725;31.786105025637752;19.600318917266712;55.310932884317204;36.42344988076922;29.013595969469947;47.430540638892325;53.89136514532227;30.41858678655629;42.50132961227868;55.99064908571816;38.67811307851764;9.496729780778224;6.511957566268794;5.122915981840704
0.9818911945420216;0.3602865966240182;0.029380707209194844;-0.057795833504662726;0.26211452333376994;0.25962703516179203;-0.05441856777799835;0.17509766232796498;0.3860161182786914;-0.0419174881613757;0.13495526586470472;0.33004307884025624;-0.040524009207665725;0.5218492917539505;0.7070499322576546;-0.18556133941517966;0.22237036262271914;0.5791992693164497;-0.08452090522021741;0.11320278056671722;0.31947179618718174;-0.029372085447627812;0.07484633812686968;0.24912148482382784;-0.01055864296020004;0.338504628843107;0.9194460536284945;-0.20008390919506253;0.2157588163113429;0.6583235984792352;-0.08300207721735944;0.13071081009358768;0.3782052337439379;-0.03225041816888754;0.09621629779716492;0.27609636859564024;-0.017919171259996033;0.1642906948850502;1.0414320661295609;-0.21334568377083316;0.181142333386275;0.6431014083121159;-0.08155498989638547;0.13291708844429012;0.3545154077469543;-0.04101569763559978;0.11341976986342239;0.25183942662960596;-0.02143805213633247;0.0035186592595977243;1.0909664751932246;-0.2245461587414005;0.09533520598461377;0.5136120390996401;-0.07290462295717703;0.09872519049261197;0.2951998588086311;-0.030957610992593424;0.10795257764693621;0.2274159792521474;-0.012721810310186356;39.58609596526827;20.894614618983496;2.3043190806743907;15.755289156216547;3.1725088959812267;3.828144868369953;5.132072628261098;2.405101189406623;1.1104354345643181;8.040973236179294;4.852219633573299;4.06970291119529;10.824615530010089;8.237000456279219;7.4243798388221265;48.11482006798051;15.881499732535532;11.021314560907157;8.604438472570461;0.9795828128616766;-0.25430944025626057;0.2387635471540677;-0.08394242748696475;-0.12848209171255134;0.3466297417982945;-0.029713662955529827;-0.07733776531970274;0.3568513223952146;-0.0006253104903143268;-0.05505620857760984;0.2789884952472698;0.0167265483009072;-0.12137434885808428;0.9657389219900471;-0.1258859557599892;-0.058894520618459914;0.4108368694138834;0.024065400001340824;-0.10175727101954471;-0.01146040257129124;0.046870222834934853;-0.045638999793080975;-0.061690114992682676;0.03996795901635715;0.01847186372003712;0.9979582173554199;-0.061140711997006575;-0.1172040809898138;0.361847464743086;0.034685912143337536;-0.11493405211108941;-0.01801013858618006;0.03407076931500334;-0.0531845631466401;-0.06720258612624752;0.020595323989242402;0.10300940619226956;0.9586386350943058;0.009947433549690889;-0.12552978370916193;0.279491718780783;0.04608596995945209;-0.10282092186999826;-0.0039898954443950635;0.028699521507769703;-0.05145258139017315;-0.07674016925818862;0.009283373852617204;0.14891507936773468;0.8814881963902844;0.0756621603249992;-0.10091054681740239;0.23702793780405898;0.04184781542292735;-0.08193892513504963;0.012606833090753436;0.029379036830527228;-0.04849281656806258;-0.061721431780513446;0.0201071508928937;27.58997670122017;9.265354757052615;3.624128071470457;10.733902504169807;87.04628665040624;42.1466090805406;20.89217606037212;79.87956366171323;41.31918418508217;31.228265945486594;66.65715917063962;53.768251276186284;32.68511286363078;57.04850460595936;57.91008452674783;39.42162751860155;9.051400455973578;6.518077478064596;5.472019836318781
0.9817350977161572;0.360297515862791;0.027672978360055268;-0.058039601211035526;0.2619859324367641;0.26123338512249206;-0.05423323489354395;0.174783426302612;0.38664590177532043;-0.04145420188585267;0.13504366139169813;0.32916597919406476;-0.04024282593341474;0.5209801141483056;0.7072038433947827;-0.18714715172599608;0.22241516983112666;0.5772900835606906;-0.0840070293292198;0.11302082484362834;0.3187422193262814;-0.028958076653704437;0.07464803283958887;0.24873808575721157;-0.010349305646005658;0.3380588022871154;0.9193265326284682;-0.20138265218612797;0.21510090173769636;0.6585882962331656;-0.08263196259230682;0.130871800661514;0.3765236666890364;-0.031909207258443505;0.0964135779262523;0.27405274113602335;-0.017705149340399157;0.1643363040557115;1.040822414542897;-0.21418351677014208;0.18071335782348796;0.6441789992895287;-0.08115120545568975;0.1334554642711359;0.3533732272645401;-0.041082621030618896;0.11386711362950636;0.25062898256921795;-0.021646512224288678;0.004035647248023795;1.0893206120128223;-0.22489087822222847;0.09465421942059334;0.5135435836761417;-0.07258005221810165;0.09863302663900518;0.29434167471626876;-0.031024021370066383;0.10771431939888548;0.2265963016322593;-0.012914296685460585;40.04296520483159;20.784345802740056;2.1895373296174476;15.67533624839106;3.2282193104692336;3.8387494862472815;5.244134647300009;2.4701625303677557;1.1103089542890459;8.038123499072167;5.036252574444113;4.1013615937829115;10.755369323897286;8.322514868229531;7.411536286593058;48.42077781092433;15.848089979114437;10.990043289263076;8.583363088866037;0.9754518132103857;-0.24295709529793633;0.23276141299842976;-0.07534797738829625;-0.11827418038894964;0.3319068285575903;-0.025955364353879275;-0.07459284270836496;0.3420309908917142;0.0015072465228859254;-0.0544858591801168;0.2678757350342384;0.020295511607163565;-0.10498414533887532;0.9822377311336667;-0.11406950254422842;-0.052360457413043;0.40536124913700117;0.03576113447050876;-0.10322100988160679;-0.05750959738497387;0.05821386891802449;-0.03940513220239063;-0.10767391627352224;0.04784341698365444;0.03137102611493705;0.9982417950618419;-0.05029092673840518;-0.11451795320855178;0.3522319466741173;0.0448382760586666;-0.11534265828535241;-0.06396258422889374;0.041152059985864804;-0.04756035786267218;-0.10629033263317268;0.02471439390219955;0.11352935266456818;0.9396615015532894;0.020851500108184436;-0.12517384954076577;0.2652787542448616;0.05562862323746896;-0.10190313962628;-0.038929042921655325;0.03339683391360691;-0.04540467631166618;-0.10769296776943309;0.010420966402127333;0.15785042115389258;0.8457266111106008;0.08739579439284104;-0.09936944363040767;0.22067623978936582;0.0501012413612645;-0.08085691257049393;-0.011136658987118686;0.03327653820470405;-0.04471357369891683;-0.08583641275523278;0.021348706067944458;27.609131562214113;8.558113635002737;4.07962151231887;11.655298244545328;107.02728156219813;37.1445354587554;22.062615655837824;98.33897041002332;36.02530612376205;33.307443483027356;82.77035569847024;46.77773092219508;34.881830020718596;70.57666728321459;52.79993783132172;39.97904014200575;8.700360439823998;6.562054881727365;5.839929517919062
0.9815586801969092;0.3603163860423315;0.02624667088353126;-0.05831880051123205;0.26172763396304094;0.2625341622800159;-0.054110400414770866;0.17441288857391898;0.3873383609045339;-0.04108498566571356;0.13509666464042538;0.3284720678261834;-0.04003739111931429;0.5200237282963036;0.7075252906035658;-0.18851196181971225;0.22233862109923638;0.5756570502194693;-0.0836068968922843;0.11289291008783038;0.31810752232462847;-0.02865650160224165;0.07450887546647998;0.2484241207986336;-0.010200615371790218;0.3374763675020748;0.9193039587026485;-0.20245970683383802;0.2144785115893405;0.6587661488215784;-0.08234761226630215;0.13098347021730625;0.3750746927926675;-0.03163072889759559;0.09651436064369412;0.27233670045273206;-0.017529966496496102;0.1641909538768961;1.0402721766592609;-0.21483841456903816;0.18028068523879134;0.645117388851393;-0.0808341385061813;0.13385247127178895;0.3523452517526893;-0.04110210599890981;0.1141629645554813;0.24956937561995293;-0.02178364587411642;0.00427215434384912;1.087805089250565;-0.22510563754846694;0.09415915116961318;0.5136654495421237;-0.07229167310332935;0.09851559951486932;0.29360374046576637;-0.031031478156457848;0.10744880311078756;0.22591681210081793;-0.013034539428984965;40.434973718956144;20.703944519923848;2.08238067820134;15.59861332839241;3.264970690968225;3.849226552923317;5.331624623080588;2.534027687630107;1.1117275491135126;8.037275881478118;5.195891273592545;4.1232357215784985;10.712618309452319;8.385906986747754;7.393389159575273;48.69387498929429;15.813874676475734;10.960500729154653;8.566503382229076;0.9715425252308972;-0.23399061741876528;0.2279998202376269;-0.0657790782863547;-0.11074654644362042;0.31874257412421314;-0.02170411897315336;-0.07182975366922809;0.32897127650168717;0.0036432488959918553;-0.053087854972002926;0.2571446504982348;0.02333465453564655;-0.0940824926563655;0.9955090369756325;-0.10001707188615293;-0.04512332617022752;0.4002349313451145;0.04529459846633273;-0.102731665579665;-0.09476851840691483;0.06664249926298384;-0.03407641207203142;-0.14511194034363514;0.05363022762770586;0.03974009335575372;0.998467449218332;-0.03851594256296442;-0.11044358773997356;0.34190464357850325;0.053692042307937074;-0.11395435424825022;-0.10135715961639662;0.04656233219140999;-0.042311469583557755;-0.13738283517249766;0.027695151144679478;0.12081975122387179;0.9241484468641286;0.031092907007980466;-0.12307601320779042;0.25032572161625277;0.06373995211998376;-0.09995587161236222;-0.067717359639175;0.03718879510793921;-0.040032905656691604;-0.1323868984396234;0.011282828072999932;0.164882041610781;0.8163190467748087;0.09683956577339133;-0.09702433879613709;0.20417331463107963;0.05712384734310157;-0.0792538390992932;-0.031448792342987475;0.03669900296445916;-0.04107525491588304;-0.10535363785548287;0.022564320997090787;27.432588176516873;8.078243421853424;4.505988991693528;12.172064287153242;118.84289359857546;31.88980674141296;22.791764990771405;109.74324773040806;30.874310003129608;35.04658657097243;93.61438267725711;40.21964642349352;36.95928046893549;81.05599357783873;46.287404542997315;40.260808839946804;8.422231583838695;6.608114625955793;6.161685234092555
0.9811574340591408;0.36042950590439754;0.027872999481757074;-0.05900039264985129;0.2600325025313307;0.2605157326865192;-0.054673535513315996;0.17340997557156237;0.38875462927899873;-0.04174071308858156;0.13476325829275287;0.3297790303379499;-0.0406608273057521;0.5180775349811285;0.7097189936552378;-0.18749204256364727;0.22092357247128208;0.5770196152869219;-0.08444833974241403;0.11335838975680784;0.3185012280417171;-0.029584853157993255;0.07501843099289328;0.24886863785662164;-0.01071578924007889;0.3353700344085918;0.9203651932005371;-0.20113391351464868;0.21422830396982356;0.6580028922504615;-0.08300038916209408;0.13055715051194197;0.37614428280641343;-0.03203461586944646;0.09555558003121063;0.27417586732510074;-0.017777113979478534;0.1619354890281514;1.0403737462622507;-0.2135025185580802;0.17979392093668825;0.6445651451075317;-0.08146346861533878;0.13270642952810602;0.3525447694913953;-0.04059947896192342;0.11279994038354495;0.2501386743149929;-0.021139146064757794;0.0014223577800563847;1.0876887123463457;-0.22389789485120165;0.09569875455953071;0.5159004236393222;-0.0723930530115674;0.09811657202631607;0.29416991846353424;-0.03038913582503696;0.10687427376983505;0.22676255976967896;-0.012362253953006523;40.13347115373247;20.940524166580047;2.019707582361626;15.542265489076485;3.09209782834052;3.8562396201856015;5.15154131329383;2.4960885796652406;1.0987069693884102;8.041719692289064;5.070629053255941;4.027991314408466;10.952527175812197;8.198602091458419;7.316438884998381;48.614893123583236;15.769564841927687;10.948561284543922;8.59601344265261;0.9700862602826922;-0.23703919287915942;0.2295095727153921;-0.03386400514173959;-0.11989268590107416;0.3039106397023949;-0.006918934914278975;-0.06530103315718692;0.3164004973198135;0.00867253446005383;-0.04169653505847228;0.23623926559881644;0.02521691818949078;-0.12315843250409593;0.9959885356217888;-0.04517434338759434;-0.02131482752606685;0.3923126965361565;0.046198990576915025;-0.08238077886765847;-0.09481517845378117;0.05753610641028748;-0.030650675881787253;-0.14807478168287072;0.04652440689725137;0.014445858163578535;0.9998938567981185;-0.001895341473630102;-0.08732824235745117;0.31122897280604644;0.06158193829829842;-0.09306805359673655;-0.10403406663257825;0.042706101485321356;-0.033832585794889646;-0.13096796390740437;0.023415957305669467;0.10601665922875958;0.9236099596743175;0.048494568438056884;-0.1010909381654182;0.20842873478019774;0.06859470745014296;-0.08535002903682212;-0.07409925084519921;0.037127767088566126;-0.03424536753059365;-0.12822874127389206;0.010579708072366417;0.1626813270334768;0.8118091994476182;0.09634577724156143;-0.08371985819824299;0.16442434485464882;0.061412995384560055;-0.0704611070218518;-0.044932543977845074;0.04003946616281869;-0.03403352870710171;-0.10552795274200583;0.025180202432341512;24.781027036853306;10.243159525856683;4.757546449433391;10.082261177752512;126.8577660353873;28.318726316074287;19.69215903379933;116.75089434185509;27.507237233540202;34.6063273898822;98.54264293053959;35.98524802274992;39.10701674237211;86.91454065647358;39.34789462397665;38.899298294246876;8.251978664569405;6.50154684236552;6.003895915389419
0.980756187921372;0.36054013440542765;0.02950131659719198;-0.05968247107067229;0.2583331779053834;0.2584926704118408;-0.05523702890324451;0.17240443818814277;0.3901699557100821;-0.04239701852374853;0.1344284138304248;0.3310853361254998;-0.04128480588367645;0.5161249170710965;0.7119104486715792;-0.18646937269733527;0.21950499519843844;0.5783797849974599;-0.085290297750064;0.11382366555963165;0.3188931283064845;-0.03051423950642684;0.07552812332490107;0.24931192876024855;-0.011231579175404224;0.3332584010167531;0.921421107443946;-0.19980485706941428;0.21397618751478784;0.6572337797737166;-0.08365343743543566;0.13012929825901198;0.37721255591007735;-0.03243881246456054;0.09459480563980897;0.2760155029805664;-0.018024464319264383;0.159675795000182;1.0404678212671385;-0.21216325506973263;0.1793051814108477;0.6440074285635591;-0.08209304975981466;0.13155786898221725;0.3527419702075262;-0.04009587635834289;0.11143425084763177;0.2507069057977187;-0.02049362213379005;-0.0014312919448512852;1.087564199886057;-0.2226868812270227;0.09723973199551306;0.5181346270885493;-0.07249403859073125;0.0977162867562113;0.29473470205421776;-0.029745704428828755;0.10629818575558123;0.22760778446915442;-0.011688971270628882;39.83131590041774;21.177248864324238;1.9575716644320096;15.486815372817528;2.9279595358826627;3.863975583624125;4.972071708434549;2.4628693856029793;1.118637534443036;8.049152513242872;4.949716426438042;3.935857092896944;11.19309850017586;8.015281082603252;7.240345266375382;48.5364624481103;15.725331889047633;10.936726053062666;8.625550767007303;0.9686299953344872;-0.23968017489354618;0.23058615728520404;-0.001026474218103156;-0.12903580927584904;0.28805548197537867;0.008275501388804092;-0.0584631793261713;0.3028411325501379;0.013818282277191332;-0.029914878561424486;0.21428802108757675;0.02709744054929119;-0.1527570320593096;0.9944260246662198;0.011226676528813083;0.0031736762003259956;0.3833694452795168;0.04703223009651134;-0.06131627034978301;-0.09466747226073256;0.048067738963983864;-0.027070187827001425;-0.1508112812845706;0.03913277390908797;-0.011553901384201112;0.999295493863092;0.03570746851462739;-0.06341521713246695;0.2790917238624251;0.06955555899455643;-0.071431778994163;-0.10656785352411349;0.03865874700705242;-0.025057393580940213;-0.12411152361390465;0.01897413787707423;0.09059938855272527;0.9211515918578087;0.06626105649317479;-0.07830998406169445;0.16498248534062848;0.07343763741133491;-0.07017791441186874;-0.08049875685585957;0.03698851062326855;-0.028232567147153817;-0.12369495319649136;0.009835977674298063;0.16008619455199258;0.8055040344640013;0.09564002692099112;-0.06988723389711751;0.12327428077885959;0.06569002473396444;-0.06128811411454053;-0.058683806290746945;0.04338656271543375;-0.026733472359934098;-0.10548921014251185;0.02781401650541706;22.03937891255032;13.237972339406957;5.451839497241717;11.166633390962996;136.28033578478713;23.22372228108475;16.701410949361218;124.8000073281193;23.35154435569611;34.93397270024493;103.17082723502656;31.197893979965304;43.03581299437376;90.38831466993726;32.42394090630499;37.382997917458525;8.190039270729848;6.596389289476894;6.150646567841587
0.9815276470755748;0.3590910634800192;0.02943032775134925;-0.055948525322201764;0.25522204007210625;0.2661671136243491;-0.05366968875205298;0.17007472676498347;0.39554879047449865;-0.041072971565344694;0.13453421573028582;0.3317400435246727;-0.04022255562694604;0.5144490997548498;0.7155753075196037;-0.18549164524030298;0.21583042335507635;0.5836520001530173;-0.08368811486890959;0.11182415338105398;0.31991520400360623;-0.028940087414546647;0.07449710849953875;0.24872958828509067;-0.009916770652374037;0.33120134678887936;0.9222378803892901;-0.19945666160923825;0.21286881592301782;0.6596868551048807;-0.08195509554174824;0.1281189976134343;0.3764468837204137;-0.030498805898518503;0.09290429633916893;0.2746844860268941;-0.016534008172168976;0.15722901176323334;1.0397089699038038;-0.2118102368578922;0.17911586162707782;0.6472382934094066;-0.07981892437654989;0.12941104702389647;0.35177732414862184;-0.037836403212352064;0.10943719726417864;0.24841459135190433;-0.018926233310349188;-0.003999237170356951;1.086309707890212;-0.22196807964136273;0.0993426189921694;0.5221615258556421;-0.06962479588948868;0.09721206488417555;0.2937365471228586;-0.027505298353163298;0.10561549141340519;0.2251072742448584;-0.010110861460868379;41.03793554099744;20.57591248317724;1.5263890475294428;15.767567704991363;2.9602637934670892;3.7354939290219984;5.10780539327008;2.52547484354639;1.1276224124825993;8.200204969987714;4.808370833418396;3.982789911913472;11.574217888579392;7.86389197772052;7.343093341847581;48.82943464140152;15.63007585754855;10.933329773881306;8.63550598175067;0.9684577455778396;-0.24443819652538679;0.2310200619770626;0.018654453085321824;-0.1333594936771357;0.28060850209787713;0.018459282903349257;-0.052077952263034924;0.3031550140557417;0.019052396387767578;-0.01841552515257652;0.20694693740523729;0.031016091806196484;-0.18058768636490433;0.9881188220682201;0.03914500107286737;0.009809815237947073;0.38283982322632004;0.04732017365185332;-0.051128126376498204;-0.10225219026577462;0.043706422919006546;-0.02239453027104748;-0.15392375620438536;0.03571481004438765;-0.03660986289033871;0.9979081235415355;0.053283157835871245;-0.05306720831275532;0.27362478864823414;0.07221452089646006;-0.05964086448936614;-0.11176458978192197;0.03621607346887911;-0.018199232785101015;-0.1236938287239424;0.016707756819451032;0.0722106103663234;0.9228697300316455;0.07363542993293425;-0.0686301893953216;0.14894525800732725;0.07651327727967515;-0.06096801016414183;-0.08754345478219207;0.036948224859463016;-0.021971342602272088;-0.12307816492099483;0.00920635997850645;0.15011980209529402;0.8082775483335084;0.09388725187189578;-0.0655731935849366;0.10548962417002075;0.06996837210122966;-0.054203998969977976;-0.07019093358683456;0.04580607556554067;-0.02039436672913765;-0.10862354715484057;0.029047282715712445;21.162993264511424;15.643661781342225;6.778690112667293;12.72726907427481;142.72122622689452;19.211787087972247;14.430077027331595;130.8256517577589;21.004757261162236;34.714889191239365;107.15981357495559;28.361651517424104;45.96773574986956;92.59842364209294;28.11557652811074;36.22963118199265;8.288035590891575;6.728319962089061;6.332300413933274
0.9834157071935474;0.35620984595101324;0.027770046670802774;-0.048151166399801854;0.25084827171019736;0.282775259079683;-0.050137294756922336;0.16654958482464965;0.4045372672288924;-0.0379201360327666;0.13505072914052998;0.33177304572425814;-0.037601913543379356;0.5130647580614179;0.7205516505396122;-0.18457468226772444;0.21011353503248292;0.5924880018816434;-0.07982830440735111;0.10755520520935558;0.3215084814033084;-0.025052089116798633;0.07204339046396291;0.24719854558651583;-0.0069131288084587255;0.32923461735286125;0.922816972081098;-0.2000335041326554;0.21098204083376318;0.6651111013231229;-0.07808775305976909;0.12466542609078203;0.37397952758678643;-0.026400985460638043;0.09056264668006468;0.2704109907185194;-0.01344489302109227;0.15465337382325045;1.038167714898724;-0.2123874079499765;0.17921067882984798;0.6539558679258768;-0.07486961384983536;0.12637036595341195;0.3497438289320358;-0.03397585903533596;0.10688687796850144;0.2434881155196508;-0.016525417942904463;-0.006251456610519386;1.08402286827332;-0.22172391136316838;0.10193211386139585;0.5277916594294485;-0.0640292733874896;0.0966201944349016;0.2912946251757053;-0.023812183795517892;0.10484601968898072;0.21952230635145123;-0.00771546068115474;43.55864970497053;19.258351622531915;1.0631245240507952;16.347541128332512;3.180147546589334;3.5027246567933017;5.5314882822106775;2.6862241644608162;1.1350234028793624;8.497321177374253;4.645205481369404;4.1697769437787136;12.092473723368354;7.750005093116725;7.631842172809023;49.479897232829764;15.49099084360589;10.938144056473892;8.627114619741727;0.9695080814189586;-0.25162808073550286;0.23107367100755422;0.025439263403964484;-0.13306945343593257;0.28178091663823984;0.02377215054631203;-0.04613551003685169;0.3176444008405426;0.024450173524059083;-0.007098603344544908;0.21433005331464114;0.03704254016325851;-0.20714465974959118;0.9781096856804947;0.03899049279674311;-0.0012787591152407915;0.39112029098069423;0.04711974244392906;-0.05173801571447425;-0.11774085107855647;0.0444416121660566;-0.016602862919721705;-0.15761422332781883;0.036263948367336596;-0.061025600165745715;0.996825909522641;0.05112711833039294;-0.05619917519134448;0.2950033334529039;0.06968076235076984;-0.05761251713486722;-0.11979508982213366;0.03538854975437585;-0.013201860576649571;-0.12983045109856542;0.016605956922986678;0.05074719653029901;0.9297943242863235;0.07080381162145266;-0.07199195738316232;0.16024212053269413;0.07794316657532933;-0.057676219740236914;-0.09540191391692426;0.037047193992544816;-0.015421635745459534;-0.12649794701873276;0.008694212620348361;0.13286473507105884;0.8210304792272318;0.09117613660486616;-0.07078011827084642;0.11093992020531096;0.07437008739708051;-0.049189631750999475;-0.07965737631766594;0.04737642797741741;-0.014970357966678925;-0.11507549131866503;0.028928777539695815;22.09630592752489;16.965173752728276;8.338547400396902;12.612623132415925;144.96346785592894;18.095288113216423;12.431115249919335;134.33435832115873;20.937373243604686;32.802444648464764;111.42644323428361;27.748181847822885;45.61662722515634;96.63350053267715;26.054438626835225;35.47801259716593;8.47427571342925;6.76397703103256;6.336039124552764
0.98530376731152;0.353394385365533;0.026148434694763283;-0.040535773608214073;0.2465755934598637;0.29899413487317045;-0.04668721185067345;0.1631060748388956;0.41331396661360725;-0.03484079710279786;0.13555458346308835;0.331803824232688;-0.03504233532474749;0.5117105136367526;0.7254085717727541;-0.18367833501570963;0.20452929573578013;0.6011149657359254;-0.07605832477171087;0.10338552552972802;0.32306312589209063;-0.02125482005497431;0.06964668549336246;0.2457021917334278;-0.00397963357672469;0.32731239693167485;0.9233784934668642;-0.20059599352356397;0.20913842446678638;0.6704057037151776;-0.07431042500211718;0.12129199774137679;0.37156818116513407;-0.0223987906226795;0.08827531064369952;0.2662361570959156;-0.010427892876063282;0.1521372357781723;1.0366579241714018;-0.212950164142754;0.17930249607673837;0.6605136302250583;-0.07003561086434301;0.12340017384729512;0.3477563128441487;-0.03020536358636315;0.10439567616476941;0.2386756754437209;-0.014180622705196162;-0.008451027980006904;1.0817847119500388;-0.2214844770231632;0.10446066165339199;0.5332879400764672;-0.0585642039418388;0.09604172936552645;0.2889084807242675;-0.020205250652337855;0.10409406679254891;0.2140668641089224;-0.0053759920985057205;45.923837878944575;18.04436772368237;1.2954680232190885;16.901735600714897;3.407936732461475;3.305999999480602;5.9403461585927;2.8605539508879616;1.1808227619964806;8.805548862187875;4.48461607168089;4.367297823500889;12.611585620829826;7.64873803417275;7.940663891843294;50.13541718041574;15.358000542897486;10.943268335482905;8.619126730417268;0.9705584172600776;-0.2589343121360888;0.23098211613475259;0.03246894793882304;-0.13268346813796097;0.2828189117003095;0.029274313557057702;-0.03993500499541059;0.33248896127055877;0.030040081387697155;0.004658321681091069;0.2218607162097938;0.04327728767859064;-0.23459157716205634;0.9670921980577035;0.03880519647937969;-0.012793212198368351;0.3994701957021838;0.04688157657047547;-0.0523384094000439;-0.13375050506616587;0.045176776206417836;-0.010577751138087019;-0.16134627865266862;0.036811112493078876;-0.08634198434037271;0.9950669314823031;0.04885553817696087;-0.05941585473716458;0.317016575478097;0.06700510704246376;-0.05546941066385218;-0.12805828071093364;0.03450663500274761;-0.008003775705555357;-0.13612049307838386;0.01648965936220102;0.028425527396024573;0.9363929688701126;0.06781811922332615;-0.07543721864232618;0.17187159453623854;0.07937841778772967;-0.0542210117371906;-0.10350198560995569;0.03712636717041225;-0.008610067356527593;-0.1299687267275886;0.008156818144055127;0.11486103132971136;0.8337510355890739;0.0883026041947868;-0.07614231082710424;0.11652926164586296;0.07889379841159484;-0.043950968563220894;-0.08943733907143611;0.04897702275313128;-0.009328092584758653;-0.12170238982489683;0.02878728048253606;23.029882695382597;18.208859944418993;9.92019128886156;12.578069323023039;146.70163736376583;17.6187308431678;10.547902866095987;137.6313198293232;20.91317637770546;30.94110092702392;115.48817467856493;27.27340726150603;45.21883294478521;100.41434010341412;24.167044884920536;34.68787568240466;8.686092561902104;6.818448273638243;6.355930420694814
0.987873656050886;0.35301124299380265;0.02668094906821471;-0.03662129668376697;0.24557146496051582;0.3121912799317871;-0.04693189391205227;0.16196755109198538;0.4235184507380675;-0.033866866822847765;0.1359929779880896;0.33804807447236235;-0.03336377688350087;0.508241249790419;0.727715591903075;-0.19593244279912264;0.20177446428910456;0.6254063188657174;-0.07386914730340102;0.10236330471041093;0.3289299914642308;-0.014301505890279273;0.0683848188855022;0.24148098524729697;0.0031598443200702084;0.3198975932319783;0.923607924809991;-0.21122010101448654;0.2133146006200217;0.6922608045382556;-0.07158903282446415;0.122702338457169;0.3602875873011072;-0.009901673670690635;0.08686174360034973;0.2453619276726995;0.0009728902497291217;0.1438289532345978;1.03863110952675;-0.22011405576009896;0.18546856360792013;0.6805110587393044;-0.06411664905919351;0.1249049389606311;0.32964285702109714;-0.014509236437475712;0.10252226655875867;0.21046286082109653;-0.001207097062631862;-0.014575597128709584;1.0858661849439182;-0.22501210577714229;0.11173673722776246;0.5499061199925596;-0.04993697814502936;0.09932702444177458;0.2785343151471044;-0.008445114422596047;0.10499249978251456;0.19144165484436565;0.004823005386616432;47.18946754036346;17.354954513298985;1.3737211037010888;17.859187951174533;4.079682274558535;3.4314529979337647;6.83461270694876;4.479715731379242;1.8378135410318042;9.8644057557693;6.183644104038968;5.610573108328601;13.806631884921057;8.827506720484903;9.564780223288773;50.44855550080896;15.46213094966013;10.977964203399662;8.471884351934241;0.9707338860719176;-0.2672954331841061;0.22724689297310435;0.027147484060130674;-0.13413354366830385;0.2880034534131742;0.027793498888807888;-0.041999111016377856;0.34439403980751054;0.031113322172366314;0.008053588317659694;0.2341950816623569;0.04593423861716064;-0.2524517236599811;0.957393457184241;0.023841413251064487;-0.025553041068158852;0.41607214521473;0.04670181529898732;-0.05902001222996151;-0.1408100530093219;0.05005365763138304;-0.007379607413259623;-0.16696922598941963;0.04114517144977867;-0.10333826078214511;0.9939250500089313;0.03787081756795122;-0.0696007100884073;0.3465856623775709;0.06506863491286376;-0.061213579350179535;-0.13480189784125715;0.03761362514200744;-0.007052970105483065;-0.14394297543255619;0.01953455508551486;0.010702204658477748;0.9435286243986163;0.061496465728362086;-0.08587267709736006;0.1976670530929404;0.07950051797312023;-0.060021418942990394;-0.10748590475146509;0.038720236286770536;-0.007216203959252398;-0.13641411348036814;0.009246885655896252;0.09682766437761559;0.846449088867168;0.0865523643656633;-0.08618142935582107;0.13204814165799253;0.07889274158852527;-0.04748093912746634;-0.0913919373567206;0.04838693667918122;-0.008601307769806017;-0.12699860593643866;0.028071828001439522;24.578659451162213;17.949720428450597;10.655662968098198;12.296161437225148;144.31365585971415;19.889639713078942;9.857816498250799;136.78114886705555;22.188335265680884;28.72855078165565;116.03954253546758;29.003988746178017;43.09558079011271;101.96320255913578;25.62630913953504;34.94055608166989;8.867206773831477;6.758774605644524;6.211127256222031
0.9915224329057148;0.35615403144218966;0.03055029372992543;-0.03831053196693594;0.24944360568090698;0.3208662343584899;-0.052880412719521035;0.16426316200269778;0.4359412857142174;-0.03610727267790414;0.13625192740772366;0.3538758811740011;-0.03298193750196094;0.5010585669437919;0.7256511443503944;-0.2287874039818682;0.20319510801578058;0.6742481580783294;-0.0740204054426973;0.10612414289917198;0.34142831661008033;-0.0022510035266385606;0.06880160849000075;0.23275686406687593;0.01701789378700141;0.30354747320960074;0.9227160568526408;-0.23760052595560588;0.226798905529064;0.7399430570302153;-0.070380962539045;0.1314872102345905;0.3347016285893062;0.016122050104347512;0.08670557770826694;0.19785050958990363;0.025690051838708018;0.1262127399026034;1.0453701469377064;-0.23756652973804876;0.20110140426196244;0.7214530633343749;-0.05630729530258424;0.13330665651416845;0.2858026679448209;0.020124913405533174;0.10148613573735572;0.1450416887968459;0.02860872945331291;-0.026947113268904872;1.0991389859397958;-0.23432944830223354;0.12650273929654327;0.5838675683979165;-0.036132555210681566;0.10862855851127115;0.2553006198578928;0.016290239383554662;0.1084050811883574;0.14143675665329436;0.027489393575833354;46.90372800702653;17.378333156982897;0.6773613745565532;19.517018931101735;5.661400099666726;4.443803587528045;8.625992031248652;8.924462441051936;4.759184054183605;12.022704428556137;12.32876070945158;11.34648610696404;15.983095749900238;12.789090376805069;15.31926988794059;50.25980330444202;15.934105375757678;11.071877286704929;8.124536918074327;0.9695250134071997;-0.2775109059730096;0.21743523585179955;0.0008465829940349461;-0.1387587567159392;0.30033836766199;0.014446052126376816;-0.05813873316402292;0.3513611038471783;0.0245023098907128;-0.0028089834315128295;0.2547235060582391;0.042500683801064074;-0.25397231687125166;0.9504336961704105;-0.016166869082736884;-0.0403528996284409;0.44678933044557073;0.046643466511874364;-0.07603389943986004;-0.1326422783036997;0.06196954697073299;-0.00902106502669881;-0.17584521014788032;0.05191405676580353;-0.106091860065717;0.9942821443875229;0.012146381351876463;-0.09160754662777731;0.38896061677957455;0.064433464875977;-0.08037284494576105;-0.1389694160677972;0.04750665189098805;-0.013343762019536189;-0.15438216939817712;0.027948624116730166;0.0009404122329266864;0.9519450801315833;0.0495675025686951;-0.1081730145247972;0.2474843412680085;0.07742110016529997;-0.0815657982576905;-0.10448039836740447;0.04289879175000098;-0.015060023365942194;-0.14793828623489536;0.01310421303661096;0.07891629797833502;0.8593923157975721;0.08676560467326355;-0.10414971617557345;0.16442047845870786;0.07122251630794552;-0.06593649072139779;-0.0800490743553194;0.0440925483874937;-0.016252910060194005;-0.1300472893673041;0.026396701120276887;27.216770559311303;15.443902187818436;10.312189621307576;11.959986586428348;135.75797514989512;25.96244467494806;11.066124006885632;130.07860830712377;25.18963939669637;26.67352559486549;110.50661679260817;33.97289912584591;39.222196201828126;97.76112053381787;32.92775932553032;36.97399432401505;9.019888188141818;6.554635057825866;5.864773959694136
0.9951712097605436;0.35894412432629164;0.034376584642722266;-0.039957024199997526;0.2530627832934811;0.32920265970615536;-0.05875707198346551;0.16639309621422513;0.4479019179656556;-0.03830508834929071;0.13637930244503443;0.36930807117109726;-0.032569829099253746;0.4934209533928543;0.7228982020416744;-0.26130615174215355;0.20441585396315254;0.7222697797036117;-0.07410014668207257;0.10976984450042389;0.3535548002187344;0.00975880789190888;0.06915094137841635;0.22384057097877763;0.03081034781415085;0.2869644160229769;0.9209425567500552;-0.2636593087741517;0.24001778244511815;0.78674621959568;-0.06910969879099846;0.14011475989905622;0.3088856996329238;0.042037778484410614;0.08646682409834844;0.15031831250176753;0.0502946890658432;0.10853813980885228;1.0510828035759605;-0.2547291404105159;0.21648581875067466;0.7615576754109686;-0.04847171649009955;0.14155066969472596;0.24184430724359907;0.054616612304808604;0.10035637294408588;0.07971406070122747;0.05829110290002713;-0.03924879857203549;1.1113106136697277;-0.24338895868944904;0.14109493107764923;0.6171483782881955;-0.022342570427969232;0.11779285274261746;0.2319047286681452;0.040922017732211546;0.11170157712731553;0.09147404165488003;0.050048824181096886;46.6184789842751;17.4118501442969;0.1833225783117272;21.199333095191943;7.292127146177383;5.982599494905935;10.48998850243585;13.996105415918041;10.583508492772339;14.07151369386504;20.459065316868966;24.188783870890134;18.01423909435509;17.783067402674195;25.154165092198276;50.13649100551371;16.403109054637085;11.185337111237736;7.81042395266968;0.9683161407424816;-0.28818303955916263;0.20682884607780652;-0.027156403846799793;-0.14358108224018323;0.3132502569119172;0.0002245000098025537;-0.07527968263262104;0.3585203409199373;0.017445587257326974;-0.014372211783143225;0.27639252627769617;0.03881373158873978;-0.255404400465388;0.9423243366010801;-0.05875147869010305;-0.05608050059860131;0.4791649171855175;0.04654702141288533;-0.09409250431354634;-0.12384851038701718;0.07461070229167366;-0.010762074166035267;-0.18516600918983334;0.06334140498183079;-0.10894553027651721;0.9939307186482633;-0.015251162582420293;-0.11497064611080154;0.4337906913118434;0.06370979230720508;-0.10071242470623545;-0.1433042824823684;0.05800472342793116;-0.020031700303348887;-0.1653830988312231;0.03688645228336708;-0.00945358388512727;0.9602055462929033;0.036830355491594476;-0.13183641276384642;0.3003423127319065;0.0751501916026206;-0.1044439121529704;-0.10120357952413385;0.04731610094653827;-0.02340019501446616;-0.16009912570271762;0.017201436909173015;0.0597881372210519;0.8725405028693418;0.08692879534110973;-0.12320377443325461;0.1987660672493108;0.06300367980064198;-0.08553745436548818;-0.06791351432283002;0.03948790215894954;-0.024387551886342562;-0.13319750627218926;0.024593783165916594;30.005632103468624;13.041816283307469;10.284529257645067;12.332413247910251;127.23763224582903;32.006193098832696;12.389489683080043;124.10184128524479;27.76646306856254;25.27675099634248;104.71281883481747;38.55303496676241;36.30384355551215;90.96248242587073;40.78108697425912;39.08390033025922;9.26605481407328;6.465647230696227;5.666871831454929
0.9968120119036796;0.35850767491334445;0.061688821463337346;-0.032440674293397566;0.24541454257035272;0.33949188809491404;-0.053171119695880675;0.15727136687848015;0.4519876500708944;-0.03280565305198924;0.12622986156324323;0.3750957726701569;-0.025302556647045372;0.48111619247334175;0.7397625048124752;-0.24262654152932994;0.19197937636304685;0.708658601032531;-0.05929747485370863;0.10373045297174266;0.3419798209052268;0.019545636805783785;0.06582800070135562;0.21319550058768424;0.03754845340876904;0.2766017641216758;0.9300969007589672;-0.2416841312195331;0.23011859788120256;0.7687191352138638;-0.05077229978946249;0.13535768371667148;0.27638185945386945;0.05679861833450082;0.08111490942821331;0.12506920250296094;0.0609989309355628;0.10398161191890565;1.0561964798814032;-0.22859955932509946;0.2107637541273528;0.736979911345113;-0.031268676620158684;0.1388457254246535;0.20522273382559061;0.07293962701176185;0.0937033319637705;0.050623269933438;0.07107683240605697;-0.034474359231015134;1.1132777777699834;-0.21329006551114332;0.1458004402385695;0.5985205854754235;-0.0036043405862598997;0.11817452045433775;0.2033400052013254;0.058116897660665724;0.10445841059675653;0.06305711736431137;0.0625278632674262;44.15292449270568;16.922540336227172;0.6413970146682428;20.60830687800113;7.935446400098685;6.4280500614570615;10.365972834813471;16.9202330708444;13.507904654006555;14.188149142727152;25.91396873558475;30.199909535154458;18.615725175542018;21.63815243127633;29.877611147896726;47.459398293039655;15.995057768248147;10.810674719469741;7.365782498601605;0.9666006206041684;-0.29533815056845003;0.1891376644566363;-0.06226992127158095;-0.14872440567155742;0.326624608589102;-0.01599000835581693;-0.0873494816252926;0.3672398423816574;0.010138045568867318;-0.03386523740581206;0.2874977645009506;0.03401333160123863;-0.24934321506344498;0.9317086550982007;-0.11138296831132388;-0.07806818357477116;0.514006577892555;0.03899180259201446;-0.11208554923028918;-0.11171222992244549;0.07854826285584725;-0.019461777517358874;-0.1873674317970033;0.06798341236477766;-0.10635069765150262;0.9930542496606732;-0.050326795446520065;-0.14640560757239032;0.45456504253608826;0.055405841779190265;-0.11866829360119935;-0.14248966033667482;0.06156515478684224;-0.02913335485816633;-0.172836814877876;0.040519758997071616;-0.018430225509280466;0.9692908452915451;0.01811762422166889;-0.157349453206122;0.3247055478499158;0.06677148423083305;-0.11987393156668634;-0.10185551539529276;0.04470068013954298;-0.03266067615999685;-0.16767068091360912;0.016758405815570733;0.037590649911900836;0.8902608659425525;0.08239509793927574;-0.13878217571935134;0.21458818795325407;0.052296555179529094;-0.09916988462018797;-0.06079022030131884;0.03140854109911537;-0.033959521080755416;-0.1356775022049378;0.02023252729651013;33.507355526919284;11.828741265966023;8.412432744409944;12.587161583767816;119.679490397338;36.4700943508521;15.088356815294063;117.92157883277325;29.544005116757436;26.34769609933172;100.78244751406554;39.23014742854984;35.45893987033596;85.69227422315078;43.98515993394821;42.05098981305643;9.58202248684328;6.39247939056108;5.477344217547958
0.9967516132494098;0.354906937353008;0.10353496113346235;-0.01878913617207118;0.2295965187626986;0.34938374376577064;-0.03946840270289438;0.14034556033923667;0.44872302746952464;-0.022051758196330457;0.10918802378175757;0.3721892801005993;-0.013621289455247092;0.4655829593954688;0.7678966505377526;-0.1870015606223158;0.1702159610600146;0.6486926070850562;-0.034796813338698565;0.0908466425184404;0.31311348578308285;0.026559002484763353;0.0599635861701863;0.20193778497451578;0.038176980460040165;0.2714241042926041;0.9444147157779819;-0.185498787680543;0.2034305580360179;0.7022834845177773;-0.021499638287172988;0.12077004027398992;0.24177408066770054;0.06145882810202135;0.0723261872506886;0.11901244302752594;0.05997209676142562;0.1095387984075978;1.057980486146755;-0.17229911702084358;0.1893525768774178;0.664884988253036;-0.008830071818545723;0.1279085344717154;0.1776295857238409;0.07697598864574286;0.08341899828363827;0.05178122345053602;0.0696340910344903;-0.017321941160151913;1.1049195489471582;-0.15658799587900932;0.14225212576766358;0.5416250441201279;0.016824298970155926;0.11166104135878505;0.1735453505280901;0.0677355273260554;0.08985821948144057;0.05375913830081117;0.06594783376050804;40.388485029411676;16.130389349880723;1.2202297393083723;18.583546453927035;7.7687068988686585;5.626389998171937;9.006702623172243;17.78874090983414;11.412465405513746;13.057882063232235;27.999953543049127;25.408029072832782;18.390584309839273;24.165412109126926;27.54839691733612;43.01966607224351;14.940130363274383;10.081210558314334;6.827114816761692;0.9644558574673926;-0.29916167766081747;0.1634208831309746;-0.106116903702883;-0.15430907619241563;0.3408428831202392;-0.034993359497980006;-0.09503952766142335;0.37758444914955036;0.00218700406050704;-0.06208481528128639;0.2886284049454549;0.027839798616339156;-0.23541961731704056;0.9171769990443582;-0.17649241506774246;-0.10724643745182495;0.5526038767739643;0.023733599528582033;-0.13086405261883655;-0.09556567855109518;0.07414456745745195;-0.03538144945682075;-0.1825712950855052;0.06619974852186344;-0.0982087296142727;0.9906499411978368;-0.0946981490435438;-0.18723185592391905;0.4525802640516389;0.03922467490564887;-0.13514411721411068;-0.13647860340133663;0.05850026352769061;-0.04104168152741766;-0.17706511049448753;0.03914228565895008;-0.026487167051167042;0.9787166531739224;-0.007428111710067284;-0.18586920631062948;0.3223056284942005;0.051934171869423534;-0.12875714386571271;-0.10626798271289925;0.03505474043164372;-0.04327877528836956;-0.17101351670501083;0.011854729869302694;0.011185162017902976;0.9125076920185897;0.07296616762912261;-0.15167101662678786;0.21300822614632184;0.03854506954890386;-0.10762053541213824;-0.05810823316689358;0.019484796532744486;-0.045407837627461936;-0.13750456050743273;0.013128164839952803;38.09910223246764;11.68112034388367;5.440396735670959;13.409687842665033;111.6340286879711;39.90086949758119;19.55005565634598;110.26493027672984;30.98905965759451;29.54673818609371;97.62048918272116;36.76529807963089;36.11104073810204;81.75140727107662;43.17372142884904;45.963531004641055;10.05048989201244;6.468425558265361;5.488635689620972
0.9966912145951397;0.3508379694940828;0.13932548574352913;-0.006970194113523491;0.21533679708595138;0.3569606317346816;-0.027549111972664523;0.125373605468906;0.4446886888736134;-0.01272176041792831;0.09420077252499864;0.36867176819505;-0.0035148058572974103;0.45092703103430304;0.7900606601186562;-0.13854341343717433;0.1509926835348411;0.5952369920616823;-0.013582220172936326;0.07949355352152304;0.2873788037247855;0.03253241891954493;0.05474530983990039;0.19168433427975742;0.038614969183042726;0.26622281240380974;0.954188828441609;-0.13656168508419791;0.17987185519308158;0.6431051932795091;0.0037923392032681996;0.10786685070640546;0.21128416797628646;0.06530888489834315;0.06455349295962812;0.11346779488207588;0.0589238710222545;0.11403132346339871;1.056641438536008;-0.12329869031413287;0.17038089751576246;0.6009300062898235;0.010536385093009167;0.11813268372090995;0.15336082342591367;0.08024608340346207;0.07432689842534461;0.05263859344336566;0.06820107329235854;-0.0024891727150916833;1.0947100900659623;-0.10728408194107607;0.1388066044222137;0.4911073507995267;0.034388372736067804;0.10574268353672388;0.14738995936930596;0.07584275574772834;0.07702826990710111;0.04559794425072896;0.06871657729865885;37.301929697436734;15.495129100350047;1.7580918619717472;17.093494359724918;7.593451070222696;4.759446561451282;8.17439338585898;18.820114152715956;9.227118907252839;12.274501043920251;30.210056602059787;20.55606825835172;18.49113779670377;26.92175830633091;25.189661302898806;39.1961558863384;14.002511711386447;9.435174535365856;6.336602135468125;0.9623110943306168;-0.30275077108952403;0.13392852196554247;-0.1554546636215838;-0.16024670942726874;0.35608776229100203;-0.05640347944607539;-0.10350453587520834;0.3883571202909975;-0.006812435850759904;-0.09385349590074477;0.2891972729537272;0.020787929291605473;-0.21909033708891051;0.8984826210432146;-0.24970871071899117;-0.13998844561612026;0.5949048425071661;0.006415434964528446;-0.15178396611063594;-0.07706590927367592;0.06898078307167187;-0.05330241827510334;-0.17669683512575;0.06401923753417456;-0.08875708268555835;0.9854930169133074;-0.1446571598236901;-0.23295306099456883;0.44922167443883;0.02082436062738451;-0.1534487554130682;-0.1293432481864295;0.054889396109600884;-0.054411171244146295;-0.18141245462918726;0.03748781661924623;-0.035535854145673056;0.9869710788228827;-0.036306663323571874;-0.2176729021012074;0.3187979443122145;0.03502273080141889;-0.13848888511856763;-0.11099783483388882;0.024057203598235617;-0.055183281625971484;-0.17437413462818213;0.006278624285732234;-0.018711716630047483;0.9354278861796841;0.06212083697466704;-0.16587747177256498;0.2106969574208241;0.02289483415921554;-0.11691497246951565;-0.054931463730897405;0.005948957839273205;-0.05824623136624936;-0.13923300066433722;0.005059553684482814;43.323599273931315;11.766424655425437;5.759068781114301;15.718244520335583;102.42635040997524;43.27431557043509;24.63321699080312;101.61443981701719;32.52087700218174;33.04311471604241;93.63223982824309;34.07797670976058;36.971842322104926;76.78532915370388;42.1035283108039;49.93971195100614;10.78215233044757;6.9292757944357035;5.974557301095979
0.9792192878113608;0.3376840041434191;0.1917937498602289;0.0005724833703777028;0.2037231521561727;0.37791213527605;-0.01556292241540771;0.11739896381056956;0.42821539404630415;-0.005279229808260197;0.08207427372799356;0.35653209969099015;0.0018214697555669164;0.4177151216957352;0.822811927831451;-0.08762373528561837;0.13670403808094378;0.5409272655315238;-0.001073894342590405;0.07544514813580425;0.2581384735114933;0.02636097242677553;0.05496641338066914;0.17861601651935458;0.02940220113067093;0.25186086217035014;0.9639781495460841;-0.0855115974854612;0.14974674943832622;0.5789687706685142;0.015161561111150022;0.09428017532312727;0.20459363163906533;0.048973523216028526;0.05590484770356044;0.11499255615265269;0.04197171901439203;0.11444483151670859;1.0482163818812218;-0.0737100305852376;0.1414548785110279;0.5465269221873807;0.018574190215118802;0.10563429160509151;0.167525160393607;0.06351998143427515;0.06606868237604932;0.07900238467299182;0.05135139212415343;0.009847959631720925;1.080335672790292;-0.058944674062010566;0.12318633036619277;0.4586846846559333;0.03791400140141652;0.09036449067103001;0.15079964025205947;0.06619084795462155;0.061660122659390124;0.06289472149648133;0.05730913560597516;32.14259489949237;13.067150043227013;2.557299519747431;13.778987188409838;6.084434863446398;3.4387716703264335;6.359309058508879;14.830620726247133;6.017471214412542;10.153331215561293;23.568394255546707;11.24087038736792;16.410347890003504;22.293836006798838;17.268154027143527;33.88962903089035;12.233903862888054;8.43493911104231;5.764461702376939;0.942923878686422;-0.31635583387815125;0.09871380315178413;-0.191162166207945;-0.17097275348957292;0.36155725381248405;-0.0775406599414608;-0.11147601949252334;0.4044341078141824;-0.01883333458841134;-0.11598040645981195;0.29961256106048495;0.009091451415794647;-0.21594021809964378;0.8736281704101606;-0.3235021112501093;-0.16827588388077253;0.6392117614553239;-0.014774235762606383;-0.17372669564396365;-0.05420078457119058;0.058658713254254695;-0.07935556681482775;-0.1582854000187072;0.057511564286703655;-0.08243535853986006;0.9753422884910998;-0.20472379427743356;-0.271270472114048;0.47841249728343466;-0.0015475922564763857;-0.17789342989104023;-0.12194409534635256;0.051104101013429395;-0.07608057393206602;-0.18462382095154847;0.035892890035276806;-0.03561964337298256;0.9907309655732035;-0.08298505157418525;-0.2527389244820751;0.34171727504255445;0.014976050137796359;-0.15759176590556262;-0.11487325070160394;0.019628395888335922;-0.07486344224245248;-0.17711346745129758;0.005424887825397974;-0.03038855341261794;0.9495105615209871;0.027178008978396572;-0.18680416789248083;0.2281456384843602;0.0075371027053232585;-0.1342130241489872;-0.050586959871183446;-0.00037301989643093587;-0.07709088611341143;-0.13548589807797082;0.0018102689646708379;47.84606195295369;12.923770635454412;7.115444301481963;18.511339845018227;92.84673168207947;43.69135916261525;27.167744522877797;94.78163990595716;32.60512660561432;35.06362736980389;89.40243615942065;31.19983387299399;37.4634420742493;71.35220725159114;39.71570478969513;53.739037265656805;11.792626606078144;7.5440485772123385;6.427590325710833
0.9508172694556338;0.3200194700852486;0.24987525519095627;0.005562235827920597;0.19371265860610903;0.40405677211683527;-0.004109623920972915;0.11320111500013717;0.40554391829320124;0.0008422075175319492;0.07187596763209601;0.3400382788205938;0.0044599221777737435;0.37602898531416257;0.8580572853550329;-0.03782429600086608;0.12542199485218236;0.4880153036906517;0.00638081957015689;0.07520215381626034;0.22814982025692734;0.014261672638996935;0.05786345212854223;0.1644780694999671;0.015678286104883307;0.23314362925709745;0.9717842430188278;-0.03576916489314358;0.11752625616800483;0.5145632977038725;0.01884876258589032;0.08086789050936959;0.2100453154267907;0.023077539708641178;0.047148895096983036;0.1198659729152911;0.01768290337306887;0.11257954493416454;1.0349549402394658;-0.026152660660981923;0.1086602187357632;0.4988221176547515;0.0204113878787567;0.09219938847916512;0.20032065803672058;0.03732623828515458;0.058539619137520114;0.11694432788999173;0.02739371045579832;0.020288832119512795;1.0628571997719793;-0.013389561974076656;0.10193765417792838;0.4363683384094758;0.03405000602127964;0.07078128117959866;0.16887657699549355;0.04785850023667506;0.045659809079063265;0.09221747321005337;0.03914823792862707;26.434717467027845;10.038046890737442;3.7130659067300527;9.735334163569384;4.667487591779048;2.0782903082252298;4.1425316258278055;9.014412195811039;2.0055048910973317;7.131946685577606;14.354973572646688;2.888572628842479;13.06750812081126;13.976980614396979;7.068328241419638;28.51484803543417;10.169581775648107;7.30511708691223;5.163620842654722;0.912712708738546;-0.33940353061717277;0.05304794597524621;-0.2202691566853722;-0.186791091189783;0.35852043359446134;-0.10141081847929892;-0.11988908963114615;0.42610351469784763;-0.035148635167996496;-0.1330241643159095;0.31889768702138066;-0.008298130272893849;-0.22265765252312955;0.8370590258447018;-0.40794947083484656;-0.1965915390778831;0.6898866452592921;-0.04237474999907762;-0.19930296946776271;-0.024037182790750223;0.04226413073290759;-0.11591916414497191;-0.12607830545334717;0.04620990071137541;-0.07751172402367672;0.9563611468890134;-0.2817184576132851;-0.30834121400707165;0.5377610283939772;-0.03063584841633022;-0.21062245001608182;-0.1128122359767215;0.046435284885238015;-0.1077458415733531;-0.18678317322193133;0.033991307721967186;-0.028096952363091905;0.9881410247437462;-0.1513872779899515;-0.2950537667447031;0.38915212110159475;-0.01078636319055276;-0.1869379862124064;-0.11825547642427472;0.01996426753166019;-0.10380245525461958;-0.17918398395916305;0.008377969238330327;-0.02848673132636138;0.9553057159994663;-0.033330890929978235;-0.21593854461809292;0.26405949969955983;-0.009931062628936078;-0.1604100222565327;-0.04444406989128747;-0.001613830699514719;-0.10357907654422008;-0.126153885565147;0.0020968535831691333;51.98236799091106;15.047149530608682;7.6074945816280195;21.860619324485313;81.88594071834547;39.48573165025394;28.22963650208271;88.9171133950647;31.417658608503455;36.150167745644666;85.28283298854696;27.682286956943305;37.548528564005814;66.2053410256093;35.148905515054096;57.51594546083785;13.04575377454324;8.197815109260622;6.709854134821654
0.9224152510999066;0.30376507571470646;0.30022717730619225;0.009925722777286384;0.18447193742189205;0.42602942717380066;0.005946256468001722;0.10925012842663594;0.3846945941745004;0.006209549648378866;0.06275991742609936;0.3247632087023508;0.006763613928843415;0.338571297052425;0.8869341008199709;0.005946510497271371;0.11522816593167268;0.44044501206141534;0.01290447238635538;0.0748103806880292;0.20130370317007593;0.0036150452700643657;0.06026710599399214;0.15168644704083745;0.003603282670141779;0.2161722362859632;0.9763229042225278;0.007946757176014856;0.08898528132493143;0.45684855402554986;0.022038172576650073;0.06891137957125117;0.21432825471855982;0.0003083816011270365;0.0393567235229624;0.1238559026627948;-0.0036637330988417874;0.11067601280258961;1.0208644203736874;0.015623817987257618;0.07963668108325751;0.45579354907332736;0.02197437818364175;0.08019612155773828;0.22861098366952853;0.014262057936133265;0.0517965410327847;0.14994684476876324;0.00631445717869708;0.02939872001523818;1.0450014847646591;0.026600343883092077;0.083057501218267;0.4157572920191008;0.03057986878459007;0.05343597986047549;0.1843313914442497;0.03166482709233062;0.0315168734304715;0.11771850902409717;0.023125640238660285;21.92729910584029;7.55947596013296;4.923900470847212;6.358458221838164;5.761893989826415;1.3165135657002962;2.6879372171305143;7.2908710201720455;1.7045540323600714;4.154547715822639;9.429060980199523;1.123543295856113;10.034760758161761;7.131245245494722;1.799817000904755;24.4584872044944;8.409095238955317;6.310525819387272;4.612431290173728;0.8825015387906702;-0.36621945455995336;-0.0069610177469443205;-0.2561100167521607;-0.20563312578725315;0.35116501129998495;-0.131554270685262;-0.12971561223088177;0.4503016405431245;-0.05607558301977434;-0.15397264233050342;0.34100505267115944;-0.030879450279440213;-0.22930054589854137;0.7814725914482933;-0.5141242083155249;-0.23162565451053924;0.749380907070244;-0.07793871403274799;-0.23074175847635092;0.015496163759606461;0.02050012104141399;-0.16246563497044694;-0.08291493993553822;0.031044959588098612;-0.07036115720664976;0.922562447478067;-0.3793782256005475;-0.35372467498741117;0.6099996368498558;-0.06824972186042239;-0.2512745311606122;-0.09984343253375623;0.039911321973743176;-0.14798687927269222;-0.18782656580893883;0.031191214368609995;-0.01802798776959908;0.9754001075444215;-0.23908576915151927;-0.34739664121762454;0.44727485302902487;-0.04425454747215292;-0.22340650839270543;-0.12154190277007668;0.020212704453633015;-0.14052834889591412;-0.18018364502751352;0.01214665330802269;-0.0257385002609169;0.9538024552297129;-0.11186275460223277;-0.2518561384840266;0.30835517649600724;-0.03259930558696751;-0.19302630713166014;-0.03601814804696904;-0.0032154068038457964;-0.13711347561722761;-0.11279780919368965;0.002450420685756309;56.120495046622906;17.80146763181417;8.45480082493145;26.599782785776473;69.70966288947606;30.952991269122492;29.996464525371845;82.50582370870593;29.817355068248396;37.42737427325734;81.12750143738425;23.495894091362207;37.55461642051573;61.35008515941799;28.923693814756476;60.76904288248969;14.572189530451428;9.083540721358657;7.099723584196792
0.9199763243422608;0.28872043435294825;0.30810225489610404;0.019561645778408406;0.1700109068621121;0.422324546232737;0.014104695212520117;0.10020774903884207;0.36713767542393777;0.01201690179973012;0.05442842913588713;0.30206339995843273;0.012346601933266624;0.3107588220383934;0.9112525188874766;0.025824077243226377;0.09357873152990427;0.41637908156611975;0.02048358167194206;0.06754370605376482;0.1635053538309735;0.006398194964191487;0.056003273447818414;0.1185293426704537;0.004005766817282835;0.1904184564452735;0.9813590045093326;0.02598683731144329;0.07076819325991258;0.41267921855732353;0.0307764554125273;0.061411712260854553;0.18118677347636977;-0.00011400654326728517;0.034824367598693756;0.09776359226645341;-0.006951633821405621;0.08636004906596689;1.0036048529593515;0.03197041128327404;0.06668684144847581;0.40809552336671345;0.0299709238422611;0.07109450613870921;0.20320695792637042;0.010258950775660055;0.0455522274907341;0.1298480751285849;-0.00018478136076881824;0.006012913656510791;1.0111083500876632;0.04174832130766136;0.07306100856559067;0.37499514359649755;0.03434884552208075;0.04551739520980487;0.16081025145480954;0.027738810578509788;0.024809527966864198;0.10055742143578301;0.017864290670203238;21.214192163036017;6.657927663779739;5.0731208124553016;6.277754330401253;9.793663781945368;2.8610831598448456;2.988181976127753;9.934285864435532;3.8991087208624298;4.9391518921161595;10.084159771722984;2.805605176585569;11.015001219378112;6.39018028705148;1.9516324858048448;24.318123216824375;7.847041328665672;6.069157604758214;4.6069122139797525;0.883359413536287;-0.36332739724519675;-0.040382818455216914;-0.2849525268188219;-0.2114863144989729;0.3339624359135992;-0.15308562002674195;-0.13191708296111698;0.45673653549505394;-0.07111170763907457;-0.16111678993072814;0.3510508935202293;-0.046662335255973644;-0.20848547252362587;0.7313878440858791;-0.5809829885516765;-0.25034508259342936;0.7520771942925406;-0.10441744367418096;-0.2459792844494856;0.042417257157775584;0.004863438289597997;-0.18437524496005708;-0.057895063914763636;0.020448013317945473;-0.053663653742236875;0.8960036800165928;-0.44079203448310683;-0.37172468059029273;0.638764428238459;-0.09949343992355057;-0.27256676693533194;-0.08782239231981127;0.028897799557310432;-0.1687264174583729;-0.18592804628814955;0.0263955286231213;-0.00859911422052221;0.9715559985738171;-0.2948173783484887;-0.369324627733872;0.47026412045986893;-0.07346880875138405;-0.2432910651942964;-0.11886840937345809;0.015424056142953871;-0.15770861747962786;-0.17837833698062786;0.012732324227192726;-0.024185846836105796;0.9645513360157923;-0.16290419389130176;-0.27087022586069687;0.31990253894935955;-0.056434381066279043;-0.20839149684183653;-0.03629869993696317;-0.00942739897024059;-0.1513207815879747;-0.10737672419580639;0.0006293996467846453;57.01253571951848;20.1318198781652;8.618964604563757;29.958860456956184;62.238262081541016;27.596873877851213;31.454597835304877;78.62097136993762;29.757389004425196;38.044953679498455;78.41228929441046;22.446106555689873;38.40865579967538;59.56415422045249;25.61813483394301;61.48517439727622;15.417114844744807;9.663200192806004;7.352171302767571
0.9327933057757348;0.27389984081363233;0.2938002782422075;0.032227255099797965;0.15240984491750903;0.4049770472192595;0.0214785234244668;0.08824009307367835;0.35083088371771887;0.018208583986267353;0.04628717790392131;0.27483799284880517;0.019803124564950408;0.28727421726563634;0.9337622495165522;0.03364290928923846;0.06532027829371366;0.4040322116086797;0.028817409762662848;0.056461241767002596;0.11893295591411965;0.016326464622765994;0.04811277001344566;0.07376623162215282;0.010989196796433539;0.15934968740869715;0.9867359609637442;0.03098096937971661;0.05750284137467037;0.37445421220137765;0.04266568325671935;0.056057647090869654;0.1274531516172367;0.011220088529699504;0.031887054798575495;0.05513612919380908;-0.0008163542124639748;0.04959530560416264;0.9841656781964297;0.03535554604764902;0.061855795868692415;0.35665714001287;0.04156474715654118;0.06327672479727257;0.14884619837847596;0.016187021286630993;0.03940323232022354;0.08124894582970876;0.0008221582715857438;-0.03510246150293839;0.9678197704663335;0.04421227763517526;0.06747469815203072;0.3225250256444657;0.042027472244166045;0.042351324651519126;0.11613499765873962;0.030167686872357276;0.021839296410244697;0.060472304781561514;0.018129868788183068;22.388599881624618;6.497380494281414;4.700977952665132;8.168534967901806;16.41737251443496;7.6595439720779;4.671212446227978;15.05061773273575;8.255801074160457;8.262722992788442;13.142614289289194;5.917306916816282;14.599603003254098;10.33377363541292;2.040105563789608;25.97822916533525;7.925245342120323;6.2914007950599435;4.989344827343542;0.9024734536402994;-0.34139081908236407;-0.0507575644774911;-0.3062238548421454;-0.2082886069882297;0.31351630842655803;-0.1663203970294635;-0.12900259778513756;0.4517135839658008;-0.08028918035744925;-0.15824871707589494;0.3527345428217128;-0.05574267261919149;-0.17194341892933906;0.6949594298591848;-0.6136515254686093;-0.2561176695501977;0.7175113102869827;-0.12140033856923131;-0.24879510695663173;0.057030681334933546;-0.0043452365455386565;-0.18675846235333365;-0.049260077913545586;0.014573432469507252;-0.03267768199371152;0.8818945855434611;-0.47031277793468945;-0.36957506992243055;0.6357210915121827;-0.12250262955727724;-0.2785142668823699;-0.0784436615499388;0.01630402946945001;-0.1736541094632356;-0.18299462580406567;0.020941652103013412;-0.0009139969643228783;0.9786274968880802;-0.3218136566138195;-0.36842986247854465;0.46738676946239704;-0.0961022017569124;-0.24985362280170925;-0.11284811315137781;0.007782655863226874;-0.15947302916234274;-0.17559034735795584;0.011047089157581085;-0.023786553054387306;0.9866117225650965;-0.18843496593969167;-0.2765696880057794;0.30815230708134445;-0.07815914250787337;-0.21041736034177438;-0.04284205404271813;-0.018106906921759314;-0.15063522197422466;-0.10873463539916627;-0.002481583176180889;56.018170967155875;21.996082675941135;8.259755836780865;31.958252885350383;57.72358365726293;28.166120263490413;32.270028508652175;76.32771181937889;30.730793109119066;38.109015209744825;76.51291656977888;23.453376158880506;39.78584581451231;59.264367541753046;24.61665481744172;60.93773185519085;15.841992025072166;10.032870425771856;7.503972920843195
0.9456102872092093;0.2592174566633375;0.2796028494206235;0.04451440983549108;0.1351419289130449;0.387708833048388;0.028629362788207057;0.0765140011544936;0.3346278032837245;0.024212856566500237;0.03832368826529503;0.24808968251434999;0.02703603101043109;0.2641520796977639;0.954742505489831;0.04121467034396354;0.03777204915391136;0.3916285681613717;0.03689477711137489;0.04562716121207299;0.07546525637022976;0.02596680849054455;0.04039137470933364;0.030157199127994014;0.017770586686689207;0.1289762001118675;0.9910009718687428;0.03580800971724817;0.044544650680102285;0.33691022717742936;0.054187519063629196;0.0507954424160619;0.07506685162805905;0.022232740200247007;0.028999030199363847;0.013622456157162996;0.005151660022169384;0.013789171774083843;0.9642968579035129;0.03861338759529079;0.05709661533219567;0.30627913028941434;0.052800346736963676;0.05561123489669987;0.09582902554366227;0.02193687961921705;0.03338415485208535;0.03390165970781537;0.0018007110882752046;-0.07505724795457668;0.9247708311936361;0.04656551601288352;0.061975448557456014;0.27117691189254634;0.04945467168021566;0.0392305785452937;0.0725699951080759;0.032500536463510345;0.01892907770652245;0.021426119010458926;0.01837044777682025;23.662200691691986;6.321917396307644;4.595868971014389;10.368307731035015;27.457740014211247;21.22441082339437;7.008366444857839;26.43517640720889;30.472494708926575;12.140508458781703;19.306484097278563;16.928637640143027;18.8236415958895;18.775499429820442;16.130967385538312;27.60796946828878;8.05087843522103;6.595603925468635;5.484604173988891;0.921587493744312;-0.31915684835104025;-0.06095692504044275;-0.32683453696366754;-0.20481147222932533;0.292799962607202;-0.17918017949854292;-0.12592403492680457;0.4460662503535362;-0.08925880546887233;-0.15517256632437393;0.35387669915207437;-0.06465265177059834;-0.13549680907210412;0.6578464828483311;-0.6450919587440486;-0.26145331463766563;0.6822093928851997;-0.13803908075473362;-0.25121333410771207;0.07141860543484431;-0.013458860512052468;-0.1888406316112114;-0.040634794516139376;0.008733657278549158;-0.011844913927509505;0.8666078781124809;-0.49884915917282363;-0.36689575992157064;0.6317603036561531;-0.14510805693519818;-0.28398978908740546;-0.06903832695975977;0.003807120880492902;-0.17827579278197514;-0.17981690402980893;0.015509050761242664;0.006698556924368585;0.9841735862426084;-0.34807100309567895;-0.36699503277003004;0.46384105672352205;-0.1183747632799463;-0.25598096818580585;-0.10671767209854695;0.0002031695182818076;-0.1609829789939268;-0.1725676840840223;0.00936161316963353;-0.023355676853514112;1.0069906291503345;-0.21343953274501706;-0.2818024542249217;0.2960561976714464;-0.09955853383205172;-0.21211037996580234;-0.04925866542603707;-0.026675960065762915;-0.14973192861467907;-0.1099175553398402;-0.005558945292262486;54.84216473080487;23.981383245110337;7.912493680820345;34.11494555090314;53.27876196869913;28.54534924531295;33.06433563191966;73.99496095572904;31.677912204534337;38.14216562828878;74.60165721344734;24.453341233737227;41.18963583348057;58.773343612402655;23.724736511627214;60.09442002533742;16.37327876002311;10.501204691049171;7.6922831876611335
0.9584272686426832;0.2447197859553278;0.2655573237490953;0.05640575371801079;0.11824785509321911;0.3705814296609243;0.03554733692458282;0.06505585059536574;0.3185837596768787;0.030021441085616028;0.030554748927894428;0.2218847040758554;0.03403517304470872;0.24145376354481254;0.9742361202671794;0.04852980160254749;0.010984303266114834;0.3792216755423315;0.04470490339280524;0.03506376794084839;0.03318286637120671;0.03530487024522323;0.03285563246225375;-0.012220638327188353;0.0243397968356707;0.09936061026184405;0.9942284662100567;0.04046265075340555;0.03191947050569411;0.30013929859026406;0.06532671401966643;0.04563829270106158;0.024123714487867202;0.03290693572680517;0.02616762771186284;-0.02670525982881269;0.010942620501270615;-0.020995939140470755;0.9441119197147076;0.04174154513110359;0.052422153121161025;0.2570729663997404;0.06366284921435512;0.048115740872675415;0.04425407228818134;0.027500495005439572;0.027508048901211446;-0.012109960563184802;0.0027493509676459827;-0.11378925986514812;0.8821114690134434;0.04880784953155731;0.056577781923264216;0.22106103983268094;0.05662181197062838;0.03616373286062832;0.030195782720100067;0.0347360473961699;0.01608541327920653;-0.016512547978593643;0.01858713093655929;25.03662860076218;6.130317459072719;4.98149626533422;12.839369655004436;50.45244748668702;51.012342681028635;9.899975875020335;54.98812144093707;67.56635939669039;16.835651406304773;35.18100739191131;66.2151995653451;23.99422360923984;39.045093655158404;65.13808090724571;29.22222556966244;8.21677113310049;6.977979067411713;6.099492572601704;0.9407015338483244;-0.2967363051903555;-0.0709402894632218;-0.3467125506334103;-0.20107987973397126;0.27191642887260753;-0.19161880963606287;-0.12270076926865534;0.43984068181497277;-0.09798662679463226;-0.1519091445749487;0.3544899288870339;-0.0733573581999962;-0.0993081853434891;0.6202401535796529;-0.6752016475854177;-0.26634209348477306;0.646356049315533;-0.15426932326295084;-0.25323601264301515;0.08552302265832047;-0.022439123714112025;-0.19062216081326216;-0.03205810279168683;0.002954091700058891;0.008744976892633543;0.8502516649429608;-0.5263037446578452;-0.36371630112827674;0.6269301565878589;-0.16722020768989232;-0.2889839223475471;-0.05965001409908596;-0.008539296565303415;-0.18258049450765004;-0.17641733750851227;0.010121721425155347;0.0142063233701769;0.9882190817898419;-0.37349429502540316;-0.36504437213645663;0.4596650185357622;-0.14019708412630733;-0.26165952148296756;-0.10050856505726626;-0.007281979882377468;-0.16223994835571803;-0.16933178312782246;0.007683565698362876;-0.022896212574096433;1.0256505648928855;-0.2378214898629344;-0.28656004357540166;0.2836805380467868;-0.12054595199452979;-0.21347377545681018;-0.055523523116491315;-0.035099229088674966;-0.14862214808530747;-0.11092584572629674;-0.008589800767567312;53.486743806551935;26.08220997490531;7.577336500487282;36.38333503254291;48.91769273965773;28.744495185471813;33.83331419621939;71.64690934637873;32.585910020734765;38.14877026000194;72.69382123663772;25.432304963303796;42.61147559633771;58.114205874768665;22.93633217815044;58.9670027316916;17.011384329051054;11.056069757732379;7.910053839317025
0.9712442500761576;0.23044741684108805;0.25170535025818463;0.0678890096596673;0.10176127868629616;0.35364944587593505;0.042225526756460796;0.053887229889046484;0.30274757366904254;0.03562854230192644;0.022993889691190688;0.19627840502268282;0.040793392740772615;0.21923123578425777;0.9922950314653428;0.055581880990829155;-0.015004020359129941;0.3668601451019001;0.05224035099581688;0.02478892866433066;-0.007851456909901949;0.044330274224825224;0.025518929950481432;-0.05330809867672966;0.030689487497796698;0.07055309534437816;0.9964951150357514;0.044941589282219814;0.019647838537039174;0.2642181740891304;0.07607278823993019;0.04059725145935821;-0.025301943863279927;0.043230206028574754;0.02339900679192856;-0.06579193184876293;0.016549197773449896;-0.05471234468294993;0.9237166868683274;0.044738987729001534;0.047843331702507354;0.20912953564048106;0.07414203165391431;0.04080481939609451;-0.0058018030295156195;0.03287221405744054;0.02178550725746419;-0.05672156353254637;0.0036669554389374423;-0.1512527934161383;0.839974356062242;0.05094008272624294;0.05129398736307912;0.17226664552468426;0.06352334253182985;0.0331580983492131;-0.010924996057770314;0.03687388386061925;0.013313656017270446;-0.05329116895064809;0.01878112960915978;26.51185144537511;5.921440851246619;6.072829323097851;15.53949939454729;92.81628223940848;45.20060452461979;13.44568559669634;98.40849223275201;43.97104131956261;22.78176819082579;74.6079139675554;65.34704131483036;30.682016482415662;77.09984677201017;54.39454810248264;30.837608428227107;8.41640257708701;7.433942958721935;6.838819408756239;0.9598155739523369;-0.27423826500990917;-0.08067135431679963;-0.36579802147832335;-0.1971211457854806;0.25096703467634207;-0.20359729087999046;-0.11935331636751352;0.4330887552024751;-0.10644307901447629;-0.14848089482184165;0.35459315000326;-0.08182583296028716;-0.06353067382650165;0.5823307961133777;-0.7038989605537115;-0.27078021735416935;0.6101360841219118;-0.17003439851241398;-0.25487021459243336;0.0992917558837834;-0.03125087145524834;-0.19210732053938107;-0.023566808303393697;-0.0027415885299954712;0.029008808730228344;0.8329437986072776;-0.5525967040959725;-0.36007158828396024;0.6212881541195276;-0.18875928307826367;-0.2934938171597049;-0.05032049479041797;-0.020685543242052896;-0.1865617413353821;-0.17282040303186832;0.004802178084576344;0.0215796369765915;0.9908072244427567;-0.39800273084671134;-0.3626078597522667;0.4549033965992017;-0.1614889116900252;-0.2668820002351401;-0.09425210636913123;-0.014642800664917468;-0.16324862619033279;-0.1659060279190185;0.00602023307243735;-0.022411411132971737;1.0425776153244897;-0.2614960747637627;-0.290840421841527;0.2710927767334824;-0.14104335183229913;-0.21451489758492334;-0.061614510417321695;-0.04334458846824081;-0.14731936903713416;-0.11176210716591514;-0.011562346226574389;51.96096214076922;28.28903247354302;7.254710531633896;38.71661110528314;44.65227694175992;28.77911630865558;34.57334215985652;69.30541479342857;33.444020144766505;38.13289836790105;70.80328841696092;26.379496843411417;44.04047142489602;57.312361462518204;22.24315697297333;57.57921479808091;17.747792644950987;11.683545609149313;8.151058403862342
0.9840613299450572;0.21643497332004893;0.23808278198641544;0.07895663133091746;0.08570900955703752;0.3369603934513058;0.04865976368594892;0.04302509425697779;0.2871614357827852;0.041030674267432295;0.015651507367060658;0.17131549065258628;0.04730631613131581;0.19752721442462026;1.008978379140212;0.0623673879584778;-0.04016472627423512;0.3545873777199453;0.059496784627538386;0.014816254246745398;-0.047591924117819914;0.053036365383168096;0.018391612889055733;-0.0930629774659558;0.03681493664574747;0.04259190046710257;0.997878259749216;0.04924336233927101;0.007745212208345674;0.2292086751854683;0.08641968554000523;0.035681276581359896;-0.07315624089982836;0.053194339673559236;0.020698175650129675;-0.1035986198194158;0.021966376576945456;-0.08732629130093528;0.9032083005410904;0.04760591207969769;0.04336916713137086;0.16251984205565662;0.08423198496445126;0.03369001274037063;-0.05428244131981381;0.03804859607634176;0.016224750291100817;-0.09988723187122688;0.004552780528063899;-0.18741759746455836;0.7984745134065829;0.05296388827601288;0.046134155109394566;0.12486273973411656;0.07015654991591662;0.030219733884346203;-0.05074670052632521;0.03891458427769188;0.010618008969883932;-0.0888724123481398;0.018953730332659416;28.08559030410686;5.694333449838354;8.01255750779829;18.420885104627008;122.93239615054017;26.04415149048778;17.831722430060083;119.94284536480089;25.29863821959237;30.679593276003015;107.28357665631714;35.37352356899194;39.97563110238421;101.99637359338743;30.626129327606687;32.47190107846144;8.643929497263878;7.958229252637117;7.704786895176704;0.9789297608536804;-0.25176758826833323;-0.09011871479282353;-0.38404388622900415;-0.1929641424092937;0.23004911484307988;-0.2150842661801203;-0.11590277687313316;0.4258664959728111;-0.11460341458519364;-0.14491126433122217;0.354210791538569;-0.09003155948653128;-0.028304947937786824;0.5443035178665092;-0.7311239039865643;-0.2747697427087025;0.5737301186171604;-0.18528618219356152;-0.2561275588854678;0.11267932996495342;-0.03986273980251077;-0.1933039037126899;-0.015194892150169307;-0.008331888499581382;0.048871455838843544;0.8148084877389292;-0.5776666072336109;-0.356000704529458;0.6148992698146314;-0.209656484523564;-0.29752284669890644;-0.04108881454981091;-0.032586819215687575;-0.19021743390759402;-0.1690518939514013;-0.00042898844915649086;0.028791933780026983;0.9919975176276854;-0.4215308532300577;-0.359720155966566;0.449606165160317;-0.1821804798456143;-0.27164720152051797;-0.08797871586852475;-0.021852290844197663;-0.16401659951695954;-0.16231507601148282;0.004378370009632081;-0.02190468728929285;1.057780311164962;-0.2843914494079092;-0.29464765036200063;0.2583598197010228;-0.16098256085625653;-0.21524479855193948;-0.06751274844278121;-0.05138367742604756;-0.1458388645021446;-0.1124309790342806;-0.014466072810368408;50.28096061762534;30.588072723792457;6.945375673427849;41.0689417338401;40.49602354272671;28.668413203534065;35.28141304050814;66.98955269988171;34.24385634616917;38.098277393877694;68.94236309133878;27.286710464675522;45.46455188775804;56.39397172253846;21.635459721957332;55.9645330478823;18.566344052923963;12.369354503856114;8.409920135525608
0.9962108445040836;0.20347396691187183;0.22651072426087165;0.08798184754881279;0.07048501584621931;0.3220377038457526;0.053790378871778635;0.03125551796031295;0.27331239728221846;0.045253386255410206;0.00697858591752433;0.1480300313736181;0.05251841233537815;0.17726088637963786;1.0235530790514697;0.06796808384741775;-0.06358691460887307;0.34203842639344045;0.06544815585004125;0.005550698526076682;-0.08484628836444594;0.06022846641551055;0.012000682416005387;-0.12967568577430422;0.04184915264739243;0.017043518728221563;0.9984703521439443;0.052597284710415464;-0.004017030349775121;0.19662041221398643;0.095252419422186;0.030866567110835665;-0.11712330002367101;0.06161038403568454;0.018258212636229995;-0.13817270577428412;0.026485305425221716;-0.11684404577790998;0.8840913156628727;0.049527780787997355;0.038525861456736366;0.11948080077113445;0.09292142135264014;0.026927669402471203;-0.09878978275783053;0.042449718487270166;0.011276636660873479;-0.1394497387731217;0.005208624731657904;-0.21998878976781555;0.7603032736849213;0.05384058987460277;0.040965694565761775;0.08114357687927679;0.07594263377462578;0.027242901839783847;-0.08733547312626;0.04074351062268664;0.008244060885749502;-0.12130609703125533;0.019118329994554154;29.631308753406767;5.745672296991262;10.823592406803858;21.331913630481065;133.58795961951887;17.55042103798498;22.92121547930247;125.59659758582924;17.57668484281571;40.716466112351284;113.20535794340707;22.84668742703723;52.83176373871207;104.03369857964573;19.795330027979503;33.886543817067384;8.861742721742589;8.495795818687716;8.621750151178057;0.9970675411421974;-0.22876521432649888;-0.10013378617378353;-0.4010829290842434;-0.18826852796226584;0.20942588785680608;-0.22574520911559937;-0.11371503146778622;0.4173210336356039;-0.12246784981192788;-0.14157295022672264;0.3532184483542632;-0.09804193796098774;0.006724835600676768;0.5082891177943998;-0.7548571981963935;-0.2783132313662738;0.5380157162070318;-0.19982268781974347;-0.25712656693392777;0.1236598748443896;-0.0488214225277283;-0.1942562865877015;-0.007966035243439862;-0.014339417441458871;0.06798059025189183;0.7972366364743279;-0.5998269623917426;-0.3513449477243517;0.6055031459884681;-0.22954787636979426;-0.30117973008127935;-0.03347232891029067;-0.04486979729745642;-0.1937533332753464;-0.1649055798199348;-0.0062150009656938765;0.03513170280976719;0.992045853060433;-0.44288167657785954;-0.35607466210646743;0.4420737880225563;-0.202135636271293;-0.27585673466416;-0.08252206060042454;-0.029728775644502943;-0.16503158468560153;-0.1587136107800435;0.002093382047811293;-0.022795524897715875;1.070740222292383;-0.3057911896050708;-0.2976185724591463;0.24408235346186433;-0.18015698933996885;-0.2155901426266138;-0.0736678374190917;-0.05958246411816798;-0.14440722795567276;-0.11307652514656756;-0.017726768610436948;48.657768507052815;32.75299588189099;6.513671041854576;43.303435141924034;36.79667969568741;28.347435052584217;35.93280959108576;64.86820079609147;34.62877843161724;38.07872853731279;67.1417681190281;27.930215247810573;46.9324060870261;55.339266720424085;20.969834715093693;54.39579811507507;19.385461577842964;13.044062574727397;8.662985760500396
0.9954948363204266;0.2053000877898828;0.2491447547769156;0.06592293737271916;0.06281005089981474;0.3355578774325081;0.03869078053022657;-0.0033688722503226235;0.2872937306312686;0.030888118414483863;-0.030890453497028226;0.14438017559021124;0.03757978369599562;0.17435605135252366;1.0221069778143583;0.05598110883406237;-0.06930293784443249;0.32212519880904006;0.051771286249341804;0.004075766312044072;-0.0988242372899067;0.044592697227093935;0.015654874304087973;-0.1312549155741361;0.030323178271612763;0.02148672569849006;0.9989191061475176;0.041218199769064844;-0.01992261410148112;0.19271343018149045;0.08267474219670448;0.025614992235038735;-0.11639040263456733;0.047286036297790206;0.019473812399465912;-0.13502111021896562;0.017473219606397413;-0.10797370017604095;0.8920619825566259;0.03591395881699835;0.02471631562849524;0.1191872433289721;0.08216928424292597;0.02317391323653803;-0.09706854434360296;0.03573119705233201;0.014912652476181018;-0.13733796252306663;0.0020942738015458247;-0.20823306809849246;0.772194808271421;0.03494763316646836;0.03328794573092098;0.0813374113661744;0.07054646964966821;0.022258150033696245;-0.08661946388502682;0.04029898888250305;0.01053724785354941;-0.11612394098304452;0.019497913298881567;28.961730964194384;11.210343239454996;13.858433960070068;22.46334647108186;145.45678493715857;12.099991338868474;21.868977023557115;134.80187162904446;14.906066236494189;36.178970450730525;121.18384038384923;20.117374021143853;49.70875865878241;108.24745732914768;17.185518594787272;30.71738913001399;8.470091230210558;8.127276916991224;8.185816324888028;0.9963877690699088;-0.1931206870064613;-0.12690021347086666;-0.4112228576222145;-0.17633510794776092;0.19214935219141016;-0.23013134021978765;-0.13739392922666974;0.39095314348029025;-0.13054636986057394;-0.1448841444564734;0.3490020773344724;-0.10761981390057875;0.05070707598434082;0.5099217460807363;-0.7395758832743271;-0.28151222610119375;0.5158177909634208;-0.21092369087904939;-0.2599012356112853;0.09610548245222723;-0.06872364947558024;-0.19569421912013055;-0.019952750741948105;-0.030723764985776794;0.0813314924919191;0.8035815334166783;-0.5896116581960851;-0.3425875345512773;0.5507730535328168;-0.2431519277860314;-0.30648901911496457;-0.054479103045459575;-0.0698439696676963;-0.2010342601047888;-0.1561832178850659;-0.0247000094010023;0.028106595096891854;0.9948436258738853;-0.4415580642715312;-0.3455363942945765;0.4004558030877397;-0.22024468436516617;-0.27782759872941387;-0.09257397551482521;-0.053744826607558784;-0.1751196533851422;-0.15751852775891761;-0.013106722700019693;-0.05096917578294233;1.072181693547599;-0.3140545449581355;-0.29313985576032875;0.20151210744316284;-0.1961323491436405;-0.21407535778048392;-0.08867584434590593;-0.07518201687134445;-0.1469270618671642;-0.11628235043230026;-0.029329302952098624;50.52406998304719;31.10262337659227;3.437229336834787;43.904370152660036;39.654673171702434;26.07525264059721;36.3247689710856;65.40561878742744;28.295867154084565;38.834948752292654;65.49129175780229;24.447715371646375;49.90516714315735;52.94363989403928;17.87988548257929;57.24529057983259;19.153386281548688;12.720732466579884;8.636521360417131
0.9947788281367697;0.20703460298508833;0.2709689700423024;0.044609472651220894;0.05538879322678621;0.34856783006213826;0.02410236154370145;-0.0368080315551527;0.3007559094036888;0.017010009891145497;-0.06745933508498453;0.14083472842100703;0.023146984052698365;0.1715258804191265;1.0205653776324435;0.04439635507419921;-0.07481354394893046;0.3028476562466489;0.03855505866908076;0.002650724165360311;-0.11230988087334555;0.029485616554352022;0.019181809059036846;-0.13276149056359046;0.019187290399073794;0.025774850353957615;0.9992108134618505;0.03022262976873605;-0.035281125847159804;0.1889127991047664;0.07051571210316625;0.02053947870231833;-0.11566607363291334;0.03344512174180333;0.02064505536420245;-0.13195820169487713;0.008767024519630202;-0.09939155831116546;0.8996333803662823;0.022760870827337396;0.011375789251098042;0.11888682453126999;0.0717734009131598;0.019545313360312237;-0.09539243338164359;0.029237496975143405;0.018422138374787896;-0.13527896486449864;-0.0009138095193233069;-0.19685005866051744;0.7835699148213633;0.016696185230011294;0.025868186985449605;0.08151307606715705;0.0653249410219954;0.017440805757233044;-0.08591566801908956;0.039863961270382546;0.012750473507003531;-0.11110263272415066;0.01986174260972053;28.42801264489068;15.990343088085098;19.234693461752695;23.77579020443363;154.95212634278437;9.401740534091637;21.86227634656702;143.95549824078893;12.191204059392524;31.593236649202588;129.5483625920179;17.507254336638013;46.49199915124267;112.39161312287646;15.126573015787537;28.172678181973374;8.08994498413687;7.784562793006982;7.799819672443008;0.99570799699762;-0.157423073277405;-0.1536187477962674;-0.42122744326571093;-0.16434787243391796;0.1748152823024751;-0.23444206379703464;-0.1610223477041725;0.36446591554505414;-0.13858066443117595;-0.14814772173234994;0.34467416540438156;-0.1171604748189844;0.09466155066991053;0.5113893834965645;-0.7240598453032056;-0.28461953881920615;0.49345914929472157;-0.22195374471089713;-0.26259130680549514;0.06852721638604442;-0.08859853816204608;-0.19706862228262667;-0.0319299197052193;-0.04709394991160516;0.09465268574038357;0.8096654448081579;-0.5792087158924145;-0.33372182775615034;0.49587939638648676;-0.2566739800841623;-0.31169801831690935;-0.0754628497617038;-0.0947891274800805;-0.20824841956327145;-0.14741271173420958;-0.04317225474490082;0.021074237535303315;0.9973196063632973;-0.4400922904965516;-0.33488934279923127;0.3587193666510041;-0.23827795845202407;-0.2797082882743085;-0.10259340829083942;-0.07773730707008779;-0.185148590507559;-0.15627291837741816;-0.028298657374647818;-0.07911907423648204;1.0732767646464256;-0.3222144031040679;-0.2885676946383977;0.1588878621057222;-0.21204026983173174;-0.21249187679153597;-0.10365134247994251;-0.09075326237240566;-0.1493988246455604;-0.11944981676936287;-0.040919364238683364;52.169492625077865;29.911928995042313;1.914529007142401;44.89239290425572;42.72401938379338;23.42091494968832;37.136564814088075;65.29194341366131;22.191554281407715;40.01173880594348;63.33090838620685;21.2090280394995;53.5159255677626;49.757736419948415;15.035788460831862;60.044134103102074;19.1019973499744;12.516546418101077;8.765112362029585
0.9924459251462272;0.2013488565177236;0.2728318305327361;0.06563121899277834;0.054305232994682824;0.33845527831700006;0.027707229183569132;-0.037564670269268456;0.30289640415593017;0.01504303834979247;-0.07265410147010197;0.14902647008766454;0.020817893084330075;0.17487577070344137;1.0030610685685661;0.06313614604145933;-0.07680738966403702;0.30812617841546786;0.04294730801896588;-0.013416714848938137;-0.10496004406179148;0.034448119855775436;0.015041021658241971;-0.12554094078102943;0.021886588650023128;0.03758531639772288;0.9986621737878313;0.03551347119962354;-0.05664014461610105;0.21250279598912114;0.07212324214878646;0.0025600286675238064;-0.1184763530712802;0.03753969268024242;0.021228394941213424;-0.1312162892551669;0.011495086989823721;-0.08595580200651579;0.9141019442077081;0.015661934989629638;-0.01680787639383987;0.14892141156418356;0.07553376311739457;0.007179721202769592;-0.1027609749447504;0.03685714103755347;0.020174465812631246;-0.1344027114802015;0.002659107681275897;-0.1879006432583546;0.8009134712763751;-0.0018073368763066753;-0.002417810295158087;0.09742571433735771;0.07124945695584552;0.01164041739276585;-0.08846668855185824;0.04572685987429994;0.018857238455319867;-0.11011359862644003;0.02214512126520634;27.772179285717936;16.24997291216938;19.336070274709606;24.12489187987823;146.7781490662844;15.960421664433229;23.249778833181406;141.81459524046392;14.83825810063278;25.7914918727651;133.50423058266466;19.090528498721937;37.911550196379146;116.43767795061686;16.05790634587445;27.324946417344474;7.8716853939311795;7.598542719323879;7.908340751642793;0.9959823447166254;-0.1389965678850574;-0.15305784407922654;-0.4206943843095315;-0.1618044941418021;0.17931409906662962;-0.23125850128195358;-0.175205985171376;0.35473336593839566;-0.13624542748230442;-0.15624181004826157;0.33762295069507237;-0.11456303374902851;0.11363754273308777;0.5327649342280916;-0.7030246958674939;-0.292882882938327;0.47341389101994524;-0.21483807594637966;-0.2600069926049206;0.04670253581013393;-0.0864126538995049;-0.1936609605161564;-0.04568982026530168;-0.04641216243445646;0.10212404559296395;0.8242705296294313;-0.5569100226213772;-0.33834950362271365;0.4539790765368643;-0.24622927262706273;-0.30481416083653634;-0.08238806852140781;-0.09281707889179626;-0.20291686286962668;-0.14086272337240777;-0.04414099727627497;0.021767251992354558;1.0019462494106632;-0.4182309514559718;-0.33334567893000583;0.33259021652980225;-0.23146299477821547;-0.2705129808869614;-0.10329282843586873;-0.07829662847342836;-0.18088097551619833;-0.1497767629402048;-0.029884050573965985;-0.084441220114491;1.0713249929243531;-0.30112450824133513;-0.2873886495323364;0.14351074836121835;-0.2070439555892658;-0.2075037083878483;-0.10553015897852444;-0.08993530930756569;-0.14490308838913538;-0.11421546575978703;-0.04087793216904353;53.90895921861672;28.068333595809513;2.337037815959858;45.801660319541945;45.218132969762216;23.114512514549745;39.44747712011746;64.1540546080126;20.09968214086302;42.09854231617507;61.978251347213664;19.971550313705148;55.69900389614024;48.570852410359684;13.818983250137718;61.57944225443408;18.732169908989615;12.301938910397228;8.856782089884534
0.9894743885490273;0.19267027721870977;0.2669102272066279;0.10326902706990339;0.05564933996458245;0.319181032636449;0.03839166197537851;-0.025661329983719637;0.300593624119189;0.01766310694379143;-0.06573614533691771;0.16181597699481487;0.023144773204094252;0.18060946385783197;0.9789039840807486;0.09381508682245844;-0.07744074340855608;0.3228912240455341;0.05419735175157825;-0.035332832511513125;-0.08942897408141928;0.04723037286442045;0.007879661196096354;-0.11482471302414844;0.029968885461710646;0.05243221206928789;0.997510194913735;0.04716221136337202;-0.08054865268592057;0.24690966051926602;0.07906121432074786;-0.02062068114549012;-0.12265508160361405;0.04861682650921904;0.021584835750266873;-0.13132926172331466;0.018679393839874513;-0.07046530818415477;0.9311563234774702;0.010823531499089968;-0.05105366622308911;0.1910032191769501;0.08479884357742049;-0.008711185282819152;-0.11368773751243172;0.050018924757504156;0.021260497242778297;-0.13393810422444793;0.00882048069875627;-0.17974175769996706;0.820546350803096;-0.02061663766691112;-0.03910381138454495;0.1195863731652621;0.08153837571794002;0.005390715638208162;-0.0922830322731395;0.054082681399450085;0.026535740834937368;-0.1106452001742803;0.025191684207928586;27.460461211446866;15.09900956223901;17.653468320559725;24.053290101495442;130.86050290323763;26.467690008742167;25.123113165739653;133.11868510808367;22.582262665067898;24.80407087528629;129.47460278551281;23.79149138393809;34.77854267096917;115.19990164523722;20.163558604296234;27.574078404035962;7.894595396722101;7.61116889354676;8.289948301824978;0.9966335462426338;-0.12788750740231095;-0.14220175522157447;-0.41592142403073373;-0.16280222774883668;0.19160752911757697;-0.2252586802350617;-0.18497912190115548;0.3515037833787121;-0.13004732363800994;-0.165599250102974;0.3296603980542501;-0.10747151434737988;0.1221884429290097;0.5600594196852967;-0.6804806592576563;-0.302416870301085;0.45491593519754436;-0.20113932399403672;-0.2553834075325728;0.02813519759893077;-0.07602053586151103;-0.18849255841311377;-0.05936210356193463;-0.039350407600821216;0.10693727322142453;0.8406629074525218;-0.5308957483625567;-0.3475220014793934;0.41877924766806285;-0.22717338202892293;-0.29353011668922957;-0.08362781209999479;-0.08080571044834306;-0.193013331798986;-0.1353769799966803;-0.03847631755383241;0.025297533991328645;1.0063609873766495;-0.3895583258268304;-0.33503085416707584;0.3134089749286811;-0.21552873678675158;-0.2574452761364268;-0.10038889031111042;-0.06999903509283653;-0.1713477615350758;-0.14153996793405235;-0.026272796036087585;-0.0808792364241734;1.0675069835671656;-0.2699608945042212;-0.28731851099842776;0.13902055705500702;-0.19432774652933613;-0.2013420380068554;-0.10232925684812355;-0.08295882126972866;-0.13792354265749807;-0.10602301503340897;-0.03645532348191516;55.62059278136451;26.048668158314175;2.1523512193322727;46.777763991160086;47.525504641707464;23.639045407337253;42.39688786642366;62.717579811495064;19.517578846186062;44.40370300683249;61.07824049796439;19.428853076022495;57.09975822796401;48.35761040206126;13.159905320103778;62.55035302877135;18.2171516214215;12.077975349071366;8.901533999801547
0.9865028519518272;0.1839014659113741;0.26087846412400695;0.1409613397414657;0.056976751910791684;0.29974539479365125;0.04908831113071675;-0.013719828986960936;0.298177402900379;0.02028321204131802;-0.05877777823089558;0.17457854160310604;0.02546901007421522;0.18629230936041857;0.9543369505655377;0.12453499659527328;-0.07804785544691971;0.33757634612960286;0.06545531729707588;-0.05728958468489786;-0.0738280420165538;0.06002677418885567;0.0006980540406094519;-0.10404122428746276;0.03806009073110511;0.06729641205449782;0.99599755123116;0.05882236705645297;-0.10448642026165218;0.2813116385374916;0.08598769924943982;-0.0438503796268801;-0.1267999715496965;0.059703463598607995;0.021934399905287835;-0.13139539384875687;0.02587447498250805;-0.05491185430442351;0.9479181292616102;0.005969475715366193;-0.08536444222063165;0.23311886613708763;0.09405603901483975;-0.02463762078610543;-0.12460029299431723;0.06319477958219284;0.022341543086988613;-0.13342431574110317;0.014993676692610824;-0.17149854245687016;0.839932610955765;-0.03946429524052821;-0.07586502147182589;0.1417580348904912;0.0918230696288464;-0.0008761223003115586;-0.09607555206813997;0.06243942575773753;0.034223401113894894;-0.11113840021225832;0.0282366201689362;27.559190709013752;14.30452231737255;16.377321027347566;24.00136236101906;114.95329627181869;36.22860732181654;26.971560931708687;124.48396692385907;30.083489045869207;26.175226122890603;123.88870656162749;28.17242652984479;36.05764732054849;111.62743526101643;25.1647132345562;28.43551729581054;8.154968381251438;7.782633382276069;8.750991493922077;0.9972847477686422;-0.11733977517861971;-0.13187901472717825;-0.4110711765655135;-0.16359578651828985;0.20298589253549199;-0.21942423052342855;-0.19399598367666368;0.3481600843105931;-0.12411062128439969;-0.17424273906158447;0.32189021980067906;-0.10071553017839874;0.1301126347728786;0.5852034440301991;-0.6587043735225248;-0.31110548955073686;0.4371391916130199;-0.18809443147110586;-0.2508151002964779;0.010669796613398537;-0.06619199652189482;-0.18347150880768837;-0.07215231409986876;-0.032682479542832925;0.111364067993052;0.855318864393643;-0.5059917831075991;-0.35583127555807165;0.3853460644801971;-0.2090734809766415;-0.28267188645318303;-0.08471854372522106;-0.06945196331466785;-0.18354051614454894;-0.13010470659688778;-0.03312145426312361;0.02859126288496409;1.009619985202235;-0.3622820219237027;-0.3363181936354953;0.29511525102925357;-0.20037130524925192;-0.24494346148541846;-0.09757261254039613;-0.06214322649959409;-0.1622419040829545;-0.13367815332226218;-0.022857512042433345;-0.0774620583814735;1.062978894003152;-0.2404502793221553;-0.28699915067281123;0.13468020622456606;-0.1822117806072052;-0.19537666052672073;-0.09923232449807354;-0.07633251337686396;-0.13124587164835344;-0.0982341874369269;-0.03226893912450806;57.1795442665754;24.29984349082459;2.026078750137884;47.940316113969416;49.866705142445355;23.962860010246867;45.50078928942073;61.20229270566034;18.94401111212588;46.67800042698914;60.18239345671556;18.866393909019514;58.42259616023193;48.144457975110384;12.48970935991732;63.41315512212627;17.73754934204662;11.88158154059162;8.951025584426773
0.9867477088114448;0.18421056593389706;0.2533821387530319;0.14379373529926998;0.06272068468599917;0.2937304992032274;0.04548301712049464;-0.00521532073272398;0.2970519998168695;0.016100389003886245;-0.05071345440988894;0.1851212244600627;0.02165890874588861;0.20645923319733783;0.9448970175618844;0.11138699338214941;-0.07458320176715659;0.35795995992663193;0.0574579532710604;-0.06622937808295158;-0.06876081048889068;0.058760546191812056;-0.0023003258986349965;-0.11011101510314457;0.03889403395065761;0.08845365600010073;0.9952379595331975;0.040955520316722255;-0.10807188185366072;0.30530247975628394;0.07724496820376829;-0.051678837885223185;-0.13013535217422237;0.060229853203489496;0.022155281904734935;-0.13764912918184277;0.02706776123929719;-0.03695567044288331;0.9558496904113486;-0.015910999424690167;-0.0925525160189793;0.2630278572333146;0.08698115438424431;-0.030294620065489927;-0.13125955951311735;0.06762660431596994;0.022297933911364046;-0.1387590664788957;0.01881307932139071;-0.15929027800947096;0.8519065692685392;-0.06475877090489347;-0.08352298794459333;0.1713721162978596;0.08693744277381167;-0.0037826619287373575;-0.10151251636703462;0.06569132462983308;0.0355412358219326;-0.11660656572587999;0.0310697291030502;27.921644431056123;14.105902330974507;14.647410570878876;23.986260366899614;113.12760124556739;40.14492787438959;26.69824774806207;125.5310824184503;31.8009937016568;24.906003549694532;125.93630415751781;28.345241683369995;32.449336008392514;116.65034935343596;25.43243773878249;29.014642544897384;8.366435208522827;8.003551483327458;9.001658632227592;0.9974428607061644;-0.10855415694318848;-0.12536122447154524;-0.40991608308798966;-0.15882006725394351;0.20298729335525428;-0.21668275385281133;-0.19170355798419147;0.34513601386008713;-0.12193185566381494;-0.16930685344875707;0.32428267480798995;-0.09869080486040653;0.14367191298250265;0.6022860130233663;-0.6418829773055625;-0.3106213738511206;0.42680842133170943;-0.18500142923781085;-0.246597584043902;0.007152292299271246;-0.06930080877814404;-0.18329640367465913;-0.07347128530298169;-0.03452904647898618;0.11619294211889236;0.8657214119701461;-0.4868527878714186;-0.36014679014564716;0.36263146712763705;-0.2013856772082741;-0.27178413415013103;-0.08956182361471478;-0.06918610758129376;-0.17423036335930558;-0.1316008837034306;-0.03399635680527791;0.028507976623857168;1.0114750484218349;-0.3419308014734244;-0.33620896479729395;0.2787089378180146;-0.1944327448787908;-0.2317934967196065;-0.103476051786413;-0.06126932400075196;-0.15205648638485927;-0.13932971762423635;-0.022049911037631133;-0.07834481885147168;1.0610184077747955;-0.21918334614194904;-0.28111343708387915;0.12888113816652016;-0.1765764107613636;-0.18588962824271157;-0.10113362084205117;-0.07354625730989685;-0.1228983700647912;-0.10255729138368544;-0.029906451903602728;57.218718778666954;24.180633989268284;2.507554473123428;48.40385137131315;49.82325543314114;23.6164609429105;47.639261879714894;60.62215158194703;19.056431453793966;48.42788776307956;60.74506308332884;19.630624120263477;59.303252312192036;49.12634204612153;13.875928036811152;64.13904901845666;17.49323464558599;11.820479355981005;9.006453107266692
0.9890257014432536;0.19017147073113005;0.24433179847082273;0.12376162564701018;0.07141772724210645;0.2958504396057711;0.03237846157739775;0.0013037411954482745;0.2962893961067213;0.007335481990255857;-0.04161675704124332;0.1942456690896103;0.013705207282473854;0.23634855006283856;0.9436268564337453;0.06908352207469262;-0.06825047917389294;0.3821159438503894;0.03658537149414362;-0.06684230784684612;-0.07031133424257437;0.04819934355185351;-0.0026548873223132563;-0.12718188552297063;0.034961629402956634;0.11419824438615835;0.9934526565488864;0.003252718106425545;-0.09832841636522316;0.32274530029353843;0.05791397681769771;-0.04961517257806238;-0.13284465993454855;0.0537951105752333;0.02226542013654052;-0.1479131788787568;0.02434158672074441;-0.016853866844463602;0.9568190315804228;-0.04950775667483824;-0.08212520078908084;0.2854540069144802;0.06891976696303499;-0.029374615000257228;-0.13514236029799886;0.06638432248731188;0.02148621322968003;-0.1478545853473628;0.021180715147001105;-0.1439014695615454;0.8581168286806821;-0.0948970353493059;-0.07230136940945041;0.20644498478523987;0.07188673821065146;-0.0045770875436178015;-0.10802779826547597;0.06561063601027907;0.03269053293357692;-0.12530302439349106;0.03380062960056479;28.278016822662014;14.07868832023309;12.58678224152694;24.14072349289554;119.10205275487768;40.88251890391928;25.26052043044669;132.20772539002522;30.254738612684797;21.90353325676142;132.47890936033195;26.280525572942604;26.25533320262191;126.33556833922347;22.799062673933097;29.12723625018049;8.440010160239424;8.192294286760987;9.087866426528116;0.9972892841499824;-0.10081828484623213;-0.1210978166043342;-0.4109692206010387;-0.15077445058063466;0.19629665561143825;-0.21578117238029956;-0.18275900132277145;0.3423263235217743;-0.1219779475692105;-0.15637996987365743;0.33268846005276076;-0.09946297556355811;0.16055851518754197;0.6146536382385871;-0.6280347811012537;-0.3047525325213355;0.42090149584729025;-0.18778946509793173;-0.24260614722258042;0.011858789865566394;-0.08004000218196367;-0.18599123148393512;-0.06803283442134206;-0.04139669069098533;0.12126547310088558;0.8736752313202109;-0.4711541947294903;-0.36213239998137325;0.3462697418096599;-0.19985303770750765;-0.26090248702243896;-0.0966219216493488;-0.07546159271637932;-0.16503200956361155;-0.13709597449391728;-0.03854581134586804;0.026436040256762296;1.0125747184030878;-0.32569385805886997;-0.3353007325055898;0.26344124009448794;-0.19394481628532495;-0.21828289220965066;-0.11452505228482812;-0.06451595209522394;-0.14124930054979343;-0.15295535856764428;-0.022781406746382418;-0.08176770022583696;1.0606486761293255;-0.20279948224070524;-0.271968762787908;0.12223354013397844;-0.17477607650382398;-0.17434341105193474;-0.10598795201637058;-0.07302999740738722;-0.11357837535228689;-0.11402615421562864;-0.028622149779794732;56.33912881339661;24.98461388875993;3.6320938720788556;48.398367375936864;48.32461099009291;23.001292572713687;49.15780975312935;60.69776417575818;19.558673870622318;49.89857181617814;62.27423667394981;21.008625916873644;59.967625343597724;50.91234319871816;16.43375317204321;64.78823831860639;17.41178784413845;11.849829863474215;9.061824272509476
0.9913036940750624;0.19592056187701828;0.23443192553760858;0.10276538382857345;0.08025840402775862;0.2973936647111075;0.01874992881899338;0.008045212519233817;0.2948495031087781;-0.0017484222210278877;-0.032114282408633746;0.20325866895674216;0.00544654671358891;0.2667514777114515;0.9402396907748799;0.02516643187518774;-0.06154897835265729;0.40626717118533007;0.01491113701857382;-0.06732956806983921;-0.07176096677130767;0.03716729429309482;-0.0030158683354337616;-0.14456324564859271;0.030816526720735656;0.1405815773263567;0.9894230823100357;-0.035760093799402495;-0.08803223041914113;0.3400818182447265;0.037787746015580354;-0.04737119228298878;-0.13535573622024666;0.04701982219987236;0.02233044803207603;-0.15820695490967565;0.021467728564238328;0.003979604955749863;0.9557197740787792;-0.08415672174950391;-0.07115713174318336;0.30802798623350647;0.050082833441384825;-0.02835828318168181;-0.13886243304522142;0.06495326832879846;0.02059923820730838;-0.1569395793538874;0.023583634112295047;-0.12766473707062587;0.8626564403877052;-0.12586827689517835;-0.06053313158354618;0.24227628463682277;0.05615800682407221;-0.005388909758361729;-0.11453089020338059;0.06538301500724573;0.02966950086623691;-0.13402471314583017;0.03655164078872823;28.561683986970955;14.06179251594993;10.702425939691047;24.44907191202576;124.43365732378281;41.079244540763376;24.005488185183463;138.74289040006445;28.5759246516487;19.269872167910084;138.72262477569762;24.291889424857093;21.61806563140024;134.66785402566674;20.34394821488778;29.134853977139734;8.514570545207818;8.381009880574165;9.16722927826642;0.9971357075938;-0.09330079027951468;-0.11693383502247878;-0.4118570167385731;-0.14294129243373135;0.18976005162323548;-0.21483989117767144;-0.1740458072955725;0.33949833046252303;-0.12198359688418502;-0.1438218626755053;0.3407157426918736;-0.10017837487019393;0.17684687898012755;0.6264243976745371;-0.6144345958312756;-0.29897647455089627;0.41505149894979176;-0.1904272300662739;-0.23866652766309884;0.016409053835408718;-0.09040578715484716;-0.1885393816847303;-0.06274881487801984;-0.048028668237607416;0.12613497897678355;0.8810924412616883;-0.45581364287397624;-0.3639380594143754;0.3303274148488432;-0.1983062250307613;-0.25028999375097033;-0.10342248494059476;-0.08150971414519129;-0.15607889960703794;-0.14236929820926678;-0.0429355974065985;0.02442277393821415;1.0133154368872557;-0.3098788414555639;-0.33431485127365346;0.24858395293184424;-0.19341076216496145;-0.20514020456327672;-0.12517959781003493;-0.0676368184977928;-0.13074706401963862;-0.1660908138254837;-0.023481934284692214;-0.08505360215869619;1.0599522371401602;-0.18688154628346157;-0.2630334468829439;0.11576223138603207;-0.17297824739997525;-0.16311551341550257;-0.11065120410838733;-0.07250713981462296;-0.10452399454014547;-0.12508712173438738;-0.027370307595923262;55.4339624150102;25.79849879395936;4.826202697201924;48.43764666494209;46.89738798862804;22.474396614836337;50.721372744004704;60.81531010310857;20.00769578610897;51.40950823733193;63.84548688330853;22.08344846306446;60.66827941434005;52.75225111870726;18.733664831565818;65.39431730867149;17.364183874570244;11.89703816350814;9.1146895167695
0.9905990307364496;0.21470264672537576;0.2084715478793407;0.08998609202882793;0.09773682974587596;0.3015153783185014;0.015077105042887753;0.02031612774152544;0.30756705344290663;-0.0015035122991777722;-0.023465527168037452;0.215882831233376;0.006455451565500517;0.30509850215570267;0.9222672654482607;0.0046565581007475786;-0.034964202351797966;0.43674868023265934;0.010902112588177292;-0.05482821982460374;-0.06446099936655432;0.03918150806417134;-0.006587993781419878;-0.1467126259812256;0.03402019931581195;0.17134150527051178;0.9840436702757691;-0.04795981194530195;-0.051550813031589926;0.35748549478266295;0.032448010803757164;-0.034850092970051774;-0.13709259499157284;0.048528015515236396;0.01273939398003778;-0.16353535125048224;0.02436965877711143;0.029221436650533318;0.9636455624555987;-0.0881002255430178;-0.03449412424796463;0.3208990795024461;0.04345653519537636;-0.019388886621970476;-0.14010251435837642;0.0647127149259922;0.011171624656913555;-0.16081180103789983;0.026139883767497867;-0.10405478138944098;0.8843969269697428;-0.12153264029279688;-0.03034371065399214;0.26482149490599943;0.052176180532070085;0.0016307417158845168;-0.11297820364792041;0.06597718751633302;0.020858258983488087;-0.13994841921682163;0.038956167753037466;30.774458941317523;14.490745172495249;10.176247357535507;22.90798635635144;129.15791116151178;37.51127610965565;19.709628250164858;147.3030276087691;20.961487385259893;15.093968847720738;144.97119227936972;19.078421480298495;18.847577467706078;138.27996103901438;16.45989440402609;31.7326231375305;8.950813062105293;8.488096808610516;8.77112975273193;0.9971662560676946;-0.08538648707073486;-0.1003626110326167;-0.4124129004417993;-0.13476841453089186;0.19256144501053568;-0.21376843074731058;-0.17065743965043165;0.3304934983776543;-0.12203374745981428;-0.1366967057121756;0.3419506455359699;-0.10078576606148353;0.1874037627737417;0.6539374688344204;-0.600690535092592;-0.2931787395576086;0.4152677940837807;-0.1920721701281355;-0.237073171122294;0.015137863882934753;-0.09858784835591455;-0.19058365180439502;-0.06467250996976065;-0.0537500683892075;0.12322001597691458;0.8880688540281363;-0.442888855321289;-0.35735496806546363;0.3286167645549311;-0.20053408104323064;-0.24526432338526433;-0.10414842562836213;-0.09068941711171724;-0.15372095800246502;-0.14265219713350796;-0.04947533998830747;0.013144650427370374;1.0023974580040702;-0.2990033544955096;-0.3282311328667473;0.25024327364764176;-0.19491053606861863;-0.1967363356862553;-0.12214571570196446;-0.07425574948493886;-0.1269176632022331;-0.16915317369795213;-0.027594208553119674;-0.10114703298501367;1.0368318001654275;-0.17837846766053383;-0.25833283408573354;0.12243656605550296;-0.17412593105590857;-0.15656562080484193;-0.1039776059639914;-0.0758177534627129;-0.10045299560427208;-0.12567020083514302;-0.029762036576931553;54.26185703548971;24.99126004221667;6.009651936602522;47.6850375177214;47.33129030518774;22.492250770555092;50.145059863721684;61.03105367396348;19.847677456871292;50.332257750479435;64.10212384220955;23.170209697270487;58.63589613701311;52.903528555795575;20.538827045621957;64.99218513941246;16.560083957496197;11.739384573216146;9.238211862071415
0.9880144056921136;0.24411578835280567;0.16919930704265018;0.08200887199374092;0.12264871857205804;0.30777497191874675;0.018132716420740748;0.03742853477775403;0.3312407833396717;0.005330433246233729;-0.01475092422861897;0.23202720397732252;0.014069312311972202;0.3520034779263788;0.8926474330432946;-0.0009505839264525112;0.007675144036510988;0.474046254524804;0.019025221969020033;-0.032215163048275305;-0.05043630152027376;0.05053995498982304;-0.012697421658554937;-0.13830205544219726;0.04264716567980446;0.20755966520639982;0.9773109383840802;-0.0422174738021544;0.00618705052589184;0.3762840092355946;0.037110555072379516;-0.014125172496232173;-0.13841995053370354;0.0559871504361265;-0.004392267595890363;-0.16577995371580484;0.03156364253185652;0.059516249813301225;0.9785513971783497;-0.07072372459174947;0.023094251937734983;0.32793386819979115;0.04491923135518993;-0.004126350519515704;-0.1396934421180604;0.06529287191662943;-0.0049984124412943;-0.16131358888710245;0.029001714301938188;-0.07343134964067874;0.9199406332754133;-0.09199782261795379;0.015148771446760204;0.2797526220730936;0.056160929214069094;0.014707706118254147;-0.10563355710656894;0.06719682520838184;0.007289369641763641;-0.14436043929157644;0.04130271710638225;35.241977001133705;15.430040781219924;10.39310008461662;20.72233484596166;128.61306131526774;33.041924471378216;13.659800747516098;152.03669777175963;11.88244997537799;11.919344623289696;147.09874667401272;14.854827384161787;18.65751606022513;135.19262194196816;16.896614723943898;36.75592069884073;9.816600885687231;8.665238239634421;8.166131114988953;0.9973128581558988;-0.0772412654764453;-0.07629327138777345;-0.41274233609684385;-0.12639681964118735;0.20100834009102583;-0.21260749996858272;-0.17049400412804;0.3177407570480741;-0.12210363717883572;-0.13287096404885299;0.3390447421402668;-0.10132063523173879;0.1944548629553928;0.6909063338706871;-0.5868495417026464;-0.2873614397834248;0.41913757866118734;-0.19310081596713619;-0.23689150816864907;0.010338376741708502;-0.10542487614778323;-0.19230743980259807;-0.07095915759194034;-0.05890558524762606;0.11558322209603192;0.8947130132399764;-0.4314268683206244;-0.34567673375341396;0.33551923971097963;-0.2050347780569838;-0.24362111000611278;-0.10118364203824798;-0.10174557008016522;-0.1553572856008528;-0.13990032806634814;-0.05730364941063922;-0.0037309519007651206;0.9843718901255786;-0.29112555151319974;-0.3190484574889896;0.26189949981534694;-0.1976292935546858;-0.19120985842127775;-0.11081049161752547;-0.08297905754405224;-0.12713392511075244;-0.16609223898466816;-0.033765907360061714;-0.12497036740625467;1.0000969871041587;-0.17437662436066786;-0.25619346772576496;0.1370620457304226;-0.1770472586037064;-0.15285515987435408;-0.09043633472000168;-0.0814421610675895;-0.099405278282609;-0.11989169216030021;-0.03435681952328456;52.83195695729364;23.376632025326362;7.238782213903667;46.486826865563536;48.88550259859724;22.767693981731682;48.23914072160237;61.28242227362809;19.33443547685418;47.64066842318909;63.3939876990067;24.488858802819284;54.92979418076009;51.72029058174833;22.2793089368924;63.83366623047534;15.403150548585925;11.50556622854874;9.460799703049164
0.9854297806477772;0.2766585604207884;0.12493113120656531;0.07293821285575121;0.15035012200012543;0.31427834393600884;0.02152538190763712;0.05653438959965556;0.35721102424454554;0.012976347965639144;-0.004965336260764172;0.2497275605811914;0.022574387006522017;0.40396080293815145;0.8579968228373825;-0.007229583424816817;0.05542287386064216;0.515040872292293;0.0280925267055791;-0.006833069094613775;-0.03464396625537501;0.06317914862687575;-0.019519643174271416;-0.1286530830875192;0.05223985139950897;0.24778508784114722;0.9681564608584705;-0.03571578840731176;0.07084910916935508;0.3967191660896652;0.042271824071169986;0.00911215799080918;-0.13967824975258955;0.06424972756881756;-0.023574218600185312;-0.16802050265138146;0.039569536488025296;0.09335128063312162;0.9936322643357095;-0.05114354334773905;0.08756096278278898;0.33527226349578243;0.04648345662573047;0.012976050827912023;-0.13900466386835794;0.06583493527895842;-0.023102245877323187;-0.16160938056837146;0.03215938536755356;-0.03900879141635621;0.9582347545383455;-0.05876397718524723;0.06607996717413131;0.29601524559309794;0.06053155407305386;0.029330958003245363;-0.09723244999077969;0.06845202926496392;-0.0079211961608509;-0.14906407078029435;0.04386291707698944;40.85164686719521;16.618741163368313;10.578334330914817;19.387875211087625;115.97808907376313;38.965645163692535;9.077661307418696;146.51648660841784;15.975716687006486;14.047805114295754;141.79839395074512;19.011347628745188;20.952588232995883;126.81879060494646;25.042305986218572;42.46245177809089;10.971940289049325;9.023765854309977;7.7074338301088;0.9974594602441026;-0.06923901099795175;-0.05268089377767904;-0.4129715976937714;-0.11816149534766343;0.20924316767338355;-0.2114211881523195;-0.1702950909928746;0.30516718493558104;-0.12214443513960296;-0.12909044889517435;0.33611914361673423;-0.10182196761366245;0.2013228868216609;0.726989919825352;-0.5731480799415705;-0.2815935439057254;0.4228359761494129;-0.19406536339915026;-0.2366596561237445;0.005631115423765494;-0.11210325352971605;-0.19395361191320082;-0.07710582276587225;-0.06394614410682928;0.10807067421597022;0.9010231729399468;-0.420092812601854;-0.3341501550368936;0.3422095489237447;-0.20940025226158956;-0.24195497946944292;-0.09825431231294408;-0.11256077121604072;-0.15692610749202232;-0.13717092968905964;-0.06496469789647441;-0.02027317894615015;0.9664780815435295;-0.28333689963294234;-0.3099743074828209;0.2732665987874556;-0.2002496216583228;-0.18574887859427192;-0.09967347323557657;-0.09151164129635889;-0.12731706928800712;-0.16305392006586777;-0.039808330726713866;-0.14829590521937;0.963859023921435;-0.17041405680638974;-0.2540381071227018;0.15136822511584097;-0.17987083681893756;-0.14918311794869718;-0.07714136309120778;-0.08693725606496039;-0.09835564328278805;-0.11419983464009298;-0.03885326553840697;51.293972494755145;22.077890082799573;8.513962171279957;45.37260997099534;50.40978042397614;22.991896843106787;46.380541686412364;61.522196170486176;18.83217042284514;44.99291702685919;62.53767861020697;25.917301333414553;51.30410410819813;50.24644942761682;24.140812331486142;62.5268203933454;14.41380243954978;11.350476571677998;9.756337272470143
0.9857323800714668;0.30064860808702043;0.09092419731073441;0.06462048992881066;0.17467544981409575;0.3211954972996671;0.016299691953984206;0.07328347223399968;0.377867292930341;0.011306019730385407;0.006269735557310368;0.27010266931980803;0.021397612593991228;0.4445912796121852;0.818972302859376;-0.03960564474271136;0.10111297822304492;0.5501842698254563;0.021565892773260795;0.017293891742887382;-0.002925676232388651;0.06710529673003553;-0.01457760757683875;-0.10482347678178547;0.05795201847616999;0.27847312791389717;0.9583331897137634;-0.06364129573550742;0.12657574130582916;0.43604028151551516;0.03179336878866539;0.028717843513112806;-0.12577426913792564;0.0717559727774885;-0.028770639150601948;-0.1658652075004904;0.0502512144941092;0.11708791790983476;1.0136225189307047;-0.073401552715886;0.13851943445224868;0.3719561998407736;0.03832418901054936;0.029811244224839512;-0.13457081637195098;0.07534945497157984;-0.0280364891363949;-0.1655739507940353;0.044404955653252046;-0.019833349812765477;1.0051163820246434;-0.075326667290752;0.10554786886735101;0.3315425191213854;0.057210094364288144;0.045258314055872224;-0.09161499435099951;0.07465762208668329;-0.010148253180192931;-0.1561886478710464;0.05250761278071139;45.147305031475064;17.572259430486916;10.042406058591604;18.663712638590027;87.65878995573304;61.88768351655007;7.65435751048271;136.73272073856592;24.278273413812933;16.843364291285813;133.3987965460273;24.690121297291498;23.157096964167803;118.54925241594785;31.729112448661173;46.58278762366891;12.33552040328767;9.602734580858938;7.700838373156672;0.9970305857133452;-0.05918847185400523;-0.0356972886354868;-0.42720583279678065;-0.1084657739839259;0.22276142056689058;-0.21420028765512406;-0.17173389080935905;0.3023228083770076;-0.12420597367563409;-0.13289778139039843;0.3364963785033968;-0.10550770476877365;0.2153656390868102;0.7519825233776685;-0.5743387419844871;-0.27243361438991637;0.42445371454268976;-0.20404722668498085;-0.234905847869151;0.01895150710140088;-0.12580963328388203;-0.1979529871994816;-0.06205669189242508;-0.07372799145402026;0.10928258521717978;0.9015826667151512;-0.41857617185769985;-0.32034914697416156;0.350710686905482;-0.22464526263959683;-0.2407203422393989;-0.0813245956013637;-0.13015525039037512;-0.16268225999904407;-0.12376666144514079;-0.07560446043098673;-0.02597450985833188;0.9534532966144232;-0.2818867029788466;-0.2964678322066583;0.27792954185013946;-0.21369166714776602;-0.18412455370147932;-0.07994454758462022;-0.10942095658379099;-0.13069768214663888;-0.14802354617995417;-0.0500636284830567;-0.15584635074931721;0.9443559336366979;-0.17015481218853287;-0.24525524591372433;0.16527641855871736;-0.18996455128435638;-0.14596485364655598;-0.060075843524796134;-0.09862336529688337;-0.09855220182324864;-0.10474723401761141;-0.047104136476260015;50.594679516534306;21.41255754768671;8.374449119404995;44.32677764516231;47.75845634437585;21.82681653102027;44.4304113997277;58.7438088463425;18.317891242293626;43.19112581567195;57.91813561809025;27.323500386111757;48.45443362858984;47.01590732985768;25.968436767146468;60.661246230034926;13.922862957616891;11.45750891688152;9.923143513413402
0.9876871229867066;0.31992510924124296;0.061207607855859006;0.05602952736472551;0.19821353423083496;0.3282848369012584;0.004568367103568266;0.08956632207839815;0.3956556306508778;0.0029353529609033573;0.019410130664640333;0.2934235158963694;0.013282154127274562;0.4795921509200161;0.7720326643160841;-0.0928215881764001;0.14880825723073757;0.5828826082679788;0.0035193839897262225;0.042436916344682975;0.04252571894758552;0.06508640165229496;-0.0009469185917367452;-0.06890532718116348;0.06127533903081461;0.3043393914232466;0.9452454416922706;-0.11784986121379984;0.18022836831080238;0.4908631540319479;0.009424722585226248;0.04728426441798359;-0.09984398631099438;0.07918236081246591;-0.02450127344954179;-0.1601025300752205;0.06356296022326421;0.13538968824581402;1.0365395694506345;-0.1266726564665876;0.18378523835819463;0.4314105077101043;0.022601889963562993;0.04774566619396895;-0.12686955274480394;0.09177006156785016;-0.024058503836897616;-0.17208602260987652;0.06392140138114967;-0.009787477949247206;1.0596810932044314;-0.12803107143371362;0.13990736529085918;0.3827523238787118;0.04810044497047313;0.0632833077713164;-0.08731034561025834;0.08468085150790536;-0.003414257307063741;-0.16525730905958;0.06600831779391214;48.63696208686694;18.368731022543162;9.226262356346867;18.553227333904466;53.98548756541264;82.84208785969052;8.1354201035805;123.99144418507463;32.88448860413523;18.356618410013127;124.82122597573482;28.835786456444854;24.661704352372233;111.35887406007609;35.76129917026105;49.6536375529432;13.948270199341744;10.331989058262295;7.913076148201135;0.9962724087812378;-0.04773393686013233;-0.02212124120656447;-0.4498105865135181;-0.09771295511482286;0.2396280612418708;-0.21932390638653437;-0.1741507269392424;0.3049992857797056;-0.12747772270934182;-0.1411463982899313;0.33878734531288923;-0.11110738993392617;0.23385250458480092;0.7712240875227997;-0.5841121816756887;-0.26112794148395474;0.4249318731897186;-0.2194348799838558;-0.23224782748940154;0.04291179121685833;-0.14386501301096977;-0.20340057108086562;-0.03451504800123962;-0.08645576130218964;0.11552630231573438;0.8988922347759756;-0.4226658535210836;-0.3049373383720839;0.3604588115421999;-0.2464856689860881;-0.23971318987438137;-0.05598315205024598;-0.15204621889479009;-0.17097705123973797;-0.10393948799712623;-0.08819994516065621;-0.025595850818786976;0.9429524244719363;-0.2840456735360773;-0.2801198470860527;0.2788683320040818;-0.2336539016167581;-0.18466808571164112;-0.05483864213761448;-0.13312183767966476;-0.13599359174209902;-0.12577870739205557;-0.0629721085659326;-0.15453656782351916;0.9340267812893348;-0.1720180599900705;-0.23248018412957153;0.1792840144055075;-0.20446485361234137;-0.14293755361618277;-0.04045721672587328;-0.11413112769366475;-0.09947105297708116;-0.09292473494833829;-0.057699022422206654;50.35523802616777;21.332284552069613;7.424316611478356;43.280597582542434;42.86369871436368;19.820413496025967;42.45447902368128;54.08450573969514;17.873436092358027;41.93444490766509;51.08354970390638;28.152210109197583;46.13451282492059;42.62726509481592;27.519512910818598;58.64944019974086;13.664447871562302;11.687753347513237;9.987527412764564
0.9896418659019464;0.34095097206897657;0.026132654313730838;0.04570544522866844;0.2248115784986207;0.3350063788195502;-0.009184228638951712;0.10819422972987475;0.41457614244331914;-0.006875996755245478;0.034696825933723106;0.3193102191372365;0.003719834733870726;0.5182557250021683;0.7133868843270765;-0.1546613730535752;0.20391772681281967;0.6183553624806751;-0.01761964019660998;0.07166127214793644;0.09551912194863686;0.06241096757838096;0.015011359298796179;-0.02653494280453347;0.06487087652978545;0.33315291594808805;0.925389289844719;-0.18073128350114895;0.24215964097082882;0.5526728322539413;-0.016801399785022132;0.06878791207291172;-0.06901514598630312;0.08749427369850814;-0.019386666183087816;-0.15258912127291066;0.07883824198835027;0.15616060896641706;1.0583861397564553;-0.18841449176633318;0.23588326773920149;0.4989263624605593;0.004091574094747938;0.06850738989585688;-0.11724671294113553;0.11054862388131835;-0.01928706180725134;-0.17888178690868553;0.08645711328876023;0.002017473102579948;1.1184578561034435;-0.1891031045619829;0.17945100045352338;0.4408521823045078;0.03720734314427886;0.08407644669905491;-0.08185291106776807;0.0960057818111818;0.004483787038640036;-0.17507815861735623;0.0814930231184688;52.379792147829434;19.23783655166219;8.572160149393504;19.537039160238393;34.20910213326741;74.44529954409953;9.615864315420168;106.88104444402663;44.67786656335258;19.78889819858259;115.6851746639623;33.3124904994394;26.08500234951633;103.93001923478131;39.70425999990036;52.43913848715954;15.947798004223825;11.233492146862856;8.178236839875881;0.9955142318491303;-0.03606124332781953;-0.008288859998198662;-0.47281064660541794;-0.08675191778766789;0.2567958758544497;-0.22452952816365845;-0.17660166811607744;0.30770627314047794;-0.13080264973817457;-0.14954075330975594;0.341099396626459;-0.11680502175631897;0.2526713389812798;0.7907770055970293;-0.5940313153189767;-0.24959309165463972;0.4253915030286782;-0.23509724511802926;-0.22952486667706745;0.0673191722707551;-0.16225008518481474;-0.20893727147659621;-0.006454052112176365;-0.0994169094026761;0.12187977227393845;0.8960931006974879;-0.42680496247444744;-0.28921642079383003;0.37036663232459693;-0.26872019204230263;-0.23867161027992911;-0.03016227746179746;-0.1743383667004714;-0.17941651656869262;-0.08373331431568194;-0.10102621147278804;-0.02520842526613765;0.9321933504373542;-0.28622679378740795;-0.2634467819625196;0.27980669706703765;-0.253975819146633;-0.18520986908314824;-0.029257802167672015;-0.15725910573503332;-0.14138013341941072;-0.10310806095509138;-0.07611888003059633;-0.1531921891659717;0.9234432290087362;-0.17390515679872287;-0.2194502108204089;0.1935430093773237;-0.21922417604501943;-0.13984416083669196;-0.02046761466149058;-0.1299226735870115;-0.1004007173931059;-0.08087424321659933;-0.06848910139036594;50.06143036975336;21.642818878785032;6.494891588009223;42.2303095790793;38.218964151926926;17.934271624716967;40.54871224605506;49.37953772193159;17.56435157673436;40.79765006048949;44.398085875203904;28.1578661626592;43.98399596772042;38.13377635562387;28.651897059263803;56.78446723173873;13.41798464930208;11.92432958217034;10.054295664370818
0.9915966088171864;0.3633596751407178;-0.015175355919222623;0.033295822348130895;0.25452177512168794;0.34067835661285595;-0.025252515434646284;0.12932678488695679;0.43402980006519143;-0.018337265179939582;0.05239591051439047;0.3475624898988716;-0.007519303937339568;0.5601795753017168;0.6398995112560982;-0.22616569326013358;0.2672037211214176;0.6558764145004;-0.04229498119807667;0.10546234158707905;0.1570388249955147;0.05886134622657543;0.03362798920069284;0.023331727676220312;0.06865955034190929;0.36474637310937813;0.8959948138908292;-0.25328516889919306;0.31319378566296824;0.6215150460062654;-0.04744823672636169;0.09355317910344792;-0.03240391701915365;0.09666495340227851;-0.01326035990441524;-0.14277041544542246;0.09623261622935589;0.17948989879943092;1.0770224284000192;-0.25958117375648976;0.2954265100665414;0.5748154367291958;-0.017644134960451016;0.0924043876407938;-0.10518734140102456;0.13184232671499319;-0.013563873509935704;-0.1856712036667261;0.11231616124719077;0.01584888169361947;1.1800090280330047;-0.2594797048390143;0.22464302204247066;0.5060815524677765;0.02418646571305356;0.107907535167533;-0.07491227555133007;0.10865392264237018;0.013716938988106242;-0.18544046703021197;0.09911548609109239;56.23283213174663;20.174419032496147;8.089648829170628;21.98663865602063;23.71355585733986;44.72136299719948;11.684238829610974;87.28381824577579;57.926481866218815;21.15726313960885;106.58507451278649;37.698138613594466;27.415506831140007;96.71211928285459;43.30307400400863;54.57002574367019;18.414229469753636;12.37732685012602;8.52827398760083;0.9962009348785564;-0.03506135269349394;-0.0030905682829186158;-0.4564568421653428;-0.08337084823815434;0.2538941814396153;-0.21397007111310712;-0.17460851044873082;0.29921307668467884;-0.12312532836072297;-0.14922570823624334;0.3251917760332074;-0.10813870003110719;0.24910470175226893;0.8048861149180018;-0.5586832567368948;-0.252964362826818;0.39338393305996144;-0.22448473889171636;-0.22290134775438503;0.04312753431782775;-0.1533298138884103;-0.20014271775324108;-0.027927837721663202;-0.09227383946586389;0.12011671314024128;0.9103561739639829;-0.3960096106788867;-0.28072176280115707;0.3536933846531105;-0.25430710078330054;-0.23238706701599943;-0.038348998732218774;-0.1639879562184445;-0.17694849926286357;-0.08957022872729536;-0.09266292395223959;-0.023435758869630972;0.9402481831113642;-0.260281413850802;-0.2566897243161607;0.26774974927422984;-0.24485589476692338;-0.18388029337844028;-0.04329238542297875;-0.14915999543801758;-0.1403518155990749;-0.10518877892235068;-0.06913201334430934;-0.14789032362114812;0.9228315662930249;-0.151749688142583;-0.21380801420915171;0.18119850435719032;-0.2133053938184686;-0.1380257595650261;-0.03176722392226541;-0.12374677076506843;-0.09856696595915544;-0.08374731185546685;-0.06260786633370449;50.44505992088245;21.792158842994436;6.00138825916292;43.72205007701383;40.68703918814762;18.969332856428736;41.360560926751724;51.111622638159716;17.99765873153536;42.163145517106514;47.60259830903056;26.32032375897717;46.10745610351182;40.79183773489618;27.315332261279284;58.21386534360399;13.284586250243736;11.523408814262496;9.756388964159848
0.9935513517324264;0.3862995814566069;-0.06339114371586928;0.018468165048693815;0.286994128908064;0.34423244463522906;-0.04383260562817421;0.1528923490919433;0.4528706635341403;-0.0315872218726774;0.07263911915177597;0.37748566549935136;-0.020607215954952882;0.6041805504654814;0.5480835588205553;-0.3078170872499839;0.33886347825226776;0.6938570274572818;-0.07079574479328545;0.14407319644145225;0.2276287235732733;0.054173263786755285;0.055115200057616526;0.08149201573009857;0.07247259720958152;0.3984249635238415;0.8534726796389664;-0.3359195343395612;0.3935066674158914;0.6964699265041528;-0.0828922843066045;0.12169499961936481;0.01074492797589624;0.10652430044056226;-0.0059691041742791036;-0.12998413652068516;0.11572214973835629;0.20517256865287042;1.0890834259166244;-0.34053472585139494;0.3624495850668585;0.658441964263665;-0.04292714712118816;0.11954025657901958;-0.09011860542293838;0.1555737414949431;-0.00674174009158887;-0.19193709449146362;0.14156838844737776;0.03189574868747274;1.2413715043441562;-0.3395093432626819;0.2755082630179588;0.5778528005185761;0.008725798976966506;0.13482585365514668;-0.06610946998981239;0.12247524765973837;0.024400609794818486;-0.19589070685816173;0.11884590162556051;60.00169486092945;21.168393232841296;7.781565216701648;26.161069369797644;17.75266544640934;25.056654233400543;14.376899910041427;69.08203591350517;68.80611839154183;22.551339088972593;98.0241198978887;41.61003938328791;28.670011574332626;89.99409366768602;46.39174645396997;55.61601563957677;21.377585078160106;13.8563936936805;9.010840487615663;0.997341063650961;-0.037308501162737935;-0.0007307337053665401;-0.4278491780633432;-0.08229327647383135;0.24449921894446944;-0.19859860490870332;-0.1710181732879611;0.28707697508265895;-0.11214808222838868;-0.14598750592520657;0.30372498656114194;-0.09520624187462366;0.23836867794651226;0.8153586986408399;-0.5098082536974611;-0.2603265788973877;0.3519401299247817;-0.20582205042184135;-0.21493718492219815;0.00488125141037569;-0.13610582922332473;-0.18693322779649105;-0.0637198966320883;-0.07907549403460164;0.11571900747639512;0.9276878066805013;-0.35497104761515236;-0.2742652607361524;0.3288763850300622;-0.22875563380087252;-0.22432065286283379;-0.05658064470054124;-0.1437332104625368;-0.17091600547070238;-0.10300888084208946;-0.07795733077319131;-0.021264111186175286;0.952091100679966;-0.22623690622882067;-0.2527720563140804;0.2516909728369006;-0.22662211361119838;-0.18170044127020613;-0.06885993055834982;-0.13122193530523243;-0.13714654404267793;-0.11459015670522271;-0.056116094770333906;-0.1413136298641965;0.9236578394023578;-0.12279607315018351;-0.21026420436502685;0.16084587724924818;-0.2008935932192381;-0.1364216553679797;-0.05217200357117132;-0.11085174444520764;-0.09578043959939243;-0.09093666125629288;-0.05172847538822282;51.06907410567082;21.814557212651298;5.617333734640262;46.5091230796979;45.88204533130934;20.720200221429817;43.08881526157615;55.02620758292655;18.384759795724904;44.25613922405083;53.934250366306955;23.83889088913099;49.60977593112209;45.69450762603055;25.137026630592533;60.637453287696935;13.097961300429123;10.925587903059897;9.366056851204306
0.995506094647666;0.4082000664448897;-0.11860463479373044;0.0010228376186336963;0.3211824510058775;0.3441369737062695;-0.06487124402355264;0.1783825892551042;0.46919446382415236;-0.046586398565890655;0.09525570289152521;0.40760366826797556;-0.035552908075372314;0.6478656886182806;0.4347379498516138;-0.3988596710979165;0.4179223192228161;0.7294508943114838;-0.10302411691350725;0.18714312884041492;0.3068096947533738;0.04806463429533858;0.07939136060021489;0.1480316230310297;0.07601151916431839;0.43264712062900507;0.7936238506195273;-0.4277588721923431;0.4819437364985249;0.7749685123079166;-0.1230352325885388;0.15288216475527563;0.06072018683994382;0.11666684264751195;0.002571168959374779;-0.11354141718491878;0.13693502110689337;0.23248000014095965;1.089729620227885;-0.430365586392168;0.4358346979258986;0.7474770832035137;-0.07176073398505935;0.14958568167815914;-0.07151438783729011;0.18122368484503332;0.00126323755582776;-0.19685893898392556;0.17380123888103033;0.050139083271020686;1.2974014628359687;-0.4282798773318254;0.33119642286762774;0.6541094329907783;-0.009335108100561226;0.16443113772406934;-0.055076152138846465;0.13702300995791014;0.03650781708643644;-0.2056231733506834;0.14030018085368923;63.46953809508706;22.204201712790923;7.645446000321331;32.06146511063401;14.688218287700199;17.00354807808517;17.92245636963018;55.05137796594499;74.68771406749906;24.090214187708757;90.339993899416;44.8066315937629;29.876052841096232;83.92364432683583;48.90101275698737;55.216872624002654;24.723451877920414;15.771094447542762;9.68521709469511;0.9984811924233656;-0.0393918706508751;0.0015321541663943538;-0.39962892265563565;-0.08110586037460012;0.23503594526222643;-0.18349414351850857;-0.16725584999952386;0.27490670851819926;-0.10141731666945794;-0.1426097125865889;0.2825814840966432;-0.08263358341041588;0.22763174486331678;0.8238617863463098;-0.4620109707443693;-0.26689254740453355;0.31156127956856317;-0.18754991044225383;-0.20690068481657198;-0.031780707181613736;-0.1193435417605621;-0.17392260057683642;-0.09790089013819474;-0.06627835781935687;0.11128693614209485;0.9425529476510364;-0.31497485410497117;-0.26756204800630784;0.3044749628644656;-0.20383860784465158;-0.21616851741214518;-0.07394629107538349;-0.12405209412232387;-0.1648134682939018;-0.11569392831439738;-0.0637178477050195;-0.019142959507302663;0.9616503228671172;-0.19318543192682808;-0.24854231387300174;0.23582800499227768;-0.20872189934436158;-0.17926974977463336;-0.09323274192869463;-0.11378450724894515;-0.13381693356851332;-0.12338436295637875;-0.043536956550256016;-0.13474522937653996;0.9227128820093574;-0.09481788870709487;-0.2064726734044875;0.14103877982528704;-0.18862116978593726;-0.13462786385941905;-0.07162853144504935;-0.09828553915228204;-0.09292991056911841;-0.09765547859880182;-0.041205098250554476;51.71423203704441;21.822762720735597;5.215634807580042;49.85277562035426;51.47380920343337;21.933136222469304;44.893356741045736;59.07838741025738;18.446421799062232;46.31172189213978;60.141457516356446;21.26063196602584;53.2034087205027;50.38428787865997;22.916583662599006;63.03353666587655;12.819553678771372;10.337667535726148;9.000112958993402
0.993016701453365;0.42720653076778414;-0.16534747348312856;-0.019107338938591813;0.3526701253760518;0.3383568298549728;-0.08345099013094032;0.2021512999150662;0.4814070015560631;-0.05895295635601034;0.11774076974535021;0.4326023278906628;-0.04709581518903485;0.6865516108740947;0.3232875707796709;-0.4795139189946754;0.48494455505134115;0.7623168560097127;-0.13119383209699279;0.221796508410059;0.3704163605836978;0.04352193900457551;0.0985073190254191;0.20097834426021904;0.07948366489289259;0.4635000172703369;0.727296561882392;-0.506169383768368;0.5535122110401769;0.8409734443203606;-0.15777744341563565;0.1811530851756094;0.1094843779435758;0.12474743055978414;0.00834112884385583;-0.10237258519103426;0.15467546563911197;0.2558199792125342;1.0759124650682166;-0.504950079657266;0.49792211685385446;0.8173576436670051;-0.0982653580259182;0.17613596518962402;-0.04832095603628628;0.2012065359285801;0.008934356842784617;-0.2006361859221977;0.2005456318908765;0.06333333074718091;1.333873797502675;-0.5002334519567716;0.3749215423363272;0.7091314882883489;-0.028514570788158784;0.19021032200741705;-0.040048587783762496;0.1459985785819374;0.04765679231968362;-0.21183144087176692;0.1569835008309839;64.93300615327351;23.396636164381786;7.521728752802862;38.39671588266408;14.103276904034274;14.56416813917206;21.51679035018175;46.40146180302542;77.85411877334754;25.422871476404136;83.75611997239915;47.98708972742261;30.725946201946027;78.54523103707683;51.5897844455166;52.76967874258329;27.52490625602101;17.932814215119876;10.621474518958408;0.999233674533746;-0.03999204651943705;0.005723694948692662;-0.3699136708726275;-0.0782975684793518;0.22176104766680144;-0.1697403136753911;-0.16318438733310547;0.2617075143170157;-0.09327972665920861;-0.13997999296520502;0.26291066296623944;-0.07341371659198066;0.21701270294683156;0.8314614081017097;-0.41502776337214003;-0.2691489097192364;0.2763273191782951;-0.1712137649450272;-0.19841279443631865;-0.058836469167441424;-0.10663470100697194;-0.16235435897462358;-0.12164085052236023;-0.057276782950523096;0.10571874295503925;0.9546709960989628;-0.27825678175997925;-0.261652529759231;0.2772822170237284;-0.182858762388137;-0.20798149431111965;-0.08956850989779631;-0.10935939362426977;-0.15837611804684654;-0.12782801291858278;-0.05353215850669736;-0.01927451168091192;0.9687278296851078;-0.1655924807831419;-0.2438998546977818;0.21542539235876418;-0.1921092561981746;-0.1752185201258673;-0.11070912668452894;-0.100010369435051;-0.12912852503835373;-0.13292766244557536;-0.034281950267991176;-0.13122067355802422;0.920048109104444;-0.07456911593811465;-0.20137283668619513;0.12318983903811007;-0.17607232438363796;-0.13136203560964615;-0.08529881740031584;-0.08739843768788706;-0.0894272647900412;-0.1045042987206403;-0.0328192423515499;51.496994011442084;22.002070612979313;4.809191398312099;52.9948675032166;55.676394303069245;22.07666169966649;47.08066145601148;62.20632865285;18.309004602121973;48.69156725117203;64.017191248191;19.94376036341062;56.16208966402463;53.61596375279726;21.915488770605236;65.08343383841877;12.352525348662938;9.720389510841992;8.603237018558383
0.9805823450172432;0.4462024371419536;-0.1824715077422122;-0.04230011982273063;0.379491188176461;0.32829592781771894;-0.09326268234953797;0.22139233771048467;0.49349687794723435;-0.06285580009600322;0.1378931312959815;0.4502112165600879;-0.04791765109478815;0.7223059713521146;0.2533227674216787;-0.5263171699532143;0.5170442091866788;0.8020881656462756;-0.1453010682242862;0.23154156496046258;0.38688653669381323;0.04563410215835632;0.10176911033039195;0.20982730752958872;0.08426089524350076;0.4912490626527886;0.6804704218875113;-0.5437226897776005;0.5778362994306409;0.8814599387242157;-0.17397641479646567;0.1999263869638628;0.1463889835471613;0.12888317291950052;0.005379129256321979;-0.11132916663035958;0.1631572364047462;0.2701546719805421;1.057277816265519;-0.5345860632324486;0.5286783901497444;0.8418556433343748;-0.1148822391161463;0.19187108818259727;-0.019559486437469027;0.20674141729878426;0.014104934499753682;-0.20623618576897765;0.21168340997956975;0.0613753789765067;1.3470096079426062;-0.5234333534082994;0.3863193453576119;0.7134890372752598;-0.04697157331555601;0.20486532105340247;-0.018873626641521323;0.14182276161320115;0.05489011055671277;-0.2130880508439981;0.16117435592501744;62.676403566661776;24.99238568308486;7.137770980186517;43.24967786488862;14.56136629458037;14.909589079199767;23.684310558213415;41.88211789383002;83.960882440026;25.8528540260015;77.50364417977667;52.86307870183056;30.83592814036298;73.10612801663447;55.98741711196907;48.42063129207296;28.88245360762935;19.86810563591617;11.790302625562177;0.9991186918074016;-0.037570472257759224;0.014334722738465085;-0.33587578055081124;-0.07203343911157117;0.19999090478987058;-0.15833920693118392;-0.15858079489678123;0.24605461774914433;-0.0903432045917803;-0.13911513950947005;0.2456762149955916;-0.0708902561299019;0.2064531388754904;0.8397502322887354;-0.36756209241750276;-0.2630450170874429;0.25031641251206277;-0.158303445920258;-0.1888712358052175;-0.0674267785472684;-0.10195812249366576;-0.15346773922883766;-0.12506211137525958;-0.0558907261800799;0.0976060600897443;0.9641687148974809;-0.24668146717314884;-0.2576831774518755;0.2429439642229492;-0.1692804691021018;-0.1996741949322862;-0.10278127113487287;-0.10456251361160519;-0.15117554720467702;-0.13995031991287157;-0.051421226881487266;-0.024268992745742943;0.9734364873782899;-0.14814387234740656;-0.23866745810873566;0.18446381231471978;-0.1775725500246161;-0.16786937740152819;-0.11496572337824229;-0.09334563106312026;-0.12154051156329738;-0.14506536324598207;-0.031561465624815106;-0.1342740990363293;0.9158411128725235;-0.06959002380441626;-0.1936340380613048;0.10858832945509914;-0.16250500008031138;-0.12505941622405978;-0.08778944947389045;-0.07955689216540583;-0.0845150549803614;-0.11236843848552298;-0.028493343477358348;49.058095463289945;22.654634912345685;4.3955196722947845;54.88822566678296;56.68736852524301;21.306195209602997;50.278824393912785;62.975128391858995;18.273266789147208;52.1249795174216;63.114150895803725;21.260748404859733;57.62190241358355;54.3680226274139;23.284407508649952;66.30472749463698;11.586626278412288;9.031516704886045;8.129326299490804
0.9681479885811216;0.4654813981713597;-0.20102355932489435;-0.06852022052003436;0.4080489139634561;0.31507176524924896;-0.1039528479482397;0.2421506105508771;0.5046487457701286;-0.06697060815909965;0.16013618239943372;0.4678872189720274;-0.04859902604030445;0.759220418319338;0.1721925712821306;-0.5768762304642363;0.5508868016837951;0.843157195658318;-0.16061155496164542;0.24141776251610117;0.40360206802232534;0.04779897578898795;0.1049452725186227;0.21879761135128856;0.08925849572256109;0.5202684870886787;0.6234447106238713;-0.5836414945303109;0.6024882637414083;0.922920864691717;-0.19151898983661794;0.2202658805261494;0.18768864526150597;0.13291116246720036;0.0019729646906784934;-0.12094786192226226;0.17195791975774857;0.2850581829380485;1.0303868018712;-0.5655258052552935;0.5609270852024606;0.8652968570987136;-0.1332167228312616;0.20878925161725023;0.013340521019710873;0.21194926765491615;0.019925472138801397;-0.21152098465908317;0.22325365716285725;0.05881524374590365;1.3547989699264937;-0.5470937949075575;0.3972540679108375;0.7146499389724508;-0.06776671319767973;0.22048251044171618;0.005372110788733661;0.13630433555565685;0.06284504554920475;-0.21338367799222044;0.1650928523861789;60.19984401801924;26.73745660591069;6.808442892898318;48.40178900831539;15.035647812435723;15.272111599358334;26.560175900076008;38.06506284724859;89.49579771917298;26.357021588003217;71.07653672639249;57.98582242100643;30.97310602477355;67.27029886033691;60.64089797196703;43.716285036441626;30.010647332566663;22.078804835882924;13.156997336034939;0.9990037090810574;-0.03514638323524653;0.02278829878618511;-0.3020187473958009;-0.06579109730871696;0.17835311657434152;-0.1469471226403406;-0.15387438918050547;0.23038186486110301;-0.08735326125045109;-0.1381080055474689;0.2284482934918825;-0.06832847545452987;0.19583466754310555;0.8469584763325784;-0.320462021325149;-0.2567454348179791;0.22445085644270107;-0.14542695947335513;-0.17927383782389641;-0.07580025897607795;-0.09724361702275501;-0.14455435235756717;-0.12828655266226685;-0.05446455286749671;0.08951674036858372;0.9724260683262707;-0.2153469173990996;-0.25348913335524553;0.2088960267693481;-0.1557346246893736;-0.1912786479335383;-0.1156615712990272;-0.09972675170103264;-0.14392311523787799;-0.15171625562215818;-0.04928710293509718;-0.02915420459561285;0.9769729557533917;-0.1308150083828025;-0.23325248803869633;0.15380290578737724;-0.16307469582288953;-0.16045203498245417;-0.11902314686682665;-0.08668528356483199;-0.11394032895420463;-0.15684068677723836;-0.028850130930400945;-0.13712638051261222;0.9106730377465212;-0.06461437692238685;-0.18580445520440703;0.09410432797601068;-0.14897756558103867;-0.11871957319486436;-0.09014045970041255;-0.07175456122137147;-0.07958840523857216;-0.11997711774558782;-0.02420639434814112;46.146124426804064;23.41512197918782;4.00667845885149;57.12919121883213;57.65570573179615;20.4533677923202;53.93976331018176;63.38837124465058;18.077418627114096;55.99936943150643;61.833041807168314;22.440299501676183;59.26981599919047;55.05386401486775;24.37130966039889;67.25900205376426;10.778499997018086;8.37987898838549;7.713992723877201
0.955713632145;0.48418118135891297;-0.22072420061445444;-0.09785321914434107;0.43769340004929397;0.2978619416142167;-0.11538695577187753;0.2640750793028656;0.5138392177808541;-0.07118551569050044;0.18431516772962353;0.4847481726880197;-0.049037817260408435;0.7959383219110205;0.0787758826131691;-0.6303648753644612;0.5855521092785637;0.8840179994104977;-0.17690647316708444;0.2509767971235926;0.4198153389179484;0.049929702534757446;0.10783077402065998;0.22748313358108535;0.09432295025084811;0.5496624741948807;0.5543116645316097;-0.6249877943017431;0.6263493478063408;0.9636760637015376;-0.21013774996046714;0.24186549644558672;0.23334038985998592;0.1365717801293972;-0.0019127179085294938;-0.13104652452105353;0.18077424610944037;0.30003063350310855;0.9926985542542136;-0.5967900741405309;0.5937111158255747;0.8859657898893981;-0.1531385289395474;0.22657887101386867;0.0506483344931782;0.21640503429901978;0.026404458846754623;-0.21606718375290343;0.23486394860071205;0.05549857346841986;1.3542931624632715;-0.5702104697392267;0.40693970549134234;0.7110319657767628;-0.0909379449603288;0.23671242083477867;0.03289700079900408;0.12908935933763344;0.07145382703053668;-0.21224542954962716;0.16840665101655664;57.511736525532164;28.62899036552858;6.548069340256947;53.75823195873636;15.526221997912716;15.652941269040198;30.20212083678539;34.89180099137206;94.49802812325798;26.964203744381624;64.67897562548606;63.174648151693106;31.144787751513043;61.165526309466905;65.40980986058497;38.75472036935539;30.756823222241643;24.5700976706191;14.764458491170325;0.998888726354713;-0.03272889410699229;0.03106117960565055;-0.268458775580602;-0.05959256200714324;0.15692108644865213;-0.1356058244017849;-0.1490878991597447;0.2147483705929717;-0.0843237248752186;-0.13696963613761415;0.21129042214027516;-0.0657398396726017;0.1851996759372822;0.8531149530576692;-0.27388334844832285;-0.2502835703269398;0.19881905768100439;-0.13263029645709093;-0.16965904498465217;-0.08393701529595961;-0.09251060903980253;-0.13564861337336417;-0.13131233697665579;-0.053005611055340435;0.0814795679881775;0.9794761919291989;-0.18435690777493285;-0.24909749068536002;0.17524969133240978;-0.1422697722349701;-0.18283050836546005;-0.12817875212805083;-0.09487203087685951;-0.1366483700620274;-0.16310052118398544;-0.04713888913747991;-0.0339176545382932;0.9793843657394149;-0.1136639683876375;-0.22768439884538758;0.12354087235665966;-0.1486674364522325;-0.15299749171166177;-0.12287659306675518;-0.08005378933481866;-0.10635677434186869;-0.16822860803057738;-0.026157526121604605;-0.13977728230823303;0.9046124308506303;-0.0596604415690044;-0.17791777565362693;0.07978548391834935;-0.13553811333581126;-0.11236791949540592;-0.0923503088069993;-0.0640183506490206;-0.07466631935504887;-0.1273152615494075;-0.019972283830287704;42.61617748183922;24.31258663037721;3.6839958146078993;59.73356531157491;58.54736016190867;19.519717757423415;58.11088236974218;63.35268197148871;17.729208599534267;60.383468409360624;60.097015066876686;23.42319856911598;61.14261560061854;55.63516156488121;25.14117862278454;67.83594503560556;9.946645802593887;7.773768062684704;7.361424043925575
0.9666268276126512;0.48784936463238654;-0.22423396871327125;-0.09677279232703029;0.4384093133867653;0.3077945804739587;-0.13026010301467866;0.26214537242567204;0.5388762660923375;-0.08160411218448102;0.16354323073621016;0.48642096823143344;-0.06120372406507505;0.7862789370102682;0.049169556544009466;-0.6875705825678782;0.5772028385196329;0.9080034262983036;-0.1820523278504682;0.25507095530633617;0.47018911325537543;0.05033246722610195;0.11031283316450204;0.2615749707652228;0.09577362958354776;0.5258483574986145;0.5041416221517545;-0.6850727915559097;0.6349453722577305;1.0023340159541008;-0.21655099651563597;0.24441427139294256;0.26820242734068384;0.14090329621415035;8.666414158377821e-05;-0.09365014077954464;0.18256010004770873;0.2744494781047722;0.9444450432393376;-0.6535916506379932;0.6054598425888514;0.9327266979282223;-0.15214349218023537;0.23348516426336002;0.10478585042225208;0.21847001056422952;0.027635480901202266;-0.19014332516860522;0.23371472882819144;0.038429669870175216;1.3209718642121657;-0.621736485169933;0.4240957181206596;0.7659765679655826;-0.08232309140930902;0.23583998106538445;0.059314780590129526;0.13917974634801508;0.07078251379687918;-0.20655038151453753;0.1726176701303263;58.428664674194756;29.064964686983426;7.36039475299172;56.86815289166329;15.49115571541667;14.353060103767762;35.03630112617201;33.05530986318661;89.54997991676161;30.11204733383745;56.96865531328646;68.33331006007957;32.822252243306465;57.05751265804104;68.59158574014548;39.67273588643357;29.58985323581884;25.232202869503226;15.177733201380018;0.9988646949214958;-0.03642280251240678;0.020443087302836425;-0.2738995798195986;-0.06778697536582477;0.15194167579043374;-0.13929860206756822;-0.15605125456801922;0.208524020700757;-0.08590107095346032;-0.1417412018689633;0.20872040041231057;-0.0665486607623923;0.17471956637506905;0.8413311119148499;-0.2919340833735743;-0.2555368364200073;0.19260169809245162;-0.13588426925077648;-0.17288348816162463;-0.08769940285793948;-0.09073463075743281;-0.13721242028548242;-0.136232252979039;-0.05173612923708542;0.07454925470514422;0.9769120140510709;-0.2002131999284457;-0.25702923665040445;0.1594036661351105;-0.14524616904335433;-0.18611324704260643;-0.1378709028892395;-0.09266835334884108;-0.1363380468280106;-0.16260027541172903;-0.04609604711680987;-0.03925906700474105;0.981174593857086;-0.12684154136949657;-0.23586492970208658;0.10476239649445444;-0.1511730220821975;-0.1556136863769003;-0.13119541758142492;-0.07806351983659805;-0.10585439734534224;-0.16688025940726675;-0.02546774113063647;-0.14514203716596893;0.9066593755120235;-0.07039658970893502;-0.18636841401743792;0.058747106187185934;-0.138601904690194;-0.11502969422598948;-0.1016334380593893;-0.06495637568476223;-0.07477067627082415;-0.1263561874604704;-0.020635846837920916;43.33538738900127;24.323507930941116;4.294599582600213;60.14348207059338;57.83180558273782;19.582773255960404;60.416193872364694;61.98107309648937;16.031408069433784;63.69738223855193;57.783549261665016;21.714363438186048;65.9045348611334;52.20634102799385;22.786653508313314;68.83214821101278;10.126771234851537;7.786085389140312;7.392657576930957
0.980482671125805;0.4866953498049991;-0.22421683541676168;-0.09142998948507745;0.43305663792389043;0.31868863943113895;-0.14368788995608409;0.25594856239608793;0.5610125630220041;-0.09153949418341328;0.1378710580694969;0.48341683226668736;-0.07355362097492166;0.7672898912403732;0.029650507095487354;-0.7370106350037394;0.5609763859261726;0.9230573679167257;-0.18440474077222518;0.2567733625338559;0.518340337451792;0.05021353549564471;0.11195084070912176;0.29475707824087377;0.09613675180327805;0.49437237945212265;0.4575759714074004;-0.7390671017068886;0.6375044949580809;1.0322509982128112;-0.21975120098610074;0.2430429900294662;0.29750816455381507;0.14421432967983305;0.0026678306051064016;-0.05272222055658712;0.18233219963788486;0.2442987342510634;0.8935470966548285;-0.7055864316232286;0.6103577245982404;0.9740289427637947;-0.14777305236722713;0.23721400797913086;0.1562058771015285;0.21888787034061905;0.027960070717398762;-0.16140127583314476;0.22978562316443724;0.020768575546308572;1.2789923512173675;-0.6694049881909779;0.4385409641896063;0.8198030584174366;-0.06994521431135489;0.2316084213653963;0.08319064672635938;0.14989629459828605;0.06861397404751562;-0.19961190556062042;0.17567428817880817;59.7421385898915;29.226940799544636;8.514192362940932;59.39837938457755;15.452932583458342;13.172669828893971;39.6087644723862;31.723254745991877;81.68959797023014;33.62493104761172;50.45488783671845;71.73282332166818;34.86505516674392;53.63795995879351;71.11027422542246;41.373228652869884;28.24585172676775;25.48924972076712;15.472141376736642;0.9988521266877634;-0.04094150399672283;0.007231360620222088;-0.28426031965409293;-0.07792270267359036;0.14889122059770535;-0.14490173429559303;-0.16456006947200222;0.20328877505036594;-0.08805281018967673;-0.14728507604073965;0.20786128540035886;-0.06777331588256184;0.16399422987667728;0.8266923908995799;-0.3183711033523325;-0.26225674865281684;0.18864856884248557;-0.14117105497266577;-0.17771696131005466;-0.0909363806931241;-0.08926165623144579;-0.1400708181162881;-0.14142062552859702;-0.050445138334795726;0.0676020890263472;0.9726539890328428;-0.22220300443012117;-0.2665521233626769;0.1454591171663494;-0.1502957866176424;-0.19085978123555572;-0.14731835144494207;-0.090720376160233;-0.136844853083461;-0.16051342372223784;-0.04515431831980872;-0.04475232012184836;0.9824869653284495;-0.14404346909035357;-0.24583099205332454;0.08705625009135615;-0.15580054174646712;-0.15948472647048167;-0.14017176650487226;-0.0765914213905181;-0.10619389885629558;-0.1638202588301107;-0.025008208000675814;-0.1508832007265384;0.9093720416596424;-0.08328290503403513;-0.19695925988809454;0.03645379548665401;-0.1437512621662085;-0.11883097410282778;-0.11193489671235587;-0.06698199578693437;-0.07548105856883786;-0.1242728333205394;-0.02192294456166682;44.513665054634934;24.211221463956704;5.108379148509591;60.192244568329414;56.94346166177926;19.77242965235538;62.42187728122769;60.42384906637814;14.235573501183005;66.7959256475237;55.4009325574737;19.74657896211421;70.8547351002426;48.27835235651601;20.215438853327967;69.7072696650656;10.475076835467503;7.8844552725439945;7.470355402667401
0.9943385146389588;0.48303047315936964;-0.2230010722015977;-0.08603289312390866;0.42582206183953003;0.3269899866111368;-0.155253269052586;0.24888648226375218;0.5783437949339175;-0.10017594521943561;0.11355138828625974;0.4780700305122354;-0.08450424278689168;0.7457404677615173;0.011562136700658643;-0.7784804145053181;0.5430688120074433;0.9319452464898315;-0.185578656835718;0.25696287849097127;0.5597965732224178;0.04983554143506537;0.11285630164227879;0.3236597163554475;0.09595577521823555;0.46281346735963436;0.4123530251591324;-0.7847092946261466;0.6364432658429263;1.0542072575043206;-0.22151469891526637;0.24048258351743076;0.3228353482228714;0.14648391107222172;0.0050245429117210865;-0.014844750443657188;0.18114700102591735;0.21529555955120297;0.8420112693024773;-0.7495711013460916;0.6115901089784394;1.0067550096044557;-0.142967590549292;0.2393696376024433;0.20260291804581246;0.21810020118465978;0.028108585914316836;-0.13413576368613428;0.22494662181333944;0.004434409971890965;1.2335858279038512;-0.7096093000104481;0.4494628787474278;0.8648589918433025;-0.0582008743033937;0.22648183804586863;0.1046771386632246;0.1589379742408198;0.06625478417398216;-0.19217006881228826;0.17754179433225503;60.97876004549598;29.327017548552753;9.815653337135682;61.65421524163976;15.422393773891732;12.239653820597614;43.79841238529399;30.685608804153095;72.86292371598496;37.07625704306721;45.235909389871345;73.47868393085908;36.97155755491134;50.667965291228604;73.17636947080554;43.04646549074457;26.97712899618694;25.59781023360072;15.806641798928553;0.9988395584540308;-0.04551257044432481;-0.00620503604815526;-0.29463378516244376;-0.08818373116820952;0.14570588830448583;-0.15051672551453407;-0.17311817553271322;0.1978515042196429;-0.09019083259512191;-0.15283847606567355;0.20687063442376286;-0.06898020838970331;0.15299735563400652;0.8113431642011611;-0.3450700391694749;-0.2689410020952278;0.18452307569769516;-0.14646652107040048;-0.18253094151947008;-0.09417613591299931;-0.08771376237237599;-0.14289797043456426;-0.14661589456625768;-0.04910415126477354;0.06050081437935653;0.9677764895877545;-0.24443468996981085;-0.2760837301449772;0.13119973008798552;-0.15534498013457287;-0.1955779610109575;-0.156840484119559;-0.08868872621365627;-0.13728296866608045;-0.15830123142301342;-0.04417140784648084;-0.05031206152638316;0.983267326119364;-0.16145140193955915;-0.2558248565777124;0.06900538645739653;-0.16041748612442677;-0.16333048339183517;-0.14921896293380243;-0.07505156167714784;-0.10647919715853144;-0.16061680483124927;-0.024526902610366982;-0.15663515562166314;0.9116172994657722;-0.09633742537603403;-0.20761589351658166;0.013767706298358192;-0.14890555069966693;-0.12262872649443639;-0.1223452477610874;-0.06900367293614797;-0.07616074596554086;-0.12208462929819201;-0.02321917255475987;45.55786130540735;24.093540066405367;5.985345548219433;60.1785831074921;56.08026357671088;19.957304410098086;64.38401633800211;58.82793087316143;12.502960213987732;69.81724221120434;53.02107542402022;17.843352582948324;75.54020088589927;44.46231963643457;17.78797320948534;70.36347142371432;10.867738215564307;7.996129849977722;7.550902875018725
0.9970467088355224;0.47990914844689625;-0.2102232116943153;-0.08054640786515267;0.4263079933290042;0.33289716554206705;-0.15579628964110478;0.2440354394816191;0.5804760146286043;-0.10227247905915045;0.10412384012769671;0.4910473897926976;-0.08654820971559103;0.7547131451296669;0.017202411782081515;-0.7691121548222908;0.536746289187847;0.953167394757088;-0.18542487273991506;0.25288370663700943;0.5726302660770055;0.04431174889018868;0.10994206588779008;0.3398364380708841;0.08987366061450185;0.4674655555688534;0.4183184414449779;-0.7787718766774696;0.640053092253481;1.0642820100022459;-0.22743237827944718;0.23209322270657512;0.3352972656836529;0.13550910118847043;0.00333714311732832;0.009181125409048703;0.17178191372533727;0.21717802242856657;0.8515718835080637;-0.7461765687850539;0.6117828910092161;1.0232227688500026;-0.1456023027743382;0.2307277615511285;0.21775388166580717;0.20830410802055127;0.02765423033585698;-0.1165363539279901;0.21643946695997632;0.004836582396206148;1.248355656123467;-0.7079865694006683;0.4514582846706983;0.8894265582531847;-0.05707266152550748;0.2233295975192651;0.11342812857241266;0.15436222582307726;0.06744590631469383;-0.18437632667568996;0.17127977071188524;60.449646265901805;29.279485657093847;10.69564067008061;61.85077095551338;14.748776397821807;11.633728477063896;43.12346617197642;28.986304165521187;68.47236741211073;36.513062880447286;42.950705837504465;73.86556902505455;36.47841942409719;48.987578030694266;74.42049285016687;42.59788787814647;27.148318707460685;25.697277854029;15.754155298251959;0.9989271461582796;-0.04466930929844727;-0.019428660696520335;-0.30837120735792695;-0.09422021487387015;0.14877787120734884;-0.15661250415713054;-0.1817371785387777;0.19925791258786846;-0.09227899842927642;-0.1588053429078073;0.20826725816676628;-0.0708803040480761;0.14833177857518648;0.8030245205418649;-0.37263905423238775;-0.2723375385038179;0.1835704498806898;-0.15186858665494946;-0.18571392369703235;-0.09547056182112751;-0.08883127748195617;-0.14607834646677137;-0.14485769514639707;-0.05014627903675267;0.0545520451786927;0.9624554512211294;-0.265901445617646;-0.2816910634338605;0.13233104929713832;-0.16226814812132234;-0.19710939623823667;-0.16046969344671533;-0.08957524937302278;-0.13911766110848528;-0.15532531048825543;-0.04480969074852151;-0.05710542672091961;0.9809073625303153;-0.17669934849302096;-0.26191489407160423;0.06750237828616021;-0.1657152472715402;-0.1643209009001532;-0.1511620323679346;-0.07581478475653511;-0.10937115572210167;-0.1549384001360292;-0.025502829863236647;-0.16356826491268686;0.9115921850762012;-0.10612184234178755;-0.21294979503952996;0.007664691172927893;-0.15379660288516928;-0.12477263042809107;-0.12581913027660935;-0.07152532182055982;-0.07925421050156353;-0.11782648381988509;-0.025232990288163053;47.598452523884596;24.30603951222835;6.103890535389774;59.753206661189765;55.471545734343856;19.073941338078285;63.76721817886374;58.92414759390009;11.312609474791092;69.58672269140148;52.62946356526375;16.216575497630448;76.27110815382639;43.19978902496907;15.800757596972245;70.68626407933735;11.35228639643194;8.269859573067315;7.692022981362221
0.996728558885742;0.4768421788093052;-0.1941850149966698;-0.07492232367093052;0.4287812001569791;0.33828738564700733;-0.1534896861669526;0.23964703451728644;0.5786888138788125;-0.10271350360154015;0.09835585550960152;0.5090050752607655;-0.08632378731511332;0.7717298159659393;0.02909722379601084;-0.7463590250573146;0.5332687584822621;0.9779629947110433;-0.18491527584279877;0.2476051235232341;0.5782860524488829;0.03734261163250597;0.1059750862912202;0.3530285460914851;0.08213722038490633;0.48156111178500005;0.43763281881429666;-0.7593262879112296;0.6449133801122061;1.0714323791637512;-0.23453339307093593;0.22201478943008263;0.344663888024995;0.12087849618554355;0.000568838214454835;0.030105307024619075;0.16010254635362284;0.2270820123880246;0.8770972464975423;-0.7304138889394375;0.6116805734761275;1.035764078946628;-0.15020873714526928;0.21910576829993014;0.22511190735753514;0.1959688149890556;0.027033327394071088;-0.10107861274082983;0.20680091804920683;0.009578535036236027;1.2789376313363692;-0.6954703326425982;0.4511613498158181;0.9091425071619179;-0.058666734440554646;0.22061396491053725;0.1190534972320486;0.14616211615748156;0.06957666490967106;-0.17632548335536494;0.16277903750962325;59.39615393961539;29.213533663367357;11.404582237378872;61.534552487639196;13.915254231485518;11.178767264419553;41.18578561717225;27.10461214143792;64.61113865771779;34.897548513358174;41.19222256100717;73.97012405921458;35.303758175635636;47.52942120875549;75.5034578577975;41.53782262851107;27.6781139525702;25.79375946730877;15.592524064531641;0.999041924019666;-0.04226703909962671;-0.03289084892607776;-0.32325590468780113;-0.09917265029172058;0.15362445992006932;-0.16292532675619645;-0.19050399687814593;0.20254626974569392;-0.09436659800756457;-0.16496651333502216;0.2102889429733622;-0.07299252913128876;0.14528288751625165;0.7961876949220204;-0.4009495344487428;-0.27478523434269414;0.18341881995334378;-0.15736821588646785;-0.18844173194447147;-0.09621180738056138;-0.09069069196872588;-0.14937646276749386;-0.14104867618029968;-0.05186377332266719;0.04876926827913569;0.9565234450047445;-0.28754905255933844;-0.2862181234869943;0.13776686927933374;-0.1698171570650124;-0.1977056550153289;-0.16246500354103555;-0.09126913469016758;-0.14133502730922476;-0.1520071882017286;-0.04590174415995092;-0.0643812339299656;0.9772395193020288;-0.19162570152231703;-0.26694903172977114;0.0705928512955401;-0.1712644205495479;-0.16446920726658426;-0.15109510793692513;-0.07721473211782759;-0.11302176612154885;-0.14837421618225427;-0.026901509811592512;-0.1709321146105698;0.9105839853243451;-0.1151727873199508;-0.2168297585361337;0.006081290005916933;-0.1586686685495325;-0.1264539084688957;-0.12737512556845232;-0.07421888524101294;-0.08306810723988162;-0.11284330052573421;-0.02748565117165585;49.791454421864316;24.60611634258052;6.009873770445397;59.206159221039975;54.927073257035595;17.874365818642747;62.44060247608433;59.47505319322111;10.272375346564239;68.47107521883731;52.76256450358059;14.648428885205972;75.95910309185925;42.60421301287972;13.933381572521345;70.80937798833367;11.85245543900535;8.597796588013766;7.859853342282011
0.9964104089359616;0.4733012215271156;-0.17787071345976535;-0.06919487806274381;0.4308575794037622;0.34338384756127155;-0.1510230998738274;0.23500442317827416;0.5763372579354795;-0.10305861837747363;0.09246125454051615;0.5265760762166344;-0.08601541623128588;0.7881028568094655;0.04103098626870083;-0.7227631504976796;0.5292608837404751;1.0019611179067045;-0.18422568928817665;0.24205971032794865;0.5834196823047105;0.030298553681740753;0.10188430963110637;0.3659566047376114;0.07427864102822145;0.4952745750488605;0.4566364993773104;-0.739044114208757;0.6491832214741722;1.0775966124128404;-0.24144964449677855;0.21166707418869188;0.3537529826983843;0.10604991278539556;-0.002215563227219482;0.05111819826334794;0.1482042079349864;0.2368241229477572;0.9019258497630762;-0.7138630084819751;0.6109917638246432;1.047383704111831;-0.15469716721118665;0.20720860823836154;0.23229563817201634;0.18337651045628456;0.026383041655369203;-0.08543721244398998;0.1969101314176585;0.014337951706881819;1.3084663382839095;-0.682217604771081;0.4504305878771191;0.9280983649274929;-0.06021356670491292;0.21767175457240423;0.12459642872879369;0.13777593433921367;0.07165274740542404;-0.1680605135017045;0.15407462628862548;58.27681577660535;29.1630747196418;12.066968872418611;61.225590022675206;13.097359936227162;10.819067737237887;39.2470450223328;25.291599130133932;60.037939676106554;33.30383143044105;39.343430475861055;73.85277073005375;34.15656676302086;46.00848690633151;76.5693749783332;40.42747444574547;28.187651867522437;25.866085799757734;15.432836289523134;0.9991567018810522;-0.039772745690491995;-0.04671756262370213;-0.3383828751121996;-0.10421039146055787;0.15852282900484174;-0.16932642737231515;-0.19941344688305962;0.20581466504895846;-0.09646070097175646;-0.17121050388318096;0.21225029411604626;-0.07512393598108229;0.14206584962142654;0.7887102055588501;-0.4298406704794683;-0.27714857198217147;0.18316009014802512;-0.16293610448314821;-0.19114153654339608;-0.09692022271462868;-0.09255217863678429;-0.15268469077699257;-0.13705225993056194;-0.05360106090618522;0.04279465950446934;0.9498866634264513;-0.3096513261112573;-0.290713569861459;0.14328011789481981;-0.1774857475414281;-0.19820808278294774;-0.1644260298567816;-0.0929600592454891;-0.14353626760894314;-0.14850949204528227;-0.04699914010266529;-0.07182793640600957;0.9729196999562446;-0.2068692771625812;-0.27197677873381393;0.0737316789329887;-0.1768754752412458;-0.16452956522211976;-0.15094160719171412;-0.07861123307759924;-0.11671288847602472;-0.14154015392330965;-0.02832490244283571;-0.17840965382492344;0.9090368212546631;-0.12441666150363408;-0.2206985851763043;0.004449438109389734;-0.16359041259044407;-0.1281121498367149;-0.128904004041175;-0.07694748044914558;-0.08694394671740707;-0.10765512471008613;-0.029786990482363856;51.83570999577542;24.90209430709095;5.916156048496519;58.63779828071312;54.38225712602216;16.646919436639774;61.093756470149195;60.01602610981269;9.265973021686891;67.33376858507513;52.88411388789542;13.119678778053883;75.6215346283004;42.01300297651527;12.171283566474163;70.78002052316333;12.347277029053803;8.939133867642711;8.040093476844271
0.9961537372857212;0.4795651184891128;-0.19181927712113958;-0.060535909578243216;0.4461341899110721;0.3361962720562006;-0.145246440492636;0.24687537413303584;0.5815969011532153;-0.10038316131445756;0.10303150920871287;0.5319512103771815;-0.08349701065678916;0.8157211425673705;0.024128090699582043;-0.7028070507631629;0.5400899624989643;1.0164469628380706;-0.1821876381160085;0.24317375176503667;0.5967530809295561;0.029326475753750764;0.10064749240502946;0.3792067619139428;0.07390079071636589;0.5244910897180458;0.44800144606120956;-0.7240191994232211;0.66145184550006;1.0934708888910087;-0.23358818617846924;0.2118345449123906;0.35773377878337176;0.10705812631317192;-0.007783814431422348;0.04607932844888674;0.14867003291477923;0.26250190727439054;0.9009512347465332;-0.70447512117469;0.6215879179806789;1.0538762779383135;-0.14967279609675058;0.20820615186704125;0.23467508817190907;0.1819501822713825;0.02234115824220997;-0.09271448836552626;0.1955356186569443;0.03419167930042935;1.3179070386168357;-0.6781878271039289;0.45445767548818006;0.9278746471461427;-0.06304130456936201;0.2226618581820518;0.12971867564009135;0.13292676316561186;0.07478740656160554;-0.17097477947392492;0.15219524589611963;58.182226033389114;29.857256573543435;11.896230777156111;61.797942910327116;12.966678945323869;10.842707229428731;39.25827652920081;24.804303291921343;62.636617691525174;32.63189375460238;38.57315806041655;76.46055860708171;33.4018043216903;44.74459885905463;77.8428643497139;39.990300322135724;28.38708010730315;26.365035852584437;15.778365643494393;0.9989376043453756;-0.04076668025193686;-0.05871874728474606;-0.3511504877357011;-0.10985359599298865;0.15968557378871603;-0.17550225239419065;-0.204062556317949;0.20833768432640484;-0.09830810252904187;-0.17506929177200367;0.21830878985952848;-0.07613826869467555;0.14037992177701666;0.7746290801537354;-0.46145221077481086;-0.2834475270928026;0.17996573939049168;-0.16651117074912702;-0.19609490568998547;-0.09516457365461524;-0.08937009841082527;-0.15404438561274897;-0.13501875774645322;-0.05128365145088251;0.04456790466825851;0.9411105843190286;-0.3351485789260899;-0.3013673821394722;0.14484795648560295;-0.18219418310541466;-0.20201827614965467;-0.16815110731826488;-0.0891280983519084;-0.14345297933783538;-0.14654827975336843;-0.04477884767190914;-0.06809270545626911;0.9728639352290384;-0.22579633322576542;-0.2843087161998525;0.06693013283460221;-0.17950621229656577;-0.1668702608513797;-0.15777923967263144;-0.07480623754570853;-0.11573845812251193;-0.13757445722479916;-0.02661698117791911;-0.17332235376630936;0.9166665652426083;-0.13754936088507047;-0.22883798573241393;-0.0012885754277268567;-0.16388778750720595;-0.12827946187596;-0.13785648121375735;-0.07544092086702786;-0.08497905600126228;-0.10696911958040925;-0.029686586075450355;52.73946918062585;24.984084826746926;6.412416047285064;58.93832019803377;52.83393955595654;16.729794419765145;61.113472815969324;60.048943330204374;8.52923378417394;68.63882495622752;52.58451334175967;11.526736648663316;76.70832825834293;42.798149342525655;10.48225195062968;70.1883838351426;12.777678757596698;9.182664492523362;8.059958331062974
0.9959015603773154;0.4861524557048716;-0.20818979675346794;-0.05134836997481875;0.4622742850612862;0.32748001382199915;-0.13888746434975152;0.2600098818539049;0.5868633972579824;-0.09728568046711791;0.11500168911758143;0.5359055461234492;-0.08064241954089141;0.8439392638249417;0.004567706603616741;-0.681729363956909;0.551671056679281;1.0293702690570155;-0.17977104869627025;0.24452310507701605;0.6103374883505849;0.02874954387929218;0.09946951280406338;0.3923775552190425;0.07398592375103803;0.5550259415914552;0.436506359741496;-0.7081019715166355;0.6738487518799104;1.1091735703417336;-0.22411705814279412;0.21254019730147652;0.36100188771398284;0.10915552974508386;-0.013702734886702993;0.03888669162812295;0.14989824896074724;0.2897540255789713;0.8969102064346901;-0.6945146235688647;0.6325630996265637;1.0588747526349245;-0.1436140639007881;0.2099478909381692;0.23647132963394055;0.1811043382339094;0.017907427378934998;-0.10180111616566055;0.19452695172079865;0.05567700735098713;1.3244853714087783;-0.6739174249507521;0.45839832307128603;0.9250707099640987;-0.06596515267152432;0.22811289289875256;0.13478974889614603;0.12805086530538878;0.07799542892371839;-0.17460126020723868;0.15059351870863336;58.119211507881325;30.61588651761625;11.657071500958542;62.45503552373295;12.915288836058892;10.897123291475015;39.458242463144636;24.414677671093692;65.89402367817945;32.01395028381557;37.87543765459311;79.29122253740248;32.65928509217847;43.50622438841414;79.10324277405907;39.572954954805304;28.532442469840042;26.899456878764454;16.182758897478994;0.9986940968353524;-0.04199544903560919;-0.07058478027227096;-0.3635400548882449;-0.11548449251955398;0.16046156742422624;-0.1815595182795645;-0.20826684468221476;0.2106674059843593;-0.10007443400154288;-0.17864065926281433;0.22454039622442024;-0.07701931978867667;0.13870340008479;0.7594609765397754;-0.49305308771655204;-0.2898625572629107;0.17641466019547453;-0.16983308985547713;-0.20109570089479914;-0.09315209165009894;-0.08573795613292766;-0.15515520855267162;-0.13302939906382957;-0.048619741260898124;0.046893579711064934;0.9314818302651586;-0.36075281297275075;-0.3123056818492283;0.1460252739754647;-0.1865703166005462;-0.20594628594359657;-0.17190246181315422;-0.08480822762903614;-0.14309814629210185;-0.1445915640169381;-0.04227191331936785;-0.0634628641681815;0.9724411785982476;-0.24490570118538932;-0.2970284680014944;0.05931654901781705;-0.18179772095354;-0.16927174664877234;-0.16505105132391396;-0.07054746355569051;-0.11433135996869354;-0.13371179818321888;-0.024650896302788244;-0.1671585412646126;0.9243621455545742;-0.15092138275070915;-0.23716334128186148;-0.007351971337361206;-0.16372615717813752;-0.12824594738417527;-0.14729684141400473;-0.07356026271620665;-0.08251205554006774;-0.10654102687564038;-0.02938590208507414;53.48458871901215;25.066540615630853;6.933207308854665;59.29035313897008;51.267435109469936;16.91518760076745;61.22811348220886;60.063522471862804;7.837784801855418;70.05995563640181;52.28810187363031;10.01467786643019;77.88606842549328;43.6372342221618;8.912181197917018;69.4553125070672;13.20933868318255;9.446787253082032;8.09368600033237
0.9956493834689096;0.49224501805152293;-0.2247003614072258;-0.04185186883135308;0.47820042762490944;0.3180888246834238;-0.13217309394413154;0.27312940798932195;0.5914628707654819;-0.09397449811904227;0.12712525979960376;0.539228573693808;-0.07760323140941253;0.8717343828319729;-0.01550698218700111;-0.659170472865108;0.5627973414460589;1.0412193357753685;-0.1770454647989649;0.24557258885091923;0.6234387652465742;0.02811824967946613;0.09812469641663452;0.40535300894091003;0.07397193143729991;0.5855936812732492;0.4241148366170534;-0.6908014518037251;0.685644694695231;1.1237648974953003;-0.21409296618653398;0.21297306722390882;0.3638604257234264;0.11115790233685771;-0.01975662118318435;0.031453975974592055;0.1509530542596936;0.3173171039852771;0.8915357452592388;-0.683344160540966;0.642956938625297;1.0625527420181204;-0.13720126188226325;0.21144730878277096;0.23799033703506894;0.17998847104557075;0.013334010410557831;-0.11098431974209022;0.193225647985885;0.07764412174193597;1.3294204533249454;-0.6686130595678769;0.46181346651785204;0.9209269006149519;-0.0688745921608946;0.2333930690547639;0.13980791693458314;0.1228729362723953;0.08117994607955602;-0.17808278607558942;0.1487439254151905;58.00965054133442;31.38310689058297;11.408691170910192;63.13175441296271;12.894329681679645;10.956363626583839;39.709976639351126;24.029869779510147;69.24755856569553;31.385321447452537;37.167670107700985;82.12552687326775;31.90070987711437;42.274069509111484;80.33034250575469;39.12624914991643;28.641727504262025;27.434092408667613;16.61066442480376;0.998450589325329;-0.04319651985985668;-0.0824370654324337;-0.37569571669551066;-0.12104675933190907;0.16111861092332944;-0.18749953063638428;-0.21232744656784464;0.21284534801778185;-0.1017708727991722;-0.18208866315835653;0.23062277515573862;-0.07784497886230622;0.1369162004726854;0.7436668184538706;-0.5243862609717447;-0.29607949325726446;0.17271806255384473;-0.17303748200956504;-0.20596090782564447;-0.0910623117083483;-0.08202871053185234;-0.15615222163307593;-0.1309326132844242;-0.04591008530046747;0.04919151820419216;0.9211152600045056;-0.386169486525798;-0.323044027770848;0.1470959199944768;-0.19081977368350683;-0.20973144226378107;-0.17553615928467464;-0.08040965580223314;-0.14263373045938108;-0.1425187722547047;-0.039724567042825974;-0.05876945305463619;0.9712803948701377;-0.2638935210735498;-0.30956580138053097;0.05163254865419412;-0.18395919049978812;-0.1715530497312164;-0.17222217986128557;-0.06622099532127486;-0.11283294725319873;-0.12973492462412828;-0.02265955759252579;-0.16084747608909683;0.9313832926024168;-0.16422384382736774;-0.24533691609702438;-0.013430094270223916;-0.16343996531131696;-0.12811517601180702;-0.1566572258901301;-0.07161758844788682;-0.07997429542264968;-0.106030797720922;-0.029061952160575322;54.15469952452785;25.162419144940166;7.435702780304228;59.628858848742624;49.76130571997202;17.10265055742276;61.33868917825404;60.095549332017455;7.174193433232056;71.41577545087131;52.024322202216915;8.61212961322233;79.04607931255053;44.42706340020997;7.465317777211409;68.62879018897367;13.641826412525445;9.738458121285936;8.154200853123612
0.9961526993148438;0.497695008463751;-0.2176766279283671;-0.029129064057379084;0.4802895460585793;0.316235285412762;-0.1286035594734394;0.27580941971099504;0.5976103274040906;-0.09505912656859705;0.13189541562281923;0.5484129663500359;-0.07854454900238368;0.9001298921921296;-0.014526458138798451;-0.6288116208845246;0.5537327577447938;1.0520522338901597;-0.17795369353291177;0.23284045206801188;0.6116910104856967;0.024554766552826256;0.08297156655998605;0.395987761852666;0.07383081850884124;0.61307931932447;0.42430515234143673;-0.6664074473722172;0.6841163920936311;1.133716103087092;-0.2091367956185105;0.19399009281318275;0.3614121070765263;0.11404594537289818;-0.03621774468286708;0.03320300049329485;0.15505104940192524;0.3429469828913838;0.8928415351246961;-0.6655744581152087;0.6433380244161605;1.0530970388894925;-0.13082542386832272;0.1974046520286682;0.23245685966276422;0.18837114089497825;0.0038530921925621973;-0.10342400833720414;0.19953860250813674;0.10124865045021321;1.334095247357439;-0.6569225290835612;0.474638727698695;0.9012151783348675;-0.055861693662572036;0.2236491334825145;0.13664471701835404;0.13617530400837458;0.07115544184609379;-0.15875208326826581;0.15800773928358086;57.136015554627434;31.622880058298968;11.143195613564908;63.20680219295638;12.69911506861694;12.129404223837081;39.13366857932084;24.67895673666428;70.90163406455423;30.342013391771857;38.70106163144806;79.77260222810855;32.16740377604613;42.62429543604287;76.89532961001967;38.196476779658404;28.53355976092092;27.599886866295204;16.750923940172246;0.9979743755202996;-0.05077353433907166;-0.08888469137849389;-0.37889925279085546;-0.1300780728900195;0.15313371947073953;-0.1865715152943441;-0.21372396379552977;0.21043528670340853;-0.09778444806241123;-0.1827732071103129;0.22552710176304575;-0.07230270912563298;0.12038242800830644;0.7385483382242763;-0.5360065461976502;-0.3110139577077058;0.1583682236445544;-0.16725257523359846;-0.20537226733585798;-0.0956130895209325;-0.07078263842362648;-0.14952770710908686;-0.1334978764174885;-0.037291008468749894;0.038178793730593706;0.9185124383336096;-0.39354450870990915;-0.3335983781117722;0.1377967819744509;-0.18679398854718393;-0.20662484277482618;-0.1801989812737637;-0.06956782719872735;-0.1361127733063522;-0.14850735912333202;-0.0315364667428513;-0.06465409346650265;0.9741314187568648;-0.2664590573189393;-0.313237792011556;0.04773776585095684;-0.17894152664847762;-0.16516911500753476;-0.17663285951653857;-0.058700218342067526;-0.10379036933616574;-0.13021923895459883;-0.01762729439163056;-0.16279820949883328;0.9401479162000947;-0.16223230613972905;-0.24687971228076833;-0.018276544152831555;-0.15932070237559381;-0.12268438205742048;-0.15601888423008362;-0.068332164716031;-0.07176921431746622;-0.10503881728525628;-0.026592405965932084;53.71583960423268;25.19548007804541;7.3925075476667494;61.64824504172168;48.744900398107454;17.65158765582302;62.55007249264128;60.22016826651511;8.23540637347356;71.89537935677185;53.542862976981084;8.809384295274747;80.12665135954562;44.56561193886212;8.08485163959233;68.68221931736078;13.796602338913777;9.823455570891285;8.132879948002417
0.9966804870219792;0.5024196565738074;-0.20969013147103766;-0.016411287068287667;0.4812865899700148;0.31424017468737836;-0.12501161713373196;0.2777642737350746;0.602966666969301;-0.09615130195647634;0.13620182022987065;0.5569744374542052;-0.07950288239525022;0.9270561870026826;-0.012855479787200905;-0.5977406492177638;0.5434043921402548;1.061370924211394;-0.1787399559437877;0.219508470800136;0.5984847078108392;0.020905749750783895;0.06743889332037394;0.38549576698752575;0.07359206212846338;0.6393567518647031;0.4243546094447939;-0.6412067601702066;0.6812918241910833;1.1419404874378263;-0.20413286330408037;0.17434689592186633;0.35835417108196804;0.11678231773554056;-0.05277932564893986;0.035186869311294035;0.15900051937662327;0.36777554946186936;0.8931982509716243;-0.6469385195479447;0.6425607353032449;1.0419674556558745;-0.12435596451798656;0.1827658731908949;0.2264590327192265;0.19672218399250302;-0.005682282322803877;-0.09527470009060213;0.2057683596725839;0.1245026431334695;1.3369881280788602;-0.6443134728701744;0.48700914177145727;0.8800650383528578;-0.04241083848022105;0.21324230809628547;0.13307659504673636;0.1497477692282596;0.060726712864368065;-0.13870040993917887;0.16732125133762557;56.256990930143296;31.846938768710096;10.888793958352808;63.33170424173798;12.51063642327741;13.412981015738998;38.62177654238916;25.520995354057252;71.99318590463685;29.30449549953389;40.44365302973834;77.04305580379445;32.496984735531704;43.22931609080422;72.77842134575344;37.24897568973243;28.38095455544892;27.736732575096703;16.888725573641803;0.9974906264580782;-0.058565392537844964;-0.09515538116213616;-0.38175503927379417;-0.13921951702974855;0.14482527704573478;-0.1853869787602078;-0.21500101195348953;0.2078356882343166;-0.09358842823923345;-0.18333872871851745;0.2200194192677088;-0.06652954393790628;0.10331400029406042;0.733642307699559;-0.5469207553514956;-0.32621137861481586;0.1436150718534092;-0.16113512267492217;-0.204570650676669;-0.10037338284152156;-0.05925583022665072;-0.1426163046579913;-0.13619777299936958;-0.028455286761739883;0.02670357930182457;0.9160025703392823;-0.40028266260768713;-0.3441132163346872;0.12811770282907542;-0.18245932707132784;-0.20325297078751167;-0.1848749476586744;-0.05848187614890428;-0.1293582751552991;-0.15474583760001792;-0.02314233435749207;-0.07088427748470268;0.9769556595192228;-0.2684514734915388;-0.31657685192360685;0.04394991568945474;-0.17364983493892655;-0.15846224910979484;-0.18093354410159734;-0.051049807951738906;-0.09446595689226997;-0.13082779390911792;-0.012482544145131558;-0.1649943941048113;0.9488302447430546;-0.15971213530361694;-0.248168832075869;-0.023090163884837627;-0.15504138824150923;-0.11704920411143485;-0.15502797401687163;-0.06498466921990556;-0.0633504587655388;-0.1040114678852126;-0.02404341178169374;53.192891951491255;25.386401443119773;7.340289571778611;63.666400390407574;47.79737679172649;18.32877949602146;63.77281731473582;60.380170633290476;9.455027261743808;72.35291110410043;55.17093723768268;9.244936586509462;81.20770472267883;44.74564881341599;9.171702893539175;68.72181797452923;13.956136759278884;9.920672688562574;8.127622899949403
0.9972082747291146;0.5064268048210275;-0.20154167831588685;-0.0038478037555710223;0.48164503851850393;0.3118646499800593;-0.12130697428916987;0.27933152971062025;0.6074662498150818;-0.09710356911107655;0.14027194096242307;0.564694606533746;-0.08034476932345955;0.9524071516740367;-0.011190883735596057;-0.5663226723591042;0.5325131615225974;1.0691830261540527;-0.17928331353322657;0.2060755935140733;0.584683769140851;0.017279975601993514;0.05203313376156931;0.3746481707705341;0.07326106169762715;0.6644413182403848;0.42385246666658233;-0.6155215846057988;0.6776217713394111;1.1485687937662012;-0.198933007507666;0.15474857543129147;0.3548732251170978;0.11932929561121722;-0.06904371346593234;0.03709766479674095;0.1626890354822319;0.39178383437871334;0.8923904497393244;-0.6277200091959719;0.6409599761326124;1.02963881225659;-0.11781438692243407;0.16809194278558315;0.22025002052793874;0.2047025268609242;-0.015078620996093486;-0.08711422262134301;0.21164496190669269;0.1472739232205676;1.3381053250688977;-0.6310420371872919;0.4985764943977239;0.8580643854457191;-0.02909064505232828;0.2027023328872285;0.12938497334100776;0.16293842427940577;0.05036313937279415;-0.11874553094878254;0.1762889436241388;55.398435820456505;32.07233575356594;10.645352432898951;63.522257315106366;12.337385323889073;14.773480986837537;38.20496086540833;26.528218038484344;72.5862615986782;28.288637596421278;42.31482647757909;74.13293288690686;32.85586123955246;44.031409928595814;68.19480637611159;36.30381215514246;28.192252622253037;27.855729892539067;17.033394182428445;0.9970068773958568;-0.06636096638487743;-0.1014202299631169;-0.384545932203765;-0.14835235393007745;0.1364747562061431;-0.18416614847748383;-0.21624089673015137;0.2051930371457625;-0.08936739739342694;-0.18387158669505158;0.2144610373433099;-0.06073341170443606;0.08619484255839983;0.7285922438711107;-0.5577546789549592;-0.34137706392088607;0.12880808312538344;-0.15497666558390427;-0.2037299243681165;-0.10512406770727521;-0.04769669623766987;-0.1356658271848059;-0.13887764282940476;-0.019597906189642796;0.015202121173772003;0.9133195886070363;-0.4069597333625179;-0.35458432172764026;0.11839706960894172;-0.1780830539686329;-0.19983745321754903;-0.18952560945472274;-0.04736456121080239;-0.12256743175349485;-0.1609674568594866;-0.014728341068351134;-0.07711300853811373;0.9796054940152822;-0.2703982269504722;-0.3198639026192464;0.040146941560448554;-0.16831637244661185;-0.15171377445412856;-0.18520895123019676;-0.04337578724963257;-0.08510683808672269;-0.13141342170082487;-0.007325934052378318;-0.16716431999272716;0.9573542296365208;-0.15715790916088826;-0.24941471155473596;-0.027908486250874515;-0.15072560738010496;-0.11138202536244057;-0.1540067128684715;-0.06161900022639834;-0.054904402484603154;-0.10296308145790754;-0.021485257426776167;52.626888545974836;25.738507314899728;7.3006880424079865;65.61075272390507;46.92192874657181;19.114054262143085;64.96653218982686;60.57275149152414;10.731401380635047;72.81522534715239;56.84499600972718;9.89529606166196;82.29055462846051;44.99269296061834;10.67146646458107;68.71844486237201;14.128789839473969;10.037345885255695;8.14139755294203
0.9974144192120864;0.5085870861499812;-0.20111237241853744;0.0015325275278493917;0.4779864474237181;0.29646903435212985;-0.11578888021786538;0.2815043089810493;0.5845161090670188;-0.09283278488195115;0.14482649350502005;0.5435710811687837;-0.07710656863470856;0.9572414626981146;-0.011010994550070208;-0.5479332720403061;0.5441049591087306;1.0090738104255554;-0.17557507711360895;0.2118604188831364;0.5621556072507439;0.01397819944565233;0.0625092829763507;0.3672698797364703;0.0688882111611435;0.676374361410571;0.4308987472652637;-0.5973642045115096;0.6688609507071536;1.1035083345545018;-0.19202471171108207;0.1672563370421789;0.36786222647069683;0.1137636874398759;-0.048843715537765404;0.06567154200499925;0.15481413706550512;0.40926178348371894;0.904032117018782;-0.6100709629941842;0.6378602911185695;0.9970893794959862;-0.11235684543157375;0.1707080312107927;0.21859869912994062;0.20165693513892233;-0.007248408621346206;-0.07467215596513328;0.2069882997983612;0.1676543787479826;1.347676729114145;-0.6139308265811537;0.5014648240445733;0.8326023970360328;-0.023354976186540515;0.20047859864917855;0.12358831396488769;0.16396253438985284;0.050982062461946635;-0.11064288555443788;0.17543209553341876;54.29419655745975;32.16430878939789;10.697173264415671;61.72829861876739;12.62745627293527;14.242663944343985;36.94814181322532;25.099797899567506;62.80256392214116;27.278323745584462;41.74816446281957;71.32060677322998;32.61668026345097;44.32156317148131;65.60882290386766;35.972095677567275;28.427221079668367;27.761968942756848;16.860436311633627;0.9969209041490412;-0.06564966461904889;-0.13576647904683378;-0.4060459438890565;-0.14759858760588532;0.13340894495331435;-0.20041857153365522;-0.21044353538378766;0.21089848247783805;-0.10095425217720562;-0.178982265348864;0.2270528683788142;-0.07421929535382615;0.09127056779767483;0.6839413072962217;-0.6214545537827839;-0.34242453636840836;0.14575266103076392;-0.17149388309438182;-0.21055413790416805;-0.10979453681889137;-0.05519563142728695;-0.1392680291261549;-0.1379648138300185;-0.024412339738476778;0.025438366802854297;0.8850091481813864;-0.46487815299243757;-0.3601956769669485;0.1374979805211006;-0.19426083413758952;-0.2156786702095014;-0.18541864242838021;-0.0562969712177537;-0.13525002035483602;-0.15782905863301974;-0.022761773283918166;-0.06678642438332873;0.9719650910941372;-0.32086815356265663;-0.32750386903872847;0.061572829695897974;-0.1812216477528342;-0.1690307551438178;-0.18492971777959769;-0.05171228418054965;-0.09935618238873048;-0.13958205131620305;-0.014977499935808021;-0.15833207725140294;0.9671486684298753;-0.20052213983876507;-0.25488137857068766;-0.013893326726445153;-0.1598170542801984;-0.12536375722536874;-0.1563766537073602;-0.06712054705358342;-0.06811167939727829;-0.11287074287721253;-0.0273998559879912;53.385161623237956;26.60461490498334;7.730797902288186;62.617465740030546;48.98253442554293;17.942568689866885;61.977362223797684;59.713736042911286;9.934851685000437;68.93223474097547;56.65379062723103;9.598930237139124;78.71263746779393;45.20134948470995;9.988294921265268;67.56676417213284;15.106711352009603;10.771066438310061;8.443218138395201
0.99757783482915;0.510301240070955;-0.20162150641824597;0.005887444088706002;0.473716108132292;0.2795696325641046;-0.11009730815823957;0.2836229115768944;0.558238047654089;-0.08793314256666165;0.14931371043699523;0.5189202451487605;-0.07337383933526752;0.9590204316197393;-0.011022531097466244;-0.5313763399042883;0.5582129504475781;0.9409347415046004;-0.17132595356628727;0.2199541174458007;0.5387185198711509;0.010773030679559573;0.07612055565839543;0.3603507710644077;0.06404890299322737;0.6861691954130531;0.43865077587064455;-0.5803079631491239;0.6593781087731186;1.0522135159778978;-0.18495622876346035;0.18363219075967885;0.3826237729549086;0.1072122042353645;-0.02427915954738432;0.09715496777149056;0.14553539327865153;0.4254459127284016;0.9167732791843201;-0.5927398132518912;0.6344111649734232;0.9621819168825795;-0.10710026479517026;0.17545454419919965;0.2174934979678972;0.19717456585529108;0.002669266476898437;-0.061875850606540786;0.20098572409230545;0.1873038045007991;1.3577215172029353;-0.596427622364297;0.5030134992392388;0.8068749828312166;-0.018694722052689267;0.1993029364275435;0.11758292360292928;0.16334179739394764;0.052992019123593165;-0.10418071699231798;0.1732630384880389;53.122363617536166;32.21267606801036;10.781402799406216;59.51353634950118;13.05450348935068;13.493208856383482;35.558608541881135;23.532014039036557;51.33081117782457;26.328907308402012;40.8446004203817;68.26123235757535;32.3500218837914;44.51652579240267;63.28535954044551;35.716583052288975;28.718461872192904;27.631448989033558;16.646485117757344;0.9968877736428812;-0.0634436384378205;-0.17367424829310016;-0.4282749892162658;-0.14474160669889083;0.13032647998142147;-0.21821951548763238;-0.20253391649836117;0.21672252369284545;-0.11431270613970584;-0.17237294509327217;0.24109680851227638;-0.09010903915614676;0.09893892150903219;0.6298134489480961;-0.6899625686377462;-0.33982016524221503;0.16646179865193614;-0.19041359537472305;-0.21742206845629428;-0.1139534685409963;-0.06508347039139437;-0.1436257667373509;-0.13584473448040735;-0.03101087865574109;0.03861579926911687;0.848296320778909;-0.5281118936359731;-0.36337499990637895;0.16004069789068437;-0.21243316885282912;-0.23322462191465249;-0.1791196514836349;-0.06776611454917206;-0.15003698595978202;-0.15257283442321312;-0.0330064904961649;-0.05374132704650865;0.9578279777001651;-0.37692542210782926;-0.3341502095191274;0.08637913525236718;-0.19583124234888744;-0.18896133341843988;-0.18308051215761892;-0.06205630592045391;-0.11647383091510183;-0.14816729543388324;-0.024384494551119646;-0.1470793677845092;0.9722706764597098;-0.24964394013088922;-0.2596804555749837;0.0029261467326335664;-0.17001893213758149;-0.14154236597304484;-0.15843149655157887;-0.07354805079276441;-0.08407011982221912;-0.12381131942349001;-0.03439742169519599;54.1006803308823;27.462464923819763;8.220600683603069;59.39562155249223;51.26865904377743;16.5022843784825;58.704180936812705;58.760432640875905;8.871934164355485;64.74457679011944;56.325064135304196;9.625318275079998;74.62708771261627;45.63316772304933;9.546340696476193;65.77178640761487;16.12301982800188;11.64630795951418;8.842806763509182
0.9977412504462136;0.5117587335579014;-0.20203272970171704;0.010149244113628825;0.46932940951476215;0.2629005958488849;-0.10447641712869825;0.2855746173496145;0.5322647021891999;-0.08309731130810807;0.1536429413458269;0.4945573132076463;-0.06968695913309648;0.9603470512887997;-0.011029053852604716;-0.5149335928671985;0.5717857832709037;0.8738052011800936;-0.1670909950728427;0.22778423361964348;0.5155355202834333;0.007629852136336765;0.08941579467366322;0.3534194866712294;0.059282495444732235;0.695463151107886;0.44605160977597086;-0.5633550983769958;0.6498068984418864;1.0015297308953228;-0.17795464016227439;0.19958795398391788;0.3969126172300944;0.1007505346771272;-0.00021494305409471817;0.127941573028584;0.13638658256996683;0.44110920880725996;0.9288524150173603;-0.5755123729587442;0.6307590039583524;0.9275836822278817;-0.10190661694792288;0.18002635710362486;0.2163170843010297;0.19270001723243188;0.012379533370970036;-0.049318864078415674;0.19502093328107867;0.2064634709989881;1.3669693786003327;-0.5790301085185844;0.5043121116956137;0.7813331480852616;-0.014123287813380037;0.1980654053961059;0.11165149853807632;0.16266322594866675;0.0549372249651161;-0.09780781759290702;0.17106404960486335;51.91520552504319;32.23015690669237;10.857425215314155;57.12755927850291;13.575797299029833;12.791745997284387;34.1516921959728;22.15222852091316;40.808537498735255;25.44863589984506;39.93651145982975;64.91796263469614;32.141408465810606;44.6964154366197;60.93035830257313;35.45653018627136;29.006044922070107;27.491454191995757;16.43454411522214;0.9968546431367208;-0.06087533248790022;-0.2107844384138215;-0.44822246338469013;-0.1410677259507052;0.1265062188366638;-0.2348865305699444;-0.19346394478068904;0.2213680431018361;-0.12709497904223238;-0.1647766103677395;0.25386310110200594;-0.1055682758440358;0.10609138334117549;0.5719468137017698;-0.7549393560181298;-0.33531602709570335;0.18633745461508647;-0.20835882899241204;-0.2231122017396655;-0.1174975739938511;-0.07465334552140598;-0.14720467780054913;-0.13296044755013517;-0.037466251815892006;0.05163687213462935;0.8067076193530762;-0.5886904537308587;-0.3645492208940353;0.18179371374005857;-0.22950536811452185;-0.249552140135934;-0.1717975279503787;-0.07890937337134672;-0.16405557404237323;-0.1464455956822238;-0.043113061010433294;-0.04033997776807709;0.9383060955652175;-0.4311358963193201;-0.3389691564446105;0.11081505077512406;-0.20941721321214546;-0.2079299685136316;-0.18020582295799092;-0.0721012000280829;-0.1330198970230886;-0.15596715346929735;-0.03369755101170663;-0.13495967796611089;0.9720127450903014;-0.29759556535837733;-0.26305778055242723;0.01980366517328425;-0.17932114394407042;-0.15700594678153867;-0.15961506894071137;-0.07959526902981155;-0.0996319127759127;-0.13411225282165684;-0.04123476662130532;54.61788653525858;28.24674279396573;8.662484256605778;56.72017041990535;53.384046714501466;15.0661547716112;55.7812063900288;57.87038303570558;7.853821959051492;60.88617915529774;56.09940979818222;9.986150274061506;70.69916158444012;46.24999484025931;9.487963764688946;63.614553488615016;17.023101439037152;12.563103950634316;9.300078008255214
0.9977668419189902;0.5018701650640945;-0.18953221644734727;0.013116027261610206;0.45319094537767024;0.27344637006473016;-0.09327231905270704;0.28073342107361243;0.5194439349940305;-0.07162712663727211;0.15229093075491557;0.4742735732710185;-0.05956897503914215;0.9204086381695379;0.06336663337368229;-0.4849246250300207;0.5650332850601564;0.810295385089438;-0.15420181978134984;0.23385337743771412;0.48373942339991866;0.003240563564379384;0.10745459999196172;0.33666495135725005;0.04984297560654888;0.6686942603434364;0.5223654840120936;-0.5291335250166596;0.630805833860141;0.9423344748532244;-0.1584755913483892;0.19560863318180954;0.3337001323495079;0.09785087289407822;0.008699559014495328;0.09299780461635257;0.12623467073172506;0.4287300368243917;0.9803154687274822;-0.5382701528786665;0.6074520671978947;0.8753356533087289;-0.08703385823281469;0.18770276050555296;0.17531742575975204;0.18204471691644158;0.025160496564072207;-0.07126832249546183;0.17931962716844224;0.20619109342661782;1.3820382156084023;-0.5394123638095168;0.4761281677475309;0.7508398914603358;-0.00803036314233489;0.19490639010631547;0.09256241609209996;0.15346117901744;0.061604740825951895;-0.1125687512940867;0.15780686163379903;52.795092627769684;30.318255167638537;10.511254772773745;51.676768832477464;12.920014643898133;11.142705775743451;29.361826999405356;22.410532105236587;43.97737756815214;24.469669647282966;41.60693021419985;66.04624288929061;31.111282063511094;46.82871666448737;61.36963069553333;37.5291831568241;29.72030508889264;25.217016772675976;14.912498137886205;0.9934872781866186;-0.0866297055686884;-0.202461083194771;-0.4360725702368362;-0.15373119240254318;0.13327502296006208;-0.2352419381625141;-0.19225647292638692;0.241311605993461;-0.1311608704740319;-0.1604467977294731;0.270510504305697;-0.11096239418545727;0.09214464407117376;0.5507616433097721;-0.752751217269953;-0.33993022768932146;0.21572774032925995;-0.20721568414641192;-0.23346039736878765;-0.08056113366772139;-0.07317367686693335;-0.16207903578368413;-0.10817100881870909;-0.03705188317212426;0.05650294652183026;0.8027455990639308;-0.593638711859193;-0.38921926521141825;0.20656456260309325;-0.23282224636169152;-0.2687054101923509;-0.15670145344942257;-0.07726267258983108;-0.1745981488693054;-0.14565191702064098;-0.04060383960197318;-0.027274282813781307;0.9541289497476906;-0.4414515416510981;-0.359885494466382;0.15597233441444655;-0.2131816502824936;-0.2277916266407461;-0.17003586977945934;-0.07103386427027858;-0.14482007517034615;-0.16336271822733742;-0.030700358380238362;-0.1215501740748359;1.0100995813441325;-0.3117504639501938;-0.2779080393999188;0.06588171502582944;-0.1806015600127962;-0.17320694586347177;-0.1336680453863555;-0.0787092149158621;-0.11136878923926638;-0.12397316958526042;-0.03921224917915033;54.18224649352013;27.40369960596242;8.16954169083079;54.991607037519124;48.59168651054666;15.369071958459292;55.53312038170091;55.61655588639459;10.122666519163737;57.42903573301575;57.332353620367634;12.966427995255048;64.17668822144321;47.04106913750285;11.926889717096843;62.87449659813401;17.437721015548924;12.57164784434203;9.1837324739646
0.9977812640588511;0.48802895094384596;-0.17552227895206968;0.01567547515623117;0.433884924291785;0.28318588796784977;-0.08174271257931918;0.2735988643227286;0.5045671159212706;-0.05993673680535092;0.14945563575569998;0.4521342932876244;-0.04924117763432562;0.8732540525526409;0.13751082596502512;-0.45236039012492074;0.5529571872224482;0.7454224089616417;-0.14041589534697685;0.23758207728711006;0.44989261671343445;-0.000953232554576844;0.12374414442805304;0.3178156187557993;0.040349896407633534;0.636070361466217;0.5943951257788714;-0.4920456581604555;0.607664070542365;0.8795634228036082;-0.138252651982668;0.1889444364426988;0.26669454361275075;0.094679036309369;0.015786543304509532;0.0549508590592076;0.11577227410963285;0.4118902887000404;1.0235898008552098;-0.49810330005230863;0.5797285968929599;0.818846611257553;-0.07183991728295634;0.19363660423135406;0.13294645093925966;0.1703057889140362;0.03706784439515033;-0.09367740544939945;0.16265061536879055;0.20292668463193808;1.3859637589991092;-0.49686661982175284;0.4441425548841476;0.7164455634003744;-0.0021974512542622788;0.19034850234347786;0.07315197512121006;0.1431150090555062;0.06768008123368223;-0.12699356070795445;0.14347304137943367;53.79464357924898;28.31081299841733;10.122440844775493;45.88268462586406;12.15779893002492;9.4802687157451;24.951291829610508;23.533372676402063;49.3896211723519;23.961488301139482;44.29280565277137;66.17306579616574;30.073030505826456;49.41009626386032;61.53840781103546;39.95874056449746;30.025591171677313;22.859618208597453;13.469879198122767;0.9898497053225356;-0.11597739940695755;-0.18995817671254003;-0.4207526258260749;-0.16839169652120012;0.14128045187677937;-0.23428737178940182;-0.1917047561681363;0.26351675202630603;-0.13470481503839873;-0.1562336910135068;0.28830919895120666;-0.11577620338923499;0.07579668427203036;0.5318454200504432;-0.7449520026557761;-0.34560663840616507;0.2473147368020623;-0.2044525143533351;-0.2447296950078008;-0.03853098150534077;-0.0707079757206132;-0.1786262733390844;-0.08042132193843818;-0.036045558693999065;0.0609136236888132;0.801977124738565;-0.5942408786385885;-0.41709529906090714;0.23276913212642084;-0.23518012377386893;-0.2890344723931233;-0.14029524723481554;-0.07447589915115906;-0.185368107201428;-0.14530779953224873;-0.03692136940702058;-0.013647476100341374;0.9738899497596211;-0.4486240260190141;-0.3832032426772372;0.20498045634522166;-0.21633601534922903;-0.24868813967150058;-0.1588241223418178;-0.06899349297400921;-0.1567904880048924;-0.17109961609545668;-0.026531214911925758;-0.10744831093769179;1.0534071703073915;-0.3237620467961471;-0.2944722353049898;0.11654952091535904;-0.18130338132088247;-0.1902498778555492;-0.1042714540039843;-0.07721406778391447;-0.1233431674354686;-0.11166980630493352;-0.03635640996409322;53.3546896683701;26.84642100814594;7.69337331537273;53.500044980954144;42.55136979514326;15.864324895106375;55.57016662426315;53.10582826467754;12.669959939831916;54.551892950481886;58.13219583558192;16.133570673590373;58.16846642686561;46.4775811023895;14.804807523136825;62.24024617058228;17.934484688529757;12.530480397148738;9.039328353275161
0.997795686198712;0.47210565204824695;-0.16153237932681694;0.017912317696439018;0.4133237495211322;0.2902044171897147;-0.07064850867457562;0.26524383437760973;0.48758588543444237;-0.048841115727918785;0.14586323924375344;0.4288591328554504;-0.039463606988880746;0.8242797366970617;0.20442455498851364;-0.4195462268633412;0.5382149773402526;0.6810920489365672;-0.1268654736297283;0.23940614623006123;0.41592155172699186;-0.0047836481277674205;0.13782028559744386;0.29844767795530525;0.03139538538744439;0.6019743044197742;0.6563220116063929;-0.45482782885314654;0.5824327209970915;0.816259898642189;-0.11882764182394745;0.18158527517250064;0.20361134877303255;0.09114469289906364;0.022164757064917082;0.019775689951983127;0.10542708902839228;0.3937323756366361;1.0563419628404456;-0.45802812555043787;0.5504922031670945;0.7616959479719984;-0.05745947631350991;0.19777168205647877;0.0932942872567514;0.15842842049832664;0.04771389682251017;-0.11355300343580957;0.14631399646839058;0.19858448083916522;1.3802959351931772;-0.4546233278796429;0.4119126571279129;0.6801928298426025;0.003153593072599627;0.18490696263661555;0.054905213732104705;0.1326934881428258;0.07278608649732159;-0.13934200093730845;0.12940094164849297;54.73905795674379;26.368907667714772;9.724606092526727;40.05252364617256;11.395227025816576;7.914827363096385;21.363247179279618;25.96654896613606;55.90664484412243;23.87458820043086;47.78601599371628;64.75889078862913;29.089451565634032;52.26884682191821;61.18167252323889;42.51502334510255;29.895890984496607;20.651245673806176;12.19760201736818;0.9862121324584529;-0.1467515621411705;-0.17684230873008283;-0.4046774919509308;-0.18376236514553781;0.1496725876614304;-0.23328118919824317;-0.19112197242354936;0.2867973443971603;-0.1384183699825256;-0.15181201282966186;0.3069682354874416;-0.12082187075524786;0.05865104051804093;0.5119964603001149;-0.7367566943148512;-0.35155187114269304;0.2804343601500071;-0.2015503170344918;-0.2565423574963231;0.005546566745197206;-0.06812066346863868;-0.19597532072673463;-0.05131867160655137;-0.03498944361481162;0.06553773222282155;0.8011536506102142;-0.5948593394820464;-0.44631954197396506;0.260244563795296;-0.23764765642665164;-0.3103470704008343;-0.12308710697021301;-0.07155179820754738;-0.1966584176464133;-0.14494374068780347;-0.03305878129891968;0.0006431525043321873;0.9945918118694562;-0.456135921568249;-0.4076479888000069;0.2563704106186204;-0.2196392316976725;-0.270596703554962;-0.14706296563041102;-0.06685225851269622;-0.1693403325096295;-0.17920949170062603;-0.022158483985004498;-0.09265743794756914;1.0988004194871812;-0.3363514056398341;-0.3118365272171079;0.16968191181697137;-0.1820354015105113;-0.20811850144832789;-0.07344118450058032;-0.0756444255805839;-0.1358979036154234;-0.09876491400676832;-0.03336071591507462;52.177252795677894;26.70381391921378;7.311930559308497;52.218309638701555;36.27783860673395;16.343099397903785;55.68265972134303;50.50983604484696;15.181261336849374;52.20688788798325;58.44603630903295;19.23962469038219;53.036543086200965;44.658420207050156;17.735110167466956;61.60183997522948;18.569112415859422;12.51528050103641;8.914059716761633
0.9975071013229976;0.4373185044854229;-0.15346159864088862;-0.03729310211419788;0.4032703126503992;0.21837013412740325;-0.09066409349420708;0.2924955467037198;0.3077744703060745;-0.06435060198918356;0.17809531795666353;0.17953563670289155;-0.05722299120825149;0.732853433883581;0.32429581632393256;-0.40733538707226374;0.4609983028371615;0.6706369578664909;-0.12735164392159457;0.22686349469428133;0.3739871911541352;-0.01633056726533032;0.14052879771453475;0.27026525189413236;0.018755388045149157;0.5318162135694005;0.736759212085985;-0.41756122711662796;0.510094878572339;0.7808306804660862;-0.11314827719873576;0.19843888367375392;0.18597219886398236;0.06533163454703036;0.06196233120864857;0.03748029557176534;0.07819976651818016;0.3552025968992441;1.0814999349241199;-0.40360999795008545;0.47871993629644033;0.7216894108533258;-0.05896533302085033;0.1982327200737842;0.0899867547563902;0.12552293860194685;0.06671949543273424;-0.07168633618406091;0.11665594107795085;0.20109966109106758;1.3402986499547984;-0.3878440642585225;0.3551033860531315;0.627692734355163;-0.002657292975289378;0.17235803184863444;0.08730186519343354;0.10724714288437986;0.08341529747202998;-0.06846627792551419;0.10323569105825277;47.72030261241857;17.934756636340637;4.304436998636809;34.91548086634562;7.4954862501166994;6.799881212875995;17.94631638044801;24.541574244570988;35.148174942943704;21.66199917678078;45.66667642602896;55.97333188984906;26.003117472565176;43.43749002067927;53.8408938307593;46.841332171319074;27.31248959634991;17.122596465403188;9.850033873688847;0.985552664507118;-0.1443647112798804;-0.1626671120043799;-0.3935195290335534;-0.17943033020018892;0.1629798810690424;-0.2270649187178562;-0.1942520320910987;0.30438520648567857;-0.1365386816645969;-0.162728622528874;0.3026784147650993;-0.11957873901474046;0.07353116524874895;0.5279206587800358;-0.7051382095878975;-0.3533918369399146;0.29664723589952713;-0.2001178578416498;-0.26285023977189464;0.013290063990439962;-0.0740019687957934;-0.20338981154806288;-0.038243190664641366;-0.039868822707627684;0.07687983398546056;0.818423093296591;-0.5694498498421152;-0.44025949386590846;0.26510539478785683;-0.23296789938796475;-0.31288964150615517;-0.10268914418805444;-0.07292609935272436;-0.20151321504799735;-0.13191635680722505;-0.03510149228622192;0.010437448323523878;1.0125090790373774;-0.43826778792711946;-0.3980987279730525;0.25888204564938905;-0.21370877277312036;-0.27531142615428406;-0.1238866394625385;-0.0647244029326325;-0.17763611361652515;-0.15637836389846205;-0.0219886306049946;-0.08208134881781745;1.1250289390406163;-0.3266339253331414;-0.29718154368995064;0.1828857522711839;-0.17538082464634525;-0.20768027386461102;-0.05989016012713731;-0.07147360688158334;-0.1423749849380263;-0.08493198585841065;-0.03147657498188951;53.53933962044753;25.770594683660498;4.30415549571499;52.31979505763284;35.71215470356677;14.021203455044683;55.96843931200379;47.93022481774911;15.372099117123;52.26606511734275;55.373913963698634;18.234155979326044;51.19238834851057;44.603914979940875;16.12141197373517;62.908634102798985;18.293072428889534;12.048848370980227;8.526061199597436
0.997216944511401;0.40315410519777356;-0.14505415500502833;-0.08424904959884828;0.3906709827966924;0.15456043398442754;-0.10695388389288304;0.31294060091973475;0.15060490433002832;-0.0770431685198516;0.20394356651152126;-0.03590025388467043;-0.07191053700895664;0.6472954299736774;0.42349697734859476;-0.39289740588307753;0.39021896091878666;0.6551808460119581;-0.1265408585682826;0.2138155015042297;0.3344111643103808;-0.026047812377968212;0.14137351470599294;0.2434622592543692;0.007768821545049839;0.4664548351526086;0.7980171720803543;-0.38156058474065013;0.4430467071233504;0.7428504966594248;-0.10722039832688601;0.2109152016175243;0.16924184693881703;0.04256023637996416;0.09542527876116601;0.05242722583749854;0.0541149733388651;0.31866778359100584;1.0920172909984363;-0.353059668219414;0.4124899932541638;0.6803561466776671;-0.059722015886676444;0.19661071260308383;0.08641104867123565;0.09609983337091858;0.08229332255893403;-0.034990704401682435;0.09012483508202045;0.2012453403981455;1.2925155515892244;-0.32686582246669127;0.30295956662834456;0.5765098945064787;-0.007634225888953779;0.15988516598266758;0.11426894980995245;0.08439631709586191;0.09166374128891876;-0.006967998977297933;0.07982448416929815;40.43397196681828;4.378013933672873;34.90093948796906;30.175963179826436;5.9471361470700215;5.870843255080452;15.371583625595333;25.91194976786883;19.869504902534306;19.56055488245692;44.38846041243968;43.0831228322851;22.95758873470998;35.311953741903686;37.72348768751817;52.116359862186606;24.446697266163717;14.179010558583334;7.831419348428997;0.984908646329986;-0.1416181216246261;-0.14816877494282904;-0.3818469117984443;-0.17475325484296497;0.17626534105409739;-0.2205106705763244;-0.19721967613124672;0.3217811985218602;-0.13446078311855453;-0.17365616994118055;0.2978913703991121;-0.11815850874625991;0.08864850517126133;0.5436140720530142;-0.6723104807019842;-0.35484023033306117;0.31260304934092614;-0.1984597549656253;-0.2689021668936883;0.02089991933279395;-0.07990525819222834;-0.2106006390972992;-0.025083531929287653;-0.04478419703819228;0.08828493314333569;0.8350614362259289;-0.5430268578147545;-0.43346775354391315;0.26960176559960497;-0.22794836457539558;-0.3150132400765871;-0.08196134655201058;-0.07425697064614414;-0.20616007992515345;-0.11854853330646394;-0.03715743955260324;0.020292237040767668;1.0294766750404902;-0.4196074796570752;-0.3878367143272247;0.26087203133285813;-0.2074361915937215;-0.2796781578063382;-0.10028582662855874;-0.06250475943809894;-0.185795611974456;-0.13298569473294358;-0.021815553858689284;-0.0713341158938949;1.1501779864590032;-0.31634315287564924;-0.2818850054946375;0.195804213273083;-0.16842897326687264;-0.20691170994011807;-0.046233272259972764;-0.06716952447204844;-0.14872682831777964;-0.07086523623818773;-0.02954539613196337;54.85305323605981;24.71701172768833;1.3805283227513496;52.40907221092038;35.25337699317565;11.811759652937374;56.24328936042909;45.26066337653092;15.552046209069095;52.29683237208965;52.14749344792581;16.94198977358358;49.18901893431406;44.55755768947884;14.526776495507693;64.2532208224598;17.941399232720705;11.563104594738606;8.131437010964504
0.9969267876998044;0.37125360502457344;-0.1368693396856365;-0.12343579016957187;0.37714085190636115;0.09934541831251598;-0.11998128134335931;0.32798717027174;0.016283750083049053;-0.0872396785301911;0.22436535836066313;-0.21824910305155668;-0.08383550932310198;0.5700505970763049;0.5044932346553586;-0.3777925265624637;0.3273767697345852;0.6372992272973949;-0.12493031065395381;0.20119548492420644;0.2984251636465196;-0.03409442359329997;0.14105800123833584;0.2189667209809176;-0.0016004509541910975;0.4076488432319591;0.8441188140478529;-0.34826117840220416;0.3829817281794896;0.7052370309773071;-0.1014133984921464;0.21995162178693736;0.153825767064582;0.022947885739662457;0.12309334657771963;0.06471422019767711;0.03330503585886906;0.28537448977208907;1.092964313819523;-0.3076354070877945;0.3533415279967689;0.6403564826539968;-0.05992764752172245;0.19380128424324936;0.08274966486372037;0.07045862059944744;0.09489377964689306;-0.003630930110248103;0.06697857555226354;0.19990044720082234;1.2425821999979603;-0.2727936301505933;0.2565501621258124;0.5289191035638882;-0.011797140898346676;0.1481461467260692;0.1362934112631699;0.06441138615953669;0.09798658339380971;0.0452108770560032;0.059397913275147825;33.38108484193405;11.66548267862533;45.37062370144892;26.036774881465057;8.089431914662221;5.19885534399723;13.440894078943241;29.10277234604446;11.160086344680094;17.54486904275081;44.02287398100306;27.94831132021062;19.953625472370803;28.38153395036468;19.74681363337448;57.50799858116948;21.66251714377046;11.786714738071128;6.124040373346253;0.9842646281528544;-0.13869182984988285;-0.1333919750653427;-0.36965656134092933;-0.16984441111918167;0.18945710341852612;-0.21365889068632438;-0.1999899152750464;0.3389527863551183;-0.1322163873828376;-0.184474590599814;0.2927340313202739;-0.11659512466127132;0.10378435805678293;0.5588218205616928;-0.6384756731091592;-0.35590317526181525;0.3283335143086774;-0.19656686916460617;-0.2747005446714555;0.028545618256639458;-0.08576514380557611;-0.21763211656637085;-0.011793437843232023;-0.04968774690584126;0.09968006787400276;0.8508956230274302;-0.5157911619845726;-0.4261385436259181;0.273831701569686;-0.2226349236938237;-0.3168011710763441;-0.06098063761048818;-0.0755151763859429;-0.21061260989893368;-0.10494415917090756;-0.03918784083909815;0.030201015916213873;1.0454253168764585;-0.4003328519449771;-0.3770612462461679;0.2625858407233817;-0.2008828877462265;-0.28376618033758505;-0.07638926127930629;-0.06019796405368442;-0.19381087406794764;-0.10926233349549486;-0.02161674025633819;-0.0604235089907184;1.1742367908979874;-0.3056186333537425;-0.26615429667239787;0.2086042763180601;-0.1612347248119918;-0.20590583489239017;-0.03241843444214616;-0.06275685646268567;-0.15496181418443716;-0.05660980865664934;-0.027566159034780626;56.08156659735609;23.56945108266034;1.5899679917778178;52.48413574149618;34.86803438626569;9.772603106421615;56.50379558739657;42.52301570050797;15.72880030600377;52.284428721588476;48.82762754235546;15.405961227400596;47.01502002335239;44.50834772808422;13.036252275454244;65.61462572849004;17.518864052493633;11.064517110399118;7.734049838528699
0.9970237270216308;0.3569023705438527;-0.0570640503201429;-0.1263298767016533;0.3323894421290627;0.1660329848846879;-0.11063848167073458;0.2791001309048219;0.09741440420834624;-0.0741545242034005;0.20163714741410815;-0.11893404919081232;-0.06726167413427935;0.47684296384199204;0.6158700863502532;-0.36947812586465173;0.27227225630800017;0.659149954254318;-0.10350997938312763;0.18246701183458197;0.28978770739491283;-0.013609462260568018;0.131748104270364;0.19821922749976711;0.012602876549360436;0.30757222242370963;0.893606094412725;-0.3269059131031072;0.32709017149596575;0.719665693339015;-0.08463605398800823;0.20994203984663398;0.15001835442807546;0.03944449101352566;0.12116179975685311;0.05060505143393185;0.04571334695889597;0.18877178941321326;1.087867166985331;-0.27328892689108414;0.3031118051425126;0.6469532666953097;-0.04799198622374521;0.18618544190950892;0.09384552512348174;0.07639819271094794;0.0977857264652035;-0.0025384669780405657;0.07081696179693171;0.11147228738249644;1.1978429416003866;-0.22533010090590622;0.22398892899304695;0.5180444794655271;-0.005027400707397782;0.14365218779677374;0.1432110619671568;0.06392173394494406;0.09777859514763419;0.04562277412728352;0.059278571221774615;33.94614312952564;7.471974523658537;47.992790936725534;22.48495514246467;11.402634453072556;5.491749105252779;14.012805840679555;33.37927553136177;16.310627511123695;18.106713261576587;44.462366201973076;29.330628745019855;20.600906112844054;27.941652715043904;21.45074295650691;56.595834851631245;18.44575622231427;10.18319174143253;5.514977383389979;0.9848166724213948;-0.1355605082787722;-0.1326414872064922;-0.370613492459886;-0.16733631200809554;0.18775993549557368;-0.21331693017632722;-0.19608196511171994;0.34077865360522325;-0.13127956460792728;-0.17734374278045154;0.2974185083240355;-0.1147232379518283;0.11502857337065203;0.5596417704511907;-0.6388583074339943;-0.3510017391783887;0.3215858801333433;-0.19442092681120302;-0.27110298770955005;0.03919435007843637;-0.08259104095293893;-0.2151124557919244;0.0004810314752087651;-0.047806166161451044;0.1099547876989241;0.850107903607731;-0.5150014532850886;-0.4181204428491314;0.2740332951162589;-0.22211458477763715;-0.3153510711655853;-0.053208881837761096;-0.07317509922678647;-0.21031093093021896;-0.0963345357176103;-0.03757338634668635;0.03897146693265476;1.044748127920103;-0.39836274843731845;-0.3696588778500135;0.26532560748992;-0.20001584696958655;-0.2818868702683114;-0.07326384481543105;-0.056730823881436125;-0.19092616324147657;-0.1044167450383045;-0.019500928152527686;-0.05094155105319985;1.174860976877178;-0.30273471191417606;-0.2607822078358992;0.21285985989562392;-0.16124794336753084;-0.2040385130629457;-0.030876986935415403;-0.06173562582293053;-0.15229715903093966;-0.054957993406511356;-0.026820646242583943;55.96898289045302;24.081345945957565;0.8558392906275551;53.23195620046692;32.68730942747335;8.910682490680237;56.570219817509255;41.92593358952649;15.197649104967242;51.98596112445331;49.33317466760991;15.154269277118741;46.467127045341925;45.25949797406787;13.122735079542059;65.68085937114049;17.496930615352884;11.17363471673861;7.784016766872085
0.9971262363540402;0.33895539799368296;0.021395510318180825;-0.12711550240044678;0.28484525624295215;0.229780672416698;-0.10000827561284108;0.2278066482655469;0.17709726944111787;-0.060353478194126474;0.17674327813430912;-0.018260346936990874;-0.05011864843153063;0.3810686769336325;0.7160069314749795;-0.3570545188123472;0.21598629164360028;0.6726641042782071;-0.08136849518986622;0.16212977996689476;0.2782857864549545;0.006646507315234943;0.1210624608142313;0.1758710694962675;0.026427037061334247;0.20692416988313161;0.9304144835989543;-0.3025083083610567;0.2693328198015771;0.7254513890062727;-0.06730827742362645;0.19750170168042797;0.14467105909581843;0.05530942796987091;0.11744844633886335;0.03606527219506251;0.057528054776283304;0.09263670900897869;1.0696228374900734;-0.23702316694502784;0.2511594460759096;0.6460137562266609;-0.03575849775102944;0.1765209809714071;0.10357485235418484;0.08158865192977172;0.09925537504525092;-0.0018405244283253898;0.07399352109214294;0.02384901963309905;1.140225620922122;-0.17696021310669688;0.1900784809037138;0.5017253435954747;0.0016922508348527416;0.1376658234466661;0.147935171017084;0.06291913035059483;0.09630350015529003;0.044804834300746804;0.0586994982015268;33.91193195247219;3.611862159636897;42.610459600103354;19.796368177044034;14.624248672138572;7.281561592732598;14.777707987820738;37.61938836834471;21.886455942822707;18.715892746367157;44.89388527396597;31.066177257414953;21.453762612975858;27.748611424839996;23.362836082821342;53.78529974144967;15.723642464920756;8.959928671353344;5.173365481992134;0.9853859270929984;-0.13243342470267166;-0.13208426310663132;-0.37171706186984943;-0.16486273145935684;0.185842045325719;-0.213049978842034;-0.19208457918966063;0.3423396806106912;-0.13035489110550166;-0.16998443780389044;0.30218515006789703;-0.11284796630787032;0.12613310112562381;0.5601960078162362;-0.6396676610954327;-0.3460125840844669;0.31452842139554044;-0.192266476491399;-0.26736775968437043;0.04981347135286014;-0.07929991276180616;-0.21245132637284336;0.012661458524808874;-0.04583481359481008;0.1201363366210987;0.8490047926816024;-0.5145465213437281;-0.41010399032511824;0.27414934963767035;-0.22164493372599653;-0.3138334695746817;-0.04567176470224289;-0.07079148438354639;-0.20992270689838696;-0.08784297687553728;-0.03591346665784979;0.04766507477385578;1.0437359907901513;-0.3966151816585282;-0.3623171201964754;0.2680367558926411;-0.19921668281102006;-0.2799069134602202;-0.07044954605625374;-0.05326399866875907;-0.18788533105662064;-0.0998632379933694;-0.017369425585923505;-0.04153652735761382;1.175031563386733;-0.29995270863446605;-0.2555683080074161;0.2169447910781384;-0.1613489058965397;-0.20215122471077143;-0.02951859704803773;-0.06076369574022432;-0.14950738170860348;-0.0534923629134919;-0.026095066963433697;55.83399698795485;24.62097573536475;0.3461198461779141;53.98557514202512;30.487405148762857;8.0467358695596;56.62159270634848;41.37238215005762;14.62253123333481;51.67356114344501;49.90777191476013;14.906453492635482;45.94146943404348;46.02044349283566;13.231304142343156;65.72100945478269;17.479916002624403;11.290675390941589;7.839999000521849
0.9972287456864496;0.318345695788856;0.09493383222882687;-0.1264536939299087;0.237002018491764;0.28718977603941576;-0.0889110336980649;0.17706645018336403;0.250070369978654;-0.04671165879999961;0.15138874020748977;0.07660243039383613;-0.03344719237134531;0.2868154227860917;0.8022749923868037;-0.34143892314142493;0.160681989386209;0.6779600097666582;-0.05965278180472376;0.14122076938996442;0.26440468337373046;0.02561958585770697;0.10968112394222353;0.15291982576565474;0.03913447089611898;0.11000687342214528;0.954773714068112;-0.2762347601669044;0.21205724514561716;0.7228987808130861;-0.05027371381846468;0.18362827547018667;0.13804915875370272;0.06961754869657952;0.11266284083548772;0.021996435434805367;0.06800337702753721;0.0012220577915972597;1.0406832782520543;-0.20031170953709213;0.19954242528372632;0.6380127812443128;-0.023861602808284806;0.1654888187694903;0.11158200167564013;0.08557022579399326;0.09954369432419213;-0.0011639838583274713;0.07616514339504858;-0.058804253521744045;1.0734864991654427;-0.12952922592487084;0.156098900372324;0.48085291894115145;0.007991968254921262;0.1305201999382818;0.15074726005831915;0.06128317836928105;0.09385545518456158;0.04354209565475668;0.05750827460587352;33.12871067513892;6.3165351782614625;27.54565028814236;18.023060636631055;17.701645010673133;10.13525173242364;15.544007850713143;41.74248794860908;27.305456057255736;19.31813396076909;45.303442200438745;32.87553659873107;22.463764848954312;27.74118261268773;25.22558252691308;49.78657495397939;13.672978485402126;8.14951026409924;5.119579567335;0.986214577785874;-0.12950674552189484;-0.13177007910877855;-0.3714203513735647;-0.16231537954627398;0.18423953305227553;-0.21216789638989236;-0.18819739488461054;0.34366377642848217;-0.12930592449225076;-0.1635406663836014;0.3063881045381824;-0.1109908531418318;0.13517956278002402;0.5607745631384241;-0.637649369434272;-0.3417530473566532;0.3089774038624085;-0.1896429053015698;-0.26421048551925524;0.058555396712695086;-0.0757631191314941;-0.21001220420347574;0.022208096904034705;-0.04366689561459189;0.12867927245237962;0.8492337737323945;-0.5120972977797893;-0.40286305282637946;0.2738743371313901;-0.22051561737249964;-0.31239844370393133;-0.03895243679127991;-0.06828734369229862;-0.20946148480836296;-0.08075611908728571;-0.034145507355134705;0.05509362687663479;1.0442853075893137;-0.3937334246879057;-0.3558179681024163;0.26981105785389253;-0.19829898399698695;-0.27783224332477724;-0.06866924085973729;-0.04987857850991613;-0.18508381991213974;-0.09643522513432572;-0.015150474219859114;-0.03368240582562087;1.1762937352074452;-0.29677552046539385;-0.25147776620395984;0.2191769852657363;-0.16137908664500933;-0.20068903435346122;-0.029666513395653626;-0.05951576338653283;-0.147044130640112;-0.05291728640818997;-0.025033938588402197;55.86129347413868;25.05128655301682;0.795951443450775;54.62750029991746;28.74923396981152;7.419028216869898;56.68828725078379;40.8777831380516;14.202359112104393;51.45103805979748;50.53372679138002;14.694517091519632;45.685768136187434;46.86049460404901;13.252966245112747;65.93758084007948;17.475487045510654;11.347470986014319;7.8553331735042065
0.9973312550188588;0.2963108169245444;0.16189997018803945;-0.1246452801293664;0.19060492952320673;0.33745008888947475;-0.07782779090658895;0.12856354233797768;0.315045571019807;-0.03367981382006536;0.1265563338862288;0.16342158553562916;-0.017745059082915713;0.19711679015070063;0.8742895206392802;-0.3237941655349725;0.10812225083339666;0.6764263163038536;-0.03904732956378345;0.12058724612365067;0.24909021404313905;0.04288635544661097;0.09813898613641128;0.1302908123863025;0.05049095243931315;0.019524291431383366;0.9682109812611004;-0.24937180636455147;0.15719172438917015;0.713696419580261;-0.03407711836057634;0.1690859350416607;0.1306306172113824;0.08216252412736798;0.10717937193231523;0.008804596203955078;0.07702652007829687;-0.08315206029140025;1.0041197855677648;-0.16453514782086226;0.15001746349623746;0.6245863297110156;-0.012656487493972525;0.1537403566367952;0.11791463791578148;0.08843419729362711;0.0988669796930832;-0.0005286102010250059;0.07744786734884763;-0.13452436548960386;1.0017287761145883;-0.0845304741153224;0.12326221263843709;0.4570364572981228;0.013730006192828137;0.122689645203432;0.1519146651865002;0.05919300929584596;0.09070734493337927;0.04196437687146472;0.055864278338660096;31.88333894628156;9.166416584895924;15.50686496413371;16.9739055685545;20.605683876528595;13.721903902845835;16.192030203057588;45.680715746085134;32.28107264406371;19.892592011985162;45.68529016896824;34.71694084726364;23.6171367290752;27.939430747104733;27.030663637862006;45.52061761711648;12.290912168710928;7.737950997566643;5.344023854465568;0.9886492460077776;-0.12776889988499573;-0.13299010522428265;-0.3627056148622725;-0.15930533195811472;0.18459541343915267;-0.20758500484640555;-0.1849417167715621;0.3437288146961668;-0.12751870791905115;-0.16256431200289329;0.3074082890595749;-0.1092334874918452;0.13197911170020105;0.5617628039181076;-0.6185382738174738;-0.34197003980389684;0.3126012830436508;-0.1841466536159752;-0.26460333092930843;0.05611440233802572;-0.07064268597377175;-0.20894449268165968;0.0159518146745611;-0.04024568017470431;0.1275232582393975;0.8579889363017017;-0.49758698113182437;-0.40031064871623967;0.2713157579604604;-0.21540867009739412;-0.3115579121369676;-0.037039718400909694;-0.06499513042316044;-0.2086293431693804;-0.08207383027089736;-0.031674654588073496;0.055041813742478;1.0548589410644733;-0.3839890253136384;-0.35442128417358043;0.2660256024080756;-0.1967122899162238;-0.27523175701073815;-0.0731892980467978;-0.04690469224586926;-0.18373731650462585;-0.09982686296632926;-0.01233201346884645;-0.035082672350851704;1.1847846776752864;-0.2912067204278331;-0.25423964397147236;0.21023733204129044;-0.1610468316308081;-0.20186826835929317;-0.039049894572124225;-0.056564665910926626;-0.14656391185012782;-0.05779649357663036;-0.02189631105396083;56.93142244891654;24.782267369071874;0.7621062293699704;54.589455607249015;29.72829122341391;8.318931635466262;56.9237016348661;40.66283184845328;14.929213161759503;51.84619222441905;51.401940189187066;14.794868267278668;47.12029786254132;48.15888937102888;12.761150802067544;67.30996026021865;17.539987305439944;11.034607914002073;7.627347995778265
0.9974337643512684;0.27392563024083233;0.22154374964990878;-0.12201611170859582;0.14689090353571216;0.38051005559002665;-0.0671305166655095;0.08342353572771039;0.3716691448681147;-0.021558330576323455;0.10296620385310372;0.24111446128719968;-0.0033200972536514706;0.11395815833693393;0.932902254427886;-0.30518589300296955;0.05945294653427493;0.6696911800740495;-0.019993451068224293;0.10086413454365065;0.2331916317980662;0.05825609245883788;0.08686389471928797;0.10867571888855367;0.060423824212405615;-0.06294557353013004;0.9727921268726881;-0.2229648686844521;0.10603738872247953;0.6996905609342062;-0.019073394704155016;0.1545213633172991;0.12285043458305892;0.09292659478727362;0.10134473443975628;-0.0032660694550924727;0.08462717946543492;-0.15925425196032694;0.9629297056075651;-0.13068885449559942;0.10377828986047512;0.6074410984402246;-0.0023628187396739866;0.14183863287927462;0.12274485168788062;0.09034154942499412;0.09747086477209792;5.358838808407216e-05;0.07800342212290842;-0.20234810564923994;0.9285399289065385;-0.04292595036254312;0.09241626236663256;0.43176168443777524;0.01884174791742126;0.1145973251294042;0.15177745085552954;0.056824212456437935;0.0871273136386787;0.04019778415835156;0.053927661100028446;30.54654143211079;10.387355128653745;10.764314704011593;16.391887142045512;23.325913906479386;17.899354543455026;16.656648582949583;49.37517129913576;36.637788765949566;20.41818099603119;46.036440295713135;36.55448818785295;24.88109887510376;28.359594701510364;28.773145501522123;41.685840761564876;11.475438502671878;7.677380375643673;5.810289194845281;0.9910839142296812;-0.12601187342161901;-0.1341602904093394;-0.3539737274851094;-0.15627968698723815;0.1848953061164159;-0.2029883050083975;-0.18166557612715759;0.3436954950980013;-0.12571286862892234;-0.16155137385916196;0.3083310196773435;-0.10746240286370536;0.128772709722779;0.5625815971536379;-0.5994398458185826;-0.3420876755325868;0.31610054976302027;-0.17865226595190847;-0.2649170791044708;0.05368153301591219;-0.06555267712160696;-0.20782791341553716;0.00975270821683341;-0.036846769686296355;0.12634239397329172;0.86641382797595;-0.4830783354458763;-0.397669619354483;0.2687052855333894;-0.21029085956243268;-0.31063710069632566;-0.035135336876866576;-0.061716913802177004;-0.20774609976779856;-0.08335521162364722;-0.02921916920102275;0.05497486421641874;1.0650283997999734;-0.3742315809267644;-0.3529376207983847;0.2622018592490757;-0.1950853246323729;-0.27257867755057674;-0.07764396388309026;-0.0439468055301799;-0.18235186127306843;-0.10315666731695904;-0.009537847616060137;-0.03645915353612873;1.1928550529040798;-0.28561006462983224;-0.25690200310741373;0.2013260906585173;-0.16067207099195252;-0.20297848289149784;-0.04832961888954242;-0.05362659703138006;-0.14604676416937;-0.06261114273349842;-0.018783407639842282;58.0293961654411;24.503404472758845;0.7884698417220968;54.53070638977978;30.700389863020884;9.30032135653353;57.16037780598396;40.445492733999345;15.653605990464474;52.24598225198612;52.27220207396514;14.879343527874294;48.56779452049728;49.37276315407287;12.31821912684536;68.72059701313316;17.57403006409669;10.718273811714027;7.409564461805315
0.9975362736836776;0.25200280646530776;0.2738337694561857;-0.11886314808244401;0.10657660723728174;0.41684171574186496;-0.05706453141462786;0.04223337630759091;0.42027316004433274;-0.01050293034503384;0.08105824719958696;0.30953367921961156;0.009692475143994982;0.03833171546449881;0.9796864383340258;-0.2864634356371034;0.015238519860955129;0.6593163156077171;-0.002704762455650375;0.08245236428514019;0.2173727885888141;0.0717233202830348;0.07615054842491073;0.08850975410570912;0.06898062949194106;-0.13681341334704542;0.9706584578870606;-0.19774794072415508;0.059285177771615336;0.682574606845908;-0.005438220520759204;0.14041014571536514;0.11505306748639978;0.10202284227107107;0.09543791666389766;-0.0141159692853528;0.09092784233864219;-0.2267676234312552;0.9196376504238866;-0.09936575158893454;0.06146724025191619;0.5880913896325215;0.006922926128402188;0.13020720011157666;0.12630516429276267;0.09147801549010567;0.095586334237661;0.0005775751903871826;0.07800184146095099;-0.2621285634948434;0.8566508703673421;-0.0051804521057466895;0.06404155361047512;0.40622087809921803;0.023324175743585734;0.10657195015713293;0.15067725562277068;0.05432522142302021;0.08334249069413913;0.038348125390642925;0.051836531661429944;29.354098487435113;10.53946379505112;9.477217489371624;16.077734003339522;25.86547785189623;22.577359705316173;16.9186586907544;52.77925036701418;40.30361547834391;20.876638958549844;46.35608261985731;38.35948937401655;26.205319140932737;29.011484804608994;30.450424321042973;38.570957916208485;11.093029655492868;7.9063863904207805;6.478094160519267;0.993518582451585;-0.12423797895251472;-0.13528097582166665;-0.34523383430123417;-0.15324190354922032;0.18514059705137256;-0.19838275470110117;-0.17837282562189508;0.3435668060765192;-0.12389075091380265;-0.16050395232601836;0.3091583128094637;-0.1056797618510961;0.12556370454193613;0.5632352252897064;-0.5803725797175862;-0.3421088238106186;0.3194754901307079;-0.17316511638637516;-0.26515379672680156;0.05125894899821524;-0.06049720880995149;-0.20666503832298252;0.0036151860406999064;-0.03347285305141686;0.12513859340743538;0.8745100466248587;-0.46858564936646946;-0.3949452379249112;0.26604705909083676;-0.20516757011104442;-0.30963933171253427;-0.033240923803280475;-0.058455513102585344;-0.20681416304534414;-0.084600088419213;-0.026781016175682404;0.05489329929136698;1.0747957782193;-0.364471126766602;-0.3513710578849266;0.25834475786261313;-0.19342090616266286;-0.26987720732405535;-0.08203080075100166;-0.04100736087064209;-0.18092999390552678;-0.10642320535722663;-0.00677000810104758;-0.03781120372426056;1.200509522406863;-0.27999192125655814;-0.25946520280180274;0.19245121433759732;-0.16025645233643626;-0.2040206546643523;-0.057499629961960695;-0.050704068942632824;-0.14549430835369348;-0.0673584154500043;-0.015697561895536716;59.15589140761124;24.214537586875082;0.8698831134855107;54.451098139538914;31.664834878481273;10.341933938408758;57.39784196434598;40.22573568947985;16.37520880191408;52.64991061255669;53.143633393732976;14.947826123351044;50.02641575001503;50.49676058805855;11.926612068251284;70.1702818763536;17.576985532620224;10.39918387893897;7.202045884462877
0.9962951437003664;0.23789246534678207;0.29078342326805834;-0.0869612493817182;0.09067565440443796;0.41768699628510336;-0.03987708928827331;0.02316217980696122;0.41817083904123115;-0.0028264131061798694;0.058103142164378216;0.31836007428943414;0.015788731717311724;0.04211616687963683;1.0004793435989188;-0.22473579190268278;0.0010004752124583864;0.6360562719238146;0.0017736235951414932;0.06961433314211735;0.21254939801406678;0.0661095172803459;0.06472503356303805;0.0918945853630858;0.06381665496847994;-0.12954905064857847;0.9796230813620262;-0.15347853901709174;0.04113401815561099;0.6623134654792576;-0.0030288302998568994;0.12352017444883874;0.10629852896763019;0.09379947543512046;0.0827894615980621;-0.018625560332735176;0.08544626318117471;-0.22653193984461822;0.9135058630959829;-0.07328130323676833;0.04426735568462087;0.5840597310816036;0.009629023755760262;0.11705019839721632;0.113797860305136;0.08927341179468051;0.08449323437602407;-0.009237122979372415;0.07675446675909604;-0.2710023489173932;0.8359796570538157;0.004098246195458427;0.04144858450104733;0.414641978404901;0.027937868224882905;0.09562443840077699;0.14733062693855634;0.05602794337812507;0.07420054685751225;0.03107545917552432;0.053100161069995336;27.754173033871442;10.324271966968325;7.843691265476842;13.014169756829787;24.13219219082087;20.387538052739977;13.975459169861564;52.937893066283536;44.09873048803998;19.026786367371983;48.30293881986655;42.57824913153898;23.918220747801605;30.094828893004564;34.47975095592504;35.92422295848263;10.487903528802086;7.711593516398833;6.206006433222184;0.9927754278277642;-0.1270305362157688;-0.1342810498731508;-0.3430727727194949;-0.15473377626436474;0.1898995235302003;-0.19652211610028383;-0.1774074869764255;0.3506955811011255;-0.12253250507848851;-0.16047070995697635;0.3113041766808018;-0.10430163234879876;0.12640724112271273;0.5647481669317159;-0.5756951831982976;-0.3455577534069796;0.3219797442950199;-0.17082166706956328;-0.2661413587648212;0.056098831949068464;-0.058953279252171024;-0.20750881777002497;0.008825243415609217;-0.032715639195096374;0.12841979492472874;0.8761260239576781;-0.4646628308952637;-0.3943845634378538;0.2730367191154186;-0.2038751654829805;-0.30970887801309205;-0.030678018639532498;-0.05774849583962308;-0.20766387572965725;-0.08278509364616632;-0.026087761418829434;0.05949756869750244;1.077790615408892;-0.36113724994050894;-0.3507164117074093;0.2657341740326912;-0.19232064256599474;-0.2716547371453377;-0.07676487266243395;-0.040806152534455645;-0.18302551702329883;-0.10268316644370526;-0.006501920342984044;-0.03253267366677358;1.2065649242638081;-0.2770962030386649;-0.25724495275504766;0.20283975988096714;-0.15933586805120856;-0.20435933406936732;-0.051424139112711126;-0.050527613549010766;-0.14640146607058355;-0.06383885205062782;-0.015699632245311783;59.79154640776729;23.977354459116043;0.8429005692665412;54.77168867429419;30.77231739345999;9.865137866628487;57.07427436684363;40.45200044067667;16.354294069322112;52.20268242555155;52.846715763896775;14.921879307608208;48.783040429364895;50.52190839223997;12.179952996811632;70.60991442455585;17.497754501315704;10.347807963573862;7.17609588178773
0.9946761833304072;0.22529601486354425;0.2980010423728309;-0.04739720087022466;0.08088950626817766;0.40848062683171027;-0.02074259126206807;0.009747564319249629;0.40207138572640305;0.003990238572014909;0.03472921073861143;0.31110789425031055;0.02006876289158902;0.0663801404208414;1.0124974708179522;-0.15133385486578935;-0.005494808864821995;0.6081161771174852;0.0029366909610657535;0.05806014497240309;0.2101276221808809;0.055411520452201664;0.05296753746609513;0.10119145175533044;0.05496171531193887;-0.1010001743572172;0.9894456282564937;-0.10390531027779135;0.030281791027271198;0.6398435534040093;-0.003517017143791468;0.10563494258473957;0.09706576596453878;0.08088759738331272;0.06820896182277529;-0.021460304836188528;0.07673054555713349;-0.20828487355872863;0.9150990072330647;-0.048370485358009856;0.033457413502784396;0.5827813629443303;0.010614753504542676;0.10324028162590547;0.09687972868522088;0.08601637613224113;0.07082765718154894;-0.021721493865310755;0.07502424044927508;-0.2661447165459742;0.8268163148424096;0.00600857850845773;0.02023990129731778;0.431009265210412;0.03253327970720035;0.083709362699457;0.14309353455003984;0.058704763253811756;0.06350702221223584;0.02232560238900873;0.055124114718195644;26.149986181157445;10.388077097170337;5.863194825559307;9.73768482746113;21.094926607906736;16.16220495075534;10.224312989354733;51.950919358248946;49.016115517146154;16.590299333519894;51.03036030178248;48.115904633096534;20.880365336524;30.928399770886454;39.85387214857789;33.040253142851135;9.830565166223776;7.595619903462017;6.031961939479006;0.9911386717586363;-0.13117210087134484;-0.13266536175369206;-0.3427502116955325;-0.15754196232692283;0.19602905841996784;-0.1954130852700704;-0.1770905826987443;0.36002016939176773;-0.12128530920092978;-0.16072922844215723;0.3138710248037766;-0.10301684036578104;0.1284194054426422;0.5665476862722866;-0.5750350909049965;-0.35005030969170775;0.32429030861157454;-0.16933373014016423;-0.26736699887577475;0.06308711813580524;-0.05838026213286475;-0.2089428820414799;0.017348300472931136;-0.03268857080277483;0.13303557982124847;0.8759561769134913;-0.4636834163831232;-0.3944391414598546;0.28289595389179806;-0.2036528418166917;-0.3100912899690657;-0.027880874245699933;-0.05775553161896172;-0.20904012519464307;-0.08007188687603586;-0.025878175889457795;0.06551490498668103;1.0789467696186934;-0.3595784046162803;-0.3503188600808269;0.2764537366058776;-0.1913664239972771;-0.27474255608391285;-0.06866836289838253;-0.04137965478257837;-0.18616155405029675;-0.0968912957149148;-0.006938709473841123;-0.025279802345479625;1.2123077209252144;-0.2749296521927657;-0.25363507037211264;0.2188850204698981;-0.15826015995315565;-0.20451011360324262;-0.040915773365679683;-0.0511288049256914;-0.14774305661996096;-0.057912599296749516;-0.01657854610736102;60.268741028484385;23.764097888133975;1.0347602333183485;55.20975936101034;29.359739641666504;8.954944541401616;56.60095237417121;40.795674634863346;16.12357467435279;51.526286461617275;52.19596843879071;14.860036390208899;46.81461053200813;50.12875137968193;12.635381019859407;70.76454160595962;17.40021609959112;10.37253414807288;7.200708937523873
0.9928071636975626;0.21454153541212326;0.302715107018666;-0.01162431729587647;0.07258500227318486;0.3996488463030864;-0.003684253177926863;-0.0015960213723361111;0.38763752134334595;0.00999069432559568;0.013868219113804045;0.30396988473035375;0.023956824500115815;0.09146266051355527;1.0182857150808606;-0.08725877492222062;-0.010331068883742137;0.5836237209215654;0.0034650424873591667;0.04851916470606553;0.20405598036692194;0.046792494997489414;0.042523640291284616;0.10209476278948476;0.04815997563622526;-0.07193828912855259;0.9955091826666803;-0.06153332254620287;0.02116427375636506;0.6194628700018131;-0.004502233335637454;0.08998506451199702;0.08740061792478787;0.07019831935169188;0.05521975207331223;-0.027060365734494968;0.06989751455921117;-0.18841318266678586;0.9163175792260317;-0.028382661371942047;0.024404352577796683;0.5801308849394055;0.011141992772476983;0.09108526042893604;0.08069094005639163;0.08389542674639387;0.05853727459156158;-0.034523415703936244;0.07421143193320548;-0.25843870031840055;0.8200221745136036;0.0051288263104945;0.00261090004300468;0.4434828917677026;0.036207533857391935;0.07355859218038556;0.13710486247991774;0.06140594454947077;0.054108302795910446;0.01241775482645272;0.05737832473333567;25.058903739459037;10.716495012158415;4.152165922698764;8.057766310385025;18.797114829688162;14.028919808458985;6.834967102685729;51.28390443150833;55.86037971469232;14.310455442791133;54.399086511770435;53.85712056903268;18.326482461518275;31.85555414549095;46.42104165123732;30.294856582712058;9.338683774253543;7.689079818909652;6.2301573744884715;0.9896062347390964;-0.13504332503492328;-0.13080597079670198;-0.3429336976967725;-0.1601982172632574;0.20216111127536265;-0.19456793202788147;-0.1766436099135963;0.36883009356706037;-0.12010572432254263;-0.160577235212783;0.3163369621641237;-0.10181196150511182;0.1304616692096812;0.5675377595166254;-0.5757756498077171;-0.3536106833065986;0.32714031386974496;-0.16864227849812657;-0.26838785851045344;0.07025797489441576;-0.05838880798878644;-0.21018373885149966;0.025533096222140436;-0.03298124111598145;0.137413731204723;0.8751521065172876;-0.4639248397475073;-0.3936008802275093;0.2932086918112271;-0.20392204890282223;-0.31034723666199365;-0.024947894609535285;-0.05800542488152315;-0.21018156174751082;-0.0774890714459489;-0.025852506982091274;0.07118023990873876;1.0796593482243773;-0.3590775982783624;-0.3492199064869908;0.28690159785633573;-0.1910048708885175;-0.27747521367770656;-0.06154539072201755;-0.042140793709696145;-0.18869075299172255;-0.09188519051473584;-0.0074507989870644135;-0.01833319405427092;1.217282020104693;-0.27365821522566564;-0.25033607267574404;0.23310913397968075;-0.15773634500024522;-0.204843140839296;-0.03221367391232219;-0.051851885562668815;-0.14890013906978017;-0.05356174338241274;-0.017463677565749295;60.66034095257719;23.56004416577144;1.3179687618741096;55.51844528418091;28.023420447279957;8.196706279908453;56.01073546497285;41.191369488436116;15.964398054657112;50.80717448033318;51.744019279977024;14.845419917039251;45.14480477437041;49.817726928044834;13.180558370624125;70.7487003630407;17.335507807932174;10.419012114757793;7.23221908266108
0.9891234264589028;0.22004728203428345;0.2968058892154439;0.0017704327685379114;0.07525220114544752;0.4009036964350336;0.000837800591788104;0.00021182923504126702;0.3914477973644024;0.011214721698732194;0.008354924542428466;0.303235057675513;0.026098579399243097;0.1276866216211748;1.0025520579745104;-0.08270613570765256;-0.004257971558777435;0.5929036244942285;-0.0003678862231430613;0.05304011491665944;0.17565200287487862;0.05278861393351767;0.040924142280134;0.04572155456906826;0.05606322972328635;-0.03689162613237344;0.997141142541557;-0.06594353472651815;0.023598661691178722;0.6245321455958743;-0.009245451918717461;0.09004961431794765;0.07525390632241388;0.07537097812221577;0.05297927828216697;-0.0536279979613994;0.07702288249102951;-0.1584038932849935;0.9347801395883223;-0.041284315235600534;0.02713905457582371;0.5798808821120668;0.008724445219628984;0.09101496767268354;0.06925102252462714;0.0913643852325815;0.055626339427222525;-0.05203825458305771;0.08140247996698896;-0.23504382556938871;0.846806112165727;-0.015568748329248518;0.008094124007327274;0.43953479834272974;0.03461336381224539;0.07616022699142877;0.12083106936650614;0.0659647256832115;0.05381008390924071;-0.006771560599591086;0.06280542779831819;25.921895515172658;10.707429643243854;3.6220727433733666;8.958096344016141;23.393432417912038;33.967688912788184;5.1878449941264195;56.255119915682506;64.20807486602303;12.743654970752548;59.271764694059094;56.9644116699242;17.448762372857967;36.16500604826044;55.34886735185362;29.679336036341674;9.394292596475365;7.5974210280823185;6.074773389830176;0.9888308567211882;-0.13645238074154745;-0.1273994258175832;-0.34684644489178174;-0.16141792117254145;0.20755984779502823;-0.19578692680315157;-0.17531195707153033;0.37278181481119516;-0.11958220354948489;-0.15743960184333378;0.317779412492593;-0.10135516322571175;0.13248053835612963;0.5625012307506604;-0.5867755962691235;-0.34989998917500686;0.3336289754665224;-0.17391036883529326;-0.2677984818690876;0.07787748863813569;-0.0626785392528244;-0.20986665240089705;0.030204849530542706;-0.035591596336211194;0.1395068202324113;0.869862823565338;-0.4731559101264395;-0.3863367264799555;0.3055880754773337;-0.20779058063501657;-0.30966869180378614;-0.02138639813945528;-0.06001519398288016;-0.20947155435061915;-0.07619640335620413;-0.027184965197501246;0.07355188237510632;1.0771166603607594;-0.36645297566146046;-0.34313173220713433;0.2940651370042933;-0.19506446633194274;-0.27727756710468426;-0.06248199668839397;-0.044190088156451264;-0.18645633267545186;-0.09329464700829489;-0.008453048898976745;-0.01451276146391222;1.2160886741704084;-0.27915387140604114;-0.24975999722339287;0.23217477069232448;-0.16135122383663122;-0.20649297276467413;-0.03789101035605673;-0.053385234906540804;-0.1485683013210586;-0.0613480185793711;-0.018284965580607857;60.548403613055754;23.369603071467715;1.1480012977673106;54.89197949789466;27.234677497718543;8.47542200032944;54.52818878493151;42.018476746538596;16.333200336200232;49.69645840763616;52.90666932206639;15.268615783790684;45.31741940361037;51.03487358939285;14.158687943102075;69.46705143405809;17.507775998857007;10.619653136753977;7.305087212898875
0.9854396892202434;0.22527003306155557;0.29053551936602157;0.01514232264104343;0.07782141137002133;0.4016564881105451;0.005351837256366606;0.0020166283016868664;0.3947638712053093;0.012422871641179662;0.0028397074969973685;0.30212308053594267;0.028204474465914942;0.1636954458795255;0.9855919838033151;-0.07805734044192504;0.0018110742423059452;0.601429578652475;-0.004194446513225282;0.05748792780418305;0.14707269341799126;0.05870963492421675;0.03927605782254316;-0.010621776489848541;0.0638843604518013;-0.0018529749758860884;0.9975266616728898;-0.07026468341548726;0.025999857246318776;0.6288145072890312;-0.013969823942203235;0.09000172851611164;0.06303204355372301;0.08044163723471105;0.0506761676061878;-0.08008776862434817;0.084041179405024;-0.12824326381852663;0.9520481051234003;-0.054114575932823296;0.02983568457125641;0.5789078685265425;0.006299741296255489;0.09083124293488996;0.057742352658032695;0.09870785206796509;0.05265049888867394;-0.06946117239315139;0.08848089221088037;-0.21139180521611817;0.8724923721709049;-0.036214990243066306;0.013558796766920128;0.4350444762381223;0.03297847174576538;0.07866284148522788;0.1044316309852075;0.0704341878312645;0.053445197209298405;-0.02592284309790274;0.06814581432271627;26.860664094367845;10.72159904350714;3.539195366009712;10.10237359700595;29.359141776650578;69.60683960897818;3.702876735668969;61.53985903737466;68.6736776231701;11.292649403832248;64.26594894350693;58.39624343442813;16.765735360753652;41.137028970584915;62.028917654824205;29.147308464041362;9.520317517222585;7.592839935195451;6.010656474885855;0.98805547870328;-0.13783681505625917;-0.12399914077860724;-0.35069455661720567;-0.1626112685069142;0.21290096905185873;-0.19697556608977984;-0.17396813185588353;0.37666563823343435;-0.11904799640707019;-0.1543030637473229;0.3191759135949782;-0.10088938839939275;0.1344714716920042;0.5574303769988211;-0.5976390636258103;-0.3461715219283045;0.3400385864807877;-0.17912557260068593;-0.2671815625059582;0.08544073749745575;-0.06693439999753487;-0.20952708462549813;0.034844148692776654;-0.038181637838227714;0.1415706953246386;0.8645049796193384;-0.48227469189111066;-0.379072564861589;0.3178551888443138;-0.211610948003131;-0.30895827946630855;-0.017844469757636875;-0.06200552440961047;-0.20874154532173664;-0.07490286642108633;-0.028506003932012747;0.0759002680423479;1.0744642587044158;-0.3737399869828308;-0.3370412988038781;0.30115005391735283;-0.19907619634119933;-0.2770488473892132;-0.06340552359897082;-0.04622154242695135;-0.1842140334439154;-0.09468450664562962;-0.009448106468374563;-0.010714301401061;1.2147610694192061;-0.28458297274249944;-0.24915839778933205;0.23121915091393358;-0.16492491864487216;-0.20810853364294857;-0.04352876899302299;-0.054902868680471825;-0.14822121365345137;-0.06907892136038189;-0.019099036870965598;60.43068836243215;23.191078867172955;0.9796256181669893;54.29065125334867;26.466852417187773;8.734046561006672;53.084667918841106;42.81901293986563;16.699107215898984;48.59790671056017;54.05264138557178;15.694066517915383;45.487241528063066;52.20541237994307;15.116845437861441;68.21529337577428;17.670130672092743;10.819627396339051;7.379519406162355
0.9820154983978472;0.23178115423475115;0.280733720850365;0.023669162387477356;0.08321693933033315;0.40266363480969714;0.007370717369066651;0.006288507074659174;0.39918336883409267;0.012458692399899484;-0.00022315434181893924;0.30177497149943716;0.029004081821752663;0.2017385369759588;0.9658117924016795;-0.08103665810938308;0.01375258423998175;0.6089030708034081;-0.009215615586204758;0.06440750757184414;0.11948889513015432;0.06316165401036068;0.039490887463022095;-0.06197147945729168;0.07026390695785256;0.034785981393529106;0.9962000242702073;-0.07984639717938213;0.03352288040442959;0.635142486568372;-0.019594494162801936;0.09200272633585357;0.049423246984763615;0.0842704820647739;0.049521131831247435;-0.10596396354790369;0.08957639417848712;-0.09590088490188253;0.9683059854000535;-0.0697331782503847;0.03694832976477462;0.579230317775614;0.0030076716332283846;0.09223854061099877;0.04399111151968519;0.10456804525514037;0.05047551933306128;-0.08739899843547201;0.0941330389687387;-0.1843944188448941;0.8977542172014075;-0.05734944560401957;0.023041835660529884;0.43153114185403774;0.030613523407113725;0.08206664531065659;0.08671958674906309;0.07411799093528311;0.05326634605774191;-0.045829953722617715;0.07252973280701516;27.970230362950677;10.797651583183745;3.820659244621223;11.16684416954789;36.76173666193554;91.59392984847116;2.9941413934074776;67.39444324189957;69.67354941775618;10.285342470439048;69.87157675302853;58.1300674918235;16.521143882795997;46.921484189130176;65.99761059758694;28.968811027701076;9.766936931386685;7.649113453954521;5.959940470179555;0.9874571442457832;-0.1395648891566317;-0.12032304398516766;-0.3541866220006974;-0.1636988373824565;0.21849568613050993;-0.1980444735843445;-0.17248001912622254;0.3808289073491544;-0.11854525162331966;-0.151212634110951;0.3212705822163009;-0.10039486034046316;0.1364235343006778;0.5527475771829231;-0.6073583578845932;-0.3428289711430017;0.3480767171384398;-0.1835665172538646;-0.26678945022233597;0.09219192678326796;-0.07045968146762073;-0.2089214910002941;0.03870272985645039;-0.04030970555015657;0.14390087662370568;0.8595603540853112;-0.49035551938533684;-0.37242883985846914;0.33082257180635877;-0.21487865377006954;-0.3084937994710624;-0.014283657892917105;-0.06369757099617138;-0.20802684014788084;-0.07345224068312917;-0.02964713401404033;0.07865290379883476;1.072201052009968;-0.38008528408365666;-0.3312899229141655;0.30915102023363417;-0.20252711974363485;-0.277063520911847;-0.06374166546003893;-0.048003993853238974;-0.18240228216885737;-0.09586732592852837;-0.010363908408588156;-0.006670445259169224;1.213946426964974;-0.28916450056056625;-0.24857209373531852;0.23118884016688465;-0.1681520688875386;-0.20970331730483768;-0.048535005872315996;-0.05633320375567993;-0.14810141494726428;-0.07611221018597936;-0.019875707677690754;60.30878241684565;22.992956263427523;0.8083155885827017;53.71584298808273;25.986503358233723;8.984764367637588;51.71368710766976;43.61385099171137;17.029975377264908;47.49533316675079;55.13524914673967;16.132283745964877;45.57192357599477;53.2953051639727;15.973938511822052;67.05581072632512;17.81287550497947;11.006613432214571;7.4543248867493785
0.9814450509079125;0.2558896563956178;0.23171124519904485;-0.022971810072399828;0.12258110531730504;0.4103583967634453;-0.019272490765577483;0.03957123214916945;0.42039346473739747;-0.0009703454128889407;0.02485378364410218;0.3129832391573171;0.015003857541446083;0.2685047625469818;0.9203936134040573;-0.1733806297681712;0.09489349808923289;0.6103616140585842;-0.028598586509767914;0.10115101511989169;0.10210963392655525;0.05155811982670596;0.061663956261436954;-0.06052431936178251;0.061138510253796234;0.0934834153631301;0.9839601011392861;-0.15193212437799475;0.10134242504474678;0.6714835345139193;-0.03631841335631928;0.11874893063627234;0.01900564357225265;0.07481266451378575;0.06201438228134861;-0.12830371302008592;0.07922729489850264;-0.03632550442480439;0.983068471765845;-0.11965212418471977;0.09617610103079458;0.599843169203138;-0.010593114178993666;0.11303710855041997;0.0034570726631928013;0.09470612701196142;0.0578459446020357;-0.11366332381601195;0.08461063510853611;-0.11795415367871184;0.9284527720384532;-0.08650807669276704;0.08011450144594873;0.4429434494559544;0.019862051381411158;0.09695255757875629;0.05303933438563693;0.06969474137631702;0.055710238473821026;-0.07664963010512146;0.06687465124226791;31.181022153026156;11.513025157994836;2.9872108644134996;10.588949858931349;41.74572973045157;78.54639291381041;6.486685018263986;76.7480662540798;61.96770981965201;12.669665872786148;82.34297525430067;51.158860929648625;19.138689066256912;56.32074562782452;66.68798765856799;31.970562457961247;10.793378583707147;7.687227729406655;5.356535238285559;0.9888054245300838;-0.14534646108292626;-0.11351268543128713;-0.3544424015727073;-0.16389838378892607;0.22751979446977888;-0.1981122258915609;-0.16951352752563953;0.38879980616790205;-0.11849432287815469;-0.1485940336271089;0.33154751523213655;-0.09967099256763869;0.1382482952555789;0.5526545579510029;-0.6059381362393199;-0.34389459223906776;0.37493904763195635;-0.18004894927543136;-0.26915343076740866;0.09062129069709002;-0.06630630255579363;-0.20560804450493014;0.03431822572042375;-0.03757015929292605;0.14948390581398138;0.8598303156680768;-0.4882073229282128;-0.3725700817005238;0.35276136545521547;-0.21257274959069336;-0.31106184427906647;-0.010285806699909543;-0.06231388565273824;-0.20767921172742015;-0.07026702141811869;-0.028931021535769867;0.08612159159418799;1.075329700323834;-0.37700399432613707;-0.32925210626921575;0.3281178442604327;-0.20031309434549846;-0.28007853465320004;-0.05773925989474809;-0.04723836279817393;-0.185402167763708;-0.09497765848511001;-0.010486980475606675;0.00033582813942107113;1.2201503874680426;-0.2851200634721778;-0.2484102059031078;0.2415751317238577;-0.16800606638265986;-0.21143201139295467;-0.04702487934993585;-0.05697337587246054;-0.15064178095114755;-0.07607841714257627;-0.020320136344136396;60.18019327831501;22.471892261933522;0.6237439202597821;53.21648436211374;28.37991018257874;9.407550304205106;50.74793750320144;44.60248937376908;16.998880998043955;46.247327721031425;55.67115645450655;16.69535183374337;44.76750449653696;53.967730979974384;16.052234383954836;66.60548975105931;17.84359642756619;11.059170474420501;7.517718503950233
0.9808746034179776;0.27981365804339703;0.17542379274838127;-0.07405180297076243;0.16464336313537267;0.4146550810518528;-0.04838896686029083;0.07578613879886359;0.43945747268636937;-0.01573481851815377;0.052190382277740886;0.3221346609597897;-0.000551307822418569;0.3392316904658366;0.8610750499184542;-0.27321401691163055;0.18319889662786115;0.6057654705968888;-0.04963276393819896;0.14054779544765472;0.08195199958161949;0.03826837706811945;0.08543181929330484;-0.05831730562092393;0.05047783032940534;0.15711131794694488;0.9604977364016999;-0.2296957381846355;0.1749264310477149;0.7046434016556596;-0.05434873329606285;0.14696811737063506;-0.01465221507131746;0.0636473437083813;0.07512916271516133;-0.1515779462122575;0.0670365563823861;0.029587053470176906;0.9893226203550901;-0.1733562741641329;0.1603601134073618;0.6164270321540265;-0.025448780776599754;0.13477086468932714;-0.04117270359565232;0.08289412139392632;0.06536705391088429;-0.14140402381697273;0.07327471808962543;-0.04365971737645017;0.9527942846432746;-0.11770890421253764;0.14209068772306874;0.45099905657069816;0.007831736076487357;0.11234474698482752;0.015446225463335928;0.06412033530683409;0.05783298216978052;-0.10977805717318474;0.05997366071128524;36.310577028756114;12.550969044444813;2.0100314143781697;12.81281066555272;46.15716420378704;61.565509418851335;10.102289963745859;84.15476075732042;53.20458168394922;14.89775862876856;93.23304179899753;42.63774555811773;21.596090045042082;67.64605847796861;61.20767984546018;35.40467252912982;12.218749403438212;8.139363074039013;5.176634195602024;0.9901537048143844;-0.1511548689942328;-0.10666042093965461;-0.35468678532342834;-0.16409311173530516;0.2365857657225301;-0.19817319113258763;-0.16652444098633068;0.396800890548863;-0.11843882705440281;-0.14595552559855748;0.3418695037819025;-0.0989395030861501;0.14007818611649012;0.5525410401043487;-0.6044881226206903;-0.3449536940074252;0.40193692387939983;-0.1765053466178108;-0.2715208010879344;0.08903866002849622;-0.062127472410979226;-0.20226877219094322;0.02990814405586549;-0.03481404845200627;0.15509251935798138;0.8600706868649318;-0.486029550577821;-0.37269863652510915;0.37480917808691466;-0.21024636024785348;-0.31363289626406343;-0.006265393078153913;-0.06092026692745335;-0.20732214471005386;-0.06706158159228787;-0.028209888136781915;0.09362862129247773;1.0784368339163453;-0.3738919702081478;-0.3271910737418073;0.34717808205088097;-0.19807953703916115;-0.28310015678503414;-0.05170144962291608;-0.04646677402637888;-0.18841200098682792;-0.09407961873982318;-0.010610356490873099;0.007380978508727498;1.2263446668442741;-0.2810428682074003;-0.24823843773978668;0.2520103389483217;-0.1678531788881022;-0.213162656057404;-0.0455046704234097;-0.05761504135373817;-0.1531908007972425;-0.07604168576384741;-0.020766297148110152;60.02533938193218;21.972126630199444;0.5918736432022303;52.79910907034699;30.675112281993776;9.913404611101633;49.85571963545086;45.52665694517253;16.950247324573837;45.06446559969449;56.14686347334044;17.27143261418192;43.9950328871642;54.613663052727986;16.134920106002006;66.1681681501657;17.876158705894404;11.111836053333993;7.580756262043967
0.9808673924914396;0.30149876273978965;0.11975639628314669;-0.11821878262529276;0.20362775248008985;0.41476421583494094;-0.07470838047616786;0.10930023727224923;0.4536649534709339;-0.02954132426707383;0.07704623836194636;0.3298203005687897;-0.015273807854427432;0.4048750448992583;0.7932721931727715;-0.364436977211782;0.2642470233297097;0.5996522507011992;-0.07055280113732688;0.17608621797437732;0.06934771103989146;0.02499729318762836;0.1064703499600501;-0.050538452516994306;0.040424123042233896;0.21655944090828794;0.9281545951202717;-0.3027062207993326;0.2433943400892728;0.7326803465094758;-0.07252106192543707;0.17250150322929508;-0.039503187498872806;0.05358462145522774;0.08623948544646093;-0.1692009469160433;0.056855129156565126;0.09032209147268319;0.9882271747498776;-0.2262040123741956;0.22047051446995514;0.6317619092864187;-0.040454493942636616;0.15487923195663778;-0.07766393928987507;0.07343848116705883;0.07193857051175503;-0.16499980769744574;0.06487344417469441;0.023123469181420307;0.9728743645063361;-0.15165782034981407;0.19939403329927458;0.46029055157849846;-0.004127346017623273;0.12712805009228526;-0.016768895242647106;0.06004466305539216;0.05996283835691842;-0.13884875958321877;0.05533568085961313;42.107788499246894;13.698711429964506;1.1134000189305129;16.41322513896559;46.65901404129872;46.89224647765662;13.283188033509141;86.338474166807;47.83109710828896;16.73381527017014;98.15294201020653;37.09196496979648;23.512710204446506;75.83449945007398;54.400810890093126;38.4667077591484;13.861076839837745;9.003354109455728;5.498735746929428;0.9911583975261896;-0.15591965494051993;-0.09985433736540159;-0.3553646160375391;-0.16412463447282194;0.24327717373946053;-0.19876112278394964;-0.16327079745037237;0.4031320555040667;-0.11884850981293837;-0.14307564621549937;0.3512421265703122;-0.09877209963973124;0.14222192913497653;0.551900695073899;-0.6037563348990306;-0.3448794269352893;0.42374393327813914;-0.1740293060808909;-0.27253127856581083;0.08975147867986696;-0.05919186693905642;-0.19953336787814493;0.027943114857757963;-0.032893300458157276;0.160480758991414;0.8599440526288015;-0.4845019631971502;-0.3720363911392662;0.39319295641875296;-0.20861207842977794;-0.31497551173012395;-0.0012732850845289312;-0.06002658184292107;-0.20711008289284177;-0.06331425688527645;-0.02775218717148583;0.10082441627913465;1.0808170831751192;-0.3714328560180073;-0.3252394256439079;0.3625084412698369;-0.1965490975142936;-0.28514249032884104;-0.04564238425631848;-0.045935214432054006;-0.19084346028999621;-0.09236176145461887;-0.010718997202663123;0.014495292691147936;1.2312983624683258;-0.2776664453156229;-0.2481251647707576;0.2593259270576429;-0.16791203883883604;-0.2147055696121474;-0.0442934401210018;-0.058103169990613046;-0.15545286063987848;-0.0758626549077966;-0.021031985555299254;59.57157922700514;21.69393430324377;0.6947394895041953;52.48929041752971;32.09009154098088;10.36220179624784;49.14327070786425;46.00442423797153;16.917542339335004;44.194029896313204;56.292609245041156;17.730368278115577;43.58050372557489;55.001450664046864;16.15416625673147;65.63184025576464;17.928857149052863;11.165411807887336;7.632813876748715
0.9836926639999852;0.31931927086799144;0.09604805884771947;-0.11142532686466519;0.2214166538472238;0.41432400811710046;-0.07876251826856195;0.12040614494599101;0.46025484913144304;-0.03412544387521549;0.08221084007699608;0.34523768640759844;-0.020330499715408453;0.43905759517801923;0.7475528204987443;-0.3911212126069333;0.28679056691327826;0.622077830363022;-0.08695428043184242;0.1854927075217734;0.110474821365372;0.018369702391805288;0.10952632430354071;-0.015612736966482535;0.04018511568857014;0.24121896962602635;0.9099286561823571;-0.33740665279559606;0.26964769316515397;0.762624774746972;-0.08885996242740074;0.18247295313469986;-0.004897988580291846;0.05705569714888109;0.08627225189917467;-0.15647955861682042;0.06582855771294253;0.10244013992021427;1.0019427617611243;-0.26708132934334633;0.24639962557314035;0.670927526808086;-0.052999958958252914;0.16675753724429979;-0.05646590510436552;0.08589520538795692;0.07458829536590446;-0.16466895147694235;0.08091276242894702;0.02117856385918656;1.0171187515031923;-0.1978733639290462;0.21879170826755154;0.5004040188958635;-0.011341776613178185;0.14011949894630893;-0.005741791455559667;0.06994933767236333;0.06484330106088117;-0.14088540509997016;0.06915409287708481;44.584059914230274;14.414873416772505;1.5085513347935045;17.894028659974072;36.46539578837133;40.72060973124117;14.181030011834272;74.95492782863569;56.19020261182385;17.65204297270551;90.55011141475661;42.32155359035031;24.33473523540314;71.62213152594663;56.386254179827226;40.15179124905019;15.13718503885893;9.880516613042213;5.938967368173781;0.9904352092244872;-0.1553122307567431;-0.0934716168353403;-0.35827036063094714;-0.16335589805206907;0.2378343837441848;-0.20202772112100753;-0.15878883574810826;0.4009239177854662;-0.12161684999026755;-0.1390719166285389;0.3556308192050119;-0.10147489716702701;0.14591871369097165;0.5486995553744255;-0.6067661032668242;-0.3391326819653787;0.41882439432682267;-0.17703866320929573;-0.26670068985335105;0.10206015169495217;-0.06262345684423164;-0.1999506230245355;0.03838912491943446;-0.035248487208753;0.16464186962363053;0.8580986525703673;-0.4863740918508669;-0.36745214559539524;0.39264928406308425;-0.21054954064151282;-0.310124257922612;0.008501136696815102;-0.06169154782713721;-0.20766821542064823;-0.05693434897745746;-0.02864179124550465;0.10627833935106176;1.0796296597593542;-0.37239367626631775;-0.3239408058751865;0.35865218462762094;-0.1986415186661353;-0.2822274984958728;-0.03963836140977529;-0.04663738914651618;-0.19031912681859256;-0.08655918572726841;-0.010752038803695383;0.021778887887260276;1.2300455622233404;-0.2779608958441879;-0.24834869343632138;0.2507285664818855;-0.16906538471930355;-0.2152933171254393;-0.044681567487376124;-0.05781182893997612;-0.15623070245732887;-0.0749807964001299;-0.020382068339819592;57.724224983794436;22.442260581676447;0.9003800993567436;52.37853582260975;29.538365046677576;10.20586164810299;49.00597475080504;44.50523158360745;17.068691403637306;44.59682899654291;55.0364333423141;17.547762680503787;44.83464632814804;54.2021407176576;15.83924680719793;64.53918154895436;18.073801999884722;11.22328411636106;7.631444114455159
0.9865179355085312;0.3394427256476981;0.06784179775739682;-0.10311201445248858;0.24177241004914063;0.4126644501275985;-0.08332372866709985;0.1331636680262007;0.4667542645972838;-0.03943417004028835;0.08807131016453375;0.36245754520761564;-0.026234164130611005;0.4781351075084927;0.6916113585720521;-0.4214934556116757;0.31256998586850554;0.6467950858261029;-0.10604508044297638;0.19606815530686408;0.15864162474861895;0.01050807958885889;0.11282643329166828;0.02559247270459839;0.039792789650585456;0.2696176852348986;0.8859429271422022;-0.37737439454112637;0.2998465624075329;0.795816518223581;-0.10787176241671949;0.19372255757679913;0.03589997086476771;0.06098949567735774;0.08607333874910018;-0.1410557464558502;0.07622308235188377;0.11644000183290798;1.0153488557403942;-0.3145225555091952;0.27628036273320994;0.7152395076282486;-0.06763968106786125;0.18029776330948882;-0.03132717963457278;0.1003397713129873;0.07750580667283656;-0.1638256383509425;0.0995933660496273;0.01882805640620663;1.066463235067053;-0.25179658479233225;0.2410507357982845;0.5463025989910696;-0.019813224591880042;0.1550449786163677;0.00727017507479257;0.0814300506557335;0.07041671234526624;-0.1428978289552171;0.08524958904227502;47.41488128535128;15.248099278389157;2.3434873419611093;20.07255501937583;27.371201003854008;30.537062404265452;15.366119913186095;63.0686401262078;64.3282555255031;18.69091312045131;82.62545753735053;47.60485828183078;25.264893515055185;67.70273750464231;57.918050373315545;41.94219943784071;16.733426220029035;11.008974996809712;6.564308706246727;0.9897120209227844;-0.1547012040198646;-0.08708829774894718;-0.3611666714847361;-0.16258340637309102;0.23238725416259223;-0.2052885751197642;-0.1543041979740068;0.3987066473920088;-0.12438152300752373;-0.13506586368290785;0.36000975519279044;-0.1041745323831025;0.14961100041558242;0.5454859635287443;-0.6097603932544616;-0.33337922368322015;0.41389599649421716;-0.1800429482288493;-0.260865163692838;0.11436314254205406;-0.066052635149342;-0.20036292737980582;0.04883148052761253;-0.03760220604302053;0.16879790791049828;0.8562329543969328;-0.48823395425731997;-0.3628601977257869;0.3920962452344978;-0.21248139885687808;-0.3052667596749378;0.018272802967368277;-0.06335458560048299;-0.20822117352244818;-0.05055472655628243;-0.02953046968515425;0.11172826616416268;1.0784164020606977;-0.37334522810044823;-0.3226346803869488;0.35478824886187155;-0.20072858376215721;-0.27930643269088307;-0.03363494483555964;-0.04733825134084139;-0.18979032140237106;-0.08075602750288254;-0.010784811417377159;0.029060055772114207;1.228763302317941;-0.2782485385393394;-0.24856614984950254;0.24212737694478856;-0.1702143357086314;-0.2158756978402719;-0.04506851161424713;-0.05751916392971309;-0.1570045581347629;-0.07409735220971427;-0.01973182708800786;55.86917908068788;23.206630452708705;1.2058532060424008;52.25635828395154;26.99472682691606;10.139542866042612;48.864895703954105;42.96465385636539;17.25599013686506;45.001760804730736;53.75595953435213;17.362822460544407;46.113315135412975;53.38531045844265;15.531619771967222;63.4568210362786;18.217872973181095;11.281193495498007;7.630322109597332
0.9893432070170772;0.362037350594376;0.03406614631608682;-0.09283527973048;0.26502135131236626;0.4090942785094685;-0.0884203260150593;0.14780555314700083;0.472668555446351;-0.04558891715708326;0.09469321583512234;0.381513158680594;-0.03314690700423351;0.5227125292399235;0.6224664405917717;-0.45594722517488223;0.3419887533362469;0.6736572901317106;-0.128316800069889;0.2078737873659839;0.21525586903221638;0.0011267003779422673;0.11631039644658706;0.07445074119341943;0.039172521809322125;0.30231490258371757;0.8540130560650806;-0.42339981075359373;0.33456552046148963;0.8321703565343672;-0.1300425439007793;0.20633826479776524;0.0842344461867998;0.06542715047626636;0.08550361131039493;-0.12218380124903291;0.08827795413892811;0.13262273105441624;1.0273443257274013;-0.36967093503317605;0.31071261654663346;0.7651178036931652;-0.08477167165520007;0.19568703959058562;-0.0013376116189503702;0.11711323113476942;0.08067200060706473;-0.16218911473285333;0.12140270624042067;0.01596240614360709;1.1209604193999727;-0.31488941536921355;0.2665638177174199;0.5987203414784653;-0.02980171430100874;0.17217793739731815;0.022702002295021305;0.09475529364756155;0.07676593539949862;-0.1447353701015562;0.10404302812113352;50.5668319936235;16.219466820525536;3.4402573788286426;23.16678205519941;19.65502858713251;20.451545054225832;16.955888072315236;51.6463044252433;70.96806021941741;19.887312072167873;74.73310655970536;52.57730392766965;26.315268742602303;64.114038943719;58.97386502325698;43.72328815038753;18.721419561431446;12.453334466105844;7.376873053490668;0.9896747013999329;-0.15467507071065784;-0.08381001444038359;-0.3644283445947726;-0.16137892666921336;0.23049002519616213;-0.20822313938278603;-0.14995086140801195;0.3984469620092149;-0.12627500819493534;-0.13170814969565103;0.3630553030628898;-0.10607185457655695;0.15163062449480602;0.5397421085235707;-0.6183699166214558;-0.32952409126598853;0.41275358465122447;-0.18276049813604997;-0.25764854953357347;0.12283598734331354;-0.06752045954027674;-0.2010090001003494;0.05589748022583184;-0.03844607978937579;0.17338168489041372;0.8511403940059713;-0.4954783759518887;-0.3621399139056999;0.39193407463244645;-0.214556720857281;-0.3022486659237163;0.025444700994967626;-0.06368957715831491;-0.2082601482088146;-0.04586979477820434;-0.029805408272369445;0.11876347654080865;1.0747255702893044;-0.3791118914672508;-0.3233709932134876;0.351686499637925;-0.20223185880478742;-0.2775299126170793;-0.02808252114532289;-0.04735797608526909;-0.18961453386416807;-0.07557225861140723;-0.010884127782909295;0.038406422112778164;1.2268982993037663;-0.2827646085813966;-0.24821858229857924;0.23866785012898187;-0.17105587112824683;-0.21559807027805616;-0.04408217352788383;-0.05729369696095235;-0.1570271455801093;-0.07241365692298156;-0.019569786995504896;54.86165462163357;23.698403687003548;1.3361007033760122;52.21368657429733;25.512276071350694;10.148511733480598;49.02885066380192;41.69945512853875;17.41359607205948;45.55638725410853;52.45691408089547;17.157982102191003;46.78167225870271;52.85447608081116;15.307639415780153;62.366509879534895;18.38584197262537;11.405724495176761;7.68639410985031
0.992168478525623;0.38706614533125694;-0.006528385016413271;-0.08002788883265113;0.29136923727918107;0.4025616807407658;-0.09402863869865696;0.16450471102083403;0.47713087889020217;-0.05269988786537202;0.10209159482490937;0.40220052625168184;-0.04123345895829776;0.5731513542348287;0.5363064410834159;-0.4946440995226363;0.37529218239532164;0.702068738946887;-0.1542513560645219;0.2208478326515211;0.2817941709725019;-0.010102581825689126;0.11983531379081862;0.13248887921151387;0.038213934152880796;0.3397597049851311;0.8110938133095583;-0.4761199101900445;0.3742506666505133;0.871060464237062;-0.15584680613860785;0.22028990115835037;0.14159187792757935;0.07037427362944795;0.08434935766042359;-0.09893161478075325;0.10221131889890098;0.1512491525833279;1.0360152697865714;-0.43360196667067646;0.3501866390034941;0.8205580589340583;-0.10479823643048052;0.2130156112522316;0.03454665360738175;0.13653209038087932;0.08401378351387585;-0.15933470665705338;0.14682233488690483;0.012445951691920091;1.1799591313593587;-0.38862733046110387;0.2956117945252376;0.6581184465316104;-0.0415863110657412;0.19172246009943394;0.04103777603669495;0.11017261021972255;0.08393720678934906;-0.1461335142896867;0.12595066700292246;53.94333210506003;17.352434222783575;4.7643635697038444;27.402045054835472;13.60850446912515;14.267387297672803;19.10349078348066;41.60329962170142;74.78821295829448;21.287610382636675;67.26986113679774;56.86458201168547;27.49652005578842;60.87592545891826;59.560417096314325;45.310400305015705;21.159836806954317;14.29572049360573;8.384707787020094;0.9912978142933286;-0.15601763859566234;-0.08803651117146259;-0.3684699419133853;-0.15906124628173957;0.23713616191473888;-0.2103078847356353;-0.14584109228627068;0.40280863041554044;-0.12601619059862315;-0.1298632461056151;0.36274855362211095;-0.10599141529749896;0.14954057367224483;0.5276258097269272;-0.6404685836197463;-0.3301505004224484;0.420669591011086;-0.18473208183555004;-0.2606944318576636;0.12199713449109219;-0.06420266212869344;-0.20215739261287463;0.054770998762321915;-0.03560912993132855;0.1789705928299833;0.8378766929289212;-0.5156861199882916;-0.3707062897918613;0.3925856479740204;-0.2169178255549617;-0.3035828399762815;0.026323996009300927;-0.0607743628147045;-0.20697701416646627;-0.045265047261917865;-0.02857883097906798;0.12965139404704956;1.0646159962741353;-0.39648924826195875;-0.3289665128570586;0.35029951266961573;-0.20225332486312345;-0.27843104605214464;-0.02358693470271647;-0.04570478544322061;-0.19023056465375882;-0.07184041419059975;-0.01114204953971824;0.05281317879718599;1.22318011190513;-0.2974911145670971;-0.24640879754314626;0.2476116468361806;-0.1710949758920324;-0.21315249668286246;-0.03973521042382404;-0.05721055180372219;-0.15516821379767917;-0.06874936847404728;-0.02058742351810358;55.91271894583563;23.504542999988722;1.0296836493991268;52.424752460090275;26.550484275371286;10.161491084607011;49.9459353353047;41.19279464041949;17.4261867734584;46.48574382593866;51.16297975959378;16.904854778064717;45.948710072325426;53.01787348408491;15.267285847212136;61.240475690600405;18.60196878264596;11.695796892393068;7.88920151436201
0.9949937500341688;0.41404838574989206;-0.05524074281696204;-0.06400537745382918;0.3206984493224473;0.3915072009551747;-0.1000165340318521;0.18325406006321465;0.4786900141895048;-0.060822119909612705;0.11016557887689123;0.4238470331653503;-0.0506189643219869;0.6291749899360788;0.42853364580184156;-0.5371881216526057;0.41230816753439703;0.7306048157931996;-0.1841764572662566;0.23467349323718212;0.35947858986854986;-0.02351132287120753;0.12311492176508251;0.2011519363483744;0.03675797990733312;0.3820336175312203;0.7530749753039524;-0.5356569766622673;0.41894101669166045;0.9108377393418757;-0.18560268057908091;0.2352943425314927;0.20936471086554365;0.07575636380962196;0.0822908026795428;-0.07021164036190547;0.11813453104162847;0.17241924165287212;1.038177457077599;-0.5069449533398567;0.39481509125457576;0.8806186227505074;-0.12802032360987645;0.23213456529496007;0.07737756384318474;0.15877134821074182;0.08735878675172588;-0.15463643292990337;0.17618806345544938;0.008122638912396103;1.2414309973399424;-0.47410918947981756;0.32815070318909;0.7242275350278247;-0.05541129874827983;0.21367297588159617;0.0627367655218893;0.1278149995804929;0.09188301088042283;-0.1466488111706988;0.15126388397995824;57.36751185085072;18.671300780512;6.337253173201454;32.95992917016004;9.945986302654736;12.108492815884503;21.993871872277303;33.56628426362564;74.79120589842535;22.94787026418543;60.58517581778417;60.1802230378219;28.817128959889146;57.992726917268186;59.7101821651285;46.46134480367778;24.048624757532373;16.634976227450345;9.606308310784522;0.9929209271867244;-0.15727228229044588;-0.09223686553369384;-0.3723097789905828;-0.15662898388054583;0.24367982102581034;-0.21227597111602417;-0.14161283578674155;0.40694935321411396;-0.12567726796297257;-0.1279251139497812;0.36221418028156904;-0.10584452882257188;0.1473434007141011;0.5150994664095948;-0.662318542919987;-0.3305758681601257;0.4283775950301433;-0.1866021433323121;-0.2635988291426629;0.12107675101215051;-0.06082249668416689;-0.2031878585357055;0.05360284017780038;-0.03273084425149795;0.1844860358786096;0.8240022773445637;-0.5357099490365742;-0.37910012975458235;0.39299752946917343;-0.21916003123418504;-0.30473728051383114;0.027192872733034605;-0.05780163596563744;-0.2055565050061693;-0.044628063271087724;-0.027326184979361144;0.14053236546951386;1.0537760675917829;-0.4137376533388402;-0.3343953484498961;0.3486853333903827;-0.20214917985562503;-0.2791651547898434;-0.01904626515437511;-0.044011991101358734;-0.1907324826916546;-0.06803865130631441;-0.011394788543710625;0.06728457417343287;1.2186762228120451;-0.31213228776087404;-0.2444335565859116;0.2564619985844363;-0.17102796245431048;-0.21055784309085693;-0.035334129191561925;-0.05709127192302502;-0.15320022450722864;-0.06501754058663482;-0.021599144638378687;56.95217714029766;23.319022774045116;0.8928137970844784;52.690599816303795;27.586262726521156;10.178187808529907;50.872491923728916;40.70441075452128;17.44272718868644;47.43987252988847;49.8711440607445;16.646672343023422;45.15946963106516;53.12777479924893;15.221708068428756;60.12600480386152;18.799404765968706;11.991489415608045;8.10514931830621
0.997819043241022;0.4416714168183701;-0.11306247648391195;-0.04404259351909371;0.3522102996136976;0.37374394691791324;-0.10605322696187924;0.2036486771826683;0.4750619509592019;-0.06987033827541102;0.11858905261461208;0.44495445565918584;-0.061300360827140715;0.6891772658070903;0.29428009132768185;-0.5820711697362994;0.4519919916976125;0.7564559756743324;-0.21797172401594828;0.24856883911827993;0.4485726770799313;-0.03933213172263686;0.12563623805412258;0.2812389300846403;0.03458852342836192;0.42837490270863454;0.6747994467701804;-0.6009497893901172;0.4677581179444576;0.9481082108316282;-0.21917848591308314;0.2505971294045196;0.28828906187654135;0.08134476683182883;0.07887513690550918;-0.03494021469508997;0.13588577424335113;0.19584328890516384;1.0288458202321817;-0.5891351310953307;0.4438350659724165;0.9425768135839264;-0.1544168755117641;0.2524111925126169;0.12788707738724808;0.18363521447232858;0.09036933707586896;-0.14722193471222203;0.20940383457071016;0.0028412198838382273;1.3009378700539518;-0.5712435961553362;0.3634286783600739;0.795240723744829;-0.07136515725149749;0.23755964638182392;0.08805551490679153;0.1475181014074189;0.10036269038482264;-0.1455825176801428;0.17990283955607841;60.58190707803025;20.197560140365955;8.207384089209778;39.880957885667925;9.684408668727032;11.858196812330903;25.82408939380099;27.882580501878863;70.72885595400246;24.932320328222357;54.91415978590431;62.39146452288818;30.282666599852295;55.45646634697684;59.47543522672578;46.93810134245965;27.245858258640904;19.574700083388738;11.072282908852559;0.9945440525457548;-0.15843493957545607;-0.09640245839286025;-0.3759366737068553;-0.1540847216613331;0.2501064282593537;-0.21412142118830713;-0.13727207940057023;0.41085700938266395;-0.12525740909291105;-0.12589577509428174;0.36144899100022726;-0.10563024570892145;0.1450413711067607;0.502179720707051;-0.6838728652953713;-0.33079563758552155;0.43585880824620993;-0.1883651761881949;-0.26635348995044084;0.12007510519698411;-0.05738535052671374;-0.20409621263001637;0.05239449261352101;-0.02981602876879236;0.18991596957975626;0.8095326735330444;-0.5555076731972498;-0.38730197584560905;0.3931644706280604;-0.22127678815060983;-0.3057064145179629;0.028049455187553855;-0.054776085118914436;-0.20399882048309195;-0.043959477671222325;-0.026049411855780018;0.15138519159397532;1.0422132128191133;-0.43082131183991973;-0.339643892229852;0.3468428687411944;-0.2019172929417865;-0.27972771574840843;-0.014468468023346117;-0.0422821356228992;-0.1911171970548752;-0.06417303346591088;-0.011641759143604467;0.08179378570505512;1.2133807635538754;-0.32665819199763335;-0.24229361193471702;0.26520003208684534;-0.1708529900408233;-0.20781636555327898;-0.030886447277192256;-0.056935417299272664;-0.1511249634586926;-0.0612241455207727;-0.02260288138515828;57.97926390323171;23.14162418253427;0.9901481894588422;53.00749175843399;28.618598912164988;10.198654538286661;51.80706496057532;40.23461753800762;17.462887910431174;48.41733095844595;48.58262004682287;16.38381091196782;44.41601878432297;53.18243633236991;15.170415031041493;59.02524819316351;18.977306212538398;12.291400380691288;8.333560427288898
0.9980386108271;0.4557943290027131;-0.11172653319691196;-0.03418565912065067;0.3593904412083315;0.3608334189089384;-0.11110008399135243;0.20254590143167486;0.47458414111774233;-0.07449018873848122;0.11147274485286786;0.4497920375573289;-0.06607712430416211;0.7111497156270467;0.24747101803068233;-0.6134207491246846;0.45614716854460163;0.7820650782241385;-0.2305642774476833;0.24640625763671115;0.4842401031367373;-0.04149331150050483;0.12327800457565576;0.30646408681378867;0.03633756955002987;0.4457047200654294;0.6284938090124343;-0.637450260447385;0.4833034055846943;0.9617273635378805;-0.22675638762046618;0.2498006794936781;0.32541884660909337;0.08994525406802735;0.07402000045837152;-0.010111159341021692;0.14310378054730094;0.20629025146298596;0.9986884084458333;-0.6284855816901916;0.462809799690482;0.9693449177474893;-0.16095233573351844;0.2527790300199713;0.16854807126166438;0.19146334057870698;0.08611112070474564;-0.1294579135136245;0.21800838687518187;0.0022692064682645454;1.2953410409284039;-0.6118553910648105;0.36659480467693567;0.8306970200096457;-0.07285514895408902;0.23948575321629442;0.11697389653022137;0.15294859181684708;0.10288693498239058;-0.13484399071194542;0.1860513132562961;58.735279027565554;21.80315090920544;9.100014384964318;43.39227731724864;10.434774207094383;11.78114817176855;28.746901882269054;26.537180746254492;65.5410712270152;26.46878100410833;50.223736994128224;64.30884943032679;30.753242618422057;51.61277823834082;61.15580574977951;45.99848677349896;27.23786234816941;20.742177382798825;11.98575822412092;0.9945196604576916;-0.16714862690075968;-0.10143825128209652;-0.36916993507346657;-0.15481752481981675;0.25222734593896023;-0.20983358667335428;-0.13592425556749874;0.41498922188951337;-0.12299991652302707;-0.1259955479659217;0.3600270187378899;-0.1030978681997813;0.13827519048895476;0.49869917215873655;-0.6727076806836987;-0.3366213906685656;0.4437013459819723;-0.1851651220841476;-0.2698932204503419;0.11755814649461188;-0.05390312437367019;-0.20368638183505058;0.05009534212885979;-0.027782690380026794;0.18741005483186085;0.8150671323177692;-0.5482180598659688;-0.39471806803836385;0.3974957281052281;-0.21732518868010586;-0.3116322425166438;0.03176811972970652;-0.051226016638615965;-0.20737986604463748;-0.03751616894518731;-0.024035087599147444;0.15129106206033502;1.0531944681100567;-0.4275315638804282;-0.34837621934029345;0.3566201057093271;-0.200627988644508;-0.2856635021770506;-0.011424427118519506;-0.03946471217865032;-0.19467124945853187;-0.060868438289055866;-0.009423279095609324;0.08196071092360543;1.2298769396557807;-0.327140267818243;-0.24646618178501695;0.27394825362204217;-0.1712336661180464;-0.21294743522061188;-0.02899548376529194;-0.056016290553492706;-0.15510515307014341;-0.05584901011141955;-0.021428661345143568;59.132537976058636;22.982451728313496;1.265503662658681;53.071701380784596;29.42434357869782;10.00818232962676;52.09367069938737;39.686614571502496;16.16092200040899;48.458374858358304;48.20667589221312;15.884126064514936;44.00354241079819;53.14158126558903;13.839584205424183;60.49071505773209;19.27178311410625;12.112633665951604;8.153803715014837
0.9974161510702608;0.4649074597655487;-0.08969384990095552;-0.028546275010195403;0.3580171433219076;0.3509107628890451;-0.11564285473276698;0.19417968256398724;0.47589523877093326;-0.07736544325831204;0.09944029312595444;0.44919292425683377;-0.06856607698442764;0.7193069378240492;0.23476446311031265;-0.6389220611258635;0.4481019465231934;0.8071045935507625;-0.23520808433419585;0.2390283705723451;0.4995087685925708;-0.03874766787926892;0.11950362484672192;0.31117200165783826;0.03941666759883948;0.45232945355358456;0.5971521107314819;-0.6624254087041435;0.4867953245344455;0.9674639179535679;-0.224986926241261;0.24369636482962825;0.3459608029175425;0.09921396286054952;0.06904968675317702;0.00950920323748546;0.14635365098965022;0.21179527016721947;0.9643439267086752;-0.6511564444055058;0.4706375661021085;0.9833638275996935;-0.16028507681168197;0.24642490619614277;0.2034966811072057;0.19305170876479302;0.0796557470924853;-0.10928196309583385;0.21768222900534098;0.003400992975023257;1.2688112078450864;-0.6308478719113833;0.35870733271549693;0.852560704363907;-0.06923700461548214;0.233851746430287;0.14557723436384068;0.15320940769051056;0.10329159137639278;-0.12151589849430817;0.1841243391817812;55.486631765579276;23.37675145984232;9.607325077060189;45.42971585362928;10.844078541021817;11.672215724931668;31.121118795298333;26.302107438374435;60.55424413244281;27.844605792395225;46.12578266723908;65.67385855225275;30.995581258344206;47.53367335343926;63.15330806406537;45.09827891435961;26.17154182276054;21.156021960320835;12.673054424553515;0.9939628808523748;-0.17856536682270965;-0.10687125844638173;-0.35866486993856717;-0.15662084570305237;0.2529045784059907;-0.2033340227121339;-0.13550193064280416;0.41919758838334026;-0.12003816547212365;-0.12677418663887194;0.3582543402298091;-0.0996990969838228;0.12980604546043475;0.4981396609180673;-0.6501716203228293;-0.3443812470597539;0.45175673670091354;-0.1801784770894803;-0.273717985011422;0.11443881099224866;-0.05029920127751792;-0.202773337979811;0.04735864049024188;-0.025981623553746922;0.1821452601945896;0.8271985141872862;-0.531569113394478;-0.4019664173206755;0.4032252490660858;-0.21119046697332655;-0.3192851053746773;0.03653064502481092;-0.047393457786338966;-0.21244156058379066;-0.028968305387721414;-0.02171525947776395;0.14750869259550828;1.0717012353032247;-0.4172566455375445;-0.35841000188370015;0.3704343115972945;-0.19889974267686308;-0.2934721154863241;-0.008807321062875302;-0.036199814598768615;-0.1993245302440493;-0.057646926645666854;-0.006322164216558867;0.07733355937995898;1.2537484311589568;-0.32287194688364607;-0.2527878017868352;0.2828608400619248;-0.17176476382889735;-0.22078141541226154;-0.027898244419061045;-0.05480385025919802;-0.16116754450332815;-0.049789513146927096;-0.01949219028397401;60.37125196981306;22.82450386805196;1.6141842442315348;52.99111981270803;30.175945081379307;9.768703928357839;52.152547908693435;39.10298433414558;14.418395082602036;48.18336569582123;48.11407878778488;15.304790879265278;43.688664677404;53.078481520109065;12.186425268475254;62.876255580895304;19.583578378308424;11.752453920939624;7.834617908090584
0.9968864114694254;0.46827789727517505;-0.07599230923987776;-0.027736530112816096;0.3559427780401915;0.34373044408296355;-0.11993905110110518;0.18885814985460317;0.4753461087925854;-0.08057920813152679;0.09132493347932677;0.44835644627276;-0.07166597591608101;0.7211942367463466;0.22447391958936252;-0.6557457008535706;0.44435312138550837;0.8253869870724428;-0.23745577867513315;0.23322193652078815;0.5087511815158281;-0.03689225112948596;0.11603779562295341;0.3153179752173925;0.040723038408658506;0.4547197370480922;0.5772224039561319;-0.6782656243021741;0.48986852592678937;0.966575269936682;-0.2243271157097042;0.2386224670468861;0.3594447401133465;0.10270947336352565;0.06429691816761107;0.024690026534005604;0.14592761794616452;0.2142163561026055;0.9420830259823835;-0.6651715900785274;0.47531667929790883;0.9874974910644378;-0.16040147614298325;0.24055614036487735;0.22483627329465103;0.19051904639311928;0.07531749395393537;-0.0973053059725096;0.2141155069623234;0.003743543355380556;1.2499173160321233;-0.6424464230909943;0.35127393812983937;0.8641864125333294;-0.07005648727100938;0.22891966137460795;0.1653624210902591;0.14890225895547962;0.10322794019261833;-0.1123725558235333;0.17925258222616847;53.50996352841125;24.29996533602217;10.03206636389643;46.85495210118254;11.052319636635879;11.558864214030804;32.5444026835768;25.952457973824096;56.781601841793936;28.77035643772403;43.466960159710965;66.78381220018954;31.035689154807965;44.53492281662351;65.01778733718415;44.53167304524852;25.570953516441467;21.365052390030304;13.082569371713252;0.9935068249355168;-0.18594633020187157;-0.10701886679769163;-0.3472224323630882;-0.15762467904341274;0.2521814542019414;-0.19644013079229042;-0.13525958910901167;0.4195522359745079;-0.1165595147756484;-0.1279149360854719;0.3555606863706632;-0.09600304975068928;0.12263410996172594;0.5044460100850247;-0.6257677199117773;-0.3493783840146268;0.4536598408945615;-0.17311090069557686;-0.27476487818978035;0.10947538292806445;-0.04589351498544494;-0.20082537077127355;0.04329945742870893;-0.023529796542897018;0.17581109271704162;0.8404520459623435;-0.512572744218175;-0.40608518027133295;0.40145052249209723;-0.20400446666832228;-0.3221985823327869;0.037250995040376544;-0.04472085160123711;-0.2147247151753755;-0.026423254836884617;-0.020057823704398778;0.14164419389267538;1.0867034902784254;-0.4037335906275386;-0.3633092923766049;0.3747056467592205;-0.1948616769406424;-0.2971658979443846;-0.008719183532435407;-0.034082142814415725;-0.20180052150706293;-0.058121055316522285;-0.004314358176777967;0.07128260555707228;1.2705392693469932;-0.3142751006285869;-0.25291014663548456;0.2874754496890768;-0.16919661946568415;-0.2231552503832232;-0.025266596197842914;-0.05295820145025375;-0.16358849091401914;-0.04564688224533985;-0.017633319411043062;60.998385377174586;22.611257421389798;1.9377197583910866;52.76092302381634;30.917170846147073;9.742345540680088;52.32857974655979;38.71114081066532;13.758304459820042;48.11382390683929;48.09848336864065;15.317824879582208;43.137423601473756;52.99574576459563;11.611438120372384;64.95410544588043;19.534415170345408;11.322854585444453;7.520562771104264
0.9965410862844204;0.46187680933583203;-0.07815815474507858;-0.03631172642155886;0.3533766781632339;0.34252052105811603;-0.12421000730501498;0.18974648528306207;0.47242504798559365;-0.0847613766307413;0.09076159983509004;0.44820617385577893;-0.07623409503676613;0.7129040749244913;0.21911114847785684;-0.6580450161220213;0.449952834265916;0.8333488865731734;-0.23576334658960238;0.2308771654551938;0.5079682028516933;-0.03679499098811636;0.11336057448243866;0.3193348336103334;0.03875013208118796;0.45018786334740246;0.580227314819022;-0.6787246502320422;0.49351137395548267;0.9553744804011276;-0.22637810592034074;0.2360017483568504;0.3606542383956253;0.09542287047440423;0.0599801998595651;0.03183885886073521;0.13876174821800963;0.2113121870525178;0.9449341988542618;-0.664639290694447;0.47530046158034056;0.9752315048854545;-0.16245617339888238;0.23606616660463323;0.22113506947145822;0.1804347603942885;0.07513037656508201;-0.10105221428571763;0.20472807224295128;0.0025808394099488185;1.2484485280130253;-0.6418002541734802;0.3453980186048869;0.8586487536720884;-0.07966588832834189;0.22578477839494313;0.169164889741712;0.1360135201992887;0.10252658408295726;-0.11132077344566668;0.168998972860967;53.76758092565909;23.95628189797154;10.292725294309628;47.282929766525804;10.915836026046286;11.398710962227582;32.17166788189305;25.06100246474672;55.24286338811374;28.711216320639608;42.71106615479674;68.70562901805023;30.462540254593588;43.10966002028267;67.40136834977285;44.02087865729627;25.901323677897928;21.259325071753484;12.931387059991675;0.9932511019448308;-0.18476461019519436;-0.09653297372054767;-0.3347117923228992;-0.15699076366480416;0.24874383180147372;-0.1892429941641387;-0.13542797713628585;0.4122197803728811;-0.11229144290438624;-0.12974251754677915;0.351270217362691;-0.0919691786136486;0.11856744852420448;0.5243013223374965;-0.5993227095169457;-0.3485707574823327;0.4431528273883971;-0.1623472924524719;-0.2702130700258589;0.10114229943911243;-0.04016719422533507;-0.19696581207126923;0.036847485675013246;-0.0199303470054492;0.16777250418786283;0.8553144628834417;-0.49019338675765833;-0.4037301714445967;0.38476599827879016;-0.19521215103631057;-0.31545218242702394;0.029789199982809905;-0.0445683817645084;-0.21131376324461895;-0.036143726725772825;-0.019846654896955744;0.1319961875061519;1.093938696308256;-0.3846339290170966;-0.35763452520801486;0.3595635683120656;-0.18647642653042185;-0.2924019541506786;-0.0137344965003074;-0.034420657876521675;-0.199778354473876;-0.0660250215881964;-0.004639877623043533;0.06276974808233558;1.272286296196004;-0.2975858975914782;-0.24059424150810754;0.2832016564738353;-0.16058980284560367;-0.2144279291421005;-0.01971884256167613;-0.04996830458274711;-0.15855549205580188;-0.04564444136319843;-0.016054799573786548;60.29824291465835;22.287541117392497;2.142790547858575;52.382938839157305;31.626700598166217;10.106917237378937;52.82417496751892;38.71748455128838;15.241376545966101;48.49965175395352;48.247274353624064;16.479968899750254;42.08657673683927;52.85908809145727;13.033525278494936;66.20527545828638;18.800022303259652;10.813792690991775;7.230487825615604
0.9961957610994152;0.45552823542816256;-0.08029935843254338;-0.044797366860891;0.3508266984588872;0.3413130415036976;-0.1284332479384622;0.19062009046052428;0.46952028000511886;-0.08889790238245575;0.09020141846706714;0.4480443113366219;-0.08075283862316748;0.70467856152869;0.21379729412358628;-0.6603013107002816;0.45548156918431265;0.8412041909795456;-0.23408146718300524;0.22854982210052177;0.507178411115914;-0.03669765573538246;0.11070765718836659;0.3233008777713411;0.03679644894548751;0.4456895571320429;0.5831842051528134;-0.6791590399337439;0.4971021606984834;0.944261266429493;-0.22840129393720762;0.23340115475753956;0.36184068140885667;0.08820866359799406;0.05570626914089715;0.03891298573971127;0.13166575796320976;0.20843179200946624;0.9477282449497036;-0.6640929979727113;0.4752704760209096;0.9630635043247825;-0.1644849043154124;0.23161560571905332;0.21746557661652116;0.17044924850218865;0.07494298739735959;-0.10475749386798455;0.1954315082639761;0.0014300582556114245;1.246958294160322;-0.6411419365998072;0.33957260867437716;0.8531430658903735;-0.08917379001010634;0.22267562594392934;0.17292315933418914;0.12325379831614858;0.1018294596303391;-0.11027658109467042;0.15884622020807346;54.02007472902685;23.61270031572583;10.551319638636487;47.71452964724818;10.79390865986863;11.269350870071838;31.812396494426125;24.185670782229767;53.54443363102596;28.66045075709933;41.91844495596506;70.70256677497667;29.889323185667195;41.63818466643888;69.8327122454658;43.499794734457446;26.234027732334955;21.154629948209685;12.782313440242136;0.9929953789541446;-0.1834651734079897;-0.08618017499460577;-0.3221923858485893;-0.156249527343319;0.2451841455732129;-0.18204334100861513;-0.13548968107276663;0.4047172924802821;-0.10802182838998;-0.13143503654635527;0.34679624992729935;-0.0879446573200148;0.11449048274096522;0.5433649404779551;-0.5729417444471174;-0.34751301449356037;0.4325147716230439;-0.15167202291983736;-0.2655447826064368;0.09289634092644342;-0.0345231340024255;-0.19303202862652896;0.03049461733346372;-0.016386663627933278;0.15976437883786548;0.869230999397097;-0.4678811953281248;-0.40111345937169157;0.36811680945583475;-0.18644421841564665;-0.3085980503745561;0.02245180824155367;-0.04438490225217651;-0.2078087895815917;-0.04564493388248704;-0.01962450243783736;0.12243768630279495;1.100196296473415;-0.3656173278203562;-0.3517986991862953;0.3444456451110624;-0.17811419961858355;-0.2875087788386882;-0.018640429568715342;-0.034726226623590144;-0.1976435844353012;-0.07372273639008074;-0.004955436807859926;0.05437684790635188;1.273027817397542;-0.2809986612821886;-0.2283375639523448;0.27879598844217846;-0.15203013642792457;-0.2057090430922972;-0.014265435225935577;-0.046999227993958836;-0.15350072375803167;-0.04560721108803126;-0.014495153036925418;59.54175841178886;21.95706304392448;2.347080832598773;52.06653185349265;32.36955091265907;10.483117665320284;53.397482836152534;38.731098574628334;16.685989997794007;48.93060653762638;48.3834014648158;17.587476272201926;40.98981605487674;52.68938041099975;14.59171343232592;67.38991125247686;18.03740074694439;10.31804555837308;6.948063271614647
0.996045511466266;0.45170462027412006;-0.08314025130560335;-0.04946863344668822;0.3512685923100668;0.33876655400209515;-0.13015909587870605;0.19356558333632146;0.4694834686832829;-0.09062791866391975;0.09078905803416462;0.4503356308044414;-0.08246071049164473;0.7021536778184297;0.2087272817412779;-0.6593778377576155;0.4621885655829778;0.8501177817917598;-0.23092267289373486;0.22769290473545326;0.509580668602999;-0.03499809949493963;0.10885205355217793;0.3273220802768874;0.036425708667344875;0.4450818085046744;0.585847419434192;-0.6772628624695926;0.5021292066092748;0.9407817365353359;-0.22867104942196867;0.23232878990598688;0.3632193950260258;0.08310170459248985;0.05240762024699377;0.041797388656302274;0.12662916185514975;0.20819979868910796;0.9525677789891994;-0.6615907718189332;0.4777349916736125;0.9565388218955917;-0.16455372756091133;0.23022882714394932;0.21643847623260126;0.16274546739467052;0.07565211443396062;-0.10785248854282414;0.18808106108659156;0.0017330327892880256;1.2516042889678223;-0.6384752679794516;0.33757940298175193;0.8496670126778854;-0.09468656438044054;0.22109606918426336;0.17603949539699812;0.11424639429781885;0.10211014577393215;-0.1100392685057869;0.15143086871784545;54.059505899679216;23.551220482871166;10.835319174142361;48.14310270354503;10.774096337201849;11.164995342840081;31.541147054698165;23.444719023827048;52.97928792698457;28.568255796690284;40.98970809576444;72.39709698168171;29.45951586364905;40.39500875811349;71.61101009685046;43.100430975428644;26.58563209247533;21.17017765667835;12.713253003824553;0.9928877710768717;-0.18288065412190105;-0.07833470339262437;-0.31327211879255507;-0.1558680764008168;0.24174772602023675;-0.17699951103723863;-0.135290982244387;0.39906866063785174;-0.10507285997833346;-0.13226502310150848;0.3436349053298284;-0.08527432891083411;0.11066823893387688;0.5557892502793237;-0.5542174863765494;-0.34685502286558234;0.4228748664072037;-0.1451801745007591;-0.26179814591895095;0.08901579777635135;-0.031844298228999535;-0.19075374853011834;0.027848060040058475;-0.014869987791846347;0.15297950907958166;0.878686015678411;-0.45222577950949433;-0.39888613729851613;0.35510051964163497;-0.18073861649339357;-0.30344532518640904;0.018285025934628777;-0.04451651365532766;-0.2052922413262292;-0.05073356028912928;-0.019855186043735634;0.11451010209991032;1.1045555609603293;-0.35262671112997984;-0.347333777198236;0.332799588044823;-0.17258732489265033;-0.2835833244159463;-0.021107842376386778;-0.034894858577835815;-0.19584161407950465;-0.07731624450943445;-0.0054002474250530825;0.047049448555059645;1.273816848940159;-0.2701236849682399;-0.21957908311235247;0.2740781613460362;-0.14649625738752522;-0.19928760493965203;-0.01258751774214868;-0.04492998073916933;-0.14976383642610738;-0.0470369417635576;-0.013522174874373682;58.75224867725082;21.825006786703558;2.456040357219701;51.84497418221731;32.34299287007842;10.645313956114073;53.83143784569934;38.49228801968373;17.457103892851755;49.25022965006303;48.251080245327024;18.09698756353873;40.259808899733684;52.981582004393566;15.697838579290728;68.07363841197296;17.510910022407035;9.964717919324833;6.742237943359454
0.9964264666226812;0.4546250681146267;-0.08800344818993655;-0.043878769486902384;0.35990266830061374;0.332441896366856;-0.12511079155879168;0.20228892794192982;0.4772761649337258;-0.08583433932738256;0.09453767129412778;0.45941248003169016;-0.0765376292400077;0.7151056146558387;0.20411890280605838;-0.6496875620944794;0.47236263108503945;0.862239922930661;-0.2235888426476292;0.2308181774036224;0.5207927829637817;-0.028845342561878023;0.10910221610971935;0.3316372285313976;0.04037192451633308;0.45508145389267507;0.5877862764864997;-0.668885762665842;0.5112625246891611;0.9580232854130601;-0.22414234506128253;0.23538826252970707;0.36516308855645374;0.08356067851138156;0.051648062700900714;0.033324045830926304;0.12702845858730105;0.21519949707203442;0.9631553584624267;-0.6536101501904729;0.48710374764896963;0.9651680218388141;-0.15925374244167648;0.23716490294003645;0.22259534909184506;0.16098092220310273;0.07883968534919154;-0.10939295650356351;0.18576390042508772;0.006026984325501723;1.2731757918813638;-0.630181278784265;0.3459843911345668;0.8515763553953011;-0.08947432024010857;0.22363282314169938;0.1775127002417538;0.11515484211647206;0.10507404170769269;-0.1119968117718299;0.1512137131036075;53.51554286148732;24.27157011242758;11.191341529458658;48.552174080052545;10.997372400874413;11.066100745692836;31.470604031072305;23.03183763661509;55.96847204746702;28.33916950267987;39.792621659696685;73.07500631050665;29.429129877936937;39.8645903519938;71.52160677303945;43.05037711651894;26.985014337526557;21.512875036027445;12.855018188126964;0.9931834913301796;-0.18449242196328738;-0.07695903417435616;-0.3140911572575149;-0.15669781907314048;0.23890004062402287;-0.17778465394087928;-0.13462110911097971;0.39879778358061674;-0.10569532313053791;-0.13105837133792958;0.34442454948183;-0.08624356840006286;0.10754239581953193;0.5520154956288413;-0.5560306604532752;-0.34783105333046566;0.4161882090607155;-0.14980823708252017;-0.26079150422584296;0.09676305987591838;-0.03701247339934405;-0.19311862771576913;0.03502104366370985;-0.01871991606875921;0.149414040305896;0.8781761017799624;-0.45440310168617604;-0.3982833288720701;0.35179924104987476;-0.1832577521221139;-0.30312144324541557;0.022422370325810518;-0.045571709315109975;-0.2056526218613444;-0.04436402412285269;-0.021339150968845762;0.11077173756715454;1.1059478613989602;-0.3557350953095898;-0.3469224401355432;0.330462718256974;-0.17467349081842204;-0.2825501862716307;-0.017215528332189617;-0.03476574822421826;-0.19518297626196954;-0.07025235062305932;-0.006219563875470594;0.04231338141738232;1.2769612048850243;-0.2744646513260575;-0.220136583521543;0.26878426656405785;-0.14903845613412095;-0.19904880602765856;-0.020931589271646348;-0.045245526278430044;-0.14963207129160794;-0.05252797780292332;-0.014093997063123757;58.01365033975822;22.251925788394253;2.3110236788771004;51.729893680105675;30.16071500732792;10.236509401155663;53.70952547529537;37.552231671474004;16.501909713853394;49.16175523867579;47.42214655415374;17.092681579379395;40.65097558558362;54.60153671894482;15.23388690557549;67.57527086623355;17.681607646398195;9.965042504080035;6.726622876573263
0.9968074217790964;0.45752952473585845;-0.09296034303882554;-0.03815512340159846;0.36866646663303976;0.32591501071202306;-0.1199262923060078;0.2111723518083331;0.48515852525559616;-0.08091736556092072;0.09835370555608627;0.4686111267821934;-0.07046738777561533;0.7282206349261197;0.19937002716731406;-0.6396622046197432;0.4826808757175605;0.8744799977032811;-0.2160496335497074;0.23397232293023437;0.5321637445400706;-0.022548830187994487;0.10933839084619157;0.3359899150277671;0.044399753209943674;0.4652244582363442;0.5896630869387017;-0.6601997026359685;0.5205095869255838;0.9754808368730834;-0.21947133719527276;0.23847430419414403;0.3670848826940449;0.08401496088701979;0.05086211019372248;0.024653879625181004;0.12741390218909715;0.22231813414111287;0.9738081619330906;-0.6453322447979493;0.49659589503465046;0.9738179786854536;-0.1538057536941724;0.24421453413394095;0.22885084904005087;0.15914768521895215;0.08208486514900828;-0.1109484436223879;0.1833611452260805;0.010416557003541115;1.2950041338040066;-0.6215871620314068;0.3545164454598765;0.8533755447560669;-0.08412859817995678;0.22618648806071587;0.17898715821233258;0.11606303895827931;0.10808579089926577;-0.11397829894837667;0.15096447142822114;52.94755209822684;25.0136067266311;11.543287455040824;48.955894521504746;11.218228986970143;10.976800721646589;31.390179671180384;22.627336040412736;59.12405371136862;28.1035202092743;38.61398300570583;73.72365426808008;29.41375349808811;39.326964994395865;71.43287072102015;42.99236624785716;27.386309241332686;21.858913045689594;12.99327646955091;0.9934792115834872;-0.1860962247776254;-0.07558602895680289;-0.3149022623614058;-0.15752237283972312;0.23605646614345227;-0.17856436642716708;-0.13395081994839309;0.39852066523994983;-0.1063141027430254;-0.12985293543813864;0.345205811244276;-0.08720845373084009;0.10442379329235284;0.5482430368772254;-0.5578287284265026;-0.3487980965024543;0.40951375775219795;-0.15442012936469557;-0.259783205808399;0.10448596941098211;-0.04216488869759178;-0.19547318831976643;0.042172442265373686;-0.022558260453090357;0.14585635875573544;0.8776521911465223;-0.4565660455905877;-0.3976752585059735;0.34850140821662;-0.18576629216469326;-0.3027931622811217;0.026547225380826298;-0.04662301683486195;-0.20600832213339473;-0.038012324402605276;-0.02281840177398074;0.10704234713561607;1.1073165878069968;-0.35882811970416234;-0.34650618722812715;0.32812685144217923;-0.17675047816457598;-0.2815150851249184;-0.013334288331275954;-0.03463640215500647;-0.1945228215210765;-0.06320786630553892;-0.0070363756895178405;0.037590412085084575;1.2800738494096096;-0.27878808819170947;-0.2206885720300334;0.2635011062003432;-0.1515705953605376;-0.1988071947814525;-0.029250901041247276;-0.04555935150678531;-0.14949805245138958;-0.05800203658614066;-0.014663899196482156;57.27537870546694;22.683087973572817;2.167496947149908;51.6121956435186;28.00927905266889;9.883112782924679;53.588499798282996;36.61969534736823;15.534962189599462;49.07503274874387;46.59548458875726;16.04761994374764;41.05396373133515;56.1870849221833;14.74573713114591;67.07817881563496;17.85295616687476;9.96539849334266;6.711200959861802
0.9970749134542696;0.460972788636996;-0.09447419046899092;-0.033044244221029744;0.3765095611081194;0.3222214112321199;-0.11611629709558766;0.21813527197719149;0.49171282090823715;-0.07786866570141993;0.10113561305764956;0.47463247167170125;-0.06638608001167184;0.7440888877528068;0.19514890653403358;-0.630676602216736;0.4900987530400424;0.8843275181097181;-0.2105980668237768;0.23444710495480026;0.5448261357256682;-0.018056778639585443;0.10741580193071001;0.3422801790572372;0.04730975392547248;0.47773316663269955;0.58728578702736;-0.6533501556246449;0.5272161507618844;0.9908379319814514;-0.21676554864152087;0.23924555380679838;0.37365284091613327;0.08362372842064457;0.04924388532519255;0.021641336147302178;0.12736800739944784;0.23078409035074623;0.9770861647206883;-0.6399278768178445;0.5031137192008124;0.9845149252220005;-0.15062897841573397;0.24699537213128758;0.2389474496632728;0.15761039851194772;0.08269883865941882;-0.11038657707345721;0.18175927132983544;0.01480959597112433;1.3072219029164867;-0.6170921646376338;0.3604728291622977;0.8603479944022516;-0.08141477762753045;0.2277006251755359;0.18291705533476083;0.11625872558592443;0.11028438846287301;-0.1153606689087972;0.1508659224799842;52.260607240370305;25.543111402714125;11.786298622157242;49.28842767110496;11.51281760642356;10.947919182707643;31.429452703174444;22.086185844254043;60.73201683085551;27.86382079934969;37.25854997515673;74.74569638942242;29.31854284611772;38.61764345465771;71.81160700268099;42.5984103115611;27.525797560870704;22.21762101290408;13.211163323456763;0.993448882785338;-0.18796173679575426;-0.07509038013898772;-0.3151860085971728;-0.15914133784734366;0.23531535019316688;-0.17905040817821072;-0.1343446344830584;0.40089195741983824;-0.10666582686307494;-0.129636902528301;0.3461282818852797;-0.08781967815208527;0.10152267302923734;0.5443180605619758;-0.559939407287572;-0.34980625055708975;0.4071395823331009;-0.158531033898768;-0.25950366535272085;0.1111746574386809;-0.04629299303046215;-0.19764698192626717;0.04820547904938407;-0.0254900174468942;0.1435106792162485;0.8767189836224081;-0.459095315492309;-0.3979714449549299;0.35070187615952686;-0.18805291467788987;-0.30358476035475135;0.030370901887422884;-0.04713665772863388;-0.2067085946950322;-0.03349300648938553;-0.023688423047042797;0.10534562030725558;1.1088928098656385;-0.36219033240828813;-0.3473792879077361;0.32976565065395513;-0.17858324786035054;-0.28161670478955375;-0.01000974067071836;-0.034419950540295334;-0.19414087151565057;-0.05810924330972256;-0.007497513948014122;0.03578558937350797;1.2842343264275429;-0.28316489536732936;-0.22153603440266292;0.26260842493064823;-0.153656432322396;-0.19899687070176275;-0.034710376546700936;-0.045924248319884176;-0.14946803151847063;-0.06225963561844702;-0.015170327123160007;56.90716026382965;22.96934405824666;2.103689293086417;51.41756648264711;26.435118240400822;9.633555589495712;53.255766214908576;36.128733284153235;14.965347811147206;48.87965388885431;46.073940303842015;15.36108196872799;41.14982800870994;57.38238507270325;14.597419569504074;66.7308432230445;18.020398791414273;9.974913174008282;6.694480909032183
0.9970493265220204;0.46571360666302414;-0.08683708192640117;-0.0297980733267506;0.3815803350428784;0.3262103185205982;-0.11612636869893155;0.2197154972049275;0.4944914755722749;-0.0799033862267735;0.10106399330681431;0.47202174702774763;-0.06775505220978648;0.7665290166965194;0.1925397394211996;-0.624920379020509;0.48954994850202477;0.8874667831993219;-0.21093549905269537;0.22784840623169422;0.5603384610260431;-0.018543580962148882;0.09989730507672795;0.3534129248302351;0.047134482697767384;0.4959284782657894;0.5738463901398339;-0.6517325102896587;0.5269430813910053;1.0000032863789992;-0.21939478298518242;0.23389171708778408;0.3922011427169392;0.08102708971824724;0.04551092098903011;0.03370627607989346;0.12619708719064826;0.24242084231892275;0.9608295010614255;-0.6424219430320574;0.5015138984361673;1.0001884203769644;-0.15361154769121624;0.23839868604731596;0.25871901370156614;0.15694155140270072;0.07634647858367485;-0.10427322209815779;0.18236363882406667;0.019002815280429033;1.293605452964507;-0.6236845897192275;0.35937806194559974;0.8807151312606816;-0.08578399870310682;0.22641874092060854;0.19315517859486617;0.11457479255426611;0.11024136855939266;-0.11510580509063803;0.15118300161911227;51.325593670260815;25.47994371378574;11.757239281624747;49.46222293241633;12.036652612569455;11.059960206354473;31.84131179361777;21.25968877554369;57.900221470791706;27.66490605201469;35.49418215990185;76.67552241479854;29.00820080614736;37.49509133387873;73.37040477935021;41.37548537309598;26.977931466719976;22.59941635261028;13.652185350238286;0.9925763622889744;-0.19054983283303176;-0.07687536547365018;-0.31410893576263293;-0.1628665044530255;0.24004935906320474;-0.1787848703207414;-0.13752431871369974;0.41022475570138217;-0.10633080004274631;-0.13200044254375654;0.3474460473074561;-0.08752262845676094;0.09913741787806843;0.5399376958961671;-0.5629205872052006;-0.35095039377911363;0.415945855712658;-0.1614168140869989;-0.2611265776955424;0.11529453601253863;-0.04782850684977854;-0.1993956147834249;0.051436278361331446;-0.026113239031782698;0.14428567163971187;0.8747261281624561;-0.46264008221229147;-0.40064239629655657;0.367290422377501;-0.18980890616029567;-0.3073199151901864;0.033481447751978435;-0.04625924143701677;-0.20832631539640636;-0.03366833105400057;-0.02298676396512194;0.10892048818549646;1.1110711355432847;-0.3663275263733104;-0.35164062665451584;0.3418085194322082;-0.17981850059876642;-0.28469229723610273;-0.008075049419316077;-0.03397331208142039;-0.19448276469093675;-0.05799105935474812;-0.0070400378069541145;0.04155728848826941;1.2912413325958856;-0.2877706042799322;-0.2231760881853007;0.2731549156424661;-0.15462181944553235;-0.2003203608895762;-0.03281557149292123;-0.0464304343774356;-0.1497128941438871;-0.06342648082375502;-0.015521124878183929;57.490675021130635;22.871310549077478;2.275467579292274;51.03830144998576;26.275196798648473;9.53528457491319;52.39785862107134;36.74326229843728;15.440585266463327;48.41390358374373;46.32450234065127;15.687522462535881;40.446344876334635;57.642275331924715;15.3848921148193;66.76683214288676;18.180222110659013;10.010240693529415;6.675384796441346
0.9970237395897712;0.4702286621892477;-0.07913112360304869;-0.026526312764310705;0.38646985651095916;0.33004318781742487;-0.1160764661261227;0.22118715069218473;0.49702333669603166;-0.08190320690730055;0.10093992604750723;0.4691589183029812;-0.06909331167143828;0.788643514621688;0.18982288942225106;-0.618823168600204;0.48874645647067627;0.8901573254528232;-0.21116499436014155;0.2211112535091718;0.5756099482819995;-0.019022329725098177;0.09230358226384065;0.36439800609778733;0.04693430543455946;0.5139246582237745;0.5600682741883274;-0.6497730172277738;0.5263968681699333;1.0086806875246026;-0.22191890493394506;0.2284002121706782;0.4106050200077891;0.07838042922435275;0.04174271930095793;0.04579167988192337;0.12495728096322677;0.2539688650003879;0.9440253076498839;-0.6445918822891251;0.49964990813964966;1.0153943005326156;-0.15652410602333128;0.22965182115899932;0.27841896797763077;0.156189508118112;0.06993472330575207;-0.09808679179339587;0.18287567139910815;0.023199380942991125;1.2792778080621627;-0.6299754377779241;0.35809415656788907;0.9006911252155699;-0.09012261099562514;0.2250158348682717;0.20332563819773483;0.11282636834370305;0.11014124873284974;-0.11479066262033306;0.15142295574856415;50.401327403808196;25.421056898974353;11.726972850246716;49.655196705434626;12.59988327387311;11.178484407599736;32.317064024639606;20.563688108850123;54.97620089647889;27.525092635435616;33.87733535418286;78.40127023955978;28.736487168795385;36.39648496153192;74.88764641780196;40.18646375417217;26.418744436994736;22.976239657412734;14.107767155004098;0.9917038417926112;-0.19318377823499785;-0.07869293427319352;-0.3130058465332846;-0.1666596280934005;0.2448691458563341;-0.17851113181748962;-0.1407620352439299;0.419727770671425;-0.1059875286678392;-0.13440659452564482;0.3487827427561259;-0.08721838785820629;0.09670506307765595;0.5354645266617547;-0.5659485257242673;-0.35211010409176674;0.4249122338679369;-0.16435461723724729;-0.2627757437133864;0.11949071511788292;-0.04939237289672619;-0.20117397997089892;0.0547275995203689;-0.026747849849031096;0.1450728556828514;0.8726799608229944;-0.46624409113896526;-0.4033570685789177;0.3841878989708273;-0.19159493889300594;-0.31112067035565194;0.0366505455624408;-0.0453643269176932;-0.20997112189449824;-0.033846395593282855;-0.02227135868394901;0.11256140643300427;1.1132712912740692;-0.37053692455428083;-0.3559767889576063;0.35407433881425415;-0.18107406967267642;-0.2878213483672185;-0.0061034306594004665;-0.03351758255919811;-0.194827729835405;-0.05786960597241061;-0.006573739356145426;0.047437994875453166;1.2983588024032502;-0.292458810398015;-0.22484339060213845;0.28389711596832623;-0.15560283602875005;-0.2016654836771628;-0.030884161146190373;-0.046945426240141815;-0.14995977311555936;-0.06461439361362281;-0.01587831888109652;58.06895721260464;22.772091929242034;2.488873089308684;50.67260431790378;26.11361324553638;9.441148392708667;51.57689602081327;37.331746572709754;15.913264384763355;47.970098597717566;46.56032102240753;16.013929338108568;39.77375633495252;57.87499874160177;16.19322853874191;66.80181174602833;18.34624459854869;10.049148855301045;6.65849670956961
0.9969532892496468;0.4736185336460558;-0.06834278228144289;-0.02215065457309833;0.390469976243098;0.3337791999324589;-0.11771661709184972;0.22076928637273813;0.5014209421654432;-0.08542189589796077;0.10074029015565047;0.4694362611957493;-0.0722488531245465;0.8099596182953462;0.18564160053973933;-0.6163081990700822;0.4862091827742333;0.8975614022321061;-0.21380383931474606;0.21298743730082403;0.5887940145854527;-0.021640967222973533;0.08383124592286713;0.3765907059123577;0.04548976505036538;0.5307522989995357;0.5417150175129849;-0.6518027592052781;0.5256102285342623;1.022578192929995;-0.22601121369905472;0.2205805316299789;0.42492780585417445;0.07689368203880623;0.03560102975082924;0.05913790437272986;0.12457472379323975;0.2640177204809177;0.9219617209459389;-0.65104579001351;0.49763981233120846;1.034382960838997;-0.1602180805610424;0.21956656930294058;0.29449730846815086;0.15659296982976598;0.06291080569233824;-0.08771674682952213;0.1841899079593009;0.025211001343489456;1.2618085136984196;-0.6404849891713971;0.35951338186949033;0.919269671747823;-0.0903267894990961;0.22157129538995732;0.2079333564961511;0.11493305782305845;0.10744668521871527;-0.11378615012781224;0.15312665073863005;49.26850355797445;25.55842907894957;11.520583333261683;50.09430093431806;13.000347136247829;11.375306010379731;33.222720501783755;20.246538211268888;51.95419404522011;27.709189115505367;32.851685364892816;78.6185055164589;29.006101987587734;36.026265935872516;75.55257152876014;39.10539999210272;25.707951013822914;23.384285532534797;14.674420337977661;0.9912204057717202;-0.19616583165457246;-0.07680369205536507;-0.3133407636729126;-0.1708100352293022;0.2514284105238694;-0.17907545868213776;-0.142657817683696;0.4283591267161043;-0.10640938520077602;-0.1354334915499397;0.3513322602326689;-0.08774948229960114;0.09392204122401766;0.5337043555966391;-0.5691937825842098;-0.3541119848849438;0.4356586890569131;-0.16808523857901697;-0.2645887315648915;0.12598003758571302;-0.05223623621661682;-0.202814606385975;0.06008541088263029;-0.028069719770944003;0.1475597537682654;0.8705709408454324;-0.46939573498631987;-0.4068471827818536;0.4032836085578448;-0.19403508390111654;-0.3140598111208565;0.03973844556825463;-0.0452969543785598;-0.2104867871423431;-0.0346203917312725;-0.021754968273781372;0.11901089178694382;1.1143348990814734;-0.37379375220150834;-0.36103567596733754;0.36846614789689786;-0.1826702032775662;-0.29051306514809483;-0.003290332462249442;-0.03369572541241849;-0.1947287537190613;-0.05775802044110483;-0.006155556684047301;0.05642300080889383;1.3036462227807104;-0.29583853981099234;-0.22867883784949203;0.2973334602896909;-0.15640529190150093;-0.2031089113099558;-0.028242452513582227;-0.04753886746160836;-0.14971766910203452;-0.06566923483749523;-0.016055949329785997;58.1415773992651;22.55818690129732;2.595190326356831;50.182198324070114;25.572105140998758;9.210605633485168;50.81643326154052;37.91530008171412;16.589855501402432;47.60359543280817;46.67202103766851;16.5598598995691;39.26644729283558;57.880806843637735;17.235223308552065;66.37078568476998;18.413988772724043;10.08157155670803;6.65557033475959
0.9967998565293128;0.47495358043962144;-0.051964777840308556;-0.01577724778239695;0.3928363970119655;0.337340279294819;-0.12247417314216336;0.21689149729105028;0.5092775480146029;-0.09172277231847763;0.100413576631438;0.47555586638540276;-0.07873894304503846;0.8297079951721313;0.17881292644313018;-0.6204904772596749;0.48054546210113175;0.9136963266558976;-0.22088920940538487;0.20239601058735557;0.5980769350282578;-0.02818865827738122;0.0738180914788886;0.3909487353901823;0.0417659461928659;0.5453375030711284;0.5151315971282715;-0.6612461307139901;0.5244423216103781;1.046099695516296;-0.2329867829606209;0.2085540256719818;0.43164335084927763;0.0775681486925344;0.025135080165847843;0.07470420388941783;0.12579056786633844;0.27124304935081045;0.8904769857094417;-0.6654197194639488;0.49542988890106765;1.0603013966377226;-0.16533981477693177;0.2071200845934695;0.3037876332249021;0.1591419761711304;0.054823302718565184;-0.06972336466535776;0.18699293799616132;0.02317622584641033;1.2388233024763573;-0.6587586975204405;0.365947043303303;0.9352097624959658;-0.0829092208266135;0.21441180684092354;0.2022587847930053;0.12414826978765756;0.09999857736027407;-0.11153005523523422;0.15753333669976394;47.763557605047154;26.042450397415024;11.000168493896247;50.95832098803215;13.074310043105259;11.703466756319292;34.86972010795591;20.468541199883596;49.05143893645811;28.498626636664163;32.71811590091981;76.09052098986544;30.23751938432477;37.01964037686273;74.61945497826376;38.275339800935264;24.739933780566425;23.837631497596497;15.435424390547908;0.9914566465967668;-0.1997260386588315;-0.06797768409246978;-0.3163770900758543;-0.17552536514184044;0.2610946439599929;-0.18120451396257314;-0.14197496102208945;0.4351221747031536;-0.10826223160098547;-0.13383411264332118;0.35610092849614355;-0.08984103067167466;0.0905508332366514;0.5371032635785009;-0.5727638084991148;-0.35764876747973606;0.449479228357267;-0.1732125899979786;-0.26666309478747124;0.1366216379639932;-0.05741817352772501;-0.20415277063892784;0.06919789745189674;-0.03065231130025915;0.15318507701660164;0.868398535427999;-0.4716124636244509;-0.41170755399946196;0.42602335731806856;-0.19764425801004953;-0.31529829315037683;0.042592638543738674;-0.04679098538559213;-0.20886091260028605;-0.036497300653896156;-0.02162714603580318;0.13058510057299608;1.1132286621559948;-0.3751701967803619;-0.36732448111557275;0.3864887365788737;-0.18486648247668;-0.29231021675255;0.001035183233161081;-0.0350638542545517;-0.19379567344142817;-0.05766794592049494;-0.005838981692822135;0.07102384777316946;1.3053464181173193;-0.29666391157013533;-0.2365003135518724;0.31549633334797256;-0.15685024926768854;-0.2046998934956062;-0.02433108121587451;-0.048264654122081856;-0.14856031293428026;-0.06644571886881392;-0.015890520131523558;57.2750655099124;22.159722361468404;2.4592829887651857;49.45733924928203;24.36860967693939;8.733979858609555;50.16156206471353;38.49044987440811;17.652007760638174;47.383841180909236;46.55314695812784;17.507872023635304;39.08163708442501;57.474440086346384;18.687552061436655;65.08669568390926;18.303688814499157;10.10027574989684;6.6760083554673795
0.9966464238089788;0.47580493819965086;-0.035658376707164076;-0.009436137155767013;0.39479324445115077;0.34053812375296383;-0.1270737442878256;0.21282664458511913;0.5165670907941832;-0.09788469910978406;0.09998919181124838;0.4811551259600341;-0.08510160504001069;0.8484801574226666;0.1718573986252328;-0.6240224791672598;0.4744452181614412;0.9287985131202473;-0.22770091199214879;0.19168256862097183;0.6066934922334908;-0.034658896556539684;0.06380678310663628;0.4048087063118973;0.03802854027888403;0.5592689786663586;0.48823481271641456;-0.6699589369157306;0.5227602370281729;1.068400761689536;-0.239677448350971;0.19641017825004262;0.4378778492637986;0.07816018093086656;0.014722936037627853;0.09007870151031487;0.12687180989827673;0.27814344267052904;0.8583415242799802;-0.6790217654499929;0.49274257182479214;1.0849671708910436;-0.17025807364883774;0.19456085327965383;0.31270500704926696;0.16151307554450903;0.04674207607534736;-0.05179605010933762;0.18958837352145147;0.021133672669755497;1.214775939183048;-0.6762377764776126;0.3719672953897431;0.9500971301289257;-0.07546487237775701;0.2070924580131506;0.19642528172895193;0.13317023495220373;0.0925068781962471;-0.10917974322216274;0.16174972054695266;46.310425722508434;26.51179315197156;10.494317896864391;51.81560027183134;13.171175305632747;12.011884215783578;36.56241946714251;20.730546718095752;46.56210877067259;29.425352828102945;32.63652702284346;73.1728471242663;31.49365776767298;38.09426003474;73.559005576204;37.60619096220754;23.788709694017832;24.25653099893402;16.211166761539054;0.9916928874218132;-0.20329425539535342;-0.05910841556566048;-0.31941417791138693;-0.18025500266300418;0.2707943105837442;-0.18333579210827497;-0.1412830752289983;0.4418981224189478;-0.11011906704562582;-0.13222184401441772;0.36087664372404316;-0.09193842728720517;0.08716041702519889;0.5404954203865429;-0.5763263850876691;-0.36118688897097007;0.4633444037394848;-0.17835623277559004;-0.26873587851569236;0.1473063133532886;-0.06262146487628348;-0.2054885806181603;0.07834925581740444;-0.03324546070599256;0.15882980539743827;0.8661800853703894;-0.47381974697679813;-0.41657308120788533;0.4488495793182838;-0.20126175271031138;-0.31652934483933487;0.04545813744630522;-0.04828991640982995;-0.20721890871626286;-0.03838129152515388;-0.02149783933690798;0.1422069078923947;1.1120710895848782;-0.37653735470612626;-0.37362683108545597;0.4045778305159899;-0.18706514032219645;-0.29410345291550083;0.005380472739202562;-0.03643679370634519;-0.19285026391145052;-0.057575061962692804;-0.005520713673653003;0.08568863491314305;1.3070001504237576;-0.2974807348477859;-0.24434779308372043;0.33372930491468433;-0.15729072620727894;-0.20628965692345946;-0.02040077919844233;-0.04899175993185774;-0.1473914800744264;-0.06722299867944038;-0.015723672603831017;56.39403706755816;21.797816920058093;2.3293202705842706;48.757401677140564;23.221631426591212;8.280123393962308;49.575956741108186;39.01170812786027;18.72045359661595;47.215139321434805;46.402783806644464;18.44935137971692;38.98114924100192;57.02401535003022;20.14849579305846;63.81465172341505;18.2135813860505;10.124764260734562;6.69785516671258
0.9965439321301176;0.47572359447649337;-0.023035942679251013;-0.006283983099989825;0.3956918546670895;0.34305042003708786;-0.1311677041648432;0.20997561381111773;0.5238200124945148;-0.1034319564476236;0.10120279363320034;0.48483607585669597;-0.09083941776948981;0.8629669367236998;0.1675247733073287;-0.6258917293342255;0.47072273321364055;0.9424908607070812;-0.23149541938055215;0.18172487305625923;0.6138137708254641;-0.038646053077182003;0.05452482270530531;0.4137642475909759;0.03512192689557919;0.5707688235339775;0.4659516188441887;-0.6761006130585293;0.5235093251092745;1.0846371586101047;-0.24439462572672435;0.18553377201517815;0.44908989956235995;0.07704140202232217;0.006010088481070788;0.10534385160902106;0.12593349669691367;0.2845081788426661;0.8297334383841537;-0.689309257608651;0.49361604645545454;1.099269628837531;-0.173547524940887;0.1819865997377601;0.32408473440022983;0.1621714300125691;0.038789335064199;-0.03885491053531434;0.18975594334371035;0.02148944992869814;1.1893885778346256;-0.6902825852935475;0.37637786882045765;0.9584270444999176;-0.07196081040043784;0.19916916814116128;0.19538074954681373;0.13762696027176258;0.08564936219465673;-0.10666643500578735;0.16300557901787066;45.211563249998854;26.850942123521985;9.887962711636174;52.47462723278497;13.368468877360696;12.202026782190039;37.921969068212;20.74429199191166;44.01776027551127;30.339598917437044;32.161675225986556;71.6344987856249;32.46990897013044;38.20955201432365;73.63571285971105;36.98169008772288;22.940625791743134;24.51247943974918;16.805435406550234;0.9917746036583808;-0.2091128405033319;-0.05581064827866392;-0.3249252139720186;-0.18715472378874573;0.279452439280103;-0.18857584085113;-0.14377902054366942;0.4525081644808944;-0.11387966341729838;-0.13107984332960715;0.3708310964454894;-0.09596371413069837;0.08000594919238155;0.531103820038148;-0.5934811483930261;-0.36573536492613523;0.48020304547761605;-0.1844475393279963;-0.27113128848068624;0.15998269331459888;-0.06582584768005784;-0.20690094615143031;0.08934129366753153;-0.034739111383946815;0.16166784266211853;0.856990494567724;-0.48931666727135353;-0.4216923192997283;0.47436999586478923;-0.20501263535400177;-0.319362746423652;0.05267700997909916;-0.04764332154772065;-0.2067472825411883;-0.03661367769514612;-0.021166644049995298;0.15179706786620262;1.1071972595490494;-0.39029232683292037;-0.37914678441211946;0.42650297954307376;-0.18925729749472517;-0.2978716647779818;0.013556380837405404;-0.03624478387607148;-0.1930848444451791;-0.05478710885170048;-0.0055072883506109265;0.0993042664987161;1.3072739178655022;-0.30978869269421233;-0.24875840196541638;0.3532352535396595;-0.15827332829857765;-0.20907770835396966;-0.014017944607421068;-0.04917151768760174;-0.1480159359319319;-0.06611420115185315;-0.01602914012641091;55.708963740995536;21.77496626418605;1.8026206954016648;48.42725801766217;22.06651646841914;7.699995596186975;48.87639869888352;39.06597048485249;19.435326064434552;46.65164285603055;45.943727035884656;19.15373929523006;38.34968895312127;56.3751898573192;21.32593697514855;62.050372384164994;18.631180465265917;10.379790345516781;6.820152344460141
0.9965393689011331;0.4745457642751477;-0.017378532565628695;-0.009148820192432324;0.39514689676690007;0.34474985074184156;-0.13449465663526483;0.20970212144507594;0.5317388695022147;-0.10796933909172042;0.10564575051821544;0.4855787033214109;-0.09553082023480856;0.8705890311209102;0.1683653847582833;-0.6254989696958116;0.4721336552590368;0.9548486922822931;-0.2299279890351852;0.1734357153599521;0.618973657249784;-0.03800998581401168;0.046685313476111046;0.4140585678791984;0.033827608342207785;0.5784891684836351;0.4529932867644427;-0.6783416278642053;0.5295698598282121;1.0909648639790581;-0.24573595578031024;0.17729491202914727;0.47031889820161604;0.07280399986188774;0.0005010195980258593;0.12056284913158986;0.1213627554993988;0.2902645523397835;0.8089031661306428;-0.6943167931863053;0.5018887750802502;1.095579306826594;-0.17401103667120274;0.16962608350504563;0.34056666368319155;0.1598274877468611;0.031125733192835025;-0.03535511449587014;0.18561118401255092;0.026396164712726756;1.1631073487896404;-0.6988264400255962;0.3782816625153615;0.9557368876370345;-0.0759809991508953;0.19037752661561014;0.20363402599699873;0.13367378184143758;0.08010034190418967;-0.10399203597646998;0.15890882231015663;44.703138609430205;26.956631761857405;9.086490518942215;52.75891937866871;13.734920146313467;12.217258164924102;38.5830111828593;20.37416831143151;40.94213712649744;31.02887214002405;31.05651392872119;73.15170850361285;32.88106920632982;36.39828502283559;76.09329717945714;36.19368745795747;22.269658755355255;24.503464275934707;17.026371677582706;0.9915592636711266;-0.21912285133290038;-0.06335136329777966;-0.33489478414165785;-0.19813297832301263;0.28575805655170033;-0.1997188706399171;-0.15236585551447573;0.47012735505364556;-0.12126411613833132;-0.13065789838917166;0.3905510143194826;-0.10368964529714884;0.06524459309867157;0.49567778147489294;-0.6367128859408928;-0.37179226100076745;0.5024519379274874;-0.1922070251276066;-0.2737944790238753;0.17649579161630974;-0.0650406856618202;-0.2081789646481512;0.10395581119689151;-0.0340372257188327;0.1587831121719749;0.8327272015851418;-0.5304274983719836;-0.42675681060758724;0.5048045766336497;-0.2087718226305177;-0.3249161229648421;0.06846917311495532;-0.04269902825710297;-0.208270521414817;-0.027588420715715222;-0.02040345259736542;0.15728457407871183;1.0933390832836427;-0.42801082120980116;-0.38264078949878244;0.45561505835237703;-0.191186846612258;-0.3051354276628829;0.029345867955296732;-0.03291920807063687;-0.19536162122228512;-0.0465843077190859;-0.00608531339367823;0.11087485084575728;1.302928906189303;-0.3443964199742409;-0.24609844911150017;0.3749642094661459;-0.16010318582204666;-0.21395129853037484;-0.0027136387709208567;-0.04820501068687316;-0.15195944139754272;-0.061185552330379804;-0.01724396715912747;55.42919618255194;22.331589902732627;0.6280233436730707;49.01888754854518;20.867442302327568;6.855369493739848;48.056073028234316;38.295816040045246;19.40276090001156;45.403005524790316;44.923825000438555;19.36082258836237;36.6877323736587;55.37284215767105;21.950635165679987;59.28695368849158;19.97216171880669;11.100463375951499;7.159521259283259
0.9965348056721486;0.4732817356630581;-0.011818988274266393;-0.011960037368776646;0.394522321006235;0.34634068346964175;-0.13773130754548593;0.20938609360345511;0.5393949004475534;-0.11240064267341175;0.1099848532651214;0.4861980791093197;-0.10011618712617083;0.8778769558412522;0.1691527684146361;-0.6249717237123261;0.47341234310826374;0.9667680715746668;-0.22833672894228446;0.16525646225930904;0.6239006204778424;-0.03737676200543298;0.03897630219162761;0.4142538886409838;0.032548924221535144;0.5859396795388353;0.44016561046802044;-0.6803888059802584;0.5354014977428205;1.0969318185567452;-0.24699753882137584;0.16916417823267985;0.491059469542083;0.06862636902644748;-0.0049090332274937965;0.13548071408188261;0.11684679459024801;0.2958516580808026;0.788264652065891;-0.6990770964120825;0.5098990653533404;1.091707452782952;-0.17442682844847587;0.15744959348230003;0.3566749473845254;0.15748955228533354;0.02359298522538618;-0.03191029227045144;0.18149900016238368;0.031208615147396306;1.1370358034989818;-0.7070584098008162;0.380065592533166;0.9528788489580802;-0.07991165428053187;0.18170099729347886;0.21169271068706347;0.12976148531043263;0.07463304281861842;-0.10134222579334654;0.1548498202114397;44.198426153524494;27.053630224953295;8.316044654303303;53.0327481600073;14.113596122090716;12.247365621465102;39.23536387256039;20.207371318697007;38.16833247914797;31.7184097396855;30.25649172589868;74.46931516576889;33.30255526864958;34.662951294443126;78.53757988572588;35.42408201151132;21.621274741458944;24.481320663595824;17.242200621240507;0.9913439236838724;-0.22887339456736483;-0.07093845819169423;-0.3443285738666623;-0.20892696576398753;0.29154899820713637;-0.21067816753990481;-0.16081476187948468;0.48708908734159345;-0.12855317450377882;-0.12991428125300697;0.4098575543904799;-0.11137088789270704;0.04994247029457344;0.4581477212263774;-0.6795602278067008;-0.3771234308943083;0.5240874697328477;-0.19971224236099985;-0.27587627924119906;0.1930206655435981;-0.06408037211680458;-0.20899541070765357;0.11870497278273885;-0.03323607715387733;0.1554454990314587;0.8058501555710185;-0.5713512261271748;-0.4309389667150546;0.5348340556448408;-0.21213284885030065;-0.3298420702782403;0.08451111859925273;-0.037524044390727325;-0.20933837659109236;-0.018261783896857512;-0.01957181192477024;0.16254148659262785;1.0765193653607037;-0.4656970901068413;-0.38531631927533017;0.48440443653875187;-0.19271224465470616;-0.3118634755114119;0.04547808606107184;-0.029428483196730287;-0.19723339246893887;-0.03805644941594624;-0.006663971153913458;0.12248410546377629;1.29537257055035;-0.37908945189175114;-0.242783887290276;0.3963693328216319;-0.1616001915129729;-0.21844352702293682;0.008892445799464556;-0.047098642553854694;-0.15564467678673066;-0.055982668569585184;-0.018449532941754703;55.164681244563134;22.862792369092126;0.8023356960865058;49.961631884614505;19.763656179898923;6.0530674104712245;47.54778475063954;37.52379407655743;19.280468366329632;44.386488150712175;43.89565098073539;19.481435533971222;35.20069180589406;54.33261918829965;22.56819001091332;56.5102601670043;21.25711152761317;11.86130323355202;7.536164271293946
0.9966529827890024;0.4727117766498991;-0.009495941902582655;-0.00882065326086337;0.3932168341650462;0.34320202769344427;-0.13678355206515017;0.20906068977973694;0.5414080502268139;-0.11304047684518387;0.1142655240895577;0.4860287762745442;-0.10079837213839914;0.8845848102431364;0.16931192151244898;-0.6174941707146131;0.47439610168025476;0.9767265939354135;-0.22264146783776584;0.16135103354354113;0.621971066977567;-0.03163404002307159;0.03520736076984521;0.4076190662451244;0.03588247111379689;0.5941281280817284;0.4376952350890517;-0.674858984234811;0.5402741042005489;1.0973226908765616;-0.24286475552911713;0.16212635095871283;0.49765699525615337;0.0719896325686347;-0.01108688965676637;0.1395282099720811;0.11899507797753577;0.30469267997618404;0.7848947012090954;-0.695322758124212;0.5159699343832125;1.0846228124601212;-0.17032184708815531;0.14970953305663565;0.36188956477516304;0.16126504373263092;0.018127795357057472;-0.02958688576315188;0.18296122608395418;0.040339280946570605;1.1326310284876944;-0.7052179979757269;0.3840243349380238;0.9454067600846803;-0.07772378693850818;0.17586330691845706;0.21446695488740034;0.13174539206653219;0.06983016546587817;-0.09806104159626199;0.1559108195307854;43.90709769456258;27.303895410386595;7.742769525869258;53.351411147705825;14.272728510823848;12.386499163519053;39.28479557214528;20.722531448694248;38.26686035954456;31.707051230849554;30.5901159685518;74.17231983985346;33.350336400723016;34.1480403952019;78.75899170983709;35.195325462060886;21.446579169186705;24.477596118150114;17.30169947169536;0.9917574948596348;-0.23733520482994627;-0.0783552321004464;-0.34960337109412065;-0.2181762015754547;0.2952512696516915;-0.2169980325214426;-0.1670269950673058;0.499582335352177;-0.13230236085299793;-0.12875508112575984;0.42156753463725555;-0.11550717242960577;0.032494648652558744;0.42802539550988694;-0.7089514167124922;-0.379315727480093;0.5410802395046846;-0.20413085672396647;-0.27672528264803925;0.20727137147322583;-0.06351314662850635;-0.21003998200020854;0.1294965430007845;-0.032832714734322456;0.14617170355400702;0.78722567799701;-0.5990906150009925;-0.4337037340202233;0.5523387123306667;-0.2137464785823158;-0.3326340442611153;0.09876673258648175;-0.03440889214209096;-0.2111002509909658;-0.010798437856394054;-0.019344424068686285;0.1593793838119312;1.0682636027273464;-0.4904500852622677;-0.38683415312848113;0.501487633940368;-0.1931393146385334;-0.31608936689167544;0.05866153037718345;-0.027599714617454228;-0.20009306282027303;-0.030839633476632707;-0.007655782064793741;0.1229770121395359;1.2954243084230623;-0.4008531239221322;-0.24229467625360127;0.4082488718568426;-0.16243258221475662;-0.2220163875249581;0.01664968813027401;-0.04661480530172307;-0.16005034917922034;-0.05136791186017715;-0.019529198827454422;55.232521720923565;23.34688755465368;1.5688132403801702;50.57805026434946;18.848637795252237;5.84504401789172;47.124068217587805;36.343960282924094;19.381776430692504;43.60089666088103;42.69763617405683;19.4309135855032;34.33091676519473;53.32901430958472;22.397034748031935;54.54517601646554;22.36647326117278;12.504814323114038;7.840951359420256
0.996962988051516;0.4731403697997211;-0.012099005313379445;0.003535461565437155;0.39078977371958956;0.332684160611785;-0.12936565000176634;0.20868897401911216;0.5347226525766036;-0.10785069183426271;0.11853306269109612;0.48458508237674536;-0.09548153338280241;0.8904365266067614;0.1684882283651317;-0.5990983220280975;0.47489037644867044;0.9837635503516055;-0.2104891654036344;0.16391507285470094;0.6093840377366355;-0.017910129683433255;0.03741270246881396;0.39029362373820364;0.04637367761569489;0.603552981338631;0.45104523953044395;-0.6574815515390334;0.5437103609573815;1.0890169242434375;-0.23032149284326855;0.15660091627314382;0.48258852822180076;0.08700984651217791;-0.0185744080184034;0.12693066189852056;0.13142113139284345;0.3186869910229261;0.8079110313613042;-0.6783141722951153;0.5191252600034315;1.0723189063650735;-0.15915885575004785;0.14860937925329795;0.3504213446234833;0.174500691663219;0.01572402353879923;-0.028935118142090894;0.1930033967072116;0.05629741541841894;1.1613115512069672;-0.6877674539809191;0.3913645963294616;0.9305693662182493;-0.06607284439037667;0.1742461758607783;0.2091489804724083;0.14282116530764732;0.06593910085354457;-0.09372806278973377;0.164847850959739;43.92939565530298;27.8171137728394;7.444084077186762;53.745118892212325;14.116075058860632;12.708270445822391;38.404009254897126;22.145416782151337;42.42753877863522;30.630180255213936;32.35801878774028;71.60107098869723;32.84607089935901;35.43891322965762;75.52191732273091;35.77934722991582;21.99163379648886;24.505553575358782;17.11802582557719;0.993153977248189;-0.2441971231867151;-0.08553584210484128;-0.34908326329737294;-0.22534120327842874;0.29635793379541586;-0.2163494634649967;-0.1699779144007906;0.5060308692637999;-0.130666849842609;-0.12732676209079596;0.4220220371510561;-0.11419298810528763;0.012143693732387273;0.4117419551508949;-0.7180796300203987;-0.3775086996677653;0.5517542193704251;-0.2040783588927826;-0.2763680140650887;0.21811295468978656;-0.0637706044331542;-0.2120222201989444;0.13404923324446938;-0.033169970442004364;0.12804428161788728;0.7845269826750172;-0.6067306448497494;-0.435365922734212;0.5509244628867457;-0.21313116121791364;-0.33288737654521644;0.11008482701519486;-0.03476812878996263;-0.21453064913097664;-0.006537048067814327;-0.020145327698368565;0.14327228361829022;1.076972092947222;-0.4952712175516937;-0.38756298493001085;0.5008282434598833;-0.19234775490169653;-0.31710386349492303;0.06695904891839215;-0.028556513177005565;-0.20503273098876232;-0.025991534330381528;-0.009305896991469293;0.10601059980996662;1.311348191205316;-0.40251109595417056;-0.24703192005267377;0.40574229338506557;-0.16264298077909886;-0.2246602074371487;0.018096913056418442;-0.047272721475874746;-0.16595471436107606;-0.04795744097841113;-0.020435769134412914;55.78707573435746;23.789358095107094;1.8882909246896373;50.36247039403502;18.123940401312503;6.507681115502274;46.42929388183973;34.535980327034146;19.95282699515515;42.876312693121555;41.237388950556834;19.26129348008297;34.200076580111876;52.41334681149377;21.067434775702313;53.79267858267567;23.311743497465034;12.9282516769889;7.987364112328373
0.9972729933140296;0.47329965884774633;-0.01468743109131427;0.01585262562096373;0.3881485979311539;0.32200928723164646;-0.12189664691740049;0.2082001525647907;0.5277543386560378;-0.10261533084889865;0.12272069414193883;0.48287119985461;-0.09012650540373035;0.895766334201002;0.16757155379813823;-0.5804181071365118;0.4751141593739107;0.9902221863344264;-0.1982539645492973;0.16637859112051234;0.5964894457924256;-0.004217111776083462;0.039590256234032735;0.37279889700763247;0.056807243104841365;0.6126077537527646;0.4640998178208859;-0.639783634630187;0.5468283437296396;1.080119092462419;-0.21768526628023607;0.1510032934787;0.46729174520077466;0.10193585712513971;-0.026029014790300387;0.11429888066292662;0.14373558078540388;0.33245892699747537;0.8304008747386945;-0.6609721981319865;0.5219770785576342;1.0594443496261978;-0.14793908506283723;0.14742833160388696;0.3387889122950374;0.18759791114984256;0.013318532351162553;-0.02826890843712908;0.20290620688786629;0.07217593977598842;1.1892484569455115;-0.6699794881688493;0.3984612099057369;0.9152491951618011;-0.054419312553307314;0.1725351742334597;0.20372843038947114;0.1537829143756495;0.062022318648325955;-0.08935494605931284;0.17366477603251868;43.92801967781466;28.350024148594986;7.15339489937043;54.12783428603564;14.02426975520678;13.08270646679928;37.52540404696955;23.65322333738503;46.41742211711034;29.597895741124812;34.15966756865197;69.02552254704743;32.40696375616498;36.733908407912274;72.29157787980132;36.348567740202235;22.54655042869288;24.51487945027779;16.927284410851623;0.994550459636743;-0.25101989527380325;-0.09274336995699553;-0.3484193426394491;-0.23247716567548485;0.29735567433678506;-0.2156089896828432;-0.17288605950672914;0.5123321905540061;-0.12896525312920104;-0.12583545325789686;0.42231189152443604;-0.11282202904671483;-0.008385198719299476;0.39515561227256546;-0.7269987506092037;-0.3755355632058404;0.5622986674216479;-0.20394392589195093;-0.27589735286009226;0.2289596548356115;-0.06400478830510067;-0.21393665703442305;0.13858711896486758;-0.033496849772306284;0.10971155449403222;0.781492072156108;-0.6141933864571123;-0.43686840667173465;0.5492782003791188;-0.21242550701033033;-0.3330099412472603;0.12145522691231479;-0.035116537866299743;-0.21790456115150522;-0.0022368041411119106;-0.0209449991110852;0.12697098088347683;1.0853246145549436;-0.49993559221351347;-0.38814326134072735;0.4999632635913639;-0.19147265818070694;-0.31800036872648674;0.07530040254568869;-0.029510046840428135;-0.2099325421786881;-0.021091822783768026;-0.01096633059061159;0.08885755495717786;1.3268838870114326;-0.4040224463069965;-0.2517108149046888;0.40305238276057936;-0.1627902253375811;-0.22723680649864883;0.019549220778604444;-0.04791735730703026;-0.17184303137256593;-0.044498813978482224;-0.021341889965047874;56.320805217773014;24.233244782478756;2.2074408848580496;50.261711292299914;17.42939665641207;7.174683848663839;45.735985416812895;32.75782324380746;20.52811545648606;42.15676636885985;39.78921958410017;19.13460868528502;34.08453913507429;51.49799273153275;19.810833566177116;53.00529591850866;24.261510476620444;13.355890980728153;8.130875761031843
0.9976355090168952;0.4744483139077388;-0.02112345408775512;0.027136901444967006;0.38426736127400357;0.3115706856040631;-0.11384701054493451;0.20780574777565922;0.5202979078082051;-0.097012960706939;0.12235325799243331;0.4800496824400314;-0.0850342165874995;0.9003392090708133;0.1705841269567039;-0.5554764665190259;0.4715651747542981;0.9807716391617453;-0.18464212172806843;0.16659112275288726;0.5792138271519494;0.007346595225653564;0.03908426173353104;0.35589544393487094;0.06510765703271691;0.6231339741580909;0.4824145442621558;-0.6156137244525013;0.5479106462034968;1.0613431497645764;-0.20166323813371534;0.14688780965994214;0.44750545390401025;0.11202380566558398;-0.031225108435082943;0.10322851233322365;0.15067038913297098;0.3493481797439813;0.8565358682986786;-0.6371820699102742;0.5222531573620673;1.03348109426771;-0.133857498834904;0.1445304281248544;0.32029185015452166;0.1946868392995833;0.008727720707941212;-0.03260303103140048;0.20659250416629743;0.09326958253617353;1.2168697181789974;-0.6460160387580222;0.4035277371225956;0.8906236276325253;-0.042050742073655015;0.1696289526935724;0.19375816983468847;0.16085173980219233;0.05819333629151857;-0.08746256226884214;0.17816985552148562;44.36183080143666;28.772504778220583;7.364443707901628;54.04768383961152;14.09385948131764;13.668726346679554;36.193631279575875;24.68720376722486;49.30806143010634;28.28871620957659;35.66532586111306;68.33898463856771;31.79969206532508;37.971384797256974;69.89849240504496;36.73926410322944;23.15045524314616;24.372161838394653;16.58954414774553;0.9957293669889912;-0.25603560940126824;-0.09476459019320786;-0.3519029080902601;-0.2381244608013286;0.2947651719920052;-0.219610413211205;-0.1756608127014042;0.5141687459449135;-0.1310344137843017;-0.1274584782822996;0.42472519553514826;-0.11515875094862185;-0.027716552630295262;0.3735421714989599;-0.7496055973324426;-0.37838957597092565;0.5686169906181674;-0.21038605251118356;-0.27460516495154047;0.23750942470300165;-0.0672431845610723;-0.2137978853376856;0.1434540475419038;-0.03526678444003075;0.09277233982483149;0.7666184214721469;-0.6353656339643966;-0.4362383992337024;0.5543124548034079;-0.2185621554060608;-0.33215572992454045;0.13457317237714778;-0.03695276906521851;-0.22021804953833468;0.006023417894211862;-0.02251243598879458;0.11201669355578962;1.0783937328601245;-0.5185106185829695;-0.38706673368292743;0.5005286598494929;-0.1935848230321963;-0.3174342828820464;0.08894719849475903;-0.03120759780035664;-0.21360746496077807;-0.010908747771141262;-0.013395277935675657;0.07430475990189604;1.3252169276733436;-0.4201063063479246;-0.2520259498013835;0.40309625259723214;-0.16424168074736262;-0.22653655229266997;0.028030517209762393;-0.050079690704695444;-0.175248301601573;-0.037537938334687014;-0.02392448959206902;55.56074471916193;24.829245343734545;2.3195240063156284;50.54241767815673;16.436058073788338;7.4128866684231625;44.87190475512814;31.20174374509898;20.380425215655393;41.368819598991216;37.67079838967102;18.6079030540857;33.41871981331019;49.31982529962326;19.43932768343339;50.879893008166896;24.902946409403572;13.911714230324229;8.385961180723644
0.9980744334253872;0.4766585985303551;-0.03295088402460626;0.036784033505722145;0.37839548818929647;0.3013828141970492;-0.10499178113133287;0.20740434244097805;0.5118732512157814;-0.09089028471063833;0.11540614039924207;0.4753452309037724;-0.08032190919782692;0.9031379507542113;0.17904288993575637;-0.5215298437190969;0.4623466448653603;0.9480544697549143;-0.16911039405708622;0.16347217129021305;0.5555007463586134;0.015719463164256403;0.03472895846136069;0.3398006450592833;0.07021276022938278;0.6351844358906694;0.5076578625308216;-0.5820860993125413;0.5456882020193021;1.0279666939326875;-0.18087402693227603;0.14483564227607285;0.4212521080302619;0.11500175557593502;-0.03311074285935112;0.09445445299633638;0.1497357085321004;0.3702214097705403;0.8869312509017663;-0.6040481398428459;0.5184825165537199;0.9884490193175676;-0.11577924518888641;0.13911841597185695;0.29201284589632787;0.19297642750421307;0.0010720951965265402;-0.04399179780506418;0.20121759736244826;0.12146678215642247;1.2428276509509923;-0.6130937447005904;0.4053484247206133;0.8524100196912443;-0.028790857607918236;0.16493514053948646;0.17728843671689526;0.16216303284865438;0.054497551017345804;-0.08907151993480611;0.17634039981405633;45.39620387246017;29.016403688019327;8.2991333686603;53.30296975903171;14.32453201509852;14.526508412792989;34.23296111143258;24.955741914001575;50.93982472586246;26.64337175566689;36.8029938210387;70.31455957046599;30.979153236212753;39.1859865512221;68.59921114524614;36.91898044570999;23.80657964632536;23.999314321849205;16.04933371898734;0.9965916777408476;-0.25793901758213905;-0.08905945732610726;-0.36081015598025834;-0.24114069845850397;0.2865321754505937;-0.23010020117424684;-0.17792048273324546;0.5086713008122982;-0.13834960354116874;-0.13338538595169447;0.429520239899968;-0.12267044492761965;-0.04495220857906043;0.34437405494295886;-0.7905820311883158;-0.38762440407310295;0.567790898851338;-0.22596089920743653;-0.27170627222697724;0.24220675140940873;-0.07469416154890032;-0.21033786071015206;0.14849577601219685;-0.03905209864055738;0.07798587521754231;0.7335540062244952;-0.6751420022621515;-0.4318294907040014;0.5681117906646224;-0.23421013856042167;-0.32937134137434415;0.14981116643531314;-0.04086578686557032;-0.220605108747903;0.019902477240630722;-0.02513620338476525;0.09908539313424551;1.0476427997743802;-0.5562079891674211;-0.3829878791645704;0.5023778419751664;-0.19970406736005875;-0.31424983882620444;0.10995322712592052;-0.03391115675647299;-0.2151052826029124;0.006814179686787757;-0.016882184438776822;0.0636510214530242;1.2964649208935954;-0.45647020564121704;-0.24559110720587427;0.4064817796829876;-0.16730859349439076;-0.22072390149100554;0.04655709009313421;-0.05433637759265553;-0.17471087869748622;-0.02553469353471316;-0.0288668667700877;52.985879748017574;25.627048982443945;2.1386404272997526;51.19534278566758;15.011490352201113;7.048660383017668;43.898196821609815;29.973239812285158;19.17913395198687;40.523045606398085;34.663436921271796;17.449372703253484;31.97144606995036;45.27009546841539;20.26893730093251;47.04701883333289;24.957779513269667;14.61625654658724;8.809191102262165
0.998513357833879;0.47793791540308345;-0.04441206856673777;0.04611427246544938;0.3719817763310216;0.29090588932734884;-0.09617306321799833;0.20663310209773972;0.5027280748657704;-0.08475931140672299;0.10842710172786471;0.46989102403067795;-0.07558420847922542;0.904208683837029;0.18695469956489136;-0.48750495853883297;0.45251891603534883;0.9144453389139131;-0.15367027956652315;0.1601341931907475;0.5313825034458762;0.023847004250254322;0.030422611508731157;0.3234991092621803;0.07505713868102011;0.6457588671896168;0.5313177852140628;-0.5483583650872902;0.5425228683873234;0.993568829311031;-0.1602908144214002;0.14257102739854866;0.3949053928169486;0.11769187831948677;-0.03488691880517328;0.08573412330919451;0.14855070107217205;0.38987619740161655;0.9149147272321593;-0.5706636593938418;0.51385889395613;0.942769376477095;-0.09795622102579916;0.13359131773828706;0.2639297749032634;0.1909564789814456;-0.006387532653919247;-0.0550054220954421;0.1956128044375228;0.1487121707903477;1.2658359920844349;-0.5798988452194981;0.4063789451576419;0.8136219159175615;-0.015821074378530184;0.1600603433688309;0.16091958016661972;0.16314313967751784;0.05079742802351225;-0.09047558597369568;0.1742349829318293;46.341254835565806;29.268854373972815;9.237924276736184;52.552823350502436;14.573399731530193;15.44032688893812;32.32592759080234;25.26422598993549;52.58852199179895;25.178219575800735;38.092275730687504;72.11522913229084;30.315272301589644;40.47959089785952;67.16617983973899;37.13793717421256;24.441298940320753;23.589009514135537;15.517801651538054;0.9974539884927038;-0.25908556539372773;-0.08317672802961773;-0.368576513163857;-0.2434330904443739;0.2775945889468939;-0.23979911626633635;-0.17964562867265718;0.5018030241560016;-0.14517600789751248;-0.13885586202799605;0.4330335686633673;-0.12973525167416575;-0.06183350981196078;0.31461274520903554;-0.8287762213749909;-0.3956379545068848;0.5653647700839683;-0.2406896982784824;-0.2680746568877722;0.24615508502309438;-0.08183516626728532;-0.2063266092960848;0.15304985125821108;-0.042676802017116794;0.06317274050416719;0.6988435103821052;-0.7124794403026726;-0.42625343746014205;0.5801177107687168;-0.24898770729158837;-0.32568911887209123;0.16442359404951679;-0.04461136757609753;-0.22036118442182134;0.03354242401512038;-0.027654127220234876;0.08604314642828584;1.0143242238496324;-0.5918312224751526;-0.3778761074760731;0.5027773676023924;-0.20517619289365405;-0.310215727464821;0.1303708658539172;-0.036482926244202;-0.2159731031368548;0.02428454334023095;-0.020275306499908313;0.05295689700641802;1.2644130199094463;-0.49106048703475597;-0.23854416719631483;0.40866950377325933;-0.1698604664881981;-0.21436151733408368;0.0647077667054476;-0.058382886666026715;-0.17368484713589855;-0.01361696378857821;-0.03366230339228384;50.47433092665114;26.396617574896478;1.9712808727200657;51.777830559804286;13.645518215488883;6.713417352202323;43.13297118651855;28.811623852751016;17.99512162727274;39.75382307985308;31.825396492809002;16.31866525614641;30.587946558548786;41.22953198895768;21.066693093603998;43.49902144729387;24.83673952735645;15.265930419511681;9.232351024225347
0.9985085571907892;0.47979254985712316;-0.053771334931837715;0.0445827271981602;0.3693418636223517;0.2913068164929944;-0.09052286601984487;0.20422581297614725;0.5024600834240975;-0.08006745837694694;0.1042079073651287;0.46882719057701067;-0.07070736818639574;0.8947627138119918;0.20219117851638102;-0.4644988066521446;0.44738880894406746;0.9053673422361483;-0.14310102663928997;0.15926341464913432;0.5125091961281169;0.028239757750878332;0.032251253096306845;0.3119919382949382;0.07592006937470588;0.6424950188473497;0.5601623864222139;-0.5228941112635653;0.5367181001650396;0.9830695825749629;-0.1477250881959254;0.14346902304192993;0.368664096079179;0.1178763773753684;-0.03143905136973438;0.07252599892415879;0.14576875569990638;0.3944001017916095;0.9450360943535137;-0.543998580196989;0.5096142884989607;0.9214776911170159;-0.08658002771210457;0.1304538345240796;0.22473713742022092;0.19063342391559074;-0.009719833192257006;-0.07420302502799968;0.1919003968868804;0.16095509127345192;1.2885290574691244;-0.5534952883084597;0.40296576683575686;0.7961204143254204;-0.010690094867836444;0.15821374714184985;0.14314381377356025;0.16053951994144597;0.04865483997183881;-0.09461353041869994;0.17036523297271305;47.29978979310965;29.293047608049235;9.485029232511097;51.71099966803562;14.279279224963041;15.43469853484104;30.565481267694192;25.18428567385444;54.84735470079604;24.035242665219627;40.9797531168279;73.69364723921402;29.47537626330765;42.38319502683964;66.36055330961705;37.0814811996794;25.11335605220175;23.01934927295426;14.830781818101899;0.9978300892826564;-0.25983347418184166;-0.0775873482861373;-0.3706652434985835;-0.24561961677591987;0.27522143702507385;-0.24291880654034526;-0.1787695985756472;0.4977945622700225;-0.14710385641246954;-0.14446241119580952;0.4317623198970744;-0.13218223735777332;-0.06918594602245921;0.30048315018539645;-0.8434650034949963;-0.39963043523884106;0.564923106240143;-0.24659235173424718;-0.2672053760191298;0.2508845381990264;-0.08448607419076909;-0.20629345806153349;0.15939501486907517;-0.04369301324842401;0.0586878719852185;0.6844505536086598;-0.7266933145052634;-0.4248736325930728;0.5883956451735719;-0.25537543568956567;-0.32433101737295306;0.17361692628477327;-0.045736876800778925;-0.22130768789975727;0.04038386647826446;-0.02771311708825112;0.08268775846041322;1.003039982365917;-0.6051257827034452;-0.3763699184627495;0.5093622760357479;-0.20716713602340073;-0.3072687614017569;0.1388907472867551;-0.03743975805288889;-0.21570767885369163;0.03144556058984576;-0.021011666829445386;0.05160157569085097;1.2550091941464614;-0.5035883789702538;-0.23808338737439289;0.4126470646896947;-0.17035095048181242;-0.2122331781483267;0.07523365280080427;-0.06015986867151952;-0.17364602946533556;-0.006118417496692672;-0.035239884660737596;49.214563358928835;26.689735517036205;1.3694712809072038;52.0853507263359;12.893400576476655;6.414119011423911;42.92521247665508;28.08348258880654;17.683151611084405;39.34637539254474;30.820066226532855;15.965088800622688;30.26161239528435;38.86056568397304;21.24551058142129;41.83422770983213;24.905031956460657;15.594088512141308;9.408571619274875
0.9981167205520418;0.48207783017080874;-0.06149387146878811;0.03372425261459032;0.3698077325106185;0.30096085481234724;-0.08746099774760482;0.20033443748952437;0.5096797784852877;-0.07650446010546116;0.10225103776997635;0.47140561362631717;-0.0656079828393091;0.8759706296355181;0.22393168558078358;-0.4504023599378138;0.44609340548262694;0.9169238927983678;-0.13647538687307906;0.1604551461950629;0.4976736043394581;0.029513165385647654;0.03935421544629578;0.30431214887018104;0.07337844230255594;0.6272077550638976;0.5938591627119103;-0.5039263109332696;0.528442586143942;0.992622366437598;-0.1417566987834038;0.14705989939384959;0.3419581786634566;0.11589778098182758;-0.0234536067870358;0.05522275871932775;0.1415409299345306;0.38598727540044453;0.9773506164066106;-0.522483091338528;0.5055146007922804;0.9204708073513689;-0.08049179498452516;0.12927664818442267;0.17527884298663138;0.1917178535197104;-0.00958128113814457;-0.10073774830172684;0.18970023985268736;0.16055917152340504;1.3111124957787288;-0.532305761309859;0.3956091611396665;0.7963456352202966;-0.01216729155716503;0.15889178472409143;0.12381012771636667;0.15479107531927053;0.04779540535786751;-0.10114682755179295;0.16488158067244416;48.38889617580081;29.118283524262928;9.135304731740575;50.74518263149746;13.516385867797768;14.5623647835181;28.891081628130685;24.926706889521068;57.91136381643993;23.11196653438228;46.26781995019597;73.73457206941356;28.39411630718057;45.06190220442304;65.99321665878405;36.93547037575874;25.807349871459703;22.29639549465718;14.01608078354854;0.9977820969184514;-0.26071214335954024;-0.07222229204180247;-0.36847888542076396;-0.24821318534945574;0.2790342810450625;-0.24077658264611418;-0.17589482104630183;0.49705710783592616;-0.1450423261388215;-0.15061462263714628;0.42700661238245813;-0.13087623282423097;-0.06850514997409843;0.3001991411346176;-0.8394197504719678;-0.4009138064720497;0.5672099624422088;-0.2453485545863155;-0.26921027297347633;0.256887934593039;-0.08341837068213356;-0.21012165716311978;0.16779014816122165;-0.0425234288651524;0.06325237678850329;0.6886934029383937;-0.7222884005573816;-0.4278916302625031;0.5946860713162794;-0.2550307004187108;-0.3255476166443118;0.17863160646999712;-0.04467334933487006;-0.22372045321759249;0.04152673641587548;-0.025660425309028328;0.08789450654054776;1.012558338058004;-0.6002580108632307;-0.378652655136808;0.5224863587903525;-0.2065230498915561;-0.305730109213058;0.13745281988017968;-0.0370716786708387;-0.21481821763298725;0.029814553411704633;-0.019471220357448984;0.058508487503343316;1.2674496926025467;-0.4979855413219587;-0.24382053074656165;0.4190481354797105;-0.16934421846129438;-0.21413781412788713;0.07950825645070286;-0.06010141263212916;-0.17478059721828476;-0.002288077688572492;-0.03409801057137091;48.992182952177004;26.59568269220404;0.7429038785271094;52.19997906551343;12.643789781525397;6.156862188241319;43.070187304119656;27.68562765977172;18.119892667223226;39.20096253281318;31.29893239279178;16.267406703968714;30.80985773662164;37.90529641978965;20.908027952067442;41.63246103568877;25.245473346415892;15.679542517297868;9.370184816847154
0.9977248839132944;0.4835286938933069;-0.069103308603988;0.022817282413087125;0.3696346641877328;0.31008659243588216;-0.0842508617146198;0.19610064760994184;0.5160129755013166;-0.07281256112833857;0.10011937302588983;0.4731677842363338;-0.06039988814559688;0.8556829171370498;0.2452660581820937;-0.4355408729193001;0.44402892679862643;0.926886899521084;-0.12962004440190855;0.16136876346159257;0.481992015062665;0.030734473340781346;0.04638286068489754;0.29611381038274065;0.0707123964296635;0.6108512416532003;0.626500360564395;-0.4841054211464963;0.5192620676524113;1.0004526996951215;-0.13554889865602443;0.15039363945000103;0.31468576661952574;0.11372084609512097;-0.015434824761830173;0.037839680115023845;0.13707250576301358;0.37691553465368743;1.0079486528038712;-0.5000847561571717;0.5005457534525314;0.9178755174294938;-0.07427004053890135;0.12787730466814742;0.1255622420397048;0.19247028603012648;-0.00942630999417766;-0.12707474941287691;0.18717451369623475;0.15988638105368314;1.3314118894853555;-0.510216135719463;0.38757608089343093;0.7951956632347834;-0.013622155724961699;0.15929486784322108;0.10427999862670649;0.1487805173314589;0.04685421635775405;-0.10749962549814635;0.15911815511858157;49.54929521072365;28.951000609813896;8.797694167376452;49.716715627491645;12.783245673206087;13.654344699384174;27.21776934270748;24.98552823336393;61.32989761299356;22.268979014962543;53.23979794525993;71.5312858249988;27.3326038763313;48.14717059537486;65.34017617098522;37.02549119888031;26.456110525416786;21.533689058823267;13.22218506841063;0.9977341045542464;-0.2615993992328927;-0.0667038136372442;-0.36620942857950023;-0.2508637383690561;0.2829361099788633;-0.23856023614970995;-0.1729295084884898;0.49626900129566964;-0.14291472491996388;-0.1569285993253347;0.42209287864059114;-0.129526005266845;-0.06780128417862208;0.29988902362761083;-0.8352111783928192;-0.4022084981515764;0.5695259231344711;-0.2440553152933753;-0.27125452702486047;0.26304251258640954;-0.08231594422689609;-0.21404344997824037;0.17640831178114577;-0.04131877320173049;0.0679398429326394;0.693012320728681;-0.7177172849113613;-0.4309674983292461;0.6011151519778731;-0.2546609109720686;-0.3267782553669983;0.18377475142702987;-0.04357756632975462;-0.2261866667820626;0.04269883459240259;-0.02354915328881414;0.09324056170832658;1.0222796585533263;-0.5952185852315934;-0.38097582522663703;0.5359433139684374;-0.20584853762338512;-0.3041301594281321;0.1359666055597211;-0.0366911243497521;-0.21389101043094985;0.028136428107401634;-0.017886799225577572;0.06560371966295281;1.2801588626721554;-0.49219683687546123;-0.24970225236691607;0.42560159375139855;-0.16829924249874958;-0.21608236429116678;0.0838967815526048;-0.06003768521018614;-0.17593607552828538;0.0016488062466309941;-0.03292234631308537;48.75154567511513;26.51455096965105;1.4117715049203132;52.3165043993497;12.40430772269227;5.937980668068484;43.217680242801144;27.285596465462334;18.56757741918011;39.056373427544365;31.788273775687262;16.588225023709924;31.35957065468617;36.94828347315134;20.55540240203733;41.430013727502285;25.595410740930262;15.762393094065747;9.329499013639525
0.9973762838016944;0.479876758681299;-0.07804367124736697;0.01585010071145774;0.3672867141127755;0.3097257328386137;-0.08278927104117603;0.1945891773153264;0.516377286857211;-0.07062126117813178;0.09802018652114097;0.4707417189484317;-0.0586368715805503;0.8333632384917118;0.2639866695124199;-0.42885347401158275;0.44387405898628135;0.9246025461509361;-0.12353494689834289;0.16395603067160494;0.46843905888887183;0.03038090871014249;0.05398047252049778;0.2910316983629999;0.06623895004187198;0.5936137558354485;0.6504682172242423;-0.4738288797277437;0.5133986836963117;1.0013159878111944;-0.13141354189169577;0.14300710107518574;0.26566702289389293;0.11074512658573099;-0.015815931560551715;0.007697780035601198;0.1310748470736462;0.36721934719283994;1.028469258010934;-0.48722729989903396;0.495492676425733;0.9048889206222488;-0.06774245206429838;0.11439057576377708;0.06327825191811938;0.19060895691897795;-0.02013437070995193;-0.15147687991862926;0.18046985945553928;0.15743417231023993;1.3418307230121027;-0.49644457118287744;0.384106770554606;0.7736700351024736;-0.009211036261233084;0.14639722716451306;0.058981809180212216;0.14594898791068206;0.030100498443096056;-0.12622085500678704;0.1520364249960951;50.52501560748506;28.98517556163772;8.823675916312546;48.46533293922796;12.156723748619143;12.587947441418056;25.988350477885984;26.840838376813245;70.34132713162113;22.08763317317447;64.99017898321833;65.67819936124351;27.468612999198072;57.22666555449975;63.53136822704156;38.14283037158412;26.73466893491374;20.806668447997637;12.60573486179318;0.9974413512949654;-0.2632842086734684;-0.06849024126393362;-0.3632867201225257;-0.2544087662267056;0.2815847438694698;-0.23796244668957717;-0.17467727774395272;0.497432088577061;-0.14288365878286208;-0.15967170848178636;0.4216150226894526;-0.13001876958176772;-0.07252187805887954;0.29581733056430404;-0.8344548413055651;-0.40619879753927646;0.576387034663059;-0.24412196942525172;-0.2727032455995447;0.26596021779236984;-0.08104770830964579;-0.21610734698234238;0.18026633256078553;-0.03978497854825273;0.06706294751402726;0.6927066421706021;-0.7180947492938937;-0.43666063437581765;0.6085221172082154;-0.2551663879222405;-0.3292723322763511;0.1830089020279395;-0.042054813839582525;-0.22819982052500437;0.0410636396775811;-0.02144036585525299;0.09446381137070932;1.026200965343595;-0.5964026730801468;-0.38663819398766147;0.5436086560876104;-0.20584079929252858;-0.30609313046012854;0.1340132236980518;-0.03537782562895704;-0.21491878855375604;0.027591017085014897;-0.01602793463610177;0.06889638392671579;1.2873885538077963;-0.49389376376369365;-0.25387934678085006;0.43174607873086907;-0.16782637428061606;-0.21931035484105443;0.08579879284693409;-0.059154697519981016;-0.178455823087852;0.0049364799804227245;-0.03148110461735755;48.71160220643078;26.738041004121307;1.628740408553462;52.48326471888618;12.37667083782405;5.908453936460111;43.33960979102185;27.567009062663544;18.797060221492252;39.207303137195154;32.20764824832515;16.363190902418506;31.58755864021164;36.83922182607635;19.766905555426998;41.493921411133506;25.872095628398757;15.839618796269116;9.310390186582655
0.9970735754399755;0.4713233392668436;-0.08843662470197385;0.013071134987698416;0.36301011753756984;0.29966797647835575;-0.08325533543050741;0.1961404848414806;0.5109510295923888;-0.07008658348841834;0.0960565758804536;0.46436567399472095;-0.06056706605039798;0.8097765106371594;0.2801543576303179;-0.43121768235133967;0.44616362078468624;0.9103144445066554;-0.11839942383026206;0.16845908445779845;0.4576242531172037;0.028397976044434364;0.06220810139861205;0.2895316364588221;0.059937883666576645;0.5760746404087878;0.6658565733326686;-0.47410234383259753;0.511547424307289;0.9958063429444803;-0.12960225382303486;0.12448184328546963;0.19412848309755495;0.10704374751072313;-0.0250647700660112;-0.03579667666215676;0.12361018448118057;0.35724999742680763;1.0393077399240003;-0.4849367234387559;0.4908469334357528;0.8818668578150763;-0.06097733415428226;0.08831415445138521;-0.012008951920053853;0.1861833324642595;-0.04228044491105877;-0.1739157869237771;0.1695554752396744;0.1532665542172246;1.3431087936097195;-0.49196265387559124;0.3858309526089622;0.7314828181824494;0.0013610335844569516;0.11966041794127558;-0.013286713367497583;0.1466181932730654;-0.0032415916373393977;-0.15804652904298708;0.14373353239235678;51.2604284989442;29.240939293393463;9.237964441615516;47.028160335266726;11.601243496433483;11.39756877815377;25.26358409027154;31.95166704530532;84.55597155395981;22.581431962394973;84.11332925818614;53.98571025827162;28.960676030423734;76.49146993030034;55.795495717706366;40.2443757876131;26.633019511853924;20.145102822434914;12.166578012658578;0.996888805991346;-0.26583656974131614;-0.07834119384036241;-0.35964034626295305;-0.25892259878192175;0.27442375481604464;-0.23914780860757043;-0.1816221740245125;0.5007319739358221;-0.14516506702320744;-0.15845464291522743;0.4260275469650767;-0.13254249770449514;-0.08321913994589988;0.2875929056709712;-0.8374898365663732;-0.41314208096882094;0.5882302344174111;-0.24568354540912588;-0.273480512740856;0.26528293113069046;-0.0795978758004221;-0.2161045215410227;0.17884560358058435;-0.037891263955013424;0.060037730099037866;0.6872696502166753;-0.7239170524691374;-0.4452136131910355;0.6169662204587584;-0.256629438223913;-0.3331440660144742;0.1757098769055448;-0.040063922498047515;-0.22969850680484846;0.03633024101534654;-0.019340602662055655;0.09112400247622632;1.023667621226694;-0.6044416727212802;-0.3959598733716293;0.5448314319516724;-0.20656347132149477;-0.3119773666250394;0.13154581462162326;-0.03303698143180467;-0.21809686548097443;0.02829828694249574;-0.013871410473309;0.06797386105115912;1.288498711905034;-0.5038418795689544;-0.2561509429513706;0.4374048104833451;-0.1679820280221104;-0.2239391375746939;0.084944026077869;-0.05736740975245541;-0.18246930238604656;0.007495727181564862;-0.02975013955312964;48.895322383416065;27.29532474610093;1.1065578784231007;52.71189093680229;12.57220026179546;6.056681806161299;43.434130678948186;28.604314449949847;18.78190841517901;39.6735289754539;32.543087522015796;15.543792735224782;31.47937263510583;37.63129519790775;18.537780518348047;41.852777466389924;26.066434045090265;15.917467334076532;9.31826702281781
0.996770867078257;0.4625725142257709;-0.09871302908095302;0.010303538650355316;0.35856616438284217;0.2895153222998451;-0.08367342864520727;0.19757577346198413;0.5052852801283556;-0.06951766567993632;0.09405419422943832;0.4577815449785426;-0.062451817825476034;0.7859095429816527;0.29606387374455734;-0.4333337556220435;0.448197484897621;0.8956302822385385;-0.11323410482249983;0.17284148128237545;0.4466344128632364;0.02641287488254649;0.0703476703190283;0.28788543004713085;0.053646261684852176;0.5583411958459503;0.680783991553609;-0.47411840911912473;0.5094326599838692;0.9897963750066106;-0.12773310097980123;0.10601224323634091;0.12295936955397381;0.10330919033766639;-0.03423880495512944;-0.07898360128026828;0.11612835186865292;0.3471541217521355;1.0495141096327583;-0.482399899080441;0.48596736387598893;0.8585219496122917;-0.054224175506343064;0.06236292967849659;-0.08679075958211867;0.1816866656071617;-0.0642569656613462;-0.19611223583562815;0.15862201311506272;0.14904392923227677;1.3436543301947927;-0.4872452228587626;0.38733570879308854;0.6891808331982207;0.011862309452276582;0.09303628295496885;-0.08506915545958739;0.14720392260996798;-0.036360978859580645;-0.1895760946919242;0.13540817623809695;52.00204199704722;29.515922936823582;9.668514616947661;45.59590257461644;11.030903647071804;10.234973638776918;24.596235546802937;41.0879312518467;92.77011674719316;23.12595434650394;105.04422233644092;40.31839402129577;30.59971285961422;97.81853086998319;44.35168202405124;42.45881881636797;26.490353250666747;19.484829301571168;11.736475810496412;0.9963362606877264;-0.2684256037700183;-0.08844489940021745;-0.35585480665534325;-0.2635260731483216;0.26704014337665655;-0.24033662564302927;-0.1887304279861775;0.5040608438707982;-0.1474901045426982;-0.15718661916232401;0.43050740881453303;-0.13511777993493282;-0.09419108657601619;0.2791160351324;-0.8405072530008009;-0.42022150952185094;0.6003193257218592;-0.24725781342394043;-0.2742463542920585;0.2645565028659265;-0.07810014971830813;-0.21607626034746327;0.17736610785142984;-0.035942746940830286;0.05281865954991498;0.6816074297601787;-0.7298092222622796;-0.4539417768196701;0.6255624576447132;-0.2581012761221672;-0.33707965737098017;0.16819614329985602;-0.03801538974040687;-0.23121008871620036;0.03146671310869224;-0.017182734996285202;0.08768469103158019;1.0209467820045042;-0.6126235039906394;-0.4054829581778386;0.5460227847654656;-0.20728111897088744;-0.317981458829441;0.1289973573302477;-0.030630014861229248;-0.22133385619531085;0.029021042903870115;-0.011655914336302982;0.06701883040746485;1.2894871803792778;-0.5139953980315102;-0.25845288290789986;0.4431626825404499;-0.1681221074727878;-0.22866472419018724;0.0840565617345363;-0.05552586396502301;-0.18656809066777544;0.010122147653527702;-0.027969655128707437;49.07147994652144;27.88229258144332;1.1908959206918206;52.95457732079888;12.776743647090212;6.21249293156514;43.53138367067427;29.683221155087445;18.760143532789673;40.14274052452182;32.8762745057511;14.726029414796454;31.380303014399036;38.422956037208714;17.324271155540586;42.227773623432;26.265053350585838;16.001408955829717;9.329243841950065
0.9965575478530704;0.46076028773070804;-0.09729684120227866;0.01186845414709902;0.3559137931252859;0.2899947832470327;-0.08149360371855474;0.1935240453316812;0.5024300576411365;-0.0675852100605087;0.09067109528067313;0.4524302852881007;-0.05952166773594283;0.7766924227201245;0.30561300501430283;-0.428470841071564;0.4483831413284263;0.8868925958331264;-0.11195696824020232;0.1662852719378782;0.4158479064068708;0.030777156030876003;0.05395310790451471;0.23684733501969163;0.05893587510412303;0.553816704829836;0.6881444835856247;-0.46876884192754986;0.5053267720095256;0.9795340670164726;-0.12334410698309584;0.10187511022641921;0.1030257680310231;0.10510702757048344;-0.0382979702593234;-0.09972626900881412;0.11642266785920649;0.34525958831990916;1.0519524226636008;-0.4770228638824231;0.4811521859659717;0.8475962746249501;-0.04952518786894641;0.05791711604403377;-0.10433553738920057;0.1820447345306059;-0.0691133007073139;-0.20461184387553485;0.15644116492367374;0.14975924936403304;1.3362783468087875;-0.48173127112866665;0.3856981278835438;0.6654231645755659;0.0157582774820978;0.08883554346834661;-0.10443454734456789;0.14815694084579742;-0.0425688177836658;-0.19770992830109946;0.13423424285787083;52.13925581931766;29.55896453516061;9.656948717728621;44.67051914979007;11.509607269921858;13.132250457510157;24.18410156160565;45.383958399943715;93.93140787978648;23.197972568776756;109.12114218595266;37.867560485567;31.25112872050967;102.22946319123436;41.401799823955784;43.03474015396524;26.27069036605234;19.167727051884924;11.526412665502896;0.9960865430781842;-0.26862043864194357;-0.08823332823156692;-0.3572317534788867;-0.26614813513267643;0.2706133284093541;-0.24117799929797176;-0.19171891954548517;0.5092796917809421;-0.14765970267868825;-0.15884406160399564;0.43237176489846924;-0.1348430050968143;-0.09272396497921052;0.2726578303324702;-0.8455091560229218;-0.42288022546973686;0.606896511856754;-0.24715811555185074;-0.27583474582165307;0.264310057842795;-0.07561619083726012;-0.21727798837886386;0.17734422366710434;-0.03388560335196076;0.05572953732818809;0.6766759315028616;-0.7341688514190184;-0.45698370540326105;0.6361604842738318;-0.2579799148766264;-0.3384585737779458;0.16654659166500715;-0.035448488991982;-0.23216825927670917;0.029487497289744195;-0.015278275948336948;0.09067054865155226;1.0183432208483074;-0.61616836388499;-0.40656821637725976;0.5567704798294111;-0.2067467069564566;-0.3180296302319797;0.12969144999854357;-0.0287368097297921;-0.22143573608522238;0.0290952672086212;-0.01057583274269298;0.0694509083852197;1.2889738410383629;-0.5167761583408697;-0.2611799726187955;0.44929309157298314;-0.1669761835702686;-0.22955216449082602;0.08520211041700089;-0.05402860904181552;-0.18700618554322554;0.01021526247491817;-0.02719756376929035;49.23660216466445;27.723717782379772;1.2173421118786887;53.5715843483726;13.161930809569046;6.227766494038609;43.88118550885928;30.301241666659834;18.971693990284415;40.06663367118662;33.2515378515885;14.81321949286004;31.480232411798514;38.40536816668759;17.45764199014888;41.898256964608564;26.39704492076041;16.162914343884868;9.430140538602954
0.9964092798838576;0.464077597559353;-0.08734617724850659;0.016617102665363283;0.3546039565831176;0.2982956520075785;-0.07740637372546133;0.18545433523747687;0.5016861323806612;-0.06464682293278354;0.08625644938902852;0.4479993734726115;-0.05305260503447057;0.7782043499331106;0.31069051354873917;-0.41853494228328186;0.44730553843260734;0.8825567587757639;-0.11352382956764935;0.15169628365468082;0.3703183944185258;0.03983457784813197;0.01946206307539557;0.1491854023248834;0.07275426413307477;0.5589840222045062;0.6901977648314433;-0.4595257428498992;0.4998124966700184;0.9662274303602334;-0.11708604367580659;0.10817021599361387;0.12027478343951241;0.11098472057006664;-0.03867904293105352;-0.10435168248771029;0.12241888959965448;0.34939385053047967;1.0489456383500262;-0.469597083545535;0.4764161466733797;0.8457640469321154;-0.04627869245831602;0.06912793172794955;-0.0803266392162768;0.18598507483374285;-0.0615428887163855;-0.2032527308519901;0.16065285797405693;0.15411583743505336;1.3232807084107066;-0.4756597200937585;0.38181901024938714;0.6550424998041359;0.014881958651026131;0.10097027799847466;-0.08578671786180798;0.1494171666842632;-0.029213389543350194;-0.18889911286862357;0.13829189109132226;51.819258047965015;29.444422018408662;9.32736457030393;44.10708158955707;13.063629479084344;24.623829696327704;23.929972382916144;42.880472705951966;95.56635126512559;22.899434000147448;102.10128111026737;42.610534526410966;31.099022742385394;95.84330603069549;43.95201509059392;42.35618386124763;26.01127731011686;19.099467651752633;11.471995299903538;0.9960572026040264;-0.26702721765398785;-0.08038141182958429;-0.3623955576714722;-0.26725167426264174;0.28223570786533997;-0.2417387174736613;-0.19160305071252387;0.5157975291643611;-0.14622384446606723;-0.16263626134724338;0.4322518988223408;-0.13245555031125614;-0.08206217371896722;0.267779063209205;-0.8518682900679311;-0.4222063157585063;0.6092661331613185;-0.2458091330037031;-0.277996273333096;0.2644109885256769;-0.07243558640453063;-0.21936299781156576;0.17839427542925743;-0.03177725585642873;0.06609672566359914;0.6723291644514321;-0.737295542835158;-0.4557485021090559;0.6480542239315724;-0.2566689266693468;-0.33790828509742815;0.1692573333297539;-0.03253447854478477;-0.23269188845899888;0.02967270199007927;-0.013589286091244414;0.09836624938622067;1.015820025251651;-0.6161985654899955;-0.40136999622190367;0.5744101508995082;-0.20528377917672325;-0.31365189648821895;0.1327708382326917;-0.027251124577864678;-0.21920432948087082;0.02868677657402571;-0.01035232488721;0.07435204469587153;1.2872984380048897;-0.5140319728531929;-0.26416950917934284;0.4555877079431162;-0.16488752164288994;-0.22757353762352647;0.08783239666166943;-0.05280631487964948;-0.1847182521159413;0.008430343851055608;-0.02718262686331377;49.374505665876434;27.032482388117884;1.1444745789893187;54.44708920901645;13.671858683174719;6.134411199459107;44.4188240915987;30.554406492624818;19.3546650715233;39.62408752363461;33.625486869789285;15.57106275966788;31.722017805461324;37.792909472123604;18.590846949331617;41.07742860896115;26.474431851354783;16.379016908429843;9.59649184809443
0.9962610107759352;0.46737500928132;-0.07728033838104342;0.02141382391045303;0.3532384048964881;0.30664872977064256;-0.0732669270748244;0.17727767382504536;0.5008750702719708;-0.061669832728957985;0.08178509077959129;0.443468820426761;-0.0465091066999521;0.7796402265980812;0.315784801281372;-0.40844487847130934;0.44616371035648306;0.8780709186907619;-0.11509378278234171;0.13693564010080297;0.32426536419895374;0.04898272997674001;-0.015394716568702498;0.06058213663439532;0.08670965907810657;0.5641397174215335;0.6921911019732445;-0.4501309338143934;0.4941810404434036;0.9526663750946055;-0.11074819945639566;0.1145188682599673;0.13769133669614927;0.116911229095077;-0.03905955922397332;-0.10901350014759592;0.12846382432035044;0.3535303782510661;1.0457831885731559;-0.46203755205245095;0.471573892209592;0.8438125457184352;-0.0429925184815048;0.08044870577662809;-0.05605526326699149;0.1899449517912382;-0.053885432570754586;-0.20185527279432508;0.16488994114612981;0.1585001150559222;1.3099897045256619;-0.4694679709188059;0.3778538880320593;0.6444750288727172;0.013994646979147837;0.11322094260163074;-0.06693225517444285;0.15067301086778276;-0.015713781311716295;-0.17997312987719857;0.14237594927680822;51.480980918509296;29.357788235380408;9.017325643667231;43.54197413987715;15.134025727805662;55.00905452203853;23.680803028063973;40.74590678123794;96.9320807790987;22.599731201869375;94.86155226002346;47.68591812625357;30.94283584919536;89.3277333818246;46.41093064688948;41.66930686026517;25.745393917759564;19.0317063777061;11.417781950899027;0.9960278619045312;-0.26540041041634044;-0.07253177564008961;-0.36750146766222436;-0.26831706428947333;0.2938002245678073;-0.24226566366640764;-0.19146135574866088;0.5222343637316424;-0.1447705413668387;-0.16640000064329674;0.43207353174504004;-0.13005411978010673;-0.07140715689315197;0.2628721296584036;-0.8581010475563023;-0.4214762004638064;0.6115490298336574;-0.24442903526693316;-0.28011641442691576;0.26447584094451076;-0.06925049033000964;-0.2214147121866155;0.17941833536232973;-0.029668136256696405;0.07643751380915914;0.6678983964715915;-0.7403168500536451;-0.4544534813476714;0.6598399643718336;-0.2553252845908659;-0.3373130312561223;0.17194053294212336;-0.029620947213557607;-0.23318303660762188;0.02985356568717553;-0.011901289364809315;0.10603565742799273;1.0131631157361014;-0.6161450327945864;-0.3961260040675928;0.5919421670390241;-0.2037954313043956;-0.30923892443196704;0.1358270199299033;-0.025764235506555225;-0.21694690384919507;0.02827507663839321;-0.010127786766096217;0.07923484633766519;1.2854510277586506;-0.5112225907508715;-0.2671181454694447;0.46180987352125535;-0.16277997733648958;-0.22556733029917003;0.09044633407857275;-0.05157890357263005;-0.1824090780850596;0.0066472801986720296;-0.02716402349407529;49.4840726708553;26.372590643080926;1.4195243953973948;55.31429141527033;14.179042781306135;6.038306250066878;44.96275387611858;30.797666888026203;19.735055157431926;39.22064261973337;33.95743667945627;16.34548446108676;31.965995050425168;37.172599828704804;19.757903759394132;40.295797811010495;26.546756509769978;16.596727297410233;9.764900540192636
0.9958558575249118;0.46449335426169325;-0.06804513661501135;0.01833098426415717;0.3548023844252093;0.325029061605811;-0.07137787349767816;0.1885457130451803;0.5019050226973152;-0.059533692617382124;0.10525576286810931;0.4217121243362787;-0.04230375936415121;0.7736907673419209;0.33913335233077946;-0.3991669708106503;0.4338022519469622;0.8773007963912695;-0.1152263396425566;0.13110471318636538;0.2966095724446136;0.05293081277614736;-0.028912551889126552;0.013630464326690614;0.09274802808701467;0.5589647043496718;0.70323140362842;-0.43934502642238493;0.4850894560561023;0.9399925350703962;-0.10810916973293049;0.11888878493360819;0.13937435404372867;0.11757472943203454;-0.03547648299406531;-0.11068158243974248;0.12963706421561588;0.3485093587754214;1.0451082540272612;-0.4514843038052917;0.4644022692474137;0.8398018254249318;-0.0434382287381168;0.08453085627145024;-0.047879799893542116;0.1885297066289444;-0.04966801233472984;-0.19906914198015926;0.16468774367934014;0.15350145131599935;1.3000133400525427;-0.45936662246492416;0.37304861838130493;0.637355267024285;0.011956954185303459;0.11605807205526697;-0.05931682447791838;0.14807393971284613;-0.010603405859542891;-0.17386420298460373;0.14140370689300266;51.783658878222994;26.771960317896138;6.585513729294725;42.47078626374039;16.172498584212395;80.78581646556272;22.873636757794884;40.510563076492595;96.66963154634212;22.175246548436547;92.57195481690846;49.30653245510847;30.778545347597067;87.14390080697609;47.28830837459157;41.45519137028756;25.06510117564122;18.646138673305362;11.329903053854743;0.996021877805954;-0.26706136300559324;-0.06924776280967225;-0.3680324417046049;-0.270526070618898;0.30192946061638937;-0.24110342504228194;-0.19128318847811185;0.5281074828278054;-0.14345961368246155;-0.16738009906508244;0.4323985654736435;-0.1285358280988951;-0.06837452734657805;0.26694380588129263;-0.8537721116438955;-0.4240807068579189;0.6183989181878123;-0.24254023863586624;-0.2808627498904673;0.2671649434383651;-0.06868067563358785;-0.22165313868950043;0.18210458797279958;-0.029581297413915634;0.08235803578334071;0.6725088379406322;-0.7354923635454351;-0.45787878514487323;0.671371704412057;-0.25332025164380284;-0.33893505093788423;0.1735379875492729;-0.029211207798060135;-0.23429962361083143;0.02927228368064184;-0.011662484721961096;0.11291738674769504;1.019226359019216;-0.6110517258699144;-0.4008109575752946;0.6036796137796943;-0.2024777016926693;-0.3103590238107224;0.13593503947324992;-0.025678800096090797;-0.21674861222421865;0.026985096117239524;-0.010187931669084455;0.08608166331939973;1.2934049899191906;-0.5059443962779187;-0.27293655557726954;0.46753010600756156;-0.16182663028203012;-0.2278121920470715;0.09053818968720428;-0.05120146967176823;-0.1832215742636334;0.00588941835446887;-0.02697918581533001;49.78632064085422;25.98832566188022;1.679735014872968;55.432818091761995;14.04054606548581;5.8557902776820026;45.17015838563324;30.84402812762577;20.011711341066537;39.4262744349081;34.116658788220725;16.60809329823561;32.50429277252023;37.14579640933327;19.818593046927283;40.45530167440852;26.649613235218943;16.566758310602797;9.73332726577309
0.995188641749687;0.455294848471733;-0.05992048160853734;0.00745222426132189;0.3590747153453123;0.35267256741966707;-0.07177154944786387;0.21881469709598847;0.5044996625001746;-0.058282783621743176;0.15586567282272473;0.3832334402575294;-0.04056138138511661;0.7601695351448425;0.37980951399320306;-0.39082140764838;0.4104110086844786;0.8798509011101822;-0.11385884885681681;0.1343496328293232;0.288167328396504;0.051512163331651276;-0.020589759608367113;0.009969901736320145;0.09060878351750974;0.5433465840460392;0.7226169300058162;-0.42731634894357795;0.4726035792220178;0.9281776794844322;-0.10921085607950577;0.1210716747247039;0.12517617484427618;0.11288790581317137;-0.02802772820453836;-0.1092413694531285;0.1258287855496021;0.33431732513978274;1.0464386723967727;-0.4380695603583009;0.45491401088557387;0.8334556094076201;-0.04758509439911126;0.08118483438510556;-0.05607651933928699;0.1816875149426792;-0.04901388190585821;-0.19488950099288577;0.15996645621584346;0.13920019286530416;1.293060660278408;-0.44546746337950655;0.36738267346976355;0.6336184807101112;0.008830177603891383;0.10931562978179309;-0.06318511817824898;0.1416300090851485;-0.01406191501178921;-0.17069809935694905;0.13533178201054338;52.600579290348;21.993217388862114;1.3840504112845717;40.940746038233854;15.891675627718891;80.87371757840256;21.535124549017628;42.175023971407875;94.68328780754496;21.64595397824502;95.38616577263464;47.29992956140019;30.622641344386132;89.43271068782421;46.68093953849502;41.76259498049277;23.99634387009742;17.963384687021893;11.212834855835437;0.9960397208052072;-0.2721420352187891;-0.07062939426508165;-0.3637467461444564;-0.2739335285357946;0.3066240418621936;-0.23811195298374727;-0.19102996027727998;0.5334445414371499;-0.14224081938419755;-0.1654550114310606;0.4331818535550638;-0.12787899469999348;-0.07319847806284016;0.2804224585860711;-0.8381886834222237;-0.43014962814366464;0.6300663285953995;-0.24003433350298553;-0.28014767310336;0.27260727055730716;-0.07081010666985484;-0.21997016044022355;0.1865562361909495;-0.03159423069676358;0.08380200200771742;0.6865350100149907;-0.7222512751689782;-0.46622622793488816;0.6828020567850724;-0.2505343755290768;-0.34284824311673434;0.17401306728723698;-0.03139518031395584;-0.2360546406437938;0.02787791335684625;-0.012925776364677193;0.11912516684419751;1.0343465040482995;-0.6004801255759236;-0.41588487316568257;0.6095597315011251;-0.20127125780959698;-0.3172176781199983;0.132950809152087;-0.02704702397922323;-0.2186537414390981;0.02474432321127372;-0.01054438270256847;0.09512516599366738;1.3115409915148581;-0.49788003342610315;-0.2818385071921884;0.4727853334811402;-0.16202507543739644;-0.23450121828062467;0.08798909722135421;-0.0516917169603901;-0.18727463642109884;0.006180379142666529;-0.026612074433409055;50.30944874417552;25.86619579760476;1.762828181356619;54.750261828064005;13.24302152656205;5.5815589920689135;45.02214461257553;30.710727896009686;20.187148475550742;40.2352780695772;34.14160882515538;16.343721575441503;33.347315605205075;37.722814310359816;18.739296018305755;41.578911536501096;26.778134945489352;16.270230527319754;9.490355411656505
0.9945214259744622;0.4460898133961897;-0.052038024551077;-0.003049502726878864;0.36293668071939367;0.3790887545864091;-0.07209938238289872;0.24786105600789135;0.5066375434861415;-0.057033619056624324;0.20458350244414902;0.34582975806268296;-0.03885086541545978;0.7465728312241366;0.41878054342030474;-0.3824860464886541;0.38754469022923593;0.8816738433527521;-0.11245693192808558;0.1373831342673213;0.2798130654178109;0.05010606088360408;-0.01254462857449506;0.006430798901850767;0.08847908945359909;0.5278838101549059;0.7407973877504652;-0.41540090668946084;0.46021419614151643;0.9161056319820708;-0.11019468246541839;0.12309010182833693;0.1113864201977416;0.10828404762949156;-0.02082051933782874;-0.10777263250425537;0.12206321128006431;0.3203819620539322;1.0469641002833447;-0.42480898651322824;0.4454296851649077;0.8267285895578663;-0.05155170199474074;0.07789761447482715;-0.06394445922104527;0.17495420833547268;-0.048347232704744614;-0.19071557979225653;0.15529523390100552;0.12530082120258568;1.2854154790827323;-0.431734142759017;0.3616497141389028;0.6295539550103513;0.005806921840513642;0.10273100467953936;-0.06687164340060034;0.1353099876132546;-0.01738865461126849;-0.16751961398092302;0.12937525229101107;53.2377466930185;17.67662476372971;4.523194749589691;39.49141361293015;15.975144353264904;80.82715209952266;20.25256457815153;44.101638974195836;92.37749675008581;21.145916780138222;98.23102684606926;45.29815200909609;30.484237473251635;91.79873495243191;46.0276721357662;42.104973564601686;22.971908006620858;17.316855257161535;11.10264312624332;0.9960575638044606;-0.27727015561545465;-0.07202525004282886;-0.3591888523793366;-0.27733703546854177;0.31134087920900355;-0.2349366612177614;-0.19069430495389952;0.5387345631063819;-0.140929433766599;-0.16340684766763477;0.43381936126511944;-0.12715221741109728;-0.07813994946353357;0.2941997765733818;-0.8218050776938329;-0.43623410944610597;0.6418407003789258;-0.23735856898894078;-0.27930130147869237;0.27810782188626487;-0.0729763495148975;-0.21815010892324138;0.1910697649314048;-0.03365579198623793;0.08525692654784123;0.7007175160786535;-0.7083263507283758;-0.47464415197474413;0.6943115510300499;-0.24756604805460788;-0.3467458400870556;0.1744344466080632;-0.033633041189798304;-0.23777046087458592;0.026430384584568246;-0.014222287385632897;0.12547442527236802;1.0495200237506785;-0.589353226072813;-0.4312527807286128;0.6153794812856953;-0.1999494968752001;-0.3241600140554377;0.12982413048426816;-0.028446120706057437;-0.22053103159199644;0.022425972243740964;-0.01090750788748822;0.10440546066736806;1.3297132752566077;-0.48937648998372035;-0.29089989667367483;0.4780147818666934;-0.16216612936637118;-0.24130115526193904;0.08532833554991225;-0.05217659052095941;-0.19137722088304604;0.006477737472161231;-0.026223425730035707;50.837406990582814;25.75012817632805;1.854696071539284;54.00590314742979;12.44285870940311;5.300139045885146;44.86399636998975;30.596326892897814;20.366067665764568;41.05831377381165;34.17968327898979;16.0899013247454;34.19785204224869;38.28929578277762;17.67877545387029;42.7512917719101;26.892588391776332;15.956246272908238;9.2394582796092
0.9939997361633806;0.44087804205928516;-0.05165125511436355;-0.010257043720157533;0.36567261497933223;0.38704941579454966;-0.07075738687520335;0.2645152515942848;0.5040751599216882;-0.05525244985092806;0.23323840835761595;0.3045802924085952;-0.038361502129724175;0.7380963376424203;0.44278785431389933;-0.3653172694106542;0.37342080637733605;0.8735889504412513;-0.10918786423498937;0.13330328039766223;0.2686800075103059;0.04427859970829287;-0.009253263311746047;0.0074042692561315645;0.08056283818375673;0.5189701188773604;0.758041282156422;-0.3950233287529563;0.4520404201302985;0.8940218240686849;-0.10185590095153997;0.11023889733091657;0.07402975994019258;0.10212338604684736;-0.025581064342781186;-0.11791441704601387;0.11209862976466567;0.31237522343721585;1.0545679098259142;-0.4035846243458755;0.43846860338582416;0.8099568332337836;-0.04806137523561568;0.06866988535233122;-0.08373641514403982;0.16373107451144067;-0.05252175649114494;-0.19143397236456486;0.14193747028173356;0.11895733074503301;1.2876725403254032;-0.41046924532211854;0.3537613743982146;0.606414523018967;0.004244904452403583;0.09257118827239266;-0.07870066912448215;0.12460207389119886;-0.020801001647340174;-0.1644191567396932;0.11658104578193512;53.47448936278955;15.711930294902647;9.709704180666195;38.23934757696385;15.29964182175328;79.91500414037118;18.925270124117503;51.23668526418064;90.21040069558698;20.735816691359663;104.58239166025947;41.887368756881;30.443153292338973;96.79095318870455;43.59293882234264;42.46082675427093;22.636691800005718;16.904661881863312;10.914707949218542;0.9962240276603596;-0.27927108840975173;-0.07467878635185185;-0.35568902237895034;-0.2778809791944146;0.31190177433415545;-0.23249435987541256;-0.19110140121258806;0.5395022144312781;-0.13958878358958068;-0.16187095677584987;0.4323309832189009;-0.12609667363761465;-0.08447264915050923;0.30306370557945295;-0.8131374069975583;-0.43738702541377655;0.6463323592257724;-0.2350212220933835;-0.2772608017985076;0.27653855384094833;-0.07266735946159192;-0.21619317622673606;0.18924682024815354;-0.03364526321844095;0.08159242175540508;0.7083641402403288;-0.7011154837355027;-0.47605548242528106;0.6947466989686644;-0.24591712175778452;-0.3461635000174398;0.1692524472673336;-0.03437115891722246;-0.23722150598246117;0.023390643605602342;-0.014287997309988507;0.12459268813851558;1.0557560420505767;-0.5835651532091221;-0.43590954902889706;0.6115419184994437;-0.19910997310157053;-0.32628341959423673;0.12424393545760963;-0.02895758646186704;-0.22103459728082087;0.020037179441914594;-0.010648338655565599;0.10549343559202055;1.3346710617148592;-0.4847943051869315;-0.2905361262646543;0.47698223864510403;-0.16221335006030965;-0.24206934238235783;0.0834022298124011;-0.05268209939308737;-0.19216084264013653;0.008005987010089527;-0.0260246103509249;51.29954435853767;25.678776553543067;1.8567547335272352;53.37543451586831;12.364869692179576;5.317639927618655;44.507143313215764;31.033507638461217;20.43470786451357;41.330747210956865;34.628068551892646;15.758564101785703;34.23853152439955;38.69229446602768;16.846540310017684;43.436614567533994;26.84919938128013;15.753073560347625;9.084085078880253
0.9936095533308322;0.4389064013785637;-0.05778638572208414;-0.014699867508923601;0.36733345736697265;0.37887454533838943;-0.06790887419131689;0.2705161333911049;0.49717865343940804;-0.052957286280852715;0.24474532616161762;0.2591918485259024;-0.03891663986024756;0.7336812372588484;0.4539483181165165;-0.3400195816781741;0.36656635295491996;0.8563947998492761;-0.1041945095520113;0.12289463347657022;0.25484005034110585;0.03447855028115781;-0.01005758039260061;0.012332362580143703;0.06743429653569527;0.5154401897986023;0.7744644098493894;-0.36677825537648473;0.4472489695033453;0.8625041377083752;-0.08520142939071419;0.08415074968222197;0.015456640158166002;0.09446540618303287;-0.040862637216146955;-0.13831789281737106;0.09651667815869966;0.3093016420115554;1.0680859512324838;-0.3749111982592613;0.4334362418985346;0.7838394583075884;-0.03798331866694477;0.05407861007822037;-0.11423255293156237;0.1483439946150833;-0.06097291685773981;-0.19636624397473504;0.12072360823190208;0.11906705622439498;1.2981374645210846;-0.382129600722517;0.34373153356778774;0.5660144508935351;0.00393242596349647;0.07908994342378134;-0.09780397004793134;0.10984210515483658;-0.024335555544406348;-0.16127570726909232;0.09756420664472087;53.45555836951267;15.593847848043927;14.757721443035763;37.11897772205764;13.575020360221345;77.62608782839631;17.57767251012389;69.80126393270588;80.78784885207472;20.482083497997476;114.24172301984352;37.13828915949815;30.615808651566986;104.52804568613611;39.28405738249161;42.92323961858805;22.869840626426615;16.673867540232965;10.653205478267257;0.9965247952463152;-0.278415074964485;-0.07840897473035212;-0.35334458939639996;-0.27585917467440574;0.3087214311989445;-0.23085006131859942;-0.19221373404682618;0.5362367013492858;-0.1382951267372415;-0.1608870759399688;0.42904534556650065;-0.12480280155932216;-0.09188612633706132;0.3072234238883907;-0.8119635859885529;-0.4340990875730332;0.6441752584223804;-0.2331191663666277;-0.2742573830026426;0.26863241555015266;-0.07012672691825336;-0.21422164065371327;0.1817452693787671;-0.03175263293397145;0.07339600423263623;0.7099537320819868;-0.7004132529196897;-0.4711335035837721;0.6852177069482006;-0.24557804772180805;-0.34158903824747466;0.15916545239451044;-0.03372492273981823;-0.23467606135559652;0.019002843471294835;-0.013232188805375968;0.1171720141270764;1.0538654980229645;-0.5829599335616429;-0.430740280366906;0.5991537000766043;-0.19878041105265087;-0.3240131893037391;0.11663460316044885;-0.028649139973836883;-0.22031653726951708;0.017666223644708493;-0.00983238401423336;0.09909754167029086;1.3277034240166503;-0.4840417739445304;-0.28165125301502386;0.4703751996066099;-0.16220836628833454;-0.23736383550844176;0.08222675882313407;-0.05320130682421447;-0.18993350922048508;0.010608743804751273;-0.0260109897520628;51.69609146481173;25.64506396322547;1.7838034120537154;52.90000931125674;12.952894856301862;5.625141885374625;43.98224913132966;31.97729229600051;20.387221237734067;41.10132335760558;35.44410833923372;15.340591750000073;33.53778654614193;38.95747230926602;16.214979561867803;43.659632253247274;26.674460085589313;15.663183864750742;9.021370795101852
0.9932193704982838;0.4364900225096795;-0.06379313849822824;-0.01907856408698272;0.36858593321824945;0.3703864435433724;-0.0650193221935234;0.27616411256173556;0.48982927840327933;-0.05063092502487947;0.2558665984501707;0.21402365003354423;-0.039424373485167405;0.7285349285446168;0.4645046752708942;-0.31463690296369945;0.3593973260639135;0.8384786116794954;-0.09914498742377495;0.11246908261968991;0.24088048508398158;0.024748879332612057;-0.010842430631897451;0.017193545144250432;0.054377466924074296;0.5114012327506544;0.7898854720385319;-0.3384519466683218;0.4420347074527493;0.830414321659371;-0.06863829466156998;0.05825806093976787;-0.04249334243578819;0.0867906893854763;-0.05593394137456395;-0.15835164372893387;0.08100233197987856;0.3059330383535077;1.0803217226605668;-0.3461525740805801;0.427998373252436;0.7571745563153718;-0.027974952880113896;0.03958920660335047;-0.14427435126610463;0.1329673342816755;-0.06926702559511028;-0.20103605322732304;0.09961313028031545;0.1190490942937357;1.3071090633906894;-0.35369344511032774;0.3334460494559865;0.525454207385176;0.003619181852576364;0.0656718795392319;-0.11659478209756571;0.09512661055819259;-0.027805663243653935;-0.1579952518585211;0.07865136549404447;53.43836340903924;15.479980249923612;20.623302485801396;36.014806505118855;11.664719488591908;74.0166615409406;16.322208109076076;98.36963207141206;60.059695401426175;20.355285722756758;123.45275328491203;32.79632914295235;30.985769282711363;112.45229400448603;34.83571919898826;43.52819377629394;23.07285555390674;16.435657034824498;10.393829289827135;0.9968255628322706;-0.2775541103213971;-0.08207229417600612;-0.35101461413837315;-0.2738518144602628;0.3055723830575281;-0.22921706507778059;-0.1932945660045588;0.5329883084491097;-0.1370133288049515;-0.1599083997479705;0.4257844997757961;-0.1235217158310073;-0.09917108507502483;0.31129352359425394;-0.8107535189827677;-0.4308356334644456;0.6420096122712844;-0.23123250724262268;-0.27128470214671135;0.2608382318898887;-0.06762318008505504;-0.21226794120354125;0.17435495223716835;-0.029889032345738694;0.06532969593088472;0.7114685024043733;-0.6996746393260631;-0.4662604131207801;0.6757989001673472;-0.2452277481692608;-0.33706660581922987;0.14923386381259288;-0.03308703180890068;-0.2321565143273042;0.014686084132108661;-0.01219288143015564;0.10986566204768289;1.0519339605324787;-0.582324774273847;-0.4256267430797527;0.5869287003825978;-0.1984426711114212;-0.3217582018078207;0.10914274001837683;-0.028343817129186395;-0.21959522988498395;0.015333148295367876;-0.009029208812970846;0.09280031169254573;1.320759748358966;-0.483268505180462;-0.27289357941683134;0.4638448825916421;-0.16219235753227448;-0.23271965530559582;0.08106503747296141;-0.05370831110359637;-0.18772989240289156;0.013167862313310536;-0.025995812625143905;52.088584469652254;25.61334889534046;1.7271794010399992;52.435945524825904;13.556950990311455;5.952545358788334;43.46390912218802;32.94903659533587;20.32046427108307;40.87797908545042;36.26688686599788;14.911109325719352;32.83060435094221;39.22601510198753;15.59535653583248;43.896705421247816;26.500932383888742;15.575008128413288;8.959963470365919
0.9933753689115874;0.44548345842539894;-0.07542105318990436;-0.01895353771201393;0.37438953601511715;0.35012374772193144;-0.06829436548891933;0.2715606380705322;0.4829420870485349;-0.05347804515452464;0.23904540017131023;0.2332031128812566;-0.04250513497550176;0.7427729086402214;0.4232796152081958;-0.334793281468787;0.39340929570591376;0.8306989576156838;-0.10536740227851374;0.11219290208459877;0.26198230930543304;0.025738401133040534;-0.01903216607975004;0.02932463251983681;0.05714166646099083;0.524070538406042;0.7721791594247807;-0.35929015645414003;0.46816766222666606;0.839868596623866;-0.07516373815564444;0.05846903992349305;-0.026172194106902406;0.08747052900965217;-0.06126272268073839;-0.15757147502736432;0.08338015691046013;0.3153322471169903;1.086419646541271;-0.3660888728494675;0.4496068740872868;0.7656407698636701;-0.03259403853626973;0.03783919172788135;-0.1464022001092205;0.1366275347225517;-0.076060402215866;-0.21010467802552585;0.10391428181100275;0.12595849536846226;1.3321046055228913;-0.3722279272240479;0.35051457666837726;0.5206066970279059;-0.001019100941791101;0.06507505956371874;-0.12755434433126808;0.09819816405886023;-0.03496059508803954;-0.17051358411177134;0.08300486135726386;52.712617321499145;17.575415132972147;16.349651546733934;36.918354187900846;11.896896484521013;68.52372918788262;17.29087361763853;90.64794401918388;67.45686186894716;21.112863754362422;123.34559582457806;33.08301237755088;32.145590383479856;113.63957742071892;34.40471292271422;42.66337863493343;24.358499216721157;17.223421114454823;10.596743532919609;0.9970489165306776;-0.278315267084891;-0.07945085073623896;-0.34830014863474984;-0.2725622220241349;0.3058331766825546;-0.22722213176649586;-0.19253935097060862;0.5297047650429012;-0.1354341934649258;-0.1632811856133672;0.4198800220414747;-0.12182691266020122;-0.10110368413968536;0.3162460137146116;-0.8062047969745176;-0.4311989481607584;0.6375938849279534;-0.2296110949899;-0.27147602734985393;0.2558947752093015;-0.06660170573414348;-0.21225220247487142;0.16956395293301812;-0.029204183593642033;0.0627355799301483;0.7157851601084846;-0.6954968379362332;-0.46416176387115954;0.6709595633412675;-0.2437587112912321;-0.3356098548277054;0.1473029950702704;-0.03216816383426641;-0.23060085531321073;0.014812446465390849;-0.01156724504452114;0.10685192401470284;1.0556565136192604;-0.5784084948746705;-0.41920724374448187;0.5867382107123922;-0.19717482668923036;-0.3197623014021188;0.10828814467999037;-0.028122137962738485;-0.21917883816412168;0.014823619502739145;-0.008869816162750966;0.0894329435630316;1.3228087621785933;-0.47942544543132043;-0.2696113382592338;0.4626141576472704;-0.16127699958546116;-0.2305000864852706;0.07990558472910841;-0.05340575230198977;-0.18610699159145072;0.011476191459248008;-0.025785023554149744;51.969214493122735;25.420849644326832;2.0370626000585257;52.085267592840694;13.880964420307873;6.116365993638291;43.2038803528782;33.097470795393804;20.088308019665355;40.335568235358934;36.67239992315307;15.011259601105598;32.468695752519245;39.52316406395253;15.982176578988904;44.04518023576255;26.434221084204584;15.483032246955563;8.887947612015298
0.9940363829436076;0.46406150838719146;-0.09324759963722892;-0.014243126567467875;0.38309352307927536;0.31434517571811066;-0.07758913640139836;0.2548224274830418;0.4731281632494297;-0.061407946766521705;0.19162407619554284;0.3165963758716113;-0.048174080181635465;0.7732801540493531;0.32454787275077485;-0.40002173517814316;0.4690952490847526;0.8275171102614559;-0.12272958937942294;0.12131429524554911;0.3182688429411047;0.037299461764567665;-0.03519922468848669;0.0495982796458457;0.07551790327393876;0.5514629276294567;0.7156047507860197;-0.42871724959794566;0.5250811506804289;0.8865757830131494;-0.10474601062626458;0.0842485174056508;0.06542508176398056;0.0959963497585858;-0.057064981812605255;-0.13518174422616702;0.10323867134481171;0.33644316761599097;1.0807771961415529;-0.4340276745389698;0.4974265657634758;0.8053354551870421;-0.0519503550984611;0.048345960222981356;-0.12020824006945022;0.15871563583746753;-0.08154795024643542;-0.22315789609389522;0.13320945352192437;0.1396444671045252;1.36764668637596;-0.43689280318865203;0.3942533260790454;0.5477556017731517;-0.010361286787074632;0.07676527133017971;-0.13101502786451288;0.11862449127199291;-0.04621919032818934;-0.19885978597928558;0.11034941746082443;50.972013454659006;22.24477817920743;2.99491198860193;40.22542422072278;16.12505462916797;64.44459140723882;20.691108828800044;51.66608312675974;98.35559582115755;22.69149494879714;114.6487616531894;37.919784882708335;33.838657769391936;109.17952854240201;37.25055935965918;40.55879899274928;26.68520601628604;19.177009179546328;11.319404458812807;0.9972006910186768;-0.2805728588732047;-0.07099503877081166;-0.34516826245802434;-0.27189882255883413;0.3092248325292674;-0.2248484648032485;-0.19007362214573506;0.5263078696713325;-0.13354692994955952;-0.1707147018227628;0.4114172135758529;-0.11971524098847099;-0.09814424489827149;0.3220914141943332;-0.7984694160230008;-0.43489000676917716;0.6310017603828748;-0.22819490099215606;-0.27457199769638313;0.2534721681361323;-0.06692224636730092;-0.21401138114491844;0.1670685300582115;-0.029589958277556148;0.06512532779142258;0.722734140916417;-0.6880509088969132;-0.4645593568097522;0.6702182647116344;-0.24122387518680138;-0.33693406341706117;0.15269168579456482;-0.0309723904514944;-0.22989440087413182;0.019028566845977892;-0.01131007086326837;0.10772728374080866;1.0646119301053738;-0.571378734205857;-0.411450532705164;0.5975949864864638;-0.19502022141578698;-0.31795561574968867;0.11352024028079573;-0.027972228492943015;-0.21902710780867846;0.015981776735617213;-0.009299430774845815;0.08869488107689219;1.3331211654502948;-0.4726683613293349;-0.27129542903549997;0.4662192717759261;-0.15951110078871697;-0.23046124922877745;0.07872356467713103;-0.052350712643732505;-0.18498113617938775;0.005841444183173193;-0.02538936233218371;51.36509819809049;25.079121258947392;3.0606362157354177;51.83888177208794;13.931780505667513;6.117349377694045;43.18156613495408;32.46962494982764;19.702558659562516;39.49117885266699;36.68024650724328;15.615448089209385;32.42983747763697;39.84748396553626;17.334226966169155;44.10788998501198;26.46042859599966;15.383267768238527;8.804797703929141
0.9946973969756276;0.4797761846267793;-0.11188616533522934;-0.008925002580580087;0.38878080641221036;0.27186611818654655;-0.08701437541299119;0.23385993062503493;0.45756425535066325;-0.06949756847773712;0.13759699895902766;0.4049977913798902;-0.053913984774731555;0.7989717781958795;0.21281530720980524;-0.4676266484550091;0.5474886934881938;0.8156548515909793;-0.14055998556075178;0.13010697540737867;0.3768782035991362;0.049621463190624215;-0.05260187926806062;0.07136618796791676;0.09493953985190876;0.5759759031285114;0.6462254788221363;-0.500643974832811;0.5822880646593217;0.928916533107753;-0.13618128566478097;0.11171390048284782;0.1653777637324885;0.10439082342143158;-0.05187701576987639;-0.10922109586681891;0.12400821241366652;0.3562304267620472;1.0636513479500243;-0.5042659046060415;0.5449241009793322;0.8407948230616548;-0.07268684758061333;0.0593981905886728;-0.09022027017858908;0.18137330802711807;-0.0867511510253174;-0.23523969361394156;0.16404156587744725;0.15326572779827388;1.3928590244932977;-0.503505848975593;0.43831139154717214;0.5720386094216822;-0.02051836220886767;0.08883009116510741;-0.13349166620868408;0.13986217217821156;-0.05811876223716086;-0.22798570758717107;0.13927003584764633;48.689018352237646;27.737501102875694;8.252542337532262;44.11785989889932;21.227964341493305;61.67434783621587;24.678902808801585;34.74501939780776;106.24512403630804;24.40463243246012;105.5000710599948;43.575217322700205;35.46843648476878;105.23002625466164;39.71327307178846;39.009948482312836;28.87242564192291;21.408343752447863;12.178681333151916;0.9973524655066762;-0.28282094590143614;-0.062450275636987095;-0.3419680290275459;-0.2711988765980453;0.31261467540470506;-0.22242707784894702;-0.18756315139955634;0.522819976170498;-0.1316267460894566;-0.17820053341368297;0.4028275931829099;-0.11757003307459071;-0.09514553633603845;0.3279570982989154;-0.7905712267388192;-0.43856817155033173;0.6242763806321678;-0.22673979516334722;-0.27766716737371194;0.25099819405878476;-0.06723843044352773;-0.21576366622365062;0.16453063459926023;-0.02997614646163647;0.06753075691818874;0.7296695064529373;-0.6804572052839057;-0.46490918623848937;0.6693954512985478;-0.23863795589884776;-0.3382335613005384;0.1581150882453834;-0.02976171414881649;-0.22915565048630399;0.02328299632959627;-0.01104917540446648;0.10859907600898683;1.0735350125492502;-0.5642181418867539;-0.40357377568168185;0.6084895055564143;-0.1928233079170354;-0.31609630922701204;0.11878989508232134;-0.027817776302598695;-0.21884960635635956;0.017149263393995588;-0.009732131853275814;0.08793989557800919;1.3433844347583157;-0.4657940186665631;-0.272965546645563;0.4698071899167596;-0.15771056267692177;-0.23039645380856735;0.07752147222712662;-0.051279745914824405;-0.18382395012351088;0.0001520257835553424;-0.024987089017886998;50.74238029347346;24.738619358209974;4.315242527115554;51.60270661579077;13.978016497220523;6.120959188667263;43.163706288639034;31.847620337150357;19.29818419823054;38.64364743518092;36.67792855722624;16.228210802172736;32.39013687348546;40.17578397503302;18.740376180890397;44.17766435306885;26.479782420167712;15.279378609275916;8.721085933375223
0.9950774988575896;0.4773224291156494;-0.11128641778575951;-0.0136640123147714;0.3951465775652803;0.2837600271092118;-0.09180793599657475;0.24539952398113682;0.4644663501188937;-0.07227475814967857;0.15237894822988557;0.3957807488368328;-0.05609459227934779;0.7993079624529359;0.20380547865476578;-0.48777773124837437;0.5474375717793086;0.8279256052046883;-0.1457869077603193;0.1390193853175796;0.38259894643508424;0.048532467805579384;-0.04517947617982315;0.07834685661838399;0.09477717158800054;0.5744146008088464;0.6315729186957622;-0.5207336312816081;0.5884284484281426;0.9387910539724671;-0.14637564994178645;0.1168709155213584;0.1773925982128064;0.10590953857336859;-0.04880310179056309;-0.09823926754487206;0.12733579637853423;0.35394334941326927;1.0492323883885326;-0.5236655307138425;0.5479463704140488;0.8495855994020269;-0.07915532966576025;0.05943308689360777;-0.08765791531659696;0.18549205869705415;-0.08518847308103997;-0.2295420739341301;0.16908618718332064;0.14905059350338287;1.3820524982430797;-0.5223462617364955;0.44123191510462617;0.5856505862462756;-0.019069861820394992;0.08774396379267062;-0.13490826835103933;0.14504212004718503;-0.0601516501951506;-0.2285410575304431;0.1432481373948203;49.30015879297591;26.26914844679996;6.73805525839948;45.19976991404097;20.271627154292396;58.20790914016699;25.68735611849206;34.04823782434217;103.98996876030292;24.883719061639365;105.14508509594846;43.078678716073604;35.64817625764221;105.72155073986059;39.29882465174812;38.93172653985056;28.54060753342713;21.627911604991716;12.41868961075476;0.9972163731216364;-0.2819005630775907;-0.05898427701923393;-0.3404036539052832;-0.270200686410106;0.31586555032430286;-0.2217459426415233;-0.1858709938765177;0.521246728030197;-0.13070129646657105;-0.1781274606519197;0.4004342879198871;-0.11648674104431857;-0.09416862800344222;0.3270520112333013;-0.7933613992870149;-0.4387350440130924;0.626978051785484;-0.22609977705648296;-0.2774066436469925;0.24930845333021953;-0.06492397395642392;-0.21484433378994192;0.16187248362773646;-0.028020975820494128;0.06934240307700908;0.726787835547426;-0.6833528175370268;-0.4652115271621398;0.6733021470965196;-0.23885869921023764;-0.3375914737710248;0.154815542756683;-0.02755258989497222;-0.22703307290429903;0.019060811673462887;-0.00900456636539972;0.11103270716636425;1.0708596274491988;-0.5667729255678519;-0.401259375536266;0.6147514114414885;-0.19198046707033398;-0.3143783906145779;0.11773253795083957;-0.02566861120125385;-0.21690888318497767;0.014980941859916726;-0.008193499216267592;0.09100315814566921;1.3414653206109464;-0.46785097115940183;-0.27203241003484313;0.4728984229250647;-0.1570853888948537;-0.22855063526691083;0.07603136286164394;-0.050214997756799246;-0.18139941231795728;-0.0022728190053512096;-0.024136702201683867;50.71106247413801;24.45735455144005;4.5157135990099935;51.82547308566418;14.321604843311354;6.281730794006501;43.313322281855946;32.46805846572858;19.90196894639137;38.49504646862093;37.21550211284641;16.69900636451185;32.30619997112149;40.62682048542801;19.301275908032892;43.90958559493321;26.3906124176205;15.34647960040793;8.779349944576966
0.9952948036395116;0.4659966599882446;-0.09968825587944254;-0.024126418775540313;0.4029677044902419;0.32829325231079826;-0.09386784145210832;0.27643786480327825;0.48601818242860406;-0.07197420228235028;0.20771239076842585;0.3305360973983691;-0.05622048273760722;0.7875094803043966;0.25731214190090135;-0.4801571941547491;0.5027305582834524;0.856838025051207;-0.1437067576162924;0.14792919230748133;0.35787960270784247;0.03971271274013327;-0.023639583735050925;0.07635199507593686;0.08331987395523535;0.5595775071664173;0.6528339313680274;-0.5105691642941081;0.5659538334636912;0.9321836729341609;-0.14379241696264672;0.10883971681198445;0.1369160865963961;0.1036290027354231;-0.04737438416213121;-0.09727219600174744;0.12053314241302251;0.3399872876953166;1.0412999458945182;-0.5134623101552102;0.5263340794288881;0.8450852739241883;-0.07699448942782122;0.05312824250542852;-0.10192114699209733;0.17899192189682564;-0.08001956035734198;-0.2144950065087075;0.1590736322216588;0.13505307975028302;1.3556787833473125;-0.5134414406012622;0.42111349551698135;0.594189994949097;-0.01087941845172459;0.07922805498255753;-0.13610306761199434;0.14085882529461874;-0.056399645321172545;-0.21290277542885988;0.13264662064075255;51.37402164474051;21.146359250836735;2.636420970490145;44.51525893081708;16.16112895157041;52.85972442774059;24.78272919159707;38.78026083274537;100.4696320349394;24.590325704168677;109.79957019064035;39.00280811608507;35.06389686297436;108.58172236134405;37.33481518640981;39.43041536427054;26.91935299444533;20.628571169260514;12.252326305556366;0.996913453163924;-0.27913169732218535;-0.0584922880373459;-0.3397754837032001;-0.26901820044077784;0.3189748154112727;-0.22206175626314129;-0.1846556739714645;0.5207563130694846;-0.1303511578593793;-0.17366248442072957;0.4016224965291455;-0.11602054546765458;-0.09436546036483194;0.3222081601418563;-0.8022464827947824;-0.43683020670245426;0.635058800922272;-0.22592006694773153;-0.2751824603174827;0.24807054646324792;-0.061105479488260214;-0.21236981305791136;0.1591599609986625;-0.024728489651826082;0.07078488975729284;0.718191347156612;-0.6922360061795534;-0.465444683663924;0.6798503778824355;-0.2406829041111813;-0.33580389370133906;0.14648659826748628;-0.024786715158767254;-0.2241131324956811;0.00997305533535512;-0.0059481541937182435;0.11433552933932502;1.0614070125839352;-0.5748803351991828;-0.40215839369705897;0.6182119351797434;-0.19191510819621507;-0.31273491109275914;0.11301236266932368;-0.022385186537665504;-0.2139499350906117;0.010902711979081428;-0.005529011323120612;0.09623735140698629;1.3324002836672755;-0.47501995936307095;-0.26957910553076836;0.4756296140427268;-0.15713472863652092;-0.22567429727311414;0.07438421899016182;-0.049161178927734084;-0.17825199525051028;-0.002780561845069067;-0.023033947469189683;51.025430843909206;24.213838379103787;4.062042412644961;52.30888812733831;14.835538928633394;6.539531442888753;43.56774275488561;33.82051758563016;21.126427556993722;38.75943785503916;38.077085620563736;17.096781231772567;32.20590449699845;41.14634481018603;19.35506327279949;43.44874856008145;26.236608629828382;15.510247391179934;8.919913145653284
0.9955121084214336;0.45474195446609184;-0.08843980785711536;-0.03418968959668161;0.41020807773887813;0.3709620601355016;-0.09578378687863606;0.306141823134046;0.5064277443089761;-0.07163180462785504;0.2608761199486904;0.26742764803702956;-0.05630054083335129;0.775563437933646;0.308679306445584;-0.4724622478953137;0.45928466907141147;0.8840677943491001;-0.14159702371985497;0.1564056478673795;0.3337989368171983;0.031185374168297753;-0.002867647630520522;0.07437385098353534;0.0722191622461168;0.5448708426728275;0.6728409022476333;-0.500400724487479;0.5438834176183023;0.9251333440735715;-0.14119787870830666;0.10102147479500272;0.09781482136552073;0.1013555893329502;-0.045963001222550336;-0.09626902409352707;0.11389007689050401;0.32629062333639086;1.0328928180818264;-0.5032544072722327;0.5051236136625502;0.8401290762541914;-0.07485594653932628;0.04701428491719706;-0.11558960385866592;0.1725974597605364;-0.07498039366709182;-0.19983917178216007;0.14930941893674524;0.12146681187013174;1.3292720876565438;-0.5044846156067981;0.40141962636743683;0.6019821846052332;-0.0029795999853206704;0.07096449710821733;-0.1371544634989648;0.13672471211794673;-0.052743056358959185;-0.19767844848050606;0.12233430437780426;52.97502774215005;16.797987668121287;13.121924753386477;43.85388432351182;13.13511752838543;46.0447787734228;23.917109571366282;45.663484048645024;95.3379551246393;24.29768091957582;114.33439111050743;35.180153213043816;34.5427186828053;111.41343492142519;35.36252565318307;39.95586445904886;25.365909617452004;19.68682397327089;12.0983703400683;0.9966105332062116;-0.27634454298604155;-0.05799568989346412;-0.3391009086235748;-0.2678050051978557;0.3220079504915405;-0.22234084689357667;-0.18342282883383373;0.5201906171704307;-0.12998417747074265;-0.16921027340844724;0.4027388553479833;-0.11554072034121773;-0.09454613586850974;0.31735770441715727;-0.810930716752104;-0.43487536935403803;0.6429713368540306;-0.22570740671125097;-0.27293579664665224;0.24680562013877372;-0.05731126313236946;-0.20988461699673958;0.1564469916451158;-0.021461210885222595;0.07220385711684865;0.7095607657529905;-0.7009351772606931;-0.4656046433570742;0.6862370413484243;-0.242454259798391;-0.3339807233162085;0.13820859143421554;-0.0220414026137667;-0.22118464326471166;0.0009637836168778668;-0.002917741627213769;0.1175917969168406;1.0518753809275088;-0.5828284952960305;-0.40298802620039764;0.6215474974621771;-0.1918209901622845;-0.3110580987247528;0.10831646987500737;-0.019127247676488407;-0.21098433506301417;0.00685872051956449;-0.002887136582762685;0.10141075253429628;1.3232113958517775;-0.48205322378188825;-0.26710619436183636;0.47826405875587724;-0.15715961565244815;-0.22278878795237408;0.07274020688153154;-0.04810912358961363;-0.1751050420359348;-0.003283409479689218;-0.021937380657627858;51.33456919107536;23.975108066766143;3.617147752785731;52.79058747396076;15.344988541361007;6.805926608970835;43.833183308128866;35.19040502347659;22.38122042758591;39.03193564020403;38.947169480010686;17.509730794696555;32.116515671454565;41.664701412658125;19.412341099794673;42.994921708538406;26.077190389737872;15.669012044639556;9.060171084614481
0.995015845082428;0.4484833795232217;-0.08544326740006478;-0.03707239079638377;0.40832592293978237;0.374846277611135;-0.0927730683838733;0.3155749070112788;0.4970295474943169;-0.06948788727782101;0.27933126250189977;0.20835816852912295;-0.055846324925141896;0.7661519545206108;0.3506130126106159;-0.44382290324326096;0.4304489549764043;0.890100788182075;-0.13258038275831932;0.1427374660541629;0.3198845220940645;0.026130812966387196;-0.0014477309851332772;0.07954437922824979;0.06252615347190198;0.5340958902950809;0.7029531479251472;-0.46967909448050904;0.5181811034817083;0.9076277583016021;-0.12669472571741167;0.08021818332241892;0.045920518515437395;0.09799875813633963;-0.05317894538574471;-0.11438914431536244;0.10420412803941335;0.31583311269349035;1.0428981688954633;-0.47276139856355953;0.4849412688925267;0.8255025760624317;-0.06597482943500006;0.03718479369841241;-0.13554635366823312;0.16358678446224195;-0.07735184075357984;-0.20135825084388376;0.13586143107145243;0.11308958307793784;1.321804308923266;-0.47511672822089607;0.3812622795566216;0.5909985823832818;-0.0029972327978011947;0.06431517533675861;-0.14237783662051764;0.12598785804276172;-0.04881901856800751;-0.19284393620175605;0.10908896233387817;53.10711516681437;15.138130523662346;20.800862395334427;42.47304442756965;12.032671799991384;40.88302509939796;22.265654786844994;60.037795976914055;88.19790566764647;23.51261551258348;120.37296889571857;31.96955833064659;33.57475707916475;115.1554465641175;33.29301623353817;40.82118982638841;24.85293327795294;18.889416020399842;11.729979146125538;0.9967588753155414;-0.2788744997235584;-0.05607872401426598;-0.33660874734748014;-0.2682153186189052;0.3226708087646144;-0.22059499256147266;-0.18472058759518542;0.5169757494930373;-0.1289174704329912;-0.16786455563079775;0.39988818474626986;-0.11437931702480009;-0.10195365627531315;0.3251181215629594;-0.8055034679645104;-0.43501364576344004;0.6454042855571952;-0.2249057357245965;-0.2719624541253719;0.24360975276241917;-0.05652926280154565;-0.20867287361097883;0.1513975279188791;-0.020329550622713594;0.06632799180663851;0.7149067265763499;-0.6960667854443182;-0.4658866579329873;0.686711823229678;-0.24259582946922983;-0.3335078179831815;0.13027704249294486;-0.021361105570696096;-0.2204100607735883;-0.005717695482169118;-0.0011185404402311817;0.11407193606742945;1.0538639955487166;-0.5785509541399962;-0.40557863898561014;0.6200760008353029;-0.1915218937715954;-0.3105764378867791;0.10495328819975895;-0.01832241306178408;-0.2098892903120824;0.005615483884836938;-0.0013224702824979537;0.09972790732685174;1.3206240637013826;-0.4782242766750711;-0.26745732572964065;0.47774848491281224;-0.1571084929859307;-0.22270271623508836;0.07445134771733983;-0.04811436755680592;-0.17509271677114147;0.0007569754287542433;-0.021188183915750905;51.18191180160593;23.68995825357496;3.3959798942609214;52.09176582248973;15.638011272978412;7.255206577578367;43.330130349339754;36.269831684008835;23.020887631922303;39.02076206422773;39.26289314237906;17.362561852080297;32.10787209957808;41.224832616730794;18.592101704771007;43.12091489849677;25.96080684653362;15.502736330105181;8.93297370059463
0.9941197031111404;0.44390151241260534;-0.08669509045151927;-0.03600398840812612;0.4006115840544424;0.35701322526909673;-0.08690731392624505;0.3133711396247305;0.47048762608819616;-0.0662209023037262;0.2784515775802079;0.15109539053849338;-0.05497844237525343;0.7563757470266455;0.3865976788638056;-0.40296288375265615;0.4085427384201817;0.882696703286627;-0.1195642840886096;0.11686126625262534;0.31073411629808206;0.022893562997347232;-0.010433625437444832;0.088368327896161;0.05346565666688246;0.5242386157394775;0.7368425819048512;-0.4268921213367015;0.4893930447426561;0.8824649587736813;-0.10552602666383627;0.052288020798402314;-0.012861726707977346;0.09384232095481686;-0.06489971865287261;-0.14249865564771852;0.09266245937013436;0.3064174176163071;1.0604107912968224;-0.4303397642427852;0.4642445819772996;0.8038226989259948;-0.05333408339864725;0.025290785777305206;-0.1585389285441424;0.15281332135071313;-0.08352774187170481;-0.21111387864124637;0.12014794327801051;0.10727141524225711;1.3215239612004728;-0.433745034936124;0.3600245963571527;0.5685925544312938;-0.0072655875409382495;0.05839971880079923;-0.14951070667233224;0.11143331096318192;-0.04464722794141077;-0.19316621080391602;0.09404243852040639;52.539841309120035;14.70268932654083;27.73115983149867;40.70686146584049;11.736971094352034;37.3427820008167;20.255140843210555;87.73592425091874;68.74922297469296;22.51298235984252;126.9385714117834;29.160678421654808;32.34836395932807;119.51814411678853;31.001119054202075;42.052331433856146;24.810290370432252;18.160934102923186;11.260062159961794;0.9971601015614766;-0.28428684595985504;-0.05335083650971321;-0.3330014184881623;-0.26945143173157987;0.3219221921916394;-0.21765418263163494;-0.18737519958765433;0.5121287397995984;-0.12742140453284406;-0.16819505414189828;0.39470721314567264;-0.11280268572627114;-0.1133687211160678;0.339817072285831;-0.7919777647980768;-0.43618964173641456;0.6446056013037776;-0.22370885616114736;-0.2716158727835832;0.23926123758850754;-0.0574048251799591;-0.2081059177794752;0.14499255136528513;-0.020377547953612504;0.05636104403567371;0.7278316892348576;-0.6834357796170336;-0.4661011017884851;0.6836979857131239;-0.24176011451618795;-0.3336876282143593;0.12248231204588285;-0.02182190193642518;-0.22076766054147903;-0.011117496454761944;5.9674516482026e-08;0.10674093273291847;1.0619584640119735;-0.5672930050312689;-0.40903631481528313;0.6157456331750736;-0.1910521300861755;-0.31066787532221773;0.10229331692451812;-0.018875191369821492;-0.2097711374547993;0.005925999416560523;-0.0003531947233267288;0.09419767608676798;1.3213178363189728;-0.46820381797841304;-0.26930225938049;0.47533966655173415;-0.15696906726303672;-0.22410884806814735;0.07801122506397191;-0.04869379272494903;-0.17677315316814565;0.00733386091224572;-0.020624367439819307;50.77218328819555;23.373464746187036;3.298169851630888;50.719205874137906;15.825023812742815;7.82863221160759;42.40152554577086;37.19577065429579;23.290759870573464;38.85996137350132;39.264917731959436;16.904292839244057;32.14543287264861;40.261013338375406;17.31888854594559;43.560971923158824;25.8568971631876;15.1583726733272;8.659796219202628
0.9932235611398528;0.43811018757765785;-0.08766003005503613;-0.034853937000573404;0.3918902267456929;0.33854142300861245;-0.08092206003611344;0.3102892263351554;0.4431757104490957;-0.06283447529563381;0.2767661414605992;0.09473583848487707;-0.05396785632865163;0.7445851921122487;0.4205853868978987;-0.3618712868126298;0.3859409680310267;0.8728473224352566;-0.10650053904193602;0.09124901240321048;0.3008773708166871;0.019664775880081038;-0.019176433681223754;0.09672168272934442;0.04446033743180261;0.513057950684162;0.767744898831154;-0.3838480292492189;0.4598318967648376;0.8552767544409544;-0.08454379660562177;0.02486195919844127;-0.07021821091194938;0.08950545015618422;-0.07615117802992209;-0.16952165499590297;0.08111819127417837;0.29631445822161445;1.0743624449332327;-0.3876421534745764;0.442658452143985;0.7802686315238959;-0.040833419035983046;0.013602472196324473;-0.18051816756498562;0.14184058155927987;-0.08930992574827808;-0.22001257918354225;0.1044487498646316;0.1012721787269079;1.3173276049035456;-0.3920624730968589;0.33821959270902174;0.5450277015230206;-0.01141161950109931;0.052450554020420766;-0.15603141518040026;0.09689156818482252;-0.04044138993559912;-0.1929075104745231;0.07907195298902607;51.93306771345611;14.228352223130441;35.89017541029018;38.996791696876976;12.146036909453072;34.06949597307191;18.379067221899415;119.67339939178878;42.993534665568035;21.59012634499854;132.91406833055495;26.657770792280136;31.145252260803073;123.93411845832497;28.527361588710686;43.48081337825869;24.669862119047668;17.450937703030984;10.819264196077981;0.9975613278074118;-0.28956737769074087;-0.050605888508469844;-0.32926008511367433;-0.2705705935580902;0.32103841363744157;-0.21462698106828992;-0.18994480339256528;0.5070742052319289;-0.1258742997753622;-0.1684534546621977;0.38936926191775784;-0.11118138828888145;-0.12471223897812402;0.35434158592506537;-0.7781435014488908;-0.4371780080366244;0.6435348374251773;-0.2224194379169949;-0.2711546665123569;0.23482004243650964;-0.058254216470978455;-0.2074517569992893;0.13853914086271704;-0.020416793991063095;0.04639060180784692;0.7404210907588058;-0.6705404688931504;-0.4661171864745009;0.6804000112067965;-0.24082345522206325;-0.3337253767228306;0.11465155591952159;-0.022272487219411455;-0.2210307829607482;-0.016501503917713885;0.00111636598720403;0.09937963703610654;1.0695853971639149;-0.5558172529045732;-0.41231321226438056;0.6111626826234476;-0.19050220366253215;-0.3106272070748238;0.09959536355250725;-0.019418821233882184;-0.20956415224496427;0.006233361868522402;0.0006142432370226388;0.08863878607498103;1.321449118156937;-0.45800509470616213;-0.2710290566539209;0.47273394527436763;-0.15676327403052223;-0.22541693369510815;0.08153067687809872;-0.04925135300374537;-0.1783750809230922;0.013894145818994738;-0.020052949435947418;50.362357825412765;23.052620618428453;3.2030676264343763;49.33232233847898;16.028785575278995;8.432473267635643;41.48524514126989;38.140276325233216;23.540728242719812;38.71432280199536;39.267121815078184;16.457339984403685;32.189214142050496;39.31231777906072;16.101724952480147;43.990544586614405;25.73685017478059;14.817385688746588;8.391402360463202
0.9937287559003884;0.44700983594919746;-0.0924854745115196;-0.031193090373846172;0.38891696755017724;0.3211151724352921;-0.08419394779016712;0.2869088665530086;0.4440218402907521;-0.06688375650807213;0.23623929943026392;0.15321341175832745;-0.057349278213564385;0.7565498850885675;0.3823566455376767;-0.3852836002843398;0.4193606431035351;0.8631987832258516;-0.11436225489411368;0.08935875521924873;0.3247458632093265;0.023317126064757342;-0.034423651404794295;0.09682031954029494;0.05182189954147235;0.5222308919522498;0.7477903256470112;-0.40998112683329047;0.4828190437726242;0.8739302829194229;-0.0959411917592164;0.03665232981967371;-0.02786484902532756;0.0875323784600067;-0.07345297926225249;-0.1616318259774117;0.08450425877155156;0.30133626317202333;1.076023923685932;-0.414056028811144;0.46562974568237026;0.8038009812378486;-0.04926976296675908;0.015646526339919264;-0.16986537211396058;0.14574903647510862;-0.09436299049938084;-0.23185282344937452;0.11263152660179017;0.10263835074211938;1.3371705536017493;-0.4178096143332158;0.35651369498464225;0.5590884879522647;-0.018523302857286154;0.05425038674712356;-0.15692270422008098;0.10142630109762589;-0.04787941690778999;-0.2066470448339178;0.0879586968668739;51.14338740389045;17.54402666899286;24.21801225776126;39.80046149757532;15.036670553643265;40.43543965435577;19.586374232153954;98.72803452212412;61.73669941967291;22.30027606099271;130.8195452155133;28.109845247023312;31.798816790327383;122.98876806658562;29.8493617424422;42.35302014157635;25.706639660483777;18.244446631990638;11.072396808320715;0.9977008912329728;-0.2896644006907551;-0.05056642321207188;-0.32954075073030337;-0.26945756291035095;0.3186458059983968;-0.2143931212131942;-0.1892404116418335;0.5065135560718639;-0.12528729691870652;-0.1733778806230558;0.3855266652256633;-0.11042334922964818;-0.1222062794207653;0.3536325593895241;-0.7770669043636081;-0.43860474042495806;0.6351764719471924;-0.22252964456397487;-0.27295390794239255;0.2339987279592166;-0.05900070005034612;-0.20940602277049733;0.13871233872367406;-0.021205489066359745;0.04598139869278648;0.7419746676343294;-0.6688492382915463;-0.46598461002206587;0.6760613788599567;-0.24070824685138173;-0.33476956962654636;0.11550738065714031;-0.02261428157508901;-0.22252566552754616;-0.016205850904328245;0.000515357354745233;0.09589535485111873;1.0729917174267865;-0.5535808492570996;-0.40907920707030854;0.6124879208775039;-0.19068628428938403;-0.3091430849369779;0.10093826392109036;-0.0200457120683076;-0.20963177661186078;0.004757196338932215;1.774332879817254e-05;0.08342408183020525;1.3255924224573545;-0.45520470535131574;-0.27018411749097393;0.473711487273061;-0.15602505999217947;-0.22318581332481588;0.08021986785376078;-0.048853288088082744;-0.17678220911500048;0.00937951467447171;-0.020141208151616127;50.215562701790134;23.250073065276442;3.954918295271551;49.371642275202184;15.90429144030027;8.342974430194234;41.46507046385136;37.919188878923705;23.49331272382291;38.26376691021544;39.19730417312966;17.139617312145823;31.859547630084247;39.53827901885219;17.300362055497686;44.08853359155191;25.796011539618252;14.835830343670402;8.394751477003993
0.9949508137624034;0.46246243044622615;-0.09935838675752458;-0.02572491882808252;0.38695704101946465;0.3012811643855003;-0.09233452506510247;0.249271085609542;0.4580292275787159;-0.07496575575157771;0.17026141948040352;0.27779586475324697;-0.06311076614253093;0.7787488277867678;0.3001712370158488;-0.4436248976643093;0.4838059961243961;0.8487705750786239;-0.1336276422377132;0.09968626337016953;0.3672625810570653;0.030876022642696992;-0.05428818603824251;0.09201568646519859;0.06838194521528566;0.5406787048701033;0.6951971519519191;-0.4736744219587205;0.5337882118096967;0.9147360574114304;-0.1253036999053765;0.07040953971522573;0.07194471400695888;0.08625599866275599;-0.06265647522390631;-0.13348405432636878;0.09582777068645862;0.31351095260537204;1.0661027527241846;-0.47799878237304516;0.512351960905659;0.8508955664663149;-0.06947185622407807;0.025195605471977085;-0.13991585316410124;0.1573222276953063;-0.09899749973144771;-0.24517018059885246;0.13384797213916785;0.10760649554536972;1.3653108800818305;-0.4801049694056358;0.3962797657183688;0.5919755446640143;-0.02774016918190368;0.060124208904682334;-0.15410881730528864;0.1161510305633569;-0.0619928719362563;-0.22810638227899913;0.11004117008506872;50.1770092651297;23.34817798944818;4.023139668853711;42.16489578104502;19.06886249971569;50.97679568654713;22.697572094976344;49.089298977500675;104.27736704074366;23.922754956249868;123.67845568379293;32.72253347982382;33.355533103690036;119.34798412878138;32.985377098256414;40.25043963769451;27.304470227406366;19.952801918109174;11.749670102558756;0.9977065993069288;-0.2871208657179637;-0.05192578719881582;-0.3319301096868763;-0.2672108108228878;0.31548466944147874;-0.2156181083311369;-0.1868613316236429;0.5083144950219849;-0.12520199483966185;-0.1807724913523557;0.38245611750216724;-0.1101139226207825;-0.11255184576316411;0.3451030135061849;-0.782632484516249;-0.44031591471026266;0.623045606128909;-0.22338474507784353;-0.2759632847696876;0.23505839346223484;-0.05970747004198677;-0.21274479032616084;0.14231588006857165;-0.02239024377752167;0.05049955795640017;0.7379323616089545;-0.6729826330125016;-0.46582149407269835;0.6712127112527235;-0.24103965031494567;-0.3363766202521213;0.1208593395591199;-0.02290566650490077;-0.22469251484242908;-0.012982341569968742;-0.0009763841790206537;0.0943844130025751;1.074365687131893;-0.5561396287702969;-0.40250015831311126;0.6169327605447066;-0.1912697678400843;-0.30693205796866324;0.10438674871614097;-0.02072368664686993;-0.20986287060502085;0.0023480340271246096;-0.0013904639868277007;0.07834410201298396;1.3319783712652364;-0.4562353382455785;-0.2680331984879656;0.47659313446130624;-0.155021124323753;-0.21913183511204282;0.07641543706275893;-0.04796387437788786;-0.17354548335142392;-0.0008850724474618166;-0.020572296059986308;50.19934740848194;23.720112655066956;5.209646941603015;50.15674785843775;15.59936118265397;7.8976535241101224;41.90266373089043;37.101109963887424;23.30496781278811;37.64896592831341;39.085770055551876;18.422144551481956;31.33506288651667;40.385993582380394;19.873792819296117;44.01879995993195;25.958519173633942;15.04644553448541;8.537392820506854
0.9961728716244184;0.4754285028602364;-0.10598085937392114;-0.01961302803015242;0.3817273114514455;0.2774390335594734;-0.10038242311121422;0.20662161974509413;0.4694703296395876;-0.0830901374312493;0.09764396833738384;0.4100938644863363;-0.06882467371404032;0.796455406510661;0.20900655333957338;-0.5030568031895991;0.5495062187826711;0.8263611881239061;-0.15335667887349738;0.11003661674384078;0.41022035132124396;0.038790244580334796;-0.07530254986360022;0.08608698965913021;0.0857144952404002;0.5562499387266191;0.6328100915278744;-0.5386440324807432;0.5845337584612692;0.9514415335366512;-0.15600329692423334;0.1062964994097555;0.17914735749080637;0.08418370056601208;-0.050493538839207014;-0.10201414044937795;0.1072847233451746;0.3241356982023659;1.0468118403423834;-0.543202984256345;0.5586838107202767;0.8949057767140653;-0.09072857973425832;0.03530467004171899;-0.10644853722546237;0.16855404844280542;-0.1032056888741172;-0.25757869558063956;0.1556821276995546;0.11210570449740948;1.3847142055121155;-0.5435132477564018;0.43603373369091913;0.6227265937836239;-0.037470014425569076;0.06598345131068659;-0.1498302999452966;0.13111734945541786;-0.07673482240482987;-0.24944447415963833;0.13300206154213018;49.08117234116822;29.835906968223608;10.227763003618323;44.80162017930851;23.24322018611769;60.13577168778688;26.246057755083275;29.97061287430316;114.56718824879232;25.68085140141393;115.0681986761336;39.06311038781766;34.87225661900212;115.78496374010814;35.928957362113444;38.84359604729467;28.71568923792415;21.837164746654707;12.53192329359441;0.9977123073808848;-0.284534015753545;-0.05329706260966149;-0.33432723682554055;-0.2649250540804809;0.3122719632395651;-0.21684459151454935;-0.18444620744820495;0.5101071647233779;-0.12510891613036085;-0.18823746174100306;0.379331318682131;-0.10979511262984727;-0.10278647704276389;0.33646201572743223;-0.7882156415403235;-0.44202156634602857;0.610748995854111;-0.22423690242049016;-0.2789902210536271;0.23611669710500657;-0.06041864326761158;-0.21610815133347597;0.145950742137481;-0.023586631078762535;0.05506398804923536;0.7338058071605159;-0.67712406145227;-0.46563111879071856;0.666274694850266;-0.24136146104455047;-0.33798270561862037;0.12626276825586688;-0.02319896037384428;-0.22687058540412702;-0.009723138176140365;-0.0024842616655677747;0.09285190881950237;1.0756957803164342;-0.5586957467053539;-0.3958276850728052;0.6213920809092861;-0.19184911773603153;-0.30468024056825266;0.10786694688564705;-0.021407885089417787;-0.21008498918760724;-8.74026101838533e-05;-0.0028138780280443547;0.07320470397162383;1.3383607407103049;-0.4572521917107264;-0.265844269875006;0.47947997671878084;-0.15399781073722446;-0.2150218698280159;0.07256553669453256;-0.04706218363895689;-0.17026413430829834;-0.011261009319945193;-0.021006936736571495;50.17814705406784;24.19747574980591;6.512214672210624;50.95568053422378;15.287061353273348;7.463468723051975;42.345052269261174;36.28985207772151;23.121821374934147;37.03070848256597;38.968338112535484;19.734406074752027;30.808654011863233;41.26692096777818;22.616044389727442;43.946907116708076;26.128532148379254;15.26863825839643;8.682331392876995
0.9960699797115684;0.4617429128931856;-0.10213543526410573;-0.02685162018245264;0.383862942287603;0.29546414726122405;-0.10264426305607131;0.22163588203677848;0.4746183529666501;-0.08262152024221465;0.13031755220487795;0.3485418281965017;-0.0682976145813467;0.7693783211703354;0.2489136450013479;-0.5048304874735066;0.5221921585620476;0.8531181788505685;-0.1495587507335631;0.0920172183792092;0.3607135192401414;0.03870356872136068;-0.08054437875253803;0.05206700572584561;0.08247013903650594;0.5237065923545543;0.6610538754474647;-0.5373445625297313;0.5626183007915135;0.963852359780724;-0.1487763929487057;0.08344345351740784;0.11802488631132328;0.08952287708341634;-0.06216236557932655;-0.12874271441953974;0.10618311666563768;0.2915105887583083;1.0563274286210182;-0.5401565585262853;0.5366971288483894;0.896816730620403;-0.08391526153754598;0.030588341939432273;-0.13124098836750567;0.16773820987647653;-0.10002139431799843;-0.2564711261059936;0.1484112662542281;0.08434447562074096;1.3747814206215423;-0.5393770101356407;0.42076993254720235;0.6179886712579193;-0.03230126702816769;0.06259822089928607;-0.15723652504071609;0.12787352615198083;-0.07212968809755037;-0.23880247983314815;0.12401528506524245;50.29767561586559;27.081886558851068;4.691849714098883;44.333805511132326;22.388618319343742;72.08608873363676;26.025118978495236;39.65255596560342;111.05160247631076;26.225251651932133;120.75283053031416;34.44300132672475;35.38094533999832;118.18021167197665;34.169935667637795;40.493231635366826;28.37664010012362;20.915946142236407;11.926784652819032;0.997682233458112;-0.2839418305177917;-0.05556085464197889;-0.3322397679991834;-0.2649432507698649;0.31712823061601975;-0.21530293668332384;-0.1853124382620553;0.5107513600338421;-0.12394032316356288;-0.18750926571351992;0.37831161688499926;-0.10920415677716229;-0.09974570741472734;0.3344799490605601;-0.7884915039565384;-0.43982062338893474;0.6099948942951242;-0.22456976387384622;-0.27822244874034735;0.23835444215424617;-0.061393902475717355;-0.21631660767984578;0.14649014741432567;-0.024554031757194766;0.058318111070200324;0.7321098967340061;-0.6786855656527009;-0.46475557080788227;0.6659535123859369;-0.24161362982178886;-0.33808084155926377;0.1254088528755834;-0.02407483320044797;-0.22638584977433265;-0.011685297059101547;-0.003478431544236213;0.09545738663386218;1.0739832772995956;-0.5612633143016503;-0.39466899601824784;0.6208089186211577;-0.1915518767963846;-0.30387921637100423;0.1066751063781613;-0.021859587401154575;-0.20760908109700266;-0.001961208718960132;-0.0035979287829595915;0.07529524852454444;1.3376975452549278;-0.46061316875125147;-0.2612433485818735;0.4804101132000775;-0.15413878599670605;-0.21208094558717744;0.07391102060233426;-0.047572127693252565;-0.16760114629652736;-0.01155085475536944;-0.02174702942509736;51.017536224870305;23.710231049747367;6.455415505864087;51.1006005402793;15.044414682758285;7.645186762131956;42.524706884396764;36.399785812281344;23.46930571822736;37.142557742313606;39.131460574414106;20.073424814215652;30.44367841255828;41.13012356043593;23.272074826207113;44.338614912622575;26.124719354791267;15.247845550332316;8.695419633701574
0.9954961376825144;0.43809580012618204;-0.09454955654984165;-0.0381170542973231;0.38702355190659204;0.3257031788234893;-0.1023425872135629;0.25487845904816075;0.475462905427664;-0.07888535877162688;0.19687418465407985;0.22258277162012574;-0.06538136977810674;0.725891935345372;0.3307438033750128;-0.4844900301998967;0.46252272993379223;0.8919674911175055;-0.1372804766398784;0.06509884053185855;0.2812912034804235;0.03568665574086118;-0.0795886698760963;0.010589156249189916;0.07197795322360315;0.4748885779306062;0.716467278019244;-0.5110337347756427;0.5149108419788592;0.9633522532830019;-0.1282957383720724;0.04146908499035759;0.002219593697183029;0.09672847418434223;-0.081061827919625;-0.17334483069088658;0.10038999568510529;0.24515783151883766;1.071375349618557;-0.5115268918013277;0.4905354805364657;0.8806228840240928;-0.06749720535130914;0.02093268472889798;-0.17406446223780064;0.1621652110346084;-0.09412973039024501;-0.24979380198635706;0.1309747373470896;0.04708219398077606;1.350362633398217;-0.5099888444828615;0.38589609038509204;0.5989640810825755;-0.02219531074207119;0.05600879452874463;-0.16760283418749755;0.11804476812839827;-0.06084601004324686;-0.2169153293842918;0.10408612475948563;52.08059844828511;21.62056788474408;13.70206180522582;42.54730489925375;20.624844645503558;89.33121827091223;24.56394036515599;84.5076258814855;74.79983587958989;26.268571161185527;129.651894310419;27.912496831029543;35.48532641493482;122.49898722412972;30.941272169562296;43.36183551960993;27.308984025593844;19.114594555354472;10.908284240114043;0.9976394409132168;-0.2840660556555848;-0.0581340720108527;-0.3285608479829703;-0.26578564386304765;0.3248476388769783;-0.21278008045568098;-0.18734800455905343;0.5109850103132495;-0.12239312471415767;-0.1838583747432024;0.37805005084034227;-0.10851903320314994;-0.09912050422742522;0.3348866013765863;-0.7868741438774733;-0.43623569963672626;0.6133700711762005;-0.22471678463474457;-0.27610377101168304;0.2410050949161579;-0.06245962993439485;-0.2153982416642636;0.14592221825688784;-0.02543562546995917;0.061090570284230615;0.7312929965110591;-0.6793220852263114;-0.4636412389725217;0.6672860910082075;-0.24184100618873033;-0.3376415240804122;0.12232398099131733;-0.02515518883329365;-0.2249530818774881;-0.015504276174157608;-0.004284873046567019;0.09953034481066662;1.0711963866886354;-0.5638267118779363;-0.3954867406381014;0.6184299880897142;-0.19094369498010194;-0.3036013116474326;0.1038199525261348;-0.022226416695642442;-0.2041809658563851;-0.003626407000153084;-0.004150262531413992;0.07995986138868101;1.3345268403039732;-0.46479936744275513;-0.25580172036905535;0.480639628267969;-0.15469579885571325;-0.20957118556661714;0.07710697538443093;-0.048584378132927965;-0.16517121298148435;-0.008236639125361326;-0.022593179865388804;52.150981680783474;22.893267258972305;5.918227927517039;51.01084521914065;14.828693039157368;8.052477686850402;42.60984430203709;36.83973731966482;24.009121530384395;37.514830373380995;39.39796249440486;20.0701567759519;30.134766955155072;40.61957173839882;23.13246523386811;44.899498894905314;26.058213034722574;15.138062507287657;8.661037647878304
0.9949222956534608;0.41380708530415816;-0.08700974642637602;-0.048336247205418445;0.3878294142398144;0.35191032475538636;-0.1015027914200835;0.28425378610583824;0.4736404891917188;-0.07499487463720272;0.25740471137387283;0.10476834292918476;-0.062323813483774734;0.681662486908599;0.40467920295219223;-0.4630080468687355;0.40475579447114074;0.9230433141914143;-0.1251630580779536;0.039825008152009705;0.2062324365780433;0.03269855751472154;-0.07826808839518713;-0.027863244040720332;0.06187151798850916;0.42709863694934214;0.7638370654059663;-0.48387983201205603;0.46792969010021596;0.9576128929648672;-0.10863491201531991;0.0023879424704388113;-0.10498893428297638;0.10286861287876355;-0.09811232301135735;-0.21368180563624178;0.09447768136065825;0.20090815280286595;1.0794365228468557;-0.4822238305813583;0.4451187318718249;0.8608095720614727;-0.0519299684670348;0.01188017382618087;-0.2127510768511863;0.1561183024983283;-0.08816048721999482;-0.24224470774487328;0.11411706420973115;0.012332099709904535;1.3203629814252837;-0.47999209498542844;0.35150114299549506;0.5780731514363686;-0.012719060226005791;0.04960245466319584;-0.17628052879070816;0.10830012653318877;-0.050067893201562505;-0.1954671821127679;0.08506839465282774;53.58564597147427;16.895756820804696;36.59951804632971;40.651340211825044;20.374100769526724;108.09776827962378;23.312872783852036;134.60639069730578;31.03483245309049;26.263055854084985;136.5014637230029;23.474482724244332;35.52778553089902;126.6050266742293;27.864508472766996;46.44212354563266;26.12025132998567;17.50640709975919;10.008239984835598;0.9975966483683218;-0.2841875363886469;-0.060701309163841706;-0.3248868834897916;-0.26662392478121233;0.33254779345630336;-0.210260731961393;-0.18937760592192635;0.5112137022158888;-0.12084814817489116;-0.18021364309495508;0.37778574029738804;-0.10783441924005638;-0.09849576527355632;0.335289464911393;-0.7852533532823667;-0.432654591380235;0.6167327144420944;-0.22486153069370796;-0.27398718853671683;0.24364800611146856;-0.06352254549498718;-0.21447994814064852;0.1453542228941855;-0.026315122154731606;0.06385659972730165;0.7304714486619163;-0.679951319846523;-0.4625252289713463;0.6686100094067826;-0.24206578744270227;-0.3372001929502217;0.11924460189894318;-0.0262330271657342;-0.2235213970630336;-0.019314997828959367;-0.005089562021520028;0.10359377173291255;1.0684060704411265;-0.5663797348746324;-0.39629929307257583;0.6160507174287301;-0.1903351394801273;-0.3033213471928523;0.10096996446887843;-0.022592271767661883;-0.20075835870667114;-0.005288032124758279;-0.004701385356586826;0.08461385555635383;1.3313512268393821;-0.46897260484629283;-0.2503694318210744;0.48086445870201017;-0.1552502764133625;-0.20706493344393997;0.08029545987713045;-0.04959405155392445;-0.16274500545143922;-0.00492940015558839;-0.023437333475034322;53.26962161086618;22.093192992560585;5.39640831720401;50.92203049191624;14.613833452737145;8.468527562875854;42.694922637368435;37.28440124483533;24.554177672863844;37.88728950522466;39.66709268939141;20.078949203833545;29.823932730485694;40.10470081601176;22.967884516197653;45.46486089495964;25.99258292375018;15.028241955101619;8.626538681698106
0.9950788303434333;0.4213919667738424;-0.09319609151114894;-0.05704177204899674;0.39709304114145744;0.3455760176712432;-0.10409631157007776;0.30038198440905367;0.467902882557859;-0.07430734378172946;0.2768800601868283;0.08444892569614705;-0.06305407507442064;0.6776613105898097;0.40200047562791574;-0.471899815276425;0.4075403475343004;0.9106244856724134;-0.1232893927144832;0.07354167894816388;0.24044110556501722;0.0322239041494725;-0.037957373480043334;0.016468783217446353;0.060373737495525166;0.42398740540898977;0.7642023220245701;-0.48603445460873285;0.47691677320061626;0.9553012519902306;-0.10868922214417262;0.039585215782341907;-0.06014925411807475;0.10180342012786962;-0.07020500145000891;-0.18465623586617036;0.09543623453906895;0.2011593770636545;1.0828123750847423;-0.4771350378189051;0.45007667879490193;0.8594291827978416;-0.05100454094027388;0.04038629337449944;-0.18215647438827595;0.1569978239409147;-0.07165175439531221;-0.2282483221460154;0.11767064124366328;0.015755115626547973;1.3246280522582607;-0.468261204090768;0.36170905150058497;0.5796746921011292;-0.009340396605603436;0.07167201666106171;-0.15710493993990077;0.11081312330289861;-0.03413393881468088;-0.18818327286649758;0.08885626071708436;52.8522520607235;16.43916499486646;39.968606232308666;40.65472475503557;16.00189461461083;80.3384222194591;23.38687647407924;111.77556732253501;48.734826752946006;26.284135254543212;128.1646129683896;28.45326745170419;35.88031439916454;118.16578032009589;31.319426573629453;46.54017135966527;26.22575016764168;17.50319376176453;9.975202185316409;0.9974959919470175;-0.28684804939592623;-0.05865185727189834;-0.3227442932016129;-0.2680484639077779;0.33328380723224804;-0.20863789729974624;-0.18913590134412586;0.5112899513946507;-0.11997645947779251;-0.17806576802485993;0.3785236577274057;-0.1070198179522291;-0.1056584764332969;0.3437200832427094;-0.7794208785563234;-0.42662670751467047;0.6206286509218634;-0.22398800862509738;-0.27294298198789196;0.24604471925252155;-0.06371463029234534;-0.21385333975757198;0.14775360916847605;-0.026545229153527392;0.05850843087236374;0.7355137671215144;-0.6749787121765933;-0.45768425916849853;0.6729384724616714;-0.24220490369786757;-0.3375935325551262;0.12017156232277487;-0.02748976174138984;-0.22399988055140693;-0.018254324119216417;-0.005380602468590538;0.10021486251828894;1.0716840033921584;-0.5622455911334853;-0.39261182514047444;0.6177608017915439;-0.19069156975846244;-0.3055766479280047;0.10241920762001273;-0.02377633857860742;-0.20294702220050684;-0.003149890462985358;-0.005033037150653747;0.08266192321479629;1.3328573088419047;-0.46552835139149373;-0.25159624573921235;0.4791115902265292;-0.15664868978136565;-0.20999112624864325;0.08168986432021462;-0.051187710587708234;-0.1650545358102721;-0.0011036361124331494;-0.02406154181297514;53.040978219957424;22.089862276401487;5.139441606510939;50.06027329443665;14.722376666985063;8.345480161704488;41.934398831519914;37.52088800953424;24.405924922133828;37.377948862111104;39.80703630177921;19.593897422098543;29.89656972748188;39.813988839832575;21.73599015313416;45.60060389816531;25.81346741676656;14.88581047013403;8.522090579105594
0.9953583254892572;0.4346516288418253;-0.10189159736280347;-0.0658150294784007;0.40821776571082224;0.3337926518704444;-0.10738386351381288;0.3149880782981591;0.4615038671563213;-0.07415308103176696;0.29035226682211934;0.07954940298077577;-0.06445787571141944;0.6804173673961623;0.3867505885045975;-0.4862827191172359;0.4205605401604784;0.8909599770523717;-0.12308852759108584;0.11815884221660852;0.2939217057593731;0.03215994340157161;0.010136874791422786;0.07596354802048387;0.06026781395787079;0.42830047206663086;0.757121065166314;-0.4932812567987225;0.495620790842124;0.9538418333859116;-0.11203806853781081;0.09063899962842871;0.011262992491761695;0.09955282123848382;-0.03396343688766755;-0.14327779719444225;0.09759687279517791;0.2088344796649095;1.0859444227104602;-0.47604906603355335;0.4636821180615983;0.861370377858018;-0.05248170964506981;0.07606913069507351;-0.1391681948863129;0.1591094603542016;-0.05287200949678704;-0.2128009372172238;0.12475577043239909;0.025595273886319683;1.3351950460575166;-0.45932334432557126;0.37975706320313923;0.585261461189411;-0.006856131605975921;0.09921398379051424;-0.1327453768244519;0.115475157951671;-0.016821919921434954;-0.1830598354944774;0.09656744767119063;51.70523048660827;16.65675863369196;39.99246617687769;40.98746357811055;13.348137354152845;34.89124783431856;23.684411632044448;72.25084542558655;77.8485310576897;26.31631668512211;114.98344110041478;36.69655526163758;36.279155223430685;106.83077878067357;36.34766594209358;46.09499606801579;26.569054666701355;17.778258943761106;10.091269289520312;0.9973855940204936;-0.2899080146360655;-0.055816876049736765;-0.3208224241027697;-0.2695444652348905;0.33281281166559906;-0.20714175972171625;-0.1884913739594587;0.5112857459762453;-0.11920424426533863;-0.17614832919993906;0.37939042873663603;-0.10617095493772843;-0.11412834311040818;0.35347414258792414;-0.7727894987905928;-0.4201346020095013;0.6245520119587435;-0.22291810919660393;-0.27204880447942703;0.2483762276371004;-0.06375352914677448;-0.21325217530236787;0.1506391806292062;-0.02666344983915283;0.05178249290635842;0.7414695613055952;-0.6689853982604488;-0.45216192692294743;0.6777051260859979;-0.2423037572724424;-0.3380915402180297;0.12176089999936024;-0.02877503786282607;-0.22477632243608844;-0.016370680498552507;-0.005584940439106129;0.09556894947601349;1.075871779958637;-0.5569211089640964;-0.3881208102042498;0.6200946852290757;-0.1911903278406872;-0.3082283100893249;0.10458260186345646;-0.025096860439012426;-0.20606067305608997;-0.0003695651204671726;-0.005327577747922523;0.07958720874934411;1.335009894393235;-0.4607483305638945;-0.2539181122573812;0.4769725206127507;-0.1581738608500562;-0.21381226701899644;0.08277509779843799;-0.05287591396908339;-0.16814590451123823;0.002813727783911276;-0.02464683891091625;52.58552368355954;22.221632420505873;4.925221685594335;49.069131154919894;14.888085883313172;8.134771781631171;41.03058258606538;37.724016215436016;24.142761890437086;36.719663072090654;39.9307697168404;19.044215927790884;30.040107352476646;39.55847161615058;20.383414365802313;45.65781262710806;25.61327928926159;14.738962879667417;8.40685595028563
0.9956378206350812;0.44823770272924957;-0.11082433604883535;-0.07483232159349035;0.4196108355781791;0.3216280969363645;-0.11075239315464742;0.32997445706626355;0.45486238251892674;-0.07398499717571386;0.3041752595498009;0.07449887859408347;-0.0658938999118258;0.6831665986749479;0.3710130959740173;-0.5010178112187257;0.43390203941532934;0.8706170708122423;-0.12286630828747865;0.1640444683912227;0.3489034841751003;0.032090073127088545;0.05961327420595017;0.13716007044344616;0.06015121691067493;0.43268340490304913;0.7497403053690669;-0.5006740912276193;0.5148001121505775;0.9522197302530778;-0.11546906679896812;0.14314987866377232;0.08472799135147352;0.09722488578957282;0.003324916354655962;-0.10069097412695059;0.09980731150734223;0.21670393001388794;1.0890291426366692;-0.47487161440104747;0.4776202417755329;0.8632584090787221;-0.05399472787845038;0.11276876076151598;-0.09492574387230399;0.1612617035496134;-0.03354537340923871;-0.19688227836758634;0.13202891651965057;0.03571524592149865;1.345897037315274;-0.4500702612501629;0.3982761705407093;0.5909348718967318;-0.004299538963896382;0.1275356421757077;-0.10766831111183015;0.12025668345863409;0.0009902089629884971;-0.17776585676696316;0.10448822721440554;50.49668529458636;16.895042619945897;39.91090974622424;41.32522204315708;12.027931654009365;17.23015751457204;24.002666665385114;46.962883241273715;86.54141500728001;26.350200937529376;99.81323168876725;46.20984827656514;36.66449260907315;95.22385797773853;41.37504190009764;45.616733200586445;26.926362315101986;18.08362526877639;10.222933446240102;0.9972751960939698;-0.2929364250368054;-0.05297325130066703;-0.31886165407730954;-0.27101011637578876;0.33230260335557615;-0.20562031396968838;-0.18782435476276707;0.5112218392784026;-0.11841753149157548;-0.17420888503216472;0.3802135519206926;-0.10530905865130921;-0.12259123667781202;0.363194245795522;-0.7660629138204914;-0.4135885720217604;0.6284053924280336;-0.2218213792240978;-0.27112219168408;0.2506804841060535;-0.06378501326415134;-0.21262566046777318;0.15350932758942;-0.026778645947812475;0.045045464159336274;0.7473432479113126;-0.6629094779530915;-0.44658265801266067;0.6823962254332593;-0.24237439341258601;-0.338550445564972;0.12333721281940295;-0.030057918176480406;-0.22552710161105127;-0.014483712646009733;-0.005788779566019604;0.09090839318076199;1.079937077824999;-0.5515276067579479;-0.3835811096073499;0.6223579163932687;-0.19166713647071962;-0.3108459720819562;0.10673540755827751;-0.0264154423936787;-0.20915259941924483;0.00241288868414965;-0.005621717205614179;0.07650089550852526;1.3370082176320937;-0.4559109272678787;-0.2562120725534893;0.4747761549587931;-0.1596817073297854;-0.21761130884930294;0.08385148034263903;-0.05455920971066282;-0.1712199589657742;0.006733701265047908;-0.02522969721159696;52.12866510795572;22.35614555544283;4.711066723579305;48.07988445731761;15.056772363597291;7.9282594939728765;40.12598317497743;37.92935129059907;23.882138483330476;36.06094474963184;40.06055530049647;18.515269119101664;30.190213050987143;39.29993682772493;19.09138965714086;45.70876882891561;25.411311888961432;14.593403065089216;8.292722242087411
0.995624953443638;0.45845632158142946;-0.11253025858518709;-0.0744756745035532;0.4289006084444465;0.33744514973722234;-0.11091490063876461;0.3312727582929541;0.4818853090083093;-0.07415653688017204;0.3069104011716632;0.12232928265949698;-0.06462185441922458;0.700465131757572;0.34727179096848565;-0.5170737905599408;0.4477608337800368;0.8889129591284991;-0.1321463968653963;0.18057565183236418;0.3612758178308497;0.03230970584229745;0.06390578182969248;0.1234530891341789;0.06546346696997832;0.4483402328744754;0.7275119316369174;-0.5193432630851991;0.5365549823212388;0.9723674844321532;-0.12687403226299293;0.1601781125163307;0.10983862004388494;0.0982222507374137;0.007132566504164912;-0.10081468865271816;0.10543598270913758;0.22947422836026773;1.0801440488333007;-0.4959986889662417;0.49739525678301094;0.8929914148566339;-0.06509342681987937;0.11763413132970185;-0.09113589230584852;0.16423847912189957;-0.037248884365156616;-0.2067992348459427;0.13982649807557018;0.04371826493219667;1.3562016120002345;-0.4734149929006727;0.4105478263383455;0.6200634924571289;-0.012718786497115522;0.12952597450809492;-0.1086982421049295;0.12145906734826241;-0.005409527117825999;-0.19021161643236056;0.11015867324970512;51.15702617687156;17.586642654283924;33.53379998639088;42.789161227498056;12.137825260201641;20.657490069648414;24.904690427121448;42.17894052806711;89.23339890725319;26.35708300366822;98.50288129747749;47.999648649795176;35.98578699157061;95.84451512105689;43.227053506261356;44.30703260553303;26.99327480203863;18.7491296999879;10.645201194127296;0.9971062999115412;-0.29390713219904396;-0.05234352933003479;-0.3200387392978006;-0.27040844923545315;0.33445474241405476;-0.2056189117576104;-0.18623371234075856;0.5133305842673999;-0.11781000378989365;-0.17780153446422492;0.37945532313309255;-0.10428342895223608;-0.11738527566495928;0.36483860724319794;-0.7646148570084351;-0.4172900726791584;0.6281578371938594;-0.22090162050052767;-0.27259891309370343;0.24940132462814346;-0.06306362805155896;-0.21366125191543037;0.15674353049396553;-0.02651856341768925;0.048153255136021804;0.7495967283441314;-0.6601409007746601;-0.4505100624734993;0.6886174761506539;-0.23927956258045968;-0.336797192832224;0.12685700753182663;-0.02771865797839887;-0.2250879057993859;-0.008343396201554767;-0.005151692421814506;0.09178971442527056;1.0825111779963486;-0.5478888210860207;-0.3874859972345156;0.6286672596617707;-0.19027245465537046;-0.3099441146273662;0.10731446320914408;-0.025362842862815888;-0.20956809581188038;0.0024323488125658444;-0.005314578292608512;0.07529263050723023;1.3402497285403083;-0.4515119885287629;-0.25892616923477424;0.47993670622097484;-0.15815920757721144;-0.2169746909428186;0.0817325037369105;-0.05345124846420345;-0.17037924206073934;0.003246427007791199;-0.024909600237432362;52.23564548367802;22.370056016599452;5.343975299239598;48.304450414958325;15.116331148895343;7.3075722165890475;40.41753658099792;37.406624516563156;22.940189103870825;36.152973534454404;39.927111411571055;18.644257423727517;30.18003822298845;39.75756612345256;19.762206042600724;45.98278977678727;25.40491949976495;14.579915619573509;8.309059930192156
0.9954950840973704;0.4669082548093389;-0.1110464866863598;-0.06999709303115445;0.43697351033238274;0.36524542590404924;-0.10954530942697506;0.32627369240165505;0.5235050603413974;-0.07436374909527055;0.30454719914987377;0.19427686514502723;-0.06204835320655112;0.7235158978276899;0.31869582802281043;-0.5334864802119724;0.46165998243604944;0.9229657866721799;-0.14561430377188037;0.1849389122162049;0.35539814631781735;0.032610566854257006;0.049013163452241396;0.0771384031861921;0.07318429535566404;0.4686852421383625;0.696998611647533;-0.5427034910179922;0.559383139845605;1.001026177204209;-0.14190325757959987;0.16247843161479175;0.11511838730582967;0.10052035927934024;-0.003189767275389982;-0.11897838027880556;0.11256642880715706;0.2444510796924874;1.0641485965163184;-0.5266421543205868;0.5196198170572853;0.9343038859088681;-0.08058759086257601;0.10893830975819088;-0.10429341422180302;0.16742189752374184;-0.05084203313401194;-0.22776864616053305;0.1479206190296086;0.05104994228899491;1.3646109326757996;-0.5107782838271517;0.419977171424513;0.6593039176071336;-0.02610721915933951;0.12017335228851576;-0.1207175198391316;0.12099278939693973;-0.022352309805346415;-0.21038154639524173;0.11491062121803063;52.525700148776195;18.395739608370693;25.41965248224017;44.75707055929905;12.717862287675223;34.32796448232662;26.183237836902304;41.892498134415625;94.55128657052131;26.44109220745027;102.99594175005899;46.342352749649336;34.9683588598491;101.39207910824058;43.29164252744099;42.73455687117698;26.873473252413756;19.58681139775398;11.219294494563396;0.9969139929777198;-0.29405117140182624;-0.052602658908373866;-0.3224972931964907;-0.2689572481886013;0.33770736978463045;-0.20623047544058398;-0.18424626501125213;0.5163380376839412;-0.11726582836641858;-0.18367803081331707;0.3780409440274229;-0.10317721880402149;-0.10657288918418967;0.3632241010493422;-0.7652768763860113;-0.4251844623109831;0.6262352816565036;-0.22003889340251254;-0.2750637805420916;0.24665008069708338;-0.06202723212309618;-0.2153800184006652;0.16016265171317046;-0.02610275803116997;0.05528907398994104;0.750398949682275;-0.6586687594026859;-0.45833231842865996;0.6955248618058824;-0.23485989631702203;-0.33412051836731077;0.13120590565156454;-0.023881992358418258;-0.22415749816158861;-0.000403386426117087;-0.004165827628001159;0.09492683942755893;1.084495828472548;-0.5449081474545227;-0.3948559160034345;0.6366845782932773;-0.18809910022610887;-0.3075997804807773;0.10726107354660949;-0.02333576335816339;-0.20890059674764802;0.0013320410404447202;-0.0047598558342269465;0.07482961453996352;1.3440144055118801;-0.4472297605703249;-0.2618399514387562;0.48813541992115844;-0.15538721949677647;-0.21452893209723958;0.0782909936571175;-0.05119741871235437;-0.16793873176743934;-0.0032862692651557954;-0.024219175500313852;52.569959218529426;22.33494132589791;6.352900037453032;49.0412215846871;15.13505069191355;6.546202989850609;41.18924851282145;36.5838839954131;21.694739397490327;36.54343568218337;39.6871104009287;19.041286878684073;30.105868945317802;40.52599481866476;21.27800258883405;46.35586271527062;25.480279482202963;14.62313157135477;8.380294314688804
0.9953652147511032;0.4748357032584076;-0.10926178421642918;-0.06515014257384527;0.44456376545342974;0.39370390954308737;-0.1078836021311639;0.32035819278712596;0.5661576621563512;-0.07442999468849326;0.3014447222373281;0.26945701760580065;-0.059218736554998985;0.7462558718727651;0.28802993366316737;-0.5496405639340611;0.47532002282986313;0.9568565200752459;-0.15946487273569063;0.1891456379312747;0.34850043327491775;0.03286019952954002;0.03326974720097093;0.02833111128593833;0.0811454526265213;0.48910188821171136;0.6635273821818599;-0.5661366937786549;0.5822234788518158;1.0290918195611545;-0.15740143481394922;0.1645639197130886;0.12043000233526541;0.10272968135854187;-0.014026137178310824;-0.1378157660926669;0.1198272442196712;0.2596854389627425;1.0451797636591282;-0.5577585743179163;0.54190708496828;0.9757972634525897;-0.09669900056308826;0.09958216351001536;-0.11790208179499256;0.17042495189801019;-0.06501713029592968;-0.2493317240530962;0.15612171866964003;0.05864739345360223;1.3706657612319006;-0.5489856956085358;0.42902687909624043;0.6991807024033856;-0.04011764068775258;0.11010440823642113;-0.13309710229399466;0.12025663851961824;-0.04010396442010752;-0.231140229741266;0.11966822331364922;53.829607630432776;19.134271479931556;18.632171131049457;46.7803998558783;13.387141329879771;59.097949587019194;27.637530038198516;41.63029527220739;99.0735142554002;26.639767579764914;107.52461768812633;44.35441456347693;34.05102308677593;107.03663541276184;42.694218109578195;41.25317862001024;26.670738763077093;20.46340648085342;11.841765669220601;0.9967216860438984;-0.29418116310512255;-0.05286267639676114;-0.3249739676933831;-0.2674701296694785;0.34098885481925173;-0.20683962731191266;-0.18221973689462784;0.5193609669955201;-0.11670728333867095;-0.18963008113306198;0.3765851941786027;-0.10204922197354181;-0.09559707860994504;0.36156612120835296;-0.7659065214965326;-0.43317055191939247;0.624250320988616;-0.2191515109881557;-0.27754946521645796;0.24384519829530696;-0.060972326519726325;-0.2171120062551549;0.1636228061066794;-0.02567945966404459;0.06252584924814508;0.7511716569184969;-0.657138995965175;-0.4662434029554007;0.7024947188952129;-0.23036292458540147;-0.33138648907077534;0.1356109768988414;-0.019988102503599944;-0.2232012227226694;0.007652357588664689;-0.003165366788179617;0.09810447015015354;1.0864498511608642;-0.5418541141765042;-0.40231155685023406;0.6447837747124103;-0.18588374416830286;-0.305204391073942;0.10720101601495513;-0.0212778612413171;-0.20821189909670887;0.00021562501713238207;-0.004196787874777987;0.07435574194117449;1.3477601451353403;-0.44286056864441314;-0.26478181916782123;0.4964268119057562;-0.1525663019641719;-0.2120357505069377;0.07479503041078416;-0.048907931940949036;-0.1654534335296059;-0.009913987982959503;-0.02351735910360492;52.90582472301846;22.299762202383533;7.39289650841249;49.809596384445335;15.158080426138984;5.828178469612732;41.96248620708593;35.75256756057436;20.4174615324703;36.93145761720363;39.44742167638057;19.450261358083445;30.03363041663111;41.32308257226925;22.877713412213723;46.73861067868621;25.559364680299318;14.671403163497637;8.455038359664798
0.994993705518423;0.4619259337101621;-0.11021828851367449;-0.06537756574999214;0.4276060746233253;0.3921087671607642;-0.10608662898447582;0.30278021652173526;0.5591535504597877;-0.07372468874447413;0.2848006764255945;0.25551502801438786;-0.05575552932519189;0.7332996190669466;0.3198332102202111;-0.5329302059153121;0.44987500700604005;0.9944041754528085;-0.1554794754251057;0.12970750541498993;0.25365318551602223;0.03381854537578221;-0.009831319345957549;-0.05172054395826862;0.07855997284280203;0.47199812640118277;0.6900583077923508;-0.5486686618721088;0.5447144434192164;1.0359918453506451;-0.14703177523133265;0.10655761072614285;0.02844582207302092;0.10328535701914046;-0.04646862927076861;-0.18517613141146366;0.11212947953640788;0.23968437140103935;1.0537283098488361;-0.5415059962187044;0.5159525987112763;0.9693553926934413;-0.087006809974418;0.06558089611567543;-0.16323418912025284;0.16762553355580814;-0.0796589521409038;-0.26443524952211933;0.14436376796657133;0.03966529216183966;1.3573426018155097;-0.5346482725185888;0.40625122635969146;0.6931416613561447;-0.037854390179308785;0.08989246374463461;-0.14674875836066567;0.1130735803880569;-0.048181649904977294;-0.23148073238672393;0.10686565034378293;55.22873400090687;19.19962605813339;19.570544685963245;46.402196823533565;15.126128688122094;115.6338677166709;26.830384462827734;66.06101646923655;87.66634314099849;26.439232637345228;121.28023696061858;34.85300659184323;33.644054538573194;114.80344145376641;38.65843114674552;42.76087998253957;26.639929334173875;19.78543672920985;11.383906097092595;0.9970100670245504;-0.29396824451892156;-0.0539910143866729;-0.3229582228840694;-0.26622494336447644;0.3380905761765738;-0.20548659654692672;-0.182186621060212;0.5162820657949216;-0.1160229206525275;-0.18667353831246156;0.3754287898472513;-0.1014873237681286;-0.1025561367665853;0.3657704773620096;-0.76209830748322;-0.4327752482206484;0.61798000094191;-0.21782910463756203;-0.27375556412485647;0.2391167210989246;-0.060440173187245656;-0.21486881609458452;0.15571122245496752;-0.025023415982922147;0.057141844135721175;0.7543617416957045;-0.6539672563015615;-0.46306716213988036;0.6876175682176443;-0.23036766522061852;-0.3306734417933157;0.13207872596892511;-0.020162260664034228;-0.22347011236702288;0.003037638230044732;-0.0022254537082641622;0.0952182630566246;1.0862408747479397;-0.5391725987475605;-0.3991236509511883;0.6322181120970736;-0.1848004603466369;-0.30339248086651255;0.10971996846087353;-0.021369236143508333;-0.20797518178213986;0.0050521233212309875;-0.0038706663059362052;0.07285536459387179;1.3425445430760625;-0.4406179861957464;-0.2620770830531318;0.4878774096506772;-0.15171305170589688;-0.21061692676837346;0.07924557472650977;-0.04906420108551345;-0.16536516305068563;-0.0020090898271602074;-0.023229176746106337;52.97076485831672;22.313418132288668;7.021384398855239;49.25622927940566;15.061124149079884;6.5629675143130175;41.65150958224411;35.89505643575854;21.149748645152457;36.98190588084394;38.67531697330139;18.671866025856126;30.119527981071176;40.005357170620215;21.409585661181485;46.79532691917225;25.51970700453957;14.541232036232314;8.353748592878267
0.9945834329469546;0.44544995525908354;-0.11134846388995948;-0.06626802198963395;0.4067557252006377;0.38509110961512355;-0.10414853286117652;0.2836127347642589;0.5435692182625199;-0.07278861772288836;0.26626115246463744;0.22768564113270925;-0.052249158010251054;0.7139109765277721;0.3593584850745122;-0.5108000770404295;0.4186018034445893;1.0288204547912267;-0.14856978005176216;0.06280592101819288;0.148952569001809;0.03477769996357705;-0.055179433760381785;-0.13279492129571793;0.07428207085184237;0.4488768398798916;0.7234566283518746;-0.5245189124456616;0.498416654462004;1.0372218902352295;-0.13279086618563482;0.041624940969713774;-0.07456623552285963;0.10335403462176446;-0.08068681478071921;-0.23442572000763634;0.102221524376961;0.21461322413033318;1.0641722155026085;-0.5175077251361986;0.48262534008564184;0.953784632406064;-0.07353740535136041;0.029181996543633102;-0.21109912450874105;0.16371980642426257;-0.09352436320916589;-0.2772906373881141;0.1297376149807339;0.017316726554241695;1.338971037774551;-0.5116710890618852;0.37875300144935536;0.6788073501914708;-0.033058902475927986;0.06886763577396704;-0.15966831160530823;0.10499645348786601;-0.054256476927615795;-0.22813706383980348;0.09169539549894959;56.67352561532485;19.164480920887474;21.78212222818281;45.54362971716268;19.773198793258207;140.53860813843153;25.704580002069026;116.92218918659498;46.63636025669025;26.156519538405586;133.8006786991852;26.40841918250366;33.28188809159668;122.86912452082863;34.16836523670986;44.87234608825411;26.569831557062432;18.920176889335007;10.808755379277708;0.9973755589025662;-0.293684272744014;-0.05523600479648181;-0.3202370879383695;-0.265020323045443;0.33423113235405416;-0.2038286999077121;-0.1824594304762333;0.5122453010349848;-0.11532165489346695;-0.18233209675631423;0.374313315707569;-0.10101780562751728;-0.11225489637666647;0.37081702436802727;-0.7575925239214691;-0.43102141632182667;0.6110855955740635;-0.21644388270977985;-0.2690032831564742;0.23414136541783648;-0.0599957826230868;-0.21201359803960906;0.1461037167559425;-0.02433910993147285;0.04982899595410136;0.7578350766704198;-0.6505405965273383;-0.45814369999317284;0.6694509117332761;-0.23107420740190432;-0.3302716013638183;0.12732927010955586;-0.020980566114865904;-0.22391487263461762;-0.0035225251768960237;-0.0013101055980526799;0.09140554555828122;1.0856173130174767;-0.5365570813206695;-0.39426374372303197;0.6165180189529043;-0.18390249261828595;-0.3016821450372704;0.11260214736595447;-0.02180022193111306;-0.20780026672964816;0.010759433570901459;-0.0035872717957795568;0.07121053776503941;1.3358939203257467;-0.43872054850989733;-0.2584981703140499;0.47674834736992305;-0.151176824314729;-0.20937785945234033;0.084885821397998;-0.0496044216889873;-0.16564915752012455;0.008085203834768432;-0.023009965762919235;52.990735159006654;22.335366087416823;6.425976329759505;48.497503581707235;14.945027437246123;7.634385567460412;41.181214428234625;36.183955299891615;22.181630351657265;36.98865536700678;37.82142643381498;17.722691597521273;30.23662409642314;38.376403789796996;19.487924912647188;46.80896365605519;25.461218395611297;14.388626381244634;8.226493359029664
0.9941731603754862;0.4288607722577922;-0.11219247626089841;-0.06697746835099878;0.3860872313146551;0.3776205837997096;-0.10208993076137762;0.2647994973460719;0.5276246392415299;-0.07174776762470694;0.2480809619525944;0.20075189924988035;-0.04880682975456017;0.6939961610348527;0.396197544869188;-0.48869917052013806;0.387997991696848;1.059414857106569;-0.14169182224865265;-0.000938889581436522;0.04908735016373545;0.035617695887137917;-0.0981853083086888;-0.2096110668730939;0.07006048001734033;0.4259617336213477;0.7537155884984049;-0.5004691930027253;0.4533610912586214;1.0362430907009295;-0.11897455920480594;-0.02020381499813441;-0.17236287639436274;0.10320525941755064;-0.11305673832515109;-0.2807701145180407;0.09258861263530531;0.19032928705259716;1.0718987785754173;-0.49361656430168116;0.4499357758194715;0.9370032734681608;-0.060577431437970945;-0.005489075751611974;-0.2561752103216588;0.15966685189738325;-0.10651485040661099;-0.2889400859625776;0.11556131527834428;-0.003969725829834517;1.3187286360447104;-0.4887629394820484;0.3518212436218174;0.6637712581886802;-0.028430540972702104;0.0487331078655271;-0.1716224059250167;0.09709867394315758;-0.05992046641391424;-0.22448512566084783;0.07708052297064699;58.14447456687571;19.13057968920078;24.202684464465182;44.61132192802878;47.5034863297175;121.67086711748908;24.64835568596384;150.5920570517582;19.52615169544516;25.864924453465886;143.34376546778304;20.43264186566863;32.890179962308174;130.67863036285758;29.931432030048313;47.09258380786464;26.428781364592584;18.126900347277456;10.297653143784535;0.997741050780582;-0.29338263420475713;-0.05645712329661592;-0.3175348544049728;-0.26381476957347666;0.3304075494423093;-0.20218166134751542;-0.1827141541059116;0.5082337708318203;-0.11462278570436223;-0.17804560657160245;0.37318725042751005;-0.10054809564852563;-0.12179168772933606;0.3757557206898148;-0.7531008842568783;-0.4292628171436274;0.6042541929121455;-0.2150642514423969;-0.2643059156189553;0.22922708430167268;-0.05955389800924658;-0.20918756987638756;0.13663723966238228;-0.023663797466533056;0.04262812469863892;0.7611962555361874;-0.6471190798781665;-0.45326358817943047;0.6515212543226643;-0.2317521309046018;-0.32985119878660907;0.12264537351432886;-0.021784337468181172;-0.2243356975556146;-0.009978598201140528;-0.0004091454068604664;0.08764627277242731;1.0849217007680363;-0.5339424705101614;-0.3894510012765565;0.6010198820112488;-0.18300485954336818;-0.29997611331775415;0.11543021458209779;-0.02222274169456953;-0.20761243962442313;0.01637560504990873;-0.003308091744296435;0.06958636936724846;1.3292477489148598;-0.4368200353580231;-0.2549563933692702;0.4657594446120846;-0.15063767592346677;-0.20814260287070901;0.09043039719699701;-0.05013234939062655;-0.1659161576650159;0.01801912982602164;-0.022792487823992458;53.00923761528772;22.357798224516436;5.836874455025192;47.7491069560722;14.82952162851856;8.806870067115954;40.727429778082794;36.461182231425944;23.184101944534163;37.00673632901817;36.97162618106157;16.798049471203516;30.36041838293253;36.78129709757504;17.641142497357762;46.83302581139912;25.40340244483723;14.243046747082301;8.101999242291742
0.9950383594216122;0.43803893941848976;-0.10391786403541746;-0.07300881728105021;0.4079387787192368;0.3729917756823477;-0.10710217020479534;0.29276790093614125;0.49861031724065075;-0.07422301400806462;0.26989380314907513;0.16119948858552516;-0.05535731332327098;0.7040325926984273;0.3736605411697042;-0.5014900156155262;0.40801447501534427;1.007252697147839;-0.14921285893978264;0.05253067836718599;0.15462060987838738;0.02358889099133877;-0.05195306940819694;-0.09395799816535809;0.06190994152621155;0.4368395455848921;0.7401561717934697;-0.5112142924148547;0.4802318177169544;1.0301731369485179;-0.13180848509978943;0.03802550536918281;-0.06849554561846469;0.092980690761095;-0.07569044218771126;-0.2175959579755101;0.09165371579380638;0.2034564292331616;1.0718981529673008;-0.5010362527438801;0.4698796581765707;0.9453490089712228;-0.07181015392208473;0.04136647633834888;-0.18830802354304715;0.1555550724858132;-0.07847965743269578;-0.2590687216788297;0.1217384682492961;0.009916303204260202;1.331865406176122;-0.49251145822226955;0.370022823967592;0.6854414106447335;-0.029523170249053918;0.08126437973288077;-0.1328595949441492;0.1015865551269991;-0.035273631104462584;-0.2081101358884394;0.08619774846793797;54.87335977099353;17.30926361329011;28.520210060310795;44.367025928269975;16.36872146580211;140.57838723118044;24.685963296672956;117.64770282671881;47.03053167115277;25.679204524351935;130.36013913148054;28.731056658854563;32.73479668768212;116.20154098940708;37.710563467627914;44.52898641967688;26.80702643377478;18.5231044895656;10.486355426698946;0.997688959649899;-0.29523253253606657;-0.053665788909331553;-0.31687596562769643;-0.2651604464226341;0.33116173492493933;-0.20229439732127877;-0.18321461206135778;0.5084107122009197;-0.1145121375172523;-0.18269508069504464;0.37209493710919783;-0.0999376869348147;-0.1169372181890563;0.37356592856165777;-0.7515496603892073;-0.4370940211284959;0.6075123472235484;-0.2128215702285789;-0.2683147195141626;0.23266877076022524;-0.05659096737308022;-0.2131298389181493;0.14359494232977543;-0.02215028996655826;0.046856198146683604;0.7626750620960958;-0.6450823562553506;-0.4643909515818342;0.6626165526649005;-0.22866211463089667;-0.3296825122338773;0.12236035118350892;-0.018059190968000585;-0.2240439231716428;-0.008257650449093889;0.0013889328035137532;0.09125447409198435;1.0902624483836472;-0.5313605612853409;-0.3985078953480607;0.6165733720140751;-0.18100995582773383;-0.30050557105614584;0.11230799850777434;-0.018744426061169318;-0.2080943872128897;0.011724888180874709;-0.0014471684680278064;0.07303319266261447;1.3371633194115582;-0.4336721609683876;-0.26235638080965634;0.4755737325378388;-0.1483836332680932;-0.21053606026888175;0.08776344507847265;-0.04750822247216589;-0.16710654328639976;0.011965454703568003;-0.02142843134005117;52.588157110514715;22.360872844631135;6.377927916472964;48.37025707512753;14.690143320096135;8.046241833995277;41.3601431672039;36.40014106964618;22.70445163601451;37.25173298562546;37.64718041890451;17.505865523955105;30.7526516291847;37.53775284226884;18.81110193713352;46.911335174598634;25.592668128475722;14.306471367379698;8.107404965235377
0.9959944520567432;0.4491878443458571;-0.09460105828572708;-0.07962092096026262;0.4334851502219515;0.3681742108856568;-0.11276139552926571;0.32504480393469726;0.467225777791428;-0.07700751855122742;0.2952957927055407;0.1190813396336728;-0.06285499122102257;0.7162251554816516;0.3457498262587619;-0.5170153526931899;0.43223559954558466;0.9465049440824262;-0.15798369351291328;0.11652014504317733;0.2790221682134923;0.010144543948443567;0.0025588622751379136;0.040174286423330374;0.05311899549273907;0.4503333463953232;0.7224917516932433;-0.5246003677654246;0.5130706082320258;1.0229173070073434;-0.1469936905256551;0.1071760437915265;0.05403089701494089;0.0815739543379218;-0.03178510414134429;-0.143918927790201;0.09125582065536787;0.21968013570038944;1.0707391464851688;-0.5107202707763839;0.4941353151510966;0.9553012426778325;-0.08518767517366391;0.09591933541053485;-0.1095221193126317;0.15118865290729724;-0.04633859086703249;-0.22488157744279133;0.12955586076157527;0.026876772722057515;1.3471747693110852;-0.4980488634692393;0.3919838412592262;0.7102250508854059;-0.031053971443714735;0.11882709241665505;-0.08883816515778226;0.10708599454770036;-0.007450135461549401;-0.19005410296027683;0.09733471505180333;51.30865432981063;15.041382512022619;32.92662306407322;43.97024421350836;10.719744156965474;53.31497691108538;24.818992797397662;54.063773713756845;98.54635371068969;25.492449912582302;108.03511826300482;44.04780239994814;32.56977592407598;97.67661029729479;47.47928413668313;41.66025145050067;27.21652777954415;19.042112820884928;10.74876559215329;0.997607112189588;-0.2972742317525902;-0.05051562085889762;-0.3163400619019679;-0.2667155354753617;0.3322557789348276;-0.2025314075401587;-0.1837397327089979;0.5088804843290684;-0.11443814037463948;-0.18809748439787344;0.3709683105708016;-0.09929960224876044;-0.11092198760332733;0.37079746567692945;-0.7501525884901579;-0.44579486115306444;0.6115614142036019;-0.21045651860167855;-0.27304200887457836;0.23679097188274906;-0.05337283418485079;-0.21765041622729997;0.15190370291713073;-0.020539121267143787;0.05201114537744023;0.7640319020381003;-0.6430786059453147;-0.4769305798934057;0.6760590631484267;-0.22521883571286547;-0.32951869675294176;0.12238311022998703;-0.013916390613470336;-0.22368729816798255;-0.005903769397808768;0.0032951203457774352;0.09547969647970377;1.096137573648724;-0.5287039314651732;-0.4087744859373512;0.6347292212785702;-0.17888260347961796;-0.30120097038991217;0.10867721147178082;-0.014899794855706684;-0.20863051469460725;0.006219505894370758;0.0005729616953950457;0.07692760674044852;1.3462847678757328;-0.4303461294712374;-0.27071829903293865;0.48711514435889536;-0.14594716188839693;-0.21324359759417372;0.08443605948498856;-0.04459167487166415;-0.16838765127903702;0.0046096753998190075;-0.019948031898059687;52.12626684683223;22.362611131469865;7.020704374691791;49.10511717670367;14.555919801943404;7.182407754271028;42.06591760016391;36.323538077483114;22.102438072103144;37.51060207040678;38.45268424200154;18.34461145676101;31.161495474281868;38.480576954962146;20.23724896766486;47.00927575939964;25.804673643154665;14.385336355010487;8.121478364224144
0.996950537349064;0.46044437454351245;-0.08485943569994758;-0.08642994324188498;0.4597026484048839;0.3629094949395716;-0.11855737125520656;0.3583282974682211;0.4343043518812988;-0.0798439703253552;0.3214618363537323;0.07526261243262398;-0.07059550641224134;0.728375103965116;0.3165220441041812;-0.5327678726302464;0.457077902276676;0.8827523711802397;-0.1669784224449291;0.18288133607456458;0.40799717659906237;-0.0038227807037760782;0.05916014570811347;0.17942349900736496;0.04395296338500551;0.46402391064800447;0.7036348848740142;-0.5381261554089946;0.5468035674098609;1.0146542556730103;-0.16265668790569543;0.17890295259316474;0.1812191733577996;0.06967151000567019;0.013827169407748757;-0.0673129664054277;0.09077763765351507;0.23636968050018042;1.0687727284250637;-0.5204118737677255;0.518969368708623;0.9649545665462709;-0.09901768196449456;0.15249659272482122;-0.02763580763035674;0.14654700092945347;-0.012931517246131915;-0.18922271501313753;0.1375808280077374;0.044468725226111686;1.362111504067149;-0.5034438111531954;0.41450801619802163;0.7354533683901605;-0.032621369548411654;0.15774610817175228;-0.043064693498496495;0.11272009867685621;0.02144602772355291;-0.1711699862266527;0.10882956018162761;47.79759589616961;12.471864800277768;36.911812713210736;43.322215158798535;9.599682142789534;14.790688229461633;24.972847188128995;28.385314999900515;96.49489106395124;25.295428301780216;80.68949266573803;62.056452792888976;32.37732048800952;79.68741595512816;55.36771966572393;38.85645582672184;27.61333891265808;19.604396950091598;11.03856202284062;0.9975252653578672;-0.2993559083022615;-0.047286647366623136;-0.31578040238662913;-0.2682997187988257;0.33336542811258174;-0.20276740794348974;-0.18427152757696466;0.5093446414627814;-0.11435848346240525;-0.19362579693989646;0.3698016319887488;-0.09864255973990824;-0.10475579203171934;0.36794876929532544;-0.7486960929329441;-0.45469367944705424;0.6156890233758116;-0.2080265000175674;-0.2778758256369491;0.24100610879195924;-0.050074135885538516;-0.2222743240648095;0.16041072838201148;-0.018887825291918472;0.0572905210293623;0.76539625901265;-0.6410041832075861;-0.48976110133522693;0.6898078699224669;-0.22168370163240722;-0.3293397898835347;0.1224023106178215;-0.009671719002398564;-0.2233144214796843;-0.0034920738992151646;0.005247854791665009;0.0998051285874257;1.102119641255332;-0.5259644951058304;-0.41927862463588367;0.6533081250604689;-0.17669716416278292;-0.3019032616429965;0.10495389892337009;-0.01096055760281723;-0.20917274873629305;0.0005791593033310541;0.002642519279846049;0.08091475725410549;1.3555842064515649;-0.426924214264875;-0.2792757875495944;0.4989226734772658;-0.1434461448545186;-0.21601023590161095;0.0810243899581878;-0.04160223937456726;-0.1696944540695644;-0.0029263062045404658;-0.018430725895296218;51.65427028728477;22.36441308764505;7.683619669885602;49.85750911811007;14.42879986942589;6.3589379049790855;42.76801902112932;36.255667121996126;21.481374223271693;37.76740021821969;39.280623603419734;19.197117484466414;31.567605541533545;39.44343752548291;21.697124954390343;47.12504206442802;26.022206890226972;14.46505471265956;8.13503167132191
0.9965786758066972;0.46249657844213793;-0.07781701680848478;-0.07739646757619843;0.448229072617115;0.3911162484028885;-0.11444187426090921;0.3457830765448476;0.47657398915106336;-0.07914745574669142;0.3173339926620694;0.11214840059283046;-0.06686052791677999;0.7370332517746909;0.3306833988923345;-0.5206228196853141;0.44919521353320274;0.9047393135900179;-0.16669919937570454;0.18221212976960918;0.39290443922109936;0.004337353630872135;0.04108245076738584;0.13368994735926185;0.05486876306709498;0.47617045043760736;0.7008508104673736;-0.5311024793740581;0.5426132002186339;1.0162412087951835;-0.1625598265737114;0.17608034711067325;0.19549915041649676;0.07766435799186659;0.008396354398825039;-0.058305548760731206;0.09950375674430105;0.24602701802531723;1.060236069408632;-0.5192411504239002;0.5157276738404296;0.9781338273611204;-0.10178979111233136;0.13752209461512765;-0.027986577600782797;0.15447312838857627;-0.022843278736437482;-0.19313795313348636;0.14651726874495696;0.0473628987040118;1.3552521457526958;-0.5076439284834261;0.4116137379404277;0.7537865472752409;-0.03405340324517791;0.146422647242696;-0.04492947277855383;0.11818278737367799;0.010628228703696948;-0.17908595004488;0.11623731128078989;49.83559431682136;13.16143104159293;34.27125778772655;43.216263077449454;10.059993602968365;22.191485171965546;24.706155645275075;28.0815656063415;93.96302940300224;24.679254003425363;83.1041511449656;60.66535342765813;31.747682540361826;82.26573148331006;55.64057684815175;38.91697855285205;26.614632833717824;19.608047741473946;11.328619505210925;0.997416456424282;-0.2999489517878963;-0.048493078090340085;-0.31531274368006196;-0.2690374139281257;0.33184352839442355;-0.2020056464335766;-0.18429732358202006;0.5092501152827703;-0.1135628821223097;-0.19100460407959982;0.37172514580768773;-0.09797489187905142;-0.10884274179765845;0.3689095643147706;-0.7494279573729578;-0.44851083775569267;0.6151086034111891;-0.20710959468026316;-0.27607622965600626;0.24304019393849471;-0.04959147245805132;-0.21978010462433983;0.1601173567258208;-0.01839650212874607;0.053423515135080084;0.7651404670301891;-0.6416431981587867;-0.4839102166765905;0.6870176777005165;-0.2202118186172637;-0.3288150699142954;0.1283569757428833;-0.009506285959106879;-0.22184751025645652;0.0003614687251520067;0.0051126743237116965;0.09603723426114773;1.1010013801957401;-0.5262377913513432;-0.4146294940830349;0.6488888033653321;-0.17640640872914978;-0.30092166098664364;0.10762087035407222;-0.011410286424821253;-0.20779048090496555;0.00308420727217556;0.0024000028556340025;0.07694244893745808;1.3544590908523697;-0.42662584951692156;-0.2765431202653546;0.49569558416311005;-0.14401296353416876;-0.21480490853739742;0.08008170714554694;-0.041572927479191606;-0.1689057516325361;-0.0031205873714756447;-0.018045839437350823;51.681306442188635;22.539667634493583;7.253357824753102;49.57414641368677;14.412917663154424;6.490875497601939;42.43839415472066;35.60746131895824;21.420363052233807;37.474985346483045;38.897304975534986;19.018996410685077;31.30536518055431;39.62677595065318;21.684600210975916;47.106104749938396;25.9684553815298;14.476540946374943;8.165434661091847
0.996137795876078;0.4639767709131731;-0.07088381030751366;-0.06748025869047738;0.4346329804705425;0.42110782844491523;-0.10976582500441782;0.3306989015438217;0.5228709410743201;-0.07824597496031864;0.3115225305360976;0.15340921724084533;-0.06249189855106565;0.7453894434768793;0.34712967445142284;-0.5068606571012642;0.43946402585838895;0.9311768960047686;-0.1658940673732136;0.1779401182631946;0.3700300103467822;0.013696621544801864;0.01897345783309303;0.07796198195995142;0.06687290915428212;0.4881780080553107;0.698780751867459;-0.5228648900726628;0.5362902546676849;1.0181632392134239;-0.16159327667274273;0.16925006900978107;0.20377449437257217;0.08672316032344403;0.00023315348060071498;-0.052858479751131685;0.10872491270368753;0.2552902553752147;1.0511243406382569;-0.5173904414866136;0.510885083553126;0.991351194155192;-0.10396191762164719;0.11867295646220608;-0.03270831835564303;0.16306055653940899;-0.03508298442930641;-0.19913281628221827;0.15549917491959114;0.04947413128329959;1.346956167821185;-0.5116955517754284;0.40728072175418933;0.7716604199778062;-0.035475737401448285;0.13236674037633098;-0.04932542182578414;0.12362905859192772;-0.0023346113803141767;-0.18841571418954123;0.1234260960071474;52.084611837137984;13.779869683727235;31.238275867148047;43.15628016804074;11.070888024022498;39.438027992374856;24.45921637776162;28.655385233929465;92.21572603116748;24.07146939706321;87.18199550242007;57.88427891101782;31.131229814203415;85.99051665667943;55.01600858945033;39.10214472291427;25.549594323743424;19.588469582331758;11.633150834380498;0.9973062461689226;-0.3004545457722574;-0.04992211179765683;-0.3148475188355446;-0.2697207823338889;0.330188751802868;-0.20119343578453108;-0.18429315241861313;0.5091178631377876;-0.11273340359366044;-0.1879722161789331;0.37379001990986693;-0.09730961590798318;-0.11343517110504985;0.3700561873059121;-0.750255620194457;-0.44157471842587126;0.6142749514509718;-0.2062745728990312;-0.2739374061970705;0.2449414676504303;-0.04925861320275713;-0.21692722131963546;0.15936287292384635;-0.017968986839970766;0.04910444356843275;0.764787959423547;-0.6424080718224215;-0.47711479166403126;0.6833697431132149;-0.21885427461567183;-0.32827004378206276;0.13457775386785628;-0.009555211155713395;-0.22032973375996287;0.004263222792693135;0.004869148820636439;0.09187088665335756;1.0994998045089641;-0.5266572602803213;-0.40921312623731104;0.6432860782303345;-0.1762136284732387;-0.29985349369398545;0.11060132061171378;-0.012086197698930278;-0.2063135665374959;0.005997559458453473;0.002038223296038102;0.07258047577072461;1.3527722728385116;-0.4264852822828135;-0.27323423450241674;0.49169596726579173;-0.14473364927806154;-0.21339646828386635;0.07927337390507212;-0.0416979010439489;-0.16800996958149256;-0.002929438375958736;-0.01772257482200695;51.7332626040605;22.723606308132965;6.77012973658257;49.24396951963341;14.406692504206166;6.669803408987002;42.056704745138504;34.948025177331395;21.366394813781707;37.15296008605636;38.45634691465394;18.77756891169694;31.00853904425643;39.77016215553651;21.596112139749142;47.082030993478824;25.900337951031087;14.484268882812783;8.196589221139796
0.9956969159454588;0.4653612639851405;-0.06391083398495062;-0.05751454142372148;0.42089461009686124;0.4511131866475929;-0.10504947938237391;0.3154898230628548;0.5692168188157735;-0.07732431162949037;0.3056229083946339;0.1947816139807047;-0.058094333184211235;0.7536128922436854;0.36355823382557456;-0.49293992587456964;0.42960308603784275;0.9575048495436176;-0.16505003082766645;0.1736144041282257;0.3469947591580995;0.02308578822623319;-0.003217325828510855;0.0220213008516025;0.07890468094025478;0.500121583949415;0.6965514607064189;-0.5144846585231503;0.5298284730885858;1.019870605778667;-0.16058819047304734;0.16235899136813597;0.21203459406235473;0.09579492517750646;-0.007958773899419368;-0.04738078132691475;0.11795481687632402;0.26453051582800213;1.0417520206265594;-0.5154207166915319;0.5059143821949545;1.0043994061462518;-0.1061190662439777;0.09973179760566415;-0.037439532742815564;0.17164269060067364;-0.04735805651476812;-0.20510543367879286;0.16447881707140166;0.051582021291269514;1.3383381309504552;-0.5156501314136929;0.40284391492776733;0.7894292704964286;-0.03689535318885369;0.11823267258014525;-0.053726086411589144;0.12906757643699487;-0.01534247973704745;-0.19773727805158614;0.13061329261341934;54.24098179690268;14.168742029867017;28.30718627787339;43.10663226421381;12.575588654647932;73.77391918969117;24.257518079477514;29.38291438556266;90.06194934305896;23.496670513248237;91.34668116236286;54.696285799542466;30.550670437091554;89.83970681628176;53.820339517371295;39.26457557829285;24.492472962538546;19.57595687524711;11.9529333799674;0.997196035913563;-0.30095105645047726;-0.05134079711227893;-0.3143793146858494;-0.27039448841270874;0.32853851917987276;-0.20038270524146526;-0.18428547517551505;0.5089767186942592;-0.11190721471369926;-0.1849561522857764;0.375834157459471;-0.09664684621404909;-0.11799524528464243;0.37118817983359126;-0.751063459029151;-0.434675715003292;0.6134350004043;-0.20544108371069797;-0.271807386251542;0.2468255503880432;-0.048926996963269825;-0.2140889272060582;0.15861029188872308;-0.017543936543621855;0.044812814289672855;0.7644231049614224;-0.6431556019165016;-0.4703548765361515;0.6797326793796381;-0.21750145588932776;-0.3277223054243702;0.1407550704229692;-0.00960363162499815;-0.2188177072543282;0.008139253841292837;0.004627130344511093;0.08773015770261068;1.097987015832598;-0.5270638748615545;-0.40382450737608466;0.6377078388398162;-0.17601873653632502;-0.29878659695550314;0.11356006356871944;-0.01275743533455753;-0.2048424023608812;0.00889165088455528;0.0016787821752073965;0.06824577671875323;1.3510706031514397;-0.4263374617265816;-0.26994185506999246;0.48771320738554236;-0.14544682386013982;-0.21199319242574527;0.07846883288833578;-0.04182125383337583;-0.1671168530788196;-0.0027394893935367174;-0.017401094816185455;51.78390396628573;22.90720240122056;6.291535367550858;48.92157302506481;14.404597789375071;6.846747248820472;41.67654954814323;34.308372551793454;21.28966972672793;36.82974762281506;38.02160156774244;18.526689829106576;30.711813998096204;39.914680325867806;21.50894729243274;47.06032946708311;25.832114090095132;14.491799876706235;8.227600467983715
0.9952067307052408;0.44735789914359086;-0.06875198232189654;-0.05078660153483395;0.39749438684354443;0.4118652882779063;-0.1011895441435367;0.2965309760034567;0.5362321441698116;-0.07493417340138425;0.2875146410598932;0.1699628466475979;-0.058412621696795466;0.7186710403541217;0.4189123649547213;-0.4652804085079677;0.3930398773453997;0.9323434599962889;-0.1402458612262516;0.15265576774674383;0.32258368090169753;0.03390189656862156;-0.007604256034781964;0.028729541566219634;0.07716845340856071;0.46678306171468376;0.7390796523436257;-0.4856694768954405;0.4894930312116514;0.9848710960071216;-0.136561480495047;0.12826802491358563;0.122838670242886;0.10350552886800954;-0.02197480512417426;-0.08395951609166552;0.11540719883574428;0.23697358961768017;1.0536634674409076;-0.4849455406369455;0.46816202727931444;0.9444890045106368;-0.08484399546058283;0.0837282251596277;-0.08240786443001089;0.16916526955097527;-0.05144367436536304;-0.21161221075148554;0.15183161730694109;0.03083012319729642;1.3126933822068974;-0.4834766069567442;0.37293788923553417;0.7351594231349852;-0.026807461073605734;0.10644248398146705;-0.07228908261704198;0.12318442442862299;-0.015848544077727848;-0.19276832506869218;0.11828120324293274;54.2577801713556;15.18281846201664;30.270616161731542;40.68474157328339;13.543351328152479;68.7941591306006;22.65925667989562;41.8746514541987;92.29156967434467;23.60380230243707;104.07974054640887;44.772533622581335;30.973613008669123;96.54643359553896;48.38924165619312;43.222474577727475;23.953293723645807;18.1625473778134;11.210029133643351;0.997441719219306;-0.30210289256230677;-0.049029951256539916;-0.3138202852744549;-0.2704507464603313;0.33255892958164707;-0.19975037723418332;-0.1840344773397098;0.5117697848551399;-0.11122669902069142;-0.18596615950263484;0.37647899590953604;-0.09582893311511236;-0.11938992585694018;0.37364165469352983;-0.7495690528588921;-0.43851262105215844;0.6175100634070896;-0.20500966395829665;-0.2723854668504941;0.2443845916811208;-0.04812317607855805;-0.21409755825455187;0.155602614835564;-0.016660353602399692;0.043269723027269745;0.7660633003179623;-0.6413070644980413;-0.4709646084564243;0.6843189278160243;-0.21697679788859173;-0.32577053207280304;0.13706006996832973;-0.008644199517872249;-0.21749721483333545;0.00353029110314939;0.00564132415362287;0.08645731981677827;1.0987595601148636;-0.5248802314903919;-0.40448553656190084;0.6417732171315114;-0.1749398688292013;-0.29677308045830686;0.10988286587190636;-0.011483794128008531;-0.2028239208495028;0.004282430112894845;0.0027144053065169733;0.06727463927288765;1.3506616985165232;-0.4238590581413623;-0.26912768535690157;0.49249201607362725;-0.14444110419271575;-0.20958673898811894;0.077954871567493;-0.041247842510334594;-0.16452515356212055;-0.00459057221925574;-0.0169187810565249;51.839142938176956;22.69804950962353;6.492243553295218;48.85555499669278;14.625938738927653;7.034016768034633;41.50453077329808;34.85228108929655;22.075058719178376;36.69828979159263;38.637697969729835;19.315367289475947;30.409879958402698;40.128282276924004;22.24607826230852;46.986969282719485;25.784194738998384;14.463001083873415;8.207025904231667
0.994710252333075;0.4268575410923712;-0.07428478977961614;-0.04481369538306234;0.37339634774003017;0.3662583420969742;-0.09735934600169871;0.27758496011046263;0.4946775556092099;-0.07227998733887095;0.2683930381143115;0.13886408052525828;-0.059022670330112666;0.6788302473682047;0.4723932326152245;-0.4365431883665384;0.35493605957228996;0.8996198765147392;-0.11421556408910111;0.130947665748906;0.29882812399803466;0.043820218511052285;-0.009502467768103358;0.04207083939235119;0.07366520925167298;0.429161519886042;0.7802463654319707;-0.45501208673979443;0.4467195166437966;0.9446745120980331;-0.11136616681988006;0.0934181726912528;0.029429473555542617;0.10998271497506153;-0.03537941410220943;-0.12197648964651982;0.11124302053291273;0.20654199534463955;1.0628509020797479;-0.45183026185441433;0.4279619835878506;0.8774456020320076;-0.0623213356505544;0.0691110684344449;-0.12788667304030552;0.16493550602131934;-0.05401618957745545;-0.21678092386139938;0.13713989164344326;0.009067277449472572;1.2820449957631392;-0.4479236996470621;0.34114299698621214;0.6742112633994576;-0.016134974548677426;0.09551679856284108;-0.09062454507977968;0.1159938415903254;-0.01478658746867734;-0.18578968987139452;0.1042572399227697;53.899502069293305;16.386915226457983;33.11867383165362;38.189522991865104;14.541409110304338;58.802853741274824;21.245714130864993;68.27614204848335;77.59833950200625;23.917079026174644;115.5964740524775;36.027742452476794;31.549104600062986;103.24578497086847;42.748978241263345;47.683310756361855;23.355183774715027;16.73901093633378;10.453480314515291;0.9977328273516562;-0.3033373718554212;-0.046240773098678876;-0.3132464416942944;-0.27042635997580294;0.33730413121183195;-0.199138300231108;-0.1837507076564246;0.5149362058812953;-0.11056289840637962;-0.18748857553851675;0.37694365818662157;-0.09498937467006591;-0.12038270413575927;0.3762638203122003;-0.747773609872154;-0.4437179649417723;0.6222115681228984;-0.20462720416654992;-0.27330691269663643;0.2413877797173789;-0.047257747895291385;-0.21446688852920787;0.1523024672783845;-0.015717040036905713;0.0420739853572962;0.7679549671820253;-0.639120448848735;-0.47250953523750855;0.6899529060590769;-0.2165551107695169;-0.32363475115641427;0.13210221882971454;-0.007555073199542426;-0.21619754354572657;-0.002165160499025465;0.006816788870986312;0.08554706487285386;1.0998154187345923;-0.5223596983596143;-0.40591433855909503;0.6470667176986444;-0.1737455977365283;-0.29463392114481896;0.1053550020052587;-0.009960726953134411;-0.2007313553447975;-0.001288331444815443;0.00392902626341351;0.06672974937679209;1.3504061329290806;-0.4210772017908869;-0.2686256993699151;0.49838884736558436;-0.14321405014622024;-0.20704758154748923;0.077476564732709;-0.04058461670209367;-0.1617123308028186;-0.006704000127568877;-0.016415188215238238;51.890254682009434;22.44227693482691;6.778359420985271;48.81924047192145;14.884942049262182;7.2275044313104155;41.35872989708003;35.560208656062095;22.97778680123961;36.591600421714624;39.402413809399135;20.256307427464552;30.111707440824546;40.34441414566875;23.11652265753507;46.90614253612644;25.73858808228088;14.429631607121662;8.18000844755446
0.9942152742910114;0.40682816647939507;-0.079031797516517;-0.03923379924428637;0.35028875788809605;0.3236667436753153;-0.0935484078963298;0.2594553151921026;0.4553202503816548;-0.0696240701142811;0.25010775493619297;0.11031553719184177;-0.05936795308673193;0.6404458967362792;0.519076465491776;-0.40901738309660335;0.3192598012731306;0.8668157106741806;-0.09026779084245132;0.11085085561653274;0.2763319755591212;0.052642854883287724;-0.011182685348099781;0.054060978048918205;0.07024090257534402;0.3936589810108923;0.8147497855257966;-0.42569401411710545;0.4064834448903982;0.9050058785516674;-0.08819241714197039;0.061567863854186486;-0.05514230081467249;0.11545801297545571;-0.047383543048816146;-0.15592459937041717;0.10709366124642475;0.17831899239861213;1.0674657863971984;-0.4203059893076546;0.3901167255697347;0.8137181183374823;-0.041734343306184585;0.055663482280489146;-0.1685517674482272;0.16053688351835815;-0.056143937582332146;-0.22068348798155893;0.12337946287835945;-0.010629228658109746;1.2498649672811142;-0.4142116690621163;0.3112019488691355;0.6167080652693472;-0.006422439803365762;0.08530922535856264;-0.10688426434758992;0.10909442066878905;-0.013774241216688103;-0.17882250323911358;0.09121935057488116;53.41138310172936;17.704137027670967;36.25249642595291;35.96393963199384;15.693192314460454;49.90622666938667;20.17320590335491;104.35358940352188;49.32861095431893;24.322592022269898;124.39662867896389;29.632001243694646;32.148621767531225;109.36344692742473;37.59809358988416;52.053806946229436;22.673850592640623;15.490001036525767;9.814806968865609;0.9980234312302538;-0.30456450277923985;-0.04345647879832104;-0.31267031172275633;-0.27039596079282824;0.3420461739018694;-0.19852635467908902;-0.1834649424616397;0.5180982095985938;-0.10990026754114743;-0.18900770011032678;0.3774023332698022;-0.09415142995810716;-0.12136560552947778;0.378879179923968;-0.7459765374490648;-0.4489133411202307;0.6269088620979386;-0.20424353014933846;-0.2742251808906384;0.238388205414779;-0.04639104057756417;-0.2148328436796198;0.14899807805708373;-0.014772870176022246;0.04088438215170083;0.7698334344564274;-0.6369340236548015;-0.4740485212443452;0.6955798884011661;-0.21613224522480198;-0.32149601647135995;0.12714086186755302;-0.006465242689059463;-0.21489423873390984;-0.007860587905681359;0.007992678682047063;0.08463897892482433;1.100852425723333;-0.519841133029764;-0.40733284629374866;0.6523529519403904;-0.1725498755701879;-0.2924937225265187;0.10083022606628367;-0.008438244593068018;-0.1986385013976796;-0.006852910576266748;0.005142524377679596;0.06618477493571455;1.3501290423448045;-0.41829882042210154;-0.2681211556259942;0.5042731798483641;-0.1419854858651861;-0.20451104562811867;0.07699898318238;-0.039921118432864076;-0.15890151070413705;-0.008812619978633874;-0.015912068373525025;51.937133240466984;22.19021479773335;7.063141505083457;48.78091691628829;15.153898867495709;7.426134067711608;41.21328880017801;36.28336165612613;23.88324611752151;36.48513575463833;40.18226785866726;21.21341082569481;29.818798995206453;40.55342785419944;24.015262249800934;46.825136342010616;25.69252125985019;14.396351352192381;8.15324522332556
0.995144733740925;0.43160022888021665;-0.0750019999368009;-0.024410141860962735;0.36810440133905226;0.30979423888662294;-0.09082898446463457;0.25521009391702876;0.45440268437509596;-0.06947570957911195;0.21690894584518228;0.20886163162161314;-0.0581993862101663;0.703775458031871;0.4203040703034887;-0.43006110365365047;0.38739530187719984;0.8350843936787389;-0.11315921062698536;0.12907789692399224;0.335549127170823;0.046579054642029064;-0.0055832085407588605;0.11021537368464816;0.07545039547256698;0.45780261643750236;0.7621030244705629;-0.45783812038295546;0.4637085876403941;0.9337593088412791;-0.11910586385540706;0.09602600855091535;0.06392096754212208;0.10909941568500023;-0.03628822894910345;-0.10284520868243217;0.11694858334236975;0.23408960892019773;1.0720420257388168;-0.46096863203301514;0.44223022406317697;0.8604037054516815;-0.06796412245526302;0.0861648948148531;-0.09582112130729759;0.16788722110161747;-0.042745922278144714;-0.19908800267567445;0.14592134119503744;0.032313294787045255;1.2984033068144443;-0.4609384940543193;0.3531153250304297;0.6587712522419265;-0.014789537221210554;0.10506210395329782;-0.07888887394472184;0.12610235924427113;-0.014701137673820228;-0.17958997139568705;0.11686953150628185;50.07875871608027;20.56356574341773;16.87475141981284;38.46075384187028;14.892396316141475;34.840313559753696;21.182988242449564;56.803581861020454;83.89446349404751;23.65642804762677;105.76107156469051;41.200261575285936;32.01793718825165;97.06113143384042;45.609060363645824;45.88397937709151;24.93538863595045;17.481872811251776;10.660164146154237;0.9978352884984806;-0.30051268213848487;-0.0482690292597832;-0.3133447761923902;-0.2672010539832913;0.3425493512789747;-0.20043233548682365;-0.1832467612017177;0.5189181815014046;-0.11196827351109899;-0.18774624350780433;0.3752508580003701;-0.0964813607856609;-0.11322289897827868;0.37612305682404135;-0.7511688208446503;-0.4440004796397593;0.6290351868883345;-0.2049474022402999;-0.2738117353884038;0.23775550302027668;-0.04554706101716746;-0.21364688385860256;0.14612395165816394;-0.014031933555266999;0.04696936233445185;0.7645805565356831;-0.6428144767889722;-0.4729075018586473;0.6957738459728571;-0.21697645398670645;-0.3215087904906158;0.12464153339910519;-0.005781093224797025;-0.21334462450018146;-0.008319924555532047;0.00855235702929971;0.08740087344240444;1.0932444962283712;-0.5262996449815699;-0.40145728924732144;0.6518693848815859;-0.17268009170207033;-0.29404804768222664;0.10434875820000387;-0.008958691787554946;-0.20004230429216613;-0.0014765326981234276;0.004216524535466188;0.06667439651006549;1.3421938980255466;-0.4252284194484432;-0.2681347214967522;0.4975281879578218;-0.14177635350049797;-0.2086856620930348;0.07835787396215498;-0.039983157669045755;-0.16205234219809295;-0.00450376287204234;-0.01646899565701772;52.72914496693976;21.981566250815334;7.117011071353887;49.255634084023455;15.60588110072394;7.721339932055879;41.64486419854716;36.76800117675145;23.643696347765722;36.39833991890689;40.01549613921734;20.16167543776342;30.15217913136822;40.322461396945435;22.37940478119123;47.272770029455664;25.49574803373557;14.393644480847696;8.234379884475596
0.9960741931908388;0.4552668969852606;-0.06978824969274021;-0.007593142568944472;0.384583125137429;0.29136138270492457;-0.0869329096730238;0.24806284847118934;0.4491083735652206;-0.06865720813430341;0.1777221919690796;0.3171736894189292;-0.0563451708002638;0.7680320189533345;0.30582993391279173;-0.4495701925562866;0.4600010369049136;0.7917341398764862;-0.13771208746368502;0.14826180861041355;0.39866209952867104;0.03935618057076233;0.0007350702729901494;0.17201734137495242;0.08057124837501987;0.5252801990364988;0.6960336884121199;-0.4895077293522506;0.5233888745370677;0.9571650917306586;-0.1525795823613662;0.1336830184308842;0.19655306888907806;0.10095949851194484;-0.023531711499487802;-0.04248321653473694;0.12687796308754717;0.29429875357898466;1.0670947154284054;-0.5021411273884927;0.49639226967073335;0.9045645889303678;-0.09667709319047396;0.11948691198032524;-0.013535238845137873;0.1745355644751342;-0.027352022350457958;-0.1730527951338389;0.16977539181939427;0.08006273049699018;1.3405239307880004;-0.5088971240685568;0.39670030833557807;0.6996532889272997;-0.024013466101632033;0.1261789812688196;-0.046820996406383285;0.14395003354690927;-0.015600273045378324;-0.17876214244242702;0.14447463077135644;46.514284389585825;23.784344272600848;1.2368182646991255;41.02740844961841;16.916861794694306;27.675270919459816;22.750494956109808;31.446643062855763;87.85445334355336;22.958194661762178;82.09858110292906;56.27903457568043;31.82063568807022;84.99280918074084;53.19442440285856;40.06859385831261;27.278550530869175;19.872049615203107;11.659907594781444;0.9976471457667072;-0.296480581042074;-0.05301868802308801;-0.3139805633902649;-0.2640187503282803;0.34301307772156064;-0.20229574692144192;-0.1830133684274527;0.5196776923710843;-0.11400036807714362;-0.18648175165021197;0.373088844594252;-0.09877372174171412;-0.10516761947819701;0.3733636215997387;-0.7562251533785109;-0.4391037720103554;0.6310745289357832;-0.20562280019943516;-0.27337661766132215;0.23710729164617794;-0.04470884963181237;-0.21245445301287041;0.14327034358191168;-0.013298588997117198;0.05297619210222068;0.759316716802546;-0.6485612127274886;-0.47173421413483874;0.6958976847648404;-0.21778932004597204;-0.32149009269173023;0.12216028401204547;-0.005104652886914798;-0.21179296573426695;-0.00877289681074461;0.009104435080894943;0.09012085959860296;1.0856220661987517;-0.5326287996792575;-0.39561367030655353;0.6513281678117394;-0.17279191301917202;-0.2955549365631522;0.10781458239818904;-0.009471973461502322;-0.20140964778323112;0.0038349816724816965;0.0033013105028917465;0.06715160334348046;1.334223960084303;-0.43203281026544765;-0.2681220050088733;0.4908162887350092;-0.1415559397369284;-0.21278947452210883;0.07969270135855874;-0.04004055211199165;-0.16514929096962358;-0.0002465666970924357;-0.017017584768872145;53.515105625688754;21.777508177673596;7.1746993301198305;49.71989510872903;16.05364552771803;8.02406375926782;42.07219107563401;37.24891834654039;23.407440941290176;36.31679414399389;39.862363092414064;19.134598568190697;30.487963458553313;40.08717454565292;20.822619073052586;47.70833082489277;25.29926971245414;14.39106936800707;8.31583255871727
0.9970036526407522;0.47613308206265237;-0.06323343958978843;0.011045480344545245;0.39833384124702914;0.2676735213644427;-0.08163428706461513;0.2373228526168505;0.4380979481916456;-0.06696391648691577;0.1324484575305991;0.43300384281989857;-0.053651096392354714;0.8300732647682982;0.1760302125112686;-0.46591563911983513;0.5347985084688852;0.7347990270378996;-0.1632115718832447;0.16771721797160696;0.4636940270441356;0.030935395848835024;0.007696443667173246;0.23821221285818364;0.08529263730538161;0.5936691941543948;0.6151383517390707;-0.5188079568894551;0.583198270287083;0.9719656181364801;-0.18774869284313403;0.17368434970375402;0.3405997986250515;0.0908179232642869;-0.009188812099280113;0.024592523765495044;0.13637066160394015;0.3573288380541112;1.049352792813221;-0.5417787666183752;0.5504251551683699;0.9428660727883548;-0.12723806716122266;0.15486964132753353;0.0773919880752836;0.17986024188649077;-0.010055787427556553;-0.14234058169399294;0.19413487138840155;0.13181452253910686;1.3715559786303757;-0.5559429258798311;0.4402130558686047;0.7366967494558389;-0.033912145733341115;0.1480209068297299;-0.010907194000240842;0.16198104669028168;-0.016412538596307424;-0.17579102939194907;0.17326323979564562;42.71864527457035;27.405157756804424;11.381638570610935;43.41165528787729;21.18341573783183;23.84959575229589;24.973670938893548;23.101724087146888;69.44027976284023;22.270683261285715;60.450312802325676;68.19349913253754;31.565733274330455;74.11943741973401;59.5362694152985;35.43253105483434;29.468664369235505;22.64562067610628;12.819011475538714;0.997459003034934;-0.29246952666549786;-0.05770531995498603;-0.31457874481679143;-0.260850203889968;0.34343853952451997;-0.20411718036500526;-0.18276542981777832;0.5203785356116906;-0.1159968176441412;-0.18521497273237214;0.3709177649012889;-0.10102870744895887;-0.09720068886269682;0.3706023877513925;-0.7611478757709885;-0.43422511065678604;0.6330289900225069;-0.20627040810626976;-0.2729208279571207;0.23644445727431423;-0.04387662222900672;-0.2112563866470603;0.14043795679459306;-0.012572933647252874;0.058904650577585094;0.7540449695930579;-0.6541761429246232;-0.47053041284650177;0.695953867129042;-0.21857156131994518;-0.32144106579767423;0.11969771636972855;-0.004435985854268241;-0.21024012004988982;-0.009219504979285205;0.009648907574403896;0.09279907217968884;1.0779895090994;-0.5388300573058665;-0.3898037919542462;0.6507316501184912;-0.17288594540559707;-0.2970153359414258;0.11122784548895927;-0.009978088298836377;-0.20274115388115496;0.009081284522243173;0.0023969563127300255;0.06761660136742685;1.3262245083062847;-0.4387130635342922;-0.26808395899480525;0.48413968179547423;-0.14132476217522671;-0.2168229590197891;0.08100365743992087;-0.04009344001795739;-0.16819273252815622;0.003958677823630559;-0.017557858779821463;54.29472711102162;21.578069538498053;7.236242892885479;50.17383200478787;16.497211702697403;8.333900004410063;42.49520179278191;37.726119258156906;23.17450828284744;36.24047296871743;39.722291883665676;18.133400360121872;30.82605234366283;39.847736023023316;19.34127032213461;48.13198448789325;25.10317828461111;14.388549176213752;8.397533029999215
0.9967726486505338;0.4583170857083495;-0.06211211646378314;-0.0018206757927587396;0.39317320057605376;0.303405571644589;-0.08737950057785296;0.25889882257037383;0.4600650942526437;-0.07039928520688365;0.17924988602170303;0.33018269972125536;-0.05681203580195064;0.7912916804598741;0.26198682078314517;-0.4585514093999003;0.4781945471621482;0.7995980275094627;-0.148172891697869;0.14579563014673685;0.4064962168883713;0.03416386750273668;-0.011070443808539944;0.16911510601186508;0.08083972660371434;0.5501746911764954;0.6664904741157089;-0.5030887169295943;0.5412940371560152;0.9578893837960916;-0.1595258540403019;0.13655103926755752;0.22551050849644472;0.10057199308245049;-0.0269400497000637;-0.033077810791036444;0.12801663173872793;0.3174111471122637;1.0583385292349077;-0.5199510381991451;0.513489664264966;0.9068762650888254;-0.10153988888586567;0.1197414617392466;0.00881420325105505;0.17589632379893305;-0.027920040159732776;-0.16289024808599303;0.17292132962930473;0.10079812906351791;1.3592686292312535;-0.5304288458520108;0.41240590427855117;0.7162837671902957;-0.02241305646815765;0.12554061597291422;-0.041468132530344384;0.1479110347830363;-0.020865875010251556;-0.17935355905113748;0.1486870706992081;46.170233061424426;22.824521775795343;1.3231887623271634;43.05219379236843;17.533356936445966;30.768495888024916;23.892439827860183;29.180410991251197;87.38548772369734;23.164106474770197;76.61591019355912;59.783098096541586;31.86220618196354;83.43439542601617;54.706499325211546;37.89491397643455;27.914121579620073;20.795512873747498;12.095382132742653;0.9971161214931636;-0.2918088998255575;-0.05365068305945832;-0.31496674227513;-0.2589030908452528;0.34179699065723407;-0.20227293846326302;-0.18148273297721693;0.518190817226502;-0.11420843091897569;-0.1809963252817229;0.37244377589579875;-0.09858027085874611;-0.09495024114340153;0.38021122814484043;-0.7540053064639272;-0.4361560390512102;0.6312635900450025;-0.20388869219621542;-0.27183949508200717;0.23254619492041342;-0.042361810548954076;-0.21082338330597206;0.13500207460959548;-0.011350698730621394;0.06089320768590731;0.7607169623835586;-0.6462211079805833;-0.46646318743950815;0.6976195547251638;-0.21733418726304957;-0.32089679238032903;0.1131588716608194;-0.00418711343166566;-0.2092905852131225;-0.015393062465665458;0.010638185663104453;0.09508285569593145;1.082080398307324;-0.5304005147506156;-0.386069044996277;0.6488607236818955;-0.17261570475929494;-0.296530041382437;0.10865873665757188;-0.00921381183545965;-0.20095685346561884;0.008063929620439806;0.0038376155914880074;0.06997033772694991;1.3281954067389958;-0.4299274980256866;-0.2630094408924583;0.48597904093527655;-0.14014645403562295;-0.2145141828776853;0.0810171655696977;-0.038609606055625245;-0.16558156315404463;0.004392542037173262;-0.01612028457519655;53.88250510241129;21.601384427000752;6.6628628680977675;49.83233035410754;16.652938214760038;8.912604973776585;42.14705761194166;38.911788238243744;23.896278480176502;36.04940726422555;40.31860246921939;18.03775721793282;30.39624915848311;40.2314126186692;19.414983989743916;48.260127073663384;24.91098005386471;14.236507772732596;8.322526408580385
0.9965206296293332;0.43889630142360603;-0.06087645258698764;-0.014381538293246222;0.3862160221129335;0.33642323725909584;-0.09253752384343908;0.27842525939123575;0.4790451555365545;-0.0733741155698259;0.22374957952157143;0.22880573133202825;-0.05960589483686183;0.7496696239171688;0.3448506958986314;-0.44915201884577827;0.4208297614422639;0.8585775516822289;-0.13273546378857784;0.12392867689786759;0.34906853605455496;0.03722733244467418;-0.028995216937253123;0.10143692527696496;0.0761491867290125;0.505063615474954;0.713713684307153;-0.4853076561894292;0.4978884316732556;0.9398406800084625;-0.1313234348517576;0.09989226160826001;0.1124439702783648;0.10956872293448428;-0.04395655884448876;-0.08897370443488423;0.1193140679761866;0.2768657718331428;1.0623431828607284;-0.4960987171771547;0.47504056517856935;0.8677998643802075;-0.0760868352963363;0.08514904012407519;-0.05807224588272362;0.171223987947908;-0.04509186159938315;-0.18223474225019026;0.15151657012994574;0.06991416077466212;1.3407919962006614;-0.5028905391306963;0.3832905269854826;0.6929220948351865;-0.01119619593944993;0.10319288603732833;-0.07098540783129975;0.13352853401327264;-0.024992030253857905;-0.1819719241154494;0.12411634635730269;49.33639737195433;18.741778190911027;14.33413629827958;42.26375676013957;15.13274961048193;44.328231857519484;23.06649763715012;44.99351578197829;92.62455388544826;24.099559359597674;96.65288418718663;47.31595554929409;32.13264656590065;94.40245138543511;48.46450275816119;40.96879537386679;26.233634514055133;19.040502608324616;11.385010944514262;0.9967704377598084;-0.2911766580476036;-0.04944593424655761;-0.31531324224458085;-0.25695407934641223;0.3400839838739799;-0.20034537466634023;-0.18016452712639616;0.5158982038181444;-0.11234461100664488;-0.1767171742575941;0.3739880942571976;-0.09604383434396652;-0.09279848161345923;0.38996733837720293;-0.7465816754322644;-0.4381524327114796;0.6293639403241885;-0.20143659012600595;-0.2707188835861863;0.2285753513369533;-0.0408346640206281;-0.21038105219135034;0.12952113703766846;-0.010122128064542072;0.0627977181718361;0.7674938287926766;-0.6379730945404893;-0.4623034875872765;0.6992279848166401;-0.2160393412038221;-0.3203081856796806;0.1065545929077667;-0.003946076866833427;-0.20833064133578846;-0.02164792810235094;0.011631063830460097;0.09734128596932118;1.0862431819701293;-0.5216738943941585;-0.38233866193490507;0.6468977070979947;-0.17231978937672765;-0.29597703326338454;0.10597790392147642;-0.008428111542997826;-0.1990990557937123;0.006936526901220666;0.0053153108067661384;0.07234236021856223;1.3301849797968675;-0.42084265077662236;-0.25783024754303874;0.4879089902213168;-0.138938666151246;-0.2120741348924611;0.08099797191794607;-0.03709845322259838;-0.16285808711684996;0.004756872234245702;-0.014649937865563418;53.450338548185044;21.62866703839505;6.077863875325346;49.48523424887384;16.81073869548397;9.51941121919859;41.78593657360284;40.128452889172536;24.624779622006365;35.85958520617307;40.9316612505944;17.966207562777928;29.952455217352174;40.62404293592033;19.51738995145516;48.38270153885413;24.714879180652257;14.082158448838488;8.24535282613928
0.9962517131323568;0.4218276237776152;-0.0619596809460376;-0.02567011167901667;0.3791112638181029;0.3607407039789209;-0.09639040615584718;0.29338611192902525;0.4923200348264123;-0.0753008044520639;0.26057722341187706;0.1439120672667257;-0.06172074683497599;0.7123072145028575;0.41316178439173035;-0.43885744571253216;0.3725201966119795;0.9028747554210431;-0.11892213975870462;0.1076884347760559;0.3042573980456134;0.0392769853363195;-0.039831750363543014;0.05111854904039645;0.07135137588985685;0.4659739864502257;0.7512909591267172;-0.4673651021269585;0.46042324287196756;0.9226255643507583;-0.10717764797776733;0.07169140972540902;0.022760950297779355;0.11563724426883143;-0.05538194561447006;-0.1317582054036492;0.11095593837215313;0.2424817854251853;1.0621221401098315;-0.47252868161890316;0.4415171729165507;0.8342470983933066;-0.05465472022022408;0.0576467456614631;-0.11091400384428828;0.16618393438743934;-0.05817135099660339;-0.1966945433095425;0.1329979974304905;0.04423724961834058;1.3192038413926501;-0.4757454217342921;0.35753203671409745;0.6712473496577421;-0.0021467215169086807;0.08526790168713826;-0.0932146592177504;0.12091817254348113;-0.027015096883984947;-0.1826228992600838;0.10333956414736072;51.963516499108664;15.716368447378722;30.15351512638803;41.22064707905907;14.18485951109307;63.330694842751065;22.496375612101055;73.08259783689905;76.41860605183072;24.829591526432836;112.79132754400514;37.06313746380843;32.2604609147285;104.07497474718863;42.641909447965084;44.11523994638057;24.744510113003386;17.62053425200948;10.792194938691141;0.996453194394857;-0.2909479571438691;-0.045316448571716086;-0.3151621557160442;-0.25553507607879555;0.3388695429371162;-0.19840177454582328;-0.17883236014750642;0.5138824993777059;-0.11054429240480178;-0.17341717277615817;0.37472277524893244;-0.0936972211901229;-0.0916493735092622;0.39886145282872476;-0.7394442320232714;-0.43945894990862766;0.6272063871558115;-0.19905608808380007;-0.26946989697484314;0.22495423712299947;-0.039475505162862544;-0.20987909408511593;0.12512106026887973;-0.009122767196322322;0.0639717030519824;0.7736899298424929;-0.6303265135379817;-0.4590058030517284;0.7002568304539678;-0.21453616467708556;-0.3196446758661408;0.1008319137105692;-0.00362518261841546;-0.20746576375816234;-0.026626018471625112;0.012433070206565608;0.0991609081159502;1.090148118647101;-0.5138085048134583;-0.38008745867982513;0.6451190555925154;-0.1719543114389445;-0.29544781327708014;0.10256354882488324;-0.007660028137886876;-0.197303081939076;0.005298310272614327;0.006617158635937732;0.07461286168779657;1.3322047686140743;-0.4128356454258619;-0.2536389609418967;0.4898376992339392;-0.1379365409069297;-0.20984100251839796;0.0799523501591326;-0.03575910656306155;-0.16036961041760983;0.004214409308187445;-0.013369838253344986;53.03185602201351;21.652868555060962;5.670958396081008;49.12530901377041;16.949041329694047;9.988776445097251;41.470090816338434;41.16466417082927;25.132466449647332;35.75166327046372;41.58054901431108;17.914300975435967;29.589830195504938;41.17311527043199;19.677748993123036;48.47996431544263;24.53669003123525;13.935339340894863;8.165767366601429
0.9958548698860143;0.42546159242471804;-0.08179202957080067;-0.03421808852225257;0.3786329533299414;0.34597477121017817;-0.09572181625138254;0.291966720341318;0.48617506619204737;-0.07296514947895834;0.2687514667470232;0.1384358732122197;-0.06187699208131151;0.7077755581848347;0.423985399806204;-0.4301010503693206;0.375642559841028;0.8914422129648338;-0.11335336849243578;0.12648934812496643;0.33576784103128354;0.03630904084240395;-0.006987804670899317;0.10055023212469101;0.06555107230000749;0.4640991074807526;0.7610315546260439;-0.45325819496070413;0.46022872633769046;0.9300098226468326;-0.10309840390801109;0.09166739151926873;0.055406199505544686;0.10735016694521764;-0.03445958012595636;-0.10653869863293046;0.10421736967924088;0.24203281627123177;1.0631000093239316;-0.4533408278174961;0.4394542640232365;0.8479040006573347;-0.05281725571432408;0.06857515696453603;-0.09344229100249317;0.16096639472600222;-0.05039226943601571;-0.18943295694671763;0.12976968659145008;0.044168558271274624;1.3038270772998903;-0.45211819462315456;0.35345744034247045;0.6706500956451608;-0.00407747903901193;0.09238864142352458;-0.07747321349014741;0.11824457337556118;-0.01594317264268942;-0.17503983224064953;0.10230132296719946;53.12410608240503;16.705504575260964;31.595602341768892;40.15878375431761;12.655009542811172;35.597076901793;21.81529387330819;58.48944728686062;84.74143875911291;24.00627918155012;107.67298767259007;41.108446146232914;31.5629299463109;98.88962284062127;45.23680644360791;45.94598573239622;24.583409735210267;17.384244299028484;10.742225790970584;0.9963512662597592;-0.2940016064298197;-0.041684575527195775;-0.31150327559491026;-0.2582942535416245;0.34166908588512007;-0.1964481211032954;-0.17750587686097336;0.514327220037918;-0.10926711965330191;-0.1775740965803372;0.36966268063308905;-0.09280056348172848;-0.0981244591447814;0.40179886090385436;-0.7348873207818368;-0.43594393536887455;0.6235553144340719;-0.19731707900430326;-0.26743796663140845;0.22406571565902528;-0.03938282953194458;-0.20908477993841001;0.1288784351123165;-0.009837322870735167;0.059706461513089754;0.7762908440899259;-0.6275409658625772;-0.4625130893267882;0.697503781048726;-0.21159405535939382;-0.3186588175456639;0.1017058276051166;-0.002695154735423556;-0.20746642005374832;-0.02210487483850142;0.011823413011097475;0.09779221897078998;1.0930974874187729;-0.5126670782879853;-0.3892695675399221;0.6452147513696729;-0.17119395164640455;-0.29532603558376713;0.09359844381787011;-0.007011221692696641;-0.19608860618785043;-0.00024001056393303279;0.006629281941993246;0.07623650349937294;1.3355949586627738;-0.4131037966930239;-0.25701298350468627;0.4922080563799371;-0.13857555346233574;-0.20928494993754582;0.0711854712170015;-0.03571259074785833;-0.15972336885370927;-0.0031936486545772248;-0.013505224897908593;52.699671644030886;21.65870218351831;6.619924084852112;48.600931483085134;16.886215200326266;9.261759588737347;41.49017283451863;40.70820630271611;24.058903097399075;36.23729791377208;42.49881282714455;17.94617818304022;29.840011570245192;42.96675065048927;20.24697088110962;48.385072080465335;24.521447343599956;13.842980573885965;8.063854985938931
0.995458026639672;0.42898173813339846;-0.10167310507478919;-0.04278737681386938;0.3780396485004275;0.33105088536395333;-0.09502213370147972;0.2904547788984209;0.47986203155372154;-0.07059905527676526;0.27687550572790925;0.1328980716549568;-0.062015309752006316;0.7030155203297296;0.43472216542196374;-0.4211837209665859;0.37866411043176085;0.8797008978266505;-0.10773014895024952;0.14532181546284365;0.36729415529719434;0.03331928572351483;0.025979433507333425;0.15013426182490003;0.059709761177705656;0.4620785220224599;0.7705805108778514;-0.4389636838518289;0.45989586172195906;0.9371432136573945;-0.09897327503138004;0.11168967703392489;0.08815534918370733;0.09900040532382999;-0.013449700552391948;-0.08119426511296261;0.09742276794805614;0.24150981098688226;1.063763569699762;-0.4339465953325886;0.43725232474080483;0.8613577368855762;-0.05095721561110502;0.07952338974887753;-0.07587815925762195;0.1556814643677328;-0.042569411334274464;-0.1820879239618573;0.12649065513177704;0.04408640493677121;1.2880036626342437;-0.4282685719985766;0.34926210706350697;0.6698500813529326;-0.006014142204255875;0.09950802996768618;-0.06165050951350149;0.11552574717565478;-0.004825622321839582;-0.1673764364793923;0.10122865744590762;54.17712620686424;17.742259240883715;32.99120988736333;39.084395991761;11.367366844271224;20.127532086252597;21.128235128825356;46.90542094650164;87.4462599227507;23.17406937968821;102.06091100979152;45.56057002016108;30.855749916760594;93.33919447290282;47.999258385366836;47.91533569869117;24.41667099569876;17.14696462215992;10.69678877310886;0.9962493381246617;-0.2970555187548759;-0.038039523367860144;-0.30782225797467777;-0.261053910513121;0.34446649855110023;-0.19448165710353463;-0.17616924494764472;0.5147564776172587;-0.107982202024392;-0.18173869829277922;0.3645739805506116;-0.09189793945982241;-0.10461737196212374;0.4047326101227887;-0.7302914329828795;-0.43240315997783696;0.6198718705595192;-0.19556592869544942;-0.26539063735504653;0.22316693885593292;-0.03928855782309544;-0.20828100927274482;0.13264378968953044;-0.010553878442793648;0.05542538903337686;0.778874693585887;-0.6247257301744418;-0.4660165736064797;0.6947188491947174;-0.20863542367547488;-0.3176592775568769;0.102579239261797;-0.0017620143489723294;-0.20746025780661795;-0.01756830441485783;0.011211384865977149;0.09641586464077087;1.0960205090544421;-0.5115050860534766;-0.3984687335095773;0.6452895461795213;-0.170425491435069;-0.2951941527880414;0.08460111247538711;-0.006360075213630292;-0.1948637350649468;-0.0057963308345664565;0.006641226721216143;0.07786291807306213;1.3389522625048023;-0.41335923860711415;-0.2603895268097424;0.4945699386601323;-0.13921208788947367;-0.20872020894180973;0.062387747302671895;-0.03566474960194048;-0.1590697750230688;-0.010625688220324095;-0.013640607740839491;52.35855050590694;21.67292866886733;7.584602844674589;48.073513882297924;16.822488686628304;8.54767187001493;41.51166338022779;40.248972316868326;22.977403064156714;36.7191776617069;43.458116392740045;17.96925909489058;30.08829374273058;44.8341913157751;20.772711674136904;48.28392604701232;24.506496269089176;13.752277163701105;7.963591252124232
0.9950611833933294;0.43238365902411424;-0.12158510909288785;-0.051370308124660376;0.3773307209766359;0.31598116739911514;-0.09429168487697315;0.28885073385138693;0.47338502427750584;-0.06820438843953595;0.28494135133611653;0.12730312972026125;-0.06213538947593247;0.6980291491667017;0.44536131357053454;-0.412112020360783;0.38158103821207257;0.8676584619260822;-0.10205709997718174;0.16416882805394387;0.39880749017201883;0.03031024862846858;0.05904088447451887;0.19982656320162895;0.05383239933195666;0.4599126015664301;0.7799270831812299;-0.4244928077609999;0.45942354250138207;0.9440166108030298;-0.0948055889960181;0.13174031320681592;0.12097932229950589;0.09059500329880985;0.0076292520411620195;-0.05574695280464341;0.09057781382867701;0.240912494801203;1.0641090007727545;-0.41436172451774855;0.4349119616331933;0.8745938512065229;-0.04907608110328634;0.09048157109566157;-0.05823682856351748;0.1503333186683368;-0.03470952878274967;-0.17466535159583754;0.12316340267601407;0.04399072774060621;1.2717435979058398;-0.40421623081221586;0.34494866472198016;0.6688459723667137;-0.007954989067733174;0.10661950175394613;-0.04576027863185468;0.11276373412969312;0.006327788865441642;-0.1596389440378817;0.10012220317554026;55.11205129327786;18.828662517413896;34.339363327265275;37.998032443505494;10.256503441287688;11.979188344092666;20.435788644731367;38.17854434707651;83.37443185301838;22.3333077167551;96.01926314953792;50.341997627939456;30.13993477074474;87.51730218834398;50.825182412382134;49.9873726491206;24.24431470106498;16.90892394879162;10.655657432020368;0.9961474099895636;-0.30010934593012933;-0.03438158296533018;-0.304119311014522;-0.2638137346977798;0.34726143900389894;-0.1925024842067816;-0.17482251953706168;0.5151700729160058;-0.10668961201035171;-0.18591057404312172;0.35945698213080235;-0.09098939495212888;-0.1111275390742793;0.40766232807817765;-0.725656718618802;-0.42883678066304265;0.6161561647644075;-0.19380272057741202;-0.2633279950014439;0.22225791052155947;-0.03919268539086522;-0.2074677827284004;0.13641676890921192;-0.011272371003908491;0.0511288238238349;0.7814410161512141;-0.6218808420034737;-0.46951581666234027;0.6919020456684974;-0.20566044925258195;-0.3166460380651541;0.10345204350142226;-0.0008258384565473657;-0.20744721162519036;-0.01301667867323027;0.010597033077927176;0.0950319288921278;1.09891659243744;-0.5103224621985384;-0.40768406542614477;0.6453432288168783;-0.1696489405359512;-0.29505208207712164;0.0755722757283007;-0.005706640799810967;-0.1936285084723318;-0.011370186888830456;0.006652989871113468;0.07949194549605436;1.3422759757565135;-0.4136018186257449;-0.26376822750060175;0.4969229926588786;-0.13984604705988618;-0.2081467601651867;0.05355988981329816;-0.035615575771994694;-0.15840883271703887;-0.018081088305541466;-0.013775971196695417;52.00873245378324;21.695366171686082;8.56456746982904;47.54317433118405;16.757843962184275;7.848060047011835;41.53457566481211;39.78698905393327;21.889259240898276;37.19718190236188;44.45716015983321;17.98291209978806;30.33469757108626;46.77271963396827;21.246247529556467;48.17645413264153;24.49190071028986;13.663315168135693;7.86503622432248
0.9955067372365356;0.4562889745674571;-0.11826917249413775;-0.04121080988246693;0.39783375850646174;0.3108587560398492;-0.10094572456591566;0.2766310859392642;0.4848110125554924;-0.07597853850753643;0.23644957059788163;0.24352786907192778;-0.06624329564087605;0.747688755101082;0.3511033557677538;-0.46316355154561717;0.44079740111118587;0.879278110428513;-0.12156309378851603;0.16122177033559965;0.4341484532699934;0.036002662763725705;0.035113924000489044;0.20859623193204627;0.06709119611983358;0.5007816148829581;0.7163062131414802;-0.48592507983240474;0.5208245908769649;0.9890723998796466;-0.12306831031928422;0.13839589157803603;0.18184466242093042;0.0956103539696499;-0.006540720717706456;-0.040633516084511705;0.1048487510280174;0.270913350955382;1.054599221209838;-0.48201928806788247;0.49447386228758244;0.9171487050652269;-0.0691070761288384;0.09193315218907629;-0.04779441111436071;0.164707571138869;-0.04624659380070614;-0.19070696257852118;0.14384655307142277;0.06292576103222257;1.3199552369469547;-0.476342581688346;0.3891394599429146;0.7073270998310504;-0.016871724797356647;0.11476164058150047;-0.057561467309318826;0.12667527183062618;-0.0067984852522155305;-0.18516688823072175;0.11889872402705262;52.31732226795675;22.258350774540954;14.624467101418276;42.2619875201432;13.076138140702568;16.88648310642743;23.779846836458834;30.441453763120965;86.44431663428159;24.16358676082836;92.75267449728739;52.9049917652128;31.59172194063736;89.28937573980491;51.09152843972344;44.65997460342384;26.024836873039796;19.085347822173087;11.567140808078936;0.9964078078629828;-0.29873174713446077;-0.033525703943836443;-0.30458445740517465;-0.2620206529969133;0.3480985878036147;-0.19113619038423116;-0.17418602113307854;0.514949421307836;-0.10520299425763463;-0.18534727569626014;0.3553171218852732;-0.08955575843161463;-0.10938302957779301;0.41450633182853686;-0.7215753954587382;-0.4278934091821975;0.6102889825007838;-0.19249685839910086;-0.2649322656186264;0.21786275445485717;-0.038753602600000006;-0.20778141090053392;0.13301492164500628;-0.010959351391961407;0.0505391946408269;0.7855271373463236;-0.6167600070509975;-0.4689873359765211;0.6873987514626945;-0.20490016968111938;-0.31480822860468916;0.09641568369727707;-0.0014561635341774027;-0.20599391424263286;-0.018006922992085044;0.010619281684419491;0.09240346760093028;1.0997286255408856;-0.5044245471547922;-0.40637980824093056;0.638808079430355;-0.1680655875978728;-0.2940649978115665;0.07398584502857491;-0.0064579967147717085;-0.1937323095495576;-0.012337041282977976;0.006237058993378531;0.07518446329216964;1.339380642216115;-0.40706563369589477;-0.2653821679358594;0.49052213806578815;-0.13885355150595646;-0.20990943939735646;0.05607916629181033;-0.03661749466815181;-0.16010882100837556;-0.014487413399348245;-0.014393375363426783;52.189292726462575;21.56091361482199;8.827068812227056;47.238648601253665;17.245350025747566;7.825770036189333;41.42055576184234;40.60718175989116;22.245349995841213;37.18387558499696;44.47256961123125;18.02535605114546;30.59257752206235;45.791364778922585;20.44626436934406;48.38060727840236;24.27320914532195;13.549776050982342;7.825975529457144
0.9959695155974198;0.478122836800876;-0.11266222787529177;-0.028966629900634203;0.4165675637298235;0.30175317282201747;-0.10736475340748969;0.2595345128619461;0.4923285961662326;-0.08400156540158646;0.17829675186102872;0.373166439823433;-0.07014741177917284;0.7956498863481992;0.23944402065319687;-0.5161136486824041;0.5030310569625391;0.8825534841072208;-0.14248959390530103;0.1555594167995289;0.4686193176673606;0.0421344148817394;0.006704460016726034;0.21501962307918435;0.08154254008721244;0.5415414448268614;0.6353132779804901;-0.550554177494386;0.5846922033370352;1.0287115495903256;-0.1539141282972726;0.14390608970421737;0.24828574667494704;0.10040086320528079;-0.02308150017182252;-0.023532589279211723;0.12003538614824417;0.301936514894353;1.0314916248301265;-0.5538993797550713;0.556596540745299;0.9546315565108886;-0.09115511215439488;0.09226597095714495;-0.03575066332897715;0.17928115212945445;-0.05902525267384569;-0.20692403142975474;0.16580059157728133;0.0837569607544573;1.3598664588125016;-0.5534793811287474;0.43502988206275456;0.7429380163748054;-0.026784492849476132;0.12253522138335392;-0.07069271029022077;0.14110540402505692;-0.02192102512804647;-0.2122576403401588;0.13892123825369748;49.39498724625291;26.057712106948536;2.4616729511941737;46.937267394309586;17.11431888869699;22.616250853112238;27.85994968585352;26.69829609348572;85.62458525739117;26.16834895628724;89.77697368564779;55.287883693963735;33.06392140699982;90.99654352031531;51.138357983943436;40.05867728383119;27.56036737199191;21.653776813600597;12.70474077663777;0.9966756142267872;-0.29726646706594384;-0.03273435720726002;-0.30511613738577603;-0.26014344428183617;0.3488723165378587;-0.18978886200072403;-0.17356334986767114;0.5146964345430193;-0.10372393085334995;-0.1846862167924317;0.35122639768225294;-0.0881230641648828;-0.10748534799401539;0.4213386237210309;-0.7175184524730023;-0.42699514573460273;0.6044152602671333;-0.19120610431010213;-0.2665823765044071;0.2134348766624826;-0.03831063243456784;-0.20810568795778148;0.12949855970217292;-0.010628325729193047;0.05002885275478174;0.7895668770035696;-0.6116218281183808;-0.46836301836173105;0.6828804330295494;-0.2041842237883321;-0.31296007137212484;0.08929047851707742;-0.0021114027996248217;-0.20451828700474506;-0.023136189886597443;0.010653739046608317;0.0897740705775333;1.100443054175463;-0.4984729690943088;-0.4048591631737265;0.6321824416478264;-0.16647574391781028;-0.29305890442151805;0.07256408526631121;-0.007229479625307598;-0.19385390573198766;-0.01319965682974195;0.005816660484405532;0.07079972639895357;1.3363335319174574;-0.4004449573632437;-0.26693177523756956;0.48399178042353247;-0.13783285865413403;-0.21169163136188107;0.05879893690795796;-0.03762840621817951;-0.16183161047467132;-0.010707815949108988;-0.015013311213628486;52.37968280544836;21.424338133156503;9.075664810240859;46.95012671085049;17.745212534235286;7.8196679168652174;41.30978819651256;41.46972836767905;22.616356634857276;37.16499726900712;44.466619207820195;18.0659103254146;30.85745251299746;44.76634719553411;19.642667007963382;48.592134737846095;24.05236030618618;13.438102310959804;7.789729167263324
0.9964310565761744;0.49517738970643055;-0.10491458388888152;-0.015153625922757803;0.4311037736071114;0.28750746714819075;-0.11285084580829215;0.2371455040422471;0.49353353873122435;-0.09157507254572654;0.11218309829332228;0.5095260982940565;-0.07341347024849905;0.8367392943088329;0.11408776477588893;-0.5666444167840824;0.5638560801400471;0.8735966832572726;-0.16332427748125541;0.14712513947064004;0.49952269533126364;0.048254883212094105;-0.024472394053110698;0.21887420278363331;0.09618986768090043;0.5783702879957688;0.537836411700682;-0.613367593057072;0.6461520578746025;1.0573795759922398;-0.18543302205180176;0.1478413926514034;0.3172529315693636;0.10422848553205072;-0.040858547882128046;-0.004571046018793506;0.1349393705068015;0.3315350460116888;0.9916268155475659;-0.6245962851285881;0.6165430674531425;0.9819752722377189;-0.11394833781834117;0.09129726645207459;-0.022141819210559632;0.19267033263153688;-0.07215240280133202;-0.22172491725311907;0.1874396692869919;0.1053213118349404;1.3841873648791838;-0.6299318367896667;0.4789769971282571;0.7712763905887631;-0.0372247895652735;0.129268109457295;-0.08407268720265415;0.1548788371032241;-0.03814612424552998;-0.23885521427997955;0.15882998077399693;46.45356935878199;30.196849432771142;13.17635828276088;51.65785905942944;21.690467126297147;28.57584346083921;32.55089627684659;25.89053935392796;82.66874749986748;28.30383856968491;87.10996444570677;57.520781100483624;34.50645489437137;92.5085704103971;51.05865193228971;37.06261876606976;28.60213769925014;24.50922365041253;14.067727733553602;0.9969431900614965;-0.2958051448025478;-0.03195285015321769;-0.3056294159220135;-0.25827736658205297;0.34961981523247365;-0.18844896266705202;-0.17294198908624056;0.5144198520234046;-0.10225742408757318;-0.18402887528064008;0.3471652676283394;-0.08670290225791784;-0.10560883907927174;0.42807599183542594;-0.7134754580213192;-0.42609467858113204;0.59858119759002;-0.18992409174475808;-0.2682015305364402;0.20904856397200952;-0.03787424638607003;-0.2084176900528593;0.12601971260855338;-0.010302941471116399;0.04951913788347161;0.7935286020915294;-0.6065148082659985;-0.46772779274939397;0.67838562782224;-0.20347034899033717;-0.3111228204329301;0.0822421298879402;-0.0027603701607829363;-0.203053245776385;-0.028205587609872115;0.010687088986449834;0.08716874875152548;1.1011039197206653;-0.4925674036351585;-0.4033404256521297;0.625610264415897;-0.16490019520936897;-0.29205237126841643;0.07115482431587095;-0.007992250505506227;-0.19396621693106691;-0.014050517586436821;0.005401462204933671;0.06645983590472969;1.3332656960488665;-0.3938829537490947;-0.26845249692260287;0.4775196172886241;-0.13682018865194145;-0.2134414585584189;0.06148383600680186;-0.03862625010442115;-0.16352482446057617;-0.0069721587277397;-0.015625128860913065;52.568878644018824;21.289002483082808;9.325369795676695;46.67296749953711;18.244688973014412;7.815705756309885;41.20486151163192;42.347562975306325;22.97060395410807;37.15032353318315;44.46003192475553;18.10339878483577;31.12855806200657;43.75827519359265;18.86278076917994;48.8043320681457;23.833785810613783;13.328829643081878;7.755080254811241
0.9958052145658765;0.45278238016708106;-0.09459967601349656;-0.012894976579327094;0.38908793763566635;0.2886869770324908;-0.1011433544808822;0.24009799669054513;0.4660951138329007;-0.08029691401886789;0.15617319738734864;0.34060226747425304;-0.06481350137912001;0.7540550490339247;0.30149838926692735;-0.49553292990165504;0.45209099489177274;0.8614172865767523;-0.12854642764062005;0.12302604950501915;0.3647747342792976;0.054973132206364385;-0.01853345584511143;0.12015094453187083;0.08834289207200068;0.5064897836659908;0.6762558902748076;-0.5349262284751097;0.5390135577581842;0.9693570399718012;-0.14377437668410473;0.10593088815062968;0.1431073332575023;0.11245008333681539;-0.04383404948000425;-0.0739278148041681;0.1257551320360157;0.2789734419607001;1.041527369855621;-0.5429807397390123;0.5073439069606615;0.8810778146249986;-0.08128931016137371;0.07250725034901476;-0.08501595395865415;0.18102936169833328;-0.05683211748612964;-0.21452637793473373;0.1613234302674772;0.07084339594343327;1.3404738606429536;-0.545955104298932;0.40071304955061504;0.7013952763932388;-0.015291470336113763;0.10133280823709442;-0.09491621907465443;0.14276338237122976;-0.027944765469544414;-0.21003804607905258;0.13422287965091795;49.02893636200945;25.927762911267436;2.8141575190748886;44.63474414526973;18.06967894788688;37.43313638726649;25.974379169650376;40.28966185896237;91.93275563928225;26.3556119279331;104.09333880413244;42.07892762634242;33.444394341893144;100.07669801206733;43.44385869066933;43.50673622072859;26.568026364494656;19.769157891080933;11.819948187226867;0.9970081822231506;-0.29491899471758987;-0.0335072924533677;-0.30635597579709734;-0.2579942768472824;0.34762590575239055;-0.18786705375359408;-0.17399319383201106;0.510105203415836;-0.10160697617378657;-0.1872083301301895;0.34323665838236983;-0.08593931315301032;-0.10827988721945926;0.4320265459130465;-0.7097347702018788;-0.43056717189348814;0.5941640230060581;-0.19114529556250298;-0.2682078653166433;0.20699378690439776;-0.040434178379629544;-0.2087525982822329;0.1268691663171388;-0.01218218777703803;0.046561511634014105;0.7966697186189986;-0.6026187725833648;-0.4689557069879038;0.6769254949717602;-0.2053474581372203;-0.31290933745033467;0.07827279835583703;-0.004209461180148821;-0.2044481313212817;-0.030311599565509294;0.010470358928928954;0.08404070291990416;1.1023412239967203;-0.48898886689025445;-0.40406354439538333;0.626465022996301;-0.1669457351813272;-0.2919684880822258;0.06989877877934884;-0.008706026541229199;-0.19427204972299275;-0.013265990828143066;0.00577355365309075;0.06244928305945199;1.332607945747367;-0.39077046152602374;-0.2692380506082744;0.4780394713827903;-0.138266763712587;-0.21155872759004551;0.06157688650613605;-0.03915318541099246;-0.1616207241787964;-0.006296800620297576;-0.01555678220594534;52.69667914332564;21.201484661720187;9.729838479077245;46.2969188544965;17.896455427785572;7.476016054378148;40.9315719067692;42.88866236388406;22.76369373554113;36.92507299345558;44.65468801267656;17.689343698779684;30.990463962877243;43.52460015120042;18.84815263949192;48.91482614020798;23.768551692271217;13.226210455524711;7.6964838334644075
0.9951793725555784;0.40769406225186383;-0.08398346238661962;-0.010748192001104736;0.3457594113518615;0.2830891755127981;-0.08923552364726356;0.23706023365243398;0.43297779314934354;-0.0692155252643706;0.18872073542479506;0.19423236613182926;-0.056282053221154225;0.6690523218561802;0.44843546290329533;-0.4259068047922742;0.35009145550888443;0.8318309423291657;-0.09708320088911085;0.10045165218150201;0.24590070353054228;0.059236028738232985;-0.01323828895508591;0.036403341685256024;0.07989423077794917;0.43598338549980925;0.7744662347016057;-0.45838906932347573;0.4388337989961844;0.8750768572025006;-0.10631824828989508;0.06912876903348766;-0.0030559736812820516;0.1166394438559722;-0.04527888826222528;-0.12916246688579855;0.11535819338724167;0.22949515932103318;1.0587891741618183;-0.4636555752179373;0.40619339223448014;0.7782399001482301;-0.05263963583946766;0.055438593513507245;-0.13467859997824852;0.16735923555371493;-0.042967321523071665;-0.20373999255557418;0.13622269157349784;0.04093866928863834;1.274114380223915;-0.46462463894691675;0.32737395481791287;0.6280968073213579;0.0030553809462595203;0.0761036922329047;-0.10165598969533082;0.12957418262788714;-0.018937696174220243;-0.18161291378359232;0.11097694014545992;51.48881338467;21.92407987994825;15.697816210973606;38.34762299670334;18.720934621134003;59.25154036994926;21.245703061652677;83.43819156464826;63.79473001040867;24.689407019593272;117.83513732231984;29.900103110652747;32.307546180031736;107.45220972574457;35.90463583374802;50.81832959922929;23.707004352861652;16.032599884150557;10.155398265506069;0.9970731743848048;-0.2940217838416331;-0.03506248845289981;-0.30707304654184575;-0.25770210890220974;0.3456178055703548;-0.18727807781983832;-0.1750397848961041;0.5057680445364318;-0.10095229831209969;-0.1903853089539334;0.33929165707288533;-0.08517188710113048;-0.11095051391499294;0.43596727228565146;-0.7059655108348183;-0.43503052087469557;0.5897213678191957;-0.19236151150389838;-0.2682051276528573;0.20492950628280285;-0.04299585086934649;-0.2090808460147075;0.12771535666680042;-0.014063304259801412;0.04359871660754974;0.7997876793264243;-0.5986976030583614;-0.4701692362695336;0.6754406713745228;-0.20721989528280976;-0.31468743093799345;0.07429599561052413;-0.005660169809117542;-0.20583778958458993;-0.03241914336744121;0.010253011150465913;0.0809060124606637;1.103542711546403;-0.4853894288731062;-0.4047738619529848;0.6272996109158759;-0.1689881078191596;-0.2918746184574764;0.06863884118977305;-0.00942037481482704;-0.1945716769387788;-0.01248006203602575;0.006145901594653211;0.058431744634830675;1.3319042812686;-0.38764095927575865;-0.27001544344168993;0.4785437729541398;-0.139710414836288;-0.20966654749593014;0.061667965351518986;-0.0396794352275273;-0.15970883945917913;-0.005620409020294784;-0.015487825861956748;52.82436805392113;21.112436754472512;10.13931924154064;45.9260649658758;17.549576743597605;7.14502360208565;40.66104284752993;43.42847386248705;22.553323924012332;36.701414210454516;44.84966438503016;17.280947883679257;30.853522581127145;43.287712238889014;18.833216368958286;49.03383308447228;23.70219001307095;13.12358525275928;7.638031509281291
0.9946682204563936;0.3741712443713016;-0.07541905298742159;-0.010243105273549066;0.31504122524157563;0.27817862763682594;-0.07998283703150541;0.23579069918513468;0.40651097308038003;-0.06065800905958782;0.21315663181801386;0.09071841914702147;-0.04981122069697163;0.6071632929134309;0.5411595777071351;-0.37312103031319727;0.2790600089649569;0.8042820403115302;-0.07573141365240067;0.08664731231912551;0.1652947884635137;0.05973766709825302;-0.0062811343525431005;-0.017816494119425007;0.0719249135014181;0.38652931260083945;0.8309301563364719;-0.40018766321685745;0.3679818679756985;0.804811426530698;-0.08023993805951488;0.044660475130090596;-0.10016521707770583;0.11682674051000909;-0.04442372133655716;-0.16449229157546646;0.10587385285821833;0.19610997022204946;1.0582567734555366;-0.40339299568160836;0.33524828985812216;0.7040843911368425;-0.03347999370456225;0.04287389255468087;-0.16703350337462172;0.15537659147898372;-0.03393421007221401;-0.1951328592194056;0.11719492408905545;0.022583439439637552;1.2157031805753555;-0.4029825751521549;0.2760246672284265;0.573419856103372;0.014405277645700999;0.05789748268768198;-0.1048047233893107;0.11834256497696197;-0.013130833252765244;-0.1606786866229697;0.09337090382859466;53.25952702678607;18.52383614953242;36.582419133817474;34.14787951477066;24.335041959372678;86.82374634409165;18.412513636356106;121.10382278628873;33.31505103805179;23.239820786958262;126.7616508358276;22.514432039343202;31.19034105809484;113.31347835837569;30.117381294383584;56.176142043828996;21.306055603983733;13.724002145791143;9.16499463911207;0.9971291229668242;-0.2932510796697138;-0.03659085838875041;-0.3075860347268356;-0.25727781833378854;0.3439068213845194;-0.18673233084518945;-0.17591498902211797;0.502138409104415;-0.10040205875425615;-0.19317771867427852;0.3360323911490936;-0.08451929887249025;-0.11285883815956531;0.43936199828066574;-0.7024826121809181;-0.4385531030154715;0.5860423935695296;-0.1934290340569906;-0.26832373280351535;0.2030516609659535;-0.04525970868484585;-0.2093909918916;0.12837444613390717;-0.015733117410609444;0.04132487457241144;0.8025557241822061;-0.5951441542382393;-0.47114003231378065;0.6735860859050484;-0.20878789327309083;-0.3163533497239821;0.07143756081443282;-0.007003970718159975;-0.2071921371669168;-0.03350442847827167;0.009935619141455358;0.07838887586955608;1.1047663901051705;-0.4821882405804312;-0.40525927981521337;0.6274032302739901;-0.17066815855107315;-0.29180879355287254;0.06799939685846489;-0.010104950866706888;-0.1949164771878938;-0.01143389121055704;0.006366300967415486;0.055151821920030035;1.331630350404564;-0.38492893494899066;-0.2704030915656964;0.4789770341970166;-0.14089274125550297;-0.20799285649751015;0.06187681581384691;-0.04013704680808208;-0.15811641544090174;-0.005017914552899851;-0.015451232101660734;52.97219312391745;21.024645539350246;10.498360390047807;45.611690619162346;17.297135174408357;6.8595773000605975;40.45059401224718;43.78282096475728;22.25714805037912;36.53092393226233;44.91911908792681;16.903956559180592;30.719429869462786;43.07059757333877;18.845860851693406;49.1944325640778;23.64284088724531;13.03142532257655;7.584613260267529
0.9949798190773748;0.4074394486219594;-0.07597824239225097;-0.02058212358916609;0.355302740412257;0.30094970893126877;-0.08321369019148747;0.2696283572855152;0.42908171177552396;-0.06263129471194492;0.24380502937705942;0.12305050420598061;-0.05270068239130903;0.6706926223289882;0.4792405394651027;-0.3932744314729857;0.33476413135817695;0.8381671049884806;-0.09669499068826301;0.11850754842959967;0.23192384862565074;0.04351899296057551;0.020426571520607888;0.03705759753092823;0.06353751262170157;0.4429938198649638;0.7922120091344029;-0.4197101477742477;0.42335906873982515;0.87533220158183;-0.09832661995001492;0.06885015563967253;-0.03368577174469171;0.10452785991892198;-0.03255640696458725;-0.14114354483156397;0.10027488603610299;0.23914335282665325;1.0589003322423358;-0.4229065222627582;0.39242227125217993;0.7839403838543327;-0.05119135120802661;0.045824408602867954;-0.15329440721126425;0.15405530790955255;-0.04653368287323128;-0.2094254923886298;0.12259271052890275;0.05415700061180822;1.257362469195554;-0.4230987701266667;0.32184907881931335;0.6221288175883214;-0.0011110099828616803;0.06487308528159191;-0.10097124594143253;0.11652556884327919;-0.020884800046090862;-0.17522126722051118;0.0968576090994398;50.968040972346536;17.660827617354574;30.921901244794842;36.75393357061362;16.46899716121225;46.872388942026994;19.319518263888114;94.80715729569036;55.31557022245253;22.442763573520946;124.35786063144617;27.095571391469335;30.644277713157145;111.04045740076099;34.87807091201337;49.73731128964849;22.820673953641833;15.564945243813625;10.014098299803637;0.997120195644892;-0.2934609447509874;-0.03792400959672363;-0.3066972573720397;-0.2559642955639319;0.34442081134839503;-0.1865430112874909;-0.1755914534509924;0.5037329978148715;-0.10062896578268507;-0.19322939500421293;0.3378009026389614;-0.08471576754596495;-0.10929892642244535;0.43890646812343964;-0.7012400216699062;-0.43538630545478724;0.5880105269717023;-0.1934635633952489;-0.26937404542548626;0.2025726515652886;-0.04537701367692027;-0.20961580933156407;0.12771265865043588;-0.015875811425089734;0.04402904481426613;0.8029689798175212;-0.5943923457309597;-0.47046470538962376;0.6692370704051225;-0.2082031935569349;-0.31727224342659777;0.07665508557485637;-0.00757147059807309;-0.20832972681709572;-0.02724049341880127;0.008903410423703479;0.08034644148967142;1.106388876793814;-0.48198040777367146;-0.40421536615756515;0.6223917363866835;-0.1697700578776412;-0.29201047793162993;0.071840476357074;-0.01057302164714504;-0.19562736003311065;-0.0085265823603051;0.005494214389313669;0.05720981350312616;1.3347463610695625;-0.3853233107029182;-0.2680467389169434;0.47900398189474985;-0.1402197701520024;-0.20794813947552315;0.06294478235356593;-0.040107040627253746;-0.15886712525128385;-0.004951972231178011;-0.01565101743533149;53.266490770682864;20.955886449032025;10.463619264996932;45.66564200627296;17.711910917387105;6.832045533650635;40.65322516810765;42.82271312822566;21.360241888863357;36.73208451399804;44.08729245372832;16.711296524689576;30.59702092647906;43.01814133005855;19.059134197119715;49.597274477162365;23.641121032417132;13.014357398749855;7.5662749802161695
0.9952914176983562;0.4434897313666496;-0.07614421594260351;-0.03246065100149592;0.39980808877708013;0.32548457566448946;-0.0864369455986809;0.3072172047562604;0.45256836622113944;-0.06452479109080457;0.27785367170927694;0.15982341781662093;-0.055721587645588565;0.7402179240432376;0.4042669260431125;-0.41418106873044974;0.3973379114912904;0.8721925376739585;-0.12043029450183054;0.1547612888854754;0.3078422697014615;0.024402843632761486;0.05131951192680299;0.10056199816669444;0.053390549217747385;0.5057620114953048;0.7421960049376087;-0.43971567857295707;0.48498924059552795;0.9516761422915269;-0.11870981593356328;0.09651003288614539;0.04374934076700157;0.08957654367029692;-0.018564450669644374;-0.11312396255214145;0.09313307585951074;0.28760772684850056;1.052908471469983;-0.4428813043034715;0.45633643282102204;0.8717095257240567;-0.07143857432960402;0.04895999717612267;-0.136359799589936;0.1515400514199843;-0.06087272339883486;-0.2246945324810132;0.1280823879000435;0.09048730812981601;1.297750248526684;-0.44377237184078583;0.3730290533840674;0.6747482680705859;-0.01912723729590732;0.07256286924318694;-0.09587574827807506;0.11367336518827634;-0.029758675413806588;-0.19099833321909276;0.1002912182623176;48.80269214781515;16.74486180764931;25.833882675202688;39.87292385497782;11.42555264423432;21.26096252378353;20.926538916325494;58.547718511964874;85.51721088436814;21.56226027118434;121.26685600767732;32.334082807469564;30.016118066660404;108.17168278865837;40.12436704972668;42.818982019750166;24.27605577331761;17.777378010664435;11.061142688861276;0.9971112683229596;-0.293668843434839;-0.03925941045692621;-0.30580430059028185;-0.2546461885952328;0.34493300661550225;-0.18635182307045708;-0.17526588031473167;0.5053265775084274;-0.10085549556494705;-0.1932796107137974;0.3395700778893716;-0.08491192906682608;-0.10573130780733911;0.43844652195855166;-0.6999893888144973;-0.43220992257210866;0.5899776872113276;-0.19349659735079458;-0.27042419728080785;0.20209108875913076;-0.045494177283251246;-0.2098393658111751;0.12704857160732144;-0.016018650851351218;0.046738043789362686;0.803376546380134;-0.5936342981912955;-0.4697842863605036;0.6648743156003952;-0.20761569237004573;-0.31819033780190803;0.08188199403348974;-0.008139997308479549;-0.20946781574900045;-0.020964329991284076;0.007869151009299243;0.08230711139622494;1.108005543495486;-0.48176828613634703;-0.4031661885274221;0.6173656112888263;-0.16886886513788726;-0.29221019193759057;0.07568833965442089;-0.011041904416519649;-0.1963380266567612;-0.005613631130133598;0.004620411600169622;0.0592712886494332;1.3378575717275074;-0.3857153322971708;-0.2656837053508584;0.47902711488071364;-0.13954437709536097;-0.2079016582338336;0.06401428820418735;-0.0400766531903562;-0.15961799190904974;-0.004885863521674274;-0.015851059444118777;53.562849583819165;20.886420942230814;10.429335919528029;45.71964506776534;18.128938947212895;6.805053204965808;40.858129961849045;41.87195690413467;20.455042029085256;36.93541378085515;43.25791330800429;16.519253505316286;30.47315588542007;42.96710616901222;19.273328910412147;50.002113835075136;23.639023527425184;12.997406524040555;7.547941119560308
0.9955399478320364;0.47939952844964595;-0.07660040435958021;-0.043508227376250014;0.44455303023443277;0.34759381376536236;-0.08940446506135602;0.34309316344717666;0.4749851263079585;-0.06656503010240765;0.30814938192142277;0.20500372052966012;-0.05896139500825791;0.8121835713109611;0.3162954428201076;-0.43456044028455054;0.46397637182580126;0.9024579719288489;-0.1453525577097962;0.19141167609144416;0.39010305918297694;0.0040619192918867845;0.08167591124029513;0.17038696673959938;0.04267102010921077;0.5721964400817876;0.6790523609374225;-0.45986859543030517;0.549281944608891;1.0274188455645668;-0.14041677869380578;0.12419947306963866;0.12951334889704713;0.07327714207424835;-0.005190976569524758;-0.08089500256985892;0.08552826018713001;0.3398302254907309;1.0367579424636242;-0.46362753307194243;0.5231972455073001;0.9603389391425535;-0.09264745023746615;0.05116650691505631;-0.11444576062182517;0.14868915907936822;-0.07665221652425896;-0.23854382660737364;0.13399180687688728;0.1302515765786724;1.3321564477840904;-0.46581601038338366;0.42649139538838066;0.7270545818953421;-0.037804726879352074;0.08029120172295728;-0.08913579045677934;0.11095218716813543;-0.03963579718943012;-0.20674103568677357;0.10441468350210442;46.87279721812437;16.185014653703853;20.493480358550457;43.39571726428866;8.752814611064851;12.201192694240435;23.450365997842407;32.88823165976893;102.27111072961162;20.785478767544866;117.00203509421269;38.408941307010814;29.409915955094462;104.60124763153871;45.672437876307946;36.00297073859228;25.458830629540163;20.32147599002334;12.326347633417289;0.9971089556263067;-0.2938310921989025;-0.04103107351359279;-0.3051979375153247;-0.253716675808056;0.34479815328440366;-0.18634992234941863;-0.1752169863841245;0.50703153077543;-0.10127037873812686;-0.1931757512605362;0.3416881143386587;-0.08532854527390123;-0.10261614407389122;0.4379879565565478;-0.6985929619225403;-0.4296274974607292;0.5912022270294847;-0.19368626735741784;-0.27129680798960265;0.20139704552729282;-0.04599463769846503;-0.20999207219830832;0.12619076252706302;-0.01644236112524346;0.048979716357581395;0.8039352779069315;-0.5926964284709633;-0.46952596448132133;0.6601099034467155;-0.20727937903396929;-0.31925266742723785;0.08617265961884085;-0.009102818535761701;-0.21071421193441361;-0.015982468754225748;0.006645324914426869;0.08379001705891749;1.109666075424003;-0.48136824530938516;-0.40279075229110767;0.6119853743697475;-0.16814645750497492;-0.2926340634430661;0.07866518962992887;-0.011708748248184624;-0.1970947187679435;-0.003679655489319045;0.0036796393146210477;0.0608162864919144;1.3408588273501407;-0.38593295861220167;-0.2641222694861495;0.47820291664486436;-0.13907879491250216;-0.20817993405116497;0.06472795160069557;-0.040224894668276556;-0.1604555963019978;-0.005086426235347706;-0.016120687543831568;53.832742341496306;20.878604878288428;10.329545527997864;45.752618120197255;18.469430141586844;6.794954753930505;41.0538894318309;41.027951242002075;19.731272012035138;37.16595626721417;42.53016589521091;16.443843019325726;30.435288738518285;42.909799033895794;19.470458734548014;50.4088946913462;23.645574904753694;12.976897122266152;7.5262167762154135
0.9948727671292992;0.48467357692083396;-0.09012256620227409;-0.019134995619474963;0.4400161039121352;0.3167970361489557;-0.09158137696422951;0.30503464393018165;0.4823444211487797;-0.07422912023988744;0.23846635573418698;0.3119952668465861;-0.06530447988084509;0.8519083467585918;0.25155385932452506;-0.4492537531318055;0.4974479292705301;0.9036934959568542;-0.14876356657490136;0.1705149255615078;0.43243064230766204;0.011524057570804528;0.04027834870354358;0.2032592767540632;0.052701350691911446;0.6120121331853606;0.6211343381344596;-0.48952352632347634;0.5720211966459267;1.0352295898617319;-0.15003455688008693;0.10131895832382119;0.17010511295404804;0.08130351410770648;-0.034931833960191935;-0.06251771839983764;0.09826633509765641;0.37309052833843875;1.0078565890307143;-0.5036661934627502;0.5441707736896901;0.9675296412100844;-0.09100622578137751;0.03822297590085239;-0.07256655060728355;0.1646043769725358;-0.08884645461161739;-0.22345627678191599;0.14907358994080602;0.15008829618639055;1.340726681225185;-0.5146398200783074;0.442962724033163;0.7363027944302982;-0.027930219094012092;0.0798778477220381;-0.08075206753018442;0.130221600427354;-0.04802264728726706;-0.20911304655778526;0.12308330331356274;46.57916509645702;21.80178035325771;5.422051562590928;46.20977062078919;12.07482261082207;16.400963876888774;26.54563540363414;29.61025777961598;103.74675405586713;22.19178182980854;108.32202985812732;44.11316089466953;30.643351759184068;100.75088477587686;47.13113453375164;35.69685426704578;25.62032922054841;21.940172458915224;13.490681268244595;0.9972026827160256;-0.2933515296851599;-0.049111865323121714;-0.3088078477333456;-0.2584921062991904;0.3352782898742892;-0.18912099215206057;-0.17921357533982973;0.5103602189751356;-0.10442597212040451;-0.19084921144677797;0.34886146405533397;-0.08895171561117544;-0.10617860432960181;0.43760168602307103;-0.695174498675442;-0.43579901083926637;0.5816376516085858;-0.19616923620955887;-0.2695868908658788;0.1976461188179379;-0.05206663276805403;-0.20912862466359375;0.12254651332644656;-0.020945691472105645;0.0443639076159021;0.8067541624105217;-0.5892194541377138;-0.47546273271393263;0.6496824564859855;-0.2106278488169195;-0.32241660530505883;0.07672914055019583;-0.01578187127720415;-0.21352438423095457;-0.02997505430244195;0.0026940836205881264;0.0782864126198859;1.1120240647600925;-0.4782869955125624;-0.4122709412837396;0.6016458968379541;-0.17006118290094782;-0.29633726767849294;0.0688909926971521;-0.015241391397039129;-0.1985199257764731;-0.016048971305939994;0.0017886793577368578;0.0548074336846624;1.3423044979957288;-0.38364142993428135;-0.27429598116577075;0.4651080363993906;-0.1416926905897327;-0.2131981680840411;0.06024838597262141;-0.042973592211592505;-0.16254896219328027;-0.009164642406060205;-0.017397871979834605;53.674636068021776;21.790718024560615;9.289288242970496;45.482342727132995;17.672873894034392;7.024944375337256;41.09480330740145;41.601860942859595;21.646298551951343;37.77110685968405;43.233436857380205;18.023192240192767;31.69192367017987;42.6978197186527;19.411097734123118;50.8245192337413;23.782830368267575;12.902685046813861;7.45511756739439
0.994205586426562;0.487175258998099;-0.10375117616871929;0.006566729838570408;0.43249980945609107;0.2824899309438198;-0.09329297308559312;0.26317930262772543;0.4870493407058215;-0.0818086341366129;0.16383488752365785;0.4223397240540184;-0.07155334305575557;0.8882704484417695;0.18202696520951198;-0.4618635363758075;0.5294655238015775;0.899333432179879;-0.15141251687763607;0.14751449198735578;0.4741504388024261;0.019284119983727085;-0.0034243272226389325;0.23648944187929022;0.06289920893207106;0.6499713421714809;0.5564559310143291;-0.5175848251202695;0.5923074435913486;1.0369474459487187;-0.1591901257763473;0.07666952868399773;0.21164508976176227;0.08921899247922051;-0.06592893294435173;-0.04283772749857865;0.11102099615744378;0.4056648331021856;0.9712130728343036;-0.542537641328107;0.5627780668184669;0.9690204880991433;-0.08871393729775956;0.024398286198325604;-0.02815622660408016;0.18027848453635362;-0.10108927468833367;-0.2062217355072351;0.16397014931495943;0.1699692465368477;1.34132936756357;-0.5626633975124324;0.4574780782263685;0.741400600723715;-0.017391180903429275;0.07894398251293873;-0.07144709552441103;0.14963147041200292;-0.05652480909956162;-0.2102937027324968;0.1419072690533502;46.26367744433311;28.13912276167725;7.1226274515096;49.00451045747425;16.82884112623509;21.904063171746884;29.90034152179903;30.76202880877685;97.35312770431351;23.834685008153706;98.20889752398206;50.70388222336276;32.013740874995115;96.98419824673051;48.23080798316403;35.85900713260762;25.599478730333036;23.621303657321036;14.754333194635997;0.9972964098057449;-0.2928590446754796;-0.0572035282113805;-0.31241072646842266;-0.2632644519220102;0.3257293277405604;-0.19188865056540985;-0.18320912081752094;0.5136730741564617;-0.1075822780401111;-0.18851104694721887;0.3560318138267301;-0.09257698653630077;-0.10974235432316722;0.43719666423347836;-0.6917217674060574;-0.44196232147006026;0.572033696859324;-0.19864804144922485;-0.26786307099024415;0.19388101078893946;-0.058146168107964025;-0.20825513172655696;0.11889136533299297;-0.025455346346220147;0.03973888825552197;0.8095441170215291;-0.5857125091340017;-0.4813892795997288;0.6392114322627941;-0.21397293815907975;-0.32557223546218944;0.0672673590322596;-0.02247093750433802;-0.21633019630840955;-0.04398874602142861;-0.0012635800661703839;0.07277077385680156;1.1143397376220254;-0.4751810041475962;-0.4217491870093173;0.5912649731914916;-0.1719719190350669;-0.30003410622000376;0.05909832998566855;-0.018779045121694312;-0.19993918234851243;-0.028437377778366447;-0.00010537488083399771;0.04878671256748269;1.3436968521738073;-0.3813303431317505;-0.2844745749587413;0.45197296739338527;-0.1443048892865539;-0.21821558203574434;0.055759169070677086;-0.045724899017908556;-0.1646389354477583;-0.013248992339871675;-0.018676375306740343;53.48888276497584;22.730115558321558;8.281911948182273;45.217484397254296;16.887490493560033;7.259335807945873;41.155084571737014;42.17840579848886;23.41714769697066;38.39553443598396;43.91895242950296;19.53881403207416;32.994537758201425;42.40551780416427;19.358292662399037;51.25558464722242;23.919789018526547;12.827905073052055;7.383893718550467
0.9936502415310342;0.48019335550741;-0.10923991837926042;0.026561083099837134;0.41829703177203625;0.2640454729284073;-0.09006747661654176;0.22797655849265394;0.4920496566941505;-0.08310621623063955;0.10618043697919734;0.4950114837120864;-0.07181288250406187;0.8959057779539253;0.16048708066067427;-0.45572298311741094;0.5367061772015042;0.8922955531201738;-0.1467879960998317;0.12465395176070934;0.469435301008221;0.027410560547689884;-0.03782101958505295;0.22841822451308677;0.07042802654576871;0.6635840183490923;0.5370795562329586;-0.5207703916970318;0.5899493506393271;1.01256123969907;-0.15868164737333773;0.04832196392578739;0.20222984347473122;0.09649755992203254;-0.09163034682874001;-0.046129224003047656;0.11897896878127476;0.42203320477270206;0.9615567056894496;-0.5526842710092192;0.5609968344723669;0.9420511122565911;-0.0824593547170737;0.00833266128211304;-0.01941572062102514;0.18807331364993352;-0.11033801807843276;-0.19634040985388282;0.16966785313618535;0.1837587456063657;1.34330190771202;-0.5784203551894592;0.45654419260128426;0.7239796751208293;-0.006248072268349786;0.0704814646958786;-0.07885477860331058;0.1604643548531923;-0.06598773337687942;-0.2105879957738858;0.15044552160558877;46.8377419404091;32.452668711267215;12.631679235307825;49.79614690283272;19.65570872264919;27.48225971929749;30.59566789401711;36.479157513858084;93.62255109171441;24.40725674609241;98.0454122428124;49.296050753390944;32.84130313260312;99.06387720363826;45.31409842612365;37.064674316861385;25.590915107025165;23.971470126445148;15.086742216841088;0.9975480731911928;-0.2951407387811409;-0.06382592493689851;-0.3160361251319671;-0.27023805106387905;0.320483736453901;-0.19654308984640603;-0.18771051393700752;0.5174161728291058;-0.11182856540252638;-0.18661614142109634;0.3642606507139034;-0.09715815596862186;-0.1167207018945067;0.423444611645695;-0.7014916839374759;-0.44727833906050257;0.5745472466413494;-0.2031938800390969;-0.2676047028667374;0.19750331687402656;-0.062266422379930325;-0.20830884266797303;0.119593742870101;-0.028112388236373853;0.034952790305485815;0.8025710881733075;-0.5955316539682621;-0.48615107115293354;0.6408577816675769;-0.21851438206987106;-0.3291819147528851;0.07010133628390341;-0.02613785679782269;-0.21974628304202967;-0.04928478509162032;-0.003581334658265549;0.06907090375748108;1.1115895963099884;-0.4847306674055274;-0.4290993211289568;0.5935958475518345;-0.17470711156021793;-0.3038316877241967;0.05748888933854868;-0.020727632328367007;-0.20277647464495974;-0.03394458125223983;-0.0017008527012985627;0.04448519296860875;1.3446743054468908;-0.3906903278977651;-0.29623707982382574;0.4430903859671795;-0.14705520879176004;-0.2220658905607092;0.052840802797362176;-0.047531784191168054;-0.1661526575538524;-0.014610306683946807;-0.01991434353398501;53.13347393884188;23.472176761713747;7.262755092849338;45.56401184405806;16.050032518577368;7.5880311699402245;41.16812246513506;41.52321194327596;24.883402427862414;38.59155586815108;43.911321518124495;20.477907775501603;34.27723155531711;41.745374930728964;18.82409753035994;50.70442206161734;24.435244072063075;13.06251039387006;7.491842268906923
0.9933740657407432;0.4537345819620167;-0.09483439528105969;0.029745812645650432;0.39222397856464897;0.2876792230041602;-0.07595167670130294;0.2154245194366859;0.4990402324410296;-0.06952694632697883;0.09902085499767563;0.46781576629618055;-0.058017037973260605;0.8374369984002428;0.25789612105504056;-0.40770717798334355;0.4858153862130456;0.8838237224384403;-0.126158950620988;0.10640806713464883;0.356478846635616;0.03519809002106897;-0.044491511765413716;0.12389919889786183;0.07064242979204455;0.6195922578768261;0.6314879927292953;-0.46618488716154455;0.5363596812705171;0.9340891974914125;-0.13582917591084412;0.015985805727595996;0.07339379371331407;0.1014728014509561;-0.10084913589514687;-0.10400087183667377;0.11467276066063625;0.39877607900365847;1.0221176044405804;-0.49485245501854824;0.5131591094703158;0.855484541636975;-0.0681091074636199;-0.010421738641442019;-0.0974738297255554;0.17655594349489137;-0.11138391770345213;-0.20649900389731474;0.1531634527823093;0.18150947600998418;1.3539692561394792;-0.5169211764353884;0.4207776827221957;0.6586695746660938;0.00448603723919352;0.045707196425460964;-0.12534357876251948;0.1497008660513891;-0.07647871204590817;-0.20961516358284824;0.13363530684707242;49.52873479959048;30.124490131767494;11.315894489922059;45.68772408478017;17.457359282378988;41.33500833660892;24.803045769501747;62.47241699484882;84.11664632134574;22.391300383473574;119.93344539316125;31.333270269233356;32.21581761887334;113.56321094081603;34.88248580020358;40.09859332388973;25.570665889047383;21.055790956236546;13.118492111099817;0.9981939836023768;-0.3040913247786845;-0.06672753766022803;-0.319234400233608;-0.2825814737098967;0.3255912373864115;-0.20582820686243916;-0.19329404276788584;0.5214126279515293;-0.11879693878160705;-0.185464182220137;0.37477338145280303;-0.10415235716553835;-0.13248273672911207;0.3741047719091817;-0.7443268341845296;-0.44972819218668497;0.6073082992443999;-0.21281975670797632;-0.27062049501268376;0.2199085271142908;-0.061334966303285866;-0.21036780904496136;0.13132929111622232;-0.02601506660280026;0.029551858808485078;0.7687377801834452;-0.6388809849726258;-0.4871403424592611;0.6726037238079678;-0.2258622890480442;-0.33345227701575075;0.1045885886870225;-0.022066906695440563;-0.22442373363922746;-0.03216026173761251;-0.0017292026218017;0.06982053129326721;1.0936351725036872;-0.5262801087781892;-0.43037174694913594;0.6276660482027857;-0.17932045000309887;-0.30743135299992613;0.07682730916692275;-0.018595193606821086;-0.20897314331756106;-0.021800825847101968;-0.0025681698378589037;0.04441293718863326;1.342111346536574;-0.4296807789633216;-0.3118639772986283;0.44409966273712004;-0.1499657981732863;-0.22260260181663138;0.05379255370491091;-0.04686603876500107;-0.16591443970239034;-0.008961581060887775;-0.02104560562792506;52.421662215345776;23.649511179255875;6.144773813442207;47.75987475494577;15.147282219019708;8.100489959686511;41.26114912613079;37.91149850395305;25.74640477700796;37.82921141464937;42.19888274510704;20.14827756724444;35.45238114349078;40.321664069683045;17.01230279833887;47.742039345860086;25.835654117277;14.108495316838713;8.075276003881601
0.993097889950452;0.42531360550975333;-0.0810966464645656;0.03220447008666731;0.3648435006676749;0.3051613049639589;-0.06268385144858876;0.20193963950952792;0.4994895054190544;-0.05680377508618144;0.09160129729104831;0.43858672801505555;-0.04523488257444855;0.7765168171873154;0.3405334357084018;-0.36087221750908044;0.4355636540885479;0.8662994044268894;-0.10659620227514041;0.0891643412798781;0.25317441448444555;0.041638360068829386;-0.049844399499847016;0.030660423543966718;0.07002500919520058;0.5738757601116729;0.7072277293300999;-0.4129110689032697;0.4831603059613162;0.854492621126739;-0.1142027260044822;-0.012605569248049982;-0.040632687237024956;0.10468636246885592;-0.10779799266127803;-0.1536578985988714;0.10958150944842085;0.37379480616243776;1.0636647517743163;-0.4383995821649219;0.46527776087011724;0.7696730987957312;-0.05472476430083685;-0.02677959910931626;-0.1649401857398942;0.1644234308585081;-0.11103229169299042;-0.2130684304995339;0.13691639648225398;0.17746297930851196;1.347896992717906;-0.4569946030125266;0.38455528953976065;0.5937780462910363;0.013865352395825363;0.023420325326870852;-0.16475672300076585;0.13853700156052864;-0.08482323699772715;-0.20636949646914907;0.1173423247998159;51.941664585787855;27.916802142449768;10.165173770684317;41.648510724492354;16.750375620437328;75.43467216116014;19.983638759101297;118.19711140392405;39.047466492512314;21.143698547627267;134.6348369326288;20.735480894273355;31.826891211688498;124.55567625497109;27.835912493661592;43.331384287812234;24.955754463441348;18.40615332844365;11.464140937889653;0.9988398940135608;-0.3124602042339987;-0.06954463839678782;-0.32153685545399113;-0.29456955420277314;0.32986998579693566;-0.21486803962166845;-0.19850294255540557;0.5238894549174429;-0.12569778087719197;-0.18365330279268116;0.3845453506352045;-0.11112806009607873;-0.1485370877545488;0.3212727867411208;-0.7867008883886504;-0.45082146206450713;0.6395924367314154;-0.22219318421556464;-0.27289089673741157;0.24262605280516633;-0.06016027253507007;-0.21183421480535222;0.1431756820035558;-0.02373626301930505;0.02380590506127957;0.7308364265828233;-0.6821373736014343;-0.4865836073198632;0.7036127254788848;-0.23281033614855132;-0.33682969096201876;0.14032075876484168;-0.0177365750829967;-0.22858316760084754;-0.014142840527825705;0.0002137877355408466;0.07037653793027053;1.0712817640225296;-0.5680216766034748;-0.4302966597259842;0.6612530521337028;-0.1835601775938959;-0.31019222600133745;0.09680440965870576;-0.016303898544427906;-0.2147721663391233;-0.009027161980637795;-0.0034669982594425714;0.04419225730877146;1.3350457127662534;-0.4690612241620376;-0.32719092384905013;0.44370447008803593;-0.15252034381642846;-0.2224367479661994;0.05461234700055065;-0.04601655080441468;-0.16512320933156244;-0.003023702965376368;-0.02216015505187821;51.72403272027784;23.801492644470887;5.042454793043156;50.40503151003586;14.40279516821025;8.544050564011846;41.7493507772535;34.55237935191654;26.299882096526456;37.32276932419119;40.47217822160014;19.822922343987056;36.68087320187439;38.87844623468147;15.100630071854427;44.94556663226395;27.107110243423566;15.205450844346101;8.702332385194321
0.9928995354922524;0.40417519223196063;-0.07588938753854434;0.02944371826419635;0.3413485984962867;0.313402877020478;-0.05278149493819931;0.18950742593581174;0.4961764583363374;-0.047261869696166935;0.08625899481837808;0.4128274029397187;-0.0352246401159261;0.7243544181603921;0.40732672423253435;-0.3184938767588398;0.392923024880786;0.8433921560603282;-0.0925296644341883;0.06675241877451488;0.1596046783418688;0.04236846093442693;-0.05806486898522466;-0.04384360768896989;0.06623004544676647;0.5319597584115385;0.7646316713238221;-0.36380932181470593;0.4369078102639792;0.7911064483716297;-0.09625379462609022;-0.02993875492634907;-0.11984180681875778;0.10185492650712967;-0.11098759957076669;-0.18949882611640217;0.10137114147852438;0.34686396340463477;1.0883562695753952;-0.3862548318042187;0.4226262235879614;0.7015544927599082;-0.04381331401173182;-0.034456612391349936;-0.2065024487442643;0.1508264066356403;-0.10842518889768574;-0.21622645018198416;0.12118058817823897;0.1673861968543362;1.3311995322607078;-0.4022733803289965;0.3517729726976098;0.5398147752171125;0.019366204554036336;0.0092688761242665;-0.18634872371508723;0.12710943162441507;-0.08883142029566733;-0.20101593785517802;0.10302079924147751;54.14693414562061;26.439517555989593;9.073226672160244;37.78823376083973;19.572023977105328;117.41057691134883;16.294516776050017;143.98194431685715;20.136864506052973;20.387168911489773;141.68192736139926;17.26127679423544;31.51856676334987;130.68598001856333;24.830712732075202;46.521140755806286;24.058925584813753;16.321972950719122;10.208051539329633;0.9990747739129352;-0.3267445517642019;-0.06957743079712146;-0.3185522152535817;-0.30562404074195343;0.34187358372643667;-0.21816765715337907;-0.20214824090000688;0.5328474032472191;-0.12855707842606612;-0.18552850623031816;0.3916311954686077;-0.11453376906407393;-0.17629449941635977;0.2909779454343476;-0.8109672110922606;-0.44648146072140216;0.6785836514728621;-0.22749542559444186;-0.27354632858340366;0.2715273941223238;-0.057934875185816935;-0.2121597173829766;0.1592205301876165;-0.020562632677000755;0.008654475009066654;0.7056611166495452;-0.7084966397317876;-0.4806103891916074;0.7416371280548724;-0.23707293829200077;-0.3397314755990104;0.1791677458366125;-0.014035743021441257;-0.23261724064541728;0.008348297780755257;0.002775444695983752;0.06512902353769974;1.0536745952078774;-0.5945247673137503;-0.42367051126703115;0.7017693888254208;-0.1858286268953797;-0.3129475489820584;0.1284405969894433;-0.015771078508204733;-0.22070042136372645;0.012147386158359794;-0.004245565974412977;0.043365766855374854;1.3258060017409143;-0.494650492420901;-0.3356011198608794;0.4611520474320284;-0.153322826112455;-0.22463752132242185;0.0707985308618884;-0.04599460370895594;-0.16737492233504472;0.01155794288232209;-0.023094144818769514;51.610046901931376;23.53810232793448;4.909775252577589;51.61409524973075;13.595553720736596;8.861712478714031;41.32393838495379;31.612725568899197;25.895621839788973;36.14976208460155;37.556986763191546;19.21702345190718;36.43514194325485;35.70455360596219;13.737476978531074;43.248272925569935;27.738861613866767;15.884299434453963;9.06249634670513
0.9928889520453928;0.3995444976095791;-0.08822531782584911;0.01584257967546118;0.32600566186093927;0.308895565419263;-0.048540728282436066;0.17945907688963045;0.4916573697116422;-0.0429968049924422;0.08534430794534532;0.39494291802959886;-0.02938230966748627;0.6900748941861452;0.4610489422314864;-0.28128162193901907;0.36294407462350875;0.8170106581252728;-0.08822742180892684;0.030163283589352087;0.06935509505791347;0.03214590633472996;-0.07467436693658938;-0.0956465964817861;0.056106440927040355;0.4970480034786354;0.8071231507799279;-0.318583586697407;0.40185928831275924;0.759583726423289;-0.08360545162219393;-0.02812235213559782;-0.1454112650029512;0.08752348548791254;-0.1087185387044058;-0.2070031652900181;0.08656602994710365;0.31549832038213543;1.0992298185787501;-0.33797352847750733;0.38817914025833605;0.666084988041061;-0.03639808444271632;-0.02637998951594874;-0.2063360107726686;0.13365340333242093;-0.10223258177290401;-0.2161565767470848;0.10505933364809264;0.1453201569211419;1.3085942792015846;-0.35296602715104625;0.3244976723320985;0.5051503458020836;0.018305718415732614;0.00907325125994203;-0.17845513946571318;0.11466549247757091;-0.08604217979669815;-0.1931635935838751;0.09133301209231663;56.44758157415998;26.41038079713056;7.853674421592898;34.087115637744525;28.666937778322026;130.1401579845843;13.523147924310338;150.3391916125233;18.2521434241695;19.617970400986568;143.06936118209651;18.217876451191863;31.015666322415917;131.86017714017996;25.438206182481686;50.01298453153254;23.315285221581608;15.031202977928984;9.427113394844564;0.9983178936021836;-0.35755219194988697;-0.06284072433625522;-0.30406088459408864;-0.3155360859723469;0.3753101801496885;-0.20779148628165459;-0.20280382993454038;0.5613965364758011;-0.1215990965900315;-0.19799627129968295;0.3938113478444369;-0.10922242134474387;-0.23382001267054325;0.3225906000111406;-0.7920546255266725;-0.4311385252768697;0.7369131268644455;-0.2233821141573798;-0.27170168122798366;0.3164470111811532;-0.053484277563322476;-0.2108457431134345;0.18619186904521692;-0.015387894999503429;-0.029894873377086725;0.7193114761792414;-0.6940441605421146;-0.46398716106398213;0.8002497038916625;-0.23562629209578317;-0.3433654985066098;0.2249321983945037;-0.012267719600951538;-0.2375515282795428;0.041155154359336525;0.006805835613143254;0.04558009362911602;1.0559883716355671;-0.5837840821978034;-0.4031394169504468;0.7622555982811574;-0.18403042806889724;-0.31749186290894965;0.18920446738819996;-0.019918296180826047;-0.2280023335484455;0.05389966665017056;-0.004694186568136624;0.0412921607996956;1.3198010017001076;-0.4861672939203855;-0.3277301614061554;0.5266432466586308;-0.15050738633561475;-0.23424328744524592;0.12624450039897867;-0.04840382832579877;-0.17841920305721848;0.04772672198064147;-0.02365139551330862;52.81474636685024;22.385900187140813;7.081426931945231;48.792967092651004;12.511927776894538;8.90862704967915;37.91964726840527;29.19465897486368;23.631590845402613;32.89087402022703;32.28993257237058;17.585804123429487;32.82842511463924;29.306199081524127;13.526472114418436;43.57661368694031;27.174018145492052;15.529198524965475;8.721606593817095
0.9928783686798144;0.3934023813599886;-0.09932409665991192;0.0030889127325794993;0.3102115797879245;0.3032824515452886;-0.04436508734669443;0.1692707488998337;0.4851986629131011;-0.03882382649336321;0.0841017405641382;0.3764643542993993;-0.02380090581210795;0.6549622875153364;0.509032570471187;-0.24530144237417853;0.3333350995761087;0.7886822754335796;-0.0838132264815737;-0.0040891428411930185;-0.015107800196582524;0.022467884227359413;-0.0898195827711914;-0.14350946033006431;0.04641125730143066;0.46222741203422096;0.8430551484354872;-0.27496151778124345;0.36734587434120186;0.7267240607266864;-0.07143069399687058;-0.026300363824830544;-0.16858746392111942;0.07376156224511526;-0.1061064487614853;-0.2223784043180758;0.07236684201941686;0.28481310097003804;1.1043481930120653;-0.29141398627291976;0.3542889634299731;0.6299724307070147;-0.02931811496831909;-0.01872910482796884;-0.20523856077085606;0.11703142733330549;-0.09599190683749752;-0.21510431354616194;0.08954855823307767;0.12408277297955872;1.2815418621855308;-0.30538135916425396;0.2975850763452529;0.4705233530137646;0.01723335483550557;0.008849421617461842;-0.17028043822804537;0.10253947438712678;-0.08304864437910757;-0.18496017472533008;0.08001856053696668;58.75725488124788;26.352186558660144;6.670525077184556;30.632744258793707;130.06046787585737;41.892882540381734;11.107427273398226;154.76465904404265;17.130354065320937;18.986288355783227;144.3802587311237;19.13153136476904;30.562068118482156;133.09784745325288;26.043008186660618;53.99194197715054;22.472869372187926;13.870203032426872;8.727740406161049;0.997561019104288;-0.3893234486574806;-0.05560572173884122;-0.2881532797093903;-0.32534931014460355;0.4098186300083885;-0.1964214632532946;-0.20308188220895418;0.5903695114517598;-0.11401084024807244;-0.21074532803201107;0.3953082279336225;-0.10339651266752234;-0.2940294820273237;0.35528239676962636;-0.7704877193271721;-0.41407338661052223;0.7969448229305309;-0.21858727346040957;-0.26920162383497453;0.36318945493386995;-0.04868007468997951;-0.20902961452365182;0.21426547592729553;-0.009897450193492193;-0.07050136969196535;0.7322450374922979;-0.6773822864080963;-0.44550439844361905;0.8604508992756036;-0.23361966927331987;-0.34649900201122147;0.2727525148433017;-0.010377535030392165;-0.2422725163504304;0.07568067330258307;0.01104379951658046;0.02486409268630389;1.0562759038152973;-0.5712627909620909;-0.38065814979822415;0.8245108525770063;-0.18175815090219802;-0.32163843536362907;0.25292120693912706;-0.02425276695233537;-0.23524050902207752;0.09783613081299683;-0.0051578843996846445;0.03902041647684031;1.3107747110928658;-0.4762265883613578;-0.31875842129527826;0.5946589535633429;-0.14723033581804298;-0.2438991764736773;0.18447953306825818;-0.05084672349502197;-0.18970648314873642;0.08578548488133621;-0.024191034555886292;53.91954421169401;21.331976699887978;9.276847945087152;46.31157199399316;11.696922083750772;8.817125061441116;34.671579908313;27.069373192872455;21.20648945779318;29.80375595225078;27.937090801272053;15.743187857042214;29.67063263420045;24.420008649794955;12.95233899495741;43.65721673954411;26.616496641475635;15.278586797373398;8.446547330445034
0.9930370807192336;0.3880721463679932;-0.09376610092200109;-0.012812461522509425;0.29239916184451853;0.30990774146451333;-0.043503307464043316;0.1544314973534866;0.4863602501421082;-0.03624073124742162;0.07946487371351461;0.36754279030628106;-0.019870817170498028;0.6085714803009717;0.5607694714498634;-0.2256711581967205;0.30322265965186324;0.7742423857464706;-0.08179092142850798;-0.023522557913652948;-0.06379037449205502;0.014149129332603117;-0.09408320590046323;-0.16871131528196712;0.038315234441350945;0.41354285833964455;0.8765215736847742;-0.24635794117796087;0.3308922278019581;0.7139110551935673;-0.06371935301120586;-0.017029208506631678;-0.1718342192421451;0.06311060099214648;-0.09579584894863659;-0.22694529436122368;0.061742673826003985;0.24026251452398717;1.1075233293522169;-0.2576557285239994;0.31836984711803484;0.6137445368766097;-0.025462710938704225;-0.005892753211738757;-0.19014237204190512;0.10395678569880802;-0.08380140074956983;-0.20737571805696067;0.07799956252361119;0.08990819613146342;1.2555087236014668;-0.2683773902308181;0.26807708176869655;0.4537328116136851;0.014483566423632408;0.01350984427240266;-0.14975815340562174;0.0918233188288928;-0.07356047929780439;-0.17087736677608328;0.07085346969817931;60.219678528182826;25.68143798588555;5.504260442601177;27.244695261598668;173.75835853619785;8.742968651180975;9.640149494072222;155.75010374361239;17.51307411756722;18.445467570186217;143.92141039452068;20.710535941549676;29.616070780665655;132.70547116415344;27.530349461383437;57.02556601105886;21.36847992344754;12.737765080641887;7.990289726131509;0.9968048528929072;-0.4118783164510268;-0.04817988401351626;-0.27149100723247577;-0.3306159941001852;0.43363523559414013;-0.18623303551653553;-0.204401335346575;0.603651694574272;-0.10761025179369953;-0.22221882065231835;0.384736374034011;-0.09907142753544174;-0.3473794203249683;0.38703848504191035;-0.7495540518366178;-0.38273250258341807;0.8393020286608796;-0.21445980951751395;-0.2599852669936013;0.4065940587609698;-0.045077341562788274;-0.2020092051344032;0.24419125574592165;-0.0052378227120983625;-0.10843996285052511;0.7414646759181184;-0.6621713591077587;-0.4143243111454074;0.9106872485830173;-0.23148056536566772;-0.3404603584609814;0.3246409678393683;-0.009162455376020001;-0.2413275317460043;0.1163303834905525;0.015020703563777865;0.005609859098917857;1.0497078164234064;-0.5608872570401192;-0.3506555549912743;0.8737742906293711;-0.1791249864459001;-0.3180863913315675;0.31389025238013163;-0.027549580128804117;-0.2371573965974898;0.14129074123808563;-0.004332491005199635;0.03795677492720334;1.2893280608463102;-0.4690664007050152;-0.2990923660128372;0.6552925997179689;-0.14229662279546582;-0.24559833239156356;0.23700429219816435;-0.05111390251500888;-0.19557464162523186;0.11890330488063643;-0.022976883498600522;54.50251629821175;20.263590870306402;11.4860401005047;44.28232426310776;11.11905809211719;8.255124906109101;31.729471182119987;24.74466651921943;18.40934522072835;27.069143717592855;24.412129655900767;14.070568613614329;26.703865372252217;21.330958115543453;12.886372993592195;43.5142910318231;25.855925400504496;15.093223348741821;8.22949880407732
0.9938683644021792;0.38667680420233497;-0.02461211445257606;-0.04483972008205076;0.26400590208741775;0.3661665726427075;-0.0551402820242019;0.11907737035052877;0.5193734941120547;-0.039170992343976016;0.06129778498873555;0.39439295687467363;-0.021232429370829264;0.5110621348336527;0.6436213614359567;-0.263705000119685;0.26504062851979926;0.8128135259936557;-0.08871696198095297;0.007529356387085798;0.008916292429061194;0.008828654766789996;-0.05908221568373123;-0.11630067882641287;0.03432168791333603;0.3022523307827204;0.9147323132139987;-0.26815727418546725;0.279448604344662;0.7773565183231226;-0.07114026218531498;0.02262458752440824;-0.10195918377367534;0.06172157336640901;-0.05435412654206748;-0.1933872381905659;0.062125698431231086;0.13317169716406946;1.110759875984433;-0.26466042572229515;0.26719444242857554;0.6716714169437954;-0.03287187115739887;0.029816570329909156;-0.1194983271735261;0.10138611912657769;-0.046492076720968806;-0.17370360317797437;0.07876444963230225;-0.0014567559339907336;1.233833124998391;-0.26298518729359555;0.22258008824859493;0.5022968216947024;0.004779848559945684;0.03786191466716776;-0.07822796855834359;0.08412003508017712;-0.037557709004371366;-0.13195406887485028;0.06777047477449452;57.40872160799394;22.932843673868458;4.232326224673622;23.178235037699555;47.733158629140746;126.67032935020107;10.732496955812284;140.24487283112236;28.943589261954216;18.177268149916703;130.93300022436426;29.12562072709112;26.892448244563752;117.28570721173095;37.91563044487812;54.8956468038415;19.43741592582949;11.309946168383052;6.855967641866106;0.9960515005406824;-0.3955422679107078;-0.04201748104179531;-0.25757578061018377;-0.31896446684118895;0.4125328259757902;-0.1844532658475412;-0.21111892188461473;0.5556361862944882;-0.10820516430848447;-0.22766660918994686;0.3310922933964105;-0.1024656737795023;-0.3638759598994017;0.4108036180854291;-0.7414506098991404;-0.304133577955226;0.80764748653038;-0.21553156216418404;-0.22789002753102086;0.4299201931915068;-0.04743032012170904;-0.17723749183128185;0.2766326793091083;-0.004990101487962503;-0.1279851622479902;0.7392773227900749;-0.6611269456410737;-0.34240506791606656;0.9165406176606945;-0.2310188107797261;-0.30159748776470874;0.38358396195232053;-0.010991476015990289;-0.2197116095917947;0.17323611650216006;0.017171262061309582;-0.003425520666366131;1.0250010237093838;-0.5656180792293547;-0.2998965430396783;0.86647924552591;-0.1769750414521773;-0.2868839833796448;0.35250655654733093;-0.02615715431038398;-0.21910937488129026;0.17411004982610123;0.0014361067442870555;0.042251955065946666;1.2325939799487335;-0.47814649629979356;-0.243260236918267;0.6776424637918659;-0.13290036843912012;-0.21689336198630643;0.2566384937292227;-0.042991909455112866;-0.1798884188039917;0.12568841238266862;-0.015185529666214885;53.38324569590322;18.709619931201715;13.970247808473015;42.77899226409829;11.091470427004218;6.653160732445058;29.598015598657163;21.227618526253103;14.387245551619621;25.19147818851792;21.292009293860197;12.891401842279159;23.441297731230964;20.451571153015543;15.152664917236642;43.39285022040933;24.339608118343648;14.747476879918645;7.942894113714729
0.9946996480851248;0.3796878664915866;0.045295465172101736;-0.07640362493566016;0.2316356256829756;0.41745995334639313;-0.06604773851408427;0.08179965702071135;0.54507439861258;-0.04155229414047749;0.04214067210086802;0.4157006569362571;-0.02229517601701506;0.40560918259342493;0.7176530314707215;-0.2981485452831034;0.22281028711098966;0.8398655653546234;-0.09440135035453474;0.03865125247768594;0.08191268342556816;0.003350023722702159;-0.02302630456177509;-0.06190838334224116;0.02980937509078349;0.18595513490268153;0.939949655893618;-0.2862085466732163;0.22367220925360887;0.8299382423100783;-0.07757626399229839;0.06217982894807851;-0.0302091227452009;0.0594329792413191;-0.011888705995572903;-0.1568425250579251;0.06161351937076881;0.023540763449889764;1.097970077512649;-0.2678824123878381;0.21186482196054882;0.7202294172989413;-0.03984884498143507;0.06530074524531554;-0.04672147640468593;0.09733612808442642;-0.008296409474042452;-0.13732850576183306;0.07839598368698747;-0.09332658782134451;1.194209981345859;-0.25376311262351037;0.17360602182589507;0.5438846802410491;-0.005048771795827681;0.06180724549175701;-0.005156029093638118;0.07515729140153803;-0.00080517372586054;-0.09090063500063816;0.06369078574381913;53.456170044698;20.67904541975561;3.01502713887067;19.718779797173376;13.307515770412255;153.17350001677153;12.091678364879764;101.56548465130396;60.16988269769878;18.38974641363673;104.46404142737168;47.473888268287766;24.803790871719556;82.20431551680086;61.229290144008566;52.245455748379094;17.655406331245135;10.047696534632093;5.822342859783889;0.9952981481884572;-0.38006062424099474;-0.036215242995221074;-0.2444163724051938;-0.3079093208948901;0.39256887123214373;-0.18271665307508927;-0.21735315082586004;0.5103463524816028;-0.10872565613920118;-0.23270246749642073;0.280595715892748;-0.10561717650196986;-0.3792401019638579;0.43297745744644994;-0.7335784129878528;-0.23021027470916303;0.7776339820556055;-0.21646196897274297;-0.19766741387687745;0.45167499669687267;-0.04962335868823271;-0.15391063058026283;0.3070022132764184;-0.004755692533824986;-0.14629575819553198;0.7369619659592953;-0.6599125789552771;-0.27474144477298623;0.921714065430847;-0.2305035599698379;-0.26499304534057916;0.43880457073592527;-0.012705311662762054;-0.19933349584946908;0.22661773396981538;0.019184886075973354;-0.01190985357883112;1.001435702711309;-0.5698612369984513;-0.2521204852275645;0.8593220913959925;-0.17489342122591778;-0.2574790324320174;0.3886484077112275;-0.024840224164016936;-0.20208225407816055;0.2048706840318585;0.006853156316336049;0.04627083391184901;1.1788770303996023;-0.486505152693612;-0.19073978420476256;0.6983929112891979;-0.12402897127777777;-0.18985859073860292;0.27498723539957287;-0.03534898560557646;-0.1650932253419227;0.13201622739742896;-0.007862945599298333;52.247374250166736;17.048414782893364;16.901953189535583;41.87316330449078;11.570176958909608;5.783629220561717;28.207076430033208;18.764862745316904;11.386585187402337;23.634531881584877;18.813520320763814;11.926047372234502;21.045693739253633;19.509448617176673;17.135854894438012;43.27399185997768;22.9435735143894;14.452164323043737;7.693513721575359
0.9955309317680702;0.36754084370922224;0.11299391220796301;-0.1061867666493119;0.19675179964722242;0.4617533572158293;-0.07578479832721319;0.04421662764948828;0.5625653470415728;-0.04329822283188984;0.02282520588871355;0.43070858236975773;-0.023021851708993544;0.2968536307396572;0.7799697992125898;-0.32764207049913596;0.1784120944674843;0.8545501978012604;-0.09863607273157896;0.06853086853193205;0.15211771860568504;-0.002052074243429893;0.01253963589586484;-0.007874833892617028;0.024981399390684056;0.06967476567272736;0.9514397723280148;-0.29984627171413314;0.16602108657300346;0.8697163600762771;-0.08278121349859918;0.09997339367641879;0.04034734213133042;0.05636389843040528;0.02978641482001469;-0.1189253982446131;0.06025030421417066;-0.08394976875247995;1.07009709709088;-0.26728151473276557;0.15481570890925833;0.7576103641269152;-0.04611075387046964;0.09907127179829507;0.025069814043672433;0.0920146987849039;0.029154863538539945;-0.09985036512967692;0.07693829308887482;-0.1818200562806185;1.1387608695997593;-0.24119618330708745;0.12330488782515053;0.5769213080440343;-0.014585273282760002;0.08434780442358059;0.06634179484205238;0.06534429169688749;0.035130605229465525;-0.04949953980409458;0.058811354768025646;49.1160281215623;18.9317042751048;1.9746615937365493;17.3541284626652;13.691844081878168;94.61437343612863;13.729670324922028;64.23672105552657;84.55999904516939;19.030660685975707;73.59338851197448;65.19365079859475;23.400177015483315;49.93729238351419;70.62785320441442;49.55158574476403;16.187063528535663;9.038447950207853;4.968352415776709;0.9949741243069652;-0.37037231345483596;-0.030754715749813973;-0.2338600940419495;-0.301872456565058;0.3822347324504531;-0.1801717019326646;-0.21950639667787386;0.48393425465712236;-0.10731835313680818;-0.23372623322927474;0.26041166411203504;-0.10524810516503082;-0.38499782492158907;0.441277772862033;-0.7317686015554256;-0.20156029000590076;0.7542737000844985;-0.21693258745027455;-0.18795788121168502;0.4497828015384403;-0.04846004754391157;-0.14598121545324386;0.31073836882181144;-0.002251790704565627;-0.15569255339549443;0.7332958000551529;-0.6618437114898534;-0.2439100981634752;0.9172730651751557;-0.23117031925825587;-0.2497473120627875;0.4569529417777778;-0.010669343241495023;-0.19005408674463742;0.24094625812921786;0.022997010463800985;-0.01754037489576148;0.9849897098839914;-0.5743912069379643;-0.22823829495021794;0.8496019172552297;-0.1754803667501744;-0.2449273221766355;0.39872766532973963;-0.022222725963835593;-0.1948733587750615;0.21254240874529862;0.012100998537732012;0.046543134298868735;1.1449338628429329;-0.4921788988668082;-0.16458568269233217;0.704142722708229;-0.12035561594142496;-0.17650609308975027;0.28222478444832694;-0.03078016573661865;-0.15822106998325144;0.13280103118347625;-0.002939838218241323;51.42624879247796;16.037818925405432;17.78810371359169;41.456701738941376;12.427259318300097;5.852685814061738;27.867290247707952;18.498716112155567;11.043557231556772;23.000723380637297;18.48646969152383;12.090319695610026;20.238721566552297;19.163192899945038;18.48740733551855;43.170270365156114;22.188008865104702;14.270873060250976;7.610371852523648
0.9963622154510156;0.3512567196120784;0.17597280175344093;-0.13316779952724273;0.16102311463719648;0.4979748315797852;-0.0840779703910567;0.007879288608422352;0.5719824126761173;-0.04440344704094703;0.0041486601810913825;0.4394569963039872;-0.023417594247735818;0.18953217386039142;0.8292552557108501;-0.3515014794603024;0.13386393901984808;0.857544012152324;-0.10139880734000772;0.0960876462036046;0.21697942549154808;-0.007167070170602999;0.04622784903989087;0.04365200819012362;0.02006540100612439;-0.04188878529897322;0.9501480970684975;-0.3089723665690666;0.10901888921267486;0.8963976273315517;-0.08667110293085697;0.1346580793279367;0.10697991026842428;0.05271859702937685;0.06906730770540499;-0.08130998300299894;0.058178590181873296;-0.1851734479322556;1.0298172708410887;-0.26327470774268447;0.09853046893144458;0.7834508653257166;-0.051477851533409856;0.129938683139018;0.09307394525379638;0.08576759899068476;0.06442388730692297;-0.06289788728858305;0.07456220130374816;-0.26370579876873146;1.0713534458796745;-0.22613611079078058;0.07384689280819802;0.6009492540601276;-0.02347405954941715;0.10471647384687642;0.13353622552400693;0.055165154522339256;0.0688804837251108;-0.00946052024121633;0.05341162611416429;45.035909513328946;17.638371227613337;1.4104023922879065;16.252524673745754;15.760355669876105;29.55043415488929;15.555913257044697;49.48535255367806;80.33692000668127;20.031716377552076;55.49632351511182;65.14785260513267;22.679625831007165;36.70189454020291;55.34494018501697;47.221743297070574;15.110213770869143;8.324079155718964;4.359813378327614;0.9951234876507116;-0.36643001982135404;-0.02546111393238211;-0.2256801222523108;-0.30089244204643906;0.38160449801635354;-0.1767385947059195;-0.21755403090655073;0.47626629792839476;-0.10388615178570951;-0.23067882985259466;0.27100019828165645;-0.1012390050093959;-0.38108598816209527;0.43558698051152295;-0.7363456654076579;-0.21888174707649172;0.7371510446337011;-0.21699208648102136;-0.19921596617598358;0.42340416812128995;-0.04378592924035847;-0.15376870944743054;0.2870603617436122;0.002694042879745064;-0.1562158140253361;0.7282637568263877;-0.6672544641600517;-0.25022926148414476;0.9029111977107099;-0.2331385938948118;-0.25616295628875535;0.437408586034182;-0.004675002360336323;-0.1919959439376354;0.21534338588391955;0.02881492790350018;-0.020416013390680093;0.9755627578087707;-0.5795092918799889;-0.22833406483852142;0.8370696334451799;-0.1788948999667245;-0.24945988845101422;0.38223021670669893;-0.018168470919641647;-0.19763272754581573;0.19659329905797354;0.01736288241151019;0.04295064566218816;1.130544959958945;-0.49538143967669723;-0.16487814862966052;0.6947011654706712;-0.12196870863539962;-0.1769058487293374;0.27826191461922106;-0.029243337491749708;-0.15935570738975088;0.12789594046814165;-0.00033029001284754346;50.955293122004456;15.829061057960534;16.093948531269696;41.05498366011449;13.441530111373574;6.53612376112052;28.036389526369355;19.928256829687506;12.946147909343418;23.077175706001107;20.043996818764615;13.36058941001902;20.35750874804818;19.486816776354203;19.426616026953607;43.116821734762915;22.047444765768322;14.174318195491734;7.669496096135455
0.9971934991339612;0.33216031446431077;0.23257154148282513;-0.15676570446172533;0.12598037307667517;0.5260647793078158;-0.09084604401278408;-0.02600730430584954;0.574308825073522;-0.04493207016410187;-0.01326937123139637;0.4426518761391506;-0.02352232495457595;0.08757915300128984;0.8657706299342611;-0.369740509787668;0.09092349120551534;0.8506845989777825;-0.1028281347341375;0.12063806772275193;0.27486824199876825;-0.011844014075038815;0.07704195119197166;0.09108709295109926;0.015267289492974725;-0.14518487123885343;0.9382612433308298;-0.31398597488843777;0.05477413307628664;0.9111333690668518;-0.08931444533088802;0.16540452391944127;0.1677528988613602;0.0487351620019524;0.10482640268074472;-0.04540882182119771;0.05559737219711357;-0.27724085069626425;0.9807709035532098;-0.2565870986564252;0.04507052078943411;0.798674804812783;-0.05589095685396548;0.15718769019646184;0.15527903580429936;0.07899251486702905;0.09650369435398788;-0.027820399502385684;0.07151362490284548;-0.3369034738660231;0.9966081160049729;-0.20958533375817862;0.02701467575536116;0.6165397331921536;-0.031477680765217314;0.12248407218408054;0.1945331575711514;0.04507697267831303;0.09949718846577506;0.027886851826942886;0.04778857436939216;41.558119274630094;16.71972064553904;1.674619766964281;16.169862015495283;18.12661016542252;19.059523956140737;17.441192468650694;44.43229621275769;66.00180372771828;21.311830141200435;47.67892137200586;55.23046054790689;22.60110095794954;32.69043860889982;42.17162657633162;45.43975749719762;14.41975393043975;7.897976991888726;4.0206775750519785;0.995272850994458;-0.3625435779495956;-0.020267380088713104;-0.21764453894304678;-0.29991512768638107;0.38096597261221316;-0.17336171448313822;-0.21562740134963765;0.4687195806773201;-0.10051404370723371;-0.22767740255258853;0.2813718101398301;-0.0973011708064888;-0.37722863948735647;0.42998178844908264;-0.7407959529462956;-0.23586031193398882;0.7203165160330207;-0.21703888042656166;-0.21024815220033657;0.3975073812004734;-0.03919885617834116;-0.16139909247768797;0.26381982744412014;0.007545157694933488;-0.15672074127278937;0.7232891152566644;-0.6725261816510485;-0.2564142494517232;0.8887758285107389;-0.23505680274951637;-0.26244226392448844;0.4182146439069697;0.0012049628251271976;-0.1938904337251974;0.19021861711148133;0.034520057980821806;-0.02323557505846937;0.9662640647393144;-0.584498615576994;-0.22841583144951597;0.8247323721159785;-0.18223460337669237;-0.25389248402907594;0.36602785959946643;-0.014190773581605028;-0.20032879581806737;0.18093869131053011;0.022523221982284725;0.03942456366896634;1.116370937699691;-0.4984963332915316;-0.1651562327154197;0.6854031185870348;-0.12354445360612815;-0.17728852973539994;0.2743599900463253;-0.027734337871426224;-0.16046015317236728;0.12307782798680357;0.0022293755300088125;50.470440752121476;15.622060191371427;14.471945660923105;40.69374425291586;14.575167831078918;7.314603344019452;28.203396463861296;21.413103025385883;15.167498824761122;23.148792938088075;21.649739948494872;14.713299074145448;20.475710167179354;19.817213316661757;20.37175916399021;43.105445120547415;21.910525863734637;14.07541633522077;7.723969882595324
0.9980232592633106;0.31156570134093486;0.2820751556247004;-0.17680326136976837;0.09278585410953398;0.5467170091126843;-0.0961492985947316;-0.05669964112307941;0.5709729301385178;-0.04497863817616616;-0.029045633708374825;0.44136071933370946;-0.02338561620609831;-0.0063203227750028;0.890938856192225;-0.3828472435191146;0.05085916747345444;0.8363202816195876;-0.10313928675013746;0.1418821261918323;0.32510258456757;-0.015990384135396368;0.104420461220282;0.13355117829520835;0.010746395517634849;-0.2380986994130584;0.918551026066461;-0.3155519320968608;0.004730652070663288;0.9159026665984353;-0.09087080147627448;0.19188851883365055;0.22162247726870898;0.04464078224415912;0.13646498556511316;-0.01220518619790814;0.05271763331666032;-0.3586502317167593;0.9267305504500298;-0.24801817573688487;-0.0041710215667651864;0.8049643325688631;-0.05938289586745383;0.18055924228532333;0.21057382836603497;0.07206159848867982;0.1248656437294637;0.00445714756222735;0.06805564766843211;-0.40051966871266914;0.9189535010336648;-0.19245956638139788;-0.016004227755651662;0.6248936160033323;-0.03847691330038736;0.1375269676802845;0.24835282305088502;0.03544464328180567;0.12648677808813996;0.06170814425370551;0.04220555619205533;38.753056774573075;16.09418363717709;2.3950040372561032;16.65994772770761;20.506848829124575;15.714135371404888;19.26870064080026;42.93003022405722;53.596430605702686;22.779717830659674;44.6843009876488;45.876496982722536;23.090336916184913;32.19226477097845;35.5115127556063;44.19210895687905;14.059198736495524;7.721921652636385;3.9186950631235966;0.9954221385849452;-0.35871661953359085;-0.0151797819185839;-0.20975248597702165;-0.2989436877292362;0.3803168594675592;-0.17004252568374068;-0.2137319196407555;0.461298450375904;-0.09720341496329377;-0.2247243348749788;0.2915288161994549;-0.09343506022962213;-0.3734310957300082;0.4244592918280381;-0.7451218710216403;-0.25251398183969564;0.7037793076742291;-0.21706980643335633;-0.22105844686268517;0.37209263712258456;-0.03469168903751348;-0.16887186552928754;0.24100839088487436;0.012307113322369712;-0.15721050808297724;0.718372764365443;-0.6776617353563974;-0.26248347453094545;0.8748723692516702;-0.2369232983777293;-0.2685901130047432;0.3993649914216388;0.00697633352317754;-0.19574052259447178;0.16556763316683157;0.0401169717769954;-0.02599952707913465;0.9571025739759005;-0.589362244737194;-0.2285021352272474;0.8125978338518082;-0.18549687491593944;-0.2582310281509109;0.3501146714538916;-0.010284098685778417;-0.20296368264993125;0.1655711245944497;0.02758536402430498;0.03596597489147743;1.1024288464035563;-0.501527013945378;-0.16543093405606363;0.6762560343596984;-0.1250816795546285;-0.17765936982167585;0.27051266725787376;-0.026250903667119598;-0.16153632351980088;0.11833569310655938;0.004741159188113966;49.97258243618617;15.417043651965752;12.920224323513196;40.37610343930266;15.837130546836187;8.196458193500241;28.3689160634901;22.95198789442917;17.721007157983166;23.21630911836398;23.30237654201866;16.13960715126235;20.593799486176398;20.15455617470602;21.321777900916427;43.137172526078956;21.7774374194481;13.974590371073996;7.773907435890647
0.9963112436757596;0.2768970473695204;0.3440964899502247;-0.14621294707869473;0.0672937265675367;0.5264668292700012;-0.07233027834660354;-0.06745373670628524;0.5272580525969512;-0.02796730950837526;-0.033305056703300855;0.40839302979778913;-0.00819634473209232;-0.021286453553220973;0.9289565461594803;-0.3133303063461971;0.037087528954120534;0.7462221695329543;-0.07062630002761638;0.10422259885675529;0.3149717995331984;0.0004657973216713047;0.07409527085436987;0.17552851077739434;0.015588854173423896;-0.23702305187860334;0.9382045796435386;-0.2521750178230273;-0.012991064581125871;0.8157122612795767;-0.07263451065524139;0.16595930955855612;0.1955467627387824;0.04852900838759411;0.12013361933233191;-0.005966836352087562;0.056000065180283096;-0.34798393867962857;0.9319735929899792;-0.18934901360216216;-0.0314227906878219;0.7219118978925123;-0.04744443297640616;0.15813272832889036;0.18457057722674994;0.07253362441234175;0.1132674650778606;-0.001503109681147148;0.06960611050666032;-0.3822976432747402;0.9137626087054854;-0.13635277525100964;-0.03990812524913556;0.5532314662866233;-0.025066511333246846;0.11153626011102175;0.2206220329657988;0.03902388619669029;0.10172488925015773;0.05362919027751796;0.04460537785262789;32.42207887608209;15.263076003606137;3.2216442129334;13.842019659618149;16.384888122192553;6.48325694574349;16.155010159538623;43.985104393228305;51.65087473104527;19.15762956232037;47.18394937609604;47.72991048382276;19.22410681596618;32.937087910539894;36.17555304772314;37.98742117923001;12.964355092065542;7.237574259164588;3.670125055662961;0.9954450454590876;-0.36174651404657243;-0.024083280358077733;-0.20461992441043278;-0.3024420036023544;0.3742033344561901;-0.17055193829918738;-0.22117641679635727;0.46383242316115075;-0.09796615555414855;-0.2266255050397464;0.29723546497592307;-0.09246051787834844;-0.3792540079035052;0.4154932819606999;-0.7466935900947065;-0.2871643778828754;0.7102935864632973;-0.2105671041902452;-0.2302200060726952;0.36218678868144333;-0.020919949384424437;-0.16956991579673134;0.2180889987065426;0.02323238424249031;-0.16192902313060548;0.7144974685966647;-0.6806411380727189;-0.29433801698376477;0.8749233568993088;-0.233486814918266;-0.277460219428119;0.3807241013071007;0.018634793255024956;-0.20034880140976383;0.1493328990030325;0.04948960123635134;-0.027556218366459193;0.9642611700086768;-0.5930496348621259;-0.25880374803489237;0.8174390091243291;-0.1811652337983606;-0.2683339318424182;0.33303174936496;0.0004402144330153407;-0.2063508893041997;0.14702604152916596;0.03477121335411055;0.03649453320045919;1.121028318375646;-0.5057037566664111;-0.18332285344369098;0.6823669360704581;-0.12293525075228653;-0.18573009855101205;0.25706520686457934;-0.021787053945099555;-0.16428945975630677;0.09749144580737648;0.008931288501808058;50.45879915338536;15.62868937474032;11.96237360902741;40.924178961038066;16.240750327113407;9.33268560646324;29.133767278898972;23.90240277608674;19.276379497246023;24.530331457936093;24.29972068414319;17.440249413642785;21.597990874613178;21.485722575056354;24.364735102045124;43.99807010867954;22.049607381990764;14.342585626779481;7.939156179395443
0.9945992280882084;0.24635304286539636;0.3958164604778798;-0.11960362812039618;0.045309034897361794;0.507356121878738;-0.05175558269576879;-0.07639452417180465;0.4881240194732832;-0.01335552306726595;-0.036823338053895045;0.37884253650959093;0.004791994171316772;-0.033981763374748696;0.9581599859076243;-0.2529261792998699;0.025208163020510682;0.6667506930161687;-0.04263966241198152;0.07172786365422915;0.3052314657648373;0.01450493414647716;0.04796323008075935;0.2107333682989683;0.01966627055312795;-0.2352801200136052;0.9517071579667072;-0.19722259150846938;-0.028066377329432717;0.7273879076612261;-0.056822057448511695;0.14325819840019643;0.17261764511745503;0.0516775764826063;0.10578112529426399;-0.0006233728833551318;0.05860574734275957;-0.3376717705351526;0.933202514110031;-0.13863206102316494;-0.054565175854976444;0.6485365740544967;-0.03709311455714626;0.1384474374155716;0.16174149913944694;0.07268384983402804;0.10297732942750194;-0.006583293014130603;0.07068667265813837;-0.3654193071253184;0.9061524775402734;-0.0880065911890917;-0.060164495615434466;0.4901618123411607;-0.013537209694705829;0.08897214453655812;0.196193473742578;0.04194191425897083;0.080243384628192;0.04654935416364265;0.04649766773270669;27.709056376126362;14.599323215256947;4.040715226502361;11.865524809258963;12.725036903035196;2.5820396298559114;13.466113221477181;45.11804007962425;49.512075194702895;15.721965403800462;49.80709892763749;49.351264597330875;15.358731355612946;33.65983118123871;36.856995257185396;32.8066889060878;12.03584312514881;6.837866282465854;3.4784012973045177;0.99546795233323;-0.36486475037212796;-0.033296875823810995;-0.19929798154900247;-0.3060479200420078;0.3678578904133847;-0.17107086987458128;-0.22887042377386368;0.46643243807115936;-0.09875079973696553;-0.22858212459893287;0.30312717105382314;-0.09144741105984908;-0.38526205520996826;0.40619362273523263;-0.7482839614496352;-0.3230121985883831;0.7170010795070745;-0.20382683124462592;-0.2396906642658421;0.3519170251023061;-0.006665730733123374;-0.17028412755936884;0.1943577402137913;0.03453847502394612;-0.1668046271445565;0.7104519616267981;-0.683691616581482;-0.32729189193429586;0.8749335988376653;-0.22991884215282943;-0.2866269393499813;0.3614130166022468;0.030699928720612647;-0.2051084478085577;0.13252333728432664;0.059187493664470466;-0.02916599236724694;0.9716231608776291;-0.5968371097723101;-0.29015212993118655;0.8224096985759217;-0.17667335177200064;-0.2787769914235059;0.3153354177141268;0.011539429778736196;-0.20984648292340669;0.1278254728901062;0.04220659091620724;0.0370397960636147;1.140223539822136;-0.510001937719732;-0.20183136611512123;0.6886583073693353;-0.1207078068385787;-0.19407395322718182;0.24313512578476162;-0.017166088330521412;-0.16713086027964688;0.07591374157755694;0.013267471244613882;50.95624992579821;15.865471431694871;10.99464673457123;41.54578591448491;16.844037915624508;10.984624701383668;29.970460795534304;25.03235425313408;20.91990668084049;25.906116173608098;25.49152425880086;18.931415659729367;22.637074198124605;23.0169162585001;27.923984008185496;44.882673917553085;22.33189571198314;14.723613840882571;8.104950959625464
0.992280407480188;0.23094757609470176;0.42069724008547704;-0.10494861477385661;0.03705265428100239;0.4981983843115721;-0.04177127362445894;-0.08034339605429079;0.46688204011238815;-0.00720749730306655;-0.04146893992684918;0.35937755264887417;0.009718409028935815;-0.035903501115499246;0.9724556856940476;-0.22002879350576315;0.01698319584885589;0.6259996296871231;-0.03062727839352611;0.05146307046862214;0.3018099633361726;0.01936945417841527;0.0299725696192865;0.22836916308311578;0.020273879716206623;-0.23049143492906454;0.9583273656823715;-0.16876717278140008;-0.04375202416000264;0.6832441239929831;-0.05130317023442339;0.13179770074423947;0.16304090159874823;0.049999924077761555;0.10012401596297638;0.002105354024223725;0.05822904513140681;-0.3303421645450453;0.9318816659655625;-0.11399210715016891;-0.07386485088981666;0.6134573663583377;-0.03370981851298369;0.12832964181075313;0.15035802373656146;0.06961712765565363;0.09885815079503273;-0.011419954494545486;0.0695952925394931;-0.35643954439294206;0.8960576160723579;-0.0660490898867756;-0.07355946078212605;0.45857114308310104;-0.008624867914987656;0.07711488473776586;0.18562239166795047;0.04159534240066501;0.07080374897851761;0.04413066543063339;0.04628377431582668;25.367215378416123;14.532983390646448;3.991532130455683;10.582798394393217;10.349916600828564;2.6075970673274487;11.188496681709632;45.85266071431618;48.785446538850884;13.070321653024129;51.68051558047542;51.582902352303286;12.885645544936647;33.95323138802235;37.30764605038879;30.1281895929565;11.590228038454123;6.713177633379284;3.4279736130072793;0.9954595746615048;-0.3669535105176867;-0.042597720332630026;-0.1969439391358707;-0.31009289400694307;0.36320311191210164;-0.17068134670698856;-0.23459534271603083;0.4691787257466634;-0.0983756284528013;-0.22832825914861074;0.30956727490619046;-0.08997257197180855;-0.38928633244347716;0.40250167479249327;-0.7460686625617039;-0.3498005658482089;0.7224092475969446;-0.19843669409600062;-0.245886974850278;0.3433164336601206;0.0014827534245742623;-0.1712243863089256;0.18002726464584515;0.04072953792757519;-0.1698862671831981;0.7120069998252305;-0.6813110071196804;-0.3551313283008588;0.8739257112840241;-0.22484452872649086;-0.293160912773047;0.34498716770307597;0.0383834875030167;-0.2076409220738378;0.11916390132988107;0.06454632117627877;-0.030239380648186126;0.98064606821463;-0.5942143344759193;-0.3165403013992542;0.8260440387121859;-0.1708364142210873;-0.2861788196313316;0.2977244665600824;0.018595862575536207;-0.2122700466467622;0.11074940845821826;0.04596863241680774;0.03755462837103912;1.1569497539816231;-0.5073015692993103;-0.2174789012261061;0.6914111854044644;-0.11784300125405012;-0.2007442020090926;0.23304637565819045;-0.014891812331882385;-0.16944057968680903;0.06348022652827713;0.01496983279000033;51.58118151578456;16.184508319573826;9.963060887385964;41.79701459348699;17.09210420321013;12.068992214018712;30.47724860550195;25.71385372715642;21.992415654713323;26.957026163758055;26.48827577563854;20.212563167342374;23.430949620767926;24.024151878958772;29.659756449661682;45.721391172226674;22.62779989650475;14.948669580471016;8.192382272367434
0.9891816874101212;0.23119696562721784;0.4196980533329638;-0.10208871456636068;0.04335531673782009;0.5004017314233914;-0.04253181829127142;-0.07938641832421839;0.4642243145530555;-0.009840810288748853;-0.04818140215677009;0.3495650394967314;0.006190680979306123;-0.025916180945286853;0.9744257111424456;-0.2143331955611273;0.011783004985481488;0.6251896807225222;-0.03517517988773262;0.04235463683847196;0.30590772147845546;0.01452822116597584;0.01874760071556635;0.22913239653033093;0.017067698442873168;-0.2221571880088056;0.960625794722396;-0.16686601310628071;-0.06251456039623837;0.6849302588519244;-0.056860748044400534;0.1318516709054956;0.167741812853419;0.042711952623841996;0.10383226427750009;0.0022525471749718583;0.054553947766574296;-0.3262406993433245;0.9299615612605403;-0.11583137618630551;-0.09176692971978986;0.6186204867142551;-0.03787266930964331;0.128003319633301;0.15078359331810895;0.06262689511863424;0.10144485989093939;-0.01670763111190948;0.06605680933163587;-0.3561243468806149;0.8840753314830527;-0.07118475737487069;-0.08126230433855793;0.45953900711029544;-0.010570512065893505;0.07595970901378182;0.18982185376760136;0.037588383997867014;0.07392020436928136;0.04679526801408661;0.04376189149251464;24.687624926299524;15.079760977509496;2.880141416825756;9.535796449671702;9.011341894899608;3.556084218565445;9.152227532724565;46.049688095096116;50.02831451129269;11.322013738571027;52.48373857317721;54.8316594941598;12.262992649966964;33.77426864583292;37.45608431621972;29.67112227556054;11.625700221970153;6.886805613600566;3.558009664825128;0.9954109883565786;-0.3675928796661808;-0.05183118716433451;-0.1986056690296763;-0.3146258419191526;0.3608823150724117;-0.1690674922213599;-0.2375482130577265;0.4720337186688487;-0.09644366794349886;-0.22509535706700315;0.3165954558000758;-0.08790012311055893;-0.3905407821303549;0.40638039254392916;-0.7387335579318801;-0.3638794387093936;0.7259152047281577;-0.19494971910844724;-0.24754901621549624;0.3370993763704809;0.0012757411033762632;-0.17243731498993478;0.17858301097874124;0.039930375045929584;-0.17048720578409007;0.7209982564818759;-0.6716365287966612;-0.37553624757892123;0.8715072275683751;-0.21783070890768177;-0.2960118941252462;0.33272982621460095;0.04003247994270287;-0.20711911578100653;0.11068789136080565;0.06397109254227194;-0.030569581322233617;0.9916513843316983;-0.582994295329605;-0.33573210466776593;0.8277535332533505;-0.16329528123711443;-0.28933287799465246;0.28054999100486566;0.02008620234557772;-0.21319180323855927;0.09685033171389275;0.04472279938216682;0.03801583997266032;1.1699512282475888;-0.49522202087917594;-0.22896480670418332;0.6893099912503479;-0.1141699030210763;-0.2050230846465655;0.22829414578759305;-0.015811054768217453;-0.1709791990907307;0.0635599458755945;0.013102210021445309;52.367623920301924;16.58892520766061;8.855126715492853;41.50342424332038;16.69631604604801;11.797919484390547;30.528566903092887;25.66170833013888;22.29105091339005;27.565736206084015;27.134744845714646;21.087592954777325;23.91512415485199;24.16433730572482;28.549135710249562;46.51495407010317;22.933924168512814;14.956273226756336;8.175940865622456
0.9860829673400546;0.2314284681084213;0.41866490063620365;-0.09921785767421633;0.04966106690670419;0.5025680769328738;-0.04328980831756888;-0.07842222506739352;0.4615274208453149;-0.012476062634088157;-0.05489699534763583;0.33971498879792567;0.0026588344305538405;-0.015916542514081963;0.9763212943052372;-0.20861491216608094;0.006576534535444154;0.624329834123035;-0.039725004094423;0.033233499922084596;0.3099856922698501;0.009680862763750193;0.007509601661155438;0.22987843407856134;0.01385687617641583;-0.21379692448659665;0.9628512026383015;-0.1649498004183361;-0.08129151128408961;0.686564378093803;-0.06241958643947992;0.13189534919608067;0.17243440082688652;0.03541312445770277;0.10753618260827914;0.002399715122181575;0.05087078470041698;-0.32210940797524606;0.9279664978746202;-0.11766344899746627;-0.1096802414825568;0.6237403757221065;-0.04203683462060719;0.12766661599093584;0.1511977679442707;0.05562454958167022;0.10402627146003803;-0.021999441517964954;0.06250949837969515;-0.3557808768928151;0.872011327769899;-0.07632012686858007;-0.088966702577366;0.46047180412222793;-0.012517330186067913;0.0747973825903147;0.1940107434243784;0.03357434958317975;0.07703406781588958;0.049458942068194706;0.04123397742530806;24.015323348444134;15.6287492632472;2.0231874049957406;8.555594291056085;7.730441839859359;4.5601290975218784;7.175736274254733;46.31966921059423;51.20289002727717;9.619592910514163;53.30187340376494;58.010182973799296;11.66315896782035;33.645205572541116;37.65637987334612;29.213707264741068;11.664707238989637;7.076071970567425;3.749162605594629;0.9953624020516524;-0.36818044489030377;-0.06126729871970801;-0.20026963457008423;-0.31920597036813164;0.3584429565727614;-0.1673860017415267;-0.24052592287303542;0.4748688930861336;-0.09444990227522096;-0.22174750880569735;0.3237277566339253;-0.0857641884300429;-0.39175340089588273;0.41027467307175014;-0.7310964123693224;-0.3782157777059433;0.7293703722292999;-0.1913474162373204;-0.24920444817983606;0.3306785928629218;0.0010637446184452962;-0.17364690689806114;0.17707329466207233;0.03910563969706562;-0.17107110778025053;0.730065566486266;-0.6616184283360957;-0.3963417836007839;0.8688755842914655;-0.21061643925400317;-0.29887480126543653;0.32013085156415716;0.041712096088578864;-0.20654786689407037;0.10199723520720705;0.06337108527388884;-0.03090183507197476;1.0027300486953092;-0.5714111772041501;-0.35530386828751054;0.8293525686021165;-0.15555145385031913;-0.2925070294210333;0.2629304124288469;0.021607130441204204;-0.2140961660409556;0.08261458685558516;0.04344027063452518;0.03848076615130276;1.1830396382000874;-0.48277553243529564;-0.2406730399996164;0.6870358764808854;-0.11039181347723469;-0.20936313740309556;0.22339150431872412;-0.016748545200136404;-0.17252222396916955;0.06362999989292054;0.011189333076377374;53.16392749002336;17.002130305081586;7.7428629642467035;41.20580581297121;16.31538882901864;11.51258473420078;30.632007463810112;25.656089654198524;22.615243775175102;28.21135581916885;27.93239002182982;22.025072604090127;24.4496886056319;24.329020703408624;27.406524979466116;47.359272858176176;23.24436598125704;14.958997499058107;8.155779529235945
0.983699333581715;0.2320571454202448;0.4218985846673175;-0.10289526570408584;0.054276929544701515;0.5034374855442375;-0.048019757794715;-0.07612244858043142;0.4634393057823457;-0.016932586210430006;-0.057311095231687204;0.3399040517564669;-0.0018090336397738858;-0.01621310536613511;0.9792527102578372;-0.21593359865229259;-0.010044757996488273;0.6328711692640177;-0.04446090044895541;0.023775717957610406;0.3183619460027192;0.006803818514356951;0.00023262940540844706;0.23551870377063747;0.012553595893642433;-0.21504576248628002;0.9614126691286959;-0.17158379782348618;-0.10398358143273993;0.6909500983229373;-0.06610404577314868;0.12716945956376544;0.18887079775917215;0.033107408575501054;0.10857119672888235;0.015963143944314702;0.04970146587829343;-0.325972874804464;0.9228183179886971;-0.12364314360240132;-0.12855800027102957;0.6236818808784186;-0.04367996991001957;0.12278097467927049;0.16392280692995345;0.05419409843335382;0.10375202672529864;-0.012941812437140555;0.06188136303412682;-0.36248791912688744;0.8618194764880932;-0.08202337306508083;-0.1012108039181314;0.4584025905282643;-0.013118043689136924;0.07163051719103511;0.20171559647154444;0.0328163660882912;0.07893804765767276;0.05663619761033108;0.04096621271104842;23.344397330924107;15.805523214995363;1.7807515655411774;8.415571121676308;7.365307051360858;4.591798009297982;6.010980358199301;44.54685312840914;48.221699379988955;8.432542009921958;51.55184021471933;57.1269969752847;10.891168845798653;33.52068054521384;36.21027875593308;29.07049710355344;11.719125377811594;7.281213405844852;3.9901040510323695;0.9953759952983816;-0.36869323302935386;-0.06683438479419578;-0.20075464502476806;-0.321238370848982;0.35729513171907445;-0.16549411537721584;-0.24209145635017815;0.47678465892658956;-0.09266827473710851;-0.22091434350048766;0.3276444978264381;-0.08393936058461392;-0.3925808673595448;0.4165873375029916;-0.7215957330244097;-0.3859780639525221;0.730155472097445;-0.1880948101111591;-0.24979895126701837;0.3254254119427289;0.0002168677554465319;-0.17437096104594713;0.17572272482953433;0.037711329500703966;-0.17231952712507065;0.7393477517791733;-0.6509000557001619;-0.4084059068572183;0.8646179657419609;-0.20503102588310332;-0.3006416737166551;0.3107846836054955;0.04164244688121901;-0.20653314222012947;0.09372383876671046;0.061838718745693085;-0.03220864904131656;1.0118261122252743;-0.5601863094318443;-0.36658257293668345;0.8280952767079043;-0.1498792092208684;-0.2941320495218214;0.25153746562898466;0.021141490236070357;-0.21502902248661027;0.07315518009341743;0.04122065477716452;0.03750188943876618;1.1914339235317677;-0.47149603440368526;-0.24642006265749;0.6843982562507478;-0.10761578890685737;-0.21136927305977957;0.21778585795144123;-0.01778647280974313;-0.17333072676334257;0.06082665204984369;0.009360174319278216;53.734609741171006;17.195356576359682;7.270269482217675;40.7063186043162;16.02852000340303;11.266201873819876;30.44810389109451;25.652236870404113;23.295999212901037;28.46377264968526;28.404883478110246;22.73895557479591;24.619731186927854;24.726991649496856;27.237441115794237;48.044804621385666;23.396068264844832;14.866406992690981;8.071776587493154
0.982504726957548;0.23328460889570662;0.4324088524019718;-0.1179491801105703;0.056115147267599856;0.5018651801791842;-0.05974508311812951;-0.07140235191581115;0.4731516146688689;-0.0246796753780567;-0.05236383568381726;0.3572573263817775;-0.008047973639060398;-0.0342723795598726;0.9836164698156372;-0.24589655071739897;-0.046936183958895594;0.6576336540634211;-0.04966379620096791;0.01339299828994662;0.3342985557051716;0.0072208311611808625;-0.00046843715471300384;0.2496896163195391;0.014488846175591007;-0.2328127656803609;0.9531542787527545;-0.19311948899988812;-0.13417954759741355;0.6999136329983788;-0.06665429647636643;0.11399068023116213;0.22605471477090405;0.03931758482325868;0.1049883595426636;0.05313849415986825;0.052803843081538945;-0.3436102007985469;0.9116187626122042;-0.1369298953533845;-0.14970421928110705;0.6143977159236774;-0.041012066468131804;0.10981943069455781;0.19825440151305246;0.062298853550885;0.09849393677134193;0.021192161688421134;0.06623744817519818;-0.3814231987080874;0.8540951410086257;-0.08886871205474059;-0.12166940724573587;0.4508681262370258;-0.011411901219369422;0.06486101070639211;0.21566224834039274;0.03763268531735795;0.07878528728338784;0.07182524867313504;0.044568386917217935;22.63743985731287;15.380384303263881;1.6931444626479153;9.935222266117329;8.44616980510756;3.1786728165799865;6.451627005706735;40.0857931971927;37.951801482149;8.14248729843339;46.350171967819456;47.50440838661053;9.809806413935915;33.52720525476784;32.39682320493619;29.45578387923085;11.806317279502288;7.514051232046672;4.2548514323302635;0.9954929791049588;-0.3690974933165017;-0.06568825237427268;-0.19925520936911129;-0.3189359724803545;0.3583996888290492;-0.1633319332653173;-0.24124469953015584;0.4771287185847331;-0.09131726041077924;-0.22436996420524882;0.32603393610960946;-0.08271261362584724;-0.39276782167759594;0.4267883862497475;-0.7093672638001742;-0.3824212178703195;0.7264843738485711;-0.18556685046334367;-0.24860872209452534;0.32236044921255536;-0.00166928623693574;-0.17426780983942344;0.17470605505000053;0.03541114078161169;-0.1746595230579813;0.7487299538431234;-0.6394509419988628;-0.40534621824661143;0.8578580662768496;-0.2024112740751917;-0.3005274169223822;0.30728622131311617;0.03863183101286279;-0.2074768239426406;0.08646045371329517;0.05879649830520628;-0.035113709511508086;1.0173526731913571;-0.5500237134138187;-0.36351714131889;0.8221509948574734;-0.1479163759994606;-0.2931169389025178;0.25107105060009655;0.017347280611000822;-0.21599726883779052;0.07209156510926933;0.03750594596015117;0.03412907674389667;1.1917325209748393;-0.4626348675647393;-0.2419395356365346;0.6813097584424175;-0.10663866185534203;-0.20939112208318816;0.21121863219204526;-0.018958012585163126;-0.17288934183458682;0.05328842055283089;0.007738832098904929;53.91819634850036;17.01052800162749;7.865770869955879;39.875398814153165;15.881074533819554;11.106249985314342;29.720443257297255;25.588008008939255;24.560227251470092;28.019837452304277;28.12322032577809;23.01170172079973;24.11662609361879;25.49709392214111;28.757235635651785;48.40097198263588;23.271929754294298;14.62349489274494;7.889007649314148
0.9813101203333806;0.2343637213098706;0.44308363256434113;-0.1336983670417267;0.05800002497584369;0.4997488898799139;-0.07204139758943956;-0.06636489579890312;0.48294850034862713;-0.03281758795728536;-0.04710454655799237;0.3752092056911695;-0.014612496637808774;-0.05326402569468136;0.9873114064444499;-0.2772331504036849;-0.0857534100507191;0.6831147961273799;-0.05509883277737073;0.0024438941504981732;0.350779212227631;0.007653479470995361;-0.001206488923823166;0.2643879070509004;0.016514094889720703;-0.2513145353111309;0.9435813699649782;-0.21562746252823492;-0.165864011026848;0.7087139046610671;-0.06717280919027371;0.10000407512840902;0.2650158386464452;0.04582314327277934;0.10111806712537294;0.09224911119069107;0.05602338171190623;-0.3618738014805858;0.8989858010056667;-0.15080020924067605;-0.1718417352213815;0.6040548364816514;-0.03816418499449588;0.09606547829374788;0.2342364650616866;0.07077903350180806;0.09286494003334354;0.057128376055293736;0.07076528787784296;-0.4010193581483061;0.8451755989369967;-0.09599790581145204;-0.14310831101169963;0.4425182379367434;-0.009604243440746636;0.057670768151247165;0.23015550385178957;0.04267154374625572;0.07855214968674253;0.08775906735712874;0.04832194547475947;21.88616227906522;14.990620478176774;1.7693036067348857;11.78567391248357;9.534464985583968;2.4161192491447987;7.382706761307734;36.704226634488734;28.971067148109896;8.057318824693978;42.32627025786462;36.93734211427282;8.792740481541978;33.80524988650751;29.201441492831943;29.849433630474312;11.909713172461268;7.777583460335567;4.546068127120011;0.995609962911536;-0.36941671629074835;-0.0645363055754341;-0.19772300897796768;-0.31658038234148017;0.3594162255945951;-0.16115003260835023;-0.2403508620378066;0.4773642172521943;-0.08995630932820461;-0.22774933249313603;0.32436331343816643;-0.0814768894613628;-0.39286614621517657;0.43681663286171224;-0.697074868062241;-0.3788066834708673;0.722680075123136;-0.18301703446070805;-0.24737240530403232;0.319247368931746;-0.0035406383750358995;-0.17412675822706658;0.1736583770386566;0.03312068944149047;-0.1769428387284259;0.7578741438421365;-0.6279474611130097;-0.40221994785455434;0.8509594326230226;-0.19976662855574617;-0.3003473134823024;0.3037463049083334;0.03563567307647477;-0.20836722296479718;0.07923344662562293;0.055764500799973256;-0.037988747238655675;1.0226110845901957;-0.5398167608304547;-0.3603944584380473;0.8160696658196103;-0.14593572143056271;-0.29204451942614457;0.25055246327309794;0.013578249749412468;-0.21691015289565882;0.07102008277727671;0.03381133215819914;0.03077449287187304;1.1917642542916997;-0.4537387881431014;-0.2374395762109985;0.6780936319218198;-0.10564533583643801;-0.20738161879576533;0.20465476010284595;-0.020116379815377044;-0.17241295041491794;0.045796034519501996;0.00612817689772241;54.10166322492452;16.82543886761433;8.461708780275961;39.04254900000127;15.742552465590483;10.948853188790977;29.002680084130528;25.533378171637114;25.86018962197976;27.58256862480987;27.851594321199997;23.289360771182807;23.613476917419405;26.29470951044046;30.310809255017208;48.76077268948836;23.13872459409904;14.382544461033046;7.709506940719161
0.9819951954778252;0.24719333400296783;0.4347750480710329;-0.14994029272272072;0.07524814696940602;0.509502804629825;-0.08725993315746038;-0.0530421143243653;0.5017493474851626;-0.044323670826809755;-0.0420188793221192;0.3980978300658225;-0.025350188600488488;-0.035188061091352266;0.9823508740987047;-0.3193569313695803;-0.10245444168847875;0.7147004411809607;-0.0700840843475342;0.0050687794526716;0.36909753212718094;0.0014628362728634056;0.004901995474280746;0.2727861221099578;0.014247677313092266;-0.2445364932127358;0.9358519747810025;-0.2537380239256935;-0.17606183375163742;0.7414059107241991;-0.07524288320018416;0.09986761187754097;0.28749907433634747;0.0476762771736015;0.1020304087575019;0.10430450541823724;0.055657227944165034;-0.3663227020930814;0.8954418298912429;-0.18509069022996308;-0.1739873190159244;0.6261586177351834;-0.04386832085764679;0.0974920030176916;0.25365287580074053;0.07559247091124115;0.09446106617140047;0.07379094401691776;0.07279468768650164;-0.4167261813476109;0.8492774778848624;-0.12764873447580172;-0.14520457368493406;0.4670907168416465;-0.013713299944212767;0.06100899755582024;0.23506148555514475;0.04631728615519676;0.08233872634553392;0.09085132633006417;0.05033549130810503;21.81928169047823;15.033243079312403;1.397002128066873;13.808657728711875;10.633702617704271;2.772947826148853;9.14736598316803;35.52520286219404;27.09002478642192;9.640250029992258;41.05208501774462;32.316412456487946;10.723490045569672;33.99388912336722;28.815525202878593;30.224438837214148;12.521728306329198;8.363886696586468;4.960894342463931;0.9957327115623296;-0.36796186783967977;-0.05755919335969985;-0.1935339138821411;-0.31375197976258856;0.3611414183317685;-0.15900988202035954;-0.23983109546645145;0.47684630183783905;-0.08921354636943128;-0.22841500362441916;0.3246270831247269;-0.0809988605356285;-0.3936476882974202;0.4480748240384906;-0.6864901407436516;-0.3739282091378012;0.7217790725848091;-0.18058713490222278;-0.24500790341162157;0.3138652886888974;-0.0037855510512441967;-0.1732907187497947;0.1687490499739891;0.03239308496596158;-0.17974203055633847;0.7640637242162746;-0.6195961812247078;-0.397576339019544;0.8470058308919837;-0.19737939379962646;-0.298819784225732;0.30051862712130784;0.03415263598100606;-0.20782514172555674;0.07335663955990171;0.05423580649571224;-0.04078131729984454;1.022713559627801;-0.5338142566031394;-0.3552406494245868;0.8126580790416111;-0.14384994953867794;-0.28984110453052153;0.251862607507428;0.011738600887390902;-0.21641324411889837;0.07192065664861533;0.031788975002848954;0.029028196113435947;1.1862855418676967;-0.44984384311009573;-0.23380275376442472;0.6752620223998637;-0.10433690846231325;-0.20519528705525006;0.20356054197835494;-0.020410499029513668;-0.1712273847158594;0.04537716877520487;0.005411864168897483;53.64302700263074;16.45645864614164;8.537138120190209;38.26335635501694;15.930545512202922;11.271858976072568;28.432081083540066;25.619886685842356;26.977115069693998;27.213143881458375;27.577595107279343;23.34741481591588;23.38244800812883;26.319134801585452;30.46424203915429;48.70014451417925;22.780125424204765;14.118485774110606;7.569137936510763
0.9854582805210343;0.2805224202222028;0.391142141948873;-0.16755045742518138;0.12022269023525518;0.5388219960823682;-0.10825842894062475;-0.024170073001795106;0.5357102097988469;-0.062305738220106904;-0.0367579467563443;0.4296656257338196;-0.04399154070295658;0.04904945483410444;0.9583822355540277;-0.38192151292370347;-0.08115771091177848;0.7564279676432079;-0.10249549582576145;0.0315996561359569;0.39048156648347326;-0.016723005509894417;0.02336813154208021;0.2697166616401754;0.0042732578692419665;-0.1921993844691882;0.9274774361527026;-0.32069456190786017;-0.14867934022242096;0.8153433460633157;-0.09677726151674758;0.12360080203856533;0.28155736708585616;0.04133497269154568;0.11100359175413747;0.0694126250732006;0.04879172139612715;-0.3455613592595376;0.9043479717733641;-0.25665948560594104;-0.14065710450398447;0.7042126393805981;-0.06474827450124035;0.12522559385824295;0.24441517120205106;0.07402655485885223;0.10846384795801185;0.05753119248791169;0.07032004188143483;-0.4251362545117413;0.8733704149036252;-0.2037926439130133;-0.11306190330679243;0.5491783768301114;-0.02839219716268116;0.08276772600218546;0.22265802574995494;0.04759293030223433;0.09310715400558398;0.07134195753623628;0.04925221241458705;23.664214881720515;15.62727196363252;2.4292168485298125;16.52373333358207;11.913399222544774;3.3643495055044017;12.11864877479791;36.840314342214334;35.52217002906253;13.545172021413745;43.11273681438458;35.287362136355554;16.775353812407175;34.8850739454044;32.70179601126223;30.703301075908726;14.053371661803682;9.617334475208247;5.750389326139452;0.9958639801629176;-0.36404025436384896;-0.042229675466376015;-0.18558148946403938;-0.31033398061348416;0.3639623564755362;-0.15698249599828418;-0.23991146125233123;0.4753549018463529;-0.08939004680084005;-0.22520863351898618;0.32775941589650026;-0.08163783195323218;-0.3955025724530394;0.4611338638493527;-0.678608611811909;-0.3673459012703444;0.725247481598972;-0.17839004193699803;-0.24108759522989362;0.30531691769123587;-0.0016798139846646864;-0.17149703885934314;0.15833521620888047;0.03393615809925321;-0.18330841923078875;0.7661186386153219;-0.6160034537283985;-0.3908666384757426;0.8475330384078573;-0.19542722222325332;-0.29542626483608114;0.29783531816520353;0.034874259341282625;-0.20526589053161598;0.06948974951715191;0.05490260305703081;-0.043444250181247326;1.0156050134480705;-0.5340536749396562;-0.3472722356671039;0.8133176799082013;-0.14166082956941892;-0.286087132359574;0.2558641823369499;0.012702324875983792;-0.21393362342441646;0.07568066634860512;0.03220450077481001;0.0296247405799761;1.1731618042349632;-0.45330712303629206;-0.23149356492936804;0.6731638271879808;-0.10260696908221738;-0.20281704127504094;0.2104238879646659;-0.019458662594886322;-0.16906570602138277;0.05519127575184787;0.0059940376269503656;52.203221893672094;15.825244060932528;7.859846543237109;37.58035176722974;16.605276553036635;12.363231812668163;28.0768946349337;25.900647381272954;27.789640810884634;26.949893436977813;27.29396570635005;23.073348953225967;23.55904340549286;25.208094655775614;28.542794636999243;47.982390334307745;22.114185639666154;13.825210850685094;7.487614368083893
0.9889213655642436;0.3178178591974012;0.33501249547843287;-0.18707016058274045;0.17303735291504355;0.5688175586646611;-0.13241541412184465;0.010711149959812923;0.5713060670496175;-0.08328537979871707;-0.030090443586080644;0.46341097151495375;-0.06593875642958726;0.14966786867725937;0.9203878789656333;-0.45332496693687635;-0.05481852450694398;0.7992185866205127;-0.14040426919921842;0.06313419274020325;0.412383085981863;-0.0383862053480088;0.045303703489072186;0.26343541126252124;-0.007737888493331355;-0.1275401468805563;0.9084947221667788;-0.39795835300794197;-0.11438650744688124;0.8962206488635097;-0.12168791967881751;0.1508918437332553;0.2717151830415276;0.033326866750354234;0.12070293473387868;0.02687144229492099;0.04008271969258241;-0.31731815922813233;0.9063260276349705;-0.3400750356426894;-0.09930386065398597;0.7911004476319204;-0.0891820545713201;0.15730174308280473;0.23097528620395788;0.07143438560873949;0.1242235163854837;0.03746427886136344;0.0666730324278593;-0.43113436241942055;0.8938720203356108;-0.29320781518462846;-0.07339956818333127;0.6423999897983785;-0.04573443418414876;0.1080825479555798;0.20562856332453117;0.04866541556753969;0.10513327775484879;0.04724226571130653;0.04747784683543826;27.033550474041807;16.151522177488133;4.7450952448534744;20.270755251142454;13.360848467381546;3.7494372662492115;15.794835083775135;38.76261222695411;48.639397839195425;17.64625165767027;46.00557931041362;38.44067914833141;22.595528287223807;37.57207444438059;37.768297618123725;31.44648863811771;15.835236030064484;11.231593067334726;6.849147437370341;0.9959952487635058;-0.3601976766227133;-0.027248922214355837;-0.17780527254346454;-0.3069850679965181;0.36670839599359023;-0.15499686985080469;-0.23998307438044109;0.47388384455612464;-0.08955994005281151;-0.22206897291734295;0.33081078462475766;-0.08225986122937251;-0.3973037041270495;0.47388146092259015;-0.6708874553316438;-0.36090327911094167;0.7286157921564023;-0.17623796607289563;-0.23724983832744348;0.2969549074423323;0.0003778962451498466;-0.1697393646610767;0.14815457108028376;0.035443023371856695;-0.18678809934885204;0.7681045469887708;-0.6124749879275224;-0.3842988538717905;0.8480237707995326;-0.19351398477400583;-0.292101702955212;0.2952046827110684;0.03557840199497822;-0.20275914976797715;0.06570913921597898;0.05555259312319749;-0.046045133947880165;1.0086294747416253;-0.5342722277472276;-0.339475732093945;0.8139387696301912;-0.13951760376130526;-0.28241061635072;0.2597670208935366;0.013643680180216469;-0.21150444521243053;0.07935265045584713;0.03260961121927729;0.03020681133822262;1.1603038614445988;-0.45667826301801295;-0.229230421170805;0.6710941243570663;-0.10091356660733895;-0.20048724407271912;0.2171244719526612;-0.01852799608097359;-0.16694850476604625;0.06477972917832095;0.006562746868028251;50.721578135786466;15.207024773670543;7.205112238991619;36.9187789527179;17.29969754223768;13.540542572278216;27.735759152809923;26.17746799420282;28.607451451515246;26.706147041431603;27.018846884287377;22.796173047059593;23.74305090329474;24.152558478714592;26.67417988610793;47.22393965175876;21.469899162396576;13.542467850307531;7.413168935474882
0.9911566717441248;0.34442043082702045;0.27718014690993853;-0.19174850339513777;0.21416282888985255;0.574394465021244;-0.14536922356605037;0.042961757379948576;0.5912867585168158;-0.09499502594520973;-0.01774885462512409;0.48644620042151115;-0.0783332390451139;0.23139191207872972;0.8719905460002632;-0.4993907465840421;-0.017449675052360853;0.8257368201466186;-0.16191500650988336;0.0880607397933067;0.4245517130213791;-0.04598504156414571;0.058959574464360225;0.2548556852416156;-0.00936598737591326;-0.06427247934878275;0.8903985277850326;-0.45062124907355045;-0.06658499716938095;0.9445874852905976;-0.13739640818208002;0.16878510121217835;0.2603103291498671;0.034738960705774743;0.12183054285924713;-0.005021421471469538;0.04206323820330311;-0.27590185329627254;0.9157115995184522;-0.398203311659767;-0.05024646215343655;0.8448965535374948;-0.10343871793041548;0.17725738589115822;0.21298575787363647;0.0774823825185335;0.12873524472610542;0.013165195918181485;0.07210687938170003;-0.4129362712270841;0.9254943725405093;-0.3560724545494701;-0.031555739278921316;0.6997501273910893;-0.05556593783031149;0.12600180273790798;0.1879635187838281;0.05435498508661343;0.10934123119407967;0.021281803628062732;0.05250236366893673;30.776433572123434;16.52697929404734;6.166356686541699;23.33973414510376;13.736416505014505;4.2105029412149575;18.52797465594214;39.68568378471608;59.0358479408694;20.25321908531163;48.35576581547128;42.92668643070418;25.64449799999141;40.40066775281963;43.95551440393385;32.91384501180278;16.90944739637322;12.211728514688572;7.529295730174231;0.9963164368272652;-0.3593749140741058;-0.01691890353856343;-0.17271315051715525;-0.30456356601510076;0.3674059709647843;-0.15388224572885864;-0.23880127217405014;0.47255518417116826;-0.08917497948936169;-0.21798550521167542;0.33203076421663036;-0.082267306241629;-0.4021254054031656;0.4788103431875173;-0.670402444380337;-0.3519228696875337;0.7358134331681914;-0.1737422176767277;-0.2340488517518282;0.295038613889269;0.0038046096943579453;-0.16741106184602716;0.14715969233752935;0.03780647555670355;-0.19238990710581938;0.7656704436775534;-0.6137873372125174;-0.3784551990967108;0.843276493540784;-0.19181919149715232;-0.2885623680485787;0.29553431742436254;0.038625867670476925;-0.2000478557277992;0.07182740557859794;0.05780376709845057;-0.05117563911966615;1.0019601985322155;-0.5367228785994755;-0.33361982572128374;0.8101178514213172;-0.13808307474844747;-0.27937342944190946;0.2611942766682859;0.01689070911827576;-0.20965904931877138;0.08349445288172459;0.034840105347638005;0.027900253881871413;1.152129692098619;-0.45986203669075515;-0.22831121418943875;0.6624729499409666;-0.10030252170330445;-0.19922595590638675;0.22058426077988952;-0.01716608846612535;-0.16626434650489152;0.07349268931469866;0.007799042096850114;49.555195317968405;14.983767527898342;6.7153718116877785;37.03110951088393;17.944213272298338;13.640225055512472;27.646885222800623;26.32156597098063;27.32070398319737;26.531591957809365;27.024664035040296;22.143157822182346;23.900300624375863;23.453093322076285;24.73555469322394;46.42138310093326;21.067183274569537;13.483342504026298;7.491015115270513
0.992089720506812;0.3573334422279892;0.22499456805356013;-0.17807263088312986;0.23778995712716378;0.552179174173058;-0.14357258183858002;0.06903123701404953;0.5938317362568215;-0.09418951514909255;0.0007316774157278173;0.4973189603823043;-0.07763305799394231;0.2823968538288805;0.8219460697402916;-0.5119449101170854;0.03071844559333512;0.8353243465319183;-0.1611588801013805;0.10265398722914677;0.4263566097595587;-0.03473282240110836;0.060911257475467676;0.24623928188748523;0.002751257536457313;-0.00943293290430165;0.882777457095356;-0.46969669045148693;-0.006136218828220468;0.9535685270566552;-0.14065755869522165;0.17403173939812247;0.25015403038767453;0.048713481444650014;0.1126024103378021;-0.019889078223463558;0.05828524278915569;-0.22345097284251206;0.9417451136476039;-0.4208718483544575;0.003835463490043225;0.8571741338939479;-0.10381432675150945;0.18085683414457085;0.1925392134231687;0.09498641009758824;0.11910318329655242;-0.014270269387506198;0.0895899013193948;-0.368137906927422;0.9766103415355294;-0.38100285425381564;0.008890745031427201;0.7103470532074515;-0.055042378468583196;0.13354378120468235;0.17275038190461797;0.06604159860657913;0.10378471212232768;-0.004465145720310584;0.06644410398195275;34.02334515990417;16.94630875679899;6.467786908892541;25.070739894218953;12.997277823290187;5.162157156179488;19.625135185096312;39.16972916445457;63.84284918073987;21.12406764928809;49.97840926923256;49.486736004765945;26.018883826546624;42.2769719771147;51.59043934654563;35.35524464936417;17.234086713990298;12.317520772280727;7.607962403064302;0.9968390650990068;-0.36162424018147876;-0.01131681877881434;-0.17034000343384748;-0.30305581959258454;0.36596562624732587;-0.1536442225042362;-0.23630094084187725;0.4713232289209009;-0.08820860703237612;-0.21288766589968142;0.3313424422282248;-0.08163469027862978;-0.4100481533095045;0.47567471178325194;-0.6773043666897328;-0.3402472692140225;0.7469283223880784;-0.17086292109232806;-0.23146429981415076;0.2997210188671757;0.008659837734805727;-0.16446707152357873;0.15560293857081284;0.04106181949037957;-0.2001910199870446;0.7586033956017438;-0.620035840656047;-0.37328998462675533;0.833034047510196;-0.19032248450139788;-0.28475597858086055;0.2988869965160433;0.0440996603620266;-0.19709265944137203;0.08816505659453004;0.061710983290504756;-0.058934959123484065;0.995478584618803;-0.541437313201922;-0.3296986905386305;0.8016294929777464;-0.13735765149669402;-0.2769521775865623;0.26005754401362596;0.022528384360529664;-0.20838541044163866;0.08813595054157662;0.038959401733268825;0.022604203840328033;1.1486279373615782;-0.4628297474390433;-0.22874994186744999;0.6469986031938053;-0.10079333216162054;-0.19903971021530414;0.22070742545905803;-0.015350945109153285;-0.16703675484148095;0.08134713785772327;0.00972894528132532;48.768487309234075;15.168055228011701;6.384669173814399;37.9605453400609;18.506572860365967;12.603148251884056;27.822796177676985;26.358156248668276;23.959856951101777;26.422503206129473;27.340175403534484;21.112333373407807;24.028592078471167;23.093653128044085;22.771230132965005;45.63474800294711;20.899578051750225;13.64890346739105;7.723215811100131
0.9930227692694992;0.37025582852525524;0.16604711356203056;-0.16214488739200195;0.2631102212954792;0.5252467483012522;-0.14099596165929162;0.09774774593646283;0.5942700041582938;-0.09291417681625289;0.02128286835448033;0.5074082331739899;-0.07654156610183803;0.33798715646954175;0.7629751231634613;-0.5238453271475628;0.08416751583211052;0.8426225114577721;-0.159668679244914;0.11847112407161788;0.4266464344722885;-0.02207812676054665;0.0628365460925728;0.23566409346415215;0.016217033332031002;0.05159788090646285;0.8707449695459005;-0.48902030294914267;0.061119929342973375;0.9597158066051225;-0.14371798315036563;0.17916598411545323;0.2378503920456486;0.06405976834997786;0.10188521384830665;-0.03634483535742093;0.07609263214426955;-0.16421466703035717;0.9669058677032362;-0.44438841144597174;0.06397019559383463;0.8673761675422128;-0.10381386161895952;0.18413157102943245;0.16902281628177443;0.11407181997773687;0.10791054653356;-0.044726640474125175;0.10867368861843679;-0.3168298915504252;1.0295274695032814;-0.40719568592693695;0.05383970694692614;0.71927135188929;-0.05423833331273082;0.14139402160437334;0.15513432627093782;0.07877345702719901;0.09718662450868708;-0.033083041297072825;0.08168250399541098;38.18956958676249;17.58128484041546;6.862263808095613;27.225568128524696;12.491557830542309;6.6845307024107425;20.77774445568028;39.046973651477714;68.92742124554451;22.023144857853854;52.486949196788686;55.692970202575154;26.48494767110249;44.87240626066004;59.23877754944297;38.53862724999537;17.82824952073035;12.607747877842577;7.808727044910581;0.997361693370748;-0.3637831540082654;-0.005806663904588643;-0.1679816115661671;-0.3015289806198653;0.36449587125056204;-0.15338772646321516;-0.23380785177227212;0.47004298838312386;-0.08724548973006714;-0.20784388140569382;0.33061720615220846;-0.08100071455203002;-0.41777863861524733;0.4725219603965654;-0.6839920304815514;-0.3287169971593303;0.7577484022698171;-0.1680067585982663;-0.22888910373628238;0.30428141144103943;0.013432693409266649;-0.16154823050700198;0.1638824043178475;0.04425678301686989;-0.20783256450209286;0.7515435634328413;-0.6260893685370723;-0.3681565140371393;0.8228409876372186;-0.18882297205305112;-0.28097156942366724;0.3021399982679354;0.04947556937621019;-0.19415803271997115;0.10421690367254764;0.06554391242608877;-0.0665560478944891;0.988959796947711;-0.5459938830784868;-0.3257948859077461;0.7931658070138247;-0.13662427713246528;-0.2745309073948138;0.25890180348150127;0.02806859003859609;-0.2071026005552348;0.09268703393659022;0.04300419248403856;0.01739332213919238;1.1450168533063152;-0.4656802580420858;-0.22914791781056704;0.6316882237455493;-0.10126121662799517;-0.19882749400617522;0.22079628501029142;-0.013563880972177667;-0.16777185421240715;0.08905849138376835;0.011625187738578343;48.00265807084183;15.350865117998051;6.05800949391136;38.90287385142338;19.049202762790806;11.66515404089212;28.009052276288646;26.433389645591024;20.842250597679875;26.323344514514773;27.679381240502934;20.107117899857005;24.164056968936375;22.741860402987342;20.939135712158468;44.89315601784806;20.727274895903527;13.808972170600647;7.953462915484258
0.9939558180321864;0.3827476248857131;0.0998603947685857;-0.14367921527075533;0.289880785726494;0.4927772364959223;-0.13743938669211625;0.1291046035577661;0.5918075781375189;-0.09103905785571241;0.043965120215186435;0.516078115536585;-0.07495153273221207;0.39795065425701964;0.6938007761763041;-0.5344419160083029;0.14301603650457004;0.8465343992764198;-0.15722411993545016;0.13542191262710848;0.42485105188320466;-0.007936641661924225;0.06465961492724928;0.22276875659611023;0.03106787470812089;0.11901488093977129;0.8530828611500743;-0.5080207575748212;0.13539254477108417;0.9617706115408386;-0.14639844579918337;0.18397009707191078;0.22302764539220857;0.08075841758242419;0.08949613993536451;-0.05441120605309241;0.09546053416097763;-0.09771675172724456;0.9900077729791545;-0.4682595843659795;0.13033220682551672;0.8743851495847034;-0.10329828711733424;0.1868491637554543;0.14210846867737095;0.13466840493812707;0.09496439474193166;-0.07827577233068479;0.1292952565218843;-0.25836594810211766;1.083095876488652;-0.43421892124640965;0.10341349223020989;0.7255983413655647;-0.053077684984412114;0.1493971214985845;0.13483137946868456;0.09250014098518207;0.08938826693901955;-0.0646513785425645;0.09817409178141964;43.36313723683046;18.49572675132281;7.364066260000884;29.84237492046763;12.338346614963699;8.775632866831373;21.96043750738923;39.476385963328916;73.56080190696699;22.933036934306365;55.99996363215499;60.1668078177203;27.045054855508468;48.251871160474444;65.20187693916178;42.51861763326335;18.780090151941536;13.11968615920862;8.14097338355922;0.9973694181759636;-0.3658121435350865;0.002648467677315089;-0.1632931211769453;-0.3000019104841827;0.36184047080410875;-0.15136141639110787;-0.2310468872209893;0.4682919294289243;-0.08586440187684835;-0.2027433233485245;0.3344230126069592;-0.08019703073740268;-0.4265695002307576;0.47523604131427327;-0.6803519293092625;-0.31998976170496823;0.7574967935560715;-0.16473363682173964;-0.2248433335756428;0.30634208193358137;0.01614599963859039;-0.1579227882387404;0.16897816421405856;0.04575603857776162;-0.2167705513646911;0.7506670995026137;-0.62410690893899;-0.36152699237862984;0.814018411707347;-0.18600440347285901;-0.2755223916872477;0.3058280263363817;0.05190912464854166;-0.1906974509908874;0.11478332155144115;0.06689023418209114;-0.07361273631657893;0.9869003386842056;-0.5453015220106496;-0.31933197358649024;0.7833314268895415;-0.13436726163067156;-0.2706781038780783;0.2612889200756581;0.03087394388816854;-0.20539911647434425;0.09694373274583207;0.044670135337594355;0.014241598524572255;1.1417477341045064;-0.4660050078079309;-0.22638586662024848;0.6232041946817574;-0.0993395245871654;-0.19635864281791057;0.22146972563361556;-0.011435719040676907;-0.16654444781453764;0.09195601267661743;0.013052554034956742;46.8000725720555;15.547247999043057;5.376320406696228;38.95236257771999;19.140215460469022;11.045384230512923;27.715082287480996;26.13982492676558;19.100654778298832;26.002505350787313;27.433309942913535;19.618049031994275;24.127308079368113;22.39636419399451;20.464835790150744;44.110160738455;20.53358972425037;13.842014348357464;8.026897220757878
0.9948888667948736;0.3942079729283665;0.026262226391360555;-0.12244491790143729;0.31765042276652494;0.45398626983623264;-0.13268531139657835;0.16290516088919954;0.5855105707658526;-0.08842016409159537;0.06871413162447469;0.5225166247826639;-0.07274439866835201;0.46167305212376697;0.6133134758113059;-0.542894160214397;0.2070515227908869;0.8457258077466804;-0.1535767009956348;0.15329654232098405;0.42030003007708827;0.0077072895877338884;0.06627889396669939;0.20719907918923738;0.04725808176778392;0.19264533707794743;0.8284418120504737;-0.5259010725874702;0.21648459023495148;0.9582165880793765;-0.14846865654993974;0.1881550053722881;0.2053307621007879;0.09868577247306907;0.07529129337151294;-0.07400638954420219;0.11624269808644887;-0.023788353299993324;1.0094946158580838;-0.4917521742195987;0.20273068425738963;0.8768236419571914;-0.10210457687681875;0.18871553558120766;0.11156607537846178;0.15656835223038407;0.08011208501382847;-0.1148016649472411;0.15125527182943824;-0.1923256266032045;1.1356193038831395;-0.4613937527483468;0.15746001405013663;0.7281850840699252;-0.05147646688346453;0.15731924335250047;0.11162439089025407;0.10707881606156198;0.0802469335790486;-0.09907520470921025;0.11576769840934163;49.39076333040963;19.766096203086413;7.987369092222301;32.93952623518261;12.64422456313186;11.497866711377743;23.137067291151613;40.61671684465224;76.99359801476662;23.831246636089297;60.514931941358064;62.08588228441607;27.698983279071463;52.39348606904328;68.44104241454038;47.13103966951715;20.174484967343336;13.883466999508892;8.608575622795483;0.9967007454834572;-0.36769393451390653;0.015182677332909185;-0.1554165020088408;-0.29840793304959884;0.35753165818755905;-0.14695225852908952;-0.22784176483327606;0.46583778268631215;-0.08389213177897133;-0.1974147106004114;0.3442303503718589;-0.0791429199744627;-0.43694611808355244;0.48565815122839395;-0.6630429222116784;-0.31466930108295976;0.7426868583838918;-0.16081330054220327;-0.2187459505609977;0.3051608044492791;0.01623567878229618;-0.15326232338283602;0.1700299716860225;0.0450727288055402;-0.22762513389418496;0.7577931758570876;-0.6115033123737624;-0.3527317080844659;0.8066832116326884;-0.1813686152339753;-0.2677256408905242;0.31015755653495053;0.050553415952618024;-0.18643979923098752;0.11844504674468673;0.06501325186849218;-0.08011325734878065;0.9905357151516011;-0.5376759434259372;-0.3093204468013108;0.7713733814013182;-0.13004479108265687;-0.2648259884719768;0.2683529613069031;0.03017328151407414;-0.20308202096890696;0.10092070691228733;0.04326422322704928;0.01369865867897656;1.1387405339079895;-0.46299361361177105;-0.2193958596915137;0.6233715942705412;-0.09423133843608394;-0.1908542770198425;0.22290701562066537;-0.00880338367280689;-0.16270212153512303;0.08862453757316642;0.013903463936768706;44.98018492824882;15.773146256079029;4.258555978596799;37.81290237812905;18.653321893986483;10.738641153657726;26.780704611858162;25.314927228488664;18.88579005895323;25.373783804477554;26.395988343814235;19.777756998168936;23.862756947569647;22.03945343440843;21.68682037792103;43.19459454985846;20.310168667323307;13.722670352264286;7.913324049525981
0.9958219155575608;0.40387647766082685;-0.05442373591247845;-0.09833061425760142;0.34571311150582335;0.40825984315253094;-0.1265211441411989;0.19868888503679208;0.5743669598739048;-0.08491306221500444;0.09528283537027893;0.525759923871164;-0.06980160123507347;0.528010622366386;0.5208250897437584;-0.5481917616287741;0.27558255420190614;0.8386932332956057;-0.14847101966204515;0.1717317745301388;0.41226705911720923;0.02476118146992521;0.06756808484663526;0.1886640852322409;0.0646219167662978;0.2717752109291904;0.7954690939175489;-0.5416337834241766;0.3036019726627221;0.947363528497362;-0.14965353737574086;0.19136424217819822;0.1844828042739028;0.11757567705370033;0.05920796417258836;-0.09489982750505932;0.13812730111467386;0.057240800443107684;1.02346880091998;-0.5138713391443863;0.2804398129568362;0.8731163619092867;-0.10005673010190551;0.18938489126628588;0.07735050180902958;0.17938232877858729;0.0632855730462834;-0.15391581526576795;0.17417357009155116;-0.11869851760392314;1.1848090331022754;-0.4877609196268474;0.2154265340654718;0.7257205111019862;-0.04935097812946529;0.16484007557052607;0.08543119787331127;0.12224522122524244;0.06966559247773477;-0.13600463155525105;0.13416839799868543;55.70659966509937;21.477715367670672;8.74506831702207;36.49573818829844;13.46240347947143;14.973564404341664;24.261063926832772;42.58827075231934;78.76696219187893;24.690765479140108;65.84721148732116;61.45136507303005;28.443348584750584;57.14966438215175;68.90967340221874;51.85411284093336;22.064141731697504;14.91555244631049;9.209246934755726;0.9960320727909512;-0.3694768883058219;0.027870785602072554;-0.1473881235641235;-0.2966941583737087;0.35304888725157163;-0.14243814209749311;-0.22451996045661327;0.4631970566401563;-0.08186685273441087;-0.19195263848079133;0.3540471967884018;-0.07804902968618792;-0.44730852434043816;0.4960503708241734;-0.6452931296593607;-0.3091763554896543;0.7274412543070966;-0.15678957961334847;-0.21249823979868487;0.3038627102958683;0.01632107727969488;-0.14849160702470474;0.17103837807154437;0.04436571174649251;-0.23854141905269946;0.7647567458340239;-0.5985358060280762;-0.3437071675456956;0.7989857848431912;-0.17661350911324986;-0.2597406651042388;0.31443849346487696;0.049163643306621006;-0.182065933005254;0.12211368554261251;0.06309076916088131;-0.0866694867261199;0.9938866459777022;-0.5297742257217541;-0.29907872552300324;0.7590062631536734;-0.12562410356282117;-0.2588112785730645;0.2754170403258741;0.029453663868081924;-0.20066776844857875;0.10491444087261993;0.041826042935205754;0.01314426161951979;1.1353151861563735;-0.4597895219432293;-0.212243987423843;0.6233330917849617;-0.08902692176342866;-0.18521641214077236;0.22428814782631332;-0.006134725915297633;-0.15875676965106972;0.08522123614457451;0.014760525790398693;43.133651255921826;16.01385973076928;3.2106198180566463;36.664682244414564;18.161141482274545;10.426278801183074;25.84891683312272;24.478066379842346;18.654666195131085;24.736024012808294;25.36142628005713;19.9328975437217;23.607914945440484;21.666835982444592;22.971276446618138;42.234844132876106;20.07879106568895;13.616569500212467;7.824992921318396
0.996732127474501;0.4107680384602378;-0.1397567302802969;-0.07155657276346178;0.3726758141514058;0.3559298454894907;-0.1187119122371133;0.2351981976067241;0.5574229368516158;-0.08035787241938594;0.12294620747673451;0.5245669926281608;-0.06597047637951094;0.5944997074808247;0.4181362362637654;-0.5486330385426468;0.34638188158575023;0.8240222358166561;-0.14160890319018643;0.1898889777889304;0.3999834315268294;0.04282912356046421;0.06839487110270272;0.16711959443079227;0.08263623886555167;0.3541551887658744;0.7539090758193873;-0.5533490830094193;0.3940286540704381;0.927533608111537;-0.149497694115429;0.1931070095582052;0.1605812462098062;0.13672779624010017;0.041568615292060164;-0.11635115474137142;0.16027295058566046;0.1434618770614693;1.029999090114193;-0.5327326104140554;0.3610208793410794;0.8616223535359561;-0.09687804528437899;0.1884196632495861;0.040195195041605875;0.20220415455359703;0.04476176138959169;-0.19421545774862747;0.19712328571734644;-0.03893850391308197;1.2274258047557842;-0.5114717665488265;0.2754984609515009;0.7170000749625308;-0.04656362167834635;0.17148808949123326;0.056856239923245615;0.13737548454463347;0.05782293902533913;-0.1740864136376217;0.152636500588775;61.256385896284826;23.675342570482183;9.625686725743327;40.340490114487984;14.755896764502179;19.302009465156047;25.236725448317788;45.38996791866577;78.78275772922333;25.45684380869634;71.53824310456302;58.8605013407121;29.251181320595894;62.14134397946519;67.20237448413214;55.811711418683814;24.390544422710818;16.1890888148451;9.922869213309356;0.9953813902937828;-0.371255732752046;0.04034294681348769;-0.13938783973336707;-0.2950301387287457;0.3485448954803692;-0.1378888526599798;-0.22117688083269557;0.4606377333434506;-0.07982177107308948;-0.18639833321973698;0.36401023327971527;-0.07693842614065505;-0.457633981508007;0.5061171571790516;-0.6273647396616288;-0.3037488317975504;0.7124176844282285;-0.15278516731721944;-0.20620008000982462;0.3025921496339292;0.016333724950070176;-0.14372310751317238;0.17207477216900355;0.04359560303796922;-0.24941945164537294;0.7714244115710078;-0.5854009859688022;-0.33474783665863905;0.7914671225369051;-0.17185309605012852;-0.25169979855181873;0.31880129773890553;0.047669562604530556;-0.17768986095051043;0.12592629058228508;0.0610739724433625;-0.09319347179676443;0.9969958615849859;-0.5217361318016088;-0.2889124215618777;0.7467535056700315;-0.12120793238567958;-0.2527738898139315;0.2825169979884489;0.028628613332297454;-0.19823928058778248;0.10898375424002366;0.040298889137098594;0.012608105520504538;1.1317410584112992;-0.45648647001339976;-0.20516701701822887;0.6233268896686638;-0.08385147541001213;-0.17959160611848116;0.22564428800992614;-0.0035421664850354517;-0.15481208949338568;0.08183051817406409;0.015547784604428792;41.31473628692001;16.277199626028573;2.2903817624472396;35.53577527161336;17.6569953009192;10.111109564389206;24.938167209483918;23.619139780577807;18.38918536144724;24.099686101852413;24.32828535991104;20.067882856801575;23.369641206913055;21.278788839759525;24.293046887172125;41.2549261009201;19.851372417211806;13.53011294400459;7.765592921410839
0.9956828314544008;0.40620006175058965;-0.1061110114879992;-0.05544439341903204;0.36267462329913125;0.3503671486581596;-0.10482651281542231;0.23089754237834897;0.5380299193908676;-0.07213299751326643;0.1297132943986741;0.5031500089613236;-0.05730269740972122;0.5985869333642146;0.4575490465978972;-0.4959135965151174;0.33814283910602766;0.8126194591841486;-0.12774401924361733;0.1817097155056996;0.37892523463212674;0.04772801412109778;0.06969601162233445;0.15320660474309006;0.0832552237014044;0.3650034858878294;0.7810380673443368;-0.5067070086832789;0.3864616410400069;0.9020184475157906;-0.13534526769430705;0.186139558761667;0.15327856542186372;0.13323392715523708;0.04465464007647821;-0.11026327082701547;0.15397825033815177;0.1556376842868229;1.04458083329864;-0.4937793980038944;0.3543239367894899;0.8429190938838735;-0.08399062587030202;0.1804886434465065;0.043691447231949954;0.19833747121829995;0.043102551714110766;-0.17796364075618606;0.19097302018939044;-0.029072598098350413;1.2268917231627872;-0.4803535531113034;0.27179042867040526;0.7161042502782567;-0.03785090034332417;0.17103376108896387;0.06695045038635274;0.1334359791374429;0.06149974152909436;-0.15496636549882975;0.14725112684460515;57.88507803211746;22.937445420695006;8.741784183239124;37.36747597541976;15.043353400979699;19.870073476168393;22.65867185388241;45.23906102904776;77.14501849817604;24.10843389607737;70.29455495923077;58.19953223662898;28.42050287937959;59.111441383785824;66.925549864773;54.448658171309575;23.507563608475508;15.605358653166054;9.753356995284014;0.9962743505108462;-0.3819279223230075;0.02146318022468699;-0.1465816898047672;-0.3084450382133848;0.3573919900799819;-0.1391639076559828;-0.22612225240042172;0.48191309645605973;-0.08057351588829788;-0.184087022123064;0.38740703392781567;-0.07782228425059796;-0.46743432887042086;0.49157830056093144;-0.6313336275829495;-0.3190597164471176;0.754606844562529;-0.15934852759535936;-0.20826790286669397;0.31422165369238003;0.010314325736803392;-0.14853225897273226;0.1796827105252864;0.03930750446391485;-0.2528158687980453;0.7677052843590266;-0.588823176217713;-0.3511887946378635;0.8316954738561638;-0.1768333913431366;-0.2547548165206255;0.33543109810313576;0.039860807252123646;-0.18309917802839443;0.14235367475102192;0.054594248440968246;-0.09270447921082246;1.005119320829807;-0.5256996291729605;-0.3049646619567825;0.7801690022038226;-0.12552488305374362;-0.2587089851302212;0.2937733749939388;0.020106058733322878;-0.2030691790385302;0.11876775710968128;0.03364282924292223;0.014651919468601018;1.152639033794103;-0.46154565316310786;-0.2184672961488407;0.6449372587564971;-0.089281352145718;-0.18650090784687948;0.2301011028949836;-0.010617303435280563;-0.15976515406713654;0.08562332917639758;0.009720693844680538;43.655281382869425;17.155563561518303;1.699197130352519;36.62987485036567;16.41946207440958;10.007608146648542;25.34519958252747;21.79701246179543;16.66808631585557;24.319386451010875;23.017741109412146;18.944197131689286;23.607441488349615;20.94595673878739;23.346741162671048;42.11045056193441;20.6205256581881;13.927911881508788;7.876754591386297
0.9946335354343004;0.40080395952468495;-0.07429678638771212;-0.040196549892055046;0.35230777796904345;0.34419254321691445;-0.09152921544754691;0.22623368375674272;0.5183819576677502;-0.06422888532483015;0.13569686638918316;0.48170165979641716;-0.04902438811902002;0.6007711261041038;0.49321731757516435;-0.44515793465660786;0.3294943681646544;0.7997028705003176;-0.1144029577033167;0.17354718372539313;0.3581544437390681;0.05218660059564189;0.07072349890701153;0.1397504932319136;0.08360633559486225;0.3741640770934689;0.8043085994549074;-0.46161555460759535;0.3783099964934149;0.8756343002374509;-0.12171391746840786;0.17910019564883636;0.14601543925090435;0.1295943573140322;0.047423203473421396;-0.1042565056419001;0.1476575758319035;0.16661742480605757;1.0553715726460002;-0.45592715032084163;0.3470757845628714;0.8230794258880073;-0.07168559774019731;0.17256204539123998;0.046846998916606084;0.19416968596815098;0.0414295815903695;-0.16224824663077989;0.1846859920739154;-0.01974935241806484;1.2230194291487142;-0.44987879660756674;0.26756940960815073;0.7132968570622802;-0.02958394478449261;0.1701380431273928;0.07622369028737976;0.12937833834969584;0.06477550715727885;-0.13662693655459482;0.14180088665018378;54.447592942838746;22.211427953897104;7.851113154112526;34.596426207364885;15.396714434038522;20.643808460577993;20.275191192239475;45.09750841868694;75.48822198594719;22.869903704619347;69.06164913630344;57.446300838445815;27.619877270540176;56.2710671480377;66.24039386544122;52.758665084381626;22.59683981420074;15.080187264002413;9.646622279428433;0.99716731072791;-0.39324465685816484;0.0014148777251122822;-0.1542145111818772;-0.32267709482662854;0.36677174814797164;-0.14051217287867346;-0.2313643041641097;0.5044847250164324;-0.08136848371784253;-0.18162529036990804;0.4122351414238928;-0.07875764791218186;-0.47782182932905387;0.47612030023525936;-0.6355223552891159;-0.3353045891562558;0.799374665823444;-0.16631134681382856;-0.21045516167868344;0.32655765831942424;0.00392222359721592;-0.15363281512443394;0.18775388691479344;0.034752602604072994;-0.2564120838360046;0.7637249777932102;-0.5924331199026928;-0.3686323286779965;0.8743780863417263;-0.18211452739612938;-0.2579884390169351;0.35307579354206853;0.03156748264090076;-0.1888356154272391;0.15979127203838672;0.047711554304342534;-0.09218148084783621;1.0137043974855842;-0.5298869205938992;-0.32199731346095783;0.8156194939047006;-0.13010373093156455;-0.26500064980919374;0.3057140056152661;0.011055590078631454;-0.20818955168986414;0.12915205449573142;0.026573743708362848;0.016821543304941306;1.1747827095797791;-0.4668989996865801;-0.23258129560862875;0.6678579954370558;-0.09504342880500415;-0.19382996199143535;0.23482422050846657;-0.0181295883505848;-0.16501806804660485;0.08964724029960518;0.003532818034366997;46.02769364431346;18.039114903153607;1.7901742821570228;37.78310034628823;15.185123968799662;9.959966811885629;25.761072938444048;19.998105908661667;15.093642361998802;24.536062671618243;21.753163225145283;17.83236903563549;23.856895612555345;20.6768828926425;22.393072416079523;42.94017131484348;21.437408132220035;14.3494345817738;7.990390003346963
0.994154334209562;0.39975622560193186;-0.06082139253892522;-0.03779923015211565;0.34786094387074745;0.33975994170966556;-0.08513087835719788;0.2232042093641929;0.5112291145221145;-0.05934170739718989;0.13754387701939683;0.4724597334743454;-0.04346141054808035;0.5991387272034231;0.5107175042681562;-0.42086988576695616;0.3294145984023224;0.7953576122225092;-0.10941347049706149;0.17053703825360794;0.33889764469865574;0.052576822254858276;0.06870677465629393;0.12305461347870542;0.08293353134054521;0.3760629610513061;0.8173547497813431;-0.43647206363661106;0.37900962741506034;0.8600959673102827;-0.11610650797723227;0.17896046942001068;0.13465586460733567;0.12490439821228211;0.04781075467095439;-0.1047680652748219;0.14194706785871425;0.17132903126222906;1.0628609970349472;-0.43158286491190057;0.3515280442015307;0.8107685259000805;-0.06919544212332882;0.17202069409934428;0.04437933652883881;0.1853643816007949;0.04200760529296709;-0.15201234088376148;0.1771104667497982;-0.012246251116436702;1.2250524710134443;-0.4261957928656581;0.269732651393299;0.7088881370414689;-0.028096843722526434;0.17167197037832838;0.08158664033040526;0.12301113079104252;0.06905668410685155;-0.12050757905955432;0.13533198760769183;52.65563917325311;22.20441512913433;7.3913819741866185;33.013142983447416;15.705683292435024;22.702051283961826;18.857572086148064;45.855744217132866;74.94094574266082;22.21011780313687;68.44167190113178;56.83412837984497;27.013880224013533;54.13165086481027;64.83342455421729;51.769149131163125;22.214377817572327;14.77047316294788;9.49159695481105;0.997474012853546;-0.39612563810907586;-0.006288009574556571;-0.1576838021952409;-0.3266219550042897;0.3734663129983672;-0.1409003428055928;-0.23299777646049086;0.5142254889991739;-0.08152376578200322;-0.180589842326684;0.42381782417583264;-0.07923248449799897;-0.4760838660605856;0.47440361963409616;-0.6355399221473438;-0.3421133814237989;0.810964260247455;-0.1688542727634258;-0.21204902655357574;0.33360941790127846;-0.00011066818367033696;-0.15637734993234745;0.19444861719841774;0.03146997085459858;-0.25202178367258576;0.7654587547691774;-0.5920793150429333;-0.37708378836231915;0.8854535182723564;-0.1840982697522284;-0.2605311971860665;0.3607687957067632;0.02641986458802806;-0.19216862547546004;0.1689258036859549;0.04337049298534924;-0.08721502682003433;1.018484990827533;-0.5296215912384691;-0.3299054867834663;0.8278660887539719;-0.13164143630433062;-0.26690756840120133;0.30981874600519477;0.00606324047168751;-0.20986977595900125;0.13308909466941715;0.022507381870844334;0.02065635263147985;1.1833290089164472;-0.4669762516187384;-0.23783721797863264;0.6741235405048116;-0.09746000644348707;-0.1967383542932904;0.23777503751122536;-0.02228601352742003;-0.16776323578429053;0.09394103579792275;0.00010365329797157582;47.26105223952368;18.100797239132373;2.0041226084454977;37.81480539074214;14.423251897619105;9.602537335015246;25.849393645310183;19.07578577987142;14.194877272831551;24.775074222803536;21.092361491310953;17.39331416353192;24.03881976788246;20.384740062946097;21.535497393200473;43.55984504145284;21.706364427189268;14.38640900087064;7.939926252461495
0.99410399298598;0.40222146390644714;-0.0601182390665857;-0.04444768635897295;0.3479220885384613;0.33688822081383984;-0.08359148971874902;0.22154298629365052;0.5133608096704916;-0.05657526467307914;0.13667078725496123;0.4722235929700675;-0.039778660036279494;0.5955043513045514;0.5162962611142584;-0.41533770762813754;0.33574649425351416;0.7979127878526203;-0.11035323420067791;0.17130711760492162;0.3208266275815761;0.050173881683264886;0.06460130062690245;0.10398478129578155;0.08162867302873152;0.37332578683101153;0.8243617836564594;-0.42550617684558595;0.3863892292503312;0.8529721734698105;-0.11619694138873554;0.18388085276037971;0.12041056389333055;0.11955524593770125;0.04658595835573022;-0.10999367970347641;0.13675033135561912;0.17190279253311197;1.0693881050153493;-0.41689366268266126;0.36468541113065694;0.80452826020089;-0.07365215787174503;0.17686694976143968;0.037974360959310685;0.17338941329895102;0.04422619534518561;-0.14566066642526151;0.1687281619400122;-0.005929208870388546;1.232709083471021;-0.4074485602081117;0.27673366427025137;0.7041242493263861;-0.03138862881640452;0.17513848434473575;0.08437342791756805;0.1150729252092912;0.07418783017960136;-0.10585867388189077;0.12821282880990345;52.137803830011784;22.7221543012033;7.263406287610765;32.22122222422475;16.00963877972031;26.0719021647402;18.109143302492935;47.380834726126274;75.11419994559512;22.01007456321478;68.25601867597211;56.358070798642565;26.58754964014229;52.44482734240908;62.77691628994631;51.48880405130071;22.232664380258853;14.594697619055424;9.276950375848573;0.9973396959630234;-0.3922912642347171;-0.0040582580666040525;-0.1577471742667583;-0.3223731517962072;0.37772969718197014;-0.1405118393976514;-0.23173359097205762;0.5135115563112377;-0.08116761559936342;-0.18069057858252152;0.4245476426407485;-0.0793201781318019;-0.46497625844720863;0.4833754229503222;-0.6322585405249226;-0.34125369024137636;0.7962046598514345;-0.16783447452847167;-0.21308736072147608;0.33620186577633765;-0.0021263571288986545;-0.15715149822043434;0.19974494584999666;0.029323577481887325;-0.2416173081332181;0.7714664509197341;-0.5886090311197808;-0.3781311336473574;0.8714145417230922;-0.18341425529663352;-0.2623938322200079;0.3603504557094198;0.0239485828469628;-0.1934635223133924;0.171179540195574;0.04119809472967671;-0.07902522363772956;1.019991040412024;-0.5258628006532139;-0.3303368699176601;0.8214660303662473;-0.13073610145104225;-0.26529881904791147;0.3076249793005623;0.004449585156318917;-0.20878309146644455;0.13182993985766997;0.020956546347273952;0.02560192850670523;1.1808149249145918;-0.46291177881038137;-0.23595557406443257;0.667114490067433;-0.09716003723027529;-0.19606363082887646;0.23919039154403943;-0.02364439733401654;-0.16841919133667338;0.09823489645404072;-0.001026626222222768;47.61829918798656;17.55245398369967;1.9762597330508889;36.98625222877319;14.020897887778089;9.014146105342729;25.72327274033597;18.79893776678232;13.73383110186495;25.040112635801556;20.859119021097523;17.45145769709169;24.165754988739277;20.044905708019638;20.78555643253628;44.038052678441765;21.53326049622703;14.124533633756226;7.768316532303807
0.994053651762398;0.4045584115316722;-0.05942187276075121;-0.05092749343196495;0.34792244278112683;0.33402864499495116;-0.082075146330446;0.2198842440454313;0.5153533493579149;-0.05386620042692305;0.1357955520598039;0.4719126751285739;-0.03617835066977157;0.5918565119468;0.5216518500656013;-0.409868756508899;0.3418677535877706;0.8002700417621519;-0.111251418695781;0.17202933809703608;0.3031387271806049;0.04782060423675206;0.06058427764505865;0.08535922842050872;0.08034151259037084;0.3705912866369472;0.8310585318773579;-0.414733426266346;0.3935241788819426;0.8458755647268887;-0.11626537617840223;0.1886506843368915;0.10648985841355679;0.11431530752166749;0.0453828938603006;-0.11507394281832022;0.13165618494433265;0.1724333496044938;1.0755747857291886;-0.40248926965349124;0.37746184759206175;0.7983020324099437;-0.0779883454443428;0.18156564518824822;0.03171808551245881;0.1616750057186325;0.04638349648254611;-0.13943804385123074;0.16052017290374176;0.00023580098954729256;1.2399700633720594;-0.38908606081459507;0.2835178896302311;0.6993557468020514;-0.03459531305161408;0.17849115975297553;0.0870783170965136;0.1073074226216822;0.07918201732441774;-0.09154662268266706;0.12124429002848018;51.649238521886005;23.228214566858753;7.142641507231088;31.44955107773038;16.407320787518845;30.156169680236545;17.42085059591251;49.01806225665179;75.12724797179662;21.908820511614348;68.0489285821432;55.85164010977478;26.222767997336025;50.794307870747566;60.281213148930696;51.246814193328184;22.25068212649752;14.422055600683487;9.069043723426613;0.997205379072501;-0.38846240549696276;-0.0018658647902937279;-0.15778542386430627;-0.3181475788306764;0.38186289618327257;-0.14010853672111168;-0.23045561707471932;0.5127315160371999;-0.08080516009886965;-0.18076205905070084;0.4252003232679378;-0.0793942885486704;-0.45398696420482954;0.4921207459803436;-0.6289366808054522;-0.3403566287951517;0.781575088610378;-0.1668064647421853;-0.21407553230788423;0.33869891708040584;-0.0041073910901874905;-0.15788850899726053;0.2049206240266275;0.027209271769368475;-0.23135321372047016;0.7772542414183375;-0.585108139319917;-0.37910300762857896;0.8574818576182969;-0.18271393567201247;-0.2641847502353867;0.35988431777994795;0.021515741446230748;-0.19470687781438165;0.17336880098987098;0.03905641718350879;-0.07096286320508412;1.0213159766482833;-0.5220878794955301;-0.330710557309142;0.8150497725148242;-0.12982625989524219;-0.2636770339782033;0.3054216896348155;0.002862735175748134;-0.2076830934104704;0.13057213783069926;0.01942893030331918;0.030459369985799796;1.178163685771604;-0.4588459764787062;-0.23407001469904953;0.6601231380055185;-0.09685036833925521;-0.19537051599053104;0.24054518314368886;-0.024976041588280595;-0.16903830504543876;0.10244065222640789;-0.002137498527312289;47.96337612896421;17.016586601377547;1.9503588551509967;36.18143283186053;13.627041876149418;8.464268559621145;25.644593943867115;18.521596798289355;13.286374575180405;25.314293095225427;20.62761117585612;17.50977202115813;24.294872597608546;19.712225163960948;20.07527600294248;44.508979415377155;21.357046627749174;13.867909163295424;7.60130233216976
0.993789390011418;0.4084237697038027;-0.0563865817147593;-0.05338761507166636;0.34787852355198984;0.3323058899617866;-0.08136746528522461;0.219359744997427;0.5155189122017362;-0.05280794479665186;0.13877922003453164;0.46947035474737914;-0.03462952800397646;0.5932036082946838;0.5250591806000321;-0.4034371483522931;0.3427350449146992;0.7993503994468537;-0.10938915270292973;0.1712335527642511;0.29315902802296095;0.047159097546064184;0.060099060505146185;0.07967517766529632;0.0786810709153213;0.37159709204378444;0.834630373666092;-0.40658054618808637;0.3974276227196356;0.843400160932821;-0.11602550187018898;0.18906325307695693;0.096732073019094;0.11012657404730365;0.04397643940275657;-0.11613808560938911;0.1272165444598758;0.17522543895138842;1.0796267216829882;-0.39333594073156575;0.38123185371092744;0.7963670477190334;-0.07867780148315477;0.1828681824048875;0.02954347328543967;0.15497682081183434;0.04773828358150699;-0.13269414298607357;0.1545776097511462;0.004701689391955075;1.2448544775600938;-0.378936070680267;0.2868504278035401;0.6941742982350416;-0.03446716946744997;0.17912440607300897;0.08813956189501256;0.10316711427782713;0.08127949632661038;-0.08157476486876006;0.11632224280146104;50.988499727914515;23.436514308023497;6.6949619644848415;31.118556063073726;16.648085250308217;30.947626002109807;16.937740028828507;50.1761702323105;74.88508116720578;21.664198159116143;67.75399731630912;55.30429932207367;26.11154029879565;49.82163250751492;58.22322325318611;50.676953388569515;22.270791582233787;14.338023361803597;9.005058080517745;0.9967766313286488;-0.3866889367289037;0.0024645087536191213;-0.15773663715615807;-0.3176716180212903;0.3832368957785041;-0.14044889182635387;-0.23049071789271053;0.5119063475353374;-0.08121833205262445;-0.1794154885181658;0.4246558694807292;-0.0797950840715455;-0.4485477073253412;0.495138940548127;-0.6279616052862793;-0.339839097569038;0.7767000633292256;-0.16729728008098652;-0.21511913140187394;0.3378045895872515;-0.00534011287460248;-0.15869593659981865;0.20384899225619732;0.026614348738743025;-0.22511767984408088;0.779843707375201;-0.5840940183642698;-0.3816761472309085;0.854364604324159;-0.18160397864395228;-0.2653797765718227;0.3616955024310175;0.021237268053690916;-0.19463185574174047;0.1742068549943188;0.0385431068917314;-0.06466791773869913;1.0237348232694912;-0.5211074374377352;-0.33448538975459735;0.8106743108142456;-0.12863707221421958;-0.26420430337379947;0.3064939812608416;0.002694607372969781;-0.2073404752362922;0.13083263434738326;0.018986618869225792;0.03599311379051388;1.1804553496993964;-0.4579472320613933;-0.2369278878550088;0.6570605932016622;-0.09547315246597467;-0.19594592744576025;0.24098592550997835;-0.02434435496737081;-0.16872398628581242;0.10299895084829858;-0.0019267659311187314;47.49721749658622;16.839579242762188;2.064900538550294;35.86947560477191;13.621202708554996;8.56480196605944;25.788902238762926;18.29634252536605;13.134056104627604;25.743124444539824;20.254515512450652;17.443180315940598;24.76836800259419;19.454002123345905;19.851746879438313;44.371444201683055;21.362848782997723;13.811028901198647;7.5391011384923585
0.993383923462471;0.413338079778505;-0.05179980667527192;-0.053268468936297546;0.3478158520252061;0.3313112333847399;-0.08117899679037746;0.21957206827906348;0.5145160215130791;-0.05281064736084347;0.14430629655373642;0.46563054445333685;-0.034395548238457745;0.597826375865119;0.5272569642015406;-0.3963187479195919;0.34021226131807353;0.7963172057533866;-0.10571689753747635;0.16944841206461148;0.28807667789931785;0.04758953800919687;0.06190259656692316;0.08232850894271514;0.0767615740486762;0.3750535606768209;0.8362401263921552;-0.4000465943302987;0.3992904167290685;0.8439213481782301;-0.11558623713148326;0.18665793413836895;0.08956699170401332;0.1065752568918762;0.0424230870099479;-0.11461108617408672;0.1231544441146726;0.17952295988245323;1.082372211888327;-0.38749754960122146;0.3792106236897964;0.797219279473898;-0.0770104431679981;0.18198675972781603;0.029994149382567475;0.1514622292371232;0.04858919728960401;-0.125538190080989;0.1500417629374027;0.008116248380138507;1.2482900507128156;-0.374011406245859;0.2879894826117531;0.6886860502112747;-0.03217391949168052;0.17800514118252558;0.08814878427304833;0.10133537213415285;0.08152330694143081;-0.07430775781209;0.11267540165127699;50.21234906973533;23.453580010306784;6.026232698273501;31.074689768239413;16.743797932052242;29.191024308607116;16.561285748605542;51.01935479587382;74.52667998170126;21.281863481664406;67.40504874319294;54.69591142567694;26.14400259764599;49.271513553689076;56.553732479769764;49.88073958005784;22.291509688272544;14.310754234444925;9.03329303669307;0.9961535363087108;-0.3862602023015265;0.008277408126752137;-0.15763884056235594;-0.3196741548761287;0.3828404971382479;-0.14129281416775252;-0.23140415765870573;0.5110668173983753;-0.08215394881566732;-0.17712249745588873;0.4233385037723213;-0.08042249146466483;-0.44669381489583965;0.494467904833949;-0.6285508736494383;-0.3395821208455455;0.7782069692674937;-0.16880610975351754;-0.21622973531101225;0.33468180723423147;-0.006101873352161942;-0.1595728821674182;0.19865803868696344;0.0270108689733504;-0.2214392135877394;0.7804176987045449;-0.5847331786672839;-0.38537002683445026;0.8583625808981347;-0.18021565693686437;-0.2662185783773599;0.36505812510854374;0.02237341208895572;-0.1936989199377085;0.17418000783031137;0.03909508706783901;-0.059431224346714884;1.026974913672585;-0.5219797765066266;-0.3405838838519127;0.8076134750657273;-0.12725085249356655;-0.2661707039223558;0.30975887315440787;0.0034576622194387495;-0.2075025064942421;0.13210470087918272;0.01925219978320227;0.042069940824755084;1.186108898135046;-0.4591442937702098;-0.24297152302473202;0.656569377964362;-0.09337486167317023;-0.19737770555479547;0.24084653269517883;-0.02241069237487081;-0.16779951903336768;0.10117177466461061;-0.000842491569408366;46.491332867379846;16.89355168320908;2.2941201027407647;35.87159652895586;13.877701606627882;9.098885904777308;26.061865196836813;18.107050755944435;13.169402902582979;26.28163281924139;19.785034134215454;17.292860410690537;25.474434046310275;19.24175112816478;19.93880198254923;43.83541187239648;21.491187424523375;13.883268551002082;7.543294955880677
0.9929784569135238;0.4182305680867334;-0.04720834120383996;-0.05314622768565485;0.34773323986287613;0.33029723094019886;-0.08098580887303784;0.21977189795768745;0.5134832909544176;-0.05281032683001788;0.14982718729279307;0.4617626272115463;-0.03415951091615165;0.6024166476708287;0.5294253815036849;-0.38917497711201215;0.33766904771683814;0.7932372721225746;-0.10203720824582403;0.16765289714443313;0.28297592106429076;0.04801741514522771;0.06370326584641518;0.08497812322784808;0.07483696000838104;0.378489851826408;0.8378025983837909;-0.39348727832776503;0.4011310462982445;0.8443944056368656;-0.11514018842252312;0.1842410223756329;0.08239408807831247;0.10301650191933388;0.04086672141452584;-0.11307694972078525;0.11908376456625236;0.18381181621199996;1.0850567539612104;-0.3816347743923908;0.37716691902783894;0.7980261801979197;-0.07533804820900755;0.1810945845580436;0.030443277329008887;0.1479376432754283;0.049437648486053955;-0.11837235846789021;0.1454956191793019;0.011531626165079275;1.251655434140922;-0.36906347347088153;0.2891124743770635;0.683156302688886;-0.029877965080893885;0.17687526239310816;0.0881529624292585;0.09949713862822221;0.08176254091457011;-0.06703376392390399;0.10902073746144822;49.44994649227349;23.47072197061069;5.356570823886342;31.037445190541906;16.849012617069064;27.460577979418215;16.18457891393471;51.926386532250405;74.13913621461691;20.900089918371556;67.05122266495482;54.01913621042881;26.181657637161145;48.713723476865084;54.736698974885684;49.093093377571954;22.311051717461204;14.283173799433092;9.06193895876634;0.9955304412887724;-0.38582081328000783;0.014158593325562388;-0.1575376038742324;-0.32169561522696566;0.38243387409131313;-0.14214461591228292;-0.23232498631242615;0.5102099859971676;-0.08309938285207512;-0.17479995037380583;0.42199948763275963;-0.08105611427646839;-0.4448116190392292;0.49378179174191833;-0.6291379487071511;-0.3393171886253541;0.7797203073308222;-0.17033024389191087;-0.21735026869229188;0.33151741582982525;-0.006872509593525936;-0.1604578302918728;0.1934031132212899;0.02741166319540445;-0.21771424351387217;0.7809871115429418;-0.5853713691110924;-0.3891017795724069;0.8623951404260579;-0.1788083804137303;-0.26706338515923306;0.3684550176675294;0.02352260132795987;-0.19275219248206246;0.17415031529242816;0.03965299519276163;-0.05413204264132277;1.0302382196637008;-0.5228548010603764;-0.3467491988998656;0.8045048913511119;-0.12584647184640413;-0.2681563796915405;0.3130576878906259;0.0042296464609695395;-0.20766343118566524;0.13338981863195923;0.01952062646570453;0.04821766884345422;1.1918117527230203;-0.46034877478555847;-0.24908275109082606;0.6560628474382374;-0.09125052226848204;-0.1988234664732249;0.24070200194315058;-0.020453949050032907;-0.16686173589735487;0.09932162711128306;0.000254554735945792;45.47331309654564;16.947293101574637;2.547016531307271;35.873952285015015;14.147093064915323;9.660470221288897;26.338718790529835;17.919460057073803;13.203366301717047;26.83434283592139;19.313051300475152;17.141036360279276;26.188030049350537;19.029685757065216;20.034630590294807;43.299514230797136;21.62090033684427;13.955101988865714;7.546615004376193
0.9927586427805684;0.41944824842812545;-0.046689014977663625;-0.05304031573139867;0.3468404050113526;0.32833376610900045;-0.08086881634355209;0.21990641217850782;0.5111317803715185;-0.05304634416238228;0.15299420496023858;0.4568147479415999;-0.034313909590175995;0.6041807856260866;0.5313760544469894;-0.38454788060536427;0.3366837505661014;0.7918189280457113;-0.10146938499632491;0.16734277303508496;0.27712213026104204;0.046890295197829716;0.06488637785131308;0.08126957387644015;0.07333105822123197;0.3810410433735075;0.8387305797143747;-0.38902279871084355;0.4028119743241726;0.8434893171547179;-0.11494887435191978;0.18364445413670352;0.0751527580793951;0.10077913636188446;0.04110361888816789;-0.11460487004133581;0.11649432561962055;0.1874710527377812;1.0853550059641746;-0.37759425459720786;0.37591039893191613;0.7984194029584795;-0.07509340862508784;0.1802189864412943;0.02731917251877515;0.14551025229615344;0.049718763182959126;-0.11743834825667053;0.14273357131905373;0.014953777858289543;1.2506066810054244;-0.36554798399571004;0.28909294806191144;0.6813987275442465;-0.02949626975790593;0.1754399773602259;0.08759534573813965;0.09793758791833965;0.08149622787822414;-0.0640646346042155;0.10671792683868668;49.270212678245294;23.454866046845027;4.940226816653357;30.86732985900431;17.002931475624607;27.804693738688968;15.917859021952262;53.12215274275506;73.46062513355007;20.585084565638688;67.62590123226992;53.553264802798935;26.039422951684575;48.534217824646916;54.06565662663295;48.970141019398824;22.22993900434966;14.22593306687101;9.075545904003869;0.9955160985012912;-0.3843426055001566;0.018218209131026775;-0.16069769716176383;-0.3211572878256844;0.3796904911690083;-0.14561835300164405;-0.23168861305148417;0.5073784810133386;-0.08510008697567024;-0.1727788580767276;0.4210695333839221;-0.08251521639144219;-0.44231788140476735;0.48653119394818417;-0.642626527429843;-0.33883942483583174;0.7789741758535622;-0.1715505950493326;-0.21617658342431112;0.32787298764411266;-0.004222778406220974;-0.15852023775158428;0.18906729593679836;0.029910178486065416;-0.2142346908839335;0.7729802068743675;-0.5971642127608833;-0.38904159146093964;0.8626757373191578;-0.18073451345446923;-0.2669299407509248;0.368520830550162;0.02663119437221625;-0.1916642124683959;0.17201136110655552;0.04226597204958394;-0.05000596102419357;1.0244113730026798;-0.5324898778235786;-0.3488651823511975;0.8008121292872374;-0.12738325900155742;-0.2696205508680384;0.3146837619980777;0.006231741061341564;-0.20804913553517593;0.13542105167927065;0.021079505992695872;0.05251839756112761;1.1891278401195255;-0.4678428764330444;-0.2516108438668209;0.6535688073909455;-0.09199587982807121;-0.19978952100515482;0.23974722702459866;-0.019539342810773366;-0.16705419737584187;0.09852576792964718;0.0009291662432823308;44.63668167648811;17.100350028745087;2.7231868710849185;36.668082513623034;14.598022762076491;9.988440713720184;27.04330153406857;18.298559115686707;13.489436577886906;27.404751578098576;19.306156195365336;16.806819378211667;26.705447492777704;19.0614765871018;20.02596883594851;42.615844011486836;21.643868447723495;14.152791422766482;7.694881022664046
0.992737445774423;0.416772563970263;-0.05049773245223278;-0.05295478352829179;0.3451093221496917;0.3253926018992861;-0.08083696217888234;0.2199793889510155;0.5074213198834377;-0.053533337848448305;0.15364242998286887;0.4507811772847066;-0.03488276023203102;0.6029551170281117;0.5331006613257911;-0.3826465403247643;0.33737387527892365;0.7922081690698131;-0.10421310415764655;0.16861850692120503;0.2705300035552499;0.04412431719108166;0.06540668339912104;0.07084785521269524;0.0722852726618928;0.3826467180992689;0.839011340800884;-0.38683518342488116;0.4043255072454179;0.8411634987113712;-0.11503419431790857;0.1849923172185739;0.06790323001574632;0.09996720840899832;0.043243360329569575;-0.11937424087165714;0.11550359537374016;0.1904386678931173;1.0831622016908864;-0.37553725292699847;0.375515215671327;0.7984026501488193;-0.07636916112816985;0.1793757141632665;0.020430394139315106;0.14427378742351624;0.049397400055579375;-0.12313083028113776;0.14189417896709663;0.018354721032887468;1.2449328456158277;-0.36359736773367846;0.28787276519549665;0.68368708744676;-0.031150603025182393;0.17369984807377556;0.086449777868545;0.09669099363204184;0.08069894293064717;-0.06569200776164799;0.10587368094145312;49.70232791133265;23.403738703256384;4.791315215930509;30.55278311986279;17.22449799574722;30.589880034513538;15.770419661822519;54.58383977332291;72.44396891774925;20.342531534046078;69.20769923742849;53.31969749128338;25.703057578474045;48.76372006161773;54.745031224931;49.55280856819711;22.043467087363304;14.13755089205057;9.072382862367876;0.9961530190906096;-0.3815312457225965;0.020249810077999825;-0.16720978067182554;-0.31767863910427807;0.3742429307015363;-0.15176249507270825;-0.22924549408186437;0.5021528458969112;-0.08814985990446178;-0.17100379302228036;0.4203291688392751;-0.08478657080017944;-0.4389286905876618;0.47204013282434526;-0.6693559615702943;-0.33792838116360085;0.7753266574808643;-0.17231903175242264;-0.21242294828134928;0.3235633140937272;0.002060595530271221;-0.15348329720910664;0.18566531001996397;0.03460364526884398;-0.21093716398415088;0.7554056723428085;-0.6203771296901852;-0.38466886053803107;0.8583850889743716;-0.18609615088263565;-0.2655814721419099;0.36477968586103904;0.0317790920756651;-0.19032114021038077;0.16753323877753623;0.04701865362891341;-0.04717018660255411;1.0082749951001604;-0.5510480279716178;-0.34638454490266035;0.7960470624200779;-0.1319738414090397;-0.27033404782440257;0.31429286392436484;0.009519906355935751;-0.20854003828954457;0.13813757413152936;0.023986642990286734;0.05473869624807368;1.1767386477083464;-0.4816813899209918;-0.2500973214032698;0.6485702473425751;-0.09575245893320218;-0.2001010166628017;0.23778720725163077;-0.01974490321787437;-0.16835229349767714;0.09881188091748114;0.0011395715501392647;43.99577720650453;17.366587285287;2.8057155717637254;38.27717511994805;15.272869786719053;10.063017097791784;28.204237347132405;19.294583566014662;14.059054318627838;27.991936258487904;19.81244337037856;16.28872526177324;27.008381318115955;19.356166689307887;19.89674151806709;41.79195903158231;21.529471521383073;14.48098671843061;8.00537408703026
0.9927162487682776;0.4141232701278177;-0.05426417159208955;-0.052869804822281485;0.34339476071071534;0.32248141840097694;-0.08080486676714586;0.220049952421699;0.5037479724455448;-0.05401458108987079;0.154282397647621;0.4448106963098788;-0.03544509625555468;0.6017385210940696;0.5348023892899058;-0.3807633200867257;0.3380539366296343;0.7925873279445509;-0.10692587032857633;0.16987896911642378;0.26400843201335616;0.04138845122417218;0.06592078504368995;0.060540291809760505;0.07125046510507695;0.38423192392935895;0.8392828707688017;-0.38466880750539445;0.40581942644516245;0.8388571145192502;-0.11511773339450698;0.18632399508527944;0.060732974023841396;0.09916348260025391;0.04535924087889929;-0.1240902587599236;0.11452292096658606;0.19337223525466932;1.0809855965663937;-0.3735001361391652;0.37512163187376624;0.7983802371393678;-0.07763031702723372;0.1785404076290814;0.01361726588896491;0.1430498716892686;0.0490792113981389;-0.12875977454252932;0.14106298404238482;0.02171810805491648;1.239312328194325;-0.36166555316082544;0.2866639011249529;0.685945262923065;-0.03278650504211426;0.1719775945176753;0.08531618225357329;0.09545740826141681;0.07990984005424828;-0.06730099346742698;0.10503794955715558;50.13369439442595;23.35273897305924;4.638784079246766;30.242326271301533;17.478922968034556;33.72106854089619;15.624912924057295;56.058316273523545;71.3638719554426;20.101991094241924;70.80052943268399;53.01644620622009;25.370113792241725;48.99060231775798;55.41957631430128;50.137366792553536;21.858803441535684;14.049638401698592;9.068745166505954;0.9967899396799282;-0.3784214152893966;0.022246344394779138;-0.17352278653892406;-0.3139615018011664;0.3685263144386871;-0.15772389094296174;-0.22662968317568022;0.4965478261449646;-0.09109806165105648;-0.16909949233246946;0.4192392047253621;-0.08696606584951246;-0.4351974927424664;0.45727688088511936;-0.6952826429117802;-0.33673905711864316;0.7710543942504251;-0.1729346958841213;-0.2085224272394694;0.31901749215077563;0.00828683166124238;-0.1483607208896697;0.18213600875779565;0.03922641800308158;-0.20748998913948044;0.7373460466664367;-0.642859791768217;-0.380008765080663;0.8534049936296412;-0.19125285099671585;-0.2640198756836541;0.36076246002146223;0.03685468275107478;-0.18882865728883638;0.16295265043667634;0.051689600454747214;-0.04431944612591002;0.9914266027657388;-0.5689756974985082;-0.34363229951852664;0.7906495471141216;-0.1364121392892311;-0.2708122127406376;0.31363912539302097;0.012771018577071034;-0.20884992665111818;0.1407131108330626;0.026847828894653005;0.056893043902497734;1.1634616752136644;-0.49498980069019977;-0.2483852451832137;0.6430662478441395;-0.09939479456166576;-0.2002402295263912;0.23564299969754987;-0.019931922493566064;-0.16949630860437154;0.0990117526905034;0.0013471564911649568;43.344262094711155;17.64159585333158;2.894298352662092;39.84121002628239;15.999487797221152;10.166751762917109;29.364066969420875;20.305523722441105;14.645178956530042;28.590418246501105;20.335730455141697;15.783914473942453;27.312866477444178;19.65384621545337;19.765699489390816;40.9937581842168;21.386431287715165;14.801336204616394;8.323366480102317
0.9926776555893528;0.4147720927885892;-0.054835155431187436;-0.052051599988828384;0.3436246772329584;0.32019097458588563;-0.08025259212350076;0.22141436681567148;0.5005155654977681;-0.05361483526368446;0.15525717409280232;0.4417637880438028;-0.034597155201938984;0.6030000227389036;0.5322555915163949;-0.38123271955578036;0.34044718904603033;0.7911771266454374;-0.10616131319397318;0.1692021863210642;0.26054069209876707;0.043651840724347094;0.06423255538693451;0.05604645583944038;0.0733098493050159;0.3864354981495176;0.8382140114565598;-0.3847919915588635;0.4074946263493763;0.8388045517251901;-0.11376330829886205;0.1846602496065104;0.05519841904285463;0.10207968406299561;0.042249576400989745;-0.12812030478851574;0.11676111991302406;0.1967442255859188;1.0813491875504144;-0.373112696715158;0.37659594351585557;0.7983507468116796;-0.0766337412779563;0.1764846006396265;0.00600812617946219;0.1461835835088614;0.04552428399893374;-0.1350211091948524;0.1434899940779521;0.02654030233301961;1.239884339101862;-0.3609028775140545;0.28571001806089485;0.6878054026333668;-0.032500525675794784;0.1715175970833326;0.08096390056232333;0.09656948663808122;0.07883080505598905;-0.07195458848714106;0.1062690343084536;49.99419161996981;23.308300130899543;4.687180494633341;30.307765512402355;17.878650665895254;35.62492104768498;15.715331553616034;57.550952351498346;71.03108815727906;20.06895176753375;72.80185398213929;52.53363662520002;25.079466316976045;50.20555773334924;55.931292392753505;50.08961771119746;21.898104885238403;14.046017880785513;9.02436931983103;0.9968598585603416;-0.37650057257720215;0.022594844885512867;-0.17511354805669158;-0.3113053575614656;0.3671227546680135;-0.15973584213904948;-0.2257462979436664;0.4925592363051625;-0.09256995843642596;-0.16868782063120905;0.41673661942539386;-0.08868933776139111;-0.43201149160504476;0.4549147685680811;-0.7013972167589492;-0.3353171083781078;0.7663106122603911;-0.17411812576819866;-0.2075503179644887;0.32052646403059626;0.007681461023009204;-0.14761425363148126;0.18502173149087447;0.03871342920358209;-0.20425538329927173;0.7334292063861286;-0.6483527879272837;-0.37761805262078607;0.8494839479387465;-0.19277270198502205;-0.2626773124949877;0.35988319504985056;0.03656788205655107;-0.18831242534185763;0.16311934068356257;0.051423470491721614;-0.04168091716363559;0.9871515304163232;-0.5736512829396762;-0.3414507793731375;0.7877676795599057;-0.13745608254042488;-0.2709144525554044;0.31309506383380975;0.011977839303663399;-0.2095664990724235;0.14182565795922167;0.02600595172225303;0.058404019541588456;1.1590176657985904;-0.4987897401210288;-0.24725693622451284;0.6407231288778005;-0.10020313578273168;-0.2011346801944153;0.23494324062354877;-0.020835226896836305;-0.17091210188564762;0.09858068837579495;0.00038552984355979267;43.3048857220152;17.483914087236986;2.9340296305658318;40.03485485880293;15.87188171769178;9.89512575138216;29.643436954640485;20.38278633247599;14.604663176284502;28.776722197825176;20.430655486982428;15.586111509292286;27.42574852365037;19.854009489237864;19.843201164057497;40.90630579953638;21.318275889590286;14.82695363129015;8.350896546495008
0.9926319762716088;0.4167625624412249;-0.05411192587287061;-0.05092933274494924;0.34464384833141126;0.3181340920696132;-0.07948452518344219;0.22331272176825104;0.49743573008632735;-0.052854010690669785;0.1563739590984087;0.4398795955330359;-0.033170038083122085;0.6052732753766769;0.5279612717654049;-0.3826586381196381;0.34355135141624604;0.7890248011600984;-0.1039780970135702;0.16773253498232954;0.2582867249617723;0.047961908251662536;0.06163717837308814;0.05388137987129337;0.07664042704417567;0.388903608607154;0.836587549330587;-0.38584356352980154;0.40925287824459805;0.8396616432273907;-0.11181429826312118;0.18176660241492604;0.050288051222423705;0.10652723238666376;0.036994663050303224;-0.13189990841904098;0.12032216261733057;0.20031730833917666;1.082740176930567;-0.373390127861777;0.37883715109840005;0.7983129801058575;-0.07471241609003408;0.17391708133833955;-0.0019791921374649156;0.15110895115061548;0.040628717314515686;-0.14158353641276572;0.14725701026960436;0.03198961292927267;1.242967768583038;-0.3606072580692767;0.28485097878130494;0.6895127904594708;-0.03143162170662175;0.17156589041226247;0.07527233904255479;0.09864173791542401;0.07762571756466978;-0.07787793097153611;0.10834782030065586;49.62074707894122;23.265009944829867;4.820796037205793;30.527054364039344;18.354608306237523;36.95538256431134;15.902395032056218;59.080829035747804;70.92097950392284;20.120594366021102;74.96083027166719;51.91895235576959;24.806521973791416;51.845734416842724;56.2825113409073;49.785126262556325;22.02915111169659;14.07770415888278;8.964004906526926;0.9966988155578808;-0.37513559390375856;0.022282116403500002;-0.17483330455331333;-0.30913878808464745;0.3675371127077144;-0.16018670297992837;-0.22560884219201882;0.4893203801015407;-0.09346614474502728;-0.16891399412556415;0.4137453939231298;-0.09024893844443953;-0.42913069271875687;0.4576578527775966;-0.6996543315777;-0.33386838057660084;0.7615277926814411;-0.17556883289190367;-0.2078038588108892;0.3245521875968796;0.004314376854894966;-0.14866676063767598;0.19054382868620784;0.03613100821511829;-0.20114432134510102;0.7353771669739173;-0.6471177514827067;-0.3762196307410143;0.8461611419185069;-0.19286398835237173;-0.26147569903775797;0.36034594060467035;0.03411988979587785;-0.18822914290430592;0.16523960681066865;0.049171230411752864;-0.039133031232831926;0.9881585704232448;-0.5730935506443227;-0.33956750202527586;0.7860617736966978;-0.13715739751547343;-0.2709208394461756;0.3126593013794377;0.0095506461835704;-0.2104918727685373;0.14237754673450023;0.02367087044645526;0.05966908252836674;1.158378605254862;-0.4988533987383546;-0.24641418032002968;0.6397872505772038;-0.09988739668011191;-0.202377385471066;0.2348751291335207;-0.022033771946609795;-0.17247515709357936;0.09791426096452582;-0.0010501795122151774;43.518164806708974;17.146651030783847;2.9563376588947525;39.68124930775206;15.394163276495666;9.486875738902741;29.566545184763182;20.075939794538815;14.309682832510587;28.79225496777429;20.351688696374445;15.512235213780873;27.46017480844891;20.01604249295492;20.005803956460657;41.10248338762146;21.287372962102847;14.734969334684271;8.258647684071967
0.9925862969538648;0.41875890830170903;-0.05338452284205004;-0.049800916986554096;0.345664726567763;0.31606371132330113;-0.07871180767815376;0.2252184081851266;0.49433547425978575;-0.05208883606944918;0.15749480919899037;0.4379815658179019;-0.03173541560025918;0.6075519567438654;0.5236401217079912;-0.3840879321978143;0.3466677163629431;0.7868538276200034;-0.10178287113122038;0.16625382991926588;0.2560188620468903;0.052293173775815514;0.059028138961906396;0.05170488223634782;0.07998699290151871;0.39138027342167014;0.8349446118251923;-0.386896596987435;0.41101591308998753;0.840514717682093;-0.10985437854382266;0.17885660160430158;0.04535249237360676;0.11099608924491083;0.031712957918877446;-0.1356972101281392;0.12389991916083704;0.20390637215490628;1.0841274233875975;-0.37366525114642035;0.3810858718624296;0.7982671065208691;-0.0727806883786045;0.17133492623202512;-0.010006655920707304;0.15605758797084632;0.035708129823595794;-0.1481775594050039;0.15104150894431623;0.03746600872853479;1.2460543767630552;-0.36030657588488046;0.283984794828581;0.6912219260892359;-0.030357030927062014;0.17161272514998943;0.06955141040520799;0.10072343149058609;0.07641380033702168;-0.08383028729963779;0.11043598519481744;49.2453967190261;23.21994012922026;4.957201883037235;30.74842335175508;18.860366628177772;38.30201220972044;16.090671219801102;60.645965436012716;70.70091459861196;20.17303406124888;77.1047416497117;51.22664028800335;24.53523639310093;53.50989139861208;56.52498259478771;49.48218499468265;22.161344556306286;14.110674565315326;8.904213955686716;0.99653777255542;-0.37376653429396955;0.02196940621197113;-0.17455075859455418;-0.3069700279228255;0.36794550122284975;-0.16063465793045298;-0.2254681630244319;0.48607784199570025;-0.09435992304433898;-0.16913738390363325;0.41075133945361414;-0.09180543272223879;-0.42624671022937893;0.4603909974476557;-0.6979029316295554;-0.33241628399001844;0.7567389528537136;-0.17701527863558147;-0.20805400283517836;0.3285685212420191;0.0009510172076071313;-0.1497158571869675;0.1960568585708345;0.03355095233426644;-0.19803374861256923;0.7373119244437334;-0.6458744154117982;-0.3748171493283714;0.8428294053975085;-0.19295228418800367;-0.26027152266201464;0.36080276985773785;0.03167414147753111;-0.18814313578340283;0.16735501273712586;0.04692078861827788;-0.03658742659580571;0.9891496812070251;-0.5725278649077259;-0.33768125957473527;0.7843460176508061;-0.13685699491944625;-0.27092316258036464;0.3122193477767073;0.007126041481420249;-0.21141305335249722;0.14292668258963856;0.021338062505434626;0.06093182844576952;1.1577229191645757;-0.49890951625452845;-0.2455686831796569;0.6388428457565817;-0.09957051725163436;-0.20361566202937337;0.23480357744499047;-0.023230638305860293;-0.17403387081389304;0.09724711741595149;-0.002484257479382701;43.73214053749923;16.808127936683952;2.9833726248552357;39.326167924800004;14.929009288174784;9.106096998181677;29.491128604408182;19.768923659773083;14.020569791967622;28.80756397186868;20.278318012575685;15.440943771916777;27.494529454517323;20.180701750738454;20.167890311355126;41.29984131069459;21.255921015255144;14.642968663278637;8.166664434977315
0.9925434619915212;0.4198274176219845;-0.05370512395369262;-0.05034853553048759;0.34640837415236697;0.31804493332815353;-0.07906375315626864;0.22517362689297035;0.49610444205902504;-0.052535224752677745;0.15907322842862986;0.4377016219640142;-0.032150486756502415;0.6069329425238674;0.5211978504153313;-0.3856349851350334;0.3492912987445479;0.7884498791054809;-0.10340524022440169;0.16694736116884487;0.256958864363323;0.05164893740382403;0.05888640787584517;0.052704230293548975;0.08002949417218724;0.39060461925839524;0.8344738116623086;-0.38869202341157183;0.4146140567592023;0.8422861973852515;-0.11116445876576969;0.1798559631713053;0.04360551244677126;0.11168935273424771;0.03173222938494061;-0.13736472703465435;0.1249661183254811;0.2037253394024077;1.0859987987965813;-0.37590604885085116;0.384246443290479;0.7995438088614555;-0.07395143481997152;0.17221179525192837;-0.01286065956986935;0.15777580721166562;0.0356258095669754;-0.15000924520392792;0.15288668242271222;0.038468365612975994;1.2501857599084654;-0.3631693352178036;0.2868152993151459;0.6922341388698735;-0.031168352070438766;0.17244052626279321;0.06692594721000479;0.1017739340696044;0.07598230731444246;-0.08679231646350594;0.11168507264590244;49.37853710002348;23.179749972042426;4.691193672238155;30.763091003010672;18.752279906730852;38.0921216948831;16.156498803384466;61.05967306676155;70.37881475048334;20.303743950850752;77.73827125367727;50.6755848112238;24.646519539824418;54.20092941593126;56.59960289880429;49.42216149847933;22.2647220760189;14.109209497852996;8.841149585792042;0.9966806660027668;-0.3748546525829072;0.021288173658958347;-0.17417233010878508;-0.3104340690697021;0.37278588183330436;-0.16007403065267078;-0.22659628047027197;0.4901754900013332;-0.09403536874297751;-0.1693532995206103;0.4117048936564828;-0.09145178523960534;-0.42477374521929795;0.46214188828106195;-0.6948570380865642;-0.3356798437050786;0.7627767277727923;-0.17743352008816632;-0.2098993632732653;0.3292303037149555;0.0001487910055116955;-0.15169343657572487;0.1951349827216495;0.03308528313828918;-0.19518409362304837;0.7404764592878268;-0.6431156838680833;-0.3797737710469412;0.8499158406548413;-0.19245125937969831;-0.26249325206377583;0.36176561192149964;0.03065631105778695;-0.19008920992573314;0.16768352880747445;0.04602371991577601;-0.033137959888124666;0.9937296273039173;-0.5702150473703085;-0.3415743890611632;0.7921162919251616;-0.13637299128288596;-0.2730144169516558;0.3139822095932536;0.005797165093952043;-0.21304152886187147;0.14345073770512287;0.020126817503421227;0.06450555024058047;1.1638847345156926;-0.49699972986044094;-0.2466868325952718;0.6440568614155437;-0.09966784961420795;-0.2043554554066476;0.23734826372542753;-0.024202964307563204;-0.1744067390806399;0.10001030624604774;-0.003355957159155272;43.96433710203828;16.75627114706679;2.9647643205073715;39.18912352458518;14.856224838823593;9.282171899799023;29.514082039133505;19.577230477934265;14.041788570702668;28.913735711911663;20.14776657702873;15.464328467559865;27.50583414889487;20.010215164726915;19.722179000870117;41.539522821853126;21.374424063710553;14.631473466705291;8.131113966985057
0.9925017411917568;0.4205292350940231;-0.0544382603762773;-0.051556100614630195;0.3470416373461871;0.3216209342611202;-0.07985831029679102;0.22435981572973127;0.49978909445392156;-0.05345862421543175;0.16083197240494948;0.43805642519117133;-0.033293883421734505;0.6051697662818691;0.5194912902595291;-0.3872274563801867;0.35172075335929515;0.7915261478611727;-0.10653108680908602;0.16849571606149585;0.25916113199540175;0.04904518645921764;0.05971569349874163;0.05495426755573511;0.07877080843469039;0.3885461450280599;0.8344601402958988;-0.39077892399818953;0.4189348425790687;0.8444162254527107;-0.11376219999018572;0.18239418335521357;0.04311262210484229;0.11089602502857585;0.03383837310332704;-0.13819407681999438;0.12504354256392008;0.2020589040225439;1.0880566201986521;-0.378920262343864;0.3877660503548701;0.8013380926699993;-0.07634398379144954;0.1744501862721726;-0.013679511248041903;0.15822246716013022;0.037448110837045676;-0.1499663552715531;0.15396870509892555;0.03770969350667993;1.2547248819160723;-0.36727751317273805;0.2911015160355048;0.6929692113932854;-0.03272250186572761;0.1735754569085034;0.06551727089343756;0.10241859114998235;0.07585744011099567;-0.08857840687783011;0.11260402202311898;49.70896421459778;23.142475947671795;4.270004857453194;30.6977083566308;18.401302988070704;37.27519285445895;16.179179211060955;61.01326028534462;70.04031772438847;20.465959588870035;77.78322873096036;50.20040615746968;24.906973248521535;54.50324122246172;56.6306787673309;49.45664755162131;22.356605239021036;14.093620665552448;8.776754773443812;0.9969426144102196;-0.3769280607776655;0.02044894962186396;-0.1737454381730283;-0.3161857804264858;0.37945708207972506;-0.15909946788717808;-0.22824145644684793;0.4972454491590928;-0.0932188907395944;-0.1695655709551107;0.414233269151417;-0.0903307466111192;-0.42382774315365684;0.4635190668473966;-0.6912305167616607;-0.3408625781163794;0.773197524981818;-0.17744532878763739;-0.21240350010565212;0.3285608993361765;0.0003519765347917333;-0.15406824738669378;0.1916350043010353;0.03345200173216056;-0.1923876158981101;0.7441626928600977;-0.6396943737475337;-0.38732912818157544;0.8612376206786571;-0.19170316325163603;-0.26610640089509185;0.3629362682618632;0.030189115575023687;-0.192869860642427;0.16730275563664257;0.045649211778242854;-0.029272879369722664;0.9997857827326782;-0.5671564611029849;-0.3478195984342876;0.8037636936974345;-0.1358048753629521;-0.27596315615019185;0.3166415577987347;0.004882455070018129;-0.21497218152789604;0.14396973313527053;0.019341550410107287;0.06905396244760516;1.1728277328887402;-0.49426545778303793;-0.24859766116970236;0.6517874934384236;-0.0999289988709177;-0.2049039414542102;0.24096825015595208;-0.025101045077371043;-0.17430984145256215;0.10417934888799846;-0.00401798027099458;44.20349408631032;16.821121933654716;2.9272824108552435;39.13317915420512;14.944590726178072;9.696288888444501;29.57426172699483;19.43680294117029;14.18452113692908;29.05557462016158;19.997702391704713;15.524799346944139;27.509555693975056;19.708822854011025;19.03966282224744;41.79863703533082;21.553972729928642;14.649989600108714;8.115963100950168
0.992460020391992;0.4212289443453426;-0.05517251217417235;-0.052765831389601406;0.34767327764286565;0.3252018921162922;-0.08065389643802491;0.22354231142504666;0.5034774027142339;-0.0543835587489209;0.16259313141956105;0.43840821903823957;-0.034439464508922664;0.6033975620753107;0.51777656310834;-0.38882003161731044;0.3541524271786388;0.7946022425411076;-0.10966277150464701;0.17004596517431228;0.26136592568475;0.04643538475392342;0.060546256827561054;0.05720869450120266;0.07750872302202792;0.3864798719632657;0.8344392458849035;-0.39286696666211485;0.4232613562633243;0.8465435782198737;-0.11636457549834912;0.18493631752459752;0.04261829473460545;0.11010002657487082;0.03594877751180403;-0.13902402792417032;0.1251200562111477;0.20038712481383206;1.0901095099159754;-0.3819377245138151;0.39128992224065623;0.8031293468291681;-0.0787410460920942;0.17669191168359927;-0.01450001493592823;0.15866872859416686;0.03927402815854499;-0.14992207984284517;0.15505173925651475;0.03694905646530725;1.2592629987595558;-0.3713914047575563;0.29539448789157896;0.6936998989974458;-0.03427972884472653;0.17471134437457608;0.0641049849521393;0.10306375874283397;0.0757316490773039;-0.09036759430382725;0.11352398698721833;50.036649505945995;23.105834393303663;3.8528026912566715;30.63399505172216;18.056055426333163;36.46538617368271;16.20774473115496;60.96587860383029;69.698394068861;20.629329405741693;77.82559354077763;49.72930446286623;25.167088063205203;54.80324844044936;56.65682906831404;49.49085060108918;22.448579270932278;14.07767086994452;8.712477080976944;0.997204562817672;-0.3790269489315101;0.019593523521703144;-0.1733047448725161;-0.32203300190746137;0.3862386279197657;-0.15810148315450048;-0.22990926099520315;0.5044291124252963;-0.09238415404525528;-0.16977599288351752;0.41679426109772877;-0.08918592034167049;-0.4228498361699858;0.4649059140627558;-0.6875134618591282;-0.3461294699402386;0.7837845458186414;-0.17745131589835791;-0.2149466752967182;0.3278679432668701;0.000558904268144124;-0.1564816926259773;0.18806383531095358;0.03382435743242813;-0.18953292031086375;0.7478917062698134;-0.6361880758166274;-0.3950108992082513;0.8727392748049393;-0.19093471975300072;-0.2697772509867069;0.36411620099065056;0.0297122603345013;-0.1956953236371982;0.16690925251256702;0.04526623021185806;-0.0253353888054702;1.0059198054352032;-0.56402205794114;-0.35416835938105257;0.8155989422274655;-0.1352216401318369;-0.27895698505805516;0.31933926415626784;0.003950678098812869;-0.21693118906501435;0.1444934175011969;0.018541115889332542;0.07368406358132787;1.1818960477785196;-0.4914638420639822;-0.2505353338095973;0.6596387763737296;-0.10019157196544738;-0.20545558728417573;0.24464691981932793;-0.026014864982094096;-0.1742052204325973;0.10842187540840892;-0.004692098579314685;44.44258119404752;16.89050463447422;2.8899043231550663;39.07165902804018;15.045398673183684;10.14138105945944;29.63340775507585;19.30354375802869;14.328880095550412;29.19752713563987;19.85264947680752;15.586009498105678;27.51499146354883;19.408656494580402;18.359074379953498;42.061492610934394;21.736069124517567;14.666646803872228;8.098861005187777
0.992363812495257;0.42167326135912697;-0.05620169325446499;-0.052727717842690425;0.34762851310200993;0.32466811314189187;-0.08018190237538808;0.223812976894909;0.5042740217970313;-0.05413279034119983;0.16426332294237855;0.4382655098128072;-0.03429722120098329;0.6045455774151389;0.5186005928378821;-0.3848227489885194;0.3545845114593473;0.7935809708592807;-0.1082347714122671;0.1704178728072577;0.25926775671717206;0.04616688051524269;0.061817913808727865;0.05810200898167097;0.07660832483454981;0.38750853245817796;0.8357212972963988;-0.38911058905834645;0.4249675655640634;0.8454230479299745;-0.11509342936193916;0.1841760504088985;0.03866046969747018;0.10911212041506116;0.03599864711984159;-0.1379092052772643;0.12371433640632983;0.20157059838041136;1.0921717177742154;-0.378644461796803;0.3926297502809025;0.8013735231776673;-0.07724676287605789;0.17532647568251977;-0.019288343098539863;0.15787442521377623;0.03880032798660536;-0.14936417725465906;0.1535471539162869;0.03829852774995299;1.2624040654143813;-0.3687343768993107;0.2962948531470321;0.6920704385711235;-0.032846603929191996;0.17366368165516793;0.05963627920579813;0.10290996961920666;0.07488097824684573;-0.09146346221655162;0.11248659971601721;50.12450833427168;23.155708714031295;3.658351593811781;30.506825723270037;18.083873166069427;35.65092292252154;16.0589605843666;61.67116067353754;68.87419764642851;20.631251816280773;78.79960243685719;48.82849023693929;25.194227300371644;55.715339805405726;56.16248571206197;49.53934979117296;22.47453210555265;14.068084890064346;8.69413148369236;0.9972078276769364;-0.37880704044494706;0.022338032719834835;-0.1746055321992624;-0.3247436887902502;0.38837928517117276;-0.1585639510276206;-0.2288888705938111;0.5040501005363061;-0.09237463226287251;-0.16941470271607015;0.41333054404673925;-0.08863386995549051;-0.42018028501621024;0.4632602186614246;-0.6912105739606356;-0.3465071003399217;0.7841846423264979;-0.17884282254473607;-0.21661015621991325;0.3254592379647613;0.0001855293697245607;-0.1576810004171536;0.18517739537905784;0.03394129170636387;-0.18519128666894105;0.7463742169013114;-0.6392415159287262;-0.3967237576897307;0.8758633494117126;-0.19232278236972075;-0.27273475843707423;0.3647802888326161;0.029468770327600573;-0.19746682972105095;0.16628969750839662;0.04514431017527686;-0.02060893031980067;1.0063993000736122;-0.5663201835592255;-0.3578567592859853;0.8200072869419966;-0.13656188635768934;-0.28066219978199064;0.31910491360177595;0.0037668439304124396;-0.2173077895990955;0.14383949486299263;0.018731589536972328;0.07807031979365521;1.1862550871287998;-0.49306203923858216;-0.2543313914022066;0.6616693676093265;-0.10078043064869292;-0.2072929534257121;0.24419978226064407;-0.02608838661324125;-0.17507323301081995;0.10757839775053778;-0.004603760350618773;44.01023234187307;16.99495709875552;2.7334126197136506;39.21677208357887;15.306758529054918;10.402249246444683;29.89053359600269;19.441513406235366;14.423587189686069;29.481438721008875;19.93386219122252;15.573908081555906;27.852319507392888;19.48296945128854;18.388246510256312;41.814206624220134;21.812123316443596;14.737904887927352;8.149171328506428
0.9922378677810244;0.4219586491123514;-0.05739028916836183;-0.052004209945315065;0.3471975278453638;0.3218670901461074;-0.07901220183363164;0.22466905238936583;0.5034652638465433;-0.053235924794556695;0.16587711976288472;0.43783190777567765;-0.0334484912983679;0.6072646627708351;0.5207906885564259;-0.3777461460322169;0.3539061466951993;0.7902801042106113;-0.10430545813677318;0.17013724235132877;0.2548014461920208;0.04717749229759471;0.06332886115290835;0.05824822068743431;0.07590183971245958;0.3902138044444529;0.8376787210403805;-0.38213550886712744;0.4252210949118792;0.8424854030507067;-0.11169628130133778;0.18159946768357904;0.03280303607995159;0.10801359871869251;0.03491915636018614;-0.13572302475151962;0.12149089487988693;0.20430815133168811;1.0941899368930208;-0.3718780331701784;0.3927569435572553;0.7976385007462373;-0.07361833735804289;0.17197799115496612;-0.026250104487117926;0.15639344174497366;0.037065990112413814;-0.1485179743730394;0.15061843906082514;0.040801868967126516;1.2647242172860103;-0.36235313688825177;0.2953253195548377;0.6891164891073722;-0.029774529325348454;0.17141237134128331;0.05348950247347344;0.10231408726498563;0.07362964945351042;-0.09217629093140968;0.11037218445570195;50.08041740783771;23.25406553469294;3.584449849043777;30.345584338927473;18.32421178854618;34.82582577431249;15.811889610923075;62.82862346978859;67.75765720854417;20.546579207647845;80.31938261814372;47.670978987162435;25.09519276205196;57.00848991490829;55.3499494796943;49.59824923683655;22.46327638695421;14.06182133070782;8.700852356890614;0.9970699136903844;-0.3772868111927542;0.02704331397976152;-0.176845070076059;-0.32568108169623816;0.38791785233752063;-0.15981834421357732;-0.22638044505260424;0.4994719287660919;-0.09281474016756154;-0.16873080681305433;0.40654809638002914;-0.08840812988930938;-0.4165748967660723;0.459927599069552;-0.6989233378418808;-0.34416336098335587;0.7789142058754481;-0.18097569025220844;-0.21776084566762613;0.3221049442280234;-0.0005047434328423305;-0.15819063014227341;0.18268216731415332;0.03391425388622493;-0.18005547728823884;0.7419301648687032;-0.6458480127370552;-0.3951051503218938;0.8742859019839153;-0.19487669245769224;-0.2752566739165089;0.36513182772654873;0.02935429938118872;-0.19862966079512717;0.1655406174489184;0.04516468290250121;-0.015486669080985166;1.0036940938523449;-0.5715605444392422;-0.36002409148577935;0.8202308744222528;-0.13894326146107067;-0.2816247869245612;0.31723573733494825;0.003996930389177581;-0.21679500512187697;0.14253283158136526;0.019465870610426546;0.08227956882499597;1.1879064693919843;-0.49704331749422104;-0.2591043483964445;0.660431327197277;-0.10153804588181461;-0.20981105688117027;0.2414657476665246;-0.025696168087783754;-0.17645958976490084;0.1039301317865827;-0.004095325234012512;43.21349866833975;17.116214636172945;2.5186003696794472;39.47292163266082;15.656730837915246;10.552588974310988;30.255001945557144;19.724470626314947;14.491000703313324;29.842345904213484;20.137380099877582;15.523732579085594;28.36918077695627;19.762937398126947;18.807793973197203;41.29650308719451;21.82737429269048;14.839784383617467;8.238965171529388
0.9921119230667916;0.4222191901034793;-0.05857730388540075;-0.051276453279384925;0.3467450567983648;0.31904239311190435;-0.0778359357866066;0.2255129996009829;0.5026250622718986;-0.05233446552598847;0.16748349744745306;0.43737138303950707;-0.032596429055879284;0.609951599899055;0.5229529921696207;-0.37063583275813994;0.35320550712403803;0.7869267041301475;-0.10036374734303133;0.16984597461917772;0.2503128772671788;0.048186856702362973;0.06483837546949728;0.05839116953883094;0.07518969997008464;0.3928999170868493;0.8395889938548504;-0.37512661402644687;0.4254495321149185;0.8394926635025203;-0.10828712497791228;0.17900796986960751;0.0269344754767754;0.1069068844318422;0.033835884208659815;-0.1335252896354796;0.11925669359293065;0.2070377390022838;1.0961457243387887;-0.3650787310683644;0.39286079307600763;0.7938498248095357;-0.06997982434444361;0.16861396105863985;-0.03322118019895285;0.15490076754663154;0.03532671801591477;-0.14766154559577807;0.14767611546982345;0.043306679521367776;1.266972187505736;-0.35594019675810973;0.29433656724220286;0.6861166127319119;-0.026695865418462264;0.1691472652828912;0.0473299062483591;0.10171114006118366;0.07237195013439099;-0.09288470922938136;0.10824784642491751;50.033780210776946;23.354267799680418;3.511303081072361;30.18579468176534;18.57834057745924;33.99436904515433;15.56567148785982;64.03689027955663;66.60425330518383;20.464279269120322;81.88175972618778;46.490750572569475;24.997194753317277;58.358802365682294;54.49275104795636;49.66016665497836;22.450627551875574;14.05521548252124;8.707626776181678;0.9969319997038324;-0.3757363241674116;0.031735357609065734;-0.17906363784879878;-0.32658718310601303;0.38742277629193933;-0.16105555557039372;-0.2238575342456261;0.49485959897427795;-0.09324553274212023;-0.16803338821546462;0.399744871912946;-0.0881749996208555;-0.4129405300758041;0.456561495450556;-0.7065558412511136;-0.3417942205565968;0.7735862034171708;-0.1830874635731532;-0.218889408034348;0.3187295462653252;-0.0011933840216079958;-0.15868493599946745;0.1801763330002712;0.03388424417456001;-0.1749153678082625;0.7374299555134967;-0.6523815408301054;-0.3934549172950773;0.8726338655230788;-0.19740729648956384;-0.27774816590157303;0.3654498927403163;0.02923746551256944;-0.19977204839739535;0.1647784499671961;0.04518096824078084;-0.01037479934138637;1.0009053143241256;-0.5767377235375432;-0.36215423192952984;0.8203805678760733;-0.14130673114484776;-0.28255996603418165;0.315342477908542;0.004226130263194831;-0.21626400458836054;0.14121642119463923;0.020196721976236957;0.08647177911359602;1.1894477816756883;-0.5009709753221981;-0.2638431513858273;0.6591370493752149;-0.10228483537048332;-0.2123046005396738;0.23871639695149438;-0.025302552496299636;-0.17782697251392285;0.10028095596913673;-0.0035876927205474576;42.41947774884211;17.236586180313537;2.316151549346762;39.72430931704047;16.01338277157073;10.704674782778472;30.61809040083461;20.00695041843193;14.55886664702092;30.20270353987567;20.341677965305728;15.476297866418689;28.88477420747365;20.04488852280717;19.231619706794003;40.790695662619314;21.840246708363022;14.941755487632868;8.331087231979074
0.9922991468901868;0.4203507455787521;-0.05506989708801499;-0.05160659892050889;0.34485303491086067;0.31835085427194404;-0.0774492102149978;0.22540914786612729;0.4995609654429062;-0.05207947785183718;0.16806492435635365;0.43410537664521054;-0.03223453138751945;0.6073945776541931;0.5274485953220647;-0.36680550940401885;0.3507052901621081;0.7780505786001476;-0.09853894671929744;0.16848052616755593;0.24866417777647143;0.04856676284692011;0.06513057672257971;0.05937627924768799;0.07472706326240458;0.3914728893200771;0.8419945091849906;-0.3712064431414375;0.4219541902560155;0.8312926231464962;-0.10728093180308212;0.1802198509146585;0.030082492729562375;0.1053468365263811;0.03711635100419966;-0.12972654188793958;0.11760965670941134;0.20680297348737292;1.0960064694564287;-0.3612789411880727;0.38949842448942;0.7883793126358374;-0.06939064885315176;0.17064817996054588;-0.026195536470850142;0.1522872579160601;0.03934461256863601;-0.14331016025551502;0.14538908057503686;0.04410779552934424;1.2642150027316512;-0.3523274481300232;0.29083849104573434;0.6824414764105182;-0.027214741020064676;0.17077382477078734;0.05467270470389082;0.09925190190191313;0.07648984488698152;-0.08656950424431928;0.10623133824574994;49.688886000850665;23.142165367163777;3.439538444930209;29.73558429141804;18.579550768740944;33.3532545651765;15.344746982631484;63.033182711663954;66.29595762225082;20.33681603770394;80.0041181571502;47.05379293452598;24.759691369752478;56.361619403957214;54.07193215723496;49.50401034957351;22.291947809252733;13.934352602154735;8.65190488288453;0.9967485586177268;-0.37511312363431193;0.03159568059791336;-0.17943660736297548;-0.32484060355840744;0.3846411525698269;-0.16038230933982425;-0.22435984301762255;0.4931675504062063;-0.09256839891216977;-0.16797684460058349;0.3991403905128437;-0.0870888414763572;-0.4057172485590246;0.46177763232887087;-0.7012737805050704;-0.34807896513062053;0.7668722197163503;-0.18120561499287446;-0.2197930990107128;0.315296726675519;-0.0008927277412343426;-0.15828862638360802;0.1775025297983304;0.03382205706413663;-0.16982743357452887;0.7439916085078763;-0.6462469568789873;-0.39887498244667247;0.8675797862952678;-0.19483749511676968;-0.27863147923340525;0.3646709701191237;0.029013613232542458;-0.19987158211729805;0.16678025300313556;0.044327942431875066;-0.006775239963176928;1.0070766539448364;-0.5700460414380616;-0.3672669070142028;0.8149435045354281;-0.13944697957438917;-0.2831272951882198;0.3145993447511841;0.0034787279507164444;-0.21561031847639917;0.14407925019997672;0.018924956205726404;0.08863019653943409;1.1949307922610946;-0.4938741051041311;-0.26686365346253965;0.6564824203942657;-0.10125401444330641;-0.2127299026712318;0.23796766768679803;-0.02566037498468904;-0.17734691984830467;0.10134958136102495;-0.004379555405117602;42.37440350343816;17.214575204138885;2.3244502384838697;39.21314365225931;15.878702464528839;10.687685092105976;30.56711113433994;19.719735020431273;14.050438647436668;30.433693176917043;19.975527926493076;14.720718490057905;29.07828080356311;19.864420974147897;18.736565253515785;41.19789504942295;21.83192357362896;14.809276468112195;8.236189608977444
0.9925914937497397;0.41779542140829506;-0.05004660487259801;-0.05228353731522041;0.34250383726514627;0.31837369344082783;-0.07732878410033785;0.22499031681262785;0.49579256423572543;-0.052041859952457546;0.16829777200619314;0.4299449283624256;-0.03203956304106308;0.603123670944664;0.5326599962377341;-0.36410839391761635;0.34763578395172934;0.7674442163844507;-0.09743857238137622;0.1667739999189475;0.24797669012652454;0.04873270256234288;0.06501461178204201;0.06062848170225294;0.07435239315773555;0.38869507866738723;0.8445289914821922;-0.3683570528248713;0.4172624449094757;0.8214584014428018;-0.10708403958372571;0.18267825631496654;0.036185065801679364;0.10365465206766811;0.04180504829204833;-0.12544189958872026;0.11617688707702625;0.2055855071576102;1.095165624907682;-0.3585189112033786;0.3850237593078995;0.7824118754580683;-0.06982051902992058;0.17444838433015683;-0.01460912428478198;0.14933258483623085;0.045224280020501474;-0.13785080039058195;0.14334657116025307;0.04433319147896917;1.2598210003374481;-0.34968606119131834;0.2865481515309553;0.6785823391586067;-0.02892138143056593;0.17367120565310168;0.06640770622700849;0.09620583005370296;0.08234134912342818;-0.07799933351487513;0.10427457401234654;49.24288896185579;22.826043924846292;3.3684844043817943;29.192037818268176;18.49674289378711;32.78665884915678;15.13694869131421;61.32872457034174;66.19747744696255;20.194182229308154;76.99155045545115;48.1514532876045;24.475447266402547;53.38488812334618;53.57324457689852;49.269209909167586;22.086092436089935;13.777358665100918;8.576008467588673;0.9965498351952512;-0.37472818019192167;0.0298269704170482;-0.17915642571350984;-0.32213682866903626;0.38101131854621206;-0.15903518252580257;-0.22583652930769835;0.4923578937859566;-0.09149983922479048;-0.1681033184277362;0.4005399590990201;-0.08569689646242896;-0.39719337788550346;0.4698007031854765;-0.6915076300731456;-0.3572190525249848;0.7595297729802952;-0.1779433263507519;-0.22058154044928222;0.3117759430932062;-0.0002589186078968549;-0.15756201784077253;0.17473182058580009;0.033742452660958204;-0.16471202491544934;0.7541423808456371;-0.6357194493333727;-0.40660673345263004;0.8612050567682245;-0.19051125559426246;-0.2789236976493091;0.3634520934826669;0.028747728048794725;-0.19958297629853933;0.16968339588255865;0.0431724013538679;-0.003673377203821956;1.016080083128127;-0.5592430230278953;-0.3733237333351073;0.8074611928013428;-0.1361377079162205;-0.28351843469805427;0.3141805628552648;0.0024008384010639106;-0.2148726503950573;0.14832517616655547;0.016973887782629454;0.09009400963496862;1.2015229700856684;-0.48296299588308533;-0.2692636058288085;0.6532390427990058;-0.09960433277093624;-0.2124210553903212;0.23784353162689645;-0.026266540981280676;-0.17621139007972297;0.10398589535171308;-0.00560895330668356;42.58059764216449;17.146724228324217;2.421900643363134;38.46824212285624;15.57823317239196;10.6145569400289;30.417206716447556;19.23867668238842;13.352574834255917;30.650502048274568;19.41162508131911;13.735430256476812;29.175764522896966;19.527251962841536;17.933610118552462;41.930004342338414;21.807287469730905;14.594854076722765;8.078782221189902
0.9928838406092922;0.41526570705134663;-0.045090475876555736;-0.052950137566805576;0.3401790905654551;0.3183892794270808;-0.07720830796263549;0.22457227025873366;0.49206455477210126;-0.052003618301383024;0.16852378569960805;0.42583163476624986;-0.03184654515632985;0.5988976432381455;0.53778897075935;-0.3614399856176593;0.34460040405455816;0.7569652335708358;-0.09635102464780168;0.1650870244234239;0.24729313611113243;0.04889532482566321;0.06489880473986351;0.06186234756262993;0.07398119250823969;0.38594653548877544;0.8470106193416551;-0.365538346096107;0.412625349883438;0.811739889686982;-0.10688748745378449;0.18509927412176716;0.04220393031863796;0.10198319995019654;0.04642912567869985;-0.121212739849178;0.1147610518797487;0.2043801000474352;1.09431232289381;-0.3557885651547876;0.3806014978804301;0.7765084593171997;-0.07024302569999062;0.17819314871934072;-0.003179825307831295;0.14641480220652492;0.05102307055426444;-0.13246261410012466;0.14132868859859096;0.0445545580488406;1.2554592287654291;-0.34707293873191664;0.2823098587042179;0.6747608403962511;-0.030604201959979396;0.1765254307277584;0.07798180881145755;0.0931990490956415;0.08811154969194812;-0.06954391007882309;0.10234212361147117;48.79530249985315;22.511297819425458;3.2979776250072548;28.653582427680526;18.41840229645218;32.230481154765265;14.934657570470412;59.684428839341436;66.00813239623336;20.05210247014624;74.02767684602838;49.17251705521901;24.191565185577044;50.591422318763016;52.828791869561826;49.029093228357176;21.88203823938175;13.62278354774445;8.501030433575785;0.9963511117727756;-0.3742523278232908;0.028047810436127092;-0.17883260300681889;-0.31935051595468344;0.3772830632622827;-0.15764728500124403;-0.22726158717630926;0.49142822942685194;-0.09040727968288058;-0.16818956361108414;0.4018457055199014;-0.08428175040611867;-0.38855814158347907;0.4777255280230811;-0.6815569754722325;-0.366290057750307;0.7519909306941254;-0.17463217456451835;-0.22131834574055956;0.30817360485896167;0.0003761247952077195;-0.15679614055089072;0.1719139301966586;0.033654579250046654;-0.1595475113680304;0.7641304003054993;-0.6250194580532878;-0.4142549105737273;0.8546112477932593;-0.1861311605208723;-0.2791493194058194;0.3621434800877741;0.02847443164505661;-0.1992457971711735;0.17255106400729497;0.0420043320114796;-0.0005648947467261227;1.0248555894777984;-0.5482854193389208;-0.37930189996761343;0.7997706897971417;-0.13278954886010272;-0.28384205450496547;0.31368538328700835;0.001320377891981168;-0.21408189843676265;0.1525432511859275;0.015015126108487122;0.09153884375622634;1.2078381304016665;-0.4719154621344812;-0.27160318403783773;0.6498324332573949;-0.09792762596432394;-0.212060507245131;0.2376619170490501;-0.026867505450761907;-0.1750313465387561;0.10660205460733585;-0.006839274356571858;42.78732747068602;17.080947687725974;2.5417855763618586;37.751077101271996;15.278686416639077;10.54263619581964;30.314067249095068;18.75472137693783;12.659467580668828;30.90027463944907;18.8407283708816;12.76035184614271;29.286654682641274;19.188913976933463;17.13259254145811;42.686020350359385;21.771189063244936;14.376940688738603;7.922327108938707
