timestamp;l_x_0;l_x_1;l_x_2;l_x_3;l_x_4;l_x_5;l_x_6;l_x_7;l_x_8;l_x_9;l_x_10;l_x_11;l_x_12;l_x_13;l_x_14;l_x_15;l_x_16;l_x_17;l_x_18;l_x_19;l_x_20;l_y_0;l_y_1;l_y_2;l_y_3;l_y_4;l_y_5;l_y_6;l_y_7;l_y_8;l_y_9;l_y_10;l_y_11;l_y_12;l_y_13;l_y_14;l_y_15;l_y_16;l_y_17;l_y_18;l_y_19;l_y_20;l_z_0;l_z_1;l_z_2;l_z_3;l_z_4;l_z_5;l_z_6;l_z_7;l_z_8;l_z_9;l_z_10;l_z_11;l_z_12;l_z_13;l_z_14;l_z_15;l_z_16;l_z_17;l_z_18;l_z_19;l_z_20;r_x_0;r_x_1;r_x_2;r_x_3;r_x_4;r_x_5;r_x_6;r_x_7;r_x_8;r_x_9;r_x_10;r_x_11;r_x_12;r_x_13;r_x_14;r_x_15;r_x_16;r_x_17;r_x_18;r_x_19;r_x_20;r_y_0;r_y_1;r_y_2;r_y_3;r_y_4;r_y_5;r_y_6;r_y_7;r_y_8;r_y_9;r_y_10;r_y_11;r_y_12;r_y_13;r_y_14;r_y_15;r_y_16;r_y_17;r_y_18;r_y_19;r_y_20;r_z_0;r_z_1;r_z_2;r_z_3;r_z_4;r_z_5;r_z_6;r_z_7;r_z_8;r_z_9;r_z_10;r_z_11;r_z_12;r_z_13;r_z_14;r_z_15;r_z_16;r_z_17;r_z_18;r_z_19;r_z_20;l_handedness_confidence;r_handedness_confidence
1772029322.0;0.6610609889030457;0.5915853977203369;0.5434042811393738;0.5140349864959717;0.49683982133865356;0.5661805272102356;0.527784526348114;0.5076788663864136;0.49780672788619995;0.6043475866317749;0.5660101771354675;0.5412505865097046;0.5258686542510986;0.6354224681854248;0.6073862314224243;0.5821391940116882;0.5628527998924255;0.6590041518211365;0.6415892243385315;0.6227914094924927;0.6057543158531189;0.11960747092962265;0.1330992877483368;0.172925665974617;0.23321889340877533;0.28408804535865784;0.21715950965881348;0.3063201904296875;0.34343358874320984;0.359070748090744;0.24419105052947998;0.34492045640945435;0.3828536868095398;0.3951985538005829;0.2629632353782654;0.3566243052482605;0.39249932765960693;0.40567585825920105;0.26913702487945557;0.3444826602935791;0.36883479356765747;0.37414875626564026;3.545682147887419e-07;0.0005869719898328185;-0.006989894900470972;-0.01197852659970522;-0.017020724713802338;-0.04373602941632271;-0.056288816034793854;-0.05413432791829109;-0.04843934252858162;-0.045988403260707855;-0.05992301553487778;-0.05566940829157829;-0.04961356148123741;-0.04488924890756607;-0.05175420269370079;-0.04651521146297455;-0.041646115481853485;-0.04239874333143234;-0.04340685158967972;-0.036909978836774826;-0.03036234900355339;0.2805365025997162;0.3399602472782135;0.38120418787002563;0.39902353286743164;0.41468918323516846;0.34790360927581787;0.375335693359375;0.3898768723011017;0.3997417688369751;0.3050900995731354;0.3279908299446106;0.3444467782974243;0.35710474848747253;0.270681768655777;0.2880912721157074;0.3067147731781006;0.3249979317188263;0.24536442756652832;0.253151535987854;0.2648983299732208;0.28092190623283386;0.08266621828079224;0.11067068576812744;0.17025616765022278;0.23725982010364532;0.2891261875629425;0.1839369535446167;0.28494322299957275;0.33859461545944214;0.374179869890213;0.19648286700248718;0.3101162612438202;0.36612585186958313;0.39887458086013794;0.20518748462200165;0.30660828948020935;0.35615408420562744;0.3855411410331726;0.20691093802452087;0.28333690762519836;0.32125818729400635;0.344819575548172;1.2600129650763847e-07;-0.017374146729707718;-0.03127491846680641;-0.03982724994421005;-0.04727819189429283;-0.05956554785370827;-0.07830200344324112;-0.08077166229486465;-0.07942352443933487;-0.05793311819434166;-0.07720984518527985;-0.07764456421136856;-0.07571912556886673;-0.055049650371074677;-0.07038794457912445;-0.07036882638931274;-0.06783737987279892;-0.05222751200199127;-0.06192818656563759;-0.06124339997768402;-0.05871455371379852;0.994204044342041;0.9966784119606018
1772029322.0333333;0.6532520055770874;0.5875548720359802;0.5398914217948914;0.5125547647476196;0.49183958768844604;0.5636073350906372;0.5241544246673584;0.5068415403366089;0.49892640113830566;0.6021558046340942;0.5627445578575134;0.5409495234489441;0.5290331840515137;0.6346835494041443;0.6062658429145813;0.5807791352272034;0.5609605312347412;0.6594346761703491;0.6415368318557739;0.6226481795310974;0.6049709320068359;0.1337888538837433;0.1412215679883957;0.17911523580551147;0.23925840854644775;0.28929412364959717;0.21926754713058472;0.30668333172798157;0.3470327854156494;0.36472854018211365;0.24761101603507996;0.34563660621643066;0.38569873571395874;0.39661067724227905;0.266145795583725;0.3587423861026764;0.3933543562889099;0.4029860496520996;0.27158036828041077;0.344494104385376;0.36837756633758545;0.3730734884738922;3.599291176215047e-07;-0.00653540575876832;-0.016660213470458984;-0.02201499603688717;-0.027199765667319298;-0.05496867746114731;-0.06987694650888443;-0.0671314001083374;-0.0604734942317009;-0.0534500889480114;-0.07175162434577942;-0.0657656341791153;-0.05672759190201759;-0.049020733684301376;-0.06095334142446518;-0.055070869624614716;-0.04751448333263397;-0.043354589492082596;-0.04860992729663849;-0.04359038919210434;-0.036781489849090576;0.2823980152606964;0.3435002565383911;0.38150131702423096;0.3993106484413147;0.4170394539833069;0.34871944785118103;0.3751298785209656;0.3889315128326416;0.39938902854919434;0.30552223324775696;0.32757946848869324;0.34421834349632263;0.3584250807762146;0.2705574929714203;0.2880871891975403;0.3076299726963043;0.32701441645622253;0.2445722222328186;0.25627994537353516;0.2691563367843628;0.28500187397003174;0.08510361611843109;0.11396583169698715;0.17327412962913513;0.24096427857875824;0.2933851182460785;0.18606142699718475;0.2860367000102997;0.3394987881183624;0.3754440248012543;0.19929930567741394;0.3108154237270355;0.36667394638061523;0.39838629961013794;0.2079574167728424;0.31332042813301086;0.36313724517822266;0.3906562328338623;0.21045121550559998;0.2923681139945984;0.33174845576286316;0.35454052686691284;3.037380338355433e-07;-0.012467510998249054;-0.02531544491648674;-0.03342397138476372;-0.041108548641204834;-0.05658780783414841;-0.07467421889305115;-0.07772897183895111;-0.07663659751415253;-0.05728112906217575;-0.07610012590885162;-0.07733044773340225;-0.07604274898767471;-0.055884670466184616;-0.07011578232049942;-0.07022663205862045;-0.0681813582777977;-0.05387222766876221;-0.06279558688402176;-0.061053186655044556;-0.05777616798877716;0.9976602792739868;0.9955366849899292
1772029322.0666666;0.6527984738349915;0.587409257888794;0.5396308898925781;0.512387216091156;0.49352648854255676;0.5628368854522705;0.5246336460113525;0.5080999135971069;0.49964913725852966;0.600223958492279;0.563084065914154;0.5413956046104431;0.5288310050964355;0.633012592792511;0.6062396764755249;0.5810263752937317;0.5608513355255127;0.6589283347129822;0.6420571208000183;0.6239824295043945;0.6065472364425659;0.13601955771446228;0.1393115222454071;0.17676806449890137;0.2361716330051422;0.28783339262008667;0.21992474794387817;0.3051939010620117;0.3463219106197357;0.36512014269828796;0.2486366331577301;0.34399324655532837;0.38433870673179626;0.3957073390483856;0.2665731608867645;0.35680705308914185;0.39205604791641235;0.40224382281303406;0.27136343717575073;0.34403297305107117;0.36785200238227844;0.37113773822784424;3.6256597013561986e-07;-0.008799477480351925;-0.018528684973716736;-0.023527758195996284;-0.028353141620755196;-0.05155467242002487;-0.06707518547773361;-0.06604234874248505;-0.06062265858054161;-0.04938843101263046;-0.0676318109035492;-0.06318845599889755;-0.05508653074502945;-0.0449967198073864;-0.058058518916368484;-0.053990453481674194;-0.04719489812850952;-0.03956634923815727;-0.04603440687060356;-0.041892312467098236;-0.0353846475481987;0.28378599882125854;0.34439173340797424;0.3826613128185272;0.40047022700309753;0.418746680021286;0.34964174032211304;0.3760947287082672;0.38952314853668213;0.3993125259876251;0.3059338927268982;0.32770422101020813;0.3440558910369873;0.3578636348247528;0.2705419659614563;0.28790029883384705;0.3072645962238312;0.3264008164405823;0.2443578541278839;0.25515857338905334;0.2682315707206726;0.28456661105155945;0.08759766817092896;0.11657124757766724;0.17434273660182953;0.24190860986709595;0.2940891981124878;0.18518942594528198;0.28489434719085693;0.3387763202190399;0.3756614327430725;0.19955040514469147;0.310086727142334;0.3661825954914093;0.3989260792732239;0.20868545770645142;0.31219035387039185;0.3624246120452881;0.3914039731025696;0.21091775596141815;0.29034703969955444;0.3291745185852051;0.3525756895542145;2.9736889928244636e-07;-0.013019085861742496;-0.02628648281097412;-0.03472527116537094;-0.04279710724949837;-0.05794845521450043;-0.07677864283323288;-0.08042892813682556;-0.0799073874950409;-0.05868818983435631;-0.07768654823303223;-0.07915288954973221;-0.0783129632472992;-0.0574011504650116;-0.07184317708015442;-0.07210715860128403;-0.07047296315431595;-0.055572159588336945;-0.06507030874490738;-0.06378008425235748;-0.06098000332713127;0.9980860352516174;0.9963504076004028
1772029322.1;0.65181565284729;0.5873508453369141;0.5394476652145386;0.5131433606147766;0.49261772632598877;0.5617353916168213;0.5242291688919067;0.5071028470993042;0.49870434403419495;0.5991953611373901;0.5619411468505859;0.5407936573028564;0.5292564630508423;0.632083535194397;0.604575514793396;0.5800115466117859;0.5608646869659424;0.6588224768638611;0.6424556374549866;0.624995768070221;0.6084844470024109;0.13871382176876068;0.1412690281867981;0.17845883965492249;0.23845809698104858;0.2882707715034485;0.22051280736923218;0.3059694170951843;0.3473896384239197;0.36536726355552673;0.24893750250339508;0.3444615602493286;0.3849634528160095;0.39527982473373413;0.26677054166793823;0.3573640286922455;0.3927075266838074;0.4014444351196289;0.2715620994567871;0.3427862524986267;0.36597639322280884;0.3693058490753174;3.6597441521735163e-07;-0.008825498633086681;-0.01927850767970085;-0.024880647659301758;-0.03051202930510044;-0.05339512228965759;-0.06924332678318024;-0.06809081137180328;-0.06236795708537102;-0.05127793923020363;-0.06920196115970612;-0.06413272768259048;-0.05552630499005318;-0.04672344774007797;-0.05918489769101143;-0.054137781262397766;-0.04679843410849571;-0.04109272360801697;-0.047448933124542236;-0.04275348410010338;-0.03571385517716408;0.2847926914691925;0.3448597490787506;0.3832700550556183;0.4008331894874573;0.41800031065940857;0.3492419123649597;0.37632226943969727;0.38986736536026;0.39976757764816284;0.3061400353908539;0.3278850018978119;0.3440556526184082;0.35729414224624634;0.271024614572525;0.2874412536621094;0.307010680437088;0.32596296072006226;0.24460312724113464;0.2537943124771118;0.26709723472595215;0.28364360332489014;0.09053361415863037;0.11860372126102448;0.17574678361415863;0.2425532042980194;0.29498428106307983;0.18554556369781494;0.28459709882736206;0.3390198349952698;0.3763253092765808;0.19941717386245728;0.30920398235321045;0.3656998872756958;0.3985298275947571;0.20814141631126404;0.3109503388404846;0.3617992401123047;0.3908208906650543;0.21005430817604065;0.2889813780784607;0.32843101024627686;0.35195648670196533;3.068037699449633e-07;-0.014375093393027782;-0.028467247262597084;-0.037371788173913956;-0.04589196294546127;-0.061335209757089615;-0.08144556730985641;-0.08565479516983032;-0.08546042442321777;-0.0615958534181118;-0.08202345669269562;-0.08385534584522247;-0.08316603302955627;-0.05985291302204132;-0.07566538453102112;-0.07649143785238266;-0.0750204473733902;-0.05760697275400162;-0.06812459230422974;-0.06754124164581299;-0.0651935413479805;0.9982026815414429;0.9956600666046143
1772029322.1333334;0.651799201965332;0.5869872570037842;0.5388789176940918;0.5128549933433533;0.49245011806488037;0.5612308979034424;0.5238540172576904;0.5069271326065063;0.498787522315979;0.5990894436836243;0.562127947807312;0.5403226613998413;0.528889000415802;0.6321713924407959;0.6047301888465881;0.5792768597602844;0.5596576929092407;0.6589826345443726;0.6428977847099304;0.624655544757843;0.6074343919754028;0.13576434552669525;0.1386062353849411;0.17771291732788086;0.2376243770122528;0.2876545786857605;0.2200687825679779;0.30527740716934204;0.346600204706192;0.3637848198413849;0.24835386872291565;0.3449656665325165;0.3849000036716461;0.39336076378822327;0.26581916213035583;0.35881537199020386;0.3937795162200928;0.40116754174232483;0.27021387219429016;0.34420496225357056;0.3670143783092499;0.3685876727104187;3.61303193585627e-07;-0.008775397203862667;-0.01885131374001503;-0.024051303043961525;-0.02925383299589157;-0.05360506474971771;-0.06986594200134277;-0.06878183782100677;-0.06286733597517014;-0.05148225277662277;-0.07032263278961182;-0.0652836486697197;-0.056166380643844604;-0.04694707691669464;-0.060502562671899796;-0.05558442696928978;-0.04766443371772766;-0.04123872146010399;-0.04846103861927986;-0.043944377452135086;-0.03656283766031265;0.2843155860900879;0.34530919790267944;0.3835146725177765;0.4001055657863617;0.4174500107765198;0.34997421503067017;0.3765464425086975;0.39026421308517456;0.40051883459091187;0.306467205286026;0.3274895250797272;0.34352344274520874;0.3569277226924896;0.2711542844772339;0.28751295804977417;0.3071397542953491;0.3262120485305786;0.24483075737953186;0.2547179162502289;0.26835373044013977;0.28524211049079895;0.09115765988826752;0.11780616641044617;0.17487630248069763;0.24196092784404755;0.2947400212287903;0.18495050072669983;0.2839685082435608;0.3387885093688965;0.376496821641922;0.1994556039571762;0.30814796686172485;0.36523228883743286;0.3993968069553375;0.20864567160606384;0.3096647262573242;0.36112743616104126;0.3912258744239807;0.2113514095544815;0.2884618937969208;0.3277070224285126;0.3516300320625305;3.1753629059494415e-07;-0.015044103376567364;-0.029141904786229134;-0.03788929432630539;-0.04615850746631622;-0.0611078217625618;-0.08109696954488754;-0.08549922704696655;-0.08557106554508209;-0.06102994456887245;-0.08136280626058578;-0.08407831937074661;-0.08417944610118866;-0.058978836983442307;-0.07479328662157059;-0.07655000686645508;-0.07586854696273804;-0.0564546138048172;-0.06741555780172348;-0.06757629662752151;-0.06576045602560043;0.998302698135376;0.9960490465164185
1772029322.1666667;0.6536433100700378;0.5884137153625488;0.5390496253967285;0.5132973790168762;0.4932331442832947;0.5621882081031799;0.5245740413665771;0.5075015425682068;0.49913614988327026;0.5998538136482239;0.5620201230049133;0.5406586527824402;0.5299227833747864;0.6327857375144958;0.6046606302261353;0.5797601342201233;0.5611134767532349;0.6596012115478516;0.6416016221046448;0.6229442954063416;0.6059229373931885;0.13492664694786072;0.13836419582366943;0.1772923767566681;0.23729419708251953;0.2875082194805145;0.2192469835281372;0.3039454221725464;0.34545424580574036;0.36430999636650085;0.2472996860742569;0.34348973631858826;0.38464975357055664;0.3956547975540161;0.2649846076965332;0.35713303089141846;0.3925909399986267;0.4018888473510742;0.2700093984603882;0.34379878640174866;0.36726248264312744;0.3701440989971161;3.593291637571383e-07;-0.008852669969201088;-0.01870918832719326;-0.023682203143835068;-0.028543690219521523;-0.052723478525877;-0.06828127056360245;-0.06686054170131683;-0.06090794503688812;-0.0506177619099617;-0.06901625543832779;-0.0639568641781807;-0.05496835708618164;-0.04612799733877182;-0.05925539508461952;-0.05416156351566315;-0.04623071849346161;-0.0405452735722065;-0.047001585364341736;-0.04204556345939636;-0.03457299619913101;0.28484004735946655;0.3456990420818329;0.38303983211517334;0.39940038323402405;0.41690337657928467;0.3492715656757355;0.3764324486255646;0.3907665014266968;0.4016737937927246;0.3054884076118469;0.3269561529159546;0.34370559453964233;0.3578772246837616;0.27017372846603394;0.2859182059764862;0.3064775764942169;0.32641756534576416;0.24415268003940582;0.25368809700012207;0.2678331434726715;0.2851127088069916;0.09245799481868744;0.11863605678081512;0.17524953186511993;0.24178241193294525;0.2935585081577301;0.18577969074249268;0.2850453853607178;0.3396557569503784;0.37651193141937256;0.20006966590881348;0.30938875675201416;0.36648669838905334;0.399472177028656;0.20898856222629547;0.3097476363182068;0.36140257120132446;0.39066004753112793;0.21152156591415405;0.28865253925323486;0.32818904519081116;0.35146695375442505;3.2803708904793893e-07;-0.014757675118744373;-0.029209043830633163;-0.0381544828414917;-0.04678989201784134;-0.06341557949781418;-0.083391472697258;-0.08743954449892044;-0.087070994079113;-0.06339579075574875;-0.08376801013946533;-0.08598960191011429;-0.08561135828495026;-0.06113714352250099;-0.07682652771472931;-0.07844658941030502;-0.07761471718549728;-0.058257974684238434;-0.06883235275745392;-0.06856517493724823;-0.06642310321331024;0.9980961084365845;0.9970411658287048
1772029322.2;0.6527717113494873;0.5880656838417053;0.5387278199195862;0.5128324031829834;0.491710364818573;0.5606045126914978;0.5238299369812012;0.5062400102615356;0.4971071183681488;0.5982558727264404;0.5619676113128662;0.5403611063957214;0.52845698595047;0.6313014626502991;0.6045419573783875;0.5797067284584045;0.5600749254226685;0.6586276292800903;0.6427719593048096;0.6251072287559509;0.6081619262695312;0.13495394587516785;0.13963425159454346;0.17839103937149048;0.239010289311409;0.28829213976860046;0.21992310881614685;0.30480170249938965;0.34599223732948303;0.36382752656936646;0.24781562387943268;0.34461018443107605;0.38540083169937134;0.3954020142555237;0.2651066780090332;0.35808420181274414;0.39349162578582764;0.40192437171936035;0.2693384885787964;0.34232354164123535;0.36550891399383545;0.36861875653266907;3.5861847891283105e-07;-0.008944964967668056;-0.019202949479222298;-0.024542132392525673;-0.029890935868024826;-0.05350346863269806;-0.069647878408432;-0.06873301416635513;-0.06316397339105606;-0.051507674157619476;-0.07011278718709946;-0.06545156985521317;-0.05691324174404144;-0.0470631867647171;-0.060294702649116516;-0.05545301362872124;-0.047945261001586914;-0.041514210402965546;-0.048503633588552475;-0.04396485909819603;-0.03682341054081917;0.2844333350658417;0.3454381227493286;0.38344913721084595;0.39997678995132446;0.4174914062023163;0.34984874725341797;0.37620508670806885;0.38976114988327026;0.3997774124145508;0.30604055523872375;0.3271844983100891;0.3435405194759369;0.3572641611099243;0.2705373167991638;0.2863765060901642;0.3064219653606415;0.3259234130382538;0.24415907263755798;0.2529517114162445;0.2667582929134369;0.28392910957336426;0.09221307933330536;0.11874019354581833;0.17551541328430176;0.24231931567192078;0.2946903705596924;0.18513749539852142;0.28429001569747925;0.33973148465156555;0.37731465697288513;0.19949306547641754;0.3086410164833069;0.3662533462047577;0.3998086452484131;0.20868465304374695;0.3101111948490143;0.36206483840942383;0.3917228579521179;0.21130618453025818;0.288344144821167;0.3281101584434509;0.3520730137825012;3.2386958537244936e-07;-0.015170671045780182;-0.029690543189644814;-0.03880568966269493;-0.04760151356458664;-0.06272856891155243;-0.08336441963911057;-0.08839166164398193;-0.08880087733268738;-0.06282372772693634;-0.08367395401000977;-0.0866212472319603;-0.08682604134082794;-0.06087121367454529;-0.07669557631015778;-0.07839017361402512;-0.07775527983903885;-0.05846554785966873;-0.06939685344696045;-0.06945434957742691;-0.06759211421012878;0.9975774884223938;0.9965347051620483
1772029322.2333333;0.6520671248435974;0.587619960308075;0.5381032824516296;0.512266993522644;0.49111029505729675;0.5604203939437866;0.5239946842193604;0.5066679120063782;0.49776598811149597;0.5981371402740479;0.5615916848182678;0.5400275588035583;0.5282436609268188;0.6311401724815369;0.6043751835823059;0.5793660283088684;0.5596644878387451;0.6585133671760559;0.6421401500701904;0.6243885159492493;0.6076676249504089;0.1364172101020813;0.14134946465492249;0.1797938495874405;0.23993158340454102;0.2890452742576599;0.21875472366809845;0.30420538783073425;0.3457449972629547;0.3640051782131195;0.24684281647205353;0.34353867173194885;0.3854706287384033;0.3965458869934082;0.26479777693748474;0.3574830889701843;0.3931835889816284;0.40184032917022705;0.2700687050819397;0.3437666893005371;0.3657046854496002;0.366970956325531;3.5613032878245576e-07;-0.009409948252141476;-0.020153528079390526;-0.025834647938609123;-0.031535837799310684;-0.05535518750548363;-0.07219840586185455;-0.071679025888443;-0.06634443253278732;-0.053383998572826385;-0.07278399169445038;-0.0684768408536911;-0.060277581214904785;-0.048934049904346466;-0.06304802745580673;-0.05859072133898735;-0.05129960924386978;-0.04336266964673996;-0.05096716433763504;-0.046545449644327164;-0.03950262814760208;0.2851102352142334;0.3451222777366638;0.38311225175857544;0.40012067556381226;0.4170408844947815;0.3493158519268036;0.37621748447418213;0.3903524875640869;0.4008057117462158;0.3056532144546509;0.3276470899581909;0.344333678483963;0.35799849033355713;0.2702457308769226;0.2865699231624603;0.3072578012943268;0.32693034410476685;0.24435091018676758;0.254594087600708;0.2688239812850952;0.285853773355484;0.09362547099590302;0.12027612328529358;0.17716975510120392;0.2424962967634201;0.29412251710891724;0.18488940596580505;0.284589946269989;0.3398016393184662;0.377011775970459;0.19885453581809998;0.3096046447753906;0.36683928966522217;0.39941081404685974;0.20840972661972046;0.31151431798934937;0.36277490854263306;0.3908376693725586;0.2117317169904709;0.29119810461997986;0.3308659791946411;0.35341233015060425;3.310102840714535e-07;-0.015215975232422352;-0.02999715879559517;-0.03922835364937782;-0.04812127351760864;-0.0645458772778511;-0.08516471832990646;-0.08956777304410934;-0.08934778720140457;-0.06444523483514786;-0.0855989009141922;-0.08790368586778641;-0.08741927146911621;-0.06211867555975914;-0.07818587869405746;-0.07916703820228577;-0.07770288735628128;-0.059274159371852875;-0.06987786293029785;-0.06913939863443375;-0.06657548993825912;0.997631847858429;0.9970234036445618
1772029322.2666667;0.6511306166648865;0.586463212966919;0.5378137826919556;0.5121864080429077;0.49186667799949646;0.5604724287986755;0.5243456959724426;0.506351113319397;0.49718546867370605;0.5980496406555176;0.5622047781944275;0.5400047302246094;0.5285219550132751;0.6310685276985168;0.6047559976577759;0.5792606472969055;0.5595373511314392;0.6585229635238647;0.64338219165802;0.62486732006073;0.6071875095367432;0.13645891845226288;0.14089888334274292;0.17951606214046478;0.2391035258769989;0.289172500371933;0.22004935145378113;0.3046115040779114;0.3463744819164276;0.3641442060470581;0.24824295938014984;0.344816118478775;0.3860994577407837;0.39467018842697144;0.2655811309814453;0.35831519961357117;0.3935815691947937;0.40011531114578247;0.26979735493659973;0.3440300524234772;0.3676735758781433;0.3696584701538086;3.639591454884794e-07;-0.009655778296291828;-0.02065754495561123;-0.02650441788136959;-0.032328587025403976;-0.057754017412662506;-0.07545939087867737;-0.0746668204665184;-0.06863798201084137;-0.05554183945059776;-0.07549827545881271;-0.06992858648300171;-0.060215242207050323;-0.050812769681215286;-0.06552460044622421;-0.05981557071208954;-0.05095004290342331;-0.044950708746910095;-0.05309147387742996;-0.04844751954078674;-0.040662653744220734;0.28463029861450195;0.34483444690704346;0.38304924964904785;0.40014711022377014;0.416967511177063;0.3484462797641754;0.3766537010669708;0.3902827203273773;0.40022677183151245;0.3053165674209595;0.32806459069252014;0.3445989489555359;0.3581026792526245;0.2702408730983734;0.28694581985473633;0.30735865235328674;0.3266824185848236;0.24423499405384064;0.2540033459663391;0.2679489552974701;0.2849512994289398;0.09145690500736237;0.11796525865793228;0.17588263750076294;0.24273179471492767;0.2952161729335785;0.18460199236869812;0.2842729389667511;0.3394683003425598;0.3770257234573364;0.19882170855998993;0.30950620770454407;0.3667953610420227;0.39991140365600586;0.2080121636390686;0.3108161687850952;0.3620876967906952;0.39037325978279114;0.21077093482017517;0.2892637550830841;0.3287566304206848;0.3518439829349518;3.20545098020375e-07;-0.015041904523968697;-0.029479805380105972;-0.038383737206459045;-0.0469994843006134;-0.06390584260225296;-0.08456490188837051;-0.08940454572439194;-0.08959099650382996;-0.0638136938214302;-0.08419580012559891;-0.0864507257938385;-0.08623677492141724;-0.061584047973155975;-0.07688149809837341;-0.07807484269142151;-0.07711008191108704;-0.0588853657245636;-0.06928914040327072;-0.0689452588558197;-0.06682927906513214;0.9976630210876465;0.996606171131134
1772029322.3;0.6517868041992188;0.587648868560791;0.5388699173927307;0.512665331363678;0.4919070899486542;0.5603815913200378;0.5236266851425171;0.5066000819206238;0.49814924597740173;0.5981432199478149;0.5611348152160645;0.5401090979576111;0.5291968584060669;0.631562352180481;0.603820264339447;0.5791729092597961;0.5602041482925415;0.6592916250228882;0.6420143842697144;0.6240400671958923;0.607383668422699;0.1382969617843628;0.14207935333251953;0.18013417720794678;0.2395883947610855;0.2885653078556061;0.22170495986938477;0.3052281141281128;0.34661078453063965;0.3651367425918579;0.2500022053718567;0.34532225131988525;0.38588449358940125;0.3958994448184967;0.2677334249019623;0.3600063621997833;0.3942800760269165;0.40167415142059326;0.2724918723106384;0.34558114409446716;0.367071270942688;0.3681488633155823;3.6233373634786403e-07;-0.00894464273005724;-0.019438039511442184;-0.024879181757569313;-0.030401088297367096;-0.05465387925505638;-0.0707446038722992;-0.06971465796232224;-0.0639917328953743;-0.05256390571594238;-0.071169912815094;-0.06595324724912643;-0.05692695081233978;-0.04791652411222458;-0.06111033633351326;-0.055351465940475464;-0.04704391583800316;-0.04215700924396515;-0.04890698939561844;-0.04352683573961258;-0.03564145043492317;0.28465932607650757;0.34465762972831726;0.3827421963214874;0.39984622597694397;0.4167458415031433;0.3492400646209717;0.37609684467315674;0.38964077830314636;0.399690717458725;0.3058620095252991;0.3283647894859314;0.34465283155441284;0.35786664485931396;0.2704868018627167;0.28736448287963867;0.30739063024520874;0.32652896642684937;0.24426808953285217;0.2533849775791168;0.2669089436531067;0.2836287021636963;0.0914943516254425;0.11906817555427551;0.17648443579673767;0.24290405213832855;0.2953604459762573;0.18493106961250305;0.28505221009254456;0.3401287794113159;0.37760666012763977;0.19906702637672424;0.3089275658130646;0.3659203350543976;0.39898422360420227;0.20812243223190308;0.3109748363494873;0.36210525035858154;0.39054614305496216;0.21082904934883118;0.2888534963130951;0.3282695710659027;0.35154324769973755;3.146294034195307e-07;-0.014742638915777206;-0.029145848006010056;-0.03818673640489578;-0.04695305973291397;-0.06287884712219238;-0.08320194482803345;-0.08782368153333664;-0.08797915279865265;-0.06295992434024811;-0.08299257606267929;-0.08525233715772629;-0.08521314710378647;-0.06091300770640373;-0.07633955031633377;-0.07772920280694962;-0.07702498137950897;-0.05835677683353424;-0.06919587403535843;-0.06923152506351471;-0.06743185222148895;0.9979493021965027;0.9962852001190186
1772029322.3333333;0.6517557501792908;0.5878410339355469;0.5388426780700684;0.5126112699508667;0.49235671758651733;0.5608958005905151;0.5240153670310974;0.5070449709892273;0.49877214431762695;0.5992488265037537;0.56170254945755;0.5403160452842712;0.5293522477149963;0.632747232913971;0.6046457886695862;0.5794243812561035;0.5601574182510376;0.6601594686508179;0.6418384909629822;0.6230666637420654;0.6059333086013794;0.1376255452632904;0.14096705615520477;0.1792851686477661;0.23882102966308594;0.2888670265674591;0.21888355910778046;0.3051663339138031;0.3466905951499939;0.36479514837265015;0.24667909741401672;0.3444472551345825;0.3858029246330261;0.39614415168762207;0.26467886567115784;0.3588886559009552;0.3937855362892151;0.401904821395874;0.27033907175064087;0.34549838304519653;0.3664241433143616;0.36632776260375977;3.618583832576405e-07;-0.009255942888557911;-0.01994495280086994;-0.025535715743899345;-0.03119445964694023;-0.0553707480430603;-0.07180403918027878;-0.0710422471165657;-0.06538860499858856;-0.053267281502485275;-0.07231870293617249;-0.06746076047420502;-0.05868465080857277;-0.0486379973590374;-0.062270816415548325;-0.05699378252029419;-0.04899463802576065;-0.04288213700056076;-0.04973454028367996;-0.0443449467420578;-0.03656630218029022;0.28502610325813293;0.34527504444122314;0.38314467668533325;0.39966973662376404;0.4161984324455261;0.34903720021247864;0.3762696385383606;0.38986945152282715;0.39981260895729065;0.30554455518722534;0.3285027742385864;0.34486404061317444;0.3580327332019806;0.27006906270980835;0.28739482164382935;0.3075415790081024;0.32669204473495483;0.24367418885231018;0.2540847957134247;0.268160879611969;0.28504592180252075;0.09103496372699738;0.11884204298257828;0.17690357565879822;0.24294769763946533;0.29519590735435486;0.18505693972110748;0.2846981883049011;0.33991432189941406;0.3774348497390747;0.1990555077791214;0.30901646614074707;0.3660043478012085;0.39887022972106934;0.20821435749530792;0.3107476830482483;0.36210834980010986;0.3905581831932068;0.21098825335502625;0.2899452745914459;0.3291299343109131;0.35146328806877136;3.137076873827027e-07;-0.014338650740683079;-0.028519347310066223;-0.03736519441008568;-0.045975491404533386;-0.06323181092739105;-0.0838395282626152;-0.08857385069131851;-0.08865717798471451;-0.06344946473836899;-0.08413378894329071;-0.08642742782831192;-0.08608172088861465;-0.0614527128636837;-0.07728000730276108;-0.07843192666769028;-0.07721506059169769;-0.05888136476278305;-0.06946256011724472;-0.06884930282831192;-0.06642109155654907;0.9982374310493469;0.9964884519577026
1772029322.3666666;0.6526312828063965;0.5884883403778076;0.5386990904808044;0.5122859477996826;0.49122554063796997;0.5612506866455078;0.5243602991104126;0.5072988867759705;0.49887046217918396;0.5993631482124329;0.5622926354408264;0.540421187877655;0.5287042856216431;0.6325135827064514;0.6049673557281494;0.5796647667884827;0.5600240230560303;0.6596922874450684;0.6424042582511902;0.6236320734024048;0.6060517430305481;0.13768893480300903;0.14035248756408691;0.1786470115184784;0.2386493980884552;0.288117378950119;0.2196546047925949;0.30521583557128906;0.3466574549674988;0.36465591192245483;0.24805785715579987;0.34526121616363525;0.38560420274734497;0.39561429619789124;0.2659691274166107;0.3593032956123352;0.39412009716033936;0.40254563093185425;0.27109161019325256;0.3451088070869446;0.3668856918811798;0.3679780066013336;3.585693661989353e-07;-0.009088246151804924;-0.019411414861679077;-0.024691352620720863;-0.030024854466319084;-0.054456956684589386;-0.07053415477275848;-0.06950399279594421;-0.06379544734954834;-0.05236579850316048;-0.07110345363616943;-0.06633349508047104;-0.05767831206321716;-0.047765377908945084;-0.06104695796966553;-0.056078292429447174;-0.048433978110551834;-0.04205102473497391;-0.04883194342255592;-0.044007737189531326;-0.0367298498749733;0.2852955460548401;0.34523266553878784;0.3832012712955475;0.4001127779483795;0.41714492440223694;0.3492666482925415;0.37668073177337646;0.3900308310985565;0.39980536699295044;0.3057374656200409;0.32851168513298035;0.3444361686706543;0.35724860429763794;0.2701619565486908;0.2873237729072571;0.3073028028011322;0.32640016078948975;0.24342718720436096;0.2529125511646271;0.26668909192085266;0.2836833596229553;0.09175826609134674;0.11953967809677124;0.17643189430236816;0.24206392467021942;0.294012188911438;0.18576020002365112;0.28569257259368896;0.34070518612861633;0.3776318430900574;0.19956445693969727;0.30997925996780396;0.3665737211704254;0.39909136295318604;0.20831775665283203;0.31108415126800537;0.3620786666870117;0.39035654067993164;0.210447758436203;0.2887711822986603;0.3275359869003296;0.34974372386932373;3.093948919286049e-07;-0.014083961956202984;-0.028185619041323662;-0.037077125161886215;-0.045648373663425446;-0.0620512031018734;-0.08216948062181473;-0.08643204718828201;-0.08621004223823547;-0.06244739145040512;-0.08266299217939377;-0.08467089384794235;-0.08413153141736984;-0.060706399381160736;-0.07637293636798859;-0.07752174884080887;-0.07634560763835907;-0.058377236127853394;-0.06914860010147095;-0.06870798766613007;-0.06638153642416;0.9982916712760925;0.9965134859085083
1772029322.4;0.6535401940345764;0.5888878703117371;0.5405233502388;0.5133939385414124;0.49268701672554016;0.5621887445449829;0.5240059494972229;0.507116973400116;0.4991454780101776;0.5995369553565979;0.5613996386528015;0.5399593710899353;0.5288209915161133;0.6326186060905457;0.6050727963447571;0.579796552658081;0.5600423216819763;0.6596898436546326;0.6424332857131958;0.6239041686058044;0.6063289642333984;0.13777443766593933;0.1387694776058197;0.17666234076023102;0.23642024397850037;0.2858916223049164;0.2197169065475464;0.3050362467765808;0.3465237617492676;0.3644641041755676;0.249188631772995;0.34465181827545166;0.38424503803253174;0.3936845064163208;0.26738792657852173;0.35906872153282166;0.39314165711402893;0.40079694986343384;0.27214911580085754;0.34471258521080017;0.36722296476364136;0.3691314458847046;3.535699590884178e-07;-0.007920177653431892;-0.017291218042373657;-0.02209268882870674;-0.026961766183376312;-0.05113217979669571;-0.06661205738782883;-0.06540948152542114;-0.0596051886677742;-0.049346648156642914;-0.06713484227657318;-0.06203514337539673;-0.05312039703130722;-0.04517824202775955;-0.05749931186437607;-0.05215353146195412;-0.04429881274700165;-0.03988110274076462;-0.04566191881895065;-0.04040098190307617;-0.03284389525651932;0.2846234440803528;0.3446587324142456;0.3827016353607178;0.40008872747421265;0.4164162576198578;0.3483438193798065;0.37600839138031006;0.38970184326171875;0.39935433864593506;0.3054831624031067;0.32783186435699463;0.34452664852142334;0.3582899868488312;0.27113059163093567;0.28711238503456116;0.307165265083313;0.3268229365348816;0.24587619304656982;0.25491756200790405;0.2685728967189789;0.2860163152217865;0.0895812064409256;0.11723725497722626;0.17524993419647217;0.2417716085910797;0.2949110269546509;0.18652766942977905;0.2850130796432495;0.3395492434501648;0.3769952952861786;0.2009660005569458;0.3097805380821228;0.3665776252746582;0.4004964232444763;0.2098933607339859;0.31114083528518677;0.3618261516094208;0.39045315980911255;0.21193820238113403;0.29038769006729126;0.3286985158920288;0.35016220808029175;2.984191951327375e-07;-0.014117364771664143;-0.02719034254550934;-0.03543858602643013;-0.04325137659907341;-0.05657710134983063;-0.07634223252534866;-0.08145403116941452;-0.08187798410654068;-0.05689752474427223;-0.07669347524642944;-0.07970282435417175;-0.0797596424818039;-0.055532943457365036;-0.07109633833169937;-0.07312215119600296;-0.07230599969625473;-0.05371313914656639;-0.06424440443515778;-0.06407374888658524;-0.061829470098018646;0.9980753660202026;0.9965627193450928
1772029322.4333334;0.6523715257644653;0.5882285237312317;0.5405035614967346;0.5139656662940979;0.49423348903656006;0.5626553893089294;0.5240613222122192;0.506827712059021;0.49839869141578674;0.6000389456748962;0.5617857575416565;0.5399280786514282;0.5285115242004395;0.6328995227813721;0.6051366329193115;0.5797065496444702;0.5597785711288452;0.6598250865936279;0.6431221961975098;0.6241271495819092;0.6059257388114929;0.13865768909454346;0.139556884765625;0.1764204502105713;0.23537781834602356;0.2856053113937378;0.2189759463071823;0.3044905662536621;0.34557434916496277;0.362770676612854;0.24824896454811096;0.3446752429008484;0.3847042918205261;0.3943512737751007;0.26635169982910156;0.35910817980766296;0.3933551609516144;0.4011729657649994;0.27098265290260315;0.3448801636695862;0.3680247664451599;0.3700440526008606;3.604651510613621e-07;-0.00866561010479927;-0.018597008660435677;-0.023852922022342682;-0.029070314019918442;-0.0530695803463459;-0.06950867176055908;-0.06860706210136414;-0.06284577399492264;-0.05122515931725502;-0.07038876414299011;-0.06554482132196426;-0.05654469504952431;-0.04698914662003517;-0.060343317687511444;-0.054650209844112396;-0.04623391106724739;-0.04169977828860283;-0.04841505363583565;-0.043257247656583786;-0.035502154380083084;0.2859307825565338;0.34559929370880127;0.3831371068954468;0.4003857970237732;0.4173550605773926;0.349669486284256;0.377011775970459;0.39043745398521423;0.39986005425453186;0.3065584897994995;0.3284074664115906;0.3445742726325989;0.35789674520492554;0.27147266268730164;0.2872670888900757;0.307277649641037;0.3267933130264282;0.24512901902198792;0.2540258765220642;0.2675855755805969;0.2846670150756836;0.08985953032970428;0.11800622940063477;0.17583264410495758;0.2422642707824707;0.29496851563453674;0.18767991662025452;0.2862589955329895;0.34085920453071594;0.377910315990448;0.2019800990819931;0.3111204206943512;0.36722299456596375;0.3996536135673523;0.21070699393749237;0.31214821338653564;0.36211997270584106;0.3892180323600769;0.21220968663692474;0.2916043996810913;0.3297576904296875;0.3505178689956665;2.998972092882468e-07;-0.014041731134057045;-0.027489254251122475;-0.035920385271310806;-0.0438963808119297;-0.05882059782743454;-0.07860872894525528;-0.08318985998630524;-0.0831112191081047;-0.05893659219145775;-0.07875584065914154;-0.08069485425949097;-0.07988787442445755;-0.057169511914253235;-0.07250189036130905;-0.0732397511601448;-0.07141641527414322;-0.054948266595602036;-0.06486769765615463;-0.06376580893993378;-0.060796625912189484;0.9982361793518066;0.9965972304344177
1772029322.4666667;0.6531243920326233;0.5888859033584595;0.541187584400177;0.5146401524543762;0.4943978786468506;0.562063992023468;0.5239198803901672;0.5070216655731201;0.49905699491500854;0.5996717810630798;0.5615229606628418;0.5398868322372437;0.5287653803825378;0.6330641508102417;0.6048990488052368;0.579526960849762;0.5599579811096191;0.6604834198951721;0.6440353989601135;0.6253944039344788;0.6077163219451904;0.1369270235300064;0.13960672914981842;0.17819705605506897;0.23684199154376984;0.28645917773246765;0.2194581925868988;0.30531972646713257;0.3463355600833893;0.36375266313552856;0.24780510365962982;0.3446390926837921;0.38484859466552734;0.39457938075065613;0.26550617814064026;0.3592623770236969;0.39362162351608276;0.40093958377838135;0.2700082063674927;0.3450332283973694;0.36780112981796265;0.36910390853881836;3.638393764049397e-07;-0.00825799722224474;-0.018321482464671135;-0.023682184517383575;-0.029085809364914894;-0.053214553743600845;-0.06927138566970825;-0.0681370198726654;-0.06226808950304985;-0.051592543721199036;-0.07044170796871185;-0.06549806892871857;-0.056483034044504166;-0.04747164249420166;-0.06054673716425896;-0.05488777160644531;-0.04658104106783867;-0.04220513999462128;-0.048805058002471924;-0.043527569621801376;-0.035678789019584656;0.2845054268836975;0.34525066614151;0.38329511880874634;0.40065285563468933;0.41847214102745056;0.34953510761260986;0.3766685724258423;0.38990503549575806;0.3993678689002991;0.30622392892837524;0.3284943699836731;0.34483233094215393;0.35812681913375854;0.27066388726234436;0.287859171628952;0.30793485045433044;0.3271031975746155;0.24372074007987976;0.2535715103149414;0.26728516817092896;0.2840309143066406;0.08957651257514954;0.1180010512471199;0.1758413165807724;0.24299024045467377;0.2953210771083832;0.18765917420387268;0.28647714853286743;0.3406584560871124;0.3774319589138031;0.2020311951637268;0.311652272939682;0.3670962452888489;0.3990324139595032;0.21080784499645233;0.313697874546051;0.36289992928504944;0.389700710773468;0.21201495826244354;0.2912924289703369;0.3290306329727173;0.3501696288585663;2.842854769369296e-07;-0.013686812482774258;-0.027199573814868927;-0.03566374257206917;-0.04379507154226303;-0.059457939118146896;-0.07897459715604782;-0.08318357914686203;-0.08296430855989456;-0.059727221727371216;-0.07913439720869064;-0.08068356662988663;-0.07977697998285294;-0.05796942114830017;-0.07284337282180786;-0.0730598047375679;-0.07114940136671066;-0.05572017654776573;-0.0655689537525177;-0.06429816037416458;-0.061301473528146744;0.9984526634216309;0.9965271949768066
1772029322.5;0.6531639099121094;0.5888888835906982;0.5407379269599915;0.5144438147544861;0.4934098720550537;0.5629212260246277;0.5252678990364075;0.5083413124084473;0.49975594878196716;0.6005651354789734;0.5622326731681824;0.5402902960777283;0.5284769535064697;0.633374035358429;0.6051437854766846;0.5796670913696289;0.5601070523262024;0.6598507761955261;0.6427981853485107;0.6240565776824951;0.606642484664917;0.13629823923110962;0.137614905834198;0.17642945051193237;0.23633114993572235;0.28533512353897095;0.21723701059818268;0.3046037554740906;0.34625107049942017;0.36535322666168213;0.24647009372711182;0.34404364228248596;0.384573757648468;0.39592429995536804;0.26472562551498413;0.35886022448539734;0.39276641607284546;0.4007461667060852;0.26994624733924866;0.34423062205314636;0.3658769130706787;0.366996169090271;3.5604628578767006e-07;-0.008522054180502892;-0.018364422023296356;-0.02343754656612873;-0.02864868938922882;-0.05224898084998131;-0.06745167076587677;-0.0663253515958786;-0.060952238738536835;-0.050445444881916046;-0.06782840192317963;-0.06326887011528015;-0.055337682366371155;-0.04618331789970398;-0.0580548495054245;-0.05320434644818306;-0.04628298431634903;-0.04086359590291977;-0.04706607758998871;-0.042493630200624466;-0.03573784977197647;0.2850850820541382;0.34597811102867126;0.38355615735054016;0.4005800783634186;0.4180079698562622;0.34978654980659485;0.3769069015979767;0.3900221288204193;0.3993002772331238;0.30644819140434265;0.3285214304924011;0.34506934881210327;0.3587869703769684;0.27103695273399353;0.2878144681453705;0.3076075315475464;0.3268742263317108;0.24452731013298035;0.2542126476764679;0.2675432562828064;0.2840060293674469;0.08713078498840332;0.11582126468420029;0.17550204694271088;0.24335119128227234;0.2959834933280945;0.18756860494613647;0.2868175506591797;0.340980589389801;0.3778136372566223;0.20146828889846802;0.3113064169883728;0.36676132678985596;0.3988421559333801;0.20975986123085022;0.3135630488395691;0.3631068468093872;0.39051371812820435;0.21058836579322815;0.2905474305152893;0.32875633239746094;0.3504408597946167;2.9072560892018373e-07;-0.013091196306049824;-0.026105623692274094;-0.03420213609933853;-0.042016055434942245;-0.058282654732465744;-0.07770886272192001;-0.08213816583156586;-0.08204753696918488;-0.058874282985925674;-0.07841494679450989;-0.08033100515604019;-0.0795876756310463;-0.057412173599004745;-0.07235239446163177;-0.07271946966648102;-0.07085742801427841;-0.055387090891599655;-0.0651426613330841;-0.0636928454041481;-0.06054537743330002;0.998561441898346;0.996127724647522
1772029322.5333333;0.6524043083190918;0.5875567197799683;0.539084255695343;0.5138101577758789;0.4937029182910919;0.561764657497406;0.5242409110069275;0.5072813630104065;0.4990476667881012;0.5997199416160583;0.5616763830184937;0.5402256846427917;0.5289720296859741;0.6328050494194031;0.6050830483436584;0.5803310871124268;0.560936689376831;0.6597869992256165;0.6439144611358643;0.6263348460197449;0.6094224452972412;0.13702243566513062;0.13992637395858765;0.17719653248786926;0.23687744140625;0.2867467403411865;0.2187117636203766;0.30575329065322876;0.34817612171173096;0.3667018413543701;0.24752803146839142;0.3448004424571991;0.3853413164615631;0.3947816491127014;0.26545339822769165;0.3591957688331604;0.3934013247489929;0.4005371928215027;0.26981961727142334;0.3438207805156708;0.3661898374557495;0.3677520155906677;3.6301952377471025e-07;-0.008116972632706165;-0.01806039549410343;-0.023168768733739853;-0.028250087052583694;-0.053364306688308716;-0.0692402794957161;-0.06783264130353928;-0.06179315596818924;-0.051579590886831284;-0.07033467292785645;-0.0652906745672226;-0.0561964325606823;-0.04722200706601143;-0.06020033359527588;-0.0545833557844162;-0.046329766511917114;-0.04168255254626274;-0.0479869619011879;-0.04267524555325508;-0.0348779559135437;0.28552597761154175;0.34668824076652527;0.3841897249221802;0.40071117877960205;0.4178231358528137;0.3503510057926178;0.37619662284851074;0.3896258473396301;0.3995543122291565;0.30680352449417114;0.32730886340141296;0.34379151463508606;0.35772037506103516;0.27142781019210815;0.28691187500953674;0.3069407343864441;0.32674601674079895;0.24531814455986023;0.2547675371170044;0.26871025562286377;0.2859320640563965;0.08788108825683594;0.11641126871109009;0.17518767714500427;0.24292497336864471;0.2959246039390564;0.18712829053401947;0.2853262722492218;0.3395233750343323;0.3766692280769348;0.2017451673746109;0.31065845489501953;0.36665165424346924;0.39944371581077576;0.2113332450389862;0.3142048418521881;0.3631356656551361;0.3895798921585083;0.21392503380775452;0.2940157949924469;0.3317282795906067;0.35217416286468506;2.814382469296106e-07;-0.013939110562205315;-0.027128223329782486;-0.035396210849285126;-0.043250780552625656;-0.0583638921380043;-0.07747673243284225;-0.08152753859758377;-0.08126389980316162;-0.0585511177778244;-0.07766541838645935;-0.07949607819318771;-0.0789467915892601;-0.05680641159415245;-0.07152780145406723;-0.07199212908744812;-0.07028856873512268;-0.0546751394867897;-0.06453631073236465;-0.06352029740810394;-0.06072184443473816;0.9980595111846924;0.9962416291236877
1772029322.5666666;0.652776837348938;0.5877954363822937;0.5390135645866394;0.5137197375297546;0.49422982335090637;0.5609391331672668;0.5241459608078003;0.506792426109314;0.49816909432411194;0.5995340943336487;0.562328040599823;0.5403776168823242;0.5290974378585815;0.6333297491073608;0.6057472825050354;0.5800076723098755;0.5604740381240845;0.6608561277389526;0.6426935791969299;0.6234366297721863;0.6059319376945496;0.1366541087627411;0.1396501511335373;0.1774868667125702;0.23642566800117493;0.28720521926879883;0.21871280670166016;0.3052188456058502;0.346915602684021;0.36528435349464417;0.2468165159225464;0.34470468759536743;0.38576722145080566;0.3955337405204773;0.2647421360015869;0.3591659963130951;0.3934881389141083;0.40077710151672363;0.26957467198371887;0.3450188636779785;0.3663672208786011;0.36613065004348755;3.707760072302335e-07;-0.008671662770211697;-0.019142556935548782;-0.024425363168120384;-0.029693258926272392;-0.05703077092766762;-0.07358565181493759;-0.07196947932243347;-0.06550175696611404;-0.05497171729803085;-0.07472432404756546;-0.06882861256599426;-0.05884039029479027;-0.05021028220653534;-0.06443163007497787;-0.057974956929683685;-0.048579342663288116;-0.0442047193646431;-0.05124346539378166;-0.04526403173804283;-0.03659173846244812;0.2856085002422333;0.3472033739089966;0.38417962193489075;0.3998676538467407;0.41773757338523865;0.34948277473449707;0.37514540553092957;0.38913872838020325;0.3996666371822357;0.3056526184082031;0.3256055414676666;0.34283503890037537;0.35755062103271484;0.2704436480998993;0.2852892279624939;0.30628007650375366;0.32691580057144165;0.24476364254951477;0.25391942262649536;0.2684859037399292;0.2862973213195801;0.08535759150981903;0.11347223073244095;0.17418929934501648;0.24337664246559143;0.29637110233306885;0.18627142906188965;0.28475695848464966;0.33912256360054016;0.3765525817871094;0.20063161849975586;0.3092951774597168;0.36602169275283813;0.4000663161277771;0.21001286804676056;0.3123459815979004;0.3625878095626831;0.39061400294303894;0.212876558303833;0.29261350631713867;0.3308793902397156;0.3521307706832886;2.833037342497846e-07;-0.014277300797402859;-0.02710486575961113;-0.03498511388897896;-0.042525261640548706;-0.05762729048728943;-0.07664582133293152;-0.08096787333488464;-0.08097332715988159;-0.057787228375673294;-0.07695996016263962;-0.07957147806882858;-0.07962530106306076;-0.056079354137182236;-0.07108277827501297;-0.07271496951580048;-0.0718393549323082;-0.05396130308508873;-0.06411796808242798;-0.06372766941785812;-0.06143079698085785;0.9982702136039734;0.9965770840644836
1772029322.6;0.6514869928359985;0.5866100788116455;0.5375663638114929;0.5127021670341492;0.4923034906387329;0.5604289770126343;0.5244374871253967;0.5073441863059998;0.49858546257019043;0.5986393690109253;0.5624421238899231;0.5411149859428406;0.5293546915054321;0.6319280862808228;0.6050799489021301;0.580041766166687;0.5605233907699585;0.6593455076217651;0.6431896090507507;0.6249926686286926;0.6080973744392395;0.13757434487342834;0.14205217361450195;0.17941205203533173;0.23888008296489716;0.2886226177215576;0.21805264055728912;0.3032713234424591;0.3452985882759094;0.3649609386920929;0.24551863968372345;0.34305185079574585;0.3849709928035736;0.39636513590812683;0.26335597038269043;0.3573908507823944;0.39246082305908203;0.4004543721675873;0.2685357928276062;0.34327900409698486;0.36428213119506836;0.36431679129600525;3.567035093965387e-07;-0.009221108630299568;-0.02052980847656727;-0.02676311880350113;-0.0333307608962059;-0.05726281926035881;-0.07395768910646439;-0.0734434649348259;-0.06832138448953629;-0.055625349283218384;-0.074924997985363;-0.07094379514455795;-0.06337335705757141;-0.051251839846372604;-0.06498310714960098;-0.06075518950819969;-0.05408001318573952;-0.045700009912252426;-0.05305802822113037;-0.04858221486210823;-0.041827492415905;0.281782865524292;0.3455427885055542;0.3829357624053955;0.3989167809486389;0.41741645336151123;0.345820814371109;0.3744347393512726;0.38865888118743896;0.3987916111946106;0.3014492392539978;0.3252549469470978;0.3432430624961853;0.3573355972766876;0.26603201031684875;0.28418996930122375;0.3066674768924713;0.3269437253475189;0.2402949333190918;0.2534661293029785;0.2695555090904236;0.2871847152709961;0.08308051526546478;0.11024660617113113;0.17394375801086426;0.2451898455619812;0.29776978492736816;0.18575307726860046;0.286014199256897;0.338891863822937;0.3748543858528137;0.20007693767547607;0.31238505244255066;0.3671412169933319;0.3988409638404846;0.20925533771514893;0.314239501953125;0.36177951097488403;0.3872757852077484;0.21240054070949554;0.2934344410896301;0.33111506700515747;0.3517623543739319;2.585749712125107e-07;-0.01376888994127512;-0.025813719257712364;-0.03277556970715523;-0.03915775194764137;-0.056281693279743195;-0.07358808815479279;-0.07564892619848251;-0.07388974726200104;-0.056114085018634796;-0.07405903935432434;-0.07466105371713638;-0.07283961772918701;-0.05406118556857109;-0.06812974810600281;-0.06812940537929535;-0.06573218107223511;-0.0515250563621521;-0.06052554398775101;-0.05894272401928902;-0.0555797703564167;0.9977115392684937;0.9974197149276733
1772029322.6333334;0.6519532203674316;0.5872523188591003;0.5378996729850769;0.5128949880599976;0.49325352907180786;0.560594916343689;0.5242434740066528;0.506804347038269;0.4980943202972412;0.5987215042114258;0.5619432330131531;0.5402719378471375;0.5289580225944519;0.6319191455841064;0.6051564812660217;0.5798318386077881;0.560049295425415;0.6590739488601685;0.6430410742759705;0.6244738698005676;0.606802761554718;0.13745303452014923;0.1402217149734497;0.17787981033325195;0.23720978200435638;0.2878783047199249;0.21749426424503326;0.304505854845047;0.3470197319984436;0.36568355560302734;0.24566149711608887;0.34370672702789307;0.3854755163192749;0.39543142914772034;0.2638382315635681;0.35775473713874817;0.39301151037216187;0.40030980110168457;0.2693910300731659;0.3436560034751892;0.3669341802597046;0.3694608211517334;3.679025155634008e-07;-0.010274061933159828;-0.021849898621439934;-0.028193393722176552;-0.0347401425242424;-0.0581975020468235;-0.07611609250307083;-0.07627244293689728;-0.07119058072566986;-0.056059516966342926;-0.07575366646051407;-0.07177162170410156;-0.06386218965053558;-0.05141259357333183;-0.06542614102363586;-0.06119298189878464;-0.05421828478574753;-0.04570373520255089;-0.053683698177337646;-0.04984268918633461;-0.043254364281892776;0.2726562023162842;0.337846040725708;0.37851589918136597;0.39517074823379517;0.4134391248226166;0.3337489068508148;0.3633836507797241;0.3823290169239044;0.395196795463562;0.28931233286857605;0.3203568756580353;0.34462815523147583;0.362993061542511;0.25551337003707886;0.28004443645477295;0.308292031288147;0.33247750997543335;0.23242661356925964;0.2552705407142639;0.2774190902709961;0.29839393496513367;0.08039039373397827;0.10490185767412186;0.17148244380950928;0.24532164633274078;0.30150628089904785;0.18184280395507812;0.2933540940284729;0.341107577085495;0.36331111192703247;0.19536952674388885;0.31709158420562744;0.3663671016693115;0.3876456022262573;0.20698700845241547;0.3206966519355774;0.3659673035144806;0.38552671670913696;0.21350441873073578;0.3024810254573822;0.34017297625541687;0.35700446367263794;1.5116312113150343e-07;-0.015333208255469799;-0.02901509962975979;-0.036619506776332855;-0.042529888451099396;-0.0628138929605484;-0.08136863261461258;-0.08127478510141373;-0.07597687095403671;-0.06080734357237816;-0.08063734322786331;-0.07830815017223358;-0.07268127799034119;-0.05673397332429886;-0.07129868865013123;-0.06742718070745468;-0.06110614165663719;-0.05226578190922737;-0.061362408101558685;-0.05764280632138252;-0.05181447044014931;0.9977847933769226;0.997717559337616
1772029322.6666667;0.6507754325866699;0.5858413577079773;0.5372453927993774;0.5122400522232056;0.49314582347869873;0.5604477524757385;0.5234570503234863;0.5058150887489319;0.4975166320800781;0.5988917350769043;0.5617567896842957;0.5394873023033142;0.5286427736282349;0.6322377920150757;0.6047645211219788;0.5790678262710571;0.5598317384719849;0.6590679287910461;0.6416980028152466;0.6221497058868408;0.6044688820838928;0.13867038488388062;0.14315669238567352;0.18111082911491394;0.23872028291225433;0.28920790553092957;0.217174232006073;0.30590394139289856;0.34801769256591797;0.36481544375419617;0.24480903148651123;0.3440249562263489;0.38538169860839844;0.3934088945388794;0.2632253170013428;0.357888400554657;0.3929700255393982;0.39909422397613525;0.2694406807422638;0.3452416956424713;0.3682865798473358;0.3692934215068817;3.7534721286647255e-07;-0.010367177426815033;-0.0225087758153677;-0.029335051774978638;-0.03608521446585655;-0.061221104115247726;-0.08034678548574448;-0.07989367842674255;-0.07357315719127655;-0.05883413553237915;-0.08002933859825134;-0.07438823580741882;-0.06434418261051178;-0.0538981631398201;-0.06934481114149094;-0.06321857124567032;-0.05379234626889229;-0.0478496216237545;-0.05624028295278549;-0.05111677199602127;-0.04285699501633644;0.26050299406051636;0.3285556137561798;0.3688077926635742;0.38448086380958557;0.40087243914604187;0.3161153793334961;0.34906065464019775;0.36996185779571533;0.38448596000671387;0.27178579568862915;0.30865874886512756;0.339168906211853;0.3609073758125305;0.23991277813911438;0.27537769079208374;0.30769285559654236;0.3316400945186615;0.2197856903076172;0.24962036311626434;0.2778545916080475;0.3010282516479492;0.07723192870616913;0.1053118109703064;0.17431756854057312;0.2510784864425659;0.31099334359169006;0.18455597758293152;0.29901939630508423;0.3455922603607178;0.3661670386791229;0.1992308795452118;0.32365426421165466;0.3643907308578491;0.3789190649986267;0.2125498354434967;0.32655566930770874;0.3629785180091858;0.3760005831718445;0.22117838263511658;0.310289204120636;0.34514957666397095;0.3606349229812622;5.972574257384622e-08;-0.01818978786468506;-0.033326976001262665;-0.04134300723671913;-0.04676780849695206;-0.0692204162478447;-0.08397980034351349;-0.07795596867799759;-0.06852228939533234;-0.06445159018039703;-0.0805525928735733;-0.07030370086431503;-0.058644331991672516;-0.0573393851518631;-0.0669584646821022;-0.05343523621559143;-0.0406898558139801;-0.05065000429749489;-0.05580749362707138;-0.04729827493429184;-0.0379309207201004;0.9980291724205017;0.9980356097221375
1772029322.7;0.6512927412986755;0.5860862135887146;0.5373385548591614;0.5122416615486145;0.492713063955307;0.5605056881904602;0.523267924785614;0.5054755210876465;0.497419536113739;0.5989380478858948;0.5617071390151978;0.5392903089523315;0.5290783047676086;0.6320671439170837;0.6048403382301331;0.578656792640686;0.559237539768219;0.6590525507926941;0.6421216130256653;0.622501790523529;0.6044967174530029;0.13974659144878387;0.1426306813955307;0.18052522838115692;0.23863881826400757;0.28917086124420166;0.216506689786911;0.3052470088005066;0.347806841135025;0.36419177055358887;0.24460646510124207;0.34485143423080444;0.3869574964046478;0.3938558101654053;0.2631557881832123;0.3585466742515564;0.39431267976760864;0.3997616767883301;0.2692042291164398;0.34549301862716675;0.3696231544017792;0.3710278868675232;3.778789618991141e-07;-0.010118873789906502;-0.022053932771086693;-0.02845895290374756;-0.034715160727500916;-0.06367450952529907;-0.08317670226097107;-0.08186618238687515;-0.07457859069108963;-0.06110749766230583;-0.08299051970243454;-0.0761570930480957;-0.06470416486263275;-0.05584248527884483;-0.07198338210582733;-0.06499121338129044;-0.0543413981795311;-0.04934262856841087;-0.05833442881703377;-0.05311640352010727;-0.044269055128097534;0.24524959921836853;0.31587812304496765;0.3551790416240692;0.3679350018501282;0.3804384469985962;0.29396945238113403;0.32755550742149353;0.3510528802871704;0.364991694688797;0.24730166792869568;0.28582823276519775;0.32138893008232117;0.3455025553703308;0.21689963340759277;0.2554664611816406;0.290544718503952;0.3139665424823761;0.20032960176467896;0.2325996458530426;0.26393982768058777;0.28761082887649536;0.07885907590389252;0.11173926293849945;0.18682485818862915;0.26842570304870605;0.3318297863006592;0.19429640471935272;0.31816133856773376;0.362783282995224;0.37983378767967224;0.20695216953754425;0.33880624175071716;0.3775979280471802;0.38834261894226074;0.21851488947868347;0.3383088707923889;0.3700917959213257;0.3768573999404907;0.22691257297992706;0.31525808572769165;0.3469291925430298;0.357351154088974;1.909124769383652e-08;-0.02488599717617035;-0.04142133146524429;-0.048978280276060104;-0.052997488528490067;-0.07782644778490067;-0.08908845484256744;-0.07805659621953964;-0.06568160653114319;-0.06907805800437927;-0.08265817910432816;-0.06864680349826813;-0.05480220168828964;-0.05797997862100601;-0.0665578544139862;-0.05119821056723595;-0.03772366791963577;-0.04775316268205643;-0.054344840347766876;-0.04678482189774513;-0.03821892291307449;0.9982908368110657;0.9983564019203186
1772029322.7333333;0.6512301564216614;0.5861765146255493;0.5375498533248901;0.5124477744102478;0.4921490252017975;0.5594469308853149;0.5238440036773682;0.5061801075935364;0.497557133436203;0.5977938771247864;0.5612985491752625;0.5393210649490356;0.5292032361030579;0.63157057762146;0.6047922968864441;0.5791597962379456;0.5601312518119812;0.6590765714645386;0.6423254609107971;0.6232705116271973;0.6059615015983582;0.13833776116371155;0.14133010804653168;0.17937177419662476;0.23772643506526947;0.2879406213760376;0.21633929014205933;0.3037073612213135;0.34654176235198975;0.36474543809890747;0.24507617950439453;0.3435297906398773;0.38561996817588806;0.39332738518714905;0.2635290324687958;0.35800155997276306;0.393484503030777;0.3991098999977112;0.26930123567581177;0.3445681631565094;0.3667316138744354;0.36638179421424866;3.693675409977004e-07;-0.009399335831403732;-0.021093890070915222;-0.027483178302645683;-0.03405425325036049;-0.06180059164762497;-0.08102568238973618;-0.0806320384144783;-0.07425890117883682;-0.059627264738082886;-0.08053324371576309;-0.07411133497953415;-0.0633862167596817;-0.054758984595537186;-0.07056760042905807;-0.06416109204292297;-0.05421162769198418;-0.04852905869483948;-0.056848227977752686;-0.05113895237445831;-0.04224246367812157;0.231306254863739;0.3005099296569824;0.33563363552093506;0.3448069095611572;0.35558176040649414;0.2660699486732483;0.29732921719551086;0.32129278779029846;0.33643701672554016;0.21818256378173828;0.25229325890541077;0.2880445718765259;0.312690794467926;0.18858227133750916;0.22378671169281006;0.26001256704330444;0.2819523811340332;0.17310096323490143;0.203341543674469;0.2352205514907837;0.2560241222381592;0.08437924087047577;0.12463939934968948;0.20844696462154388;0.296209454536438;0.3623834252357483;0.21369148790836334;0.3445262312889099;0.3915852904319763;0.40992075204849243;0.2228154093027115;0.3627854585647583;0.39982590079307556;0.4054022431373596;0.22929224371910095;0.3536951541900635;0.38332104682922363;0.38562673330307007;0.2329847514629364;0.32424917817115784;0.3507516384124756;0.354938268661499;6.6012506572121765e-09;-0.031327035278081894;-0.04899493232369423;-0.05550488829612732;-0.058283474296331406;-0.08595430850982666;-0.09624407440423965;-0.08477667719125748;-0.07268980145454407;-0.07224678993225098;-0.08592677861452103;-0.07149393856525421;-0.0577252097427845;-0.056103698909282684;-0.06516504287719727;-0.05032452195882797;-0.03750189021229744;-0.04103998839855194;-0.04766804352402687;-0.04061996191740036;-0.033066339790821075;0.9984406232833862;0.9974327683448792
1772029322.7666667;0.6507326364517212;0.5853543281555176;0.5372896194458008;0.5118263959884644;0.4917885959148407;0.559460461139679;0.5236421823501587;0.5065751075744629;0.49813687801361084;0.5975056290626526;0.5616293549537659;0.5402703881263733;0.5292403697967529;0.6313173770904541;0.6042481064796448;0.578995406627655;0.5599265098571777;0.6591682434082031;0.6413879990577698;0.622059166431427;0.6047222018241882;0.13836175203323364;0.14194577932357788;0.17978224158287048;0.23838496208190918;0.2887497842311859;0.21837186813354492;0.30193328857421875;0.343864381313324;0.3636248707771301;0.2466810792684555;0.34328779578208923;0.38478463888168335;0.39560598134994507;0.2650371491909027;0.3581889271736145;0.3923546075820923;0.3991308808326721;0.27074554562568665;0.3457191586494446;0.36735332012176514;0.36740779876708984;3.652601776593656e-07;-0.010305582545697689;-0.022136177867650986;-0.028757091611623764;-0.03568551689386368;-0.05898038670420647;-0.07667752355337143;-0.07665622979402542;-0.07153710722923279;-0.05678888410329819;-0.07613599300384521;-0.07130592316389084;-0.0630044937133789;-0.0520789697766304;-0.06636937707662582;-0.06136718764901161;-0.053723618388175964;-0.04627245292067528;-0.053904663771390915;-0.04910803213715553;-0.04187284782528877;0.20794790983200073;0.27977317571640015;0.3153200149536133;0.3210347592830658;0.3251159191131592;0.2375282347202301;0.2636089324951172;0.28664085268974304;0.30359864234924316;0.18573522567749023;0.21561838686466217;0.24898016452789307;0.2728729546070099;0.1533205211162567;0.18665394186973572;0.22191090881824493;0.24549123644828796;0.13438589870929718;0.16189000010490417;0.1934460550546646;0.21637599170207977;0.09193746745586395;0.14527159929275513;0.23690944910049438;0.3304028809070587;0.4029378890991211;0.24377159774303436;0.3789727985858917;0.42869800329208374;0.44710639119148254;0.24675996601581573;0.3901151716709137;0.4295985996723175;0.43420082330703735;0.2468864917755127;0.37384963035583496;0.40807121992111206;0.4102626442909241;0.24569760262966156;0.33411329984664917;0.36599498987197876;0.374460905790329;-4.2360802865459846e-08;-0.03450535237789154;-0.052811399102211;-0.05894551798701286;-0.060433462262153625;-0.086347296833992;-0.09291670471429825;-0.07832760363817215;-0.06490805000066757;-0.06984542310237885;-0.07778017967939377;-0.06033951789140701;-0.04607594758272171;-0.05108056217432022;-0.0556095615029335;-0.03910849615931511;-0.026903372257947922;-0.03381471708416939;-0.039369452744722366;-0.03292804956436157;-0.026347395032644272;0.9975950121879578;0.9989229440689087
1772029322.8;0.6503695845603943;0.5848186016082764;0.5378009676933289;0.5117738246917725;0.49226173758506775;0.5598242878913879;0.5239876508712769;0.5068010687828064;0.4985415041446686;0.5971678495407104;0.5622021555900574;0.5409087538719177;0.5294473171234131;0.6305224895477295;0.6045026779174805;0.5799006819725037;0.5604609251022339;0.6579938530921936;0.643172025680542;0.6254554390907288;0.6083179712295532;0.13742125034332275;0.13978156447410583;0.1772785484790802;0.2355436533689499;0.2870050370693207;0.2203550636768341;0.305223673582077;0.347022145986557;0.36470502614974976;0.24905987083911896;0.34537214040756226;0.3857935070991516;0.39462417364120483;0.2667499780654907;0.3584606647491455;0.3936613202095032;0.4014451503753662;0.27098971605300903;0.3430459201335907;0.36671510338783264;0.36927253007888794;3.682904434754164e-07;-0.009909399785101414;-0.020487163215875626;-0.026037931442260742;-0.031470753252506256;-0.05514352396130562;-0.07184784859418869;-0.07080154865980148;-0.06486033648252487;-0.0525740422308445;-0.07166603952646255;-0.06628847122192383;-0.05699911713600159;-0.04773429408669472;-0.06164124980568886;-0.05665983259677887;-0.04866201430559158;-0.04184899851679802;-0.04961053654551506;-0.045594099909067154;-0.038543589413166046;0.1908930540084839;0.2651051878929138;0.2969692647457123;0.29612046480178833;0.29334428906440735;0.2027011215686798;0.22945964336395264;0.25889724493026733;0.280343234539032;0.1519489288330078;0.1816716194152832;0.21899916231632233;0.24700210988521576;0.12440933287143707;0.15788643062114716;0.19660496711730957;0.22557362914085388;0.11256543546915054;0.14397506415843964;0.17770664393901825;0.2040596902370453;0.11087915301322937;0.169155552983284;0.2721446454524994;0.3735959529876709;0.44885939359664917;0.2772384285926819;0.4200226664543152;0.47061586380004883;0.4904535710811615;0.2791604995727539;0.4307183623313904;0.46963125467300415;0.4725296199321747;0.27941662073135376;0.41409289836883545;0.4514535069465637;0.456760972738266;0.2796059846878052;0.3722832202911377;0.4077680706977844;0.42115384340286255;-9.951452284440165e-08;-0.03914575278759003;-0.05834171921014786;-0.06466327607631683;-0.06656664609909058;-0.08692039549350739;-0.09902634471654892;-0.09164466708898544;-0.08275879919528961;-0.06780894845724106;-0.07891154289245605;-0.06501664221286774;-0.05279945209622383;-0.04752796143293381;-0.055340465158224106;-0.04208170622587204;-0.0315648689866066;-0.029075633734464645;-0.03798067197203636;-0.03486377373337746;-0.0302745308727026;0.9981339573860168;0.9976480603218079
1772029322.8333333;0.651966392993927;0.5861353278160095;0.5382722020149231;0.511733889579773;0.4923548996448517;0.5593918561935425;0.523383378982544;0.5063677430152893;0.4979742765426636;0.5970737338066101;0.5616230368614197;0.5406767129898071;0.5298057198524475;0.6308997869491577;0.6044882535934448;0.5799018740653992;0.5606836080551147;0.6588775515556335;0.6435554623603821;0.6256888508796692;0.6084519624710083;0.13640807569026947;0.13923919200897217;0.17836342751979828;0.23734816908836365;0.2885762155056;0.21963226795196533;0.304713636636734;0.34688353538513184;0.3656473457813263;0.24828673899173737;0.34398719668388367;0.3850475549697876;0.3948858976364136;0.2661425471305847;0.3580194115638733;0.3932344913482666;0.4011766016483307;0.27068018913269043;0.34311994910240173;0.36670488119125366;0.36931753158569336;3.608915051245276e-07;-0.009341797791421413;-0.01949172094464302;-0.02469490095973015;-0.029933592304587364;-0.05491373687982559;-0.07170169800519943;-0.07102008908987045;-0.0653991624712944;-0.05266329273581505;-0.07211916893720627;-0.06730804592370987;-0.05836940184235573;-0.04803090542554855;-0.06219480559229851;-0.05732389912009239;-0.049353789538145065;-0.0422835536301136;-0.05021132156252861;-0.04607207328081131;-0.03888050466775894;0.18827968835830688;0.2578639090061188;0.28589537739753723;0.28410208225250244;0.28103598952293396;0.18192747235298157;0.20916233956813812;0.23842817544937134;0.2604652941226959;0.12987492978572845;0.15920329093933105;0.19838687777519226;0.23045185208320618;0.1031184196472168;0.13727901875972748;0.1776423156261444;0.20861433446407318;0.09369883686304092;0.1313767433166504;0.1661386936903;0.1920916885137558;0.14909976720809937;0.2208705097436905;0.3253583312034607;0.42248842120170593;0.4968889355659485;0.32879921793937683;0.4720361828804016;0.5207257866859436;0.5387498736381531;0.3269857168197632;0.4790719151496887;0.5224941968917847;0.5269002318382263;0.32326892018318176;0.4603176712989807;0.4993540048599243;0.5049481391906738;0.3192012310028076;0.4135390520095825;0.4463784992694855;0.4575384557247162;-1.3966527490083536e-07;-0.04042961448431015;-0.061028171330690384;-0.06854891777038574;-0.0714314877986908;-0.08654703944921494;-0.09863302111625671;-0.0920507162809372;-0.08376798778772354;-0.06620626151561737;-0.07791756838560104;-0.065938800573349;-0.055307358503341675;-0.044615551829338074;-0.053572338074445724;-0.04244958609342575;-0.033364441245794296;-0.024668583646416664;-0.03494027256965637;-0.03273904696106911;-0.02857659012079239;0.9980379939079285;0.9963062405586243
1772029322.8666666;0.6521967649459839;0.586500346660614;0.5380190014839172;0.511577308177948;0.49224987626075745;0.5604961514472961;0.5238699913024902;0.5069142580032349;0.4983211159706116;0.5981405973434448;0.562332272529602;0.5411772131919861;0.5295531749725342;0.6315809488296509;0.6049248576164246;0.5800763964653015;0.5604429244995117;0.6589799523353577;0.6439403891563416;0.6259588599205017;0.608514130115509;0.13647019863128662;0.13965070247650146;0.17823559045791626;0.23734211921691895;0.2883588373661041;0.21862810850143433;0.3023732602596283;0.3441726565361023;0.36347705125808716;0.24761810898780823;0.3439510464668274;0.3843728303909302;0.39474260807037354;0.2660049498081207;0.3588472902774811;0.3929176926612854;0.40068453550338745;0.2706534266471863;0.34325557947158813;0.366146057844162;0.3686281144618988;3.561104620075639e-07;-0.009162901900708675;-0.019361913204193115;-0.02456112578511238;-0.029866443946957588;-0.05457613989710808;-0.07018930464982986;-0.06898541748523712;-0.06347299367189407;-0.05231482908129692;-0.07062537968158722;-0.0658910721540451;-0.057648010551929474;-0.04751939699053764;-0.0602441281080246;-0.05565452575683594;-0.04867281764745712;-0.0416279099881649;-0.048075754195451736;-0.04380713775753975;-0.03724682331085205;0.18859679996967316;0.2578265964984894;0.2809467017650604;0.2765089273452759;0.27819377183914185;0.17204923927783966;0.1937369555234909;0.22349578142166138;0.24811556935310364;0.12001775950193405;0.1477605402469635;0.18846091628074646;0.22014839947223663;0.09380397945642471;0.126811683177948;0.16649030148983002;0.19620929658412933;0.08331762999296188;0.11864696443080902;0.15224307775497437;0.17648570239543915;0.19162757694721222;0.27305689454078674;0.38420936465263367;0.4832693636417389;0.5550115704536438;0.3991760313510895;0.5371595621109009;0.5760499238967896;0.5883004665374756;0.38858142495155334;0.5336787700653076;0.5649031400680542;0.563167154788971;0.3739885985851288;0.49981600046157837;0.525741696357727;0.5229807496070862;0.35934847593307495;0.4448537826538086;0.4711608290672302;0.4774933457374573;-2.5371835477017157e-07;-0.038423750549554825;-0.05583275854587555;-0.06055071949958801;-0.06023319065570831;-0.07805019617080688;-0.08204985409975052;-0.07048676908016205;-0.06020015478134155;-0.05589337646961212;-0.06094319373369217;-0.046737417578697205;-0.03598527982831001;-0.03189336881041527;-0.034389298409223557;-0.022011343389749527;-0.013783907517790794;-0.009647299535572529;-0.015130160376429558;-0.012287267483770847;-0.008681739680469036;0.9978476166725159;0.9966193437576294
1772029322.9;0.6519067287445068;0.5859937071800232;0.5375693440437317;0.5121524333953857;0.49222442507743835;0.5600122213363647;0.5240795612335205;0.5065670013427734;0.497562050819397;0.5974732041358948;0.5619861483573914;0.5404039621353149;0.5288088917732239;0.6306105852127075;0.6043778657913208;0.5795082449913025;0.5600005388259888;0.6582518815994263;0.6439719796180725;0.6261512041091919;0.6089261174201965;0.13852384686470032;0.14172431826591492;0.17880594730377197;0.23773539066314697;0.28868770599365234;0.21980376541614532;0.30503135919570923;0.34711867570877075;0.3661097288131714;0.24864035844802856;0.3456905484199524;0.38651594519615173;0.39611369371414185;0.2668137550354004;0.35957592725753784;0.39386191964149475;0.40098071098327637;0.27116161584854126;0.344047874212265;0.36661773920059204;0.36852073669433594;3.69992335436109e-07;-0.010190618224442005;-0.021107111126184464;-0.0266328863799572;-0.03208089619874954;-0.057770825922489166;-0.07409582287073135;-0.07224220037460327;-0.0658348873257637;-0.054924704134464264;-0.07403422147035599;-0.06803358346223831;-0.05826864019036293;-0.04950447753071785;-0.06292092800140381;-0.05663752555847168;-0.047824323177337646;-0.04307001456618309;-0.050086695700883865;-0.04496876522898674;-0.037144795060157776;0.1913670003414154;0.26135480403900146;0.28120455145835876;0.2774260640144348;0.28191903233528137;0.16835565865039825;0.18799851834774017;0.21619363129138947;0.23898160457611084;0.11778992414474487;0.13777540624141693;0.17690715193748474;0.20673736929893494;0.09261687099933624;0.1179332435131073;0.15430769324302673;0.18066677451133728;0.08229610323905945;0.11137710511684418;0.1421758085489273;0.16404496133327484;0.22888506948947906;0.31784164905548096;0.4344826638698578;0.532913088798523;0.6021496057510376;0.459524929523468;0.5814045667648315;0.6133252382278442;0.6274555921554565;0.44221535325050354;0.5774952173233032;0.5996189117431641;0.5939564108848572;0.41818496584892273;0.528684139251709;0.5482752919197083;0.5441241264343262;0.3947559595108032;0.4735158681869507;0.49422693252563477;0.49664929509162903;-2.905663620822452e-07;-0.03376362472772598;-0.04421193152666092;-0.04315849766135216;-0.0372556708753109;-0.05395668372511864;-0.04847615584731102;-0.03454052284359932;-0.024393785744905472;-0.0323311947286129;-0.02989974245429039;-0.016558703035116196;-0.006540751550346613;-0.009276531636714935;-0.007154637016355991;0.00271379086188972;0.009304456412792206;0.012258300557732582;0.011029176414012909;0.014668172225356102;0.01845661550760269;0.9975664019584656;0.9954135417938232
1772029322.9333334;0.6524717211723328;0.5868557095527649;0.5388996005058289;0.5129819512367249;0.49298104643821716;0.560969352722168;0.5239796042442322;0.5064325332641602;0.49791884422302246;0.5986261963844299;0.5618737936019897;0.5400390028953552;0.5292426943778992;0.6319020390510559;0.6047441959381104;0.5792433619499207;0.5596275329589844;0.6589629650115967;0.6434863209724426;0.6253792643547058;0.6082034111022949;0.1367921531200409;0.1398581713438034;0.17803969979286194;0.2362939864397049;0.28743720054626465;0.21858499944210052;0.30478739738464355;0.347321093082428;0.36561664938926697;0.24741008877754211;0.3448241949081421;0.38654255867004395;0.3955105245113373;0.2655697166919708;0.35876134037971497;0.39342349767684937;0.39997169375419617;0.27053505182266235;0.3440779447555542;0.36662840843200684;0.3671236038208008;3.756776436603104e-07;-0.010043162852525711;-0.02059209905564785;-0.025851886719465256;-0.030890801921486855;-0.057424601167440414;-0.07416315376758575;-0.07217428833246231;-0.06519551575183868;-0.05452977865934372;-0.07421711087226868;-0.06762687861919403;-0.05673646554350853;-0.04921487718820572;-0.0636700838804245;-0.05712057650089264;-0.04723033681511879;-0.04280218854546547;-0.05049839988350868;-0.045241907238960266;-0.036688968539237976;0.1961866170167923;0.2679164409637451;0.2878199815750122;0.28437477350234985;0.28686201572418213;0.17550650238990784;0.19281095266342163;0.21959282457828522;0.2402592897415161;0.12436150759458542;0.13969318568706512;0.17745724320411682;0.2064853012561798;0.0974462479352951;0.12298184633255005;0.15834669768810272;0.18302924931049347;0.08487480133771896;0.11441907286643982;0.1445959210395813;0.16629323363304138;0.25880658626556396;0.3519459068775177;0.47189968824386597;0.5676971077919006;0.6312126517295837;0.511432409286499;0.6197941303253174;0.6459100842475891;0.6528878808021545;0.4901624917984009;0.6126759648323059;0.626090943813324;0.610565721988678;0.4597586393356323;0.5592753887176514;0.5704742670059204;0.5582706332206726;0.43033674359321594;0.5020056962966919;0.5162772536277771;0.5122891664505005;-3.2238409630735987e-07;-0.02516918256878853;-0.029995709657669067;-0.026183169335126877;-0.01830340176820755;-0.030740125104784966;-0.020345715805888176;-0.00735263479873538;0.001478109392337501;-0.012816906906664371;-0.004904402419924736;0.005709323566406965;0.013550519943237305;0.00625268742442131;0.01262061856687069;0.018330063670873642;0.021425027400255203;0.024472028017044067;0.02753027155995369;0.030667956918478012;0.03346522897481918;0.9983872771263123;0.994670569896698
1772029322.9666667;0.6530689001083374;0.5878424644470215;0.5388776063919067;0.5124973654747009;0.4930327236652374;0.5610640645027161;0.5242066979408264;0.5071414709091187;0.49871084094047546;0.5988374948501587;0.5625600218772888;0.541023313999176;0.5295615196228027;0.6323144435882568;0.6062013506889343;0.5807138085365295;0.5606389045715332;0.659513533115387;0.6439574360847473;0.6258056163787842;0.608377993106842;0.13625910878181458;0.14014457166194916;0.17918217182159424;0.23810578882694244;0.2885829210281372;0.21904385089874268;0.30422112345695496;0.3455992341041565;0.3640771508216858;0.24786677956581116;0.3437524437904358;0.38475388288497925;0.3956616520881653;0.2661382257938385;0.35817939043045044;0.39288121461868286;0.40119022130966187;0.2712384760379791;0.3445104956626892;0.3672165274620056;0.36906951665878296;3.564392443422548e-07;-0.008935763500630856;-0.018817054107785225;-0.023749807849526405;-0.02870936505496502;-0.05424879863858223;-0.07053626328706741;-0.0697016492486;-0.06418071687221527;-0.052208106964826584;-0.07135344296693802;-0.0669882670044899;-0.05865991488099098;-0.0477137416601181;-0.061742592602968216;-0.05763784050941467;-0.05047239735722542;-0.042027588933706284;-0.04972770810127258;-0.04585197940468788;-0.03915023058652878;0.20368707180023193;0.2756460905075073;0.29582250118255615;0.2947966158390045;0.29700395464897156;0.18128392100334167;0.2053317129611969;0.2346648871898651;0.2522665858268738;0.13030457496643066;0.14290805160999298;0.18304528295993805;0.2126181721687317;0.10416912287473679;0.12186704576015472;0.15795156359672546;0.18393322825431824;0.09274378418922424;0.1175416111946106;0.14651969075202942;0.1680271327495575;0.28971588611602783;0.3889594078063965;0.5062249302864075;0.5977485775947571;0.6561051607131958;0.5547388792037964;0.6513798236846924;0.662811815738678;0.6583155393600464;0.5253461599349976;0.6373517513275146;0.6495904326438904;0.6340609788894653;0.48548850417137146;0.5801289677619934;0.5940425992012024;0.581547737121582;0.4472930431365967;0.5146305561065674;0.5290899872779846;0.5238983631134033;-3.1334232630797487e-07;-0.021415947005152702;-0.02499649114906788;-0.021328836679458618;-0.014142723754048347;-0.02295072004199028;-0.008717660792171955;0.005642806179821491;0.014599581249058247;-0.007234516087919474;0.0039153434336185455;0.013517482206225395;0.019602227956056595;0.009961657226085663;0.017857611179351807;0.02221371792256832;0.02371281012892723;0.026800697669386864;0.03121231310069561;0.03508005291223526;0.0380072258412838;0.9981256723403931;0.9932989478111267
1772029323.0;0.6523885726928711;0.5866506099700928;0.5386419296264648;0.5130971074104309;0.49289318919181824;0.5608248114585876;0.5243362188339233;0.5067566633224487;0.4983401298522949;0.5990892648696899;0.5624661445617676;0.5403520464897156;0.529282808303833;0.6325713396072388;0.6055910587310791;0.5796923637390137;0.5597847700119019;0.6598055362701416;0.6437232494354248;0.6246216893196106;0.606591522693634;0.13775193691253662;0.1417444944381714;0.17989900708198547;0.23822127282619476;0.28856202960014343;0.2185301035642624;0.3058616816997528;0.3476030230522156;0.3654841184616089;0.24719776213169098;0.34501364827156067;0.3860750198364258;0.39533305168151855;0.26581117510795593;0.3588489294052124;0.39343690872192383;0.4007188081741333;0.27114298939704895;0.34517592191696167;0.3680613040924072;0.3701067864894867;3.7302675082173664e-07;-0.010189639404416084;-0.021941106766462326;-0.02802833542227745;-0.033949773758649826;-0.061674658209085464;-0.0796174630522728;-0.07805584371089935;-0.07132498174905777;-0.05885820835828781;-0.07978831231594086;-0.07347612828016281;-0.0630040243268013;-0.05331115424633026;-0.06837338954210281;-0.06180711090564728;-0.05226452648639679;-0.04660553112626076;-0.05484554544091225;-0.04980333521962166;-0.041696082800626755;0.2090989202260971;0.27952349185943604;0.2991895377635956;0.30195772647857666;0.3076895773410797;0.18716003000736237;0.20975497364997864;0.23808379471302032;0.2544678747653961;0.1366296112537384;0.14352861046791077;0.18206682801246643;0.20945468544960022;0.10988202691078186;0.12317229062318802;0.1576523333787918;0.18163426220417023;0.09778588265180588;0.11844569444656372;0.14656594395637512;0.16774922609329224;0.30626940727233887;0.4062007665634155;0.5212663412094116;0.6087018251419067;0.662841796875;0.5772053003311157;0.6631402969360352;0.6726762652397156;0.6706740260124207;0.5475926399230957;0.6531118750572205;0.6592023372650146;0.6399755477905273;0.5055906772613525;0.5919965505599976;0.6002737879753113;0.5844199061393738;0.46373000741004944;0.5232630968093872;0.5349817276000977;0.5265893936157227;-3.0684890361953876e-07;-0.015960298478603363;-0.01471414789557457;-0.006617031060159206;0.005280628800392151;-0.01229111198335886;0.008829365484416485;0.02763751521706581;0.03913786634802818;0.0031371291261166334;0.01945871114730835;0.03264400735497475;0.041805073618888855;0.020470378920435905;0.03427518531680107;0.04113607481122017;0.04429849982261658;0.037761297076940536;0.049366455525159836;0.05641454830765724;0.06111137568950653;0.9981414675712585;0.9940993785858154
1772029323.0333333;0.6526913642883301;0.5873931646347046;0.5390313863754272;0.5132169127464294;0.4932106137275696;0.5606673955917358;0.5236145853996277;0.5063437819480896;0.49782824516296387;0.5988331437110901;0.5619606375694275;0.5402446389198303;0.5291937589645386;0.6324816346168518;0.6056016683578491;0.5798224806785583;0.5598397850990295;0.6599947810173035;0.6430598497390747;0.6239899396896362;0.6058831214904785;0.1363665759563446;0.1408153772354126;0.17902852594852448;0.23787513375282288;0.28829225897789;0.22015097737312317;0.30539196729660034;0.3461846709251404;0.3642638325691223;0.24851153790950775;0.3453468680381775;0.38529762625694275;0.39446189999580383;0.2665943503379822;0.3591638207435608;0.3932673931121826;0.4010351896286011;0.2715722918510437;0.34538352489471436;0.36754143238067627;0.3693810701370239;3.6918791579410026e-07;-0.008537296205759048;-0.018753642216324806;-0.02365235425531864;-0.028391791507601738;-0.056399304419755936;-0.07203926146030426;-0.06954600661993027;-0.06253954768180847;-0.05403296649456024;-0.07292873412370682;-0.0663280189037323;-0.05586746335029602;-0.04896999150514603;-0.06231279298663139;-0.05569560080766678;-0.04639245942234993;-0.04267360642552376;-0.04908040910959244;-0.04324732720851898;-0.034860678017139435;0.21189256012439728;0.2822219133377075;0.30061519145965576;0.30255627632141113;0.3096456229686737;0.1894359439611435;0.20785558223724365;0.2367183268070221;0.2560478150844574;0.13994935154914856;0.14399340748786926;0.17991068959236145;0.20599262416362762;0.11328712850809097;0.13082639873027802;0.1648639738559723;0.1878139078617096;0.1011708527803421;0.12321837991476059;0.15185928344726562;0.17219537496566772;0.31482893228530884;0.4145611822605133;0.5304457545280457;0.6148651242256165;0.6662060022354126;0.5892893671989441;0.6620099544525146;0.6678766012191772;0.6631857752799988;0.5583439469337463;0.6553740501403809;0.6592063903808594;0.6382929086685181;0.5148754119873047;0.5908885598182678;0.5956330299377441;0.5797948241233826;0.47428402304649353;0.5297382473945618;0.5392560958862305;0.5292972326278687;-3.447447625148925e-07;-0.006541786715388298;0.002416695700958371;0.017149053514003754;0.035534124821424484;0.003990607336163521;0.03351553529500961;0.05779245123267174;0.07321981340646744;0.019005894660949707;0.04235115647315979;0.05912056565284729;0.07102158665657043;0.03643424063920975;0.05573325976729393;0.06267740577459335;0.06612557172775269;0.05484464764595032;0.07212137430906296;0.08038794994354248;0.08556187152862549;0.9981296062469482;0.994038999080658
1772029323.0666666;0.6536381840705872;0.587602972984314;0.538598895072937;0.512984573841095;0.49315959215164185;0.5616030693054199;0.524156391620636;0.5063627362251282;0.4975980520248413;0.5994874835014343;0.562167227268219;0.5396077632904053;0.5281933546066284;0.6328238844871521;0.6057590246200562;0.5796936750411987;0.5597445368766785;0.6602635383605957;0.6425288319587708;0.6232039928436279;0.6051374077796936;0.13610565662384033;0.14031457901000977;0.17769908905029297;0.2365766316652298;0.2874894142150879;0.21956846117973328;0.3050960302352905;0.346064031124115;0.36316144466400146;0.2485271394252777;0.34582650661468506;0.38631269335746765;0.3945556879043579;0.26683399081230164;0.3597510755062103;0.39445996284484863;0.40184953808784485;0.27143770456314087;0.34560829401016235;0.36784061789512634;0.3686562478542328;3.796255896304501e-07;-0.00868532806634903;-0.019005052745342255;-0.02390078641474247;-0.028463080525398254;-0.05808945745229721;-0.07479739189147949;-0.0722135677933693;-0.06467762589454651;-0.05555334687232971;-0.07592318952083588;-0.0688963457942009;-0.05745876953005791;-0.05030186101794243;-0.06517598778009415;-0.0581447035074234;-0.04770557954907417;-0.04374481737613678;-0.0510110929608345;-0.04499173164367676;-0.03586866334080696;0.2125624418258667;0.2836259603500366;0.3008301258087158;0.30112650990486145;0.3076643943786621;0.19058839976787567;0.21709966659545898;0.24918311834335327;0.2673583924770355;0.14290329813957214;0.15613606572151184;0.1917160004377365;0.21494707465171814;0.11570269614458084;0.13755086064338684;0.17205868661403656;0.1940147876739502;0.10157335549592972;0.12392639368772507;0.15367579460144043;0.17363953590393066;0.32152122259140015;0.42404061555862427;0.5397846102714539;0.6245768070220947;0.6724123954772949;0.6029437780380249;0.6644079685211182;0.6564915180206299;0.6437559127807617;0.5710335373878479;0.6573071479797363;0.6552268862724304;0.632174015045166;0.5256499648094177;0.5956178903579712;0.5957660675048828;0.5754899382591248;0.4828118085861206;0.5374199748039246;0.5429639220237732;0.5288861393928528;-4.1141558426716074e-07;-0.0068284207955002785;0.002262707566842437;0.016961656510829926;0.03550476208329201;0.005417505279183388;0.03737220913171768;0.06267154961824417;0.07782060652971268;0.02011331170797348;0.045837439596652985;0.06103772297501564;0.07001382857561111;0.037499867379665375;0.05722663179039955;0.061994828283786774;0.06284117698669434;0.055899400264024734;0.07227461785078049;0.07927268743515015;0.08307831734418869;0.99815833568573;0.9909972548484802
1772029323.1;0.6548675298690796;0.589431643486023;0.5401339530944824;0.5141794085502625;0.49327290058135986;0.5618283748626709;0.5243583917617798;0.5066347718238831;0.49789077043533325;0.5990588665008545;0.562092125415802;0.5396538376808167;0.5279785990715027;0.6322001814842224;0.6047803163528442;0.5789114236831665;0.5590500235557556;0.659978449344635;0.6425201892852783;0.6231626272201538;0.6050729751586914;0.13502690196037292;0.13973239064216614;0.17901736497879028;0.2371560037136078;0.28525108098983765;0.2208532840013504;0.3054799437522888;0.346113920211792;0.3631913363933563;0.24973098933696747;0.3460991084575653;0.3859909772872925;0.3952086567878723;0.2675069570541382;0.36023634672164917;0.39433199167251587;0.40174156427383423;0.2720974385738373;0.3460923135280609;0.3682037591934204;0.3691640794277191;3.6264427194510063e-07;-0.0074112857691943645;-0.016468709334731102;-0.02092849090695381;-0.025285761803388596;-0.05144758149981499;-0.06672637909650803;-0.06499481946229935;-0.05870739370584488;-0.04991345480084419;-0.06796308606863022;-0.06252525001764297;-0.05316659063100815;-0.0458897203207016;-0.05852627754211426;-0.05294294282793999;-0.04462524130940437;-0.040690064430236816;-0.047033559530973434;-0.041864171624183655;-0.034045010805130005;0.21086302399635315;0.28180423378944397;0.2992859184741974;0.3013916015625;0.3064274489879608;0.18889397382736206;0.2234741449356079;0.25654032826423645;0.27156439423561096;0.14403192698955536;0.16617320477962494;0.2020828127861023;0.22250789403915405;0.11829857528209686;0.14151322841644287;0.17741061747074127;0.19896841049194336;0.10423702746629715;0.12692642211914062;0.15772564709186554;0.17807519435882568;0.32795798778533936;0.43192368745803833;0.5430437922477722;0.6243640184402466;0.6688202619552612;0.6058986186981201;0.6575286984443665;0.6357027292251587;0.6165543794631958;0.5731895565986633;0.6530382037162781;0.6431687474250793;0.6162126064300537;0.5274437069892883;0.5983976125717163;0.5967854857444763;0.5746852159500122;0.48487696051597595;0.5433618426322937;0.54997318983078;0.534882128238678;-4.313935448863049e-07;-0.003151041455566883;0.012442726641893387;0.03471261262893677;0.06139541044831276;0.018711648881435394;0.06649795919656754;0.10141526162624359;0.12142162770032883;0.038074977695941925;0.07784555107355118;0.09785759449005127;0.10821270197629929;0.060987722128629684;0.09305335581302643;0.09870120882987976;0.0979790985584259;0.0854702964425087;0.11086880415678024;0.11853786557912827;0.12137816101312637;0.998152494430542;0.9886307120323181
1772029323.1333334;0.6554857492446899;0.5897802710533142;0.5408218502998352;0.5133422017097473;0.49264994263648987;0.5620987415313721;0.5245923399925232;0.5068274736404419;0.49839693307876587;0.599963903427124;0.562737226486206;0.5398736596107483;0.528495192527771;0.6333832144737244;0.6051783561706543;0.5786331295967102;0.5588399171829224;0.6605437397956848;0.641778826713562;0.6216921806335449;0.6035715341567993;0.1351945847272873;0.13937051594257355;0.17865638434886932;0.2366345226764679;0.2866114675998688;0.21968279778957367;0.30519166588783264;0.3457129895687103;0.361983060836792;0.24907168745994568;0.3466830551624298;0.3859960436820984;0.39359667897224426;0.2675870954990387;0.3615325391292572;0.39533519744873047;0.40174752473831177;0.2727670967578888;0.3477788269519806;0.3695983290672302;0.3692965805530548;3.6503942624221963e-07;-0.008282423950731754;-0.018190810456871986;-0.023277178406715393;-0.0281290952116251;-0.05450320988893509;-0.07117406278848648;-0.06989970803260803;-0.06358619779348373;-0.05268770456314087;-0.07279445230960846;-0.06748374551534653;-0.0576949343085289;-0.04836858808994293;-0.0627199187874794;-0.05689524486660957;-0.04778391867876053;-0.04287940636277199;-0.050258610397577286;-0.045061495155096054;-0.036815691739320755;0.21231161057949066;0.2784575819969177;0.2936416268348694;0.29586976766586304;0.30280056595802307;0.18539242446422577;0.22317816317081451;0.2549051344394684;0.26846304535865784;0.14059913158416748;0.16743621230125427;0.20336732268333435;0.22424989938735962;0.11480417102575302;0.1396702229976654;0.17501460015773773;0.19654233753681183;0.10210398584604263;0.1260252594947815;0.1560445874929428;0.17570948600769043;0.33739516139030457;0.4353248178958893;0.544424831867218;0.625352144241333;0.6675170063972473;0.6092756390571594;0.6530759334564209;0.6268366575241089;0.6051463484764099;0.5772152543067932;0.6523224711418152;0.6415197253227234;0.6144567131996155;0.529836893081665;0.6009145975112915;0.6001262068748474;0.5782387256622314;0.4838113784790039;0.5411581993103027;0.5512049198150635;0.5395094156265259;-4.675194134051708e-07;-0.002493416192010045;0.011530723422765732;0.03209437057375908;0.05687238648533821;0.011785874143242836;0.056620579212903976;0.09081807732582092;0.11039489507675171;0.029364628717303276;0.06464505940675735;0.0830485001206398;0.09297440201044083;0.05123871937394142;0.07937803119421005;0.08436596393585205;0.08395615965127945;0.07497259974479675;0.09588902443647385;0.10203284025192261;0.10472819209098816;0.9983752965927124;0.9911375641822815
1772029323.1666667;0.6541215777397156;0.588432252407074;0.5399161577224731;0.5132842063903809;0.49288782477378845;0.5618070363998413;0.5240623950958252;0.506496012210846;0.49818548560142517;0.599586009979248;0.5625172257423401;0.5401927828788757;0.5285179615020752;0.6328389644622803;0.6057479381561279;0.5799534320831299;0.5600650310516357;0.660054087638855;0.6421642303466797;0.6230458617210388;0.6053909659385681;0.13653886318206787;0.1406901329755783;0.1791525036096573;0.2375587522983551;0.287398099899292;0.21971124410629272;0.30525925755500793;0.34576645493507385;0.3622627258300781;0.24879059195518494;0.3465283513069153;0.3866003155708313;0.3957011103630066;0.26734602451324463;0.36076676845550537;0.3948393166065216;0.4021945595741272;0.2724948823451996;0.34702068567276;0.3691437840461731;0.3698779344558716;3.6314187923380814e-07;-0.008054187521338463;-0.018115606158971786;-0.023384205996990204;-0.028508367016911507;-0.054778918623924255;-0.07170956581830978;-0.07069683820009232;-0.06463196128606796;-0.053130388259887695;-0.0732744112610817;-0.06820617616176605;-0.0588526651263237;-0.04893166944384575;-0.06305083632469177;-0.05711573734879494;-0.04822838306427002;-0.043562449514865875;-0.050376392900943756;-0.04483882337808609;-0.03664931282401085;0.20796026289463043;0.2735336720943451;0.28653401136398315;0.28921782970428467;0.2960697114467621;0.1807866394519806;0.2212948352098465;0.2545650005340576;0.2682093381881714;0.13638721406459808;0.17019948363304138;0.2096945345401764;0.2310076653957367;0.11105090379714966;0.13897645473480225;0.17592619359493256;0.19677749276161194;0.09810181707143784;0.12107968330383301;0.151235431432724;0.17058052122592926;0.34083035588264465;0.43664127588272095;0.5422641038894653;0.6200111508369446;0.6623555421829224;0.6091452836990356;0.6493387222290039;0.6247132420539856;0.6030749082565308;0.5769233703613281;0.6459858417510986;0.6317613124847412;0.6019850373268127;0.529557466506958;0.5969882011413574;0.5937495231628418;0.5686903595924377;0.4835336208343506;0.5401994585990906;0.5487648844718933;0.5356513857841492;-5.170575718693726e-07;-0.002725830301642418;0.009645223617553711;0.027939913794398308;0.049902692437171936;0.009199971333146095;0.051519982516765594;0.08383284509181976;0.10211442410945892;0.02514832653105259;0.060193244367837906;0.07832393795251846;0.0873141810297966;0.045335859060287476;0.07301027327775955;0.0791337862610817;0.07889756560325623;0.06707692891359329;0.08753228187561035;0.09458351880311966;0.09774933010339737;0.9980596303939819;0.9909180998802185
1772029323.2;0.6532220244407654;0.5874478220939636;0.5399240255355835;0.5132402181625366;0.4926760792732239;0.5620834827423096;0.5239852070808411;0.5063885450363159;0.4977286458015442;0.5991301536560059;0.5618835687637329;0.5396758317947388;0.5279716849327087;0.632106602191925;0.6047521829605103;0.5791396498680115;0.5595437288284302;0.6593193411827087;0.6424207091331482;0.6234924793243408;0.6058349013328552;0.13741211593151093;0.13991685211658478;0.17767980694770813;0.23670333623886108;0.2862792909145355;0.22226476669311523;0.3055720031261444;0.34551331400871277;0.36293041706085205;0.252061665058136;0.3471801280975342;0.3857155740261078;0.39447706937789917;0.26986417174339294;0.36136117577552795;0.3940736949443817;0.4008089005947113;0.273367315530777;0.34593623876571655;0.3677244484424591;0.36829012632369995;3.612009322750964e-07;-0.007656686939299107;-0.01688981056213379;-0.02145605906844139;-0.025861365720629692;-0.052209556102752686;-0.06721648573875427;-0.06487344205379486;-0.0582122765481472;-0.050373371690511703;-0.06850332021713257;-0.06231416389346123;-0.05226362124085426;-0.046010661870241165;-0.058831386268138885;-0.05235760286450386;-0.04315489903092384;-0.040463559329509735;-0.0464579276740551;-0.04064010828733444;-0.03222952038049698;0.1995534747838974;0.26509279012680054;0.2777613699436188;0.283585786819458;0.29642122983932495;0.1726047396659851;0.21892860531806946;0.25328290462493896;0.2675834596157074;0.12946230173110962;0.16592150926589966;0.20691584050655365;0.22990506887435913;0.10634149610996246;0.13707831501960754;0.17400622367858887;0.19606004655361176;0.09472167491912842;0.12198778241872787;0.15085358917713165;0.17099037766456604;0.34818553924560547;0.43995174765586853;0.5407358407974243;0.6165746450424194;0.6598316431045532;0.6027593016624451;0.6435547471046448;0.6219825148582458;0.6016001105308533;0.5731587409973145;0.6415910720825195;0.628895103931427;0.6005761623382568;0.5296530723571777;0.5934594869613647;0.5914530158042908;0.5672991871833801;0.4872727692127228;0.5394293069839478;0.5460612177848816;0.5337202548980713;-4.468040231131454e-07;-0.010610060766339302;-0.0020797867327928543;0.013309445232152939;0.03196216747164726;0.005553448107093573;0.04529276490211487;0.0740489661693573;0.08982259035110474;0.024153966456651688;0.05889976769685745;0.07415637373924255;0.08033613860607147;0.046000849455595016;0.0738256424665451;0.07752824574708939;0.07465888559818268;0.06845413148403168;0.08836501836776733;0.093956358730793;0.09538405388593674;0.9974170327186584;0.988571286201477
1772029323.2333333;0.6530935764312744;0.5873703360557556;0.5394003987312317;0.5124846696853638;0.49187687039375305;0.5623888373374939;0.5231263637542725;0.5057318210601807;0.4976382553577423;0.5998324751853943;0.5621465444564819;0.5396737456321716;0.5279441475868225;0.6327752470970154;0.6046055555343628;0.5785893201828003;0.5588364005088806;0.6595560908317566;0.642406702041626;0.6230659484863281;0.6050482988357544;0.13738670945167542;0.1402503252029419;0.17880749702453613;0.2373155802488327;0.28638964891433716;0.2214278131723404;0.30605950951576233;0.34629878401756287;0.3635704219341278;0.25067541003227234;0.34772390127182007;0.3866058886051178;0.3951919972896576;0.26856404542922974;0.36207112669944763;0.3943634331226349;0.4009687006473541;0.2725147604942322;0.346611350774765;0.3675112724304199;0.36733919382095337;3.6611567111322074e-07;-0.008059787563979626;-0.017738481983542442;-0.022450393065810204;-0.026998624205589294;-0.055208366364240646;-0.07031314820051193;-0.06746555119752884;-0.06033623591065407;-0.053024303168058395;-0.07115643471479416;-0.06444421410560608;-0.054031915962696075;-0.04814201220870018;-0.060826100409030914;-0.054121918976306915;-0.04487909749150276;-0.04206738620996475;-0.04832581803202629;-0.042701661586761475;-0.03443751111626625;0.1921643167734146;0.2584992051124573;0.2720310091972351;0.2792436182498932;0.29223451018333435;0.16531255841255188;0.20645159482955933;0.2411733865737915;0.2568189203739166;0.12237230688333511;0.1554359793663025;0.1974470019340515;0.22063611447811127;0.09954800456762314;0.12728503346443176;0.1644691526889801;0.18580563366413116;0.08885462582111359;0.11184128373861313;0.1396263837814331;0.15842904150485992;0.3447527289390564;0.4335470199584961;0.5322940945625305;0.6047220230102539;0.6492577791213989;0.5910462737083435;0.6390742659568787;0.6243084669113159;0.6062994003295898;0.5629875659942627;0.6363850831985474;0.6261695623397827;0.5998976230621338;0.5212714076042175;0.5884484052658081;0.5875371098518372;0.5652902126312256;0.4801737368106842;0.5341206192970276;0.5422686338424683;0.5313951373100281;-4.6610304593741603e-07;-0.01067824475467205;-0.004657994024455547;0.007302309852093458;0.02233448624610901;0.0015072685200721025;0.032132599502801895;0.05493677034974098;0.06789880245923996;0.017535019665956497;0.0436195507645607;0.057147346436977386;0.06383863836526871;0.03618036210536957;0.05627819895744324;0.06132844462990761;0.06146891042590141;0.055293064564466476;0.07050110399723053;0.07682385295629501;0.07997109740972519;0.9976127743721008;0.9924505352973938
1772029323.2666667;0.6539716720581055;0.5877590179443359;0.5397936105728149;0.5140290260314941;0.4934002757072449;0.5623905062675476;0.523512065410614;0.5058220028877258;0.4970361590385437;0.6005816459655762;0.563474178314209;0.5401965975761414;0.5272871851921082;0.6337337493896484;0.6060943007469177;0.5792042016983032;0.5582907795906067;0.6603060960769653;0.6421570181846619;0.621947705745697;0.6030735373497009;0.13596144318580627;0.14006231725215912;0.1784813106060028;0.2371232509613037;0.2861781418323517;0.2207372486591339;0.30621641874313354;0.34671151638031006;0.3640578091144562;0.24926413595676422;0.34689778089523315;0.38568413257598877;0.39384374022483826;0.26706770062446594;0.3602783977985382;0.39307305216789246;0.4003622531890869;0.27124732732772827;0.3456154465675354;0.3671388030052185;0.3679007589817047;3.772921388645045e-07;-0.008252399042248726;-0.01836269348859787;-0.02338116616010666;-0.02820100076496601;-0.05635172501206398;-0.07187672704458237;-0.06922361999750137;-0.062169644981622696;-0.05419406294822693;-0.07292454689741135;-0.06636480987071991;-0.05602676793932915;-0.049336615949869156;-0.0623522624373436;-0.05583224818110466;-0.046722300350666046;-0.04330459237098694;-0.04953809827566147;-0.04393024370074272;-0.03576260060071945;0.1865829974412918;0.25020983815193176;0.26509350538253784;0.27252721786499023;0.2819913625717163;0.15839393436908722;0.195546954870224;0.22900494933128357;0.24827158451080322;0.11491931974887848;0.14474445581436157;0.18484747409820557;0.2111990600824356;0.09151843190193176;0.11709091812372208;0.15335598587989807;0.17846699059009552;0.08061829209327698;0.10289105772972107;0.1300351917743683;0.15133288502693176;0.3257331848144531;0.4140404760837555;0.5165715217590332;0.5928018689155579;0.6410519480705261;0.5678430199623108;0.6251357197761536;0.6194140911102295;0.608802855014801;0.5430456399917603;0.6231417059898376;0.6210002899169922;0.6004059910774231;0.5047346353530884;0.5731493830680847;0.5785431265830994;0.5622702836990356;0.46629756689071655;0.5205236077308655;0.5315672755241394;0.5255218148231506;-4.5614874011334905e-07;-0.017290523275732994;-0.016249556094408035;-0.008562808856368065;0.0022083434741944075;-0.009572789072990417;0.01369453128427267;0.0321771539747715;0.04260220378637314;0.007225338369607925;0.026601869612932205;0.03730123117566109;0.04226896911859512;0.025994466617703438;0.04031604155898094;0.044494494795799255;0.044650204479694366;0.044548243284225464;0.05497871711850166;0.05985180661082268;0.06228112429380417;0.9979566931724548;0.9920738935470581
1772029323.3;0.6550405621528625;0.5895965695381165;0.5418586730957031;0.514756977558136;0.49320274591445923;0.5640330910682678;0.5247912406921387;0.5067634582519531;0.4978838562965393;0.6018930673599243;0.5636327862739563;0.5402011871337891;0.5279302000999451;0.6349999308586121;0.6062617897987366;0.5789487957954407;0.5580072402954102;0.6613652110099792;0.6429942846298218;0.6223421096801758;0.6031972765922546;0.13533346354961395;0.1375436782836914;0.17619040608406067;0.2351333051919937;0.2849685251712799;0.21946558356285095;0.30534014105796814;0.34607434272766113;0.36285704374313354;0.24912284314632416;0.34661391377449036;0.38553759455680847;0.39310938119888306;0.26719599962234497;0.36055347323417664;0.393451452255249;0.3997279405593872;0.2716381549835205;0.3457213044166565;0.36741310358047485;0.36764276027679443;3.833030746136501e-07;-0.00987607054412365;-0.020647995173931122;-0.026226531714200974;-0.03157539665699005;-0.056644655764102936;-0.07314811646938324;-0.0715661570429802;-0.06519903242588043;-0.05397189408540726;-0.07319315522909164;-0.06738097220659256;-0.05758768692612648;-0.048884328454732895;-0.06256268173456192;-0.05691249668598175;-0.04837559908628464;-0.04275405406951904;-0.05009745433926582;-0.04555400833487511;-0.038073934614658356;0.18065288662910461;0.2422025352716446;0.25484785437583923;0.260597288608551;0.2691361606121063;0.14299744367599487;0.1773720532655716;0.21228767931461334;0.2355472892522812;0.10001663118600845;0.12569527328014374;0.1677970588207245;0.19644485414028168;0.07869112491607666;0.10402331501245499;0.14037641882896423;0.1655714362859726;0.07073655724525452;0.0958985984325409;0.1246933862566948;0.14609524607658386;0.2978166341781616;0.38646775484085083;0.4912264049053192;0.5699334144592285;0.6223746538162231;0.530707061290741;0.6099901795387268;0.6127721071243286;0.6060270071029663;0.5099656581878662;0.6057828068733215;0.6074053049087524;0.5883034467697144;0.4771186411380768;0.5546061992645264;0.5621883273124695;0.5477622747421265;0.44575992226600647;0.5031569004058838;0.5123053193092346;0.5043392181396484;-4.771001158587751e-07;-0.021914860233664513;-0.0236552432179451;-0.01769203320145607;-0.008377953432500362;-0.021633634343743324;-0.0047440435737371445;0.011203323490917683;0.021296920254826546;-0.0026934000197798014;0.010367105714976788;0.020305894315242767;0.026270480826497078;0.018015393987298012;0.02744336985051632;0.02994859404861927;0.030244169756770134;0.038398172706365585;0.045130159705877304;0.047865625470876694;0.04952722787857056;0.9982596635818481;0.9953319430351257
1772029323.3333333;0.6554413437843323;0.5896448493003845;0.5417122840881348;0.5144258737564087;0.4937793016433716;0.5636911988258362;0.5253068804740906;0.5071011781692505;0.49804508686065674;0.6019289493560791;0.5648398995399475;0.5413736701011658;0.5286300182342529;0.6353737115859985;0.6082009077072144;0.5809899568557739;0.5598210096359253;0.6619817018508911;0.6436251997947693;0.6229966282844543;0.6038082838058472;0.1341264396905899;0.1363062560558319;0.17431356012821198;0.23312890529632568;0.28402164578437805;0.21951456367969513;0.30628061294555664;0.34698885679244995;0.36353859305381775;0.2488424926996231;0.3472590446472168;0.38572198152542114;0.39306730031967163;0.2663501501083374;0.3599730432033539;0.3935374617576599;0.40077918767929077;0.27011266350746155;0.34484392404556274;0.3674435615539551;0.3686322271823883;3.8135021895868704e-07;-0.008636312559247017;-0.018700705841183662;-0.023745156824588776;-0.028487730771303177;-0.055087365210056305;-0.07080487161874771;-0.06836917996406555;-0.061309851706027985;-0.05276189744472504;-0.07141552120447159;-0.0647515282034874;-0.05418022722005844;-0.047957051545381546;-0.06124970689415932;-0.05489901825785637;-0.045703500509262085;-0.042008426040410995;-0.04852614924311638;-0.04311375692486763;-0.0349905900657177;0.18084196746349335;0.23769959807395935;0.247738316655159;0.2497493028640747;0.26012122631073;0.1330372393131256;0.1602684110403061;0.19563157856464386;0.2223525196313858;0.09088657051324844;0.11162783950567245;0.1528315246105194;0.1830957531929016;0.07114516943693161;0.09557589143514633;0.13303029537200928;0.16085770726203918;0.06479167938232422;0.08938033133745193;0.11981137096881866;0.14331480860710144;0.25987207889556885;0.3524706959724426;0.45843926072120667;0.5406177043914795;0.5979008078575134;0.4781414866447449;0.5749704837799072;0.5906065702438354;0.5918322801589966;0.4601130485534668;0.5716878771781921;0.5848749876022339;0.5739232301712036;0.43438801169395447;0.5303887128829956;0.5474304556846619;0.5413785576820374;0.40949440002441406;0.478828489780426;0.49685409665107727;0.4980085492134094;-4.922733864987094e-07;-0.029457133263349533;-0.036158833652734756;-0.032544057816267014;-0.024407364428043365;-0.04139743000268936;-0.0295515526086092;-0.013303265906870365;-0.0018211737042292953;-0.018959907814860344;-0.010422487743198872;0.0021060267463326454;0.010648997500538826;0.005316952709108591;0.012684802524745464;0.019212357699871063;0.022529350593686104;0.028528081253170967;0.033224206417798996;0.036684393882751465;0.03929881006479263;0.9980332255363464;0.9953956604003906
1772029323.3666666;0.6575809121131897;0.590933084487915;0.5424414873123169;0.5168388485908508;0.4953254163265228;0.5656129121780396;0.5267210602760315;0.5083972811698914;0.4987989068031311;0.6035856604576111;0.5655807256698608;0.5414438247680664;0.5278987884521484;0.6362230777740479;0.6076131463050842;0.580294668674469;0.5592135787010193;0.6623907089233398;0.6433233618736267;0.6225358247756958;0.6033551692962646;0.13182906806468964;0.13537141680717468;0.1734638512134552;0.23287934064865112;0.282144159078598;0.21830274164676666;0.3041003346443176;0.3450928330421448;0.3627541661262512;0.24772770702838898;0.34620702266693115;0.3839329481124878;0.39120447635650635;0.26546016335487366;0.3600844740867615;0.3933919668197632;0.40111643075942993;0.26915550231933594;0.3449128270149231;0.36690813302993774;0.36814385652542114;3.8100489518910763e-07;-0.007478724233806133;-0.017001919448375702;-0.02157047763466835;-0.02581140398979187;-0.054155681282281876;-0.06879471242427826;-0.06533156335353851;-0.057762496173381805;-0.05210857838392258;-0.07027821987867355;-0.06300657987594604;-0.05189600586891174;-0.047338325530290604;-0.059984419494867325;-0.05275627598166466;-0.04290930926799774;-0.04132286459207535;-0.04702315479516983;-0.04072876647114754;-0.03190646693110466;0.18442939221858978;0.23798519372940063;0.24967503547668457;0.251274049282074;0.2627216875553131;0.1359737515449524;0.16379161179065704;0.19783902168273926;0.22300967574119568;0.09162895381450653;0.11583267897367477;0.16185012459754944;0.1947091817855835;0.070218026638031;0.09897463768720627;0.14036622643470764;0.16926561295986176;0.06526127457618713;0.09447035193443298;0.1253422051668167;0.14744916558265686;0.20770075917243958;0.29543405771255493;0.40190407633781433;0.4919150173664093;0.5517843961715698;0.409063458442688;0.5236306190490723;0.5504279136657715;0.5587522983551025;0.39843136072158813;0.5294787883758545;0.5441060662269592;0.5327951908111572;0.3827528953552246;0.49534597992897034;0.5096019506454468;0.49971166253089905;0.3655715882778168;0.44258925318717957;0.4591865539550781;0.4595641791820526;-6.039034587956849e-07;-0.03566226363182068;-0.04935479909181595;-0.051575273275375366;-0.049595821648836136;-0.06343524903059006;-0.062416765838861465;-0.05029363930225372;-0.04082168638706207;-0.041073188185691833;-0.045416466891765594;-0.034824617207050323;-0.025713536888360977;-0.016475196927785873;-0.01950928568840027;-0.012159451842308044;-0.006404185201972723;0.00671206833794713;0.002318916842341423;0.0034275620710104704;0.0058844867162406445;0.9981510639190674;0.9937875866889954
1772029323.4;0.6585693955421448;0.5909854173660278;0.5432864427566528;0.5181958675384521;0.495096355676651;0.5660713315010071;0.5283885598182678;0.5096669793128967;0.49960920214653015;0.6038603782653809;0.5666108131408691;0.5424821376800537;0.5285822749137878;0.6365754008293152;0.6083871126174927;0.5811039805412292;0.5596355199813843;0.6633003950119019;0.6451157331466675;0.6243315935134888;0.6046096086502075;0.12770673632621765;0.13295254111289978;0.17319099605083466;0.23342017829418182;0.28019464015960693;0.21837997436523438;0.3025338351726532;0.342801958322525;0.3608982563018799;0.24737335741519928;0.3446316123008728;0.38297227025032043;0.3920959532260895;0.26484254002571106;0.3589450716972351;0.39274609088897705;0.40144670009613037;0.2678006887435913;0.34411802887916565;0.3673709034919739;0.3702602982521057;3.723154122781125e-07;-0.0070212287828326225;-0.016308529302477837;-0.02071141079068184;-0.02483530342578888;-0.053644128143787384;-0.06775663048028946;-0.06390509009361267;-0.05647801235318184;-0.051947738975286484;-0.07028451561927795;-0.06342601031064987;-0.05292345955967903;-0.04743218794465065;-0.06008794531226158;-0.053198643028736115;-0.04392135143280029;-0.04165320470929146;-0.047606129199266434;-0.04182122275233269;-0.033592287451028824;0.18657657504081726;0.24217897653579712;0.257450133562088;0.25986433029174805;0.2728010416030884;0.14243203401565552;0.17414060235023499;0.21031859517097473;0.2370469570159912;0.09912525117397308;0.1334131509065628;0.18053193390369415;0.21222813427448273;0.07968068867921829;0.11775653064250946;0.16182155907154083;0.19096916913986206;0.07803817093372345;0.11244085431098938;0.14760743081569672;0.17171378433704376;0.1544695496559143;0.23632128536701202;0.34326043725013733;0.4366801679134369;0.4985896348953247;0.34320953488349915;0.46477288007736206;0.5001747608184814;0.5191900730133057;0.3391227424144745;0.4788312017917633;0.49801376461982727;0.49328044056892395;0.3315601348876953;0.45508280396461487;0.4709465503692627;0.4649878144264221;0.32274097204208374;0.4070277214050293;0.4244452118873596;0.4264838993549347;-7.000737127782486e-07;-0.0372813381254673;-0.05389809608459473;-0.05893159657716751;-0.060653384774923325;-0.07324407249689102;-0.07918864488601685;-0.07279625535011292;-0.06777083873748779;-0.052862636744976044;-0.0631776675581932;-0.05652425438165665;-0.05148574709892273;-0.030122021213173866;-0.03925345838069916;-0.033720750361680984;-0.02976805903017521;-0.008832852356135845;-0.019731728360056877;-0.021045150235295296;-0.020467808470129967;0.9976102709770203;0.9917156100273132
1772029323.4333334;0.6637139320373535;0.5958345532417297;0.5474138259887695;0.5226953625679016;0.501396119594574;0.5705016851425171;0.5335342884063721;0.5141760110855103;0.503084659576416;0.6086612939834595;0.5694496035575867;0.5436974763870239;0.5283886194229126;0.6411283612251282;0.6105864644050598;0.5824481844902039;0.5609830617904663;0.6669306755065918;0.6440041661262512;0.6216781139373779;0.6018894910812378;0.12248896062374115;0.12722016870975494;0.16926832497119904;0.23172691464424133;0.2824593186378479;0.21479147672653198;0.3031727075576782;0.34402328729629517;0.36249279975891113;0.24399696290493011;0.3436446189880371;0.38163891434669495;0.3920658230781555;0.2616439163684845;0.3575197756290436;0.39042213559150696;0.39995306730270386;0.26566773653030396;0.3438642621040344;0.3649822771549225;0.3661019504070282;3.892648692271905e-07;-0.006876558065414429;-0.014992407523095608;-0.018549375236034393;-0.021705251187086105;-0.04834602773189545;-0.06142771244049072;-0.05823824554681778;-0.051493339240550995;-0.04683435335755348;-0.0636059045791626;-0.05760218948125839;-0.048132166266441345;-0.042878828942775726;-0.054136160761117935;-0.047950197011232376;-0.039607010781764984;-0.03787235543131828;-0.04249927029013634;-0.03645859286189079;-0.028515221551060677;0.19118663668632507;0.24903105199337006;0.2676060199737549;0.27244889736175537;0.2877636253833771;0.15371935069561005;0.19018882513046265;0.22796982526779175;0.2565878629684448;0.11193682998418808;0.15260498225688934;0.20004719495773315;0.23400138318538666;0.09429909288883209;0.13901126384735107;0.1819547414779663;0.2133096605539322;0.09470300376415253;0.13449160754680634;0.16854119300842285;0.19423937797546387;0.08802396059036255;0.16659007966518402;0.2761610448360443;0.3724849224090576;0.43542909622192383;0.27873289585113525;0.4015694558620453;0.43959370255470276;0.45930153131484985;0.2779330015182495;0.41384151577949524;0.44069603085517883;0.44245314598083496;0.2755237817764282;0.3994952142238617;0.42179542779922485;0.4209919571876526;0.27169784903526306;0.358668714761734;0.3782908022403717;0.3828469216823578;-7.395898364848108e-07;-0.03835119679570198;-0.05502767488360405;-0.059912241995334625;-0.06150208041071892;-0.07383446395397186;-0.08049195259809494;-0.07489912211894989;-0.07037708908319473;-0.05290326476097107;-0.061770934611558914;-0.05656396597623825;-0.05396716669201851;-0.029960762709379196;-0.038182418793439865;-0.035719916224479675;-0.035176001489162445;-0.00856617372483015;-0.02035917341709137;-0.024021998047828674;-0.025771846994757652;0.9975365400314331;0.9954304695129395
1772029323.4666667;0.6677599549293518;0.5989993810653687;0.5501378774642944;0.5263361930847168;0.5095295906066895;0.5780056715011597;0.5405967235565186;0.5197274684906006;0.5087069272994995;0.6192888617515564;0.5768824815750122;0.5486819744110107;0.5334691405296326;0.6521255373954773;0.6183475852012634;0.5882977247238159;0.5675883889198303;0.6764286756515503;0.6488993167877197;0.6236669421195984;0.6033494472503662;0.12122325599193573;0.12585580348968506;0.16800370812416077;0.23133721947669983;0.2863602042198181;0.21244922280311584;0.30982741713523865;0.35007861256599426;0.3641185462474823;0.24048171937465668;0.3478967249393463;0.3842194676399231;0.3891080617904663;0.2580931484699249;0.35888171195983887;0.3911598324775696;0.39691078662872314;0.263241708278656;0.3432042896747589;0.3628847897052765;0.3611268997192383;4.3994359089083446e-07;-0.007915942929685116;-0.016981644555926323;-0.020751874893903732;-0.023966418579220772;-0.05478713661432266;-0.06807304918766022;-0.06346210837364197;-0.05457261577248573;-0.051795896142721176;-0.06731065362691879;-0.05886641889810562;-0.04736041650176048;-0.04593418538570404;-0.054413747042417526;-0.04553603753447533;-0.03549264371395111;-0.03917103633284569;-0.04162317514419556;-0.03367016837000847;-0.024214690551161766;0.1957314908504486;0.25397977232933044;0.2812410593032837;0.2917473316192627;0.30856800079345703;0.18079648911952972;0.21999022364616394;0.2586522102355957;0.2885202169418335;0.13973157107830048;0.18655355274677277;0.2365565001964569;0.2724485695362091;0.12148481607437134;0.16729772090911865;0.21361307799816132;0.24775487184524536;0.11982268840074539;0.1543373167514801;0.18985310196876526;0.21762274205684662;0.042523205280303955;0.11278928816318512;0.21597111225128174;0.31149160861968994;0.3745000660419464;0.21882736682891846;0.3411891758441925;0.38362008333206177;0.40529340505599976;0.2242077887058258;0.35739046335220337;0.38892611861228943;0.39520713686943054;0.22988814115524292;0.3501800000667572;0.3759290874004364;0.37939339876174927;0.23337677121162415;0.3215322196483612;0.34752964973449707;0.3575811982154846;-6.926102855686622e-07;-0.037369366735219955;-0.05523151159286499;-0.06267683953046799;-0.06657980382442474;-0.07144181430339813;-0.08591586351394653;-0.08650220185518265;-0.08496958017349243;-0.05347554758191109;-0.06949786841869354;-0.06766757369041443;-0.0664602741599083;-0.03445782512426376;-0.04873969778418541;-0.04611385986208916;-0.04375161975622177;-0.017076876014471054;-0.02977554127573967;-0.03121010959148407;-0.030912473797798157;0.9976426959037781;0.9941449165344238
1772029323.5;0.6767562031745911;0.6036143898963928;0.556503176689148;0.5393485426902771;0.5232123732566833;0.5962681770324707;0.5650219917297363;0.5429177284240723;0.5271900296211243;0.6385526657104492;0.5994439125061035;0.5705025792121887;0.5526116490364075;0.6697160005569458;0.6365031599998474;0.6071550250053406;0.5868842005729675;0.6893548965454102;0.6597431898117065;0.6344550251960754;0.6142939329147339;0.11278882622718811;0.12289492785930634;0.17730388045310974;0.24891561269760132;0.30536288022994995;0.21568243205547333;0.32227668166160583;0.36333417892456055;0.37822550535202026;0.24174818396568298;0.35347217321395874;0.3885948061943054;0.3919411897659302;0.25831592082977295;0.3611612915992737;0.3883364796638489;0.38940346240997314;0.2654237449169159;0.3457590937614441;0.37120404839515686;0.376675009727478;4.6508677087331307e-07;-0.014615001156926155;-0.024889666587114334;-0.02874784730374813;-0.0312372874468565;-0.05563246086239815;-0.07014746218919754;-0.06732235103845596;-0.059601571410894394;-0.0488969162106514;-0.062230903655290604;-0.05408652126789093;-0.04342786222696304;-0.04021746665239334;-0.04770592972636223;-0.03882845491170883;-0.02883267216384411;-0.031563013792037964;-0.035247284919023514;-0.02981780283153057;-0.02195548079907894;0.21178342401981354;0.2672218978404999;0.2970145046710968;0.31066107749938965;0.3334222435951233;0.20589753985404968;0.2491925209760666;0.2876403033733368;0.31518134474754333;0.1662907749414444;0.21424150466918945;0.2609749436378479;0.2956700325012207;0.14829187095165253;0.19788604974746704;0.24117520451545715;0.27270665764808655;0.14573074877262115;0.1854785531759262;0.2218298465013504;0.2500832676887512;0.012205973267555237;0.07208289206027985;0.16567987203598022;0.2536987364292145;0.31090599298477173;0.1682116687297821;0.29378965497016907;0.3318006694316864;0.34633344411849976;0.17891913652420044;0.3143332600593567;0.34412118792533875;0.343103289604187;0.18779391050338745;0.30539312958717346;0.3311649560928345;0.3317623734474182;0.19405992329120636;0.27813786268234253;0.30364716053009033;0.3109830617904663;-5.918702754570404e-07;-0.0326312892138958;-0.050057243555784225;-0.05880792811512947;-0.06446480005979538;-0.06614606082439423;-0.08483079075813293;-0.09022311866283417;-0.09096081554889679;-0.05148075893521309;-0.06994602084159851;-0.0695689246058464;-0.06805457919836044;-0.03607115522027016;-0.049791812896728516;-0.04661931097507477;-0.0433398075401783;-0.02216513454914093;-0.032121993601322174;-0.03172597661614418;-0.03030494600534439;0.9935340285301208;0.9950010776519775
1772029323.5333333;0.6852871179580688;0.6117473244667053;0.5676760077476501;0.5558409094810486;0.5436545014381409;0.6102558374404907;0.586968719959259;0.56818026304245;0.5550142526626587;0.6561556458473206;0.6199048757553101;0.5919411182403564;0.573668360710144;0.6886023283004761;0.6513007879257202;0.6221604943275452;0.6037824749946594;0.7080874443054199;0.6741657257080078;0.6490098834037781;0.6334947347640991;0.11332744359970093;0.1341344714164734;0.2013583779335022;0.279380202293396;0.33981722593307495;0.22798070311546326;0.3407316207885742;0.38440656661987305;0.40062183141708374;0.24665209650993347;0.3654593825340271;0.3961585760116577;0.3976438045501709;0.26049309968948364;0.3725910186767578;0.39436838030815125;0.3917146921157837;0.26845234632492065;0.35601794719696045;0.3702417314052582;0.36538809537887573;4.609695452018059e-07;-0.014986798167228699;-0.02646857686340809;-0.03163676708936691;-0.035600706934928894;-0.05782198905944824;-0.0702175721526146;-0.06534323841333389;-0.056926216930150986;-0.05139855667948723;-0.0619516596198082;-0.0518883652985096;-0.04158785566687584;-0.042737796902656555;-0.04838409274816513;-0.03790370747447014;-0.028599845245480537;-0.034214746206998825;-0.03699784353375435;-0.02963615022599697;-0.021777354180812836;0.24207383394241333;0.29029780626296997;0.3158997893333435;0.32844680547714233;0.3508831858634949;0.22764992713928223;0.26984092593193054;0.30855637788772583;0.33527475595474243;0.19274020195007324;0.2377849966287613;0.28214195370674133;0.3142767548561096;0.17842404544353485;0.2211836278438568;0.2618345618247986;0.2921541929244995;0.1785150170326233;0.21451516449451447;0.24749410152435303;0.2726379930973053;-0.0004549175500869751;0.050900861620903015;0.13509753346443176;0.21812251210212708;0.27267059683799744;0.13788941502571106;0.2570827007293701;0.29048290848731995;0.30275940895080566;0.15052516758441925;0.28091999888420105;0.30929315090179443;0.3101654052734375;0.16042762994766235;0.27574247121810913;0.3015751242637634;0.3028383255004883;0.1668783724308014;0.24501647055149078;0.2671714723110199;0.27300935983657837;-4.88067257720104e-07;-0.03633790835738182;-0.056066036224365234;-0.0658159852027893;-0.07237869501113892;-0.07493064552545547;-0.09217226505279541;-0.09385915845632553;-0.09229084104299545;-0.05826530605554581;-0.07653235644102097;-0.07434944808483124;-0.07190467417240143;-0.04050874337553978;-0.05499027296900749;-0.0516018271446228;-0.04848403111100197;-0.024359868839383125;-0.037257324904203415;-0.03925186023116112;-0.039488285779953;0.9943310022354126;0.9932036399841309
1772029323.5666666;0.6926250457763672;0.6171773672103882;0.5796540975570679;0.5703805088996887;0.5593625903129578;0.625419020652771;0.605340838432312;0.583634078502655;0.569374144077301;0.6746124029159546;0.6386163830757141;0.6100223064422607;0.5950933694839478;0.709271252155304;0.6694492697715759;0.6405476331710815;0.627956211566925;0.7299669981002808;0.6951772570610046;0.6691281795501709;0.6577096581459045;0.12456144392490387;0.15778470039367676;0.23660194873809814;0.31900450587272644;0.3833923935890198;0.25806114077568054;0.3789129853248596;0.4191547930240631;0.4307907819747925;0.2690849006175995;0.396583616733551;0.4164213538169861;0.40861013531684875;0.2750217914581299;0.3935064971446991;0.40087103843688965;0.38714009523391724;0.2749462127685547;0.36289477348327637;0.37026482820510864;0.3620704710483551;5.392142270466138e-07;-0.017194997519254684;-0.030915845185518265;-0.03721213713288307;-0.04214225709438324;-0.06739195436239243;-0.07767584919929504;-0.06914669275283813;-0.058429453521966934;-0.059112176299095154;-0.06633460521697998;-0.051940396428108215;-0.03960340470075607;-0.04773721471428871;-0.04909373074769974;-0.033035580068826675;-0.02180611342191696;-0.03671426698565483;-0.03731728717684746;-0.02685713768005371;-0.017736272886395454;0.25494593381881714;0.3016972839832306;0.32703012228012085;0.3394284248352051;0.361653208732605;0.2429041564464569;0.28492411971092224;0.32346147298812866;0.3489723801612854;0.20995280146598816;0.2532320022583008;0.2975422441959381;0.3295214772224426;0.19672717154026031;0.2367526888847351;0.2774803042411804;0.3080466091632843;0.19674818217754364;0.23068252205848694;0.2638309597969055;0.28973817825317383;-0.009940773248672485;0.03368167579174042;0.11066184192895889;0.19074392318725586;0.2423432469367981;0.10927531123161316;0.22709491848945618;0.2619660496711731;0.2760632336139679;0.12540307641029358;0.2520027160644531;0.2813444137573242;0.2848036289215088;0.13883575797080994;0.25169384479522705;0.2795425057411194;0.28488776087760925;0.15024182200431824;0.2298426628112793;0.2559860646724701;0.2658098340034485;-4.922787866235012e-07;-0.03638383001089096;-0.05691351741552353;-0.06757742911577225;-0.07518702000379562;-0.07872526347637177;-0.09720460325479507;-0.09876393526792526;-0.09716866165399551;-0.06305631250143051;-0.08308146893978119;-0.08103989064693451;-0.07844500243663788;-0.04619738087058067;-0.0630582645535469;-0.061228759586811066;-0.05864710360765457;-0.03067525289952755;-0.04506872966885567;-0.048112377524375916;-0.04886253550648689;0.9848727583885193;0.9946633577346802
1772029323.6;0.6957506537437439;0.620488166809082;0.583655059337616;0.5797181129455566;0.5724802017211914;0.6345440149307251;0.6178346276283264;0.5957568883895874;0.5817667245864868;0.686756432056427;0.6558326482772827;0.6274747848510742;0.6146199107170105;0.7233858704566956;0.6876377463340759;0.6597105264663696;0.6490280628204346;0.7460477948188782;0.7116684913635254;0.686565637588501;0.6766939163208008;0.14756928384304047;0.18828658759593964;0.2768768072128296;0.367358535528183;0.4349377751350403;0.29617583751678467;0.42673709988594055;0.4624924957752228;0.4691399931907654;0.303513765335083;0.43864545226097107;0.45279422402381897;0.43719282746315;0.30459946393966675;0.421371191740036;0.4215961694717407;0.4015384018421173;0.301185667514801;0.3853414058685303;0.38498836755752563;0.3706163465976715;5.438635071186582e-07;-0.019218025729060173;-0.03180490806698799;-0.03627229109406471;-0.038860440254211426;-0.06749499589204788;-0.07711216807365417;-0.06875324249267578;-0.05863523483276367;-0.05774816498160362;-0.06390411406755447;-0.050351519137620926;-0.03961558640003204;-0.04495232552289963;-0.045528579503297806;-0.029759995639324188;-0.019919442012906075;-0.032719407230615616;-0.03397754952311516;-0.02437925897538662;-0.016438042744994164;0.26139554381370544;0.30807358026504517;0.33635759353637695;0.3488885760307312;0.37042081356048584;0.2565658390522003;0.29474079608917236;0.3326820135116577;0.3598325252532959;0.22323396801948547;0.26646700501441956;0.3112642168998718;0.34286195039749146;0.20856380462646484;0.24692511558532715;0.2878674268722534;0.3178800046443939;0.20619384944438934;0.2375340461730957;0.2707679569721222;0.29598933458328247;-0.0025165528059005737;0.028572097420692444;0.09510743618011475;0.16896365582942963;0.21905939280986786;0.08867279440164566;0.20264402031898499;0.24326615035533905;0.2631753087043762;0.11178550124168396;0.23221449553966522;0.26697224378585815;0.2767133414745331;0.1322702169418335;0.24108150601387024;0.26894208788871765;0.2753133177757263;0.14964289963245392;0.22922852635383606;0.25384557247161865;0.26154625415802;-4.4752698613592656e-07;-0.038097985088825226;-0.061630554497241974;-0.0746566504240036;-0.08447016030550003;-0.0907372385263443;-0.11309319734573364;-0.1146421805024147;-0.11231793463230133;-0.07549400627613068;-0.09791760891675949;-0.09433046728372574;-0.0907721146941185;-0.058805666863918304;-0.07919558882713318;-0.07604382932186127;-0.07185695320367813;-0.043299224227666855;-0.05964943394064903;-0.06120705604553223;-0.06052122265100479;0.9603198170661926;0.9950467348098755
1772029323.6333334;0.6965290904045105;0.619678258895874;0.5852565169334412;0.5812119841575623;0.5773016214370728;0.6405962109565735;0.6250823140144348;0.6026527285575867;0.5881048440933228;0.693997323513031;0.6616630554199219;0.6339385509490967;0.6210020184516907;0.7310659885406494;0.6951190233230591;0.6666926741600037;0.653997540473938;0.7538473606109619;0.7183427214622498;0.692889392375946;0.6812917590141296;0.18157732486724854;0.23448270559310913;0.3258368670940399;0.41968628764152527;0.4899812340736389;0.35399261116981506;0.4832736849784851;0.5197336077690125;0.5264429450035095;0.3597530424594879;0.48974940180778503;0.5026822686195374;0.4896160364151001;0.358955055475235;0.4680805802345276;0.4711889922618866;0.45407283306121826;0.3526153266429901;0.4232960641384125;0.42614006996154785;0.41666415333747864;6.062730903977354e-07;-0.0188128724694252;-0.03147462382912636;-0.03519846871495247;-0.036863863468170166;-0.06993618607521057;-0.07575532793998718;-0.06337576359510422;-0.05066482722759247;-0.058406658470630646;-0.06055322661995888;-0.04424431920051575;-0.03195799142122269;-0.04324739798903465;-0.038437992334365845;-0.02251746691763401;-0.014088829047977924;-0.028664201498031616;-0.02591458149254322;-0.017156487330794334;-0.010359955951571465;0.26520973443984985;0.31222984194755554;0.34366536140441895;0.35677945613861084;0.37444809079170227;0.26663950085639954;0.30661046504974365;0.34274670481681824;0.3670862913131714;0.23259982466697693;0.27661433815956116;0.318720281124115;0.34828200936317444;0.21694153547286987;0.256913423538208;0.2966820299625397;0.3256368339061737;0.2135036289691925;0.24619708955287933;0.2786673903465271;0.30349135398864746;0.0002462118864059448;0.025970712304115295;0.08609806001186371;0.15501365065574646;0.2062537968158722;0.0808739885687828;0.19060038030147552;0.23617038130760193;0.26045483350753784;0.10565101355314255;0.22178301215171814;0.25895294547080994;0.27102768421173096;0.1264716535806656;0.23138800263404846;0.2610868811607361;0.27041250467300415;0.14388808608055115;0.2210637629032135;0.2482261061668396;0.25897103548049927;-4.0257151567857363e-07;-0.037846438586711884;-0.061438266187906265;-0.07512441277503967;-0.08590269088745117;-0.08675811439752579;-0.11103575676679611;-0.11586057394742966;-0.11608206480741501;-0.07267764955759048;-0.09606736153364182;-0.0940912738442421;-0.0914822518825531;-0.05779159814119339;-0.0790608674287796;-0.07628742605447769;-0.07200611382722855;-0.04426448419690132;-0.061326172202825546;-0.06318406760692596;-0.062399327754974365;0.9823410511016846;0.9970607161521912
1772029323.6666667;0.6910291910171509;0.6142749786376953;0.5819686651229858;0.5755378007888794;0.573632001876831;0.6348583698272705;0.6234069466590881;0.5993863940238953;0.5862004160881042;0.6884211301803589;0.6593655347824097;0.6314473152160645;0.6224876642227173;0.7258711457252502;0.6926318407058716;0.6655727028846741;0.657683253288269;0.7502835392951965;0.7137303352355957;0.6911715865135193;0.6839917302131653;0.22437025606632233;0.28314316272735596;0.3763330280780792;0.4727570712566376;0.5425984859466553;0.42280006408691406;0.5495168566703796;0.5722006559371948;0.5678558349609375;0.425001323223114;0.5500173568725586;0.5464816689491272;0.5234361290931702;0.41624823212623596;0.5166282653808594;0.5072401165962219;0.48184242844581604;0.4015781283378601;0.4644322991371155;0.45661869645118713;0.43973463773727417;4.98477277233178e-07;-0.011642958968877792;-0.01933002658188343;-0.019517742097377777;-0.017276251688599586;-0.057663921266794205;-0.05565667152404785;-0.038278333842754364;-0.0232661385089159;-0.04757699370384216;-0.04301732778549194;-0.025368958711624146;-0.013426966033875942;-0.0330570787191391;-0.02297583408653736;-0.006757964845746756;0.00041839759796857834;-0.01846456527709961;-0.01091008260846138;-0.000926850363612175;0.005561615340411663;0.2645866870880127;0.3111377954483032;0.34371575713157654;0.3571058511734009;0.3712523579597473;0.2687682807445526;0.31041914224624634;0.3468928933143616;0.37171733379364014;0.2359728068113327;0.2800149619579315;0.3221306800842285;0.3527001738548279;0.2215079367160797;0.2613146901130676;0.30128344893455505;0.3310725688934326;0.2190631926059723;0.2517298758029938;0.28368866443634033;0.308268666267395;0.008059889078140259;0.02610308676958084;0.07918005436658859;0.1427597552537918;0.1924574077129364;0.07475388795137405;0.18381020426750183;0.2309953272342682;0.25694769620895386;0.10200075805187225;0.2152639925479889;0.25409427285194397;0.266844242811203;0.12524238228797913;0.22634732723236084;0.2566324472427368;0.26667171716690063;0.14482511579990387;0.21992406249046326;0.2462148368358612;0.25627291202545166;-3.4811858995453804e-07;-0.03929976373910904;-0.06445495784282684;-0.0790509507060051;-0.09092631936073303;-0.09337009489536285;-0.11970912665128708;-0.12587131559848785;-0.12684009969234467;-0.0790085569024086;-0.10356391221284866;-0.10176445543766022;-0.0993570014834404;-0.06371091306209564;-0.08549313247203827;-0.08245725929737091;-0.07811465114355087;-0.04985199123620987;-0.0674373134970665;-0.06905090063810349;-0.0680537223815918;0.9796698093414307;0.9964281916618347
1772029323.7;0.6819734573364258;0.6002343893051147;0.5718691945075989;0.5649062395095825;0.5685549974441528;0.6215629577636719;0.6168347597122192;0.5966501832008362;0.5868107676506042;0.6764294505119324;0.6553224921226501;0.6302179098129272;0.620421290397644;0.7144710421562195;0.6853300929069519;0.6615044474601746;0.6558637619018555;0.741470217704773;0.7080900073051453;0.6876277923583984;0.6808353066444397;0.26726478338241577;0.3358486592769623;0.429676353931427;0.5253607034683228;0.5915946960449219;0.4843425750732422;0.6067414283752441;0.6205622553825378;0.6078217029571533;0.48563048243522644;0.6004356741905212;0.5908724665641785;0.566017210483551;0.47300857305526733;0.5548170804977417;0.5394936203956604;0.5111583471298218;0.4539310932159424;0.5054734349250793;0.493194580078125;0.46986624598503113;3.66401224027868e-07;0.0018444055458530784;0.004137823823839426;0.013046372681856155;0.02502603642642498;-0.04212943837046623;-0.019868332892656326;0.013878817670047283;0.03901771456003189;-0.030733991414308548;-0.005661680828779936;0.022662168368697166;0.03952702134847641;-0.012578188441693783;0.019519003108143806;0.040480297058820724;0.04637862741947174;0.006510782055556774;0.034857477992773056;0.050443172454833984;0.05744864419102669;0.26530972123146057;0.3119199275970459;0.34334930777549744;0.35507041215896606;0.36974790692329407;0.26857152581214905;0.3092627227306366;0.3444703221321106;0.368749737739563;0.2363680601119995;0.2787816822528839;0.3207731544971466;0.3526853322982788;0.22199243307113647;0.2616453170776367;0.3020523190498352;0.332856684923172;0.2194976955652237;0.25277626514434814;0.28561559319496155;0.31134140491485596;0.01855836808681488;0.030892886221408844;0.0803481712937355;0.1431388407945633;0.192352756857872;0.07145731896162033;0.18069075047969818;0.22895699739456177;0.2560449540615082;0.0999101921916008;0.21325036883354187;0.2541443109512329;0.2681950628757477;0.12542347609996796;0.2257278710603714;0.2570132315158844;0.26819899678230286;0.14754122495651245;0.22111472487449646;0.2478429675102234;0.2593608796596527;-2.972981860693835e-07;-0.04260368272662163;-0.07061769813299179;-0.08679454773664474;-0.10013791173696518;-0.10423291474580765;-0.13278241455554962;-0.1390964835882187;-0.14006896317005157;-0.08876208961009979;-0.11685463786125183;-0.11559011042118073;-0.11318287253379822;-0.07206545025110245;-0.09601081162691116;-0.09323088824748993;-0.08898457139730453;-0.05692651495337486;-0.07624995708465576;-0.07890944927930832;-0.07871456444263458;0.983543872833252;0.995672881603241
1772029323.7333333;0.6705594658851624;0.5882817506790161;0.5634362697601318;0.5591597557067871;0.5644305944442749;0.6041004061698914;0.6102505326271057;0.5976397395133972;0.5940959453582764;0.6572974324226379;0.6524035930633545;0.6352978944778442;0.6302270293235779;0.6983835101127625;0.6833456754684448;0.663709282875061;0.6613036394119263;0.7287649512290955;0.7025970220565796;0.6852521300315857;0.6798756718635559;0.3053814172744751;0.3856096565723419;0.47375354170799255;0.5622145533561707;0.6223761439323425;0.5432431697845459;0.6387346982955933;0.606372058391571;0.5720598697662354;0.5391668081283569;0.6327247619628906;0.6006398797035217;0.5659425258636475;0.5219058990478516;0.5835680961608887;0.5573758482933044;0.5217180848121643;0.49858611822128296;0.5388836860656738;0.5178993344306946;0.48608216643333435;-1.8004046253849992e-08;0.01989046111702919;0.030622683465480804;0.047059472650289536;0.06797407567501068;-0.032671667635440826;0.009251092560589314;0.058366551995277405;0.09093490988016129;-0.023044301196932793;0.013155370019376278;0.050522785633802414;0.07164982706308365;-0.002622530795633793;0.0414414256811142;0.0702015608549118;0.07914010435342789;0.020763827487826347;0.06189417466521263;0.08504855632781982;0.09559580683708191;0.2671451270580292;0.3125525414943695;0.34344029426574707;0.35283318161964417;0.36166679859161377;0.2694316506385803;0.308196097612381;0.34219133853912354;0.3660218417644501;0.236262246966362;0.2785692512989044;0.3200313448905945;0.35156941413879395;0.22109071910381317;0.26161614060401917;0.30183303356170654;0.3322145640850067;0.21825923025608063;0.2521289885044098;0.284823477268219;0.3099798262119293;0.024663046002388;0.03707336634397507;0.08348698168992996;0.1443920135498047;0.19554494321346283;0.07376444339752197;0.1821291446685791;0.2303035706281662;0.2566777765750885;0.10197463631629944;0.21534086763858795;0.25630056858062744;0.27048259973526;0.128403440117836;0.22788013517856598;0.25988972187042236;0.27241745591163635;0.15139320492744446;0.2240132987499237;0.24962416291236877;0.2605801522731781;-3.071354512940161e-07;-0.042886894196271896;-0.07142448425292969;-0.08790873736143112;-0.10141225159168243;-0.1066809892654419;-0.13619795441627502;-0.14227955043315887;-0.14269155263900757;-0.09119616448879242;-0.12027925252914429;-0.11882863938808441;-0.11604201793670654;-0.07444310188293457;-0.09963903576135635;-0.09747063368558884;-0.09342222660779953;-0.05908416211605072;-0.07910807430744171;-0.0819125548005104;-0.08161066472530365;0.9686534404754639;0.9970870018005371
1772029323.7666667;0.6581540107727051;0.5801987648010254;0.5612759590148926;0.5580694079399109;0.565454363822937;0.5981412529945374;0.6086564064025879;0.5981673002243042;0.5932364463806152;0.6479538083076477;0.6487717628479004;0.6343156695365906;0.6280837059020996;0.6890388131141663;0.6805372834205627;0.6639213562011719;0.6594081521034241;0.7174472808837891;0.6993812918663025;0.6845162510871887;0.6782830953598022;0.33882567286491394;0.4175896942615509;0.5079253315925598;0.595747172832489;0.6482470035552979;0.5895830392837524;0.6653444766998291;0.6285821795463562;0.5930195450782776;0.5827223062515259;0.6560404300689697;0.6240339279174805;0.5892255306243896;0.5581703186035156;0.6120286583900452;0.5894816517829895;0.5534576177597046;0.5242155194282532;0.5635636448860168;0.5450690388679504;0.5144345760345459;-1.0955742624219056e-07;0.02724248357117176;0.04488637298345566;0.0635363757610321;0.08610095828771591;0.008982992731034756;0.04441995918750763;0.07629148662090302;0.09673861414194107;0.012104266323149204;0.04564870893955231;0.06881222128868103;0.08032099902629852;0.023179983720183372;0.060862403362989426;0.08091320097446442;0.08627701550722122;0.0371582955121994;0.07321228086948395;0.0939912274479866;0.10462933778762817;0.26296159625053406;0.31066831946372986;0.34231770038604736;0.35196274518966675;0.3625972867012024;0.26947975158691406;0.3074299991130829;0.340940922498703;0.36488762497901917;0.2367042750120163;0.28016138076782227;0.3225613534450531;0.35397809743881226;0.22267760336399078;0.26437586545944214;0.3059907853603363;0.3364221453666687;0.2211674451828003;0.25584396719932556;0.28926366567611694;0.3141697943210602;0.028420083224773407;0.038724400103092194;0.08709543943405151;0.15090954303741455;0.20206321775913239;0.07807891070842743;0.18614895641803741;0.2339506447315216;0.2603355944156647;0.10852684080600739;0.22185304760932922;0.26185134053230286;0.27552130818367004;0.13558171689510345;0.2347642481327057;0.2653101086616516;0.2758035659790039;0.15823106467723846;0.2306337207555771;0.25486767292022705;0.2634219527244568;-3.0822886287751317e-07;-0.04391421377658844;-0.07200989872217178;-0.0877881869673729;-0.10048358142375946;-0.10572664439678192;-0.13514165580272675;-0.14102551341056824;-0.14126960933208466;-0.08956979215145111;-0.11829371750354767;-0.11652065813541412;-0.11346997320652008;-0.07233701646327972;-0.09852481633424759;-0.09663127362728119;-0.092356838285923;-0.05648421868681908;-0.07801941782236099;-0.08124261349439621;-0.08072909712791443;0.9855815172195435;0.9981042742729187
1772029323.8;0.646766185760498;0.576039731502533;0.5601388812065125;0.5586843490600586;0.5667982697486877;0.5946897268295288;0.6086530685424805;0.6036795377731323;0.5988717675209045;0.6424828767776489;0.6489006280899048;0.6383019089698792;0.6314348578453064;0.6828087568283081;0.6797940731048584;0.6658463478088379;0.6600781679153442;0.7107293009757996;0.6975851655006409;0.6832383871078491;0.6756436824798584;0.3636249303817749;0.44055935740470886;0.5277810096740723;0.6108098030090332;0.6604679822921753;0.614773154258728;0.6834203004837036;0.6526629328727722;0.6230349540710449;0.6073783040046692;0.6692720651626587;0.6414415240287781;0.6105153560638428;0.5809667706489563;0.6291842460632324;0.6100801229476929;0.5773583650588989;0.546176552772522;0.5797548890113831;0.5638147592544556;0.5359971523284912;-1.3779417429304885e-07;0.02753782458603382;0.04757516831159592;0.06774294376373291;0.09106019139289856;0.021564852446317673;0.05850067734718323;0.08766846358776093;0.10554438829421997;0.02401389740407467;0.06045544147491455;0.08188947290182114;0.09208905696868896;0.03319479152560234;0.0698331817984581;0.08583545684814453;0.08936137706041336;0.04518665373325348;0.07829222828149796;0.09575684368610382;0.10492465645074844;0.2642201781272888;0.311959832906723;0.3424380421638489;0.3523649275302887;0.36523905396461487;0.272095650434494;0.30938151478767395;0.34279704093933105;0.36552807688713074;0.24003815650939941;0.282307505607605;0.32363206148147583;0.3546338975429535;0.22567877173423767;0.2670753300189972;0.3078864514827728;0.3387894630432129;0.22304551303386688;0.2578013241291046;0.29048630595207214;0.31594789028167725;0.03752226382493973;0.0473853200674057;0.09444019198417664;0.1571541130542755;0.2063724249601364;0.08388412743806839;0.19068709015846252;0.2379782497882843;0.2637600600719452;0.11379526555538177;0.22499731183052063;0.2649897336959839;0.27872103452682495;0.14004305005073547;0.23670071363449097;0.2690533399581909;0.2819231152534485;0.16183887422084808;0.23265552520751953;0.2592734396457672;0.2712593674659729;-2.8117963779550337e-07;-0.04237062856554985;-0.06990133970975876;-0.08556937426328659;-0.09837451577186584;-0.10366273671388626;-0.13230203092098236;-0.13825373351573944;-0.1390308290719986;-0.08860227465629578;-0.11708787083625793;-0.11630826443433762;-0.11427319794893265;-0.07244419306516647;-0.09695904701948166;-0.09571018815040588;-0.09266995638608932;-0.05773939937353134;-0.07788962870836258;-0.08185651153326035;-0.08267189562320709;0.9858735203742981;0.9968665838241577
1772029323.8333333;0.6367388963699341;0.5718592405319214;0.559836208820343;0.5603629946708679;0.5674455761909485;0.5939268469810486;0.6118395328521729;0.6092279553413391;0.6036104559898376;0.6403570175170898;0.651982843875885;0.6438373923301697;0.6353561878204346;0.6794866323471069;0.6782466769218445;0.6658117175102234;0.6593159437179565;0.7078511118888855;0.6973567605018616;0.6855692267417908;0.6783777475357056;0.39025598764419556;0.46650663018226624;0.5457409024238586;0.6232194900512695;0.6674851775169373;0.633827805519104;0.695701003074646;0.6655353307723999;0.6361479163169861;0.6240327954292297;0.6808172464370728;0.6552636027336121;0.6239304542541504;0.5968029499053955;0.633978545665741;0.6153967380523682;0.583961009979248;0.5626811981201172;0.5875692963600159;0.5708820819854736;0.5438587069511414;-1.5679282228120428e-07;0.02592332847416401;0.04332728311419487;0.059377700090408325;0.07781332731246948;0.02240414172410965;0.051106229424476624;0.0730261281132698;0.08651196211576462;0.021554194390773773;0.05095157399773598;0.06693470478057861;0.07416882365942001;0.02624065801501274;0.05652996525168419;0.06802552193403244;0.06953469663858414;0.033355243504047394;0.06084941327571869;0.07501977682113647;0.08263173699378967;0.2628060579299927;0.3122466206550598;0.345020055770874;0.3552255928516388;0.36415064334869385;0.2743986248970032;0.3134062886238098;0.3465438485145569;0.3692329525947571;0.24132871627807617;0.2854596972465515;0.32590916752815247;0.35616499185562134;0.22578075528144836;0.26898255944252014;0.3090960383415222;0.3389265537261963;0.22228823602199554;0.25743579864501953;0.2900804579257965;0.3152344524860382;0.04765351116657257;0.05626717954874039;0.10017551481723785;0.16004660725593567;0.21074143052101135;0.09052706509828568;0.1974649429321289;0.24453353881835938;0.27040526270866394;0.12068992108106613;0.23102489113807678;0.27087295055389404;0.2849281430244446;0.1473761647939682;0.24250787496566772;0.27423009276390076;0.2869921624660492;0.16935007274150848;0.23882493376731873;0.26373887062072754;0.27427124977111816;-2.6925650331577344e-07;-0.0419270284473896;-0.06923653185367584;-0.08476457744836807;-0.0971873328089714;-0.10267555713653564;-0.13032513856887817;-0.13523343205451965;-0.13538159430027008;-0.08792304992675781;-0.11493132263422012;-0.1131596639752388;-0.1108025461435318;-0.0721174031496048;-0.09514764696359634;-0.09253472089767456;-0.0890514999628067;-0.05788349732756615;-0.07720939069986343;-0.08012702316045761;-0.08036235719919205;0.9890736937522888;0.9976531863212585
1772029323.8666666;0.6311682462692261;0.5708613991737366;0.5603365302085876;0.5669087171554565;0.578370988368988;0.5943516492843628;0.6160894632339478;0.613863468170166;0.6074191927909851;0.6396582722663879;0.6557176113128662;0.649046003818512;0.6406964063644409;0.6796447038650513;0.6834014058113098;0.67198246717453;0.6643674373626709;0.7098241448402405;0.7050595283508301;0.693303108215332;0.6851353645324707;0.40550386905670166;0.4772663712501526;0.5567280054092407;0.63456130027771;0.678459882736206;0.6442297101020813;0.7037466764450073;0.6746253967285156;0.6462094783782959;0.6342180967330933;0.6873295307159424;0.6612063646316528;0.631692111492157;0.6070069074630737;0.6431040167808533;0.6231240630149841;0.5922306180000305;0.5725751519203186;0.5959977507591248;0.5779754519462585;0.5534462332725525;-1.7037618249560182e-07;0.021098731085658073;0.03542771190404892;0.048543188720941544;0.06307017058134079;0.017308607697486877;0.03984384983778;0.05627452954649925;0.06606130301952362;0.015762578696012497;0.041100725531578064;0.05370707809925079;0.058038122951984406;0.018642963841557503;0.04382358863949776;0.05284992977976799;0.05253766104578972;0.023502832278609276;0.04586223140358925;0.05762304365634918;0.06345172971487045;0.26244667172431946;0.31265968084335327;0.34623515605926514;0.35612350702285767;0.36599504947662354;0.2765156030654907;0.31406834721565247;0.3468601703643799;0.3696710467338562;0.24416440725326538;0.28778043389320374;0.3285977244377136;0.3590840995311737;0.22863082587718964;0.27143266797065735;0.31253862380981445;0.343392014503479;0.22503480315208435;0.2598046064376831;0.2924630343914032;0.31773531436920166;0.05348055809736252;0.06029975414276123;0.10385918617248535;0.16385018825531006;0.2135324627161026;0.09358402341604233;0.19679218530654907;0.244458869099617;0.27004992961883545;0.12469175457954407;0.23147177696228027;0.2721234858036041;0.28550124168395996;0.1520134061574936;0.2446608543395996;0.2771306037902832;0.2894522249698639;0.1740151196718216;0.24200572073459625;0.2671820819377899;0.27724915742874146;-2.6139511533074256e-07;-0.041651684790849686;-0.06879673898220062;-0.08430823683738708;-0.09699169546365738;-0.10275719314813614;-0.1318887323141098;-0.13840916752815247;-0.13942986726760864;-0.08834303915500641;-0.11640168726444244;-0.11546804755926132;-0.11351489275693893;-0.07304766774177551;-0.0969429612159729;-0.09526620805263519;-0.09217028319835663;-0.059353917837142944;-0.07923831045627594;-0.08296675235033035;-0.08366477489471436;0.9775213003158569;0.9975695013999939
1772029323.9;0.6292746067047119;0.5704887509346008;0.5617976784706116;0.5704778432846069;0.5829087495803833;0.6018204092979431;0.6206887364387512;0.618137001991272;0.6113818287849426;0.6463574767112732;0.6588555574417114;0.6515405774116516;0.6431258916854858;0.6843491196632385;0.6847383975982666;0.6726677417755127;0.6647531986236572;0.7130618691444397;0.7077593207359314;0.6954821348190308;0.6869617104530334;0.41655290126800537;0.4900856018066406;0.5703056454658508;0.6452860832214355;0.6848134994506836;0.6591395139694214;0.7119811773300171;0.6833919286727905;0.6558253765106201;0.6488673090934753;0.6925895810127258;0.6660423278808594;0.6374489068984985;0.6194574236869812;0.6492512226104736;0.6280474662780762;0.597623884677887;0.5827704668045044;0.6032124757766724;0.5841174721717834;0.5593766570091248;-1.8982818517088162e-07;0.023450978100299835;0.04222242161631584;0.06013801321387291;0.0796758234500885;0.0266452357172966;0.05637475475668907;0.07665625959634781;0.08822659403085709;0.026594294235110283;0.05875296890735626;0.07269296795129776;0.07716905325651169;0.031111208721995354;0.060471490025520325;0.06763312965631485;0.06550418585538864;0.03795640915632248;0.06261374056339264;0.07309214770793915;0.07758542895317078;0.26137876510620117;0.31080853939056396;0.34571731090545654;0.35800349712371826;0.368315190076828;0.2771409749984741;0.31555214524269104;0.3485829830169678;0.3715759813785553;0.24488094449043274;0.28966546058654785;0.329994797706604;0.36009642481803894;0.22893142700195312;0.2733079195022583;0.313395231962204;0.343686580657959;0.22489364445209503;0.26045724749565125;0.29282549023628235;0.3180394470691681;0.06092817336320877;0.06561104953289032;0.10663531720638275;0.1645268350839615;0.21479570865631104;0.09593933075666428;0.19743402302265167;0.24588462710380554;0.2737084627151489;0.12624558806419373;0.2315288931131363;0.2721792459487915;0.28678613901138306;0.15357021987438202;0.24428290128707886;0.2757923901081085;0.28850066661834717;0.1763123869895935;0.24203556776046753;0.2668505311012268;0.2777799665927887;-2.3650328273561172e-07;-0.04216226190328598;-0.06991636753082275;-0.08604957163333893;-0.09939168393611908;-0.10342475026845932;-0.1330435574054718;-0.14015895128250122;-0.14160189032554626;-0.08899290859699249;-0.1166800707578659;-0.11559345573186874;-0.11362264305353165;-0.07374949008226395;-0.09696436673402786;-0.09431864321231842;-0.09069223701953888;-0.060307085514068604;-0.07950618863105774;-0.08259613066911697;-0.08295121788978577;0.9869851469993591;0.9972636699676514
1772029323.9333334;0.631199061870575;0.5702240467071533;0.5608080625534058;0.569060742855072;0.5759143233299255;0.6044794321060181;0.624467134475708;0.620537281036377;0.6132023930549622;0.6502195000648499;0.6621506214141846;0.6534429788589478;0.6448261737823486;0.688934862613678;0.6890952587127686;0.6763095855712891;0.6677563190460205;0.7177739143371582;0.71152263879776;0.6984512209892273;0.689140260219574;0.4235842823982239;0.49790218472480774;0.5752450823783875;0.648331344127655;0.6880300641059875;0.6670171022415161;0.7188305854797363;0.6899889707565308;0.6634411811828613;0.6556792259216309;0.6973982453346252;0.6695783138275146;0.6421738862991333;0.6253933310508728;0.6557224988937378;0.6339223384857178;0.6038752198219299;0.5880213379859924;0.6089182496070862;0.5881323218345642;0.5625035166740417;-2.2526394616306789e-07;0.029701784253120422;0.05375486612319946;0.07711907476186752;0.10284335911273956;0.03558102622628212;0.07195211946964264;0.0966947004199028;0.11098693311214447;0.036651454865932465;0.07476907223463058;0.09184413403272629;0.09824483841657639;0.04302982985973358;0.07783080637454987;0.08698274195194244;0.08582350611686707;0.05239623039960861;0.08239723742008209;0.09469907730817795;0.10012738406658173;0.25921598076820374;0.31130295991897583;0.347384512424469;0.360012412071228;0.3717268407344818;0.2775772511959076;0.3182029128074646;0.3515205681324005;0.37452301383018494;0.24613553285598755;0.2918013334274292;0.33236151933670044;0.3613429665565491;0.23101818561553955;0.277164489030838;0.31784921884536743;0.34693580865859985;0.22762492299079895;0.2644903063774109;0.2971435487270355;0.32119622826576233;0.06172933429479599;0.0650770366191864;0.10836604237556458;0.16816815733909607;0.21746036410331726;0.09694882482290268;0.1978132724761963;0.2452983856201172;0.2734290361404419;0.13010261952877045;0.23248893022537231;0.27149128913879395;0.285420298576355;0.15884336829185486;0.24514952301979065;0.27386733889579773;0.28456559777259827;0.18221281468868256;0.24340933561325073;0.26354438066482544;0.27129366993904114;-2.3404322746500839e-07;-0.04213912412524223;-0.06880582123994827;-0.08332736790180206;-0.09516177326440811;-0.10265260934829712;-0.13054652512073517;-0.1366385966539383;-0.13790230453014374;-0.08788082003593445;-0.11403962969779968;-0.11251188814640045;-0.11062882840633392;-0.07214559614658356;-0.09385685622692108;-0.09070837497711182;-0.08731409162282944;-0.05828629434108734;-0.07712675631046295;-0.07994090020656586;-0.08028257638216019;0.9930652976036072;0.9977133870124817
1772029323.9666667;0.6345246434211731;0.5735609531402588;0.5631603598594666;0.5708422660827637;0.5741607546806335;0.6093453764915466;0.6257518529891968;0.6215927600860596;0.6154071688652039;0.6549876928329468;0.6621284484863281;0.6531230807304382;0.6455091238021851;0.6921547055244446;0.688643753528595;0.6764747500419617;0.669542133808136;0.7196146845817566;0.7116653323173523;0.6993719935417175;0.6915221810340881;0.42664778232574463;0.49500852823257446;0.5713684558868408;0.642280638217926;0.68265700340271;0.6697462201118469;0.7186728119850159;0.6916368007659912;0.6644644737243652;0.659586489200592;0.698324978351593;0.6715423464775085;0.6430436968803406;0.6300184726715088;0.6589178442955017;0.6376314759254456;0.6072794198989868;0.5932786464691162;0.6112364530563354;0.5913180708885193;0.5652135610580444;-2.3392486525608547e-07;0.021814825013279915;0.04163549840450287;0.06148459017276764;0.0834394097328186;0.02530098892748356;0.05489090085029602;0.07565376162528992;0.08770138025283813;0.02678406797349453;0.058883629739284515;0.07380903512239456;0.07949724048376083;0.0325249545276165;0.06057242676615715;0.06744500249624252;0.06592582166194916;0.04056571051478386;0.06275158375501633;0.07151179015636444;0.07559514045715332;0.25777122378349304;0.3109893798828125;0.34780246019363403;0.3614296615123749;0.3766860365867615;0.27906277775764465;0.3174412250518799;0.35063037276268005;0.37401965260505676;0.2470483034849167;0.291753351688385;0.33291882276535034;0.36245888471603394;0.23106501996517181;0.2765333354473114;0.3184461295604706;0.34872719645500183;0.22683295607566833;0.26493918895721436;0.2988412380218506;0.3240364193916321;0.06509312987327576;0.06460167467594147;0.11145684868097305;0.17445477843284607;0.22205281257629395;0.0932357907295227;0.19653365015983582;0.24460965394973755;0.27146559953689575;0.1262701004743576;0.23054251074790955;0.27075332403182983;0.2840602397918701;0.15648293495178223;0.24377378821372986;0.2738928198814392;0.28358912467956543;0.1812610626220703;0.2435368001461029;0.2650594115257263;0.27306365966796875;-2.12964877732702e-07;-0.043587904423475266;-0.07071324437856674;-0.0845724418759346;-0.09546337276697159;-0.11030014604330063;-0.13788102567195892;-0.14176447689533234;-0.14148235321044922;-0.09410539269447327;-0.12028900533914566;-0.11614707857370377;-0.11255441606044769;-0.07675571739673615;-0.09852171689271927;-0.09401021152734756;-0.08970598131418228;-0.061303477734327316;-0.08033344894647598;-0.0835137888789177;-0.08442007005214691;0.9947035312652588;0.9970362782478333
1772029324.0;0.6333666443824768;0.5738527178764343;0.5648227334022522;0.5779476761817932;0.5900586843490601;0.6121981143951416;0.629145085811615;0.6225576996803284;0.6150573492050171;0.658652663230896;0.6638110280036926;0.6528580784797668;0.644371509552002;0.6956660747528076;0.6903795003890991;0.6767348051071167;0.6691174507141113;0.7234476208686829;0.7144366502761841;0.7009340524673462;0.6926825046539307;0.4334532618522644;0.5090800523757935;0.5876820087432861;0.6570737957954407;0.6943676471710205;0.6718714237213135;0.7216250896453857;0.6923298835754395;0.6627651453018188;0.6576483845710754;0.6965239644050598;0.6693074703216553;0.6394268274307251;0.6261658668518066;0.6543740630149841;0.6321929693222046;0.6007265448570251;0.5884935855865479;0.6074290871620178;0.5864498019218445;0.560580849647522;-1.574333623466373e-07;0.013353577814996243;0.02385244332253933;0.033854227513074875;0.0447268970310688;0.008497401140630245;0.02629851922392845;0.038758836686611176;0.04592625051736832;0.008158404380083084;0.03254840523004532;0.04289606586098671;0.045013636350631714;0.011339942924678326;0.03414876386523247;0.04001637175679207;0.03720087558031082;0.01579112745821476;0.03237332031130791;0.04072122275829315;0.04471449553966522;0.2571799159049988;0.30835822224617004;0.34615087509155273;0.36072641611099243;0.37386447191238403;0.27967068552970886;0.3171258270740509;0.3493993878364563;0.3718666732311249;0.24707186222076416;0.28994256258010864;0.33096572756767273;0.3604734539985657;0.23039036989212036;0.27422600984573364;0.31544530391693115;0.3458998203277588;0.2256181240081787;0.2634037137031555;0.2970517873764038;0.32295697927474976;0.06644990295171738;0.06783854216337204;0.10988803952932358;0.1679612547159195;0.2166558802127838;0.09540114551782608;0.19797201454639435;0.2467343807220459;0.272682785987854;0.1254473477602005;0.22805553674697876;0.26971200108528137;0.28520911931991577;0.15386179089546204;0.2411598563194275;0.27278685569763184;0.28379684686660767;0.17709438502788544;0.2404063642024994;0.2634735405445099;0.27203336358070374;-2.0554897162128327e-07;-0.0397176556289196;-0.06564055383205414;-0.07989249378442764;-0.09124380350112915;-0.10225557535886765;-0.1285710483789444;-0.13197705149650574;-0.13111130893230438;-0.08823993057012558;-0.11273065954446793;-0.10833125561475754;-0.10440336912870407;-0.07323294132947922;-0.09284161031246185;-0.08770598471164703;-0.0830148458480835;-0.06010102108120918;-0.07741761207580566;-0.07998508960008621;-0.0803537368774414;0.9880974888801575;0.9975913166999817
1772029324.0333333;0.6349717378616333;0.5749775171279907;0.5683689713478088;0.5821542739868164;0.5960577130317688;0.6118016242980957;0.6306739449501038;0.6232689023017883;0.616089940071106;0.6578909754753113;0.6662702560424805;0.6547467112541199;0.6464433670043945;0.69569331407547;0.6924900412559509;0.6786306500434875;0.6716504096984863;0.7243536114692688;0.7153405547142029;0.7025215029716492;0.6951956748962402;0.42825329303741455;0.5017438530921936;0.5826435089111328;0.653546929359436;0.69159334897995;0.6666534543037415;0.7161123752593994;0.6874646544456482;0.6580151319503784;0.6524783968925476;0.6952686905860901;0.6698898077011108;0.6397228837013245;0.6229816675186157;0.6503734588623047;0.6292581558227539;0.5988022685050964;0.5866762399673462;0.6060064435005188;0.5858451724052429;0.5605201721191406;-1.6364056421025452e-07;0.009291871450841427;0.017249880358576775;0.02542322501540184;0.03479425236582756;0.0016918323235586286;0.01404844131320715;0.02360265515744686;0.029482977464795113;0.0017281450564041734;0.019757257774472237;0.028805963695049286;0.03142303600907326;0.004757252987474203;0.02305903099477291;0.029617678374052048;0.02865474671125412;0.008568940684199333;0.02298455685377121;0.03161991015076637;0.03638087958097458;0.25690943002700806;0.3090713918209076;0.3455188274383545;0.35900139808654785;0.37298160791397095;0.2782478928565979;0.31696590781211853;0.34878432750701904;0.3715606927871704;0.24562734365463257;0.2901689410209656;0.3314167261123657;0.36129331588745117;0.22899788618087769;0.27455630898475647;0.3159809410572052;0.3467838764190674;0.22421136498451233;0.2626761496067047;0.29617446660995483;0.3221301734447479;0.06676794588565826;0.06741971522569656;0.11124715209007263;0.1703449934720993;0.21872124075889587;0.09279727935791016;0.1960340440273285;0.24624529480934143;0.27500760555267334;0.12284251302480698;0.22618335485458374;0.2697669565677643;0.2863973081111908;0.1516786366701126;0.23853644728660583;0.27238473296165466;0.2848896384239197;0.17521801590919495;0.23746971786022186;0.2626468241214752;0.273464173078537;-1.8401316026483983e-07;-0.041260503232479095;-0.06828057020902634;-0.08264238387346268;-0.09437137842178345;-0.11097867786884308;-0.13737566769123077;-0.139881893992424;-0.1387529969215393;-0.09624394029378891;-0.12178696691989899;-0.11673284322023392;-0.11254646629095078;-0.07996650785207748;-0.10000935196876526;-0.09450513124465942;-0.08989155292510986;-0.06552762538194656;-0.0836816132068634;-0.08645214140415192;-0.08711604028940201;0.9861080050468445;0.9977561831474304
1772029324.0666666;0.6384574174880981;0.5746749639511108;0.5654212236404419;0.5777355432510376;0.5939875841140747;0.6138085126876831;0.633201539516449;0.6246009469032288;0.6173698306083679;0.6602804064750671;0.668000340461731;0.6550478935241699;0.6463510990142822;0.6980369091033936;0.6949698328971863;0.6794409155845642;0.6709567904472351;0.7259913682937622;0.715912938117981;0.7019737958908081;0.6939767599105835;0.42223885655403137;0.49140650033950806;0.5743496417999268;0.649329423904419;0.6870864629745483;0.6606387495994568;0.7160474061965942;0.6885387897491455;0.6573224663734436;0.6470218896865845;0.6933610439300537;0.6694244146347046;0.6386646032333374;0.6178465485572815;0.6511752605438232;0.6332303881645203;0.6020647287368774;0.5810464024543762;0.6015515923500061;0.584692656993866;0.5603008270263672;-1.5780105400153843e-07;0.009700246155261993;0.017803983762860298;0.02631562389433384;0.03645213320851326;0.0012910949299111962;0.01350486557930708;0.024045448750257492;0.031169895082712173;0.0018754807533696294;0.0200607031583786;0.029825065284967422;0.03303747996687889;0.00551694817841053;0.023894747719168663;0.030836226418614388;0.030269412323832512;0.01006284635514021;0.024932727217674255;0.03338922560214996;0.03800477087497711;0.2572409212589264;0.30992987751960754;0.34536758065223694;0.35780635476112366;0.3701713979244232;0.2763727307319641;0.31548044085502625;0.3479996919631958;0.3713393807411194;0.2437928318977356;0.2878742814064026;0.32893621921539307;0.3586443364620209;0.22781901061534882;0.27356114983558655;0.31502532958984375;0.3454950451850891;0.22374674677848816;0.2627619802951813;0.29669514298439026;0.3228593170642853;0.06886805593967438;0.06864849478006363;0.11003440618515015;0.16755685210227966;0.21630488336086273;0.09197314083576202;0.19684743881225586;0.24729514122009277;0.2758929133415222;0.1224750429391861;0.22696103155612946;0.2695469856262207;0.28536880016326904;0.15117773413658142;0.23891982436180115;0.2710654139518738;0.2829698324203491;0.17529240250587463;0.23688985407352448;0.2605611979961395;0.27111148834228516;-1.7680780217688152e-07;-0.044854454696178436;-0.07372406870126724;-0.08916348963975906;-0.10181667655706406;-0.11549211293458939;-0.14389856159687042;-0.1477731168270111;-0.14747531712055206;-0.09936384111642838;-0.1266801804304123;-0.12247934192419052;-0.11889183521270752;-0.08197105675935745;-0.10426565259695053;-0.0995740219950676;-0.09545055776834488;-0.06657090038061142;-0.08680689334869385;-0.0904405415058136;-0.09168103337287903;0.990814208984375;0.9978650212287903
1772029324.1;0.6487864851951599;0.5782161355018616;0.561240017414093;0.5663378238677979;0.5803571343421936;0.6200119256973267;0.6328836679458618;0.6166132688522339;0.6088110208511353;0.6674811244010925;0.6707027554512024;0.6510384678840637;0.6432373523712158;0.7051683664321899;0.7004699110984802;0.6807481050491333;0.6717255711555481;0.7287706136703491;0.7144427299499512;0.6974908709526062;0.6886807680130005;0.40486809611320496;0.47523990273475647;0.5588068962097168;0.6349596381187439;0.680201530456543;0.6416434645652771;0.7137557864189148;0.6881394386291504;0.6561084985733032;0.631112813949585;0.7019996643066406;0.676617443561554;0.644883930683136;0.6015082001686096;0.6588587164878845;0.6416481733322144;0.610122561454773;0.5630404949188232;0.5981762409210205;0.5842139720916748;0.5600190758705139;-8.120730399241438e-08;0.01318860612809658;0.028755832463502884;0.047513533383607864;0.07105501741170883;0.009107020683586597;0.03629603236913681;0.061257537454366684;0.07801202684640884;0.01618153601884842;0.04346192628145218;0.061344586312770844;0.0709603875875473;0.027804182842373848;0.05439465120434761;0.06736235320568085;0.07092645019292831;0.041247110813856125;0.0658968836069107;0.07936330139636993;0.08657632023096085;0.26100394129753113;0.3109525740146637;0.3444552421569824;0.3561477065086365;0.36690202355384827;0.27316948771476746;0.31077903509140015;0.3431135416030884;0.36710846424102783;0.24060383439064026;0.28310632705688477;0.3236043453216553;0.354532927274704;0.2253577709197998;0.2705676257610321;0.31157195568084717;0.34256890416145325;0.22250691056251526;0.2610304653644562;0.2947990298271179;0.3206436336040497;0.06669121980667114;0.06887603551149368;0.11052441596984863;0.16849660873413086;0.21761152148246765;0.09061301499605179;0.19372496008872986;0.24505096673965454;0.2749411463737488;0.12178082764148712;0.22583533823490143;0.2700866162776947;0.28715214133262634;0.15022628009319305;0.2358885556459427;0.2714250087738037;0.286807656288147;0.17407435178756714;0.23434728384017944;0.2595192790031433;0.2723636329174042;-1.7908189420268172e-07;-0.04717237129807472;-0.07729185372591019;-0.09321306645870209;-0.10617358982563019;-0.1189095750451088;-0.14823675155639648;-0.15269577503204346;-0.15278197824954987;-0.10144016146659851;-0.12977533042430878;-0.12640854716300964;-0.12323868274688721;-0.0826021209359169;-0.10573653876781464;-0.1020454689860344;-0.09849224984645844;-0.06576085090637207;-0.0863075703382492;-0.09029561281204224;-0.09165769070386887;0.9959516525268555;0.9984620213508606
1772029324.1333334;0.656499981880188;0.581773579120636;0.558424711227417;0.5593608617782593;0.5748764276504517;0.61932772397995;0.6310498118400574;0.6109653115272522;0.6036944389343262;0.6689624786376953;0.6693642139434814;0.6466311812400818;0.639811098575592;0.7076336145401001;0.6988585591316223;0.676724374294281;0.6694567203521729;0.7323842644691467;0.7113037109375;0.6921045780181885;0.6844461560249329;0.3787016272544861;0.44894981384277344;0.5343888401985168;0.6145921349525452;0.6632770895957947;0.6088542342185974;0.701911449432373;0.6786645650863647;0.6447051763534546;0.600882887840271;0.6964813470840454;0.6731652021408081;0.6390324234962463;0.5753917098045349;0.6522071957588196;0.636449933052063;0.6043717861175537;0.5402328968048096;0.5899898409843445;0.5774991512298584;0.5521207451820374;-4.427975852649979e-08;0.005795368459075689;0.014385851100087166;0.027714796364307404;0.045945703983306885;-0.014922727830708027;0.0032639133278280497;0.025927074253559113;0.04224494472146034;-0.008219636976718903;0.010456234216690063;0.02770053595304489;0.037470392882823944;0.0032335601281374693;0.022906417027115822;0.036162011325359344;0.04039682075381279;0.016216455027461052;0.03408551216125488;0.04662715271115303;0.05354464054107666;0.2621828615665436;0.31112250685691833;0.34281235933303833;0.35350021719932556;0.364127516746521;0.27190035581588745;0.30911198258399963;0.33895301818847656;0.36075201630592346;0.23800157010555267;0.28180813789367676;0.320127934217453;0.3504485785961151;0.22235602140426636;0.2690203785896301;0.3079911470413208;0.33804231882095337;0.2195766717195511;0.2576843202114105;0.2892013490200043;0.31349024176597595;0.06301791220903397;0.07018876075744629;0.11313595622777939;0.17248395085334778;0.222160205245018;0.0908920168876648;0.19254206120967865;0.24431592226028442;0.27763867378234863;0.12248334288597107;0.22461922466754913;0.2696995735168457;0.28949734568595886;0.15042223036289215;0.23608987033367157;0.2727523148059845;0.28946414589881897;0.1738853007555008;0.23330791294574738;0.25844424962997437;0.27108269929885864;-2.2752341521936614e-07;-0.04696556180715561;-0.07701403647661209;-0.09300613403320312;-0.10628747195005417;-0.11695726215839386;-0.1456003189086914;-0.15034817159175873;-0.15089544653892517;-0.0992235541343689;-0.12571310997009277;-0.12253637611865997;-0.12018001824617386;-0.07993842661380768;-0.10244465619325638;-0.09919926524162292;-0.09635646641254425;-0.06255766749382019;-0.08313165605068207;-0.08697918802499771;-0.08815745264291763;0.9922637343406677;0.998833417892456
1772029324.1666667;0.661860466003418;0.5847078561782837;0.5564194917678833;0.5500551462173462;0.5589582920074463;0.6140162944793701;0.6215977668762207;0.5965114831924438;0.5869947075843811;0.665311872959137;0.6586258411407471;0.6322935819625854;0.6248344779014587;0.7035330533981323;0.6909743547439575;0.6667401194572449;0.658939003944397;0.730187714099884;0.7100360989570618;0.6900867223739624;0.6830841898918152;0.34139013290405273;0.40730714797973633;0.4910213053226471;0.5760830044746399;0.6311941146850586;0.5574644804000854;0.6692341566085815;0.6566449403762817;0.6203724145889282;0.5544465780258179;0.6608775854110718;0.6414139866828918;0.6074177622795105;0.5360430479049683;0.6197442412376404;0.6068609952926636;0.5756833553314209;0.5058743357658386;0.558864176273346;0.5483416318893433;0.521163821220398;-2.0923877741552133e-08;0.0007388488156720996;0.0029615045059472322;0.010900399647653103;0.023797472938895226;-0.03568272665143013;-0.023026427254080772;0.001759786857292056;0.021426958963274956;-0.028037957847118378;-0.01284564845263958;0.007076162379235029;0.01874665915966034;-0.01525708008557558;0.004379055928438902;0.020157137885689735;0.025068342685699463;-0.0013302690349519253;0.01691662147641182;0.030345559120178223;0.037439122796058655;0.2622414529323578;0.30963122844696045;0.3405686616897583;0.3509305715560913;0.3606264293193817;0.27010083198547363;0.30590254068374634;0.33485734462738037;0.35661154985427856;0.23472994565963745;0.2778370678424835;0.3148593604564667;0.3454816937446594;0.21823261678218842;0.26578396558761597;0.30334925651550293;0.3332540988922119;0.21501857042312622;0.2541411519050598;0.28549811244010925;0.31029683351516724;0.06346543878316879;0.07205840945243835;0.11523379385471344;0.174906924366951;0.22515614330768585;0.08813755959272385;0.19092075526714325;0.2441290318965912;0.27853190898895264;0.11871139705181122;0.2222415804862976;0.2695733904838562;0.2914550304412842;0.14674852788448334;0.23320502042770386;0.27128279209136963;0.28972068428993225;0.17080053687095642;0.23018400371074677;0.2557486891746521;0.26926976442337036;-2.360989697081095e-07;-0.048567019402980804;-0.080005943775177;-0.09676752984523773;-0.11078149080276489;-0.12202302366495132;-0.15188145637512207;-0.15682552754878998;-0.1572304368019104;-0.10330778360366821;-0.13002097606658936;-0.1260066032409668;-0.12320435047149658;-0.08300319314002991;-0.10587118566036224;-0.10229296237230301;-0.099273681640625;-0.06462565064430237;-0.0850779190659523;-0.08868256956338882;-0.08977853506803513;0.9928197264671326;0.998921275138855
1772029324.2;0.6725791692733765;0.5937790870666504;0.5593772530555725;0.540658712387085;0.5449202656745911;0.6111498475074768;0.6136624813079834;0.5844433903694153;0.5706647038459778;0.6626961827278137;0.6440073251724243;0.6140663623809814;0.603618860244751;0.700609564781189;0.6755459904670715;0.6487827301025391;0.639488697052002;0.7264173030853271;0.6968518495559692;0.6732921004295349;0.6632018685340881;0.292157381772995;0.3483828604221344;0.4267786741256714;0.5082700252532959;0.5707846879959106;0.48999062180519104;0.6152291893959045;0.6214115023612976;0.5874044895172119;0.4947865903377533;0.6056959629058838;0.5969114303588867;0.5647670030593872;0.485956072807312;0.5720359086990356;0.5646787881851196;0.5331507325172424;0.4663016200065613;0.5231402516365051;0.5208480954170227;0.49705514311790466;9.98882114799926e-08;-0.006282389163970947;-0.010513030923902988;-0.007846873253583908;2.2440997781814076e-05;-0.05394534021615982;-0.05054038390517235;-0.028005162253975868;-0.006528874859213829;-0.04320185258984566;-0.034815240651369095;-0.011213470250368118;0.0059557086788117886;-0.02791028656065464;-0.013355889357626438;0.006822602823376656;0.01756032183766365;-0.012232347391545773;0.0005534646916203201;0.013819637708365917;0.02363058552145958;0.2625243663787842;0.3081216514110565;0.3382338881492615;0.348499596118927;0.3598584234714508;0.2687259614467621;0.30472105741500854;0.33269524574279785;0.3548264801502228;0.23242172598838806;0.2758013904094696;0.31303614377975464;0.3432367146015167;0.21595604717731476;0.26423874497413635;0.3016182780265808;0.3303416669368744;0.21336883306503296;0.25333520770072937;0.2845865786075592;0.3082754909992218;0.05916280299425125;0.07000155746936798;0.11444742232561111;0.17582960426807404;0.2264975905418396;0.08734773099422455;0.19091443717479706;0.24336007237434387;0.27763259410858154;0.11752618849277496;0.22521254420280457;0.26926612854003906;0.2888551950454712;0.14486627280712128;0.2347155511379242;0.2712857127189636;0.289285808801651;0.1684182584285736;0.22941631078720093;0.25415199995040894;0.2668994069099426;-2.563185432791215e-07;-0.0489756241440773;-0.08192341029644012;-0.09976523369550705;-0.11482858657836914;-0.12587416172027588;-0.15480832755565643;-0.1573513299226761;-0.1560276746749878;-0.10673139989376068;-0.13376672565937042;-0.12835031747817993;-0.1242603063583374;-0.0853164941072464;-0.10879479348659515;-0.1039600819349289;-0.10001350194215775;-0.06553925573825836;-0.08608613908290863;-0.08819457143545151;-0.0880538821220398;0.9905142188072205;0.9992482662200928
1772029324.2333333;0.6855689883232117;0.6031168699264526;0.5638719797134399;0.5396974682807922;0.5387360453605652;0.6112270951271057;0.6051440238952637;0.5768933892250061;0.5627827048301697;0.6608067750930786;0.6316789388656616;0.603609561920166;0.5941925048828125;0.6963194608688354;0.6624615788459778;0.6362573504447937;0.6282485127449036;0.7210537791252136;0.6856063604354858;0.662006676197052;0.6534298658370972;0.2468341737985611;0.2930935323238373;0.37326857447624207;0.45539483428001404;0.5163293480873108;0.43404024839401245;0.5626847743988037;0.5728538036346436;0.5451697707176208;0.44620126485824585;0.5497149229049683;0.5364581942558289;0.5053852200508118;0.4431285560131073;0.5162495970726013;0.5026645064353943;0.47060146927833557;0.4288267195224762;0.4755631685256958;0.46814262866973877;0.44313308596611023;9.460981686970626e-08;-0.008039737120270729;-0.011629731394350529;-0.009043710306286812;-0.0021200631745159626;-0.04890966787934303;-0.04758201912045479;-0.029597394168376923;-0.011579903773963451;-0.037602029740810394;-0.028419893234968185;-0.00725941825658083;0.007657731417566538;-0.022674916312098503;-0.006901848595589399;0.010507957078516483;0.018740804865956306;-0.007970857433974743;0.0058296602219343185;0.01741637848317623;0.02543056383728981;0.25971657037734985;0.30622947216033936;0.3364883065223694;0.34654533863067627;0.3576611876487732;0.26760104298591614;0.30196860432624817;0.32975804805755615;0.3526381850242615;0.23102256655693054;0.2717719078063965;0.30861327052116394;0.339652955532074;0.21481108665466309;0.26104748249053955;0.298531174659729;0.3275246024131775;0.21252867579460144;0.25141623616218567;0.28236258029937744;0.3058164715766907;0.057496458292007446;0.06907766312360764;0.11569900810718536;0.17880739271640778;0.23142096400260925;0.08797445148229599;0.19351927936077118;0.24645845592021942;0.27995795011520386;0.11787956207990646;0.2248959243297577;0.2697661817073822;0.288348525762558;0.14529383182525635;0.23534485697746277;0.2717328369617462;0.2885534465312958;0.1689969152212143;0.23046739399433136;0.25547370314598083;0.26764166355133057;-2.227347550842751e-07;-0.05310166999697685;-0.08854925632476807;-0.10759589821100235;-0.12349120527505875;-0.1351584494113922;-0.16640104353427887;-0.1692812740802765;-0.16763679683208466;-0.11363984644412994;-0.1426125168800354;-0.13644197583198547;-0.13167083263397217;-0.08992858231067657;-0.11552728712558746;-0.11046361178159714;-0.10604626685380936;-0.06792785972356796;-0.08993582427501678;-0.09226853400468826;-0.09217793494462967;0.9785556197166443;0.9992724657058716
1772029324.2666667;0.6922078728675842;0.6113247871398926;0.568326473236084;0.539906919002533;0.5392460227012634;0.6169112920761108;0.5990673899650574;0.5671632289886475;0.5463570356369019;0.6631942391395569;0.616609513759613;0.5836082696914673;0.5671680569648743;0.6937122344970703;0.644963800907135;0.6139208078384399;0.5999062657356262;0.7127290368080139;0.6704390048980713;0.6419646143913269;0.6277510523796082;0.21462483704090118;0.25768935680389404;0.3310666084289551;0.40980052947998047;0.4698900282382965;0.38287675380706787;0.5148192048072815;0.5399772524833679;0.5283697843551636;0.40215644240379333;0.5048215389251709;0.5018879771232605;0.478273868560791;0.4086816906929016;0.48316341638565063;0.4781132638454437;0.4503914415836334;0.40482237935066223;0.45183390378952026;0.4510294198989868;0.4296104311943054;2.8274533292460546e-07;-0.013484396040439606;-0.021241122856736183;-0.019966712221503258;-0.014075692743062973;-0.0678555816411972;-0.07178130000829697;-0.05542391538619995;-0.03702468425035477;-0.051774024963378906;-0.04625483974814415;-0.022699031978845596;-0.004724448546767235;-0.03140469640493393;-0.01937694661319256;-0.0015245354734361172;0.009055448696017265;-0.011135305278003216;0.0008819713839329779;0.012380199506878853;0.021761804819107056;0.2614707946777344;0.30783042311668396;0.3366178572177887;0.34605732560157776;0.35682711005210876;0.26355400681495667;0.29864320158958435;0.3283294439315796;0.35139453411102295;0.22823864221572876;0.2694413959980011;0.3078213036060333;0.3394005596637726;0.21319136023521423;0.25882571935653687;0.29757317900657654;0.32806655764579773;0.2117607593536377;0.25057023763656616;0.28276684880256653;0.3076375126838684;0.055365435779094696;0.06910134106874466;0.1159277930855751;0.17943234741687775;0.23125827312469482;0.09016018360853195;0.1979440450668335;0.25053632259368896;0.2828698754310608;0.11860416829586029;0.22799453139305115;0.2714451849460602;0.2891536355018616;0.14415103197097778;0.2360040843486786;0.2723968029022217;0.28902503848075867;0.16658943891525269;0.23021963238716125;0.25642433762550354;0.2699143886566162;-2.4175801627279725e-07;-0.050838910043239594;-0.08335106819868088;-0.10051491111516953;-0.1145721971988678;-0.12371765822172165;-0.15207481384277344;-0.1551949828863144;-0.15444812178611755;-0.10318435728549957;-0.13091307878494263;-0.1274062842130661;-0.12450246512889862;-0.08065467327833176;-0.10421997308731079;-0.10091232508420944;-0.09789315611124039;-0.05994027853012085;-0.08095602691173553;-0.08460887521505356;-0.08555147796869278;0.970117449760437;0.9993631839752197
1772029324.3;0.6979203224182129;0.6133958697319031;0.5721921920776367;0.5461834073066711;0.544505774974823;0.6285594701766968;0.604926586151123;0.5697177052497864;0.5495049357414246;0.6730028986930847;0.6230964064598083;0.5881822109222412;0.5712714195251465;0.701272189617157;0.6514990329742432;0.620690643787384;0.6083884239196777;0.7193349003791809;0.6770249009132385;0.650917112827301;0.6380823850631714;0.1973813772201538;0.23635227978229523;0.3095940351486206;0.38758787512779236;0.4472507834434509;0.35980749130249023;0.4884487986564636;0.5122826099395752;0.4998449683189392;0.3813113868236542;0.4863474369049072;0.4879896342754364;0.4680555462837219;0.3888453543186188;0.4643799066543579;0.46052101254463196;0.43480804562568665;0.38653525710105896;0.4300440549850464;0.42739027738571167;0.4065200686454773;4.5933941805742506e-07;-0.020274877548217773;-0.03023645654320717;-0.0286801066249609;-0.021717999130487442;-0.07941339910030365;-0.07946567237377167;-0.05621746554970741;-0.03314356878399849;-0.05875394865870476;-0.052263110876083374;-0.024024389684200287;-0.002010297728702426;-0.03338905796408653;-0.020718513056635857;0.00129577680490911;0.015224892646074295;-0.008618935942649841;0.002846355549991131;0.015333262272179127;0.026138264685869217;0.26058879494667053;0.30591803789138794;0.334624707698822;0.34374454617500305;0.3540755808353424;0.26334142684936523;0.2981126010417938;0.32566264271736145;0.3481026887893677;0.2268074005842209;0.26780346035957336;0.3052889108657837;0.33691221475601196;0.21086856722831726;0.2570415735244751;0.29469922184944153;0.32417353987693787;0.2090982049703598;0.24825531244277954;0.2804005742073059;0.3049345314502716;0.05068556219339371;0.06776931136846542;0.11731334775686264;0.18277154862880707;0.23537659645080566;0.09416086971759796;0.20372359454631805;0.2530233860015869;0.28323400020599365;0.12085441499948502;0.23260840773582458;0.2737482488155365;0.29011911153793335;0.14565609395503998;0.23879660665988922;0.27379775047302246;0.28998270630836487;0.16728533804416656;0.23070017993450165;0.25577932596206665;0.2688332796096802;-2.6209303882751556e-07;-0.04980754479765892;-0.08209580183029175;-0.09859515726566315;-0.11160025745630264;-0.12549325823783875;-0.15107586979866028;-0.14984072744846344;-0.1457667499780655;-0.10424941778182983;-0.12982992827892303;-0.12316377460956573;-0.1178508773446083;-0.08044181019067764;-0.10255437344312668;-0.0978051945567131;-0.09379458427429199;-0.058146923780441284;-0.07810895144939423;-0.08081059902906418;-0.0809410810470581;0.9651167392730713;0.9993179440498352
1772029324.3333333;0.6995211243629456;0.6173936724662781;0.5768299102783203;0.5508272051811218;0.5471665859222412;0.6304306387901306;0.6111435890197754;0.580581784248352;0.5632368922233582;0.6748501658439636;0.630189061164856;0.5986875891685486;0.5823987126350403;0.7042652368545532;0.6578884720802307;0.6281476020812988;0.6152479648590088;0.72307950258255;0.6794872283935547;0.6521737575531006;0.6383392214775085;0.18736349046230316;0.2290847897529602;0.3008674085140228;0.3760809898376465;0.4370231330394745;0.3392764627933502;0.46135109663009644;0.49073827266693115;0.48535534739494324;0.36255601048469543;0.46595728397369385;0.4698987305164337;0.45109689235687256;0.3760374188423157;0.45459848642349243;0.4496539235115051;0.42563164234161377;0.38104182481765747;0.4217648208141327;0.42019933462142944;0.40201014280319214;4.5494331857298675e-07;-0.026385163888335228;-0.03967937082052231;-0.03752501308917999;-0.029422583058476448;-0.10708099603652954;-0.1057540774345398;-0.07402092963457108;-0.043928470462560654;-0.08109479397535324;-0.07279571890830994;-0.03382105007767677;-0.0034596347250044346;-0.0493910051882267;-0.03816301375627518;-0.011422034353017807;0.007144477684050798;-0.017958519980311394;-0.0075784893706440926;0.005353657994419336;0.017095420509576797;0.2590537965297699;0.30525651574134827;0.3341037333011627;0.3418608009815216;0.3506917357444763;0.2614209055900574;0.29459047317504883;0.3225283920764923;0.34516316652297974;0.2251330465078354;0.26518020033836365;0.30250856280326843;0.33396852016448975;0.2093200981616974;0.25599992275238037;0.29313308000564575;0.3221336901187897;0.2076951563358307;0.24717256426811218;0.2783992886543274;0.30200469493865967;0.05155785381793976;0.068196602165699;0.11925157159566879;0.18380486965179443;0.2356622815132141;0.09468363225460052;0.20428219437599182;0.25523433089256287;0.2875150144100189;0.12191084027290344;0.23369058966636658;0.2757883667945862;0.29234057664871216;0.1474011391401291;0.23947365581989288;0.273968368768692;0.2896895408630371;0.1693606823682785;0.23134948313236237;0.2551131844520569;0.267311692237854;-2.482758532096341e-07;-0.05001634731888771;-0.08171852678060532;-0.09755335003137589;-0.11010760068893433;-0.12458307296037674;-0.15137626230716705;-0.1529630571603775;-0.1509331464767456;-0.10305304825305939;-0.12883904576301575;-0.1233084499835968;-0.11871153116226196;-0.07908771187067032;-0.0999632328748703;-0.09453736245632172;-0.09025019407272339;-0.05694030970335007;-0.07555403560400009;-0.07736409455537796;-0.07695017755031586;0.9533840417861938;0.998933732509613
1772029324.3666666;0.698192834854126;0.620879054069519;0.577314555644989;0.5537930727005005;0.5512520670890808;0.6374788880348206;0.6190494298934937;0.5877187848091125;0.568079948425293;0.6807904839515686;0.635705828666687;0.6009226441383362;0.5834543108940125;0.708027184009552;0.6594339609146118;0.6282792687416077;0.6140057444572449;0.7241545915603638;0.6802673935890198;0.652921199798584;0.6384632587432861;0.1912381649017334;0.22632773220539093;0.29945096373558044;0.37885868549346924;0.4423024356365204;0.33277127146720886;0.45452600717544556;0.48368239402770996;0.4865148663520813;0.35493022203445435;0.46398892998695374;0.46995171904563904;0.45315176248550415;0.36977094411849976;0.4559571146965027;0.452190637588501;0.4292040467262268;0.3763602375984192;0.4235994517803192;0.4227735996246338;0.4072474241256714;5.276403385323647e-07;-0.028954772278666496;-0.04245077818632126;-0.041250020265579224;-0.03466742858290672;-0.09711349010467529;-0.09784631431102753;-0.07421085983514786;-0.052264731377363205;-0.07317186892032623;-0.07159191370010376;-0.04598728194832802;-0.025948943570256233;-0.044138651341199875;-0.0355563759803772;-0.016147740185260773;-0.0037600137293338776;-0.016213586553931236;-0.008941259235143661;-0.000974968308582902;0.006177302449941635;0.25929346680641174;0.3034898340702057;0.3318960964679718;0.34037619829177856;0.35028696060180664;0.2580665647983551;0.2904495596885681;0.31807178258895874;0.34172290563583374;0.22244922816753387;0.2614527642726898;0.2983461916446686;0.33028167486190796;0.20707747340202332;0.25280892848968506;0.28928282856941223;0.3189451992511749;0.2059534341096878;0.24473679065704346;0.27496588230133057;0.2985275983810425;0.04970640689134598;0.06855589896440506;0.12069690227508545;0.18547990918159485;0.2373048961162567;0.09712737053632736;0.2054862380027771;0.2556203603744507;0.28724974393844604;0.12184913456439972;0.23330798745155334;0.2753964960575104;0.29311707615852356;0.14562997221946716;0.23879393935203552;0.27407196164131165;0.2905038595199585;0.16695290803909302;0.23023632168769836;0.255296528339386;0.2690320312976837;-2.3681579364165373e-07;-0.05108919367194176;-0.08358127623796463;-0.10000969469547272;-0.11294430494308472;-0.12479282170534134;-0.15102754533290863;-0.15178214013576508;-0.1491812765598297;-0.10281834006309509;-0.12855276465415955;-0.12365283071994781;-0.11960713565349579;-0.07835589349269867;-0.09924928098917007;-0.09448942542076111;-0.09079093486070633;-0.05578181892633438;-0.07490195333957672;-0.07754403352737427;-0.07773424685001373;0.9651340246200562;0.99886554479599
1772029324.4;0.6963574886322021;0.6216400861740112;0.5788482427597046;0.5562756061553955;0.5575913786888123;0.6472302675247192;0.6223410964012146;0.5919991135597229;0.5727585554122925;0.6878032684326172;0.6398177146911621;0.6028932929039001;0.583423912525177;0.7115345597267151;0.6593354940414429;0.625934362411499;0.6083170771598816;0.7234382629394531;0.6792067885398865;0.6518445014953613;0.6358256340026855;0.1974869966506958;0.23105235397815704;0.30026087164878845;0.3772745132446289;0.43679749965667725;0.35035306215286255;0.4651828110218048;0.49183565378189087;0.49364376068115234;0.3687593340873718;0.4676457643508911;0.4712313413619995;0.45325127243995667;0.37710896134376526;0.4542207419872284;0.45111480355262756;0.42942315340042114;0.3785208761692047;0.42422905564308167;0.4236328899860382;0.4095394015312195;5.289428486321412e-07;-0.029052501544356346;-0.04082699865102768;-0.040178243070840836;-0.03469312563538551;-0.07478148490190506;-0.07542509585618973;-0.058938100934028625;-0.04350496083498001;-0.05286103114485741;-0.05238969624042511;-0.0360422320663929;-0.02324485220015049;-0.027524283155798912;-0.021937288343906403;-0.010563625022768974;-0.0038557318039238453;-0.0035571216139942408;-0.0004294868267606944;0.0030932468362152576;0.0069514112547039986;0.2582869231700897;0.3050323724746704;0.33272337913513184;0.33731019496917725;0.34653064608573914;0.2564263343811035;0.2861086130142212;0.31400004029273987;0.3372792601585388;0.22093532979488373;0.2591233551502228;0.2959747910499573;0.32678836584091187;0.20586353540420532;0.25146228075027466;0.2869409918785095;0.3141373097896576;0.20472878217697144;0.24353325366973877;0.27342912554740906;0.29564598202705383;0.0566892996430397;0.07393532246351242;0.12674139440059662;0.19152343273162842;0.24292345345020294;0.09906672686338425;0.20696429908275604;0.257790207862854;0.29013872146606445;0.12555839121341705;0.23502250015735626;0.27688437700271606;0.2948610484600067;0.15092891454696655;0.24027973413467407;0.27364277839660645;0.28949204087257385;0.1726522296667099;0.23221588134765625;0.2550462484359741;0.26737165451049805;-2.624483954605239e-07;-0.05117732658982277;-0.08271313458681107;-0.09857424348592758;-0.11130115389823914;-0.11936044692993164;-0.14772716164588928;-0.15338650345802307;-0.15416744351387024;-0.09745819121599197;-0.12269467860460281;-0.11985906958580017;-0.11768658459186554;-0.07376889884471893;-0.09363530576229095;-0.08946903795003891;-0.08660395443439484;-0.05234778672456741;-0.06978181004524231;-0.0718894824385643;-0.07220274209976196;0.9782045483589172;0.9992926120758057
1772029324.4333334;0.6943359375;0.6215363144874573;0.5792906284332275;0.558953583240509;0.5651013851165771;0.6434588432312012;0.6219379901885986;0.5924493670463562;0.5719107389450073;0.6841788291931152;0.6413775682449341;0.6056346297264099;0.5834683775901794;0.7075878381729126;0.6591827869415283;0.6267659664154053;0.6073310375213623;0.7194373607635498;0.6759738922119141;0.6489669680595398;0.6307397484779358;0.21206507086753845;0.2431369572877884;0.3124072551727295;0.3878486156463623;0.4466049373149872;0.3559572100639343;0.4678759276866913;0.5031538009643555;0.5126907825469971;0.37363243103027344;0.4760154187679291;0.4920502007007599;0.485529363155365;0.3843526840209961;0.4632982313632965;0.4691406786441803;0.45594218373298645;0.3878578245639801;0.4358474612236023;0.4417514204978943;0.4328559935092926;5.860700298399024e-07;-0.03381537273526192;-0.048410914838314056;-0.04691476374864578;-0.04035182297229767;-0.10127026587724686;-0.10186340659856796;-0.07917890697717667;-0.0577983520925045;-0.07329244911670685;-0.07126635313034058;-0.04381725192070007;-0.021767735481262207;-0.040511079132556915;-0.0332084596157074;-0.01335935853421688;0.0005870838067494333;-0.009013745933771133;-0.002061711624264717;0.006592014338821173;0.014907456934452057;0.258125901222229;0.3042331337928772;0.33247703313827515;0.3375166356563568;0.3431430160999298;0.2559768259525299;0.2844948172569275;0.31148314476013184;0.33517950773239136;0.2200540006160736;0.25726109743118286;0.29360470175743103;0.32549309730529785;0.20477765798568726;0.24924010038375854;0.2845078408718109;0.31262457370758057;0.20315027236938477;0.2418045997619629;0.27146995067596436;0.2939905524253845;0.05812142789363861;0.07614140212535858;0.12731251120567322;0.18974104523658752;0.24125227332115173;0.09857045859098434;0.20531964302062988;0.2564454674720764;0.28911060094833374;0.12423741072416306;0.23216937482357025;0.2757749557495117;0.29443439841270447;0.14938296377658844;0.2384527176618576;0.2723830044269562;0.28753381967544556;0.17153963446617126;0.2305913120508194;0.25429844856262207;0.2665160596370697;-2.554239415530901e-07;-0.05296874791383743;-0.08586593717336655;-0.1029941737651825;-0.11691942065954208;-0.12296117097139359;-0.15306265652179718;-0.15886372327804565;-0.15921562910079956;-0.10036581009626389;-0.12760373950004578;-0.12481862306594849;-0.12215737253427505;-0.07616835832595825;-0.09872829914093018;-0.09547949582338333;-0.0924379900097847;-0.0541856549680233;-0.0737064778804779;-0.07685626298189163;-0.07738141715526581;0.9812714457511902;0.9992799162864685
1772029324.4666667;0.6901727318763733;0.6183304190635681;0.5743235945701599;0.5550851821899414;0.5691468715667725;0.6414892077445984;0.6213057041168213;0.5882179737091064;0.564648449420929;0.6828818321228027;0.6393532156944275;0.5990349650382996;0.575425922870636;0.706432580947876;0.6575036644935608;0.620489239692688;0.6001362800598145;0.7173051834106445;0.6719792485237122;0.6430216431617737;0.6263844966888428;0.2305936962366104;0.2503785490989685;0.31924188137054443;0.3995455205440521;0.45193934440612793;0.35702890157699585;0.4783332347869873;0.5141502618789673;0.5238010287284851;0.379759818315506;0.49355238676071167;0.5085129737854004;0.49765169620513916;0.3952901363372803;0.48408573865890503;0.48424845933914185;0.46373844146728516;0.4022318720817566;0.45452213287353516;0.45567142963409424;0.44165846705436707;6.139007382444106e-07;-0.038056131452322006;-0.05472899228334427;-0.056208107620477676;-0.052917808294296265;-0.09784235805273056;-0.10562892258167267;-0.09185093641281128;-0.07739592343568802;-0.07240819931030273;-0.07821156829595566;-0.0609426312148571;-0.04659046605229378;-0.04342416301369667;-0.04287329688668251;-0.031179826706647873;-0.023272443562746048;-0.01639494113624096;-0.017072780057787895;-0.01473855972290039;-0.011484049260616302;0.2609070837497711;0.3051578402519226;0.331010103225708;0.33469587564468384;0.34229153394699097;0.2541354298591614;0.28050196170806885;0.30793696641921997;0.33162587881088257;0.21905353665351868;0.25507140159606934;0.2903970777988434;0.3221031725406647;0.20447248220443726;0.24778026342391968;0.2821095585823059;0.31051477789878845;0.2027565836906433;0.24046748876571655;0.2693149447441101;0.2917090356349945;0.058110855519771576;0.07727465778589249;0.1287335604429245;0.192463681101799;0.24445104598999023;0.0994827002286911;0.20543183386325836;0.2549263536930084;0.2866743505001068;0.12296818196773529;0.2285759150981903;0.2729179859161377;0.2935413718223572;0.14730384945869446;0.23516616225242615;0.270247220993042;0.28725552558898926;0.16941863298416138;0.22897213697433472;0.2533412575721741;0.26681965589523315;-2.6837480504582345e-07;-0.053033411502838135;-0.0857682079076767;-0.10278089344501495;-0.11669456958770752;-0.12056157737970352;-0.14982163906097412;-0.15610316395759583;-0.1570204794406891;-0.097491554915905;-0.12285571545362473;-0.12100883573293686;-0.11982493847608566;-0.0728524774312973;-0.09436172246932983;-0.09253617376089096;-0.09107068181037903;-0.05037331581115723;-0.06948653608560562;-0.07330861687660217;-0.07468362152576447;0.9866356253623962;0.9993839263916016
1772029324.5;0.6829734444618225;0.6108834743499756;0.5675169825553894;0.5501091480255127;0.5693015456199646;0.6340263485908508;0.6149677038192749;0.5775710940361023;0.555121123790741;0.6756600141525269;0.6333469152450562;0.5888704657554626;0.569036066532135;0.6989130973815918;0.6549310684204102;0.6137629151344299;0.5955337285995483;0.7107772827148438;0.6699182391166687;0.6379520297050476;0.6210691928863525;0.24533960223197937;0.2629185914993286;0.3286992907524109;0.40771493315696716;0.4564893841743469;0.3704949915409088;0.4906824231147766;0.5208374261856079;0.5163113474845886;0.3913491666316986;0.5121179223060608;0.5162593722343445;0.4897523522377014;0.40581193566322327;0.5076245069503784;0.5042551159858704;0.47643640637397766;0.4111182689666748;0.47571036219596863;0.47738078236579895;0.4595169723033905;5.510146365850233e-07;-0.03739689663052559;-0.056535009294748306;-0.06041684001684189;-0.05898822471499443;-0.10619454830884933;-0.1170806810259819;-0.10117696225643158;-0.08328995853662491;-0.08160400390625;-0.09314063936471939;-0.07360747456550598;-0.0545860193669796;-0.05277879908680916;-0.05773859843611717;-0.04257521033287048;-0.02936907671391964;-0.02523164078593254;-0.03010711446404457;-0.02609919384121895;-0.019558189436793327;0.26061683893203735;0.30510544776916504;0.3315306305885315;0.3346753716468811;0.3389396667480469;0.25531110167503357;0.28132539987564087;0.30879783630371094;0.3331213593482971;0.2194526344537735;0.2548302710056305;0.29135599732398987;0.3242175281047821;0.20475536584854126;0.24835388362407684;0.28372204303741455;0.3119456171989441;0.2028716653585434;0.24161452054977417;0.2714708745479584;0.29340192675590515;0.056240715086460114;0.07624715566635132;0.12831687927246094;0.1923883557319641;0.24698781967163086;0.10083010047674179;0.2086571305990219;0.2578747570514679;0.2900967299938202;0.12319564819335938;0.23206984996795654;0.2746620774269104;0.29336193203926086;0.14732858538627625;0.23843105137348175;0.27024996280670166;0.2842828333377838;0.16951613128185272;0.22902683913707733;0.25110793113708496;0.2627159059047699;-2.602040183319332e-07;-0.05690751597285271;-0.09230741113424301;-0.11068524420261383;-0.12601116299629211;-0.129746675491333;-0.15964804589748383;-0.16485191881656647;-0.16481168568134308;-0.10443680733442307;-0.12992329895496368;-0.12671121954917908;-0.12476805597543716;-0.07725117355585098;-0.09863996505737305;-0.09590054303407669;-0.0943484678864479;-0.052330948412418365;-0.07198774069547653;-0.07542357593774796;-0.07660769671201706;0.9711418747901917;0.9994716048240662
1772029324.5333333;0.6742872595787048;0.5984869599342346;0.5539828538894653;0.5423558354377747;0.5671020746231079;0.6203413009643555;0.604706346988678;0.566196084022522;0.5468617081642151;0.6629841923713684;0.6210420727729797;0.5754746198654175;0.561038613319397;0.6861485838890076;0.6434230804443359;0.6000351905822754;0.5856223702430725;0.6984898447990417;0.6587365865707397;0.6255819201469421;0.6121885180473328;0.2605428397655487;0.2682543992996216;0.33837392926216125;0.41923046112060547;0.45423030853271484;0.3825840950012207;0.5105095505714417;0.5299089550971985;0.5094037055969238;0.4076789319515228;0.538447916507721;0.5353344082832336;0.5017406940460205;0.42314770817756653;0.5381481051445007;0.5284973382949829;0.493396520614624;0.4281670153141022;0.5040952563285828;0.5000245571136475;0.4756455421447754;4.522183019162185e-07;-0.03554616868495941;-0.05296598747372627;-0.05749843642115593;-0.0570056214928627;-0.09399571269750595;-0.10720479488372803;-0.09445568919181824;-0.07891835272312164;-0.07387452572584152;-0.08790531009435654;-0.07263107597827911;-0.05662628263235092;-0.0507214330136776;-0.059718575328588486;-0.047352273017168045;-0.03585439547896385;-0.02896990068256855;-0.040815237909555435;-0.039904262870550156;-0.03518081456422806;0.2632186710834503;0.305990606546402;0.3320666253566742;0.3362070620059967;0.3404725193977356;0.2550696134567261;0.28052762150764465;0.30881714820861816;0.33344006538391113;0.21973353624343872;0.25487786531448364;0.29150688648223877;0.32452285289764404;0.20518788695335388;0.24871733784675598;0.28405001759529114;0.31267794966697693;0.20353592932224274;0.24180519580841064;0.27200785279273987;0.294523149728775;0.057490698993206024;0.07753834128379822;0.12847942113876343;0.19123265147209167;0.2446662187576294;0.09812571853399277;0.2055497169494629;0.2562224864959717;0.28910645842552185;0.12054114043712616;0.22907382249832153;0.2730025053024292;0.29288554191589355;0.14404967427253723;0.23488987982273102;0.26866382360458374;0.28467875719070435;0.1658918559551239;0.22682639956474304;0.25057119131088257;0.26330456137657166;-2.6042468448395084e-07;-0.0567752867937088;-0.09207285195589066;-0.1107148677110672;-0.12638121843338013;-0.12812373042106628;-0.15848833322525024;-0.16493037343025208;-0.1659742295742035;-0.10338954627513885;-0.1291947066783905;-0.1271611601114273;-0.1262263059616089;-0.07695812731981277;-0.09781219065189362;-0.09511679410934448;-0.09390807151794434;-0.0529676117002964;-0.07201990485191345;-0.0753718838095665;-0.07669196277856827;0.9676533937454224;0.999214231967926
1772029324.5666666;0.66102135181427;0.583520770072937;0.5351979732513428;0.5260034799575806;0.5487340092658997;0.6022396087646484;0.590333104133606;0.5526966452598572;0.541982889175415;0.6430001854896545;0.605505645275116;0.5603799223899841;0.5529330968856812;0.6653067469596863;0.6249779462814331;0.5802631974220276;0.5703731775283813;0.6786566376686096;0.6392756700515747;0.6037938594818115;0.5924271941184998;0.28196537494659424;0.282048761844635;0.34749993681907654;0.4210387170314789;0.45367303490638733;0.405909925699234;0.5345921516418457;0.5434434413909912;0.5075033903121948;0.4313986301422119;0.5657714009284973;0.558322012424469;0.5149726271629333;0.44767001271247864;0.5671625137329102;0.5573201179504395;0.518437922000885;0.45369669795036316;0.5355792045593262;0.5345112085342407;0.5079891681671143;3.309483815883141e-07;-0.033683083951473236;-0.05021490156650543;-0.055466409772634506;-0.05447421222925186;-0.0897550955414772;-0.10810309648513794;-0.0966600626707077;-0.07951154559850693;-0.07242406904697418;-0.09195741266012192;-0.07812467962503433;-0.06042332574725151;-0.0530170276761055;-0.06748122721910477;-0.05538938567042351;-0.041116103529930115;-0.034886159002780914;-0.05155039206147194;-0.05186646431684494;-0.04585396870970726;0.263439804315567;0.3055958151817322;0.33153998851776123;0.33478981256484985;0.3377682864665985;0.2566331923007965;0.2818700075149536;0.308488130569458;0.3316987454891205;0.22121495008468628;0.25693801045417786;0.29340484738349915;0.3257402777671814;0.20637007057666779;0.2485055923461914;0.2832474112510681;0.3108217716217041;0.20433320105075836;0.2412852942943573;0.27051204442977905;0.2917526662349701;0.05318789929151535;0.0746726468205452;0.12619444727897644;0.18999847769737244;0.2444893717765808;0.10479980707168579;0.21131807565689087;0.2584664225578308;0.28888458013534546;0.12366645038127899;0.233384370803833;0.27486246824264526;0.29370397329330444;0.1442990005016327;0.2376478910446167;0.2696671187877655;0.2842847406864166;0.16333608329296112;0.2260705530643463;0.24816322326660156;0.2595311105251312;-2.888275503210025e-07;-0.054253630340099335;-0.087953582406044;-0.10567216575145721;-0.12038454413414001;-0.12181420624256134;-0.14897717535495758;-0.1528719663619995;-0.15237124264240265;-0.09774865210056305;-0.12139888852834702;-0.11861208826303482;-0.11732402443885803;-0.07191857695579529;-0.09209403395652771;-0.0905289575457573;-0.09010356664657593;-0.04816178232431412;-0.06742553412914276;-0.0716807171702385;-0.07365134358406067;0.9363745450973511;0.9995594620704651
1772029324.6;0.645425021648407;0.5650253891944885;0.5126115679740906;0.5059552788734436;0.5302072167396545;0.5762574672698975;0.5574607849121094;0.5267744064331055;0.5240327715873718;0.6179966330528259;0.5828173160552979;0.5475144386291504;0.5463131070137024;0.6446467638015747;0.6087564826011658;0.5724712610244751;0.5670243501663208;0.6607052683830261;0.6236236095428467;0.5949678421020508;0.5893952250480652;0.295407235622406;0.3000704348087311;0.3705431818962097;0.44605302810668945;0.47715169191360474;0.4503810405731201;0.5708714723587036;0.5554330945014954;0.5128958225250244;0.4739325940608978;0.5956642627716064;0.5769664645195007;0.5362747311592102;0.4830273389816284;0.5953556299209595;0.5779812932014465;0.5414438247680664;0.47906094789505005;0.5577414035797119;0.5509039759635925;0.5266107320785522;1.898038561876092e-07;-0.02889007329940796;-0.03874541446566582;-0.037778954952955246;-0.03022719733417034;-0.06721850484609604;-0.07442836463451385;-0.06019919738173485;-0.043802838772535324;-0.049988165497779846;-0.05612419918179512;-0.04296671226620674;-0.029884621500968933;-0.030940938740968704;-0.0342375710606575;-0.02353781647980213;-0.014233749359846115;-0.013049781322479248;-0.019958646968007088;-0.017520632594823837;-0.012567993253469467;0.26180386543273926;0.30531764030456543;0.3320845663547516;0.33636438846588135;0.3405943512916565;0.25491926074028015;0.2794303894042969;0.3081192076206207;0.3338727355003357;0.21956980228424072;0.2556203007698059;0.29385724663734436;0.3277219831943512;0.20515617728233337;0.24882248044013977;0.28550097346305847;0.3150944709777832;0.20364688336849213;0.2420002669095993;0.2731108069419861;0.2962416112422943;0.05571143329143524;0.07367400825023651;0.12541563808918;0.19001205265522003;0.24485090374946594;0.09820179641246796;0.20739752054214478;0.25620758533477783;0.2877940535545349;0.12162065505981445;0.232715904712677;0.27480167150497437;0.2941606044769287;0.1463891565799713;0.2394942045211792;0.27080008387565613;0.2855634093284607;0.168699711561203;0.23050285875797272;0.2523331046104431;0.2644258737564087;-2.70397492840857e-07;-0.05686130374670029;-0.09188927710056305;-0.10997800529003143;-0.1246560588479042;-0.12887775897979736;-0.15849153697490692;-0.16301368176937103;-0.1625700294971466;-0.10400939732789993;-0.13010965287685394;-0.12682579457759857;-0.12465669214725494;-0.07743488997220993;-0.09889393299818039;-0.09539009630680084;-0.0932377502322197;-0.05327608436346054;-0.07339201867580414;-0.07692700624465942;-0.07801444083452225;0.8968906998634338;0.9992616772651672
1772029324.6333334;0.6270797848701477;0.5454158782958984;0.4878706932067871;0.47759103775024414;0.4989369809627533;0.5487708449363708;0.525212287902832;0.49992069602012634;0.4985104203224182;0.5935217142105103;0.5565117001533508;0.5282283425331116;0.529078483581543;0.6242315769195557;0.588755190372467;0.5603958964347839;0.5580912232398987;0.6444520950317383;0.6093580722808838;0.5858373045921326;0.5825409293174744;0.31868359446525574;0.3273186683654785;0.3907923996448517;0.467538058757782;0.5062485933303833;0.4793553352355957;0.5988800525665283;0.5848398804664612;0.5482566952705383;0.5029078125953674;0.6248673796653748;0.6056524515151978;0.5704385638237;0.5106847286224365;0.6228058338165283;0.6035716533660889;0.5702536106109619;0.5048217177391052;0.5860264301300049;0.5772562623023987;0.5540848970413208;1.3271321108732081e-07;-0.016855677589774132;-0.022179823368787766;-0.019089113920927048;-0.010632509365677834;-0.052633922547101974;-0.055047087371349335;-0.03951388970017433;-0.024000268429517746;-0.041027773171663284;-0.042844053357839584;-0.02838907763361931;-0.01638648845255375;-0.02675051987171173;-0.026705803349614143;-0.013385575264692307;-0.0038005386013537645;-0.012574421241879463;-0.013482335023581982;-0.005848569795489311;0.0012905531330034137;0.2605625092983246;0.3044009804725647;0.3301990032196045;0.33419176936149597;0.341372549533844;0.25371891260147095;0.27895769476890564;0.30684801936149597;0.3319528102874756;0.21750646829605103;0.2544918656349182;0.2921694815158844;0.32523098587989807;0.20256772637367249;0.24723432958126068;0.28313159942626953;0.31151053309440613;0.2013227641582489;0.23977738618850708;0.2700825333595276;0.29195478558540344;0.05144143104553223;0.07177739590406418;0.1250937432050705;0.19079990684986115;0.24594451487064362;0.10137919336557388;0.2087564766407013;0.25605252385139465;0.2872016727924347;0.12340094149112701;0.2331531047821045;0.2735084295272827;0.29229360818862915;0.14641202986240387;0.23875737190246582;0.2689727544784546;0.28355124592781067;0.1670478731393814;0.22802016139030457;0.250068336725235;0.26307404041290283;-2.934175142854656e-07;-0.05607232823967934;-0.0904676765203476;-0.10802704095840454;-0.12223651260137558;-0.126664400100708;-0.1546746790409088;-0.15814495086669922;-0.1572393923997879;-0.10184871405363083;-0.12596678733825684;-0.12197767198085785;-0.11974754929542542;-0.07520761340856552;-0.0950721874833107;-0.09124844521284103;-0.08938657492399216;-0.05095798894762993;-0.07002750784158707;-0.07327695935964584;-0.07449637353420258;0.9050509929656982;0.999363124370575
1772029324.6666667;0.6046809554100037;0.5249955654144287;0.4695031940937042;0.4451741576194763;0.444840669631958;0.5187714695930481;0.4905613660812378;0.47354885935783386;0.47610414028167725;0.5657427906990051;0.5276633501052856;0.5070966482162476;0.5100451707839966;0.6025784015655518;0.5685728788375854;0.546825647354126;0.5474302768707275;0.6285776495933533;0.5992751717567444;0.5809249877929688;0.5797368288040161;0.3505798280239105;0.367414653301239;0.4254402816295624;0.5062645673751831;0.5669240951538086;0.5191372036933899;0.6372052431106567;0.6144566535949707;0.5758603811264038;0.5426895618438721;0.65435791015625;0.631065309047699;0.5966974496841431;0.5488235354423523;0.6536350250244141;0.6296408176422119;0.5934088826179504;0.5421146750450134;0.6148471832275391;0.6016228199005127;0.5767459869384766;1.302573906514226e-07;-0.012743627652525902;-0.01838870532810688;-0.017711710184812546;-0.012327293865382671;-0.04042636975646019;-0.040776852518320084;-0.029167691245675087;-0.017749717459082603;-0.031342361122369766;-0.027219004929065704;-0.016498539596796036;-0.010230258107185364;-0.019738193601369858;-0.014126594178378582;-0.0028844508342444897;0.0020813927985727787;-0.008103624917566776;-0.005944913253188133;0.0017983171856030822;0.007542687468230724;0.2610059976577759;0.3048025369644165;0.3295861482620239;0.33297011256217957;0.340724378824234;0.2501886487007141;0.27676069736480713;0.30529600381851196;0.3311055302619934;0.21539929509162903;0.2534700632095337;0.29138246178627014;0.3247569501399994;0.20184816420078278;0.24671024084091187;0.2832862436771393;0.3126506209373474;0.2017904371023178;0.23968404531478882;0.2704525887966156;0.2932943105697632;0.05319007486104965;0.07136837393045425;0.1256575584411621;0.19264766573905945;0.24769340455532074;0.10014038532972336;0.20820647478103638;0.255049467086792;0.2853182554244995;0.12445259839296341;0.23353049159049988;0.27372226119041443;0.2917367219924927;0.1492992639541626;0.24009552597999573;0.2702435553073883;0.2843776345252991;0.17115025222301483;0.23036488890647888;0.25242286920547485;0.26560986042022705;-2.804105179166072e-07;-0.05828116089105606;-0.09289251267910004;-0.1097458079457283;-0.12276461720466614;-0.13108903169631958;-0.15807326138019562;-0.15953782200813293;-0.15742968022823334;-0.10490411520004272;-0.12948788702487946;-0.12466668337583542;-0.121799036860466;-0.07673956453800201;-0.09698471426963806;-0.092514269053936;-0.09016575664281845;-0.05115130543708801;-0.07115713506937027;-0.07491675764322281;-0.07641008496284485;0.96909099817276;0.9992052912712097
1772029324.7;0.5879216194152832;0.5039533376693726;0.45422106981277466;0.4349958002567291;0.4262321889400482;0.4855325222015381;0.4481959044933319;0.43611055612564087;0.44223466515541077;0.5339611172676086;0.4887547791004181;0.4766947627067566;0.4843701124191284;0.5730517506599426;0.5363556742668152;0.5212982296943665;0.5264997482299805;0.6034851670265198;0.5687718987464905;0.5530334711074829;0.554070770740509;0.39247769117355347;0.4082660973072052;0.46910908818244934;0.5531377196311951;0.6068668365478516;0.5485354661941528;0.6565479636192322;0.6436583995819092;0.6120764017105103;0.5768665075302124;0.6777957677841187;0.6494530439376831;0.6142286062240601;0.586572527885437;0.6848663091659546;0.6560086607933044;0.6187436580657959;0.5815656781196594;0.6438969969749451;0.6229163408279419;0.5959264636039734;3.7848398193318644e-08;0.004934219643473625;0.00712797325104475;0.014041570946574211;0.024129237979650497;-0.03279560059309006;-0.023017574101686478;-0.0021760864183306694;0.01442023552954197;-0.028514819219708443;-0.017093509435653687;0.00022940132475923747;0.010577334091067314;-0.01887044869363308;-0.004192407708615065;0.012036329135298729;0.01816788874566555;-0.007491704076528549;0.0031260037794709206;0.01486072689294815;0.02192331850528717;0.26066508889198303;0.3034045994281769;0.32825881242752075;0.3328552544116974;0.3404371738433838;0.25064775347709656;0.2782633304595947;0.30708047747612;0.3320744037628174;0.21547286212444305;0.2545349895954132;0.29310086369514465;0.3264627456665039;0.2012903243303299;0.24591687321662903;0.2830112874507904;0.3116154670715332;0.2001783549785614;0.23734577000141144;0.26862069964408875;0.29118555784225464;0.050167448818683624;0.07096637040376663;0.12433607131242752;0.19069887697696686;0.2462630271911621;0.101127989590168;0.2121746838092804;0.25896695256233215;0.28870004415512085;0.1241316944360733;0.2362595796585083;0.27521419525146484;0.2917216122150421;0.14747320115566254;0.2414592206478119;0.26964041590690613;0.28191179037094116;0.1680511236190796;0.2282470464706421;0.24853676557540894;0.25957226753234863;-3.1139219913711713e-07;-0.05607268586754799;-0.09014438837766647;-0.10738839954137802;-0.12126579135656357;-0.1259925365447998;-0.1534031182527542;-0.1563064604997635;-0.15503886342048645;-0.10100085288286209;-0.12485963106155396;-0.12057776004076004;-0.11814890801906586;-0.0742197260260582;-0.09425973147153854;-0.09041471034288406;-0.08845871686935425;-0.049834441393613815;-0.06963570415973663;-0.07320863008499146;-0.07450952380895615;0.9851129651069641;0.9991424679756165
1772029324.7333333;0.5746526718139648;0.49168214201927185;0.44923603534698486;0.4354516565799713;0.435255229473114;0.4612851142883301;0.4250612258911133;0.42226916551589966;0.43354496359825134;0.5076927542686462;0.46960294246673584;0.4653812050819397;0.47664859890937805;0.550962507724762;0.5193661451339722;0.5103173851966858;0.5176742672920227;0.5871979594230652;0.5621246099472046;0.5520379543304443;0.5555445551872253;0.41864338517189026;0.4435550272464752;0.5059196352958679;0.5798228979110718;0.6284388303756714;0.5791779160499573;0.6736699938774109;0.6516624689102173;0.6169101595878601;0.6091725826263428;0.6980475783348083;0.6652845144271851;0.6271364688873291;0.6194043159484863;0.7082849144935608;0.6764570474624634;0.6380100250244141;0.6132791042327881;0.6722765564918518;0.6482765078544617;0.6185777187347412;-5.936382407867313e-08;0.010437032207846642;0.011748062446713448;0.013917626813054085;0.01749262399971485;-0.02205767296254635;-0.021268799901008606;-0.01213562861084938;-0.0026731337420642376;-0.024952752515673637;-0.0166268739849329;-0.0043679215013980865;0.0029332370031625032;-0.023541027680039406;-0.010562349110841751;0.0034701728727668524;0.00884153787046671;-0.020347118377685547;-0.010782144032418728;0.0025514017324894667;0.011802387423813343;0.2584869861602783;0.30232003331184387;0.32773178815841675;0.3320925831794739;0.33981138467788696;0.24932456016540527;0.2755119204521179;0.30458033084869385;0.3305872082710266;0.21407830715179443;0.25292640924453735;0.2917943596839905;0.32590797543525696;0.19999895989894867;0.24481381475925446;0.2818584740161896;0.3110417127609253;0.19891101121902466;0.2366381287574768;0.2679615318775177;0.2911630868911743;0.051763735711574554;0.07072808593511581;0.12442019581794739;0.19163285195827484;0.2473745495080948;0.0997280701994896;0.21142129600048065;0.25850340723991394;0.2882513403892517;0.12367463111877441;0.23472382128238678;0.27469754219055176;0.2917037010192871;0.14862613379955292;0.24046148359775543;0.2699388265609741;0.28323715925216675;0.1709677278995514;0.23036038875579834;0.25167733430862427;0.26389214396476746;-2.9375755161709094e-07;-0.05919526889920235;-0.0945231094956398;-0.1121959537267685;-0.1261928528547287;-0.13081759214401245;-0.15911448001861572;-0.16208115220069885;-0.16067636013031006;-0.1041535809636116;-0.12889742851257324;-0.12471726536750793;-0.1222628504037857;-0.07581968605518341;-0.09663794934749603;-0.09319090843200684;-0.09135178476572037;-0.05006943270564079;-0.07033073902130127;-0.07436969131231308;-0.07595877349376678;0.9877706170082092;0.9991613626480103
1772029324.7666667;0.5655754804611206;0.4855469763278961;0.44768571853637695;0.43488872051239014;0.435882031917572;0.44500601291656494;0.40487638115882874;0.410683274269104;0.4255986213684082;0.4889567792415619;0.45790135860443115;0.4609355628490448;0.4700908958911896;0.5332062840461731;0.5072306990623474;0.5038785338401794;0.5103435516357422;0.5730505585670471;0.552774965763092;0.5466009974479675;0.5490354299545288;0.438230037689209;0.46415069699287415;0.5320987105369568;0.6038480401039124;0.649675726890564;0.5964975357055664;0.69081050157547;0.6788647174835205;0.6464308500289917;0.628620982170105;0.7177274227142334;0.6883513331413269;0.6514796018600464;0.641156017780304;0.7281467914581299;0.69745272397995;0.6611455082893372;0.6373320817947388;0.699073851108551;0.6749561429023743;0.6448376178741455;-1.170697103702878e-07;0.01969951018691063;0.026097726076841354;0.030934065580368042;0.03643834963440895;-0.007915940135717392;-0.0060876114293932915;0.0016837295843288302;0.010126986540853977;-0.014228006824851036;-0.004443697165697813;0.008615804836153984;0.016599848866462708;-0.016277875751256943;-0.0018830702174454927;0.013090241700410843;0.019328925758600235;-0.015886515378952026;-0.0027376858051866293;0.013125244528055191;0.0239466093480587;0.25828251242637634;0.3030546307563782;0.3281148076057434;0.3318387567996979;0.33943575620651245;0.2509402632713318;0.2755143940448761;0.30434831976890564;0.3304480016231537;0.21536481380462646;0.2520359456539154;0.2910816967487335;0.32497236132621765;0.2007969170808792;0.24386648833751678;0.2813599109649658;0.3099386990070343;0.19940078258514404;0.2352932095527649;0.26675093173980713;0.289432555437088;0.049149662256240845;0.06970130652189255;0.12503620982170105;0.1921098530292511;0.24716845154762268;0.09916858375072479;0.21271508932113647;0.26008081436157227;0.2891503572463989;0.12213173508644104;0.23665064573287964;0.2755137085914612;0.2902923822402954;0.14577530324459076;0.24138417840003967;0.2693222761154175;0.2803715169429779;0.16680170595645905;0.22881147265434265;0.2487444281578064;0.2584649324417114;-2.98927432140772e-07;-0.05728151276707649;-0.09183721989393234;-0.1090623065829277;-0.12277071923017502;-0.12950578331947327;-0.15728215873241425;-0.1599552184343338;-0.15840327739715576;-0.1037324070930481;-0.12796650826931;-0.12313921749591827;-0.12020517140626907;-0.07609225809574127;-0.09592358022928238;-0.09138862043619156;-0.0889991894364357;-0.05094029754400253;-0.07038667798042297;-0.07348746806383133;-0.07455869764089584;0.9916185140609741;0.9992099404335022
1772029324.8;0.5564213395118713;0.4794692397117615;0.44545021653175354;0.4393896162509918;0.45526978373527527;0.42720621824264526;0.39091798663139343;0.4072193205356598;0.42730915546417236;0.4673783779144287;0.44832101464271545;0.4645662009716034;0.47335168719291687;0.5126027464866638;0.49370041489601135;0.5021873712539673;0.5101293325424194;0.5562667846679688;0.5420054793357849;0.5441797375679016;0.5478105545043945;0.4556489586830139;0.4904215335845947;0.5538595914840698;0.6097022294998169;0.6448512077331543;0.6112572550773621;0.6975672841072083;0.7007145881652832;0.6759705543518066;0.6486223936080933;0.7249054312705994;0.7011027336120605;0.6676863431930542;0.6661882400512695;0.7407956123352051;0.7115728259086609;0.6780115962028503;0.6669880747795105;0.7155141234397888;0.6900863647460938;0.6603671908378601;-2.0667995670464734e-07;0.035649411380290985;0.04992736503481865;0.05892687290906906;0.06750406324863434;0.014790583401918411;0.025394711643457413;0.038465920835733414;0.04918037727475166;0.0030039926059544086;0.020277831703424454;0.03622673451900482;0.04468129575252533;-0.003761045401915908;0.018445678055286407;0.03591815382242203;0.041715335100889206;-0.0072082639671862125;0.014871044084429741;0.03457473963499069;0.04627568647265434;0.25659486651420593;0.3013733923435211;0.32709115743637085;0.3314465284347534;0.34204840660095215;0.248453289270401;0.2742406725883484;0.30416080355644226;0.3305888772010803;0.213698610663414;0.2538757920265198;0.29288461804389954;0.3260655403137207;0.19896918535232544;0.2439565658569336;0.28128981590270996;0.31070101261138916;0.19716164469718933;0.23585441708564758;0.26670461893081665;0.28964346647262573;0.04883623868227005;0.07157284766435623;0.12654370069503784;0.1941588670015335;0.24996310472488403;0.10287231206893921;0.21532303094863892;0.26176416873931885;0.2889435589313507;0.12332963943481445;0.23799444735050201;0.2768014967441559;0.2925848662853241;0.14536423981189728;0.24326783418655396;0.27266910672187805;0.285339891910553;0.16497550904750824;0.23220014572143555;0.25519198179244995;0.26738640666007996;-3.298152364550333e-07;-0.05459357425570488;-0.08813317865133286;-0.10548555850982666;-0.1191796362400055;-0.12340442091226578;-0.1506727784872055;-0.15348127484321594;-0.15204079449176788;-0.09939546883106232;-0.12356200814247131;-0.11990734189748764;-0.11791232228279114;-0.07367070019245148;-0.09400088340044022;-0.09055118262767792;-0.08862221240997314;-0.050230760127305984;-0.06980087608098984;-0.07368302345275879;-0.07528922706842422;0.9812986254692078;0.9991653561592102
1772029324.8333333;0.5495368242263794;0.4760605990886688;0.4396068751811981;0.4250125288963318;0.4313819408416748;0.41369393467903137;0.3862212300300598;0.4067058861255646;0.42424994707107544;0.4528469145298004;0.4362754821777344;0.4550933241844177;0.46230465173721313;0.4978959262371063;0.4786251485347748;0.4899292290210724;0.4984928071498871;0.5430717468261719;0.5274518132209778;0.5316981673240662;0.5367655754089355;0.4683738350868225;0.4976003170013428;0.5559704303741455;0.6124546527862549;0.6475602388381958;0.6226890087127686;0.7044692635536194;0.6997413635253906;0.6731888651847839;0.6603956818580627;0.7305017113685608;0.7059304118156433;0.6750587821006775;0.6783443689346313;0.7469325661659241;0.7178283333778381;0.6865346431732178;0.6789345741271973;0.7238314151763916;0.6979891061782837;0.6690457463264465;-3.1361238939098257e-07;0.044936470687389374;0.06449207663536072;0.07747302949428558;0.09005694836378098;0.027460450306534767;0.045399099588394165;0.061790816485881805;0.073238804936409;0.012834783643484116;0.034798115491867065;0.052408911287784576;0.061518218368291855;0.004090037662535906;0.02934509888291359;0.04779016599059105;0.054142143577337265;-0.0005451283068396151;0.025678373873233795;0.04736844077706337;0.06003667414188385;0.25678136944770813;0.30056074261665344;0.3266114890575409;0.3311254382133484;0.33790525794029236;0.2453671097755432;0.2744588553905487;0.3052912950515747;0.3328668177127838;0.210516557097435;0.25370267033576965;0.2934373617172241;0.3280225694179535;0.19641338288784027;0.2452666014432907;0.28287646174430847;0.31266626715660095;0.1956266313791275;0.2369336634874344;0.2689850926399231;0.2928154766559601;0.0526033490896225;0.07242044806480408;0.12509988248348236;0.19166973233222961;0.24814081192016602;0.10466179996728897;0.216964989900589;0.26214101910591125;0.2879660427570343;0.12666942179203033;0.23941820859909058;0.2772809565067291;0.29255175590515137;0.15032485127449036;0.24563738703727722;0.27290114760398865;0.2844499349594116;0.17131784558296204;0.235312357544899;0.25577279925346375;0.2667280435562134;-3.266730175255361e-07;-0.05753264203667641;-0.09239353239536285;-0.10999684780836105;-0.12381084263324738;-0.12991444766521454;-0.1570887565612793;-0.1584220975637436;-0.15575629472732544;-0.10422489792108536;-0.12857478857040405;-0.12416398525238037;-0.1215810626745224;-0.07661863416433334;-0.0971706211566925;-0.0935630053281784;-0.09163989871740341;-0.05136954411864281;-0.07188458740711212;-0.07582157105207443;-0.07719442993402481;0.9839631915092468;0.9992601871490479
1772029324.8666666;0.5434961318969727;0.4667458236217499;0.43130406737327576;0.41780614852905273;0.4266079068183899;0.4020429253578186;0.3850535452365875;0.4058639705181122;0.4195532202720642;0.4409998059272766;0.4276038408279419;0.4461230933666229;0.45445823669433594;0.4862319827079773;0.46941912174224854;0.4821983873844147;0.49093011021614075;0.5314244031906128;0.516453742980957;0.5218619704246521;0.527382493019104;0.477586030960083;0.5026410818099976;0.5589140057563782;0.6140620112419128;0.6505552530288696;0.6267902255058289;0.7030059695243835;0.6875808238983154;0.6581663489341736;0.6655529141426086;0.7329078912734985;0.708396852016449;0.676186203956604;0.6860727071762085;0.7501744031906128;0.7219217419624329;0.6902638077735901;0.6886467933654785;0.7316754460334778;0.7058242559432983;0.6762757301330566;-2.940045078503317e-07;0.035151805728673935;0.04867766797542572;0.056357670575380325;0.06345639377832413;0.020275112241506577;0.032389141619205475;0.04189220070838928;0.048264071345329285;0.006637118756771088;0.024136988446116447;0.0368354469537735;0.04287603124976158;-0.00221258495002985;0.018191583454608917;0.033236727118492126;0.03823048248887062;-0.007995732128620148;0.011571191251277924;0.030326170846819878;0.04212409630417824;0.25337302684783936;0.2982042729854584;0.3251945674419403;0.33070456981658936;0.3370528519153595;0.2444557100534439;0.2724694609642029;0.3028036952018738;0.3295403718948364;0.209896057844162;0.25154101848602295;0.29165011644363403;0.3262665867805481;0.19670039415359497;0.24281421303749084;0.2813417315483093;0.3109116852283478;0.19644556939601898;0.2355198860168457;0.26819726824760437;0.2917758822441101;0.05314937233924866;0.06983695924282074;0.1230202466249466;0.19173437356948853;0.24972450733184814;0.1023147702217102;0.21421359479427338;0.25992274284362793;0.28779226541519165;0.12729153037071228;0.23869526386260986;0.2767940163612366;0.2921070456504822;0.1532210260629654;0.24589505791664124;0.2717832922935486;0.28240320086479187;0.1752859205007553;0.23480546474456787;0.25432270765304565;0.26545751094818115;-3.08230369228113e-07;-0.06247550994157791;-0.09910602867603302;-0.1171111986041069;-0.13118013739585876;-0.13619469106197357;-0.16474409401416779;-0.1671297550201416;-0.16527079045772552;-0.10767187923192978;-0.13221842050552368;-0.1270379275083542;-0.12423489987850189;-0.07762313634157181;-0.09891463816165924;-0.09518563002347946;-0.09334437549114227;-0.05030450597405434;-0.07184398919343948;-0.07651177048683167;-0.07854528725147247;0.987525224685669;0.9991361498832703
1772029324.9;0.5352279543876648;0.4610882103443146;0.4263552129268646;0.41283100843429565;0.4217066466808319;0.39492523670196533;0.38140517473220825;0.40245532989501953;0.4151722192764282;0.43103763461112976;0.41985654830932617;0.4397232234477997;0.4476977288722992;0.47469085454940796;0.46097466349601746;0.47551435232162476;0.48335060477256775;0.5200997591018677;0.5092081427574158;0.5159149169921875;0.5206953287124634;0.4854058623313904;0.5090516805648804;0.5611809492111206;0.614166796207428;0.6488576531410217;0.6270281672477722;0.6977900266647339;0.6828020215034485;0.6549340486526489;0.6662449240684509;0.7306770086288452;0.708339273929596;0.6783161163330078;0.6880803108215332;0.7493245005607605;0.7224934101104736;0.6931824088096619;0.6918450593948364;0.7359338998794556;0.7106947302818298;0.6818854808807373;-3.2404102512373356e-07;0.04295657202601433;0.060439616441726685;0.07068243622779846;0.07989060878753662;0.029563745483756065;0.04626905545592308;0.058503158390522;0.06603960692882538;0.013193432241678238;0.03365086764097214;0.04743290692567825;0.05389611795544624;0.0023219871800392866;0.02547048032283783;0.041016094386577606;0.045869603753089905;-0.004819934256374836;0.018329700455069542;0.03843194618821144;0.050541751086711884;0.2553890645503998;0.2993709444999695;0.32425376772880554;0.3283005356788635;0.3360431492328644;0.24437591433525085;0.27064916491508484;0.30071714520454407;0.3272772431373596;0.20953722298145294;0.25004225969314575;0.28808632493019104;0.3215191960334778;0.1955418586730957;0.24135638773441315;0.27744340896606445;0.30634957551956177;0.1945996880531311;0.23436447978019714;0.2654579281806946;0.28874456882476807;0.048832304775714874;0.07085594534873962;0.12596946954727173;0.19383183121681213;0.24957725405693054;0.10364536941051483;0.21681612730026245;0.2636018693447113;0.2913033068180084;0.12527915835380554;0.23695150017738342;0.2763943076133728;0.2934098243713379;0.1484808772802353;0.24227061867713928;0.2708989381790161;0.28436070680618286;0.16895461082458496;0.23106306791305542;0.2520695924758911;0.2642618417739868;-3.2442042652292e-07;-0.056399986147880554;-0.0896400660276413;-0.10610903799533844;-0.11876180022954941;-0.12373362481594086;-0.15055158734321594;-0.15314918756484985;-0.15155602991580963;-0.09844525158405304;-0.12164387106895447;-0.11762575805187225;-0.11530262976884842;-0.0716860443353653;-0.09124984592199326;-0.0875648558139801;-0.08551373332738876;-0.047453153878450394;-0.06732772290706635;-0.07126067578792572;-0.07258304208517075;0.9886839985847473;0.9990586638450623
1772029324.9333334;0.5287683010101318;0.4559832215309143;0.4201640784740448;0.40646153688430786;0.4155612587928772;0.39113423228263855;0.37829524278640747;0.3988020122051239;0.4108666181564331;0.42641299962997437;0.41581952571868896;0.43521639704704285;0.44354313611984253;0.46934187412261963;0.45564210414886475;0.4701032340526581;0.47780320048332214;0.5141744017601013;0.5032118558883667;0.5108470320701599;0.515731692314148;0.4894915223121643;0.5136771202087402;0.5637403726577759;0.6132939457893372;0.64719557762146;0.6260256171226501;0.6931204199790955;0.6798955798149109;0.654255211353302;0.6656068563461304;0.7271299362182617;0.7062785029411316;0.6767829060554504;0.68794184923172;0.7469210028648376;0.7218199968338013;0.6932891011238098;0.6926262974739075;0.7364981174468994;0.7126508951187134;0.6848740577697754;-2.6577342282507743e-07;0.03621859848499298;0.05060027539730072;0.05857936665415764;0.06551101058721542;0.026027943938970566;0.03985513001680374;0.04922209680080414;0.054844312369823456;0.011362073011696339;0.02923830971121788;0.040556684136390686;0.045856405049562454;0.0013494024751707911;0.020865602418780327;0.03388899192214012;0.037991736084222794;-0.005427270196378231;0.013087281957268715;0.03080509603023529;0.04213222116231918;0.25443828105926514;0.29825258255004883;0.3233492374420166;0.32831764221191406;0.3363940417766571;0.24330173432826996;0.27109846472740173;0.30127084255218506;0.3285553753376007;0.20881539583206177;0.25051912665367126;0.2907252013683319;0.32568496465682983;0.19514408707618713;0.24163858592510223;0.28003233671188354;0.3102414309978485;0.19466067850589752;0.23359613120555878;0.26638638973236084;0.29054293036460876;0.05285657197237015;0.07132994383573532;0.12370020151138306;0.19125120341777802;0.24797022342681885;0.10192951560020447;0.21384325623512268;0.258706271648407;0.28618335723876953;0.12534037232398987;0.23858067393302917;0.27683141827583313;0.2934398055076599;0.14973483979701996;0.24476978182792664;0.2722208499908447;0.2846434712409973;0.1706736534833908;0.23330998420715332;0.2523342967033386;0.2628028392791748;-3.0281495355666266e-07;-0.06099909543991089;-0.09744084626436234;-0.11548346281051636;-0.12959980964660645;-0.13600891828536987;-0.16331346333026886;-0.16406352818012238;-0.16120681166648865;-0.10839077830314636;-0.13338135182857513;-0.12854275107383728;-0.12588590383529663;-0.0788022130727768;-0.10026910901069641;-0.09666106104850769;-0.09492001682519913;-0.05171914026141167;-0.07322896271944046;-0.07754573225975037;-0.07936874032020569;0.9917347431182861;0.9989916682243347
1772029324.9666667;0.5237167477607727;0.45201119780540466;0.4165884852409363;0.4027283787727356;0.4104386270046234;0.3862594664096832;0.3748342990875244;0.395190954208374;0.4068070948123932;0.4214531481266022;0.4126526713371277;0.4323231875896454;0.44043442606925964;0.4646257758140564;0.45233437418937683;0.46716564893722534;0.47427716851234436;0.5103257298469543;0.5010650157928467;0.5093874931335449;0.513548731803894;0.4933701157569885;0.5162525773048401;0.5649452805519104;0.6144933104515076;0.6483973860740662;0.6268116235733032;0.6944097876548767;0.6796403527259827;0.6528159976005554;0.6672359108924866;0.7275584936141968;0.7057093381881714;0.67650306224823;0.6905118823051453;0.74772047996521;0.7219152450561523;0.6938565969467163;0.6963740587234497;0.7389041781425476;0.7141039371490479;0.686116099357605;-2.538459966672235e-07;0.036859843879938126;0.05194145068526268;0.060580018907785416;0.06834256649017334;0.02875530906021595;0.04357416555285454;0.05283645540475845;0.05829375609755516;0.01432781107723713;0.03374282643198967;0.04486600309610367;0.049833834171295166;0.004514086525887251;0.025544267147779465;0.038255300372838974;0.0418342761695385;-0.0020759757608175278;0.017541442066431046;0.0351446233689785;0.04622567445039749;0.2555660605430603;0.29802483320236206;0.3232995867729187;0.3288384675979614;0.334514856338501;0.2427406907081604;0.270277202129364;0.30078136920928955;0.3282683491706848;0.20798026025295258;0.24947449564933777;0.2900804877281189;0.32545602321624756;0.19428780674934387;0.24116815626621246;0.279366135597229;0.30901139974594116;0.1937347799539566;0.23423048853874207;0.2671009600162506;0.29061222076416016;0.053618527948856354;0.07195093482732773;0.12398150563240051;0.19132325053215027;0.24943187832832336;0.10283206403255463;0.21513016521930695;0.2600395083427429;0.2878994047641754;0.12596623599529266;0.23893283307552338;0.2772887945175171;0.29405856132507324;0.15043635666370392;0.24470657110214233;0.2696015238761902;0.2800905108451843;0.1719483584165573;0.23148787021636963;0.24818752706050873;0.2573649287223816;-3.0312864396364603e-07;-0.06250733137130737;-0.10005883872509003;-0.11884579062461853;-0.13381245732307434;-0.13841599225997925;-0.166668102145195;-0.16809143126010895;-0.16547097265720367;-0.10991018265485764;-0.13492552936077118;-0.1300177276134491;-0.12726016342639923;-0.07946453988552094;-0.10109420120716095;-0.09737376868724823;-0.0955236405134201;-0.051604509353637695;-0.07361263036727905;-0.0780063346028328;-0.07966966927051544;0.9937875270843506;0.9991031885147095
1772029325.0;0.5227811336517334;0.4526466727256775;0.41615891456604004;0.4013189673423767;0.4090426564216614;0.3846755027770996;0.37338441610336304;0.39412254095077515;0.40554311871528625;0.41901442408561707;0.410630464553833;0.4312709867954254;0.43924105167388916;0.4615734815597534;0.448233038187027;0.4647655487060547;0.47242650389671326;0.5074650049209595;0.4969693124294281;0.5069383978843689;0.5120168924331665;0.4991043210029602;0.5181328058242798;0.5640107989311218;0.613988995552063;0.6472562551498413;0.6243396997451782;0.6947906613349915;0.6804897785186768;0.6539135575294495;0.6661100387573242;0.728550910949707;0.7071236371994019;0.678815484046936;0.6912479400634766;0.7514640092849731;0.7246910333633423;0.6968260407447815;0.6993250250816345;0.7423740029335022;0.7164505124092102;0.6884440779685974;-2.9321390115910617e-07;0.04147560894489288;0.05889929458498955;0.06950914114713669;0.07887813448905945;0.02989252097904682;0.04748521372675896;0.05969555675983429;0.06678617000579834;0.014242609031498432;0.03564859554171562;0.048771150410175323;0.0545327365398407;0.003929314203560352;0.026458226144313812;0.04042838141322136;0.044252004474401474;-0.0026147763710469007;0.018146252259612083;0.03641662001609802;0.04749395698308945;0.2561010718345642;0.29893913865089417;0.32386428117752075;0.32952043414115906;0.3360651731491089;0.24329376220703125;0.2714177370071411;0.30227309465408325;0.3300763964653015;0.20907056331634521;0.24841873347759247;0.28986385464668274;0.3264637291431427;0.19608306884765625;0.24000975489616394;0.27982068061828613;0.31098672747612;0.19588688015937805;0.2340475618839264;0.2682799994945526;0.29320064187049866;0.05369086563587189;0.07205893099308014;0.12394408881664276;0.1911185383796692;0.24942940473556519;0.10406968742609024;0.21398472785949707;0.25937050580978394;0.2888750731945038;0.12666353583335876;0.2384643852710724;0.2784649431705475;0.2969382405281067;0.15072111785411835;0.24417729675769806;0.2707608640193939;0.2824038863182068;0.17190317809581757;0.23253613710403442;0.250464528799057;0.2602808177471161;-2.897519948419358e-07;-0.06497379392385483;-0.10381423681974411;-0.12372239679098129;-0.14018552005290985;-0.13990505039691925;-0.1700116991996765;-0.17362095415592194;-0.17239785194396973;-0.11056984961032867;-0.13772666454315186;-0.13494433462619781;-0.13338801264762878;-0.07950086146593094;-0.10378557443618774;-0.10227347910404205;-0.1013190895318985;-0.05097770318388939;-0.07443629205226898;-0.07957309484481812;-0.08160128444433212;0.994397759437561;0.9990566372871399
1772029325.0333333;0.5251560807228088;0.4551195204257965;0.4168766736984253;0.4004492461681366;0.4071653485298157;0.38351643085479736;0.372402548789978;0.39376121759414673;0.4053015410900116;0.4169159233570099;0.408697247505188;0.42984023690223694;0.4386137127876282;0.459155797958374;0.44666242599487305;0.4636038541793823;0.47159191966056824;0.5052168965339661;0.4956243932247162;0.505657434463501;0.5104831457138062;0.5000602006912231;0.5175577402114868;0.5644237995147705;0.6119298934936523;0.6446198225021362;0.6228256821632385;0.6926342844963074;0.680237352848053;0.6544397473335266;0.6656579971313477;0.7275245189666748;0.7076570391654968;0.6788429617881775;0.6923184990882874;0.7519745230674744;0.7261981964111328;0.6979252696037292;0.7020512223243713;0.7438933253288269;0.7182632684707642;0.6904606223106384;-2.770492244508205e-07;0.03648131340742111;0.051099371165037155;0.05942346155643463;0.06644543260335922;0.025709429755806923;0.039543695747852325;0.04828308895230293;0.05315938964486122;0.010900427587330341;0.029307782649993896;0.04033451899886131;0.045062530785799026;0.0007448696414940059;0.019986264407634735;0.032278452068567276;0.03566715121269226;-0.006116798147559166;0.010753094218671322;0.027079220861196518;0.03741241991519928;0.25431737303733826;0.2968745529651642;0.3229077458381653;0.3292813301086426;0.336516797542572;0.24341414868831635;0.272284597158432;0.3026924431324005;0.32964813709259033;0.20874297618865967;0.2504470944404602;0.291334331035614;0.3269726037979126;0.19516217708587646;0.2416791021823883;0.28069761395454407;0.3111429512500763;0.19499018788337708;0.23415619134902954;0.26761144399642944;0.2919888198375702;0.05379068851470947;0.071079321205616;0.12312287837266922;0.19135943055152893;0.24948720633983612;0.10318252444267273;0.21324779093265533;0.25874584913253784;0.28774625062942505;0.12675884366035461;0.238772451877594;0.2781897783279419;0.29593342542648315;0.15158849954605103;0.2447480857372284;0.2719363868236542;0.2839144170284271;0.17344114184379578;0.23371565341949463;0.25235244631767273;0.26269209384918213;-3.187350330335903e-07;-0.06112305819988251;-0.0978609025478363;-0.1163758933544159;-0.13136258721351624;-0.13463973999023438;-0.16315123438835144;-0.16591855883598328;-0.16428516805171967;-0.10697677731513977;-0.13166427612304688;-0.1276809126138687;-0.1257084459066391;-0.07745682448148727;-0.0992194190621376;-0.0964919775724411;-0.0952346920967102;-0.05039104074239731;-0.07193569093942642;-0.07629194855690002;-0.0780441090464592;0.9945690631866455;0.9991705417633057
1772029325.0666666;0.5286288857460022;0.4596359133720398;0.4207930564880371;0.3993813693523407;0.4008736312389374;0.38475164771080017;0.368942528963089;0.3911919891834259;0.404276043176651;0.41614049673080444;0.40581223368644714;0.4290861487388611;0.4377508759498596;0.4570780396461487;0.4418558180332184;0.46137917041778564;0.47034749388694763;0.5027395486831665;0.4909840226173401;0.5031505227088928;0.5093736052513123;0.5037018656730652;0.5153146982192993;0.5577805638313293;0.6077167987823486;0.6403595805168152;0.6192883253097534;0.6904192566871643;0.6793551445007324;0.6545202136039734;0.6622943878173828;0.7280752062797546;0.7084200382232666;0.6808364391326904;0.6906890869140625;0.7530584335327148;0.7273195385932922;0.6993317008018494;0.7022557854652405;0.7455746531486511;0.7194693684577942;0.6907772421836853;-3.71005114629952e-07;0.052291419357061386;0.07577807456254959;0.0917637050151825;0.10710898041725159;0.038429878652095795;0.06314028799533844;0.08132576942443848;0.09194952249526978;0.020776621997356415;0.04827491566538811;0.06611331552267075;0.07410306483507156;0.009746115654706955;0.03873429819941521;0.05649424344301224;0.06128678843379021;0.0033937902189791203;0.03081774152815342;0.05188612639904022;0.06358153373003006;0.25276979804039;0.29708829522132874;0.3234557807445526;0.3291950225830078;0.33667898178100586;0.24287842214107513;0.2718673050403595;0.303244411945343;0.3306580185890198;0.2089390903711319;0.2506481409072876;0.29233160614967346;0.32817569375038147;0.19584572315216064;0.24173198640346527;0.28144755959510803;0.3118692636489868;0.19564740359783173;0.2347608208656311;0.26850518584251404;0.2925218343734741;0.05216836929321289;0.06979268044233322;0.12202106416225433;0.18960003554821014;0.24674111604690552;0.10283162444829941;0.21401555836200714;0.25831666588783264;0.285565584897995;0.12766923010349274;0.23980414867401123;0.277853399515152;0.2944141626358032;0.15289528667926788;0.24654531478881836;0.2714533507823944;0.28193342685699463;0.1744590550661087;0.23493586480617523;0.2524072527885437;0.2618752717971802;-3.264163126459607e-07;-0.0601363405585289;-0.09613467007875443;-0.11430337280035019;-0.1289854645729065;-0.13169115781784058;-0.1599423736333847;-0.16321837902069092;-0.1621675193309784;-0.1048562228679657;-0.12940098345279694;-0.12616243958473206;-0.12483035773038864;-0.07626623660326004;-0.09745318442583084;-0.09488403052091599;-0.09400671720504761;-0.05017831549048424;-0.07157488912343979;-0.07604275643825531;-0.07799115031957626;0.9958522915840149;0.9992455244064331
1772029325.1;0.531424880027771;0.46055668592453003;0.4207243323326111;0.4018824100494385;0.4077984392642975;0.38374608755111694;0.36822429299354553;0.3907715380191803;0.4037927985191345;0.4146466553211212;0.4032352566719055;0.42650461196899414;0.436208039522171;0.4551619291305542;0.43949782848358154;0.4587920904159546;0.4677840769290924;0.5006410479545593;0.489385724067688;0.501146674156189;0.5069189071655273;0.5067263841629028;0.5209054350852966;0.5648380517959595;0.6131798028945923;0.649077832698822;0.6173043251037598;0.6877726316452026;0.6783058047294617;0.6539884209632874;0.6618435978889465;0.7253189086914062;0.70781010389328;0.6799683570861816;0.691547691822052;0.7532342076301575;0.7286271452903748;0.700840175151825;0.7048732042312622;0.7484391927719116;0.7233189940452576;0.6952289342880249;-3.148903999772301e-07;0.04199095070362091;0.05875307321548462;0.06873942166566849;0.07750435918569565;0.028256738558411598;0.04548843204975128;0.0577818863093853;0.06477750092744827;0.011860653758049011;0.03296803683042526;0.04686616733670235;0.05295959487557411;0.0008719307952560484;0.02334718592464924;0.03829493373632431;0.04244208335876465;-0.006338517647236586;0.013815343379974365;0.0320926159620285;0.04303019866347313;0.2548808753490448;0.29711928963661194;0.323300302028656;0.3297329545021057;0.3371230363845825;0.24151183664798737;0.27096250653266907;0.3031519651412964;0.3312048316001892;0.20842884480953217;0.2504256069660187;0.29158931970596313;0.3275541067123413;0.19596704840660095;0.24169565737247467;0.28113770484924316;0.31267639994621277;0.19618451595306396;0.23505981266498566;0.2688007056713104;0.294225811958313;0.05294214189052582;0.07036437094211578;0.12222576141357422;0.19021016359329224;0.2476094365119934;0.10312112420797348;0.21641512215137482;0.26143962144851685;0.28775426745414734;0.12687550485134125;0.2398063838481903;0.2779032289981842;0.29322391748428345;0.1517660915851593;0.246699720621109;0.2732723355293274;0.28419357538223267;0.17331477999687195;0.23638716340065002;0.25632351636886597;0.2670731544494629;-3.2079464062917395e-07;-0.06035313755273819;-0.09617558866739273;-0.11422887444496155;-0.1284300684928894;-0.13178366422653198;-0.1594007909297943;-0.16147935390472412;-0.1595354825258255;-0.10475750267505646;-0.1296149343252182;-0.1261793076992035;-0.12449602037668228;-0.07605776935815811;-0.09757924824953079;-0.09517021477222443;-0.0940757542848587;-0.04987837001681328;-0.0717887282371521;-0.07694323360919952;-0.07913167029619217;0.9946535229682922;0.9989768266677856
1772029325.1333334;0.5341664552688599;0.46421679854393005;0.4227520227432251;0.4035326838493347;0.4078041613101959;0.3847936987876892;0.3674922585487366;0.39048439264297485;0.4039810299873352;0.4137727916240692;0.40017539262771606;0.42366304993629456;0.4343003034591675;0.4531848728656769;0.4365059733390808;0.456501841545105;0.46596139669418335;0.4985189139842987;0.4866117238998413;0.4992353022098541;0.5060212016105652;0.5074594020843506;0.5196266174316406;0.5623184442520142;0.6098636984825134;0.6468600034713745;0.6139726042747498;0.6836940050125122;0.6755462884902954;0.6521264910697937;0.6595584750175476;0.7238198518753052;0.7079103589057922;0.680239200592041;0.6906161308288574;0.7528262138366699;0.7291688919067383;0.701311469078064;0.7052550911903381;0.7491034865379333;0.7245773077011108;0.6965603828430176;-3.060110600472399e-07;0.038017306476831436;0.05296829342842102;0.06164925917983055;0.06936272978782654;0.02538074553012848;0.04046807065606117;0.05145168676972389;0.05784687399864197;0.009942293167114258;0.029271142557263374;0.0426989383995533;0.04895957559347153;-0.0006230205181054771;0.019701000303030014;0.03431369364261627;0.03887948393821716;-0.007798526901751757;0.009963794611394405;0.02747591957449913;0.03840901702642441;0.2540670335292816;0.29647111892700195;0.3221777081489563;0.32927167415618896;0.3370220363140106;0.24158649146556854;0.2711472511291504;0.3022688031196594;0.32944804430007935;0.20866848528385162;0.2503618896007538;0.2907572388648987;0.3260723352432251;0.19621554017066956;0.24028319120407104;0.2793673872947693;0.31069308519363403;0.19625428318977356;0.23327043652534485;0.266724169254303;0.29186293482780457;0.0506557896733284;0.06962931156158447;0.12283686548471451;0.1912330836057663;0.2477739453315735;0.10249108821153641;0.21546706557273865;0.26029765605926514;0.28758302330970764;0.1259000152349472;0.23905499279499054;0.27740761637687683;0.29365596175193787;0.15023274719715118;0.2450053095817566;0.27208787202835083;0.2839531898498535;0.1715189516544342;0.23411646485328674;0.25414496660232544;0.2656325697898865;-3.3020921819115756e-07;-0.0593150332570076;-0.09450162202119827;-0.11214138567447662;-0.12609288096427917;-0.12965871393680573;-0.15651720762252808;-0.1584528684616089;-0.15651854872703552;-0.10294228792190552;-0.12689831852912903;-0.12330686300992966;-0.12169086188077927;-0.07448986917734146;-0.0956789031624794;-0.0935865044593811;-0.0928281620144844;-0.048422154039144516;-0.07015437632799149;-0.0752456933259964;-0.07749256491661072;0.9949320554733276;0.9990742802619934
1772029325.1666667;0.5379446148872375;0.4688659608364105;0.42752447724342346;0.4048404395580292;0.40492719411849976;0.3866589665412903;0.36563625931739807;0.3890845775604248;0.4027884602546692;0.41445183753967285;0.39611145853996277;0.4206014573574066;0.4319792091846466;0.4529591500759125;0.4319654405117035;0.4530334174633026;0.4635452628135681;0.498394250869751;0.48375093936920166;0.49716970324516296;0.5050265789031982;0.5097752809524536;0.516751766204834;0.554678738117218;0.6023319959640503;0.6382462382316589;0.6063001751899719;0.6763395071029663;0.669529378414154;0.6473746299743652;0.6526992917060852;0.7187858819961548;0.7037783265113831;0.6770696640014648;0.6854550242424011;0.7490648627281189;0.7262508273124695;0.6993205547332764;0.7023022770881653;0.7474537491798401;0.7238238453865051;0.6958590149879456;-3.308438749627385e-07;0.041897717863321304;0.058882296085357666;0.06944257766008377;0.07940024137496948;0.027115318924188614;0.044532839208841324;0.05833565071225166;0.06658992916345596;0.011073073372244835;0.031253498047590256;0.046822723001241684;0.05487575754523277;0.0004931926960125566;0.021917501464486122;0.03847997635602951;0.04457860440015793;-0.006258795503526926;0.013532434590160847;0.032583847641944885;0.04452512413263321;0.25304874777793884;0.29650795459747314;0.3220364451408386;0.32785385847091675;0.33528372645378113;0.24053798615932465;0.27095288038253784;0.3019314706325531;0.3287952244281769;0.2076978087425232;0.2494697868824005;0.28956517577171326;0.32465818524360657;0.1953803449869156;0.23975734412670135;0.2784453332424164;0.3092775344848633;0.19565673172473907;0.23227953910827637;0.265244722366333;0.2900318205356598;0.04981677234172821;0.06872738152742386;0.12140360474586487;0.18964844942092896;0.2467317283153534;0.10331670194864273;0.2165241688489914;0.2606852650642395;0.28673845529556274;0.1267317235469818;0.24016419053077698;0.27745309472084045;0.29228508472442627;0.15087491273880005;0.24584665894508362;0.2725569009780884;0.28398430347442627;0.17160949110984802;0.2341231256723404;0.25414320826530457;0.2653336226940155;-3.192075723745802e-07;-0.05968797579407692;-0.09420447051525116;-0.1109457015991211;-0.12373095750808716;-0.12907306849956512;-0.15415357053279877;-0.15442441403865814;-0.15157830715179443;-0.10189376026391983;-0.12483981251716614;-0.12056156247854233;-0.11848112940788269;-0.07296140491962433;-0.09290145337581635;-0.09040657430887222;-0.08956979960203171;-0.046547845005989075;-0.06751659512519836;-0.07261761277914047;-0.07500399649143219;0.9945254325866699;0.9990286827087402
1772029325.2;0.5440701246261597;0.4755435883998871;0.4327942430973053;0.4074954390525818;0.40710213780403137;0.39298534393310547;0.36162927746772766;0.3863721191883087;0.4029105007648468;0.4190715551376343;0.39237549901008606;0.41924941539764404;0.43171876668930054;0.4566069543361664;0.4291525185108185;0.4525885581970215;0.46385815739631653;0.5027963519096375;0.4827876091003418;0.4971078038215637;0.5059124231338501;0.5067084431648254;0.5099933743476868;0.5468770265579224;0.5997527241706848;0.6388194561004639;0.590200662612915;0.6685497760772705;0.6678532361984253;0.6453855037689209;0.6351701021194458;0.7139332294464111;0.7013723850250244;0.6740661859512329;0.6702003479003906;0.7445652484893799;0.7229694724082947;0.6952998638153076;0.6898861527442932;0.7429766058921814;0.719894289970398;0.6897956728935242;-4.1821104446171375e-07;0.05685878545045853;0.08205974102020264;0.09977959096431732;0.11759793758392334;0.03614582121372223;0.060107022523880005;0.08164937794208527;0.09557033330202103;0.017016883939504623;0.04025596007704735;0.06181029602885246;0.07468768954277039;0.00517553836107254;0.030990954488515854;0.05390799418091774;0.06434877961874008;-0.0012775714276358485;0.025598496198654175;0.04987093433737755;0.06482353061437607;0.2535788416862488;0.2963649034500122;0.320715069770813;0.3252609074115753;0.3346197009086609;0.23653775453567505;0.2668047547340393;0.29880139231681824;0.32586514949798584;0.20550468564033508;0.2483166754245758;0.28879019618034363;0.3244893550872803;0.19456768035888672;0.23999452590942383;0.2796725034713745;0.3122851252555847;0.1958296298980713;0.23252932727336884;0.26573801040649414;0.2919103503227234;0.05058830976486206;0.07033336162567139;0.12351346015930176;0.19238018989562988;0.24940484762191772;0.1026076227426529;0.215371236205101;0.26168352365493774;0.2870950996875763;0.12432198226451874;0.23660826683044434;0.2757016122341156;0.29118019342422485;0.14683133363723755;0.24244263768196106;0.27198171615600586;0.28521209955215454;0.1667252779006958;0.23514308035373688;0.25662046670913696;0.2673465311527252;-3.538216901688429e-07;-0.057074084877967834;-0.08977970480918884;-0.1065552607178688;-0.11972057819366455;-0.11562112718820572;-0.14154818654060364;-0.14575396478176117;-0.14590641856193542;-0.09074229747056961;-0.11463422328233719;-0.11475981771945953;-0.1156812384724617;-0.0649283155798912;-0.08671163767576218;-0.0875089168548584;-0.08827267587184906;-0.04151064530014992;-0.06376397609710693;-0.07018508017063141;-0.07324157655239105;0.9935141205787659;0.999077320098877
1772029325.2333333;0.548750638961792;0.4783070981502533;0.43244603276252747;0.40380626916885376;0.40197426080703735;0.39467257261276245;0.3583725094795227;0.38348931074142456;0.4014403223991394;0.42254748940467834;0.38997748494148254;0.4175512194633484;0.4314366281032562;0.4612644612789154;0.42746564745903015;0.4517388641834259;0.4643145799636841;0.5089309811592102;0.4829830229282379;0.4983063042163849;0.5088587999343872;0.4972355365753174;0.5025599598884583;0.5380924344062805;0.5903638005256653;0.6316298842430115;0.5762307643890381;0.6604899168014526;0.6620782017707825;0.639719545841217;0.620634913444519;0.7079446315765381;0.6979890465736389;0.6692092418670654;0.6568254232406616;0.7396292686462402;0.7201138734817505;0.6906001567840576;0.6781378388404846;0.7370352149009705;0.714850664138794;0.6834277510643005;-3.7920185036455223e-07;0.04732946306467056;0.06620888411998749;0.07905419915914536;0.0922306701540947;0.021143866702914238;0.03803328052163124;0.056826766580343246;0.06968511641025543;0.0035576350055634975;0.018503407016396523;0.03841087967157364;0.05153828114271164;-0.0074178241193294525;0.009666480123996735;0.03211423382163048;0.04440156742930412;-0.01351145002990961;0.0059976642951369286;0.02957981452345848;0.04550737515091896;0.2528744041919708;0.29407405853271484;0.318654865026474;0.3244262635707855;0.33158808946609497;0.23595313727855682;0.2662286162376404;0.2981640100479126;0.32543420791625977;0.2033703327178955;0.2457430213689804;0.28759539127349854;0.3238007426261902;0.1916182041168213;0.23706269264221191;0.27701935172080994;0.3081265687942505;0.19227911531925201;0.23074933886528015;0.26420858502388;0.28832557797431946;0.05273681879043579;0.06859496980905533;0.1197054386138916;0.18741098046302795;0.2463821917772293;0.10083167999982834;0.21455714106559753;0.2596479654312134;0.28591087460517883;0.1234666034579277;0.23684406280517578;0.27386751770973206;0.28869155049324036;0.14767378568649292;0.2436617612838745;0.2686541974544525;0.27871984243392944;0.16907824575901031;0.2323426455259323;0.25061607360839844;0.26017189025878906;-3.2992127785291814e-07;-0.06186541169881821;-0.09816639870405197;-0.11661919951438904;-0.13155774772167206;-0.1298106461763382;-0.15765656530857086;-0.1611996591091156;-0.16047629714012146;-0.10212289541959763;-0.12689726054668427;-0.12466903775930405;-0.12402475625276566;-0.07305807620286942;-0.0945187583565712;-0.09308037161827087;-0.09294953942298889;-0.04666901007294655;-0.06877543032169342;-0.07427406311035156;-0.07686492055654526;0.9930123090744019;0.9990527033805847
1772029325.2666667;0.5566664934158325;0.4830312430858612;0.43318966031074524;0.3969356417655945;0.38591963052749634;0.3991994559764862;0.35757529735565186;0.38122057914733887;0.401345819234848;0.4274756908416748;0.38964563608169556;0.41824018955230713;0.4347541034221649;0.46685346961021423;0.4278198480606079;0.4536544680595398;0.4695391356945038;0.5149756073951721;0.4861038625240326;0.501469075679779;0.5134974122047424;0.48929664492607117;0.49101966619491577;0.522526204586029;0.5702389478683472;0.6094083189964294;0.5590458512306213;0.6495490074157715;0.6567210555076599;0.6366121768951416;0.6024156212806702;0.6964231133460999;0.6882254481315613;0.6597841382026672;0.639978289604187;0.7283856272697449;0.708668053150177;0.677527904510498;0.6642276048660278;0.7264513969421387;0.7033281326293945;0.6720981001853943;-4.0730284922574356e-07;0.04659917950630188;0.06363379210233688;0.07485915720462799;0.08603978902101517;0.012180101126432419;0.027399761602282524;0.047819677740335464;0.06225954741239548;-0.006186802405864;0.008123403415083885;0.030418356880545616;0.04457009956240654;-0.01761527732014656;-0.000931102957110852;0.024327026680111885;0.037597108632326126;-0.02419174648821354;-0.007419995963573456;0.0159065593034029;0.03154420480132103;0.2532195746898651;0.2937069535255432;0.31777405738830566;0.32268813252449036;0.3282606601715088;0.23433677852153778;0.2621710002422333;0.29419568181037903;0.32238656282424927;0.20158837735652924;0.24201378226280212;0.28527748584747314;0.32267218828201294;0.190220907330513;0.23473556339740753;0.27539804577827454;0.30587464570999146;0.1914316862821579;0.23074887692928314;0.26438552141189575;0.2871618866920471;0.05122007429599762;0.06637043505907059;0.11888062953948975;0.18792268633842468;0.24948915839195251;0.09796344488859177;0.21202027797698975;0.2588229179382324;0.2881711423397064;0.1214081346988678;0.23615825176239014;0.2744232416152954;0.29116910696029663;0.14683116972446442;0.24364551901817322;0.2649872601032257;0.272554486989975;0.16909699141979218;0.2304525077342987;0.24557647109031677;0.2527996897697449;-3.177345320182212e-07;-0.06634961813688278;-0.10550675541162491;-0.12549060583114624;-0.14206930994987488;-0.13843558728694916;-0.1688763052225113;-0.17421336472034454;-0.17455530166625977;-0.10858513414859772;-0.13524721562862396;-0.1333753913640976;-0.13289985060691833;-0.07729517668485641;-0.09974705427885056;-0.0973641574382782;-0.0966527983546257;-0.048985596746206284;-0.07174967974424362;-0.07667451351881027;-0.07879281044006348;0.9923616051673889;0.9984493851661682
1772029325.3;0.5656344890594482;0.48859477043151855;0.4377208352088928;0.41142940521240234;0.4119308888912201;0.40495315194129944;0.3578874468803406;0.3795544505119324;0.4021994471549988;0.4369024336338043;0.39446568489074707;0.42381423711776733;0.4419172406196594;0.47922441363334656;0.43734264373779297;0.46280214190483093;0.4790904223918915;0.5297628045082092;0.4986242651939392;0.5110049247741699;0.5223538875579834;0.4654916524887085;0.4742621183395386;0.5099027156829834;0.5640385746955872;0.6149584650993347;0.5304841995239258;0.6300798058509827;0.6497825384140015;0.6358680725097656;0.5733559131622314;0.6758922934532166;0.6718574166297913;0.6415773034095764;0.6107267737388611;0.7078320980072021;0.6890033483505249;0.6541301608085632;0.637306272983551;0.7055386900901794;0.6835598945617676;0.649404764175415;-3.5922542451771733e-07;0.03463814780116081;0.0391264408826828;0.038449645042419434;0.035923898220062256;-0.015118502080440521;-0.013757476583123207;-0.0009483214234933257;0.008987882174551487;-0.0351608544588089;-0.031411416828632355;-0.012392468750476837;-0.0004562241374514997;-0.04895744100213051;-0.0415150411427021;-0.016779152676463127;-0.003603746183216572;-0.05904579535126686;-0.053217217326164246;-0.03236192464828491;-0.01753675565123558;0.25145551562309265;0.2909057140350342;0.3145401179790497;0.3200669288635254;0.3275526165962219;0.23092825710773468;0.2597484886646271;0.29230114817619324;0.3200875520706177;0.19863712787628174;0.2403341680765152;0.28339579701423645;0.3209885358810425;0.18794164061546326;0.2341734617948532;0.27454739809036255;0.30580973625183105;0.18990567326545715;0.22951175272464752;0.2632834315299988;0.287539005279541;0.05348338186740875;0.06873849034309387;0.12094242870807648;0.19020897150039673;0.2511904239654541;0.09934407472610474;0.2105754017829895;0.2580385208129883;0.28789854049682617;0.12375560402870178;0.23556023836135864;0.2749786972999573;0.29346388578414917;0.14960791170597076;0.24338707327842712;0.2671346664428711;0.2779614329338074;0.1716519147157669;0.23228496313095093;0.25082927942276;0.2623017430305481;-3.643622221716214e-07;-0.06175214424729347;-0.09777027368545532;-0.11635730415582657;-0.1316971778869629;-0.12567274272441864;-0.15625038743019104;-0.1635567992925644;-0.16505806148052216;-0.09835110604763031;-0.12434817850589752;-0.12360700219869614;-0.12347234040498734;-0.07020024955272675;-0.0928390696644783;-0.09179961681365967;-0.09119613468647003;-0.044837139546871185;-0.06706798076629639;-0.07221854478120804;-0.07406787574291229;0.9875360727310181;0.9987081289291382
1772029325.3333333;0.5801005363464355;0.4996931850910187;0.44531694054603577;0.41768863797187805;0.41508159041404724;0.4155566990375519;0.36213594675064087;0.38096606731414795;0.4050855040550232;0.4491110146045685;0.3997667133808136;0.42885056138038635;0.44954103231430054;0.49181807041168213;0.448609858751297;0.47413864731788635;0.49158868193626404;0.542243242263794;0.507969856262207;0.521581768989563;0.5340079665184021;0.42781704664230347;0.4352242350578308;0.4728362560272217;0.5292234420776367;0.582784116268158;0.49044209718704224;0.599371612071991;0.6312441229820251;0.6238358020782471;0.5307577252388;0.6446425318717957;0.6483078598976135;0.6189199686050415;0.5684881806373596;0.672311544418335;0.6563184261322021;0.619753360748291;0.5968804955482483;0.6716287136077881;0.6511440873146057;0.6160993576049805;-3.840521287656884e-07;0.0344218984246254;0.037136517465114594;0.034974001348018646;0.03107915259897709;-0.02204948291182518;-0.023730911314487457;-0.010780226439237595;0.0004037516482640058;-0.04264889657497406;-0.04242018610239029;-0.022916436195373535;-0.009478221647441387;-0.05664246529340744;-0.05023481696844101;-0.023114871233701706;-0.007815047167241573;-0.0669579803943634;-0.05931614711880684;-0.03550301864743233;-0.018647750839591026;0.2534424066543579;0.2909417450428009;0.31398409605026245;0.31986764073371887;0.3288034200668335;0.22934523224830627;0.2598450779914856;0.2920245826244354;0.3195286989212036;0.19814926385879517;0.23974305391311646;0.2838735580444336;0.32143434882164;0.1899050623178482;0.23667806386947632;0.27699533104896545;0.3071430027484894;0.194770947098732;0.23525619506835938;0.2682787775993347;0.29042017459869385;0.05789591372013092;0.06929352134466171;0.12142321467399597;0.19264736771583557;0.2548220753669739;0.10073065757751465;0.21055978536605835;0.2568126320838928;0.2884339392185211;0.12928354740142822;0.23977389931678772;0.2777126431465149;0.2960962653160095;0.15775352716445923;0.24713611602783203;0.26691505312919617;0.2743913233280182;0.1813124120235443;0.23407815396785736;0.24718442559242249;0.2540653347969055;-3.157870480663405e-07;-0.06484640389680862;-0.10303303599357605;-0.12217587232589722;-0.13825999200344086;-0.13597556948661804;-0.1665721833705902;-0.1728116124868393;-0.17394043505191803;-0.10649476945400238;-0.1333223283290863;-0.13122615218162537;-0.13036948442459106;-0.07538443803787231;-0.09746645390987396;-0.09375272691249847;-0.09189657121896744;-0.04722929745912552;-0.06909012049436569;-0.07257445156574249;-0.0734625831246376;0.9883725047111511;0.9978452920913696
1772029325.3666666;0.5926528573036194;0.5129104852676392;0.4531082510948181;0.41750189661979675;0.4051348865032196;0.4292832911014557;0.37095654010772705;0.3821074664592743;0.40345239639282227;0.4649471938610077;0.4155069887638092;0.44133588671684265;0.46099045872688293;0.5084564089775085;0.46123531460762024;0.4845924377441406;0.5026266574859619;0.5581755042076111;0.5209283828735352;0.5341944098472595;0.5486624836921692;0.3821370005607605;0.389724999666214;0.4282550811767578;0.4869084358215332;0.5411954522132874;0.4402617812156677;0.5534504652023315;0.5954816937446594;0.6032325625419617;0.47681376338005066;0.5986558794975281;0.6015642881393433;0.5724409222602844;0.5142075419425964;0.6278383731842041;0.614260733127594;0.5788371562957764;0.5457264184951782;0.6283396482467651;0.6089980602264404;0.5752592086791992;-4.2156239032919984e-07;0.030711770057678223;0.028925104066729546;0.023208625614643097;0.014905625954270363;-0.03568366542458534;-0.04206344485282898;-0.03177063539624214;-0.021858278661966324;-0.055854130536317825;-0.05711246281862259;-0.03682231903076172;-0.024257546290755272;-0.06946398317813873;-0.06479564309120178;-0.03670547530055046;-0.02182505838572979;-0.07958029210567474;-0.07356677204370499;-0.049789946526288986;-0.03379610925912857;0.2534126043319702;0.2915528118610382;0.3148716688156128;0.32125338912010193;0.3298238217830658;0.23155348002910614;0.2618929147720337;0.2946122884750366;0.32214874029159546;0.19961903989315033;0.24045351147651672;0.2845362722873688;0.3216613531112671;0.19016346335411072;0.2359970659017563;0.2765507400035858;0.3068345785140991;0.1934412270784378;0.2320733666419983;0.2654866874217987;0.28871604800224304;0.054850123822689056;0.06915661692619324;0.1215471476316452;0.19244107604026794;0.2540806829929352;0.1001686304807663;0.20858506858348846;0.2538677453994751;0.2841145396232605;0.12650206685066223;0.2371712177991867;0.2753871977329254;0.293617844581604;0.15275481343269348;0.24489611387252808;0.2687898278236389;0.27905306220054626;0.17472204566001892;0.23274016380310059;0.2509782910346985;0.2618771493434906;-3.5038482337768073e-07;-0.06316743791103363;-0.10025814175605774;-0.11925583332777023;-0.13503359258174896;-0.12986056506633759;-0.15979820489883423;-0.1655779480934143;-0.16634829342365265;-0.10172270238399506;-0.12862813472747803;-0.1275772899389267;-0.1271710842847824;-0.07227056473493576;-0.09577839076519012;-0.09444200247526169;-0.09361924976110458;-0.0454796701669693;-0.06811036914587021;-0.07298020273447037;-0.0747331902384758;0.9872044920921326;0.9989904761314392
1772029325.4;0.6096648573875427;0.5330967903137207;0.46644601225852966;0.4208919405937195;0.40168166160583496;0.4443519413471222;0.38306960463523865;0.3895301818847656;0.4051387310028076;0.48099178075790405;0.42626243829727173;0.44930699467658997;0.4701042175292969;0.5232479572296143;0.4724276065826416;0.49324947595596313;0.51097571849823;0.5694597959518433;0.5328034162521362;0.5453316569328308;0.5584075450897217;0.33139920234680176;0.33479854464530945;0.37762463092803955;0.44490134716033936;0.5050402283668518;0.38263046741485596;0.4956315755844116;0.5478116869926453;0.5635443329811096;0.41860508918762207;0.5474159717559814;0.5691268444061279;0.5512608289718628;0.4570579528808594;0.5751829147338867;0.5767747163772583;0.5488043427467346;0.49004942178726196;0.571832537651062;0.5593914985656738;0.5288341045379639;-3.9544630681120907e-07;0.018985934555530548;0.014572332613170147;0.008731215260922909;0.0005848709843121469;-0.04082722216844559;-0.054728321731090546;-0.05299209803342819;-0.0482587106525898;-0.0561198890209198;-0.06386186182498932;-0.049722522497177124;-0.03980815410614014;-0.06651175767183304;-0.06799014657735825;-0.04517880082130432;-0.03174932673573494;-0.0743902251124382;-0.07237914949655533;-0.052812185138463974;-0.038828667253255844;0.2539760172367096;0.2925882041454315;0.31641048192977905;0.3236907124519348;0.3325648307800293;0.23375724256038666;0.2657460570335388;0.29836729168891907;0.3255153298377991;0.2013712227344513;0.24184608459472656;0.285439133644104;0.322007954120636;0.19170323014259338;0.23664575815200806;0.2775753438472748;0.30753833055496216;0.1949499249458313;0.23292791843414307;0.2670685052871704;0.2905578017234802;0.05803569406270981;0.07161007076501846;0.12106651067733765;0.19085563719272614;0.2516314685344696;0.0979597419500351;0.20786042511463165;0.25293904542922974;0.2829165756702423;0.12608803808689117;0.23748371005058289;0.27548447251319885;0.29214948415756226;0.15372337400913239;0.24595344066619873;0.26936012506484985;0.27734047174453735;0.1771920621395111;0.2353385090827942;0.2532586455345154;0.26202693581581116;-3.184628951657942e-07;-0.06473536044359207;-0.1038590744137764;-0.12427783012390137;-0.1415809988975525;-0.13699032366275787;-0.1670304536819458;-0.1718043088912964;-0.17204998433589935;-0.10828542709350586;-0.13540136814117432;-0.13330280780792236;-0.13281621038913727;-0.07792112976312637;-0.10168483853340149;-0.1001138761639595;-0.09976796805858612;-0.05017542093992233;-0.07348889112472534;-0.07856147736310959;-0.08090142905712128;0.9929795861244202;0.9990928769111633
1772029325.4333334;0.6250693798065186;0.5473361611366272;0.4787490665912628;0.4307096600532532;0.40994077920913696;0.4551462233066559;0.3968769311904907;0.39752471446990967;0.4082111418247223;0.4938611090183258;0.43872612714767456;0.462679386138916;0.48547983169555664;0.5380507111549377;0.48494642972946167;0.5062730312347412;0.5244956016540527;0.5853989720344543;0.5439162254333496;0.55538409948349;0.5683431029319763;0.2809237241744995;0.28327590227127075;0.3265729546546936;0.39099252223968506;0.4516461193561554;0.3218473196029663;0.437480092048645;0.4958402216434479;0.5214910507202148;0.3542846739292145;0.4932422339916229;0.5174821019172668;0.4989519417285919;0.3922114372253418;0.5199108123779297;0.5231517553329468;0.49348539113998413;0.42750486731529236;0.517357587814331;0.5063090324401855;0.47457438707351685;-3.9995100564738095e-07;0.015511023811995983;0.007519153878092766;-0.0015029027126729488;-0.013104532845318317;-0.0482911691069603;-0.06630769371986389;-0.06684275716543198;-0.06364494562149048;-0.06489650160074234;-0.07798584550619125;-0.06403112411499023;-0.053584322333335876;-0.07707417011260986;-0.08358755707740784;-0.059058818966150284;-0.04352668300271034;-0.08716990053653717;-0.08933103084564209;-0.06969995051622391;-0.055264607071876526;0.2561729848384857;0.29349783062934875;0.3169226050376892;0.32472947239875793;0.3325527310371399;0.2353179007768631;0.26659131050109863;0.29783111810684204;0.32384753227233887;0.2028198540210724;0.23896507918834686;0.27895358204841614;0.31288936734199524;0.19254672527313232;0.23115716874599457;0.26921138167381287;0.297229528427124;0.19473305344581604;0.2280520498752594;0.2603730261325836;0.2828727662563324;0.06188815087080002;0.07684998214244843;0.12439362704753876;0.19074663519859314;0.2489033043384552;0.09572860598564148;0.20310279726982117;0.24991312623023987;0.28094974160194397;0.12130816280841827;0.22852005064487457;0.26986995339393616;0.2883927822113037;0.14660455286502838;0.23836803436279297;0.2671728730201721;0.2785313129425049;0.16942331194877625;0.23011359572410583;0.25175419449806213;0.26209455728530884;-2.7153143378200184e-07;-0.06513404846191406;-0.10573966056108475;-0.12769316136837006;-0.14648421108722687;-0.14073798060417175;-0.17083629965782166;-0.1751364767551422;-0.17522279918193817;-0.11239088326692581;-0.14006109535694122;-0.13785049319267273;-0.13761450350284576;-0.08219366520643234;-0.10648170858621597;-0.10463797301054001;-0.10444384068250656;-0.05452349781990051;-0.07779257744550705;-0.08236687630414963;-0.08463907241821289;0.9919579029083252;0.9990127086639404
1772029325.4666667;0.6395864486694336;0.5611915588378906;0.4930042028427124;0.4478902220726013;0.4250088334083557;0.4692602753639221;0.4087330996990204;0.40625014901161194;0.4162706136703491;0.5092250108718872;0.44901636242866516;0.47145378589630127;0.4940658509731293;0.5530510544776917;0.49895140528678894;0.520709216594696;0.5392314195632935;0.5997426509857178;0.5562899112701416;0.5674175024032593;0.5800429582595825;0.2336568832397461;0.23267875611782074;0.269112765789032;0.3289215564727783;0.3852650225162506;0.26375460624694824;0.3834303915500641;0.4443053603172302;0.4712563157081604;0.29695671796798706;0.44267258048057556;0.46246200799942017;0.4388978183269501;0.3352142870426178;0.46488338708877563;0.4609125852584839;0.4257258474826813;0.37228232622146606;0.46352314949035645;0.44983118772506714;0.41613122820854187;-3.858406785184343e-07;0.015582817606627941;0.005613480694591999;-0.005563661921769381;-0.019242361187934875;-0.05465968698263168;-0.07237658649682999;-0.06981074810028076;-0.06457196176052094;-0.07270321995019913;-0.0869903713464737;-0.07073616236448288;-0.058661822229623795;-0.08586615324020386;-0.09357914328575134;-0.06702359020709991;-0.05007478967308998;-0.0969662219285965;-0.10099118202924728;-0.08101627230644226;-0.06626374274492264;0.25884556770324707;0.29431280493736267;0.31748080253601074;0.3264322280883789;0.3322926163673401;0.2367769330739975;0.27005183696746826;0.3004763722419739;0.3251346945762634;0.2056121528148651;0.24228332936763763;0.2826511263847351;0.3172460198402405;0.19683393836021423;0.2339775562286377;0.2728142738342285;0.30246075987815857;0.19927304983139038;0.23033049702644348;0.2631639540195465;0.2875925898551941;0.05982130020856857;0.07333648949861526;0.12159180641174316;0.18986524641513824;0.2479555308818817;0.0919337347149849;0.20090128481388092;0.24757084250450134;0.27878957986831665;0.1182154044508934;0.2279152274131775;0.27090099453926086;0.29140666127204895;0.14498133957386017;0.23941421508789062;0.2684582769870758;0.2794663906097412;0.16903242468833923;0.22982437908649445;0.2522848844528198;0.2626070976257324;-2.6629544436218566e-07;-0.06750625371932983;-0.10990350693464279;-0.13303063809871674;-0.153611421585083;-0.14732608199119568;-0.17689573764801025;-0.18007248640060425;-0.17989277839660645;-0.11793637275695801;-0.14739416539669037;-0.1466594934463501;-0.14769931137561798;-0.08622544258832932;-0.11358988285064697;-0.11481798440217972;-0.11643372476100922;-0.05663152039051056;-0.08299103379249573;-0.08967405557632446;-0.09332778304815292;0.9877276420593262;0.9992056488990784
1772029325.5;0.6524084806442261;0.5730857849121094;0.5056282877922058;0.45964235067367554;0.43532365560531616;0.48307621479034424;0.42409804463386536;0.4202841520309448;0.4283364713191986;0.5248882174491882;0.4627803862094879;0.47807666659355164;0.496330201625824;0.5674793720245361;0.5101243257522583;0.526763379573822;0.5439884066581726;0.611498236656189;0.564860463142395;0.5731043815612793;0.5856679677963257;0.1930379718542099;0.1916990876197815;0.22900009155273438;0.2898954451084137;0.3477713465690613;0.2176978588104248;0.33946529030799866;0.4016483426094055;0.4321606755256653;0.2504699230194092;0.39710336923599243;0.42904695868492126;0.4187224209308624;0.29048219323158264;0.41965383291244507;0.42207616567611694;0.39243122935295105;0.329607218503952;0.42034095525741577;0.40977248549461365;0.3778337836265564;-3.609499401591165e-07;0.015829332172870636;0.0046044993214309216;-0.00727098761126399;-0.02159281261265278;-0.05912256985902786;-0.07446152716875076;-0.07010488212108612;-0.06396006047725677;-0.07706267386674881;-0.08806651830673218;-0.07083229720592499;-0.05931100249290466;-0.08953798562288284;-0.09371291846036911;-0.06700164824724197;-0.051181089133024216;-0.09999851137399673;-0.10183366388082504;-0.08176036179065704;-0.06742210686206818;0.2565964162349701;0.29378682374954224;0.31799614429473877;0.32689177989959717;0.33295777440071106;0.23721826076507568;0.27318277955055237;0.30263423919677734;0.3260698914527893;0.20441609621047974;0.24182410538196564;0.2817053496837616;0.3155675232410431;0.19489786028862;0.23410728573799133;0.27227917313575745;0.30057188868522644;0.1977464258670807;0.22986799478530884;0.26184022426605225;0.28509899973869324;0.05996354669332504;0.07256656885147095;0.12054907530546188;0.18772579729557037;0.24428249895572662;0.08740431815385818;0.19577574729919434;0.24253521859645844;0.2747042179107666;0.11624602973461151;0.22677379846572876;0.26928991079330444;0.2895323932170868;0.14524413645267487;0.2397778183221817;0.2688937187194824;0.2811049222946167;0.1712063103914261;0.23128122091293335;0.25403493642807007;0.2654814124107361;-2.669714262992784e-07;-0.06717727333307266;-0.1093314066529274;-0.13236704468727112;-0.1528244912624359;-0.14612577855587006;-0.17611992359161377;-0.17950007319450378;-0.179581418633461;-0.1177162230014801;-0.1471177637577057;-0.14542177319526672;-0.14555929601192474;-0.08726250380277634;-0.11464965343475342;-0.11474394798278809;-0.11542186141014099;-0.05906102806329727;-0.08581192046403885;-0.09213106334209442;-0.09524942189455032;0.9900888204574585;0.9989686608314514
1772029325.5333333;0.6609864234924316;0.5837958455085754;0.518929123878479;0.47820839285850525;0.46012717485427856;0.49617236852645874;0.4393511712551117;0.43204984068870544;0.4358099699020386;0.537540078163147;0.47610604763031006;0.4915788173675537;0.5087668299674988;0.5799586176872253;0.5231364369392395;0.540424108505249;0.5568504333496094;0.6234868764877319;0.5761744379997253;0.5860309600830078;0.5992317795753479;0.16368429362773895;0.1623493880033493;0.1993328034877777;0.26960286498069763;0.33395612239837646;0.18181979656219482;0.3036768138408661;0.3654710650444031;0.397934228181839;0.2150481939315796;0.3617108166217804;0.3859553337097168;0.3701136112213135;0.25467801094055176;0.38263434171676636;0.3794309198856354;0.3474198281764984;0.2948896288871765;0.3867550194263458;0.3731434941291809;0.34059372544288635;-3.40529851428073e-07;0.01586674526333809;0.0032985375728458166;-0.00993034802377224;-0.025737639516592026;-0.05735791474580765;-0.07239864766597748;-0.0686030313372612;-0.0633709728717804;-0.07600133121013641;-0.0859813392162323;-0.06832994520664215;-0.05713929235935211;-0.08936119079589844;-0.09474270790815353;-0.06789536774158478;-0.052133914083242416;-0.10055246204137802;-0.10416710376739502;-0.08407613635063171;-0.0698992982506752;0.2568557560443878;0.29472628235816956;0.3187260329723358;0.3275626301765442;0.33529287576675415;0.23815524578094482;0.27368804812431335;0.30286872386932373;0.325018972158432;0.2049451619386673;0.24191075563430786;0.28183281421661377;0.3145759105682373;0.19490176439285278;0.23323048651218414;0.2719741463661194;0.29962143301963806;0.19690781831741333;0.22803357243537903;0.26100313663482666;0.2845057249069214;0.05680983513593674;0.07083961367607117;0.12138678878545761;0.19093477725982666;0.24804838001728058;0.08621316403150558;0.1951001137495041;0.24352508783340454;0.2765514552593231;0.11517924070358276;0.2260395884513855;0.26809272170066833;0.28693583607673645;0.14334256947040558;0.2377602458000183;0.26702824234962463;0.27841025590896606;0.16783103346824646;0.22890156507492065;0.25276607275009155;0.2642594873905182;-2.84561195940114e-07;-0.06464502960443497;-0.10497038811445236;-0.12683378159999847;-0.14615498483181;-0.14123496413230896;-0.1704152375459671;-0.17360129952430725;-0.1735648512840271;-0.11377394944429398;-0.14260201156139374;-0.14027659595012665;-0.1397063136100769;-0.08427964895963669;-0.11176881939172745;-0.11162807047367096;-0.11165844649076462;-0.056814610958099365;-0.08298300206661224;-0.08871745318174362;-0.09127529710531235;0.9883791208267212;0.9991280436515808
1772029325.5666666;0.6649185419082642;0.5906019806861877;0.5223308205604553;0.4821345806121826;0.46395400166511536;0.5046581625938416;0.4519822597503662;0.4430433511734009;0.44450071454048157;0.546762228012085;0.49108004570007324;0.5093613862991333;0.5251494646072388;0.5900710225105286;0.5362284183502197;0.5543047785758972;0.5705676674842834;0.6338873505592346;0.5878810286521912;0.5974738597869873;0.6098142862319946;0.14491207897663116;0.1431027054786682;0.18822559714317322;0.2676071226596832;0.3348596394062042;0.16154956817626953;0.28537532687187195;0.34660449624061584;0.3794175982475281;0.19527970254421234;0.342323899269104;0.35103553533554077;0.3256016671657562;0.23340165615081787;0.3636111319065094;0.34812259674072266;0.3098864257335663;0.2728603482246399;0.3633803725242615;0.34366708993911743;0.30790820717811584;-3.1652771781409683e-07;0.010777746327221394;-0.0030886109452694654;-0.017294250428676605;-0.03399435430765152;-0.055066727101802826;-0.07133693993091583;-0.07017142325639725;-0.06773693859577179;-0.07173224538564682;-0.08463064581155777;-0.07069578021764755;-0.06253919005393982;-0.08373795449733734;-0.09411429613828659;-0.07017219066619873;-0.055990468710660934;-0.09380845725536346;-0.10341846942901611;-0.0873207226395607;-0.07576039433479309;0.25695109367370605;0.2948387563228607;0.3194618821144104;0.32808804512023926;0.3347429633140564;0.24126872420310974;0.27659669518470764;0.30568933486938477;0.32815635204315186;0.20659829676151276;0.24520401656627655;0.28455349802970886;0.3172389566898346;0.19438032805919647;0.23289838433265686;0.2712302505970001;0.2996949851512909;0.19398048520088196;0.22638939321041107;0.2594241201877594;0.28347882628440857;0.05691943317651749;0.07240934669971466;0.12234479188919067;0.1907007247209549;0.2464820146560669;0.08556003123521805;0.19311997294425964;0.24075005948543549;0.2721884548664093;0.11333481222391129;0.2238430231809616;0.2672966420650482;0.28730544447898865;0.1414443403482437;0.2365921437740326;0.26779109239578247;0.2803627550601959;0.1663743108510971;0.2292945384979248;0.25383657217025757;0.26575061678886414;-3.12252097955934e-07;-0.06260690093040466;-0.10194554179906845;-0.12334280461072922;-0.14214088022708893;-0.13943365216255188;-0.1687181442975998;-0.17112351953983307;-0.17012996971607208;-0.11310089379549026;-0.14216692745685577;-0.139590784907341;-0.13868577778339386;-0.08476483076810837;-0.11320333182811737;-0.11380850523710251;-0.11397022753953934;-0.05819883570075035;-0.08474776893854141;-0.09086828678846359;-0.09355349093675613;0.9876192808151245;0.9993563294410706
1772029325.6;0.6715381741523743;0.5997747182846069;0.531663715839386;0.49138450622558594;0.4753261208534241;0.5134291648864746;0.461531400680542;0.45251309871673584;0.4545905292034149;0.5546383857727051;0.5008977055549622;0.5187989473342896;0.5343195199966431;0.5971559286117554;0.5463405847549438;0.5648196339607239;0.5809402465820312;0.6403502225875854;0.5982202887535095;0.6080068945884705;0.618922770023346;0.1285429298877716;0.12642966210842133;0.1721276044845581;0.2500740885734558;0.31725049018859863;0.1473381072282791;0.2718222737312317;0.3354676365852356;0.37156984210014343;0.18304383754730225;0.3324238657951355;0.3397563099861145;0.3141181170940399;0.22200658917427063;0.35081931948661804;0.3319665789604187;0.2925613224506378;0.26111897826194763;0.34800848364830017;0.3273274600505829;0.2926909625530243;-2.9002964652136143e-07;0.009571421891450882;-0.004074202384799719;-0.017565932124853134;-0.03330151364207268;-0.056468699127435684;-0.0734294056892395;-0.07258989661931992;-0.07039239257574081;-0.07248175889253616;-0.08633635193109512;-0.07262831926345825;-0.06450767815113068;-0.0839260146021843;-0.09533514827489853;-0.07188379019498825;-0.05770551785826683;-0.09354251623153687;-0.10378862172365189;-0.08857528120279312;-0.07757549732923508;0.25785815715789795;0.2957833707332611;0.32067424058914185;0.32851213216781616;0.33299022912979126;0.24567298591136932;0.2817315459251404;0.3104349374771118;0.33239299058914185;0.20940950512886047;0.24998651444911957;0.28826040029525757;0.3199400305747986;0.19455622136592865;0.23403194546699524;0.271437406539917;0.29941555857658386;0.1916096955537796;0.22434154152870178;0.2575036287307739;0.28173381090164185;0.05405278503894806;0.0711529478430748;0.12054644525051117;0.18635940551757812;0.2400687038898468;0.08524695783853531;0.1926712542772293;0.24065566062927246;0.27133405208587646;0.1102524995803833;0.22143352031707764;0.2671433091163635;0.28939342498779297;0.13704237341880798;0.23493565618991852;0.26834529638290405;0.2826475501060486;0.16160835325717926;0.22875262796878815;0.25393980741500854;0.26528751850128174;-3.6493466382125916e-07;-0.05652641877532005;-0.09295614808797836;-0.11333368718624115;-0.1312406361103058;-0.12773017585277557;-0.15621556341648102;-0.15899185836315155;-0.15799027681350708;-0.10462090373039246;-0.13066719472408295;-0.12692146003246307;-0.12544076144695282;-0.07991764694452286;-0.10582837462425232;-0.10512830317020416;-0.10455325990915298;-0.05687941610813141;-0.08138708025217056;-0.08613502234220505;-0.08779807388782501;0.9901742935180664;0.9993339776992798
1772029325.6333334;0.6736822128295898;0.6027975678443909;0.5371534824371338;0.4990823566913605;0.4847036898136139;0.5172348022460938;0.4651174247264862;0.45745325088500977;0.4601823687553406;0.559934139251709;0.5033607482910156;0.5217026472091675;0.539187490940094;0.6026345491409302;0.5484789609909058;0.5679808855056763;0.5858483910560608;0.6453807353973389;0.600837230682373;0.609304666519165;0.6204046607017517;0.11772125959396362;0.11650151014328003;0.1619807779788971;0.23881374299526215;0.30606910586357117;0.13859672844409943;0.26442161202430725;0.3295105993747711;0.3672733008861542;0.1704946905374527;0.32123225927352905;0.33891141414642334;0.3207787275314331;0.20832645893096924;0.3393384516239166;0.32689976692199707;0.28980982303619385;0.2460716813802719;0.33829963207244873;0.3219734728336334;0.28780585527420044;-2.8083888992114225e-07;0.008480955846607685;-0.005617307499051094;-0.018667005002498627;-0.03387925773859024;-0.06414197385311127;-0.08087543398141861;-0.07786422967910767;-0.07377127557992935;-0.07936205714941025;-0.09383512288331985;-0.07898955792188644;-0.06964980065822601;-0.08958947658538818;-0.10043834149837494;-0.07635240256786346;-0.06149779260158539;-0.09798470139503479;-0.10749976336956024;-0.09189987927675247;-0.08047030866146088;0.25831353664398193;0.2978220283985138;0.3226585388183594;0.32944685220718384;0.33432736992836;0.24614249169826508;0.2834008038043976;0.31238797307014465;0.33444279432296753;0.2087201476097107;0.2508591115474701;0.28961437940597534;0.32147216796875;0.19345200061798096;0.23592212796211243;0.2732689380645752;0.30080968141555786;0.19075718522071838;0.22479790449142456;0.25788938999176025;0.28161054849624634;0.05031400918960571;0.06922434270381927;0.12096599489450455;0.1868188977241516;0.2407073676586151;0.08660202473402023;0.19634182751178741;0.24450716376304626;0.27569907903671265;0.11201652884483337;0.22494137287139893;0.2690439224243164;0.2895134687423706;0.13871507346630096;0.2363867461681366;0.26825377345085144;0.28141355514526367;0.16359668970108032;0.22982341051101685;0.25369471311569214;0.26416143774986267;-3.7239780681375123e-07;-0.05551239103078842;-0.0908033549785614;-0.1100647822022438;-0.126822829246521;-0.1260978728532791;-0.1544032245874405;-0.15732233226299286;-0.15619303286075592;-0.10306573659181595;-0.12858900427818298;-0.1241033598780632;-0.1216917410492897;-0.07836586982011795;-0.10304591059684753;-0.10117613524198532;-0.09963488578796387;-0.0554150715470314;-0.07856359332799911;-0.08237027376890182;-0.08316262066364288;0.9897323846817017;0.9994237422943115
1772029325.6666667;0.6772841215133667;0.6066147685050964;0.5405855774879456;0.5020926594734192;0.48632609844207764;0.5189377069473267;0.46923089027404785;0.4606911540031433;0.46154269576072693;0.5619054436683655;0.507506787776947;0.527694582939148;0.5443955063819885;0.604400634765625;0.5526019334793091;0.5734412670135498;0.5908960103988647;0.6468256711959839;0.6040554046630859;0.6135902404785156;0.6243164539337158;0.10736478865146637;0.10924269258975983;0.15909360349178314;0.23978668451309204;0.30949658155441284;0.13088807463645935;0.2569139897823334;0.3211089074611664;0.3595115542411804;0.16251584887504578;0.3131905794143677;0.32490476965904236;0.303086519241333;0.20023049414157867;0.3304445743560791;0.31363826990127563;0.2753177285194397;0.23730206489562988;0.3279709219932556;0.3091232180595398;0.27535122632980347;-2.8398554263731057e-07;0.009432009421288967;-0.006022475194185972;-0.020147638395428658;-0.03639176860451698;-0.06791253387928009;-0.08245398104190826;-0.07660150527954102;-0.07123773545026779;-0.08398601412773132;-0.09581848233938217;-0.07739028334617615;-0.06666553765535355;-0.0946284681558609;-0.10213478654623032;-0.0745491236448288;-0.05912809446454048;-0.10351955145597458;-0.11063754558563232;-0.09334581345319748;-0.08191186189651489;0.25720950961112976;0.2979810833930969;0.3236185908317566;0.3312876224517822;0.339552104473114;0.24832919239997864;0.2846679091453552;0.31291696429252625;0.33394157886505127;0.21080529689788818;0.25289061665534973;0.291714608669281;0.3228505849838257;0.1951737403869629;0.23716874420642853;0.2746696174144745;0.3015938401222229;0.19238042831420898;0.22626642882823944;0.2592836618423462;0.282833456993103;0.04463417828083038;0.06560640037059784;0.12110096216201782;0.19047117233276367;0.24506080150604248;0.08427093178033829;0.19616065919399261;0.24515573680400848;0.27563661336898804;0.10955801606178284;0.22479219734668732;0.2694419324398041;0.28860795497894287;0.13595663011074066;0.23568591475486755;0.26850560307502747;0.2811961770057678;0.16103942692279816;0.2302105724811554;0.2543424665927887;0.2637910842895508;-3.7841786593162396e-07;-0.05247371271252632;-0.08648265153169632;-0.10507867485284805;-0.12130046635866165;-0.1229424849152565;-0.1508205682039261;-0.15389983355998993;-0.15289026498794556;-0.10120335966348648;-0.1255883127450943;-0.12031476944684982;-0.11748630553483963;-0.07770335674285889;-0.10144832730293274;-0.09879319369792938;-0.0967399999499321;-0.055747322738170624;-0.07797729223966599;-0.0809721052646637;-0.08132286369800568;0.9906421303749084;0.9994342923164368
1772029325.7;0.6764358878135681;0.6054866909980774;0.5417218208312988;0.5046007633209229;0.4904993176460266;0.5202071070671082;0.4712642431259155;0.4640434980392456;0.46588876843452454;0.5647398829460144;0.5087243318557739;0.5273551344871521;0.5446853637695312;0.6072981357574463;0.5530362725257874;0.5724615454673767;0.5900702476501465;0.6491812467575073;0.605226457118988;0.6121967434883118;0.6223618984222412;0.10082137584686279;0.1051008403301239;0.15406911075115204;0.23449185490608215;0.3049146831035614;0.12781110405921936;0.25402456521987915;0.3182257115840912;0.3578440248966217;0.157686248421669;0.30901283025741577;0.32651352882385254;0.30900949239730835;0.1948084682226181;0.32503122091293335;0.3123619854450226;0.27617156505584717;0.2307969629764557;0.32333874702453613;0.3065440058708191;0.2733491063117981;-2.8120521733399073e-07;0.010065523907542229;-0.0066544790752232075;-0.021296020597219467;-0.03796670213341713;-0.07702505588531494;-0.09195227175951004;-0.0842985138297081;-0.077255979180336;-0.09352364391088486;-0.1040327176451683;-0.08259005099534988;-0.0702953040599823;-0.10399516671895981;-0.10933225601911545;-0.07908370345830917;-0.06255301833152771;-0.11269840598106384;-0.11822137981653214;-0.09937173873186111;-0.08702373504638672;0.25708743929862976;0.2984943985939026;0.32431742548942566;0.33274370431900024;0.3426958918571472;0.2509121000766754;0.28712549805641174;0.31398075819015503;0.3333570063114166;0.21209385991096497;0.25333476066589355;0.2904634475708008;0.319847047328949;0.19487307965755463;0.2385706603527069;0.27515512704849243;0.3005940616130829;0.1919197142124176;0.22631406784057617;0.258648544549942;0.2811307907104492;0.04389025270938873;0.06387288123369217;0.12034803628921509;0.18985894322395325;0.2453157603740692;0.0818350538611412;0.1930469274520874;0.24365034699440002;0.2775304615497589;0.10805286467075348;0.22296515107154846;0.267691433429718;0.2867935299873352;0.13421213626861572;0.2330857217311859;0.26665377616882324;0.2802976369857788;0.15924811363220215;0.22770166397094727;0.25182944536209106;0.26150715351104736;-3.386544449313078e-07;-0.05357832461595535;-0.08868371695280075;-0.10751580446958542;-0.12365167587995529;-0.1310674250125885;-0.15924225747585297;-0.1607799530029297;-0.15885497629642487;-0.10892944037914276;-0.13464295864105225;-0.12727735936641693;-0.12253174185752869;-0.08457870781421661;-0.10833507776260376;-0.10280603915452957;-0.09865767508745193;-0.06197546795010567;-0.08385642617940903;-0.08565692603588104;-0.0851295068860054;0.9884014129638672;0.9992297887802124
1772029325.7333333;0.6755585670471191;0.6054500937461853;0.5410733222961426;0.5033227801322937;0.48786258697509766;0.5198034048080444;0.4721536934375763;0.46491190791130066;0.4659907817840576;0.5648751258850098;0.5116298794746399;0.5315443277359009;0.5469666123390198;0.6080919504165649;0.554166853427887;0.5743668079376221;0.5912518501281738;0.6504890322685242;0.6056208610534668;0.6138125658035278;0.624593198299408;0.09544287621974945;0.10180545598268509;0.15258915722370148;0.23258955776691437;0.30183011293411255;0.12507301568984985;0.250318318605423;0.3133980631828308;0.3529829978942871;0.15432727336883545;0.30555346608161926;0.31036531925201416;0.2839367687702179;0.191069558262825;0.3223283886909485;0.30241385102272034;0.2630893886089325;0.22635401785373688;0.3186742663383484;0.2973628640174866;0.263152152299881;-2.634557176861563e-07;0.009082241915166378;-0.007813849486410618;-0.022473813965916634;-0.03893353044986725;-0.07581260800361633;-0.08960841596126556;-0.08167080581188202;-0.07515887916088104;-0.09206727892160416;-0.10290483385324478;-0.08179285377264023;-0.07005476951599121;-0.10239413380622864;-0.10872699320316315;-0.0786379799246788;-0.06251523643732071;-0.11096936464309692;-0.11766412109136581;-0.09909085929393768;-0.08730457723140717;0.2560555636882782;0.2977846562862396;0.3254394829273224;0.33477404713630676;0.3431501090526581;0.253022700548172;0.29001328349113464;0.3169749677181244;0.3351380228996277;0.214387908577919;0.2555682361125946;0.2927868962287903;0.3219161331653595;0.19678708910942078;0.2399170696735382;0.27723830938339233;0.3030968904495239;0.1930060088634491;0.22753342986106873;0.2603514492511749;0.2835220694541931;0.045516930520534515;0.06457161903381348;0.11831812560558319;0.18570883572101593;0.24030214548110962;0.08144252002239227;0.1929682493209839;0.2453608214855194;0.2799644470214844;0.10757027566432953;0.22193188965320587;0.26692408323287964;0.2860076427459717;0.13358785212039948;0.23253753781318665;0.2661024034023285;0.27964064478874207;0.15879099071025848;0.22807368636131287;0.2530774176120758;0.263180673122406;-3.4729356457319227e-07;-0.050582222640514374;-0.08433281630277634;-0.10322698205709457;-0.1197163537144661;-0.12306780368089676;-0.15219129621982574;-0.15631215274333954;-0.1561453938484192;-0.1031813994050026;-0.12880250811576843;-0.12321438640356064;-0.11961662769317627;-0.0814819261431694;-0.1053655594587326;-0.10090195387601852;-0.09725788235664368;-0.06144839897751808;-0.08304153382778168;-0.08482988178730011;-0.08420421928167343;0.9887279272079468;0.999383270740509
1772029325.7666667;0.6767411828041077;0.6062275171279907;0.5418433547019958;0.5047443509101868;0.48918965458869934;0.5221378207206726;0.4751640558242798;0.4674086272716522;0.4678374230861664;0.5673085451126099;0.5128824710845947;0.5306863784790039;0.5461117625236511;0.6109697818756104;0.55559241771698;0.5734701752662659;0.5901418328285217;0.6539041996002197;0.6076529026031494;0.6134616732597351;0.6234108805656433;0.09125085175037384;0.09712406992912292;0.14952388405799866;0.22852569818496704;0.2969557046890259;0.12276187539100647;0.24865175783634186;0.3115370273590088;0.35089221596717834;0.15234486758708954;0.30085843801498413;0.30914926528930664;0.2860693633556366;0.18861910700798035;0.32031574845314026;0.30321359634399414;0.26478272676467896;0.22338244318962097;0.31556209921836853;0.29567673802375793;0.26079604029655457;-2.3344222199739306e-07;0.007907699793577194;-0.008258133195340633;-0.022312214598059654;-0.03835155814886093;-0.07273181527853012;-0.0874585434794426;-0.0816994160413742;-0.07646749168634415;-0.08797422796487808;-0.1001574918627739;-0.08185190707445145;-0.07123561203479767;-0.09755802154541016;-0.10541899502277374;-0.07767543196678162;-0.06195421889424324;-0.10542526841163635;-0.11319959163665771;-0.09572447836399078;-0.08390116691589355;0.25607675313949585;0.2995079457759857;0.3257163166999817;0.33453530073165894;0.3458860516548157;0.25729385018348694;0.29397284984588623;0.3210259974002838;0.3389512598514557;0.2181873768568039;0.2570314407348633;0.2943347692489624;0.3234465718269348;0.19904080033302307;0.2406783252954483;0.2781033217906952;0.3038918972015381;0.19376042485237122;0.2273331880569458;0.26048120856285095;0.28402072191238403;0.04653377830982208;0.06658326089382172;0.12266665697097778;0.19138531386852264;0.2443990409374237;0.07893875241279602;0.1911616027355194;0.24290123581886292;0.27660852670669556;0.1040748655796051;0.2194218933582306;0.26564162969589233;0.284845769405365;0.1302332580089569;0.2311207354068756;0.2657022178173065;0.2786978483200073;0.15585209429264069;0.2269163876771927;0.25223857164382935;0.2615887522697449;-3.412756370835268e-07;-0.05037086457014084;-0.08422738313674927;-0.10274314135313034;-0.11909990012645721;-0.12877120077610016;-0.15723107755184174;-0.1596468836069107;-0.15850305557250977;-0.10907715559005737;-0.13526886701583862;-0.12869229912757874;-0.1244393065571785;-0.0870351642370224;-0.11085540801286697;-0.10558287054300308;-0.10157454013824463;-0.0665605217218399;-0.08795476704835892;-0.08944767713546753;-0.08892251551151276;0.9883511662483215;0.9994192719459534
1772029325.8;0.6768600344657898;0.607120931148529;0.5434061288833618;0.5067266225814819;0.4909151792526245;0.5234876275062561;0.47629114985466003;0.46923935413360596;0.47089821100234985;0.5680155158042908;0.5139439702033997;0.5329901576042175;0.5488657355308533;0.6114280819892883;0.5574302077293396;0.5764883756637573;0.5936650633811951;0.6543774008750916;0.6093924045562744;0.6156840920448303;0.625571072101593;0.08985583484172821;0.09664555639028549;0.1485801786184311;0.22700448334217072;0.2946334779262543;0.12256959825754166;0.24682573974132538;0.3099196255207062;0.34965980052948;0.1508081555366516;0.2992152273654938;0.30530962347984314;0.2804626226425171;0.18613851070404053;0.3196146488189697;0.3020230531692505;0.26334747672080994;0.22036601603031158;0.31369391083717346;0.2932535707950592;0.2581082284450531;-2.28015267111914e-07;0.007807847578078508;-0.00829730462282896;-0.022237123921513557;-0.03811256214976311;-0.07265076786279678;-0.08763552457094193;-0.08165693283081055;-0.07598713040351868;-0.08752717822790146;-0.09999947249889374;-0.0814090147614479;-0.07027362287044525;-0.09670165926218033;-0.10494732856750488;-0.07678304612636566;-0.06050609424710274;-0.1040910929441452;-0.11231250315904617;-0.09461192786693573;-0.08237309008836746;0.2540968060493469;0.29824915528297424;0.3262120187282562;0.3356102705001831;0.34566399455070496;0.2581222355365753;0.2951433062553406;0.32200172543525696;0.3403904139995575;0.21865344047546387;0.2590300440788269;0.29602205753326416;0.3254857063293457;0.19897548854351044;0.24334204196929932;0.2800889313220978;0.3061900734901428;0.1932479441165924;0.2306125909090042;0.26337534189224243;0.2864186763763428;0.04611695557832718;0.06524807959794998;0.11990416049957275;0.1878097951412201;0.24061810970306396;0.07814328372478485;0.1880018413066864;0.23918947577476501;0.27342450618743896;0.1031612828373909;0.21641889214515686;0.26352015137672424;0.28537267446517944;0.1298554241657257;0.22851936519145966;0.26348042488098145;0.27852627635002136;0.15614540874958038;0.22494003176689148;0.2496168166399002;0.26044559478759766;-3.521351175095333e-07;-0.049761269241571426;-0.0832677036523819;-0.10159144550561905;-0.11781729012727737;-0.1274505853652954;-0.15591835975646973;-0.15847232937812805;-0.15749195218086243;-0.10817331075668335;-0.13447259366512299;-0.1286769062280655;-0.12506628036499023;-0.08655617386102676;-0.11034438014030457;-0.10575935989618301;-0.1023469865322113;-0.06650254875421524;-0.08789895474910736;-0.08985193073749542;-0.08975477516651154;0.9875948429107666;0.9995430707931519
1772029325.8333333;0.6784383058547974;0.6096252799034119;0.5455904006958008;0.5089309811592102;0.4938858151435852;0.5245821475982666;0.4752197861671448;0.4692685008049011;0.4726581871509552;0.5674942135810852;0.5150177478790283;0.535503625869751;0.5515285730361938;0.6107926368713379;0.5587775707244873;0.5787522196769714;0.5957527756690979;0.6544492244720459;0.6101682186126709;0.6182857751846313;0.6287512183189392;0.08593930304050446;0.09270823001861572;0.14313817024230957;0.22055938839912415;0.287185400724411;0.11985212564468384;0.2437853217124939;0.30757877230644226;0.3465281128883362;0.14766615629196167;0.2962554097175598;0.3000158965587616;0.2729395925998688;0.1824321150779724;0.3168037533760071;0.2980092763900757;0.25850820541381836;0.21660329401493073;0.31115689873695374;0.2907179892063141;0.2555643320083618;-2.3975894691830035e-07;0.008069958537817001;-0.006848549470305443;-0.020065680146217346;-0.035101719200611115;-0.06830386072397232;-0.08354742079973221;-0.07804525643587112;-0.07261523604393005;-0.08315078169107437;-0.09705550968647003;-0.08002379536628723;-0.0693516805768013;-0.09257626533508301;-0.10257405787706375;-0.07561077177524567;-0.05942389369010925;-0.10013870894908905;-0.1098683699965477;-0.09291908144950867;-0.08070097118616104;0.2529379725456238;0.2990000545978546;0.3278807997703552;0.33871370553970337;0.35086560249328613;0.26162728667259216;0.29759612679481506;0.3250053822994232;0.34412074089050293;0.2222403883934021;0.26119565963745117;0.2985190153121948;0.3281528651714325;0.20186764001846313;0.24486103653907776;0.28249236941337585;0.30881333351135254;0.19482830166816711;0.23212149739265442;0.26499542593955994;0.2880905866622925;0.04666828364133835;0.06499313563108444;0.12212146073579788;0.19103915989398956;0.24242138862609863;0.07765495032072067;0.18709947168827057;0.23910680413246155;0.27328959107398987;0.10289915651082993;0.21547146141529083;0.26271799206733704;0.28343796730041504;0.12977606058120728;0.22911038994789124;0.26301074028015137;0.27569514513015747;0.1557835191488266;0.22686544060707092;0.2513085603713989;0.2609173059463501;-3.398030514745187e-07;-0.049436893314123154;-0.08234778046607971;-0.10028035193681717;-0.11631771177053452;-0.12690675258636475;-0.15650397539138794;-0.16044940054416656;-0.1603928804397583;-0.10823927074670792;-0.13589827716350555;-0.1314558982849121;-0.12871183454990387;-0.08743195980787277;-0.11219661682844162;-0.10857213288545609;-0.10565824061632156;-0.06819005310535431;-0.08990181237459183;-0.09242980927228928;-0.09294820576906204;0.9881514310836792;0.9995467662811279
1772029325.8666666;0.6813909411430359;0.6118791699409485;0.5485027432441711;0.5125306844711304;0.4980784058570862;0.5263777375221252;0.4779711961746216;0.47153985500335693;0.47349685430526733;0.5696143507957458;0.516846776008606;0.5369091033935547;0.5525999069213867;0.6127058863639832;0.561107873916626;0.5813599824905396;0.5982039570808411;0.655851423740387;0.612744927406311;0.6213317513465881;0.6317875385284424;0.08396880328655243;0.09135738015174866;0.1417224407196045;0.22042062878608704;0.28839755058288574;0.11752400547266006;0.24187007546424866;0.3047686219215393;0.34391260147094727;0.14535009860992432;0.29523348808288574;0.3011763095855713;0.2759184241294861;0.18050137162208557;0.3136822283267975;0.29489490389823914;0.25578469038009644;0.21514131128787994;0.30919569730758667;0.2888891100883484;0.254317969083786;-2.4840181822582963e-07;0.008710920810699463;-0.0070041147992014885;-0.020944930613040924;-0.036582816392183304;-0.07028038799762726;-0.08479777723550797;-0.07810785621404648;-0.07211802154779434;-0.0860777497291565;-0.09863690286874771;-0.07991258054971695;-0.06870291382074356;-0.09634020179510117;-0.10463778674602509;-0.07630959898233414;-0.06008365377783775;-0.10486972332000732;-0.11315684765577316;-0.09551234543323517;-0.083451047539711;0.25487712025642395;0.3025510311126709;0.3314094543457031;0.34098976850509644;0.3522755205631256;0.2648151218891144;0.30067911744117737;0.3285744786262512;0.3484398424625397;0.2247229963541031;0.2636551558971405;0.3017115294933319;0.3315471410751343;0.20334485173225403;0.24757839739322662;0.28590458631515503;0.3129739463329315;0.19592690467834473;0.23388952016830444;0.26759642362594604;0.29181092977523804;0.04521200805902481;0.06302584707736969;0.11992539465427399;0.18696531653404236;0.23740044236183167;0.0793866291642189;0.18683311343193054;0.24033179879188538;0.2750917375087738;0.10444045811891556;0.2170671820640564;0.2641129195690155;0.2847638726234436;0.13044953346252441;0.22837409377098083;0.26439169049263;0.2802721858024597;0.1553531438112259;0.2254134565591812;0.25065678358078003;0.2628915309906006;-3.3285795097981463e-07;-0.04787231609225273;-0.07963667064905167;-0.09686112403869629;-0.111995629966259;-0.12440849840641022;-0.15407343208789825;-0.15776079893112183;-0.1575283408164978;-0.1070706695318222;-0.13618870079517365;-0.13216717541217804;-0.12881168723106384;-0.08758329600095749;-0.11280279606580734;-0.10844895988702774;-0.10445887595415115;-0.06971871107816696;-0.09135903418064117;-0.09356781095266342;-0.09347604960203171;0.9894746541976929;0.9991349577903748
1772029325.9;0.6837042570114136;0.6139194369316101;0.5502963066101074;0.5147852301597595;0.5002669095993042;0.5280807614326477;0.47982919216156006;0.4744780659675598;0.4769580364227295;0.5714998841285706;0.519209086894989;0.5406939387321472;0.5573579668998718;0.6145909428596497;0.5632398724555969;0.5838338136672974;0.6004635691642761;0.6575556397438049;0.6143717169761658;0.6228294968605042;0.6330034732818604;0.08550615608692169;0.09360309690237045;0.14533525705337524;0.2248760163784027;0.29262715578079224;0.11956325173377991;0.2412714809179306;0.30370327830314636;0.3431375324726105;0.14622685313224792;0.29414576292037964;0.30156269669532776;0.2771514356136322;0.18031741678714752;0.31216859817504883;0.2947002947330475;0.2560662031173706;0.21370261907577515;0.3075369894504547;0.28866657614707947;0.2544000744819641;-2.693844294299197e-07;0.00882801879197359;-0.006549215875566006;-0.020076977089047432;-0.03527115285396576;-0.07026264816522598;-0.08505918830633163;-0.07872442901134491;-0.07304108887910843;-0.08607754111289978;-0.09867508709430695;-0.08012726902961731;-0.06921502202749252;-0.09637317061424255;-0.10451430082321167;-0.0763314962387085;-0.06037379428744316;-0.10492581874132156;-0.1128278374671936;-0.09516672044992447;-0.08326756209135056;0.25948238372802734;0.30630943179130554;0.33417534828186035;0.3437795639038086;0.35595977306365967;0.26829108595848083;0.30358588695526123;0.33106669783592224;0.350233256816864;0.22822339832782745;0.26741254329681396;0.3037835955619812;0.33237501978874207;0.20616069436073303;0.2500411570072174;0.28700241446495056;0.31353968381881714;0.19745934009552002;0.235694020986557;0.26855728030204773;0.29202479124069214;0.04528443515300751;0.06485903263092041;0.12328583002090454;0.19116751849651337;0.24297276139259338;0.08078888058662415;0.18985465168952942;0.245476633310318;0.2815867066383362;0.10471819341182709;0.2163909673690796;0.26460784673690796;0.2861747145652771;0.13017520308494568;0.22777831554412842;0.2642679810523987;0.27951306104660034;0.15485695004463196;0.2260216474533081;0.250862717628479;0.26188352704048157;-3.18573228241803e-07;-0.04607889801263809;-0.07692673802375793;-0.09377603232860565;-0.10874295234680176;-0.12101812660694122;-0.15088538825511932;-0.15608614683151245;-0.15715883672237396;-0.10466361045837402;-0.13376721739768982;-0.13137519359588623;-0.12959034740924835;-0.0862041562795639;-0.11059644818305969;-0.10673674941062927;-0.10352595895528793;-0.0694257989525795;-0.09047719091176987;-0.093000128865242;-0.09349198639392853;0.9882966876029968;0.9985441565513611
1772029325.9333334;0.6862051486968994;0.618178129196167;0.5538102388381958;0.5184005498886108;0.5042323470115662;0.5295528173446655;0.47961705923080444;0.47513115406036377;0.47907185554504395;0.5700610876083374;0.5207682251930237;0.5445113778114319;0.5613541603088379;0.6124239563941956;0.5643122792243958;0.58716881275177;0.6037966012954712;0.6558021306991577;0.6147005558013916;0.6266389489173889;0.637934148311615;0.08136102557182312;0.08888109773397446;0.13900357484817505;0.21834369003772736;0.2851468622684479;0.11569821089506149;0.23839245736598969;0.3021286725997925;0.3418874740600586;0.14182576537132263;0.29037702083587646;0.29268568754196167;0.2637646496295929;0.1746865212917328;0.30770307779312134;0.28894367814064026;0.24964845180511475;0.20784999430179596;0.30394840240478516;0.28508347272872925;0.2508593797683716;-3.0234548376029124e-07;0.009204577654600143;-0.0048098089173436165;-0.017804771661758423;-0.032499853521585464;-0.06327942758798599;-0.07904905825853348;-0.07424496114253998;-0.06952781230211258;-0.07934439927339554;-0.09408091753721237;-0.07793252170085907;-0.06790444999933243;-0.09040578454732895;-0.10156772285699844;-0.07528553903102875;-0.05952844023704529;-0.09961919486522675;-0.11017013341188431;-0.09387177228927612;-0.08223096281290054;0.2595544457435608;0.3061122000217438;0.334394633769989;0.3452876806259155;0.3583407402038574;0.2686338722705841;0.3049127757549286;0.33315494656562805;0.3534277677536011;0.22969886660575867;0.27009209990501404;0.3075006306171417;0.3370942771434784;0.20854827761650085;0.25216472148895264;0.2900794744491577;0.31712228059768677;0.20056700706481934;0.23729218542575836;0.2703494429588318;0.29406872391700745;0.04493676871061325;0.0639803558588028;0.12183155864477158;0.18975763022899628;0.2423594444990158;0.07908190041780472;0.18801604211330414;0.24501600861549377;0.281836599111557;0.10385522991418839;0.2152094691991806;0.26563775539398193;0.2880142331123352;0.13031373918056488;0.22815430164337158;0.2659858763217926;0.28206968307495117;0.15572863817214966;0.2278718501329422;0.25292274355888367;0.2632983922958374;-3.429945536481682e-07;-0.04541398584842682;-0.07625627517700195;-0.09351345896720886;-0.10904137790203094;-0.11902614682912827;-0.15078270435333252;-0.15793727338314056;-0.15981197357177734;-0.10307887196540833;-0.1327604204416275;-0.1307840645313263;-0.1291816532611847;-0.08534327149391174;-0.11121666431427002;-0.10831909626722336;-0.10525459051132202;-0.06910531222820282;-0.09039761871099472;-0.09272362291812897;-0.09293686598539352;0.9905101656913757;0.9983624815940857
1772029325.9666667;0.6897011399269104;0.6213296055793762;0.5568727850914001;0.5216898918151855;0.5058649778366089;0.530123233795166;0.47928425669670105;0.47639790177345276;0.4821375906467438;0.5695376992225647;0.5195912718772888;0.543937087059021;0.5619106888771057;0.6113156676292419;0.5656788349151611;0.5885769128799438;0.6050171852111816;0.654147744178772;0.6152223348617554;0.627173662185669;0.6380215287208557;0.07880909740924835;0.09012001752853394;0.14408835768699646;0.2271369844675064;0.2958686351776123;0.11435804516077042;0.23447637259960175;0.2988521456718445;0.3392859399318695;0.1384890228509903;0.28851965069770813;0.29934316873550415;0.27702561020851135;0.1702670454978943;0.30386579036712646;0.2881893217563629;0.2508887052536011;0.20332279801368713;0.300320565700531;0.2852109670639038;0.25292831659317017;-3.3318804071313934e-07;0.009591658599674702;-0.0045005264692008495;-0.01784520410001278;-0.032570239156484604;-0.06171693280339241;-0.07747137546539307;-0.07233431935310364;-0.06719338148832321;-0.0782838836312294;-0.09225307404994965;-0.07565600425004959;-0.0654502809047699;-0.08999332040548325;-0.09983648359775543;-0.07336767762899399;-0.057836439460515976;-0.10000492632389069;-0.10922960937023163;-0.09300553053617477;-0.08167895674705505;0.2590475380420685;0.30658501386642456;0.335348516702652;0.3469814360141754;0.36025863885879517;0.27165916562080383;0.3084773123264313;0.3360145092010498;0.3547564744949341;0.23265309631824493;0.2724880874156952;0.30889177322387695;0.33744367957115173;0.21097445487976074;0.253085196018219;0.2901999354362488;0.3167787194252014;0.2019353210926056;0.23701030015945435;0.26896682381629944;0.2923770546913147;0.0456324964761734;0.0635060966014862;0.12032507359981537;0.18732930719852448;0.24037659168243408;0.07944881916046143;0.1922643780708313;0.2492285966873169;0.28546082973480225;0.10455148667097092;0.21695759892463684;0.26748064160346985;0.28977376222610474;0.13108697533607483;0.22876371443271637;0.26689550280570984;0.2832794785499573;0.156777486205101;0.22760844230651855;0.2536974549293518;0.26527273654937744;-3.3044869951481814e-07;-0.04327011853456497;-0.07309933006763458;-0.09013503044843674;-0.10559133440256119;-0.11492317169904709;-0.1459745317697525;-0.15333443880081177;-0.1554207056760788;-0.09999125450849533;-0.12913325428962708;-0.12755480408668518;-0.12615470588207245;-0.08329996466636658;-0.10799413919448853;-0.1051115170121193;-0.10218571871519089;-0.0680803656578064;-0.08847559988498688;-0.0906476154923439;-0.09084977954626083;0.9895634651184082;0.9985798597335815
1772029326.0;0.6939970850944519;0.625238835811615;0.5572214126586914;0.5223702192306519;0.5041531920433044;0.5291557908058167;0.4798707664012909;0.47924309968948364;0.4865531325340271;0.5689427256584167;0.5194889903068542;0.5444323420524597;0.5617393851280212;0.6117540597915649;0.5677959322929382;0.5904834866523743;0.605282187461853;0.6551427841186523;0.6171146631240845;0.6298130750656128;0.6399335861206055;0.07419408857822418;0.09044880419969559;0.15686120092868805;0.24928182363510132;0.3206430673599243;0.11524896323680878;0.23367640376091003;0.2956399917602539;0.3329353928565979;0.137709841132164;0.28543820977211;0.293710857629776;0.2703756093978882;0.167220801115036;0.29713907837867737;0.27899619936943054;0.24171212315559387;0.1991948038339615;0.29494863748550415;0.27958598732948303;0.24768799543380737;-3.5697360090125585e-07;0.008930692449212074;-0.004149314947426319;-0.016822678968310356;-0.030617451295256615;-0.055138085037469864;-0.07107916474342346;-0.06743985414505005;-0.06376324594020844;-0.07170196622610092;-0.0876636952161789;-0.07434265315532684;-0.06597356498241425;-0.08378434181213379;-0.09646090865135193;-0.07276961952447891;-0.05820406228303909;-0.09400137513875961;-0.10482808947563171;-0.09021349251270294;-0.0797744020819664;0.26084595918655396;0.3095213770866394;0.33790650963783264;0.34965094923973083;0.36490005254745483;0.2761576175689697;0.3108915686607361;0.33834174275398254;0.35726219415664673;0.23650798201560974;0.27613526582717896;0.3118821680545807;0.3402496874332428;0.21253561973571777;0.2561117112636566;0.29322350025177;0.3203073740005493;0.2009076178073883;0.23761531710624695;0.2697617709636688;0.2934947609901428;0.04894573241472244;0.07162418961524963;0.12974700331687927;0.1945176124572754;0.24469584226608276;0.08452565968036652;0.19364412128925323;0.24939212203025818;0.2866284251213074;0.1056818962097168;0.21732351183891296;0.26815325021743774;0.29263418912887573;0.12926916778087616;0.22693368792533875;0.26651036739349365;0.2844085097312927;0.15335936844348907;0.22616784274578094;0.2526354491710663;0.26389437913894653;-3.186064247984177e-07;-0.039813894778490067;-0.06764757633209229;-0.08377900719642639;-0.098849356174469;-0.10963241010904312;-0.1393522173166275;-0.14734749495983124;-0.15046896040439606;-0.0967128723859787;-0.12504422664642334;-0.12603524327278137;-0.12686675786972046;-0.0817035511136055;-0.10416901856660843;-0.10211287438869476;-0.10046008974313736;-0.06816186010837555;-0.0864202082157135;-0.08861196786165237;-0.08947726339101791;0.9890270233154297;0.9977965354919434
1772029326.0333333;0.6976067423820496;0.6286711096763611;0.5606787204742432;0.5280860662460327;0.509615421295166;0.5285717248916626;0.4795912504196167;0.48016157746315;0.48899704217910767;0.5670255422592163;0.5214155316352844;0.5501071214675903;0.5675659775733948;0.609950602054596;0.5680781602859497;0.5936651229858398;0.6076431274414062;0.6545018553733826;0.6184105277061462;0.6332674026489258;0.6428804993629456;0.06734040379524231;0.08610527217388153;0.15344952046871185;0.24852973222732544;0.3187806010246277;0.11167476326227188;0.23165377974510193;0.2951173186302185;0.33327874541282654;0.1317313015460968;0.28203630447387695;0.2825295031070709;0.25107571482658386;0.15897256135940552;0.29316866397857666;0.27364856004714966;0.2342509925365448;0.19013069570064545;0.2897682189941406;0.27392223477363586;0.24117042124271393;-3.930310867872322e-07;0.00949860829859972;-0.0032437387853860855;-0.016201036050915718;-0.030153488740324974;-0.04950140416622162;-0.06720447540283203;-0.06576627492904663;-0.06343241035938263;-0.06667046248912811;-0.08462751656770706;-0.07274242490530014;-0.0646100789308548;-0.07989542186260223;-0.09517262876033783;-0.07224660366773605;-0.05733358487486839;-0.09116610139608383;-0.1038491353392601;-0.08959273993968964;-0.07882528007030487;0.2602757215499878;0.3109356164932251;0.3413599133491516;0.35412073135375977;0.3695743978023529;0.281112402677536;0.31481999158859253;0.3420338034629822;0.3604402244091034;0.24131523072719574;0.278738796710968;0.3145108222961426;0.3420032262802124;0.21685034036636353;0.2568674385547638;0.29416143894195557;0.32130393385887146;0.204105943441391;0.2383648306131363;0.27056729793548584;0.2949082851409912;0.044863730669021606;0.0676298514008522;0.12875497341156006;0.1948113590478897;0.24670708179473877;0.08246073126792908;0.19249886274337769;0.24995817244052887;0.28905969858169556;0.10306133329868317;0.21620196104049683;0.2685582935810089;0.29391175508499146;0.1272289752960205;0.2276608645915985;0.26711148023605347;0.28408336639404297;0.1517975926399231;0.2267645299434662;0.2555646300315857;0.2680065333843231;-3.181037584454316e-07;-0.039864204823970795;-0.06765417009592056;-0.08401580899953842;-0.09932634234428406;-0.11036653071641922;-0.1408013254404068;-0.1488264799118042;-0.15184159576892853;-0.09748359024524689;-0.12663258612155914;-0.1263604313135147;-0.12604175508022308;-0.0827268660068512;-0.1063695028424263;-0.10300654917955399;-0.09978273510932922;-0.06947208940982819;-0.08800122886896133;-0.0896221250295639;-0.0898967832326889;0.9892963767051697;0.9962518215179443
1772029326.0666666;0.7013331651687622;0.6295608878135681;0.5629047155380249;0.5302689671516418;0.5135563611984253;0.5294313430786133;0.48081326484680176;0.4818350076675415;0.49168992042541504;0.5669341683387756;0.519763171672821;0.5489906072616577;0.5673803091049194;0.6092298626899719;0.5664482116699219;0.5936120748519897;0.6087383031845093;0.6541496515274048;0.6176443099975586;0.6331288814544678;0.6434953808784485;0.061159342527389526;0.08408059924840927;0.1514294594526291;0.244121253490448;0.31793513894081116;0.11082444339990616;0.22981421649456024;0.294845849275589;0.3346729576587677;0.12710949778556824;0.27884161472320557;0.2896563708782196;0.2654157876968384;0.15173132717609406;0.28859806060791016;0.2734341621398926;0.23471702635288239;0.1805053949356079;0.28342074155807495;0.27136120200157166;0.23832784593105316;-4.39690978737417e-07;0.01635695807635784;0.005286876577883959;-0.0073365988209843636;-0.021403638646006584;-0.04718616604804993;-0.06388279795646667;-0.06061772257089615;-0.05652099475264549;-0.0671822801232338;-0.08211467415094376;-0.06711869686841965;-0.05737150087952614;-0.08258125185966492;-0.09470286965370178;-0.06960141658782959;-0.05400526151061058;-0.09550972282886505;-0.10519283264875412;-0.08891179412603378;-0.07715711742639542;0.26163527369499207;0.3104974329471588;0.3416444659233093;0.357639342546463;0.37611058354377747;0.28292030096054077;0.31876516342163086;0.34744179248809814;0.36587637662887573;0.24260550737380981;0.2814864218235016;0.31899717450141907;0.3470979928970337;0.21720564365386963;0.26055973768234253;0.29853639006614685;0.3255966305732727;0.2039504051208496;0.23933947086334229;0.27232852578163147;0.29710352420806885;0.050683677196502686;0.0713987946510315;0.13254483044147491;0.19854936003684998;0.25186124444007874;0.07996436208486557;0.18891207873821259;0.2468014359474182;0.2867269515991211;0.09980514645576477;0.21543240547180176;0.2680560350418091;0.2922278046607971;0.12497542053461075;0.22839052975177765;0.26609864830970764;0.2797563970088959;0.1504128873348236;0.22778336703777313;0.25782454013824463;0.26940834522247314;-2.597890045308304e-07;-0.04152847081422806;-0.07025463879108429;-0.08686754107475281;-0.10215699672698975;-0.1165170893073082;-0.14696580171585083;-0.1537712663412094;-0.15593308210372925;-0.10290689766407013;-0.13177621364593506;-0.12985554337501526;-0.1284698098897934;-0.08720320463180542;-0.10987057536840439;-0.10375012457370758;-0.09868894517421722;-0.07323966920375824;-0.09044203907251358;-0.09038729965686798;-0.08974771946668625;0.9899014234542847;0.9925110936164856
1772029326.1;0.7007274627685547;0.6282129883766174;0.5619668364524841;0.5307751297950745;0.5141955614089966;0.5260092616081238;0.4793411195278168;0.48165470361709595;0.49166297912597656;0.5625976324081421;0.520304262638092;0.551278293132782;0.5694789290428162;0.6051118969917297;0.5657516717910767;0.5940759181976318;0.6080354452133179;0.6501318216323853;0.6172889471054077;0.6339191198348999;0.6431732773780823;0.05502443015575409;0.08068615198135376;0.14997602999210358;0.24485144019126892;0.31775882840156555;0.10653458535671234;0.22855544090270996;0.2938275933265686;0.33384448289871216;0.12104557454586029;0.2747809588909149;0.27861303091049194;0.24768398702144623;0.14405040442943573;0.2843742370605469;0.2674139738082886;0.2268441766500473;0.17160773277282715;0.2787027955055237;0.26531410217285156;0.23145736753940582;-4.695328073012206e-07;0.017902884632349014;0.007232423406094313;-0.005462047178298235;-0.019675908610224724;-0.04353675991296768;-0.061128657311201096;-0.05955791473388672;-0.05675037205219269;-0.0641128197312355;-0.07942553609609604;-0.06500609964132309;-0.05576087161898613;-0.08024289458990097;-0.09309018403291702;-0.06846677511930466;-0.053205396980047226;-0.09367313981056213;-0.10348141193389893;-0.08709333091974258;-0.07535213232040405;0.26408401131629944;0.3118634819984436;0.34255000948905945;0.3582494258880615;0.3750027120113373;0.2856011390686035;0.3208872079849243;0.34848445653915405;0.3669072389602661;0.24578845500946045;0.28307732939720154;0.31964507699012756;0.34731510281562805;0.22084853053092957;0.2600628435611725;0.2981460392475128;0.3259419798851013;0.2079005241394043;0.2404807060956955;0.27281439304351807;0.2980310022830963;0.04749371111392975;0.07044073194265366;0.1296319216489792;0.1936682164669037;0.24506554007530212;0.07970316708087921;0.18983809649944305;0.24808314442634583;0.2874843180179596;0.1005544513463974;0.21545737981796265;0.26700055599212646;0.2900769114494324;0.12557394802570343;0.2297953963279724;0.26713642477989197;0.2808149755001068;0.15096966922283173;0.22901418805122375;0.2577856183052063;0.26843494176864624;-2.970676291624841e-07;-0.040168654173612595;-0.06831534206867218;-0.08524381369352341;-0.10094291716814041;-0.11157646030187607;-0.14285250008106232;-0.15068447589874268;-0.15325504541397095;-0.09913090616464615;-0.1284072995185852;-0.12703807651996613;-0.12583300471305847;-0.08504931628704071;-0.10911098122596741;-0.10453254729509354;-0.10014328360557556;-0.07257343083620071;-0.09127677232027054;-0.09218824654817581;-0.09178804606199265;0.9872991442680359;0.9925364255905151
1772029326.1333334;0.6995556354522705;0.6268526911735535;0.5606271028518677;0.5284457206726074;0.5120025873184204;0.5230992436408997;0.47766515612602234;0.48014581203460693;0.49045154452323914;0.5581482648849487;0.5175716876983643;0.5485094785690308;0.5664587020874023;0.5999042987823486;0.5620726943016052;0.590696394443512;0.6047475934028625;0.6446458697319031;0.6126120090484619;0.6295425891876221;0.6392263770103455;0.05149856209754944;0.07526397705078125;0.14346690475940704;0.23884260654449463;0.31313273310661316;0.1041325256228447;0.2262878715991974;0.291256844997406;0.3308525085449219;0.11770257353782654;0.2710248827934265;0.274801105260849;0.24377934634685516;0.139500692486763;0.2798616290092468;0.26387903094291687;0.2239416539669037;0.16541129350662231;0.27375471591949463;0.261742502450943;0.22856158018112183;-4.870945531365578e-07;0.01881030760705471;0.00829896330833435;-0.0045325662940740585;-0.018838243559002876;-0.04189223051071167;-0.05795564502477646;-0.05498626455664635;-0.05135577544569969;-0.06256867945194244;-0.07597832381725311;-0.05987613648176193;-0.049827538430690765;-0.07875894010066986;-0.08964339643716812;-0.06385871022939682;-0.048461128026247025;-0.09231051802635193;-0.10064888000488281;-0.08365919440984726;-0.07182485610246658;0.2645726799964905;0.31338250637054443;0.3451858460903168;0.36063385009765625;0.37719467282295227;0.28870177268981934;0.324271559715271;0.35170936584472656;0.36966875195503235;0.24781115353107452;0.286193311214447;0.3225661516189575;0.3494052290916443;0.22148792445659637;0.2618899643421173;0.2991877794265747;0.32566192746162415;0.20720456540584564;0.24108487367630005;0.273410826921463;0.2979796826839447;0.04736718535423279;0.06961346417665482;0.13013556599617004;0.19528082013130188;0.2470894753932953;0.08010637760162354;0.18951642513275146;0.24743300676345825;0.28705111145973206;0.10082262009382248;0.21599259972572327;0.2674793601036072;0.2898833751678467;0.1251733899116516;0.22812756896018982;0.26512452960014343;0.27785027027130127;0.1492568701505661;0.22605201601982117;0.2558259963989258;0.2672952115535736;-2.926755939824943e-07;-0.038349296897649765;-0.06506779789924622;-0.08085181564092636;-0.09543735533952713;-0.10814876109361649;-0.1377534419298172;-0.14487899839878082;-0.1472042202949524;-0.09623590856790543;-0.12333647906780243;-0.12166276574134827;-0.12059154361486435;-0.08251997828483582;-0.10421691089868546;-0.098902627825737;-0.09439273178577423;-0.07040613144636154;-0.08694200962781906;-0.08708859235048294;-0.08654984086751938;0.982994794845581;0.9938191175460815
1772029326.1666667;0.6947281956672668;0.6210653781890869;0.5541507005691528;0.5225087404251099;0.5084844827651978;0.5178518295288086;0.472432941198349;0.47440671920776367;0.48471924662590027;0.5517321228981018;0.5102336406707764;0.5436274409294128;0.5639406442642212;0.5918893218040466;0.5518388748168945;0.5827351808547974;0.5989072322845459;0.6353488564491272;0.6030340194702148;0.6211413741111755;0.6319845914840698;0.0494052916765213;0.06886232644319534;0.1335456371307373;0.22838571667671204;0.3022761046886444;0.09902432560920715;0.22292128205299377;0.2878275513648987;0.3263512849807739;0.11354883760213852;0.2653743624687195;0.27415913343429565;0.24607722461223602;0.13603907823562622;0.27612993121147156;0.2657105326652527;0.227634996175766;0.1619396060705185;0.26956817507743835;0.2601674199104309;0.2277807891368866;-4.908027904093615e-07;0.01649436354637146;0.006366353947669268;-0.005775912199169397;-0.019220784306526184;-0.03881659358739853;-0.05634775385260582;-0.055140893906354904;-0.052109356969594955;-0.057579297572374344;-0.0721239224076271;-0.05749888718128204;-0.04754825681447983;-0.07251635193824768;-0.08503301441669464;-0.06089872494339943;-0.0452982522547245;-0.08498815447092056;-0.09391935169696808;-0.07760728150606155;-0.06547944992780685;0.26575255393981934;0.3147216737270355;0.3470142185688019;0.36413490772247314;0.3851402997970581;0.29217085242271423;0.32897043228149414;0.3564091622829437;0.3736870288848877;0.25112712383270264;0.29032859206199646;0.3276146948337555;0.35355496406555176;0.2245999574661255;0.2641366422176361;0.3015172779560089;0.3267146944999695;0.21041283011436462;0.2445935308933258;0.27726680040359497;0.30137935280799866;0.04258917272090912;0.06705273687839508;0.133376806974411;0.20141372084617615;0.25346267223358154;0.08143837004899979;0.19261419773101807;0.24968788027763367;0.2879362404346466;0.10048731416463852;0.21789255738258362;0.26802465319633484;0.2887917757034302;0.1239982396364212;0.2318488359451294;0.26564905047416687;0.27438172698020935;0.14727038145065308;0.22810497879981995;0.2560029625892639;0.26446473598480225;-2.7434333560449886e-07;-0.03766752779483795;-0.06419532746076584;-0.07965449243783951;-0.09388820081949234;-0.10991953313350677;-0.139240562915802;-0.14496752619743347;-0.1460224688053131;-0.09817420691251755;-0.12539514899253845;-0.12194226682186127;-0.11922407895326614;-0.08444652706384659;-0.10669051110744476;-0.09919383376836777;-0.09253685921430588;-0.07215133309364319;-0.08896894007921219;-0.08767636865377426;-0.08565007150173187;0.9845259785652161;0.9877914786338806
1772029326.2;0.688701331615448;0.6145055294036865;0.5472166538238525;0.5167950391769409;0.5029491186141968;0.510153591632843;0.4661458730697632;0.4680441617965698;0.47775885462760925;0.5420434474945068;0.5009065270423889;0.5337092876434326;0.5549772381782532;0.5809322595596313;0.5429025888442993;0.5735040307044983;0.5891358852386475;0.6238862872123718;0.5932042002677917;0.6119294166564941;0.6224675178527832;0.04369008541107178;0.06211180239915848;0.12361370027065277;0.2184099555015564;0.29080668091773987;0.09176433831453323;0.21584604680538177;0.2803790867328644;0.3194928467273712;0.10759560018777847;0.258687287569046;0.26600372791290283;0.2381158471107483;0.13054654002189636;0.26944154500961304;0.2592853009700775;0.22282370924949646;0.15685024857521057;0.26377108693122864;0.25437355041503906;0.22307159006595612;-4.919933189739822e-07;0.017377642914652824;0.007984830066561699;-0.00361144682392478;-0.016426153481006622;-0.035013437271118164;-0.05190145596861839;-0.051314644515514374;-0.04897712171077728;-0.05420869216322899;-0.06868390738964081;-0.05541316419839859;-0.046273116022348404;-0.06961492449045181;-0.08125213533639908;-0.05794538930058479;-0.043045151978731155;-0.08262240141630173;-0.09030060470104218;-0.07402126491069794;-0.062068838626146317;0.2638952434062958;0.3137221932411194;0.34877097606658936;0.36772558093070984;0.38682806491851807;0.29364266991615295;0.33189547061920166;0.3598348796367645;0.3777396082878113;0.2531612813472748;0.29409360885620117;0.33302438259124756;0.36058634519577026;0.22656089067459106;0.2675650119781494;0.30654364824295044;0.3332012891769409;0.21253027021884918;0.24799787998199463;0.28249138593673706;0.3081578016281128;0.04465639591217041;0.06554582715034485;0.13117986917495728;0.19792424142360687;0.24974197149276733;0.08126005530357361;0.1903136968612671;0.24814188480377197;0.2892267107963562;0.10258840769529343;0.21606235206127167;0.26819777488708496;0.29177749156951904;0.12871432304382324;0.2326422929763794;0.2689144015312195;0.280992329120636;0.15371666848659515;0.23189391195774078;0.260858416557312;0.27099138498306274;-2.58264691410659e-07;-0.037222720682621;-0.062188103795051575;-0.07635001838207245;-0.0892086774110794;-0.10687494277954102;-0.13610060513019562;-0.14264361560344696;-0.14459945261478424;-0.09574311971664429;-0.1241619884967804;-0.12265211343765259;-0.12099292129278183;-0.08286216109991074;-0.10635092854499817;-0.1008685827255249;-0.09515653550624847;-0.07138772308826447;-0.08901961892843246;-0.08884524554014206;-0.08745424449443817;0.9847925305366516;0.9836199879646301
1772029326.2333333;0.6828569173812866;0.6085368394851685;0.53950434923172;0.5089935064315796;0.49442511796951294;0.5020512938499451;0.4568174183368683;0.45920684933662415;0.4691169857978821;0.5322422385215759;0.4899439215660095;0.5236687064170837;0.545788049697876;0.5703571438789368;0.5333344340324402;0.5647503137588501;0.5806548595428467;0.6125737428665161;0.5835469365119934;0.6027166843414307;0.612880527973175;0.03326651453971863;0.05269253998994827;0.116885706782341;0.21435503661632538;0.2862573266029358;0.08206214755773544;0.205882728099823;0.2716384828090668;0.3109889626502991;0.09803271293640137;0.24668896198272705;0.2560819387435913;0.23026031255722046;0.12111988663673401;0.25798678398132324;0.2490449994802475;0.21367457509040833;0.1483740508556366;0.25462883710861206;0.24655559659004211;0.21657267212867737;-4.863006779487478e-07;0.014492715708911419;0.005213301163166761;-0.006213055923581123;-0.018619701266288757;-0.030392270535230637;-0.048538967967033386;-0.050641924142837524;-0.05036472529172897;-0.04864014685153961;-0.06456754356622696;-0.05516429990530014;-0.04843330383300781;-0.0638250857591629;-0.07716722786426544;-0.05698278918862343;-0.04365207254886627;-0.07692424207925797;-0.08631500601768494;-0.07233061641454697;-0.06169760972261429;0.26043570041656494;0.3129694163799286;0.3511953055858612;0.37062868475914;0.38978517055511475;0.29486772418022156;0.334764689207077;0.3619517683982849;0.37934061884880066;0.25440526008605957;0.29637259244918823;0.33595484495162964;0.3625252842903137;0.22802776098251343;0.2693101465702057;0.30896657705307007;0.3348625898361206;0.21394072473049164;0.24822425842285156;0.28252360224723816;0.30701541900634766;0.0523708239197731;0.06807395815849304;0.12939044833183289;0.19308151304721832;0.2440291941165924;0.08435329794883728;0.19161909818649292;0.24946391582489014;0.29051831364631653;0.10584311187267303;0.21968333423137665;0.2706966698169708;0.29219362139701843;0.13239511847496033;0.23741033673286438;0.27286043763160706;0.2824079394340515;0.1575193703174591;0.23825480043888092;0.2670333981513977;0.27510035037994385;-1.9067449841259076e-07;-0.037130001932382584;-0.06204706057906151;-0.07634405046701431;-0.08914653956890106;-0.10604681074619293;-0.1347344070672989;-0.14012640714645386;-0.1410939246416092;-0.09552133083343506;-0.12462969124317169;-0.12196327745914459;-0.11874517053365707;-0.08341214805841446;-0.10733655095100403;-0.100202277302742;-0.09262099117040634;-0.07287520170211792;-0.0906570702791214;-0.08948028087615967;-0.08697713911533356;0.9859843850135803;0.9844423532485962
1772029326.2666667;0.6778104305267334;0.6039084792137146;0.5326089859008789;0.5005338191986084;0.485299289226532;0.4937100410461426;0.4487115740776062;0.4481732249259949;0.4538603723049164;0.522813081741333;0.4794352650642395;0.5151333212852478;0.5372998118400574;0.5591866970062256;0.5226084589958191;0.5560504794120789;0.5720498561859131;0.5991634130477905;0.5731237530708313;0.5941303968429565;0.6042443513870239;0.031080037355422974;0.045232199132442474;0.10469037294387817;0.2018468677997589;0.27380359172821045;0.06868842989206314;0.19150996208190918;0.2586694359779358;0.29958704113960266;0.0856560692191124;0.23290683329105377;0.24196834862232208;0.21587057411670685;0.11006723344326019;0.24426358938217163;0.23685401678085327;0.2026207596063614;0.13952508568763733;0.2449580579996109;0.23734867572784424;0.20756447315216064;-4.983902499589021e-07;0.011642254889011383;0.0022841449826955795;-0.008910288102924824;-0.0209868922829628;-0.02718191407620907;-0.04685431346297264;-0.051592979580163956;-0.053243253380060196;-0.044034622609615326;-0.06221581622958183;-0.0551263689994812;-0.049200389534235;-0.05856882780790329;-0.0745147094130516;-0.05643743649125099;-0.04350541904568672;-0.07130764424800873;-0.08237452059984207;-0.07006189972162247;-0.06017690151929855;0.2595522701740265;0.3121283948421478;0.3504270315170288;0.3707475960254669;0.3942692279815674;0.29287874698638916;0.33367982506752014;0.3596477210521698;0.3763173818588257;0.2528911232948303;0.2983039915561676;0.33666014671325684;0.3610859513282776;0.2279445230960846;0.2723329961299896;0.31110143661499023;0.3351685702800751;0.2159128338098526;0.2514963746070862;0.28536456823349;0.30865857005119324;0.04994082450866699;0.0661812275648117;0.13119326531887054;0.19903142750263214;0.2482043206691742;0.08535746484994888;0.196875661611557;0.25209301710128784;0.29152482748031616;0.10762892663478851;0.22468522191047668;0.27176493406295776;0.29221972823143005;0.1354185938835144;0.24098587036132812;0.27308541536331177;0.27971941232681274;0.16165953874588013;0.24194836616516113;0.2685496211051941;0.2747013568878174;-1.2675855032284744e-07;-0.038152288645505905;-0.06230048090219498;-0.07493404299020767;-0.08586647361516953;-0.10857059061527252;-0.13533975183963776;-0.13758999109268188;-0.13599421083927155;-0.09590896219015121;-0.12316408008337021;-0.11644542217254639;-0.10994025319814682;-0.08159315586090088;-0.10324721038341522;-0.09187160432338715;-0.08099456876516342;-0.06916362792253494;-0.08548235893249512;-0.08260862529277802;-0.07849197089672089;0.9848074913024902;0.9896472096443176
1772029326.3;0.6696864366531372;0.5988475680351257;0.5280312299728394;0.4928280711174011;0.4693729281425476;0.4856051802635193;0.43664470314979553;0.42944151163101196;0.4295882284641266;0.515329897403717;0.46974456310272217;0.5037168264389038;0.5248795747756958;0.5512745976448059;0.5142075419425964;0.5477139353752136;0.5634945034980774;0.589778482913971;0.563582181930542;0.585586428642273;0.5951964259147644;0.027410849928855896;0.04333154857158661;0.10040617734193802;0.19577589631080627;0.2617531418800354;0.04885353893041611;0.16917064785957336;0.23845675587654114;0.2826573848724365;0.06573615223169327;0.21100258827209473;0.22064653038978577;0.1954822838306427;0.09288861602544785;0.22601963579654694;0.21912305057048798;0.18626989424228668;0.1275484561920166;0.2308899462223053;0.2232571542263031;0.19432009756565094;-4.685669807713566e-07;0.008473509922623634;-0.0035690360236912966;-0.017045458778738976;-0.03093039244413376;-0.028697488829493523;-0.049739737063646317;-0.05655507370829582;-0.06016938388347626;-0.044967878609895706;-0.06495968252420425;-0.0594453439116478;-0.054950278252363205;-0.05936009809374809;-0.07657116651535034;-0.05837181955575943;-0.04570973664522171;-0.07240888476371765;-0.08462712168693542;-0.07289308309555054;-0.06363347917795181;0.2602214515209198;0.3149145245552063;0.35125672817230225;0.36666354537010193;0.3859032392501831;0.2899879217147827;0.3303385376930237;0.35785311460494995;0.37586158514022827;0.2511484622955322;0.29479944705963135;0.33332139253616333;0.3588154911994934;0.2276066094636917;0.27123942971229553;0.30956682562828064;0.33395257592201233;0.21657952666282654;0.2522020637989044;0.28511807322502136;0.3080877661705017;0.05042305588722229;0.06533412635326385;0.12901601195335388;0.1957433968782425;0.2441340684890747;0.08896646648645401;0.20238380134105682;0.2557910680770874;0.2894436717033386;0.11122208833694458;0.22797256708145142;0.2747027277946472;0.29386627674102783;0.13869258761405945;0.24282193183898926;0.27365824580192566;0.27979567646980286;0.16439509391784668;0.24288827180862427;0.26934096217155457;0.2767353951931;-1.483638385479935e-07;-0.03767159581184387;-0.061318617314100266;-0.0737207904458046;-0.08414404839277267;-0.10585493594408035;-0.1331130713224411;-0.13585969805717468;-0.133901447057724;-0.09327386319637299;-0.11937596648931503;-0.11274690926074982;-0.10618440806865692;-0.0793376937508583;-0.0994880422949791;-0.08858765661716461;-0.07825435698032379;-0.06743427366018295;-0.08320783078670502;-0.08101353049278259;-0.07728982716798782;0.9884608387947083;0.9906733632087708
1772029326.3333333;0.6579456329345703;0.5896124839782715;0.5204463601112366;0.48326221108436584;0.4577634930610657;0.47973501682281494;0.4262760281562805;0.4098275303840637;0.4023571014404297;0.5117136240005493;0.4662021994590759;0.49831652641296387;0.5179365277290344;0.5492154955863953;0.5105011463165283;0.5423399209976196;0.5573201179504395;0.5872969031333923;0.5570747256278992;0.5784242153167725;0.5884318351745605;0.0257875919342041;0.04249139130115509;0.09590297937393188;0.18629534542560577;0.25080543756484985;0.030379265546798706;0.14256452023983002;0.2085288166999817;0.2519006133079529;0.04803254455327988;0.19180917739868164;0.1964000165462494;0.16699211299419403;0.07712201774120331;0.20958328247070312;0.19928140938282013;0.16439397633075714;0.1142805814743042;0.21641267836093903;0.20613153278827667;0.1747967153787613;-4.1587134091969347e-07;0.006245340686291456;-0.008638155646622181;-0.025103721767663956;-0.04226918891072273;-0.03126950562000275;-0.056533053517341614;-0.06822505593299866;-0.07550018280744553;-0.048485517501831055;-0.07421416789293289;-0.0727294385433197;-0.07058519124984741;-0.06414026767015457;-0.08765317499637604;-0.07172472029924393;-0.059338949620723724;-0.07838737964630127;-0.09562740474939346;-0.08506745100021362;-0.0757736936211586;0.25786229968070984;0.3118150532245636;0.3464115560054779;0.36158519983291626;0.38379162549972534;0.28230029344558716;0.32179608941078186;0.350686639547348;0.3696010112762451;0.2452806830406189;0.28893715143203735;0.3282976746559143;0.35483381152153015;0.22370845079421997;0.26787251234054565;0.30808091163635254;0.3349079489707947;0.21383392810821533;0.2505498230457306;0.2851161062717438;0.3102732300758362;0.053201064467430115;0.06522836536169052;0.1318131685256958;0.20046696066856384;0.24706563353538513;0.09054199606180191;0.20176032185554504;0.254371702671051;0.29030048847198486;0.11352566629648209;0.2295088768005371;0.2753702998161316;0.29478228092193604;0.14134365320205688;0.24355334043502808;0.2756626605987549;0.28452828526496887;0.16731740534305573;0.24318675696849823;0.27119874954223633;0.2815346121788025;-2.0212195295243873e-07;-0.03970931097865105;-0.06379327178001404;-0.0759420096874237;-0.08636301755905151;-0.1078968271613121;-0.13471361994743347;-0.13848954439163208;-0.13857442140579224;-0.09448053687810898;-0.12033838778734207;-0.11533013731241226;-0.11119602620601654;-0.07974237948656082;-0.09983495622873306;-0.09174478054046631;-0.08476018160581589;-0.06711655110120773;-0.08397052437067032;-0.08460076153278351;-0.08397124707698822;0.9891120195388794;0.9936140179634094
1772029326.3666666;0.6681522727012634;0.595782458782196;0.5214015245437622;0.4768266975879669;0.4473530352115631;0.4956361651420593;0.4309748411178589;0.4066293239593506;0.39611750841140747;0.5236324071884155;0.4676378667354584;0.49733680486679077;0.5188702344894409;0.5585673451423645;0.5110151171684265;0.5399309992790222;0.5574135184288025;0.59464430809021;0.5600022077560425;0.5784286856651306;0.5908176302909851;0.010209411382675171;0.011062279343605042;0.06193188950419426;0.1454639881849289;0.21063163876533508;0.005610764026641846;0.09377817064523697;0.1603076159954071;0.2075258493423462;0.028356939554214478;0.16297776997089386;0.17961454391479492;0.15676350891590118;0.06217494234442711;0.18796184659004211;0.18876871466636658;0.15894174575805664;0.10169677436351776;0.20058926939964294;0.19843924045562744;0.17076462507247925;-4.252794951753458e-07;0.00904877856373787;-0.002499602036550641;-0.016306212171912193;-0.03153647854924202;-0.028822410851716995;-0.05379434674978256;-0.06392315030097961;-0.06917503476142883;-0.0464809350669384;-0.06991484761238098;-0.06538494676351547;-0.06081794574856758;-0.0627276673913002;-0.08342211693525314;-0.0663321241736412;-0.05327289178967476;-0.07753848284482956;-0.09200729429721832;-0.08117831498384476;-0.07189951837062836;0.2572062611579895;0.3109237551689148;0.34296914935112;0.3521999716758728;0.3657376170158386;0.2776588499546051;0.3155006468296051;0.34221237897872925;0.36022791266441345;0.24143187701702118;0.28498056530952454;0.32341837882995605;0.3510832190513611;0.2201741635799408;0.2650962471961975;0.30529722571372986;0.3341643214225769;0.2107027769088745;0.24673406779766083;0.2814536988735199;0.30829593539237976;0.053858622908592224;0.06726903468370438;0.12972334027290344;0.1958482563495636;0.24320197105407715;0.0910174548625946;0.20032484829425812;0.253461092710495;0.2917972207069397;0.11550678312778473;0.2307838797569275;0.2775781750679016;0.2981574535369873;0.1441240906715393;0.24419158697128296;0.27857309579849243;0.2911610007286072;0.1704820841550827;0.24370668828487396;0.2721065878868103;0.28400030732154846;-2.4370567075493454e-07;-0.03805485740303993;-0.06119659170508385;-0.07262971252202988;-0.082069031894207;-0.10555986315011978;-0.13086599111557007;-0.13378028571605682;-0.13371142745018005;-0.09250343590974808;-0.11756286025047302;-0.11295092105865479;-0.10918553918600082;-0.07780241221189499;-0.09745199978351593;-0.09099439531564713;-0.08530514687299728;-0.06498446315526962;-0.08155757188796997;-0.08322694152593613;-0.08337380737066269;0.9908151626586914;0.9943622350692749
1772029326.4;0.678143322467804;0.6026261448860168;0.5297964811325073;0.47935745120048523;0.43889862298965454;0.5077676773071289;0.4333038926124573;0.41096070408821106;0.41275420784950256;0.5399734973907471;0.47914567589759827;0.503717839717865;0.525183379650116;0.5789101123809814;0.5249501466751099;0.5463867783546448;0.563127875328064;0.6173982620239258;0.5704557299613953;0.5830649137496948;0.5961325168609619;-0.006512761116027832;-0.009080156683921814;0.04295443370938301;0.11400093138217926;0.1650952845811844;-0.017049700021743774;0.03739158809185028;0.10121693462133408;0.148444265127182;0.014123640954494476;0.1442524492740631;0.15703891217708588;0.13084378838539124;0.05651276558637619;0.17690518498420715;0.17080266773700714;0.13855230808258057;0.10094231367111206;0.1890988051891327;0.179979145526886;0.1494104266166687;-3.132719825771346e-07;0.011142004281282425;-0.0010630656033754349;-0.01638752967119217;-0.03269404172897339;-0.02917492762207985;-0.054322268813848495;-0.06368023157119751;-0.06681492924690247;-0.04760238155722618;-0.06875608116388321;-0.06241757795214653;-0.05710121989250183;-0.06427596509456635;-0.08191331475973129;-0.06125017628073692;-0.046089477837085724;-0.07927030324935913;-0.09044460207223892;-0.07464347034692764;-0.06141921132802963;0.2554422914981842;0.30895566940307617;0.3394724726676941;0.3496735692024231;0.36620011925697327;0.2748561203479767;0.3108659088611603;0.3390001952648163;0.3589048683643341;0.23803964257240295;0.28205615282058716;0.3203751742839813;0.3495822846889496;0.21619531512260437;0.2627947926521301;0.30253949761390686;0.33212143182754517;0.20658636093139648;0.24585825204849243;0.2799595296382904;0.30604463815689087;0.06644035875797272;0.08005383610725403;0.13734126091003418;0.19969676434993744;0.2463994324207306;0.09502160549163818;0.20382159948349;0.25683122873306274;0.29086729884147644;0.12027475237846375;0.23279806971549988;0.27921319007873535;0.29818469285964966;0.14832912385463715;0.24632489681243896;0.28085583448410034;0.29373934864997864;0.17407050728797913;0.24461223185062408;0.2726174294948578;0.28620320558547974;-2.6577757239465427e-07;-0.038450174033641815;-0.06323239207267761;-0.07613305747509003;-0.08710942417383194;-0.10687393695116043;-0.13368482887744904;-0.13818970322608948;-0.1389266848564148;-0.09403075277805328;-0.1199832409620285;-0.11708111315965652;-0.11496149748563766;-0.07945910841226578;-0.09987764060497284;-0.09478490799665451;-0.09075441211462021;-0.06659603118896484;-0.08426123112440109;-0.08662591129541397;-0.08764653652906418;0.9937586188316345;0.9963207840919495
1772029326.4333334;0.6962597370147705;0.6087004542350769;0.5255717635154724;0.4742474853992462;0.4605724811553955;0.5376769304275513;0.46899110078811646;0.4508145749568939;0.4554223120212555;0.573729395866394;0.5037129521369934;0.5173306465148926;0.5382474064826965;0.6114541292190552;0.5474396347999573;0.5576237440109253;0.575150728225708;0.646614134311676;0.5902256369590759;0.5936620831489563;0.6081302762031555;-0.041569337248802185;-0.05406773090362549;-0.01601196825504303;0.04856007173657417;0.11741289496421814;-0.03378502279520035;0.021531760692596436;0.08459848910570145;0.13078345358371735;0.01518750935792923;0.13579760491847992;0.1458623707294464;0.11935335397720337;0.0647374764084816;0.1756107211112976;0.16390863060951233;0.12666678428649902;0.10811284184455872;0.1902080774307251;0.17562806606292725;0.14030882716178894;-2.1530061644625675e-07;0.00690646143630147;-0.003421562723815441;-0.014935043640434742;-0.02790488302707672;-0.0353831984102726;-0.060631927102804184;-0.0714753121137619;-0.07509266585111618;-0.05002244561910629;-0.07204287499189377;-0.06609886884689331;-0.05975308269262314;-0.0626082718372345;-0.08100152760744095;-0.06236394867300987;-0.04667823761701584;-0.07378249615430832;-0.0820854976773262;-0.0648791566491127;-0.050556719303131104;0.2576925456523895;0.31054043769836426;0.3396906852722168;0.3470088839530945;0.3607240915298462;0.2740790843963623;0.31124433875083923;0.3387838304042816;0.3582330346107483;0.23645903170108795;0.28123149275779724;0.31885093450546265;0.3475949764251709;0.21453596651554108;0.26273882389068604;0.3017166554927826;0.3311971426010132;0.2059447169303894;0.24601835012435913;0.27793365716934204;0.3020491600036621;0.06517282873392105;0.078953318297863;0.1341487169265747;0.19625595211982727;0.2432039976119995;0.09353290498256683;0.20097759366035461;0.2547191381454468;0.28921422362327576;0.12087205052375793;0.2319261133670807;0.2801634669303894;0.30024904012680054;0.14977702498435974;0.24527466297149658;0.28256410360336304;0.29691416025161743;0.17594344913959503;0.24560342729091644;0.2740459740161896;0.28736504912376404;-2.882544265503384e-07;-0.03900490701198578;-0.06488529592752457;-0.07831235229969025;-0.08995717018842697;-0.11288359016180038;-0.14059966802597046;-0.14459170401096344;-0.1446303278207779;-0.09941069781780243;-0.1260513812303543;-0.12270180881023407;-0.12015232443809509;-0.08373410999774933;-0.10506346076726913;-0.10056519508361816;-0.09681046009063721;-0.06952005624771118;-0.08833181858062744;-0.09120015799999237;-0.09214067459106445;0.9964345097541809;0.9974120855331421
1772029326.4666667;0.705819308757782;0.6279128193855286;0.5525608658790588;0.5023682117462158;0.4870561957359314;0.5757715702056885;0.5187126398086548;0.49936607480049133;0.4976649582386017;0.612535297870636;0.543573796749115;0.5485303401947021;0.5668298006057739;0.6463924646377563;0.5819689035415649;0.5856100916862488;0.6018427014350891;0.6729584336280823;0.6181899309158325;0.6174917221069336;0.6298004388809204;-0.03166893124580383;-0.04462966322898865;-0.006349839270114899;0.057356394827365875;0.1243070662021637;-0.018605418503284454;0.04075828939676285;0.08709555864334106;0.12295889109373093;0.029190964996814728;0.15720251202583313;0.14861708879470825;0.11715038120746613;0.07520723342895508;0.19285821914672852;0.1667957305908203;0.12866666913032532;0.11268852651119232;0.19564315676689148;0.1723274290561676;0.1349826455116272;-4.690957311481725e-08;-0.002224208554252982;-0.014468368142843246;-0.024542173370718956;-0.03532848134636879;-0.046888317912817;-0.07059939205646515;-0.08024907857179642;-0.08368847519159317;-0.0556933619081974;-0.08125459402799606;-0.07842113822698593;-0.07297048717737198;-0.061916105449199677;-0.0843014344573021;-0.06893796473741531;-0.053782057017087936;-0.0669771060347557;-0.08030520379543304;-0.0669650137424469;-0.05444712191820145;0.2584691345691681;0.3107677102088928;0.340035617351532;0.34689733386039734;0.35557612776756287;0.2733517587184906;0.3103052079677582;0.33834290504455566;0.35852375626564026;0.2356509268283844;0.2803802192211151;0.3190753161907196;0.348030149936676;0.2144952267408371;0.2611815333366394;0.30162617564201355;0.33168405294418335;0.20712803304195404;0.24438782036304474;0.2768670916557312;0.3013632595539093;0.06310169398784637;0.07587604969739914;0.1328652799129486;0.19689089059829712;0.24668247997760773;0.0924915075302124;0.20336204767227173;0.25723758339881897;0.29125097393989563;0.12132693827152252;0.234560027718544;0.2829204499721527;0.3032074272632599;0.15036563575267792;0.24774959683418274;0.28564268350601196;0.30106690526008606;0.17644158005714417;0.24653260409832;0.27501165866851807;0.2884752154350281;-3.0649385962533415e-07;-0.04122583568096161;-0.06737782806158066;-0.08024674654006958;-0.09092842787504196;-0.1165868416428566;-0.14445166289806366;-0.14724862575531006;-0.14625245332717896;-0.10134998708963394;-0.12841658294200897;-0.12394462525844574;-0.12053747475147247;-0.08394762128591537;-0.10659424960613251;-0.10208528488874435;-0.09811285883188248;-0.06793396919965744;-0.08812529593706131;-0.09123840183019638;-0.09208597987890244;0.9881308674812317;0.99808669090271
1772029326.5;0.6994208693504333;0.6270306706428528;0.561817467212677;0.5181292295455933;0.5143824219703674;0.6013829112052917;0.5586729645729065;0.5464686155319214;0.5505049824714661;0.6348013877868652;0.5787093639373779;0.5617436766624451;0.5649062991142273;0.6599128246307373;0.6006149649620056;0.58698570728302;0.5911546945571899;0.6755686402320862;0.6263378858566284;0.6138275861740112;0.616018533706665;-0.011103197932243347;-0.016994118690490723;0.01551869511604309;0.07449304312467575;0.13191236555576324;0.03303024545311928;0.12700003385543823;0.13924281299114227;0.12998712062835693;0.07022693753242493;0.1955602467060089;0.20227235555648804;0.1811748594045639;0.10412760078907013;0.22016799449920654;0.21429714560508728;0.18340620398521423;0.13112777471542358;0.21809400618076324;0.21602632105350494;0.18982195854187012;1.071752180337171e-07;-0.0031008156947791576;-0.014021838083863258;-0.023276807740330696;-0.031872570514678955;-0.03388843685388565;-0.05177408084273338;-0.05774126574397087;-0.057135067880153656;-0.03849424049258232;-0.055807169526815414;-0.05670788139104843;-0.054194651544094086;-0.04144735634326935;-0.05707676708698273;-0.05147185176610947;-0.043071821331977844;-0.04315827414393425;-0.052710503339767456;-0.046195585280656815;-0.03838053718209267;0.25900745391845703;0.3116331100463867;0.3405389189720154;0.34674522280693054;0.3565899133682251;0.27531442046165466;0.3101855516433716;0.3390175402164459;0.3591775894165039;0.23779046535491943;0.27968060970306396;0.31868720054626465;0.34790945053100586;0.2166500985622406;0.25981155037879944;0.30028092861175537;0.330776184797287;0.2089771330356598;0.24444332718849182;0.2780115604400635;0.3041284382343292;0.060749806463718414;0.07533620297908783;0.13395379483699799;0.1977933943271637;0.24696242809295654;0.09319812059402466;0.20117181539535522;0.2562498450279236;0.291864275932312;0.121310293674469;0.2324664443731308;0.28359392285346985;0.3058103621006012;0.1504814475774765;0.2476012110710144;0.2885351777076721;0.30671870708465576;0.17722000181674957;0.24750778079032898;0.27755898237228394;0.29220050573349;-3.2235752200904244e-07;-0.040718287229537964;-0.06650392711162567;-0.07979759573936462;-0.09113157540559769;-0.11187282204627991;-0.14181195199489594;-0.1480797827243805;-0.14946159720420837;-0.09783616662025452;-0.12589788436889648;-0.123439721763134;-0.1214689165353775;-0.08225257694721222;-0.10620127618312836;-0.10365904867649078;-0.1008194237947464;-0.06813226640224457;-0.08858057856559753;-0.09239248931407928;-0.0938146710395813;0.9227049350738525;0.9974802136421204
1772029326.5333333;;;;;;;;;;;;;;;;;;;;;;;;;;;;;;;;;;;;;;;;;;;;;;;;;;;;;;;;;;;;;;;;0.7050979733467102;0.7139565348625183;0.6974329948425293;0.6669033169746399;0.6364455819129944;0.6968054175376892;0.643337607383728;0.6066771745681763;0.6037221550941467;0.6678590774536133;0.6227718591690063;0.5842642188072205;0.5799049735069275;0.6347054243087769;0.5928021669387817;0.5724589228630066;0.5797556638717651;0.598242998123169;0.56289142370224;0.5474503636360168;0.5523955821990967;-0.02337268739938736;0.05866773799061775;0.1262662708759308;0.16015571355819702;0.1771867871284485;0.1328803151845932;0.2282162308692932;0.23192104697227478;0.19762279093265533;0.10900044441223145;0.23434534668922424;0.24597930908203125;0.2172161340713501;0.07722177356481552;0.1906287670135498;0.1962711066007614;0.17370322346687317;0.039369720965623856;0.11349073052406311;0.1297832429409027;0.12335798889398575;1.0708168218798164e-07;0.004932275507599115;0.0004352967953309417;-0.0034897495061159134;-0.002836141036823392;-0.042529258877038956;-0.060186177492141724;-0.0514577180147171;-0.03531273454427719;-0.04795891046524048;-0.07016163319349289;-0.06068149209022522;-0.0441463366150856;-0.05057922750711441;-0.0677497610449791;-0.054257042706012726;-0.03483850881457329;-0.051570963114500046;-0.06461960077285767;-0.057578977197408676;-0.042892325669527054;;0.9769136309623718
1772029326.5666666;0.7055879235267639;0.6352554559707642;0.5841046571731567;0.5659353733062744;0.5815125107765198;0.6465845108032227;0.6169359683990479;0.585260272026062;0.5800696611404419;0.685929000377655;0.6449691653251648;0.6024739146232605;0.5931258797645569;0.7094447612762451;0.6663905382156372;0.6281189322471619;0.6223832964897156;0.7219478487968445;0.6829185485839844;0.6521140933036804;0.6438442468643188;-0.011151127517223358;-0.0012539997696876526;0.05580298602581024;0.12453143298625946;0.17066024243831635;0.10317335277795792;0.2084088921546936;0.21797966957092285;0.1894679218530655;0.13418056070804596;0.26481619477272034;0.26571306586265564;0.22786206007003784;0.1543082296848297;0.26864996552467346;0.2568366229534149;0.22203275561332703;0.16196800768375397;0.23713672161102295;0.2345300316810608;0.21104338765144348;4.928337489218393e-07;-0.02465634234249592;-0.039650119841098785;-0.04537821188569069;-0.04464304819703102;-0.07659081369638443;-0.09053248912096024;-0.07453560084104538;-0.05415266007184982;-0.06504945456981659;-0.0839715451002121;-0.0674821138381958;-0.04611038416624069;-0.05093046650290489;-0.06571847200393677;-0.04840325564146042;-0.028266649693250656;-0.037212222814559937;-0.0496135838329792;-0.0421273298561573;-0.028875214979052544;0.2575678825378418;0.31214383244514465;0.3418043553829193;0.34885844588279724;0.35901981592178345;0.27885672450065613;0.31498727202415466;0.3449742794036865;0.3649470806121826;0.24250513315200806;0.28207361698150635;0.3223429322242737;0.3516662120819092;0.22134819626808167;0.26140400767326355;0.30288165807724;0.33358234167099;0.21241101622581482;0.24501578509807587;0.27798616886138916;0.3039034605026245;0.0620185062289238;0.0736178383231163;0.1316097378730774;0.19528771936893463;0.24550694227218628;0.09163501113653183;0.20220530033111572;0.25943243503570557;0.295616090297699;0.1202164739370346;0.23391121625900269;0.2847878038883209;0.3053167462348938;0.1498182713985443;0.24933606386184692;0.2907923460006714;0.30923640727996826;0.17661680281162262;0.24969080090522766;0.2812771499156952;0.29668766260147095;-2.938637919669418e-07;-0.03907877579331398;-0.06375279277563095;-0.07689666748046875;-0.08810169994831085;-0.10682401061058044;-0.13773997128009796;-0.1452348828315735;-0.14731940627098083;-0.09456685185432434;-0.12440478801727295;-0.12314280867576599;-0.12119785696268082;-0.08116800338029861;-0.10618985444307327;-0.10387303680181503;-0.10042621940374374;-0.06925790011882782;-0.08950863778591156;-0.09283879399299622;-0.09372919052839279;0.9724823236465454;0.9964797496795654
1772029326.6;0.7129420042037964;0.6438738107681274;0.5945426225662231;0.58219975233078;0.5943410396575928;0.6593309640884399;0.6229124069213867;0.5934935212135315;0.586264431476593;0.6930010318756104;0.6522783637046814;0.6096511483192444;0.5938453674316406;0.7123655676841736;0.6756748557090759;0.6371068954467773;0.6245896220207214;0.7228426337242126;0.6883309483528137;0.6568862795829773;0.6435679793357849;0.0036917924880981445;0.01348230242729187;0.06883721798658371;0.13167160749435425;0.17440737783908844;0.13819922506809235;0.22306019067764282;0.23234081268310547;0.2130938470363617;0.16631507873535156;0.27992862462997437;0.28491586446762085;0.2550150752067566;0.17938032746315002;0.27895551919937134;0.2731051743030548;0.2465049922466278;0.17859818041324615;0.25201261043548584;0.2511672377586365;0.22858008742332458;4.692872437317419e-07;-0.03288128226995468;-0.04687061905860901;-0.04992624372243881;-0.046277616173028946;-0.06863877177238464;-0.07634343951940536;-0.06113187596201897;-0.04370544105768204;-0.051608528941869736;-0.06451893597841263;-0.05256474390625954;-0.036711227148771286;-0.03273753821849823;-0.04307163134217262;-0.03319770097732544;-0.020447518676519394;-0.014926285482943058;-0.022589996457099915;-0.016716351732611656;-0.006664711516350508;0.2599599063396454;0.31301528215408325;0.34445035457611084;0.35271593928337097;0.35900989174842834;0.2798776626586914;0.317219078540802;0.34884464740753174;0.3698009252548218;0.243388369679451;0.28114086389541626;0.32222384214401245;0.351940393447876;0.22151058912277222;0.26052480936050415;0.30234774947166443;0.3331589102745056;0.21166357398033142;0.24449631571769714;0.2778046727180481;0.3038436472415924;0.06331175565719604;0.078054279088974;0.13354036211967468;0.19357098639011383;0.2423117607831955;0.09459637105464935;0.20240040123462677;0.25823044776916504;0.2923550605773926;0.1200098842382431;0.23264966905117035;0.2836782932281494;0.30495160818099976;0.1491590440273285;0.24753639101982117;0.2895534336566925;0.30884790420532227;0.17592407763004303;0.24997714161872864;0.2819064259529114;0.298159658908844;-2.4770380946392834e-07;-0.03883454203605652;-0.06363402307033539;-0.07699145376682281;-0.08819533884525299;-0.10584843158721924;-0.13664869964122772;-0.14391572773456573;-0.14555147290229797;-0.0935586541891098;-0.1250234693288803;-0.12490767240524292;-0.12295156717300415;-0.08000829070806503;-0.10547205805778503;-0.10319849103689194;-0.09913583099842072;-0.06794687360525131;-0.08751175552606583;-0.09023238718509674;-0.09043170511722565;0.9429965019226074;0.9964873790740967
1772029326.6333334;0.7095163464546204;0.6439946889877319;0.6018534302711487;0.5915826559066772;0.5951120853424072;0.6548168063163757;0.6129648685455322;0.5887564420700073;0.5846529006958008;0.6882706880569458;0.646621823310852;0.6089825630187988;0.5926908254623413;0.7093279361724854;0.675521731376648;0.6415900588035583;0.627790093421936;0.7193101048469543;0.6888307332992554;0.6617326736450195;0.647893488407135;0.01525174081325531;0.03210759162902832;0.09079103916883469;0.15093019604682922;0.19216276705265045;0.17120172083377838;0.250516414642334;0.25099384784698486;0.23333600163459778;0.19432048499584198;0.29368287324905396;0.29506272077560425;0.2724464535713196;0.19839602708816528;0.28450340032577515;0.279847651720047;0.25976017117500305;0.1887427717447281;0.25525951385498047;0.2566607892513275;0.239780455827713;3.6963004390599963e-07;-0.02347060851752758;-0.030695633962750435;-0.02963426150381565;-0.023238902911543846;-0.04156063497066498;-0.044200025498867035;-0.034691330045461655;-0.023951880633831024;-0.0282755009829998;-0.0340731255710125;-0.0273345448076725;-0.01853516697883606;-0.013971390202641487;-0.017266269773244858;-0.013114706613123417;-0.007791058626025915;-0.000425404985435307;-0.0015279660001397133;0.0032008604612201452;0.009203704074025154;0.25965073704719543;0.31365442276000977;0.3445066809654236;0.353248655796051;0.3632807433605194;0.28257426619529724;0.31919705867767334;0.3495270907878876;0.3703787326812744;0.24567288160324097;0.2841590642929077;0.3236228823661804;0.3531883955001831;0.2234886884689331;0.26341310143470764;0.30403947830200195;0.33471420407295227;0.21349692344665527;0.2466401606798172;0.27926281094551086;0.30515334010124207;0.06093256175518036;0.07578176259994507;0.13347280025482178;0.1955219805240631;0.2439342737197876;0.09426843374967575;0.2014608085155487;0.25765928626060486;0.29329782724380493;0.1211867704987526;0.23299483954906464;0.2840164601802826;0.3055090010166168;0.1502583920955658;0.24794648587703705;0.28926438093185425;0.30792689323425293;0.17690908908843994;0.24956274032592773;0.28040462732315063;0.29544979333877563;-2.7360781018614944e-07;-0.03767675161361694;-0.06163742020726204;-0.0743645653128624;-0.08543068170547485;-0.10417204350233078;-0.13451191782951355;-0.1423083245754242;-0.14466485381126404;-0.09234743565320969;-0.12232758849859238;-0.12225078791379929;-0.12086859345436096;-0.07914716005325317;-0.10366290807723999;-0.10150766372680664;-0.09798174351453781;-0.06735896319150925;-0.08679741621017456;-0.08958091586828232;-0.08996695280075073;0.9035401344299316;0.996364176273346
1772029326.6666667;0.7151508331298828;0.6476705074310303;0.6030630469322205;0.5953001976013184;0.5935416221618652;0.6459898948669434;0.6027786135673523;0.576997697353363;0.5683541893959045;0.6792019009590149;0.6334244012832642;0.5961296558380127;0.5785859823226929;0.70042484998703;0.6644063591957092;0.6261599063873291;0.6054144501686096;0.71262127161026;0.6796054244041443;0.6512026786804199;0.6334602236747742;0.023564666509628296;0.041447415947914124;0.10155541449785233;0.1663847416639328;0.21301206946372986;0.1883907914161682;0.26087501645088196;0.26133495569229126;0.24779970943927765;0.20738503336906433;0.2987535893917084;0.3024371862411499;0.2841232120990753;0.20757165551185608;0.2956370413303375;0.29866528511047363;0.2858186364173889;0.1931217610836029;0.2647196352481842;0.2720898985862732;0.2621229588985443;2.9983198146510404e-07;-0.019465789198875427;-0.024053480476140976;-0.021354004740715027;-0.013705337420105934;-0.032784510403871536;-0.03243788331747055;-0.02118545211851597;-0.010052710771560669;-0.02136360853910446;-0.027845116332173347;-0.01997370459139347;-0.009541989304125309;-0.009051921777427197;-0.014942430891096592;-0.010153301991522312;-0.003102045739069581;0.002855892525985837;-0.0007663705036975443;0.004007259383797646;0.010999204590916634;0.2575047016143799;0.3129426836967468;0.345089316368103;0.35430067777633667;0.3638261556625366;0.2803267538547516;0.32096055150032043;0.3527859151363373;0.37417465448379517;0.24450191855430603;0.2851542532444;0.32644709944725037;0.35643911361694336;0.22338458895683289;0.26397567987442017;0.3059490919113159;0.33722633123397827;0.21439871191978455;0.24736829102039337;0.280152827501297;0.3059067130088806;0.06140642613172531;0.07157830148935318;0.1307152509689331;0.19503964483737946;0.24429476261138916;0.09357771277427673;0.2019251137971878;0.2573460340499878;0.29251614212989807;0.12253224104642868;0.23350590467453003;0.28338849544525146;0.30422428250312805;0.15336157381534576;0.24984532594680786;0.28982627391815186;0.30762770771980286;0.18100646138191223;0.2517074644565582;0.28171589970588684;0.2970319390296936;-2.4255214725599217e-07;-0.038801159709692;-0.06193924322724342;-0.07319702953100204;-0.0825434997677803;-0.10493229329586029;-0.1334521472454071;-0.13924336433410645;-0.14041200280189514;-0.09204869717359543;-0.12142742425203323;-0.1208694726228714;-0.11908725649118423;-0.07772275060415268;-0.10175544768571854;-0.09963525831699371;-0.09615425765514374;-0.06490035355091095;-0.08452818542718887;-0.08789563924074173;-0.0887039303779602;0.9076226353645325;0.9970245957374573
1772029326.7;0.7255387306213379;0.6564353704452515;0.6017964482307434;0.5865675806999207;0.5794190168380737;0.6427031755447388;0.6103053689002991;0.5777891874313354;0.5536643266677856;0.6774203777313232;0.6264614462852478;0.5829417109489441;0.5568869113922119;0.6980670690536499;0.6501361131668091;0.607246994972229;0.5808587074279785;0.7092556357383728;0.6669647097587585;0.6332899928092957;0.6115107536315918;0.02536405622959137;0.03320915997028351;0.09280846267938614;0.16843847930431366;0.2231896072626114;0.11923293024301529;0.2255784422159195;0.26642510294914246;0.28307077288627625;0.15537823736667633;0.27746087312698364;0.30448752641677856;0.2979867458343506;0.18146105110645294;0.2935032546520233;0.3088762164115906;0.29914963245391846;0.19396093487739563;0.27593785524368286;0.29410210251808167;0.2917209267616272;4.352201017354673e-07;-0.021573631092905998;-0.03574027866125107;-0.04211864247918129;-0.04566541314125061;-0.07473122328519821;-0.09505826234817505;-0.09297321736812592;-0.08619137853384018;-0.06750831007957458;-0.09064429998397827;-0.0849766954779625;-0.0746450126171112;-0.057611893862485886;-0.07312863320112228;-0.06587643921375275;-0.05598766729235649;-0.0483795627951622;-0.05861886218190193;-0.05569479987025261;-0.04927998408675194;0.2584872245788574;0.31278637051582336;0.34601327776908875;0.35630935430526733;0.3645830452442169;0.28059548139572144;0.3226775527000427;0.3542667627334595;0.37564390897750854;0.244717076420784;0.2855101227760315;0.32623058557510376;0.35617905855178833;0.22315159440040588;0.26351314783096313;0.30475980043411255;0.33546969294548035;0.2135757952928543;0.2467685043811798;0.27941015362739563;0.3048721253871918;0.05656269192695618;0.07079656422138214;0.1311526894569397;0.19464078545570374;0.24438747763633728;0.09574661403894424;0.2039845883846283;0.25899451971054077;0.2935337722301483;0.12133469432592392;0.23389855027198792;0.28461286425590515;0.30533480644226074;0.15001510083675385;0.24894118309020996;0.2897610366344452;0.3069000840187073;0.17599043250083923;0.25038793683052063;0.2820477783679962;0.29746875166893005;-2.3959066197676293e-07;-0.037341490387916565;-0.06027410179376602;-0.07188215851783752;-0.08153415471315384;-0.1026604175567627;-0.1311701536178589;-0.13723133504390717;-0.1384061723947525;-0.09068697690963745;-0.12022881954908371;-0.11998941004276276;-0.1182674989104271;-0.07727338373661041;-0.10111337900161743;-0.09879658371210098;-0.0949476882815361;-0.06529770791530609;-0.08424461632966995;-0.08703580498695374;-0.08735854923725128;0.9691853523254395;0.9961844682693481
1772029326.7333333;0.7259337902069092;0.6590629816055298;0.6012426614761353;0.5788399577140808;0.5704094171524048;0.6365350484848022;0.5908612012863159;0.5547916889190674;0.5301254987716675;0.6723337769508362;0.6088466644287109;0.5630711317062378;0.536192774772644;0.69415283203125;0.6359922289848328;0.5925132036209106;0.5653871297836304;0.7050963044166565;0.6539672017097473;0.6196314692497253;0.5960934162139893;0.03769667446613312;0.034849926829338074;0.09035349637269974;0.16591839492321014;0.22101172804832458;0.0977814719080925;0.21925663948059082;0.25988709926605225;0.27380692958831787;0.139648899435997;0.269581139087677;0.3028344511985779;0.301733136177063;0.1766386330127716;0.29783424735069275;0.3188468813896179;0.3138217031955719;0.20204392075538635;0.28467515110969543;0.3020288944244385;0.3014810383319855;5.538270215765806e-07;-0.020357418805360794;-0.03774110972881317;-0.04695630446076393;-0.05331987142562866;-0.08869104832410812;-0.11443022638559341;-0.11365476995706558;-0.10636265575885773;-0.08258934319019318;-0.10981299728155136;-0.10411691665649414;-0.09367533028125763;-0.07320579141378403;-0.09090571850538254;-0.08480817824602127;-0.07565734535455704;-0.06401506811380386;-0.07473424822092056;-0.07278990745544434;-0.06735898554325104;0.2577693462371826;0.3129478096961975;0.34664368629455566;0.3570947051048279;0.36704739928245544;0.2828711271286011;0.32401782274246216;0.35517722368240356;0.37662041187286377;0.24625837802886963;0.2872011363506317;0.32717832922935486;0.35687264800071716;0.2239130735397339;0.2650369107723236;0.30620551109313965;0.33719947934150696;0.2135147601366043;0.24747225642204285;0.2806759476661682;0.30685511231422424;0.05832652002573013;0.07061326503753662;0.13148638606071472;0.19519691169261932;0.24370177090168;0.09517589956521988;0.2026471644639969;0.25747382640838623;0.292399525642395;0.12159150838851929;0.233671635389328;0.2839605212211609;0.30540698766708374;0.1510634571313858;0.24922475218772888;0.28957685828208923;0.3071399927139282;0.17809805274009705;0.2516571879386902;0.2820567488670349;0.2967297434806824;-2.5146826487798535e-07;-0.03583940491080284;-0.05753198266029358;-0.06832505762577057;-0.07742828875780106;-0.09945715218782425;-0.1268353909254074;-0.13253259658813477;-0.1336716115474701;-0.08807174861431122;-0.11590190976858139;-0.11558099836111069;-0.11418799310922623;-0.07521247863769531;-0.09782326966524124;-0.0957573875784874;-0.09244139492511749;-0.06371086090803146;-0.08171053975820541;-0.0843389704823494;-0.08484025299549103;0.8449735641479492;0.996161162853241
1772029326.7666667;0.7227343916893005;0.6581247448921204;0.6023641228675842;0.5777263045310974;0.5710135102272034;0.6395441889762878;0.586037278175354;0.5497125387191772;0.5253356695175171;0.675109326839447;0.608618974685669;0.562355637550354;0.5350207090377808;0.694750189781189;0.6323018670082092;0.5886096954345703;0.5615891814231873;0.7019605040550232;0.6509012579917908;0.6151527166366577;0.5900638103485107;0.04347822815179825;0.03861100971698761;0.0888272300362587;0.15975649654865265;0.213751882314682;0.10539613664150238;0.22244490683078766;0.26111000776290894;0.27629876136779785;0.14861154556274414;0.27061593532562256;0.2998242676258087;0.29895004630088806;0.1845329999923706;0.29753053188323975;0.31468623876571655;0.30824488401412964;0.20705339312553406;0.2852465808391571;0.30090680718421936;0.29937809705734253;5.719147679883463e-07;-0.022829214110970497;-0.042023707181215286;-0.05248265713453293;-0.060447774827480316;-0.09342305362224579;-0.11907535791397095;-0.11829646676778793;-0.1112016811966896;-0.08587867766618729;-0.11331247538328171;-0.10743146389722824;-0.09720105677843094;-0.0749458447098732;-0.09174305945634842;-0.0852619856595993;-0.07629325240850449;-0.06449129432439804;-0.07350693643093109;-0.07105228304862976;-0.0657484158873558;0.25959649682044983;0.3139926791191101;0.3476327657699585;0.3586465120315552;0.3681859076023102;0.2818678021430969;0.325493723154068;0.35704562067985535;0.37868401408195496;0.24618831276893616;0.2895289659500122;0.3305175304412842;0.3602513074874878;0.2244008630514145;0.2666182518005371;0.30896732211112976;0.33993619680404663;0.21399617195129395;0.24760089814662933;0.2815338671207428;0.3079533576965332;0.06348008662462234;0.0750913992524147;0.1337278187274933;0.1957605928182602;0.24397137761116028;0.09685104340314865;0.2035793662071228;0.2576256990432739;0.2922268509864807;0.12337416410446167;0.23505958914756775;0.2844768464565277;0.30395081639289856;0.1531255692243576;0.2506222724914551;0.2905907928943634;0.30667293071746826;0.18012583255767822;0.25357669591903687;0.28362658619880676;0.2967166602611542;-2.1101489267039142e-07;-0.03886378929018974;-0.0626428946852684;-0.07478175312280655;-0.0851396769285202;-0.1070832908153534;-0.13601011037826538;-0.14185094833374023;-0.142961323261261;-0.09475871175527573;-0.12544900178909302;-0.1251898556947708;-0.12341228872537613;-0.0809192806482315;-0.10583295673131943;-0.1034441739320755;-0.09948213398456573;-0.06860597431659698;-0.08825035393238068;-0.09097905457019806;-0.09133842587471008;0.9427875876426697;0.9953632354736328
1772029326.8;0.7216160893440247;0.6584055423736572;0.6007830500602722;0.5754280090332031;0.5681141018867493;0.642910361289978;0.587593138217926;0.5514110922813416;0.5269590616226196;0.6774623990058899;0.6092929244041443;0.563960611820221;0.5377127528190613;0.6967281699180603;0.6312613487243652;0.5889444947242737;0.5634876489639282;0.703167736530304;0.6494166851043701;0.6146407127380371;0.5914841294288635;0.04670581966638565;0.041515350341796875;0.09339781850576401;0.16511447727680206;0.21988654136657715;0.10363979637622833;0.21416673064231873;0.25794458389282227;0.2832126021385193;0.14837932586669922;0.26598411798477173;0.2931671440601349;0.2927898168563843;0.18605589866638184;0.29635900259017944;0.30891820788383484;0.300391286611557;0.21111007034778595;0.2853966951370239;0.2978053092956543;0.29540637135505676;5.529780082724756e-07;-0.025991367176175117;-0.04512603208422661;-0.054802004247903824;-0.06220022961497307;-0.09584353119134903;-0.1201997771859169;-0.11879551410675049;-0.11231249570846558;-0.08731906861066818;-0.11325982958078384;-0.10672363638877869;-0.09699903428554535;-0.07562177628278732;-0.09225127100944519;-0.08523287624120712;-0.07673195749521255;-0.06474561989307404;-0.0748065933585167;-0.07287533581256866;-0.06861705332994461;0.2615964114665985;0.31519755721092224;0.3472379446029663;0.3576793074607849;0.36747509241104126;0.28436794877052307;0.3255814015865326;0.3569173216819763;0.3778833746910095;0.248212531208992;0.2887202799320221;0.32927796244621277;0.3591133952140808;0.22602154314517975;0.2650740146636963;0.30630311369895935;0.33724817633628845;0.2153681218624115;0.24765676259994507;0.28106266260147095;0.3077144920825958;0.06069368124008179;0.07463701069355011;0.13299846649169922;0.19428816437721252;0.2420588731765747;0.09721069782972336;0.20205733180046082;0.2570265829563141;0.2927291989326477;0.12362551689147949;0.23328664898872375;0.2835439443588257;0.3052285611629486;0.15297049283981323;0.2494117021560669;0.28996798396110535;0.30763688683509827;0.17968617379665375;0.2520648241043091;0.282823383808136;0.29732972383499146;-2.5689396920824947e-07;-0.035685840994119644;-0.057844165712594986;-0.06945954263210297;-0.07953047752380371;-0.09978216886520386;-0.12836961448192596;-0.13534300029277802;-0.13736823201179504;-0.08883778005838394;-0.1186942532658577;-0.11921009421348572;-0.11797556281089783;-0.07641489058732986;-0.10029110312461853;-0.09818725287914276;-0.09442456066608429;-0.06535668671131134;-0.08360486477613449;-0.08581292629241943;-0.08580794930458069;0.9173679947853088;0.9969320297241211
1772029326.8333333;0.718143105506897;0.6561060547828674;0.5993888974189758;0.5730509161949158;0.5625671744346619;0.6467381715774536;0.5895894765853882;0.5528534054756165;0.5277565717697144;0.6805721521377563;0.6119216084480286;0.5658445358276367;0.5392259359359741;0.698747456073761;0.6330437660217285;0.5907001495361328;0.5652284622192383;0.7036572098731995;0.6498541235923767;0.6149277687072754;0.5920620560646057;0.04813762009143829;0.04392409324645996;0.09923208504915237;0.17264574766159058;0.23015734553337097;0.10570833832025528;0.2166387438774109;0.26039576530456543;0.28600621223449707;0.14966970682144165;0.26681917905807495;0.294987291097641;0.2953120470046997;0.18760305643081665;0.29636627435684204;0.3096736669540405;0.3028143346309662;0.21355968713760376;0.28817683458328247;0.30055609345436096;0.29839831590652466;5.721273055314668e-07;-0.028636733070015907;-0.048875804990530014;-0.05893933027982712;-0.06665284931659698;-0.09976640343666077;-0.12531201541423798;-0.12418300658464432;-0.11791781336069107;-0.08995240926742554;-0.1174781396985054;-0.11121594905853271;-0.10183466225862503;-0.07710003852844238;-0.0947931706905365;-0.08759715408086777;-0.0790625736117363;-0.06527227908372879;-0.07615284621715546;-0.07434440404176712;-0.07026467472314835;0.2607918381690979;0.31559357047080994;0.34807294607162476;0.3590959906578064;0.3701818585395813;0.2851208448410034;0.32671743631362915;0.35817939043045044;0.3797381818294525;0.24848252534866333;0.2900673747062683;0.33075475692749023;0.3603835105895996;0.2260018140077591;0.2665311098098755;0.3077681362628937;0.33823561668395996;0.2153720259666443;0.24777618050575256;0.2811488211154938;0.3075158894062042;0.06265634298324585;0.07499811053276062;0.1361800581216812;0.20028994977474213;0.24863392114639282;0.09677758812904358;0.204009547829628;0.2586645483970642;0.29342758655548096;0.1237550899386406;0.23594465851783752;0.2851632833480835;0.30479109287261963;0.15421241521835327;0.25211891531944275;0.29080668091773987;0.3057825267314911;0.1819370537996292;0.25520849227905273;0.28423792123794556;0.2962188720703125;-2.4172146595446975e-07;-0.037319280207157135;-0.05994521081447601;-0.0711870938539505;-0.08071544021368027;-0.10457831621170044;-0.13312163949012756;-0.13871251046657562;-0.13958464562892914;-0.09250684082508087;-0.12248613685369492;-0.12143678218126297;-0.11902517825365067;-0.07884445786476135;-0.10275426506996155;-0.09912344813346863;-0.09425106644630432;-0.06666775792837143;-0.08504835516214371;-0.08662723004817963;-0.08615106344223022;0.9586557745933533;0.9957966208457947
1772029326.8666666;0.7169731855392456;0.6551504731178284;0.5962347984313965;0.5686681270599365;0.5571246147155762;0.6502822041511536;0.5927713513374329;0.5548215508460999;0.5285410284996033;0.6843000650405884;0.6169661283493042;0.5700643658638;0.542800784111023;0.7015300989151001;0.6362289786338806;0.5926862955093384;0.5663988590240479;0.704791247844696;0.6513875722885132;0.6157547235488892;0.5922893285751343;0.05045163631439209;0.04743945598602295;0.10579144954681396;0.17913541197776794;0.23662465810775757;0.10898425430059433;0.2205803096294403;0.2650609612464905;0.2913232743740082;0.15401245653629303;0.2713952660560608;0.2983848750591278;0.2970195412635803;0.19183801114559174;0.29971301555633545;0.31017598509788513;0.30129653215408325;0.21785514056682587;0.2891157865524292;0.2984597086906433;0.2944539785385132;5.984875883768837e-07;-0.03250084072351456;-0.053366247564554214;-0.06293413788080215;-0.06983006000518799;-0.1049497053027153;-0.13084201514720917;-0.12916593253612518;-0.122393399477005;-0.09270094335079193;-0.11935663223266602;-0.11128680408000946;-0.10077477991580963;-0.07768901437520981;-0.09497950226068497;-0.08622505515813828;-0.07684803754091263;-0.06415735185146332;-0.07607424259185791;-0.07452622056007385;-0.07049620896577835;0.25997892022132874;0.31476718187332153;0.3483322262763977;0.3595878779888153;0.37090054154396057;0.2858937382698059;0.3274787664413452;0.3587948679924011;0.3796815276145935;0.24881133437156677;0.288959801197052;0.32985353469848633;0.3593333065509796;0.22582684457302094;0.26607203483581543;0.30727264285087585;0.3372582197189331;0.2146523892879486;0.2478424608707428;0.28132951259613037;0.3074202537536621;0.0645211860537529;0.07763258367776871;0.13687554001808167;0.1989535689353943;0.24651354551315308;0.09787339717149734;0.20447437465190887;0.25954705476760864;0.29414692521095276;0.12332592159509659;0.23564432561397552;0.28564196825027466;0.3052292466163635;0.15313595533370972;0.25167807936668396;0.2914905548095703;0.3069097399711609;0.1803899109363556;0.2549607455730438;0.2857103943824768;0.29892697930336;-2.262147376086432e-07;-0.03731800243258476;-0.060959119349718094;-0.07347952574491501;-0.08437570929527283;-0.10480491071939468;-0.13478492200374603;-0.14178089797496796;-0.14347630739212036;-0.09343653917312622;-0.1250699758529663;-0.12502838671207428;-0.12290313839912415;-0.08061015605926514;-0.10535555332899094;-0.10198385268449783;-0.09700552374124527;-0.0693175420165062;-0.08801326900720596;-0.08959873020648956;-0.08896195143461227;0.9778615236282349;0.9958570003509521
1772029326.9;0.7173247337341309;0.655013918876648;0.596786379814148;0.568966269493103;0.5533838272094727;0.6534863710403442;0.5956863760948181;0.557003378868103;0.530368983745575;0.6870690584182739;0.6205523014068604;0.5714637637138367;0.5417441129684448;0.7033657431602478;0.639687716960907;0.5942220091819763;0.5660271644592285;0.7059526443481445;0.6526817083358765;0.6166126728057861;0.5925711393356323;0.05423501133918762;0.049634575843811035;0.10989826172590256;0.18399107456207275;0.23972643911838531;0.11338932067155838;0.22210879623889923;0.2656627297401428;0.2915106415748596;0.15786981582641602;0.27183306217193604;0.2991616129875183;0.29788342118263245;0.19442497193813324;0.2984127104282379;0.3073258697986603;0.29758304357528687;0.21963472664356232;0.2880018651485443;0.2950665056705475;0.289022296667099;6.270127528296143e-07;-0.03698982298374176;-0.059088293462991714;-0.0688352882862091;-0.07554794102907181;-0.10983753949403763;-0.13610604405403137;-0.134529709815979;-0.12815159559249878;-0.09537121653556824;-0.12276729941368103;-0.11517299711704254;-0.10541071742773056;-0.07831760495901108;-0.09643130749464035;-0.08832823485136032;-0.07981931418180466;-0.06315609067678452;-0.07593463361263275;-0.07502678781747818;-0.07177113741636276;0.2613341808319092;0.31469815969467163;0.34826043248176575;0.36062249541282654;0.37187954783439636;0.286751925945282;0.32749438285827637;0.3587077260017395;0.3797745406627655;0.2494310438632965;0.2890925705432892;0.33007675409317017;0.35944098234176636;0.22617700695991516;0.2653951048851013;0.30678126215934753;0.3367188274860382;0.21495161950588226;0.24719321727752686;0.28096097707748413;0.3071899116039276;0.06481833755970001;0.07829967141151428;0.13733267784118652;0.19894562661647797;0.2471490204334259;0.09711858630180359;0.20447403192520142;0.2593400180339813;0.2945462465286255;0.12212235480546951;0.236378014087677;0.28600460290908813;0.3065027594566345;0.1518523395061493;0.25266435742378235;0.2917301654815674;0.3076348900794983;0.17918503284454346;0.25495684146881104;0.285121887922287;0.2981388568878174;-2.068466784521661e-07;-0.03738812729716301;-0.061394914984703064;-0.07412926107645035;-0.0851014107465744;-0.10658352822065353;-0.13645049929618835;-0.14264747500419617;-0.14379261434078217;-0.09529735893011093;-0.12730088829994202;-0.12666310369968414;-0.12400159984827042;-0.08241008967161179;-0.10749289393424988;-0.10329069197177887;-0.09757587313652039;-0.07101277261972427;-0.08972997963428497;-0.09067659080028534;-0.0894976407289505;0.9722098708152771;0.9950487613677979
1772029326.9333334;0.7164580821990967;0.653393566608429;0.5940563082695007;0.5668517351150513;0.5535944700241089;0.6540184020996094;0.5956678986549377;0.5578489303588867;0.5322669744491577;0.6880083084106445;0.6198492646217346;0.5703648924827576;0.5404652953147888;0.7044134140014648;0.6380825638771057;0.591759204864502;0.5631961822509766;0.7069509029388428;0.6513209939002991;0.6139788031578064;0.5894487500190735;0.05919915437698364;0.052353546023368835;0.11096476018428802;0.18644602596759796;0.24530838429927826;0.11311952024698257;0.2223431020975113;0.2662517726421356;0.29252758622169495;0.1579277217388153;0.270588755607605;0.2974436283111572;0.2960376441478729;0.19533322751522064;0.2979499101638794;0.3066384792327881;0.29696133732795715;0.22233159840106964;0.2897804379463196;0.2963405251502991;0.2903030216693878;6.342293659145071e-07;-0.037503890693187714;-0.05963829904794693;-0.06937535107135773;-0.07592583447694778;-0.10865021497011185;-0.13429118692874908;-0.13202792406082153;-0.12528277933597565;-0.09412123262882233;-0.1215522289276123;-0.11370101571083069;-0.10372749716043472;-0.07713533192873001;-0.09559742361307144;-0.08730968832969666;-0.07860440015792847;-0.06206852197647095;-0.07547520846128464;-0.0746488869190216;-0.07130040973424911;0.2600635290145874;0.3149397671222687;0.3496524691581726;0.3616439700126648;0.3721771538257599;0.285284161567688;0.3276274800300598;0.3594549298286438;0.3806804418563843;0.24796971678733826;0.28901875019073486;0.33012568950653076;0.3596591055393219;0.2249467968940735;0.26541218161582947;0.3070647716522217;0.33706578612327576;0.21377116441726685;0.24749647080898285;0.28166425228118896;0.30780458450317383;0.06255683302879333;0.07632064819335938;0.13773131370544434;0.201431006193161;0.2502668499946594;0.09762207418680191;0.2049473375082016;0.2598116993904114;0.29549771547317505;0.12284731864929199;0.23522382974624634;0.285041868686676;0.3062255382537842;0.152544766664505;0.2517281770706177;0.290982723236084;0.3072621524333954;0.17977672815322876;0.2546256184577942;0.28495389223098755;0.2984621524810791;-2.364894413631191e-07;-0.03793776035308838;-0.0618237666785717;-0.0742497444152832;-0.0850377008318901;-0.10680992901325226;-0.13613609969615936;-0.1423683613538742;-0.14381690323352814;-0.09490668773651123;-0.12589465081691742;-0.12529833614826202;-0.12312214821577072;-0.08137093484401703;-0.10567396134138107;-0.10166864842176437;-0.09654924273490906;-0.06937512755393982;-0.08807778358459473;-0.08940963447093964;-0.08869483321905136;0.9762421250343323;0.9952892065048218
1772029326.9666667;0.7173057794570923;0.6549587845802307;0.5956050157546997;0.568622887134552;0.5559653639793396;0.6551799178123474;0.5933789014816284;0.5543447732925415;0.5282914638519287;0.6879364848136902;0.6182589530944824;0.5696574449539185;0.5407040119171143;0.7030366659164429;0.6364609003067017;0.5904962420463562;0.5623390674591064;0.7045567035675049;0.6486085653305054;0.6121519207954407;0.5885375738143921;0.06400953978300095;0.055423200130462646;0.11009499430656433;0.18267668783664703;0.2402503788471222;0.11686398833990097;0.22262631356716156;0.2647010385990143;0.2896484434604645;0.1617148220539093;0.2712433934211731;0.2973479628562927;0.29650434851646423;0.19885727763175964;0.2980065941810608;0.3065055310726166;0.2978246212005615;0.22568108141422272;0.29121360182762146;0.2971641719341278;0.29130399227142334;6.413051210074627e-07;-0.037721313536167145;-0.05955546721816063;-0.06880681216716766;-0.07467282563447952;-0.10813179612159729;-0.1330641359090805;-0.12994913756847382;-0.12250324338674545;-0.0930764302611351;-0.12010296434164047;-0.11168872565031052;-0.10109979659318924;-0.07560499012470245;-0.09405571222305298;-0.08573240041732788;-0.07674648612737656;-0.06000841408967972;-0.07343897968530655;-0.07251948863267899;-0.06885719299316406;0.2609308362007141;0.31499379873275757;0.34896770119667053;0.36098527908325195;0.3701685965061188;0.28841766715049744;0.3291277289390564;0.3597666323184967;0.3808593451976776;0.2508387267589569;0.2914217412471771;0.3317424952983856;0.3606727719306946;0.22719964385032654;0.2672428488731384;0.30847105383872986;0.3379271924495697;0.21590708196163177;0.24829618632793427;0.28245216608047485;0.3089231848716736;0.060592323541641235;0.07449562847614288;0.13379181921482086;0.19626562297344208;0.2463589310646057;0.09672394394874573;0.2044987976551056;0.2597668170928955;0.2962726056575775;0.12297961115837097;0.2369876354932785;0.28616470098495483;0.306784063577652;0.15254200994968414;0.25392305850982666;0.29181337356567383;0.3070620000362396;0.1792851984500885;0.2556958496570587;0.2858017086982727;0.2984255254268646;-2.1407095118775032e-07;-0.03774496540427208;-0.061890240758657455;-0.07482665777206421;-0.0858878344297409;-0.10706288367509842;-0.13678865134716034;-0.14268039166927338;-0.14377516508102417;-0.09558961540460587;-0.1272948980331421;-0.12637871503829956;-0.12369384616613388;-0.08253505080938339;-0.10759690403938293;-0.10307443141937256;-0.09724605828523636;-0.07102901488542557;-0.09012668579816818;-0.09123397618532181;-0.09008192270994186;0.9829925894737244;0.9936509132385254
1772029327.0;0.715263843536377;0.6540195941925049;0.5948230624198914;0.5686451196670532;0.5586913824081421;0.6536796689033508;0.5917210578918457;0.5524607300758362;0.526350736618042;0.686505913734436;0.6165021061897278;0.5676382780075073;0.5390258431434631;0.7024964690208435;0.6348827481269836;0.588867723941803;0.5616000890731812;0.70511794090271;0.6483497023582458;0.6114706993103027;0.5884906649589539;0.06688998639583588;0.05879698693752289;0.11143320798873901;0.18151630461215973;0.23845963180065155;0.11941050738096237;0.22269196808338165;0.2636038661003113;0.2871326804161072;0.16313311457633972;0.27350616455078125;0.29997605085372925;0.29864680767059326;0.19994719326496124;0.30109840631484985;0.3087405562400818;0.2990102767944336;0.22625099122524261;0.29411381483078003;0.29939955472946167;0.29190143942832947;6.430914822885825e-07;-0.03573025390505791;-0.057259317487478256;-0.06674198806285858;-0.07309480011463165;-0.10680358856916428;-0.13200251758098602;-0.12939028441905975;-0.12209559977054596;-0.09295647591352463;-0.12010115385055542;-0.11194127798080444;-0.10133782774209976;-0.07652468234300613;-0.09534145891666412;-0.08709936589002609;-0.0777847096323967;-0.06172237545251846;-0.07548495382070541;-0.07435348629951477;-0.07021690905094147;0.26162096858024597;0.31580162048339844;0.35062268376350403;0.3634397089481354;0.3753381371498108;0.28750184178352356;0.3298977017402649;0.3613544702529907;0.38341060280799866;0.2500937283039093;0.2932310700416565;0.3342367708683014;0.3631559908390045;0.22667370736598969;0.268130362033844;0.31087616086006165;0.34134405851364136;0.2152707278728485;0.24818211793899536;0.2833213806152344;0.31049326062202454;0.06155257672071457;0.077389657497406;0.13880260288715363;0.20184262096881866;0.2493075132369995;0.10135228931903839;0.2061285674571991;0.25975120067596436;0.29493778944015503;0.12462573498487473;0.23806747794151306;0.28623560070991516;0.30624115467071533;0.15272027254104614;0.2543370723724365;0.29340893030166626;0.30903318524360657;0.1786714345216751;0.2568058967590332;0.28600215911865234;0.29732149839401245;-1.9992647537492303e-07;-0.037030331790447235;-0.060224905610084534;-0.07225032895803452;-0.08263926953077316;-0.10451948642730713;-0.1329067051410675;-0.1382044553756714;-0.1389419436454773;-0.09320662170648575;-0.1239401251077652;-0.12342565506696701;-0.12106115370988846;-0.08022131770849228;-0.10502307116985321;-0.10132084786891937;-0.09594974666833878;-0.0686456710100174;-0.08751009404659271;-0.08854014426469803;-0.08737608045339584;0.977925181388855;0.992975652217865
1772029327.0333333;0.7147814035415649;0.6538062691688538;0.5945379137992859;0.5675917863845825;0.5561894178390503;0.6540342569351196;0.589981734752655;0.549967348575592;0.5227342247962952;0.6860852837562561;0.6159001588821411;0.5669708847999573;0.5375159978866577;0.7012203335762024;0.6349540948867798;0.5886454582214355;0.5598949193954468;0.7031620144844055;0.6478829979896545;0.6114410758018494;0.5874540209770203;0.06902414560317993;0.06197601556777954;0.11571963876485825;0.18572771549224854;0.24229338765144348;0.12307408452033997;0.2229720503091812;0.264142245054245;0.2887248992919922;0.16748590767383575;0.2740517258644104;0.30077409744262695;0.3005192279815674;0.20426668226718903;0.30192893743515015;0.3115149736404419;0.30378347635269165;0.23046354949474335;0.29538747668266296;0.30153393745422363;0.29575565457344055;6.563564625139406e-07;-0.03696832060813904;-0.05867309495806694;-0.06806890666484833;-0.07439479976892471;-0.1068415716290474;-0.13296374678611755;-0.13152477145195007;-0.12511928379535675;-0.0925012156367302;-0.1204470545053482;-0.11335748434066772;-0.10360804200172424;-0.07581312954425812;-0.09527289867401123;-0.08800975233316422;-0.07953714579343796;-0.06090225651860237;-0.075156070291996;-0.07474272698163986;-0.07129095494747162;0.2607027292251587;0.31446126103401184;0.34932953119277954;0.3621963858604431;0.3713281750679016;0.28895410895347595;0.33117759227752686;0.3621930181980133;0.3835345506668091;0.25195664167404175;0.293148398399353;0.33332493901252747;0.36222559213638306;0.22877520322799683;0.26953232288360596;0.3105018436908722;0.33997267484664917;0.21754425764083862;0.25033849477767944;0.28399723768234253;0.31020060181617737;0.060490116477012634;0.07492566108703613;0.13563334941864014;0.1981470286846161;0.24699479341506958;0.09852056950330734;0.2049810290336609;0.25976699590682983;0.29652100801467896;0.12337437272071838;0.2362828254699707;0.2859421968460083;0.3076743483543396;0.15299667418003082;0.25123360753059387;0.2908799350261688;0.30842310190200806;0.1803932934999466;0.2546289563179016;0.2848838269710541;0.2984834611415863;-2.1311925024747325e-07;-0.03677010163664818;-0.059823788702487946;-0.07179057598114014;-0.08184581249952316;-0.10360312461853027;-0.1327107548713684;-0.13866597414016724;-0.13980522751808167;-0.0923309400677681;-0.12370850890874863;-0.12302584946155548;-0.12015964090824127;-0.07956897467374802;-0.1039804220199585;-0.09952737390995026;-0.09351013600826263;-0.06837328523397446;-0.08655291050672531;-0.08719606697559357;-0.08558081835508347;0.9805042147636414;0.9936374425888062
1772029327.0666666;0.7135639786720276;0.6537761092185974;0.5948871374130249;0.5676607489585876;0.5539460778236389;0.6533064842224121;0.587158739566803;0.5454063415527344;0.5173322558403015;0.6853175163269043;0.6125037670135498;0.5624811053276062;0.532812774181366;0.6998375654220581;0.6311159729957581;0.5838501453399658;0.5547909736633301;0.7012779116630554;0.6433889269828796;0.6059685945510864;0.5816733241081238;0.0725242868065834;0.06415820121765137;0.1161644384264946;0.18319717049598694;0.2352265566587448;0.1248704120516777;0.2214866429567337;0.26205572485923767;0.28617197275161743;0.17039361596107483;0.27508577704429626;0.30115824937820435;0.2998867630958557;0.20775511860847473;0.3038480877876282;0.31236380338668823;0.30347806215286255;0.23443397879600525;0.29873740673065186;0.30303895473480225;0.29531538486480713;6.837290129624307e-07;-0.03756292536854744;-0.06013898923993111;-0.07020253688097;-0.07747754454612732;-0.11101917922496796;-0.13817735016345978;-0.13761873543262482;-0.13181670010089874;-0.09628137201070786;-0.12455190718173981;-0.1178278923034668;-0.10870768129825592;-0.07899945974349976;-0.09863945096731186;-0.09242859482765198;-0.08502441644668579;-0.06343922019004822;-0.07822120934724808;-0.07877378910779953;-0.07619381695985794;0.2616288661956787;0.3155301809310913;0.3511929512023926;0.36464303731918335;0.3807865381240845;0.2889656722545624;0.3321731686592102;0.36344629526138306;0.3856160342693329;0.2514803409576416;0.29591357707977295;0.33687451481819153;0.3654080033302307;0.22852754592895508;0.27058055996894836;0.3126837909221649;0.34197181463241577;0.21737132966518402;0.24990342557430267;0.28448808193206787;0.3105197548866272;0.059568218886852264;0.07495976984500885;0.13713982701301575;0.2011905163526535;0.24726924300193787;0.10311882942914963;0.20605149865150452;0.2584839463233948;0.29346370697021484;0.12627346813678741;0.23667533695697784;0.2847832143306732;0.3056730031967163;0.15362323820590973;0.2531545162200928;0.291861891746521;0.3071735203266144;0.1787915974855423;0.2560562491416931;0.28518521785736084;0.2966112494468689;-1.7059431911548018e-07;-0.03853950276970863;-0.06267482787370682;-0.07528188824653625;-0.08626862615346909;-0.10638709366321564;-0.13428150117397308;-0.13926002383232117;-0.139975443482399;-0.09422938525676727;-0.12458600103855133;-0.12430005520582199;-0.12247209995985031;-0.08031125366687775;-0.1042303517460823;-0.10018633306026459;-0.09503906220197678;-0.0679965540766716;-0.08628696203231812;-0.0872807428240776;-0.08631637692451477;0.982304573059082;0.9933953881263733
1772029327.1;0.7125111818313599;0.654142439365387;0.5958290100097656;0.5658600330352783;0.5483285784721375;0.6494279503822327;0.5831060409545898;0.5420393347740173;0.5143452286720276;0.681728720664978;0.6090782284736633;0.5601999759674072;0.5304580926895142;0.6981781125068665;0.6297546029090881;0.5838537216186523;0.5554091930389404;0.7017460465431213;0.6444873809814453;0.6082162261009216;0.585006594657898;0.07149277627468109;0.06438440084457397;0.11344590038061142;0.17820623517036438;0.2275901436805725;0.12521576881408691;0.21917235851287842;0.2606920301914215;0.28593355417251587;0.1702345907688141;0.2726951539516449;0.3008825182914734;0.30252254009246826;0.2072557955980301;0.3026711940765381;0.31291285157203674;0.3055378794670105;0.23358255624771118;0.29796552658081055;0.30339473485946655;0.29628753662109375;6.761193844795343e-07;-0.03413654491305351;-0.055963870137929916;-0.0666617676615715;-0.07503421604633331;-0.10353215038776398;-0.13060908019542694;-0.1318042129278183;-0.1274777203798294;-0.0910634845495224;-0.11850401759147644;-0.11330053955316544;-0.1055949330329895;-0.07621481269598007;-0.09516835957765579;-0.09015188366174698;-0.08386357873678207;-0.0628729835152626;-0.07704894989728928;-0.07759645581245422;-0.0751819908618927;0.2633383870124817;0.3171434998512268;0.3516876697540283;0.36661553382873535;0.38553744554519653;0.2923121750354767;0.3352552354335785;0.36572831869125366;0.3870621919631958;0.2541530728340149;0.29890158772468567;0.3394489288330078;0.36753785610198975;0.23023131489753723;0.27318549156188965;0.3156551718711853;0.34544551372528076;0.21843422949314117;0.25213539600372314;0.2874658703804016;0.314498633146286;0.05743253231048584;0.07451444119215012;0.1399627923965454;0.20455503463745117;0.24911266565322876;0.1016392707824707;0.20547787845134735;0.25951099395751953;0.29687196016311646;0.12438935041427612;0.23552930355072021;0.2842075824737549;0.30612266063690186;0.15189090371131897;0.2526422142982483;0.29275575280189514;0.309832900762558;0.177821084856987;0.2552464008331299;0.28603988885879517;0.2994048297405243;-1.9491901070978201e-07;-0.036322757601737976;-0.059056248515844345;-0.0708627849817276;-0.08129850775003433;-0.10318992286920547;-0.13109534978866577;-0.13649706542491913;-0.13760657608509064;-0.09218452125787735;-0.12282631546258926;-0.12277637422084808;-0.12090463191270828;-0.07939456403255463;-0.10394152998924255;-0.10026334226131439;-0.09499983489513397;-0.06800161302089691;-0.08664945513010025;-0.08783207088708878;-0.0868796706199646;0.9816399216651917;0.9935067296028137
1772029327.1333334;0.7140561938285828;0.6562345623970032;0.5991734266281128;0.566931426525116;0.5492175817489624;0.6470282673835754;0.5775226354598999;0.5364210605621338;0.5095154047012329;0.6795614957809448;0.6045292019844055;0.5564801096916199;0.5280577540397644;0.6966666579246521;0.6257438063621521;0.5811773538589478;0.5542097687721252;0.7001785635948181;0.641650915145874;0.6064690351486206;0.5844617486000061;0.07040228694677353;0.06116178631782532;0.10820502787828445;0.17181164026260376;0.221756249666214;0.12479358911514282;0.2175549417734146;0.25985854864120483;0.2859434485435486;0.17083165049552917;0.2716524600982666;0.29807835817337036;0.2980567216873169;0.2077215164899826;0.30133068561553955;0.3116539716720581;0.3040733337402344;0.23302426934242249;0.29486721754074097;0.3006739914417267;0.294225811958313;6.742739060427994e-07;-0.03261536359786987;-0.053943932056427;-0.06463685631752014;-0.07305344939231873;-0.1004340872168541;-0.12690691649913788;-0.1278821974992752;-0.12330438196659088;-0.08848985284566879;-0.11499172449111938;-0.10887409746646881;-0.10016760975122452;-0.07418103516101837;-0.09212307631969452;-0.08594134449958801;-0.07866953313350677;-0.06133407726883888;-0.074820376932621;-0.07461194694042206;-0.07133820652961731;0.2631881833076477;0.31697893142700195;0.3528669774532318;0.3681201934814453;0.3847823441028595;0.2938379645347595;0.33644339442253113;0.36697515845298767;0.3882051408290863;0.2554757595062256;0.30012524127960205;0.34148529171943665;0.37018924951553345;0.23127645254135132;0.27415525913238525;0.3164350688457489;0.34614241123199463;0.2196882665157318;0.2539747357368469;0.2888924181461334;0.315304160118103;0.05859921872615814;0.07446900755167007;0.1399228572845459;0.2046041190624237;0.2508835792541504;0.09884297102689743;0.20210346579551697;0.25687843561172485;0.2942965030670166;0.12359273433685303;0.23307090997695923;0.28324833512306213;0.30588170886039734;0.1529223918914795;0.2518899738788605;0.2924586236476898;0.3097209334373474;0.18010014295578003;0.255790650844574;0.28582334518432617;0.2988847494125366;-1.9044871635287564e-07;-0.03672816976904869;-0.059007156640291214;-0.07035697996616364;-0.08023528754711151;-0.10223014652729034;-0.13043540716171265;-0.13640697300434113;-0.1378863900899887;-0.09121713042259216;-0.12171312421560287;-0.12231726944446564;-0.12104987353086472;-0.07860242575407028;-0.10276474803686142;-0.09944947063922882;-0.09466451406478882;-0.06753408908843994;-0.08589106798171997;-0.08712882548570633;-0.08636003732681274;0.983226478099823;0.993696391582489
1772029327.1666667;0.7150400876998901;0.6571231484413147;0.5995438098907471;0.5672385692596436;0.5524610280990601;0.6451092958450317;0.5748149752616882;0.5345210433006287;0.508305013179779;0.6777676939964294;0.6011998057365417;0.5541881322860718;0.5258863568305969;0.6955828070640564;0.6228052973747253;0.5793494582176208;0.5527934432029724;0.699619472026825;0.6404781937599182;0.6058521270751953;0.5844652652740479;0.06653353571891785;0.0580967515707016;0.10222380608320236;0.16364900767803192;0.21321074664592743;0.12257443368434906;0.21195891499519348;0.25209730863571167;0.27832332253456116;0.16786091029644012;0.2678360044956207;0.2955397963523865;0.29945218563079834;0.2043609321117401;0.2970583438873291;0.3088967204093933;0.304429292678833;0.22896915674209595;0.2906944453716278;0.29675137996673584;0.2913232445716858;6.489481734206493e-07;-0.029478229582309723;-0.04950176924467087;-0.05987682193517685;-0.06836683303117752;-0.09341622143983841;-0.11817623674869537;-0.11943899095058441;-0.1156075969338417;-0.08338087797164917;-0.10752452164888382;-0.10266795009374619;-0.0958370640873909;-0.07094572484493256;-0.08704743534326553;-0.08238065242767334;-0.07712730020284653;-0.059771858155727386;-0.07171998918056488;-0.07150952517986298;-0.06909835338592529;0.2618493437767029;0.31705790758132935;0.3538212478160858;0.36848971247673035;0.3860282897949219;0.29640641808509827;0.33862531185150146;0.3678305447101593;0.387955904006958;0.2570594847202301;0.3020906150341034;0.3424696922302246;0.3698180913925171;0.23214834928512573;0.27556875348091125;0.31748926639556885;0.34600013494491577;0.21975189447402954;0.25279080867767334;0.28744158148765564;0.31303349137306213;0.059355199337005615;0.07428064197301865;0.13696593046188354;0.2003185898065567;0.24606597423553467;0.10059000551700592;0.20598511397838593;0.25991907715797424;0.29645758867263794;0.12462359666824341;0.23565460741519928;0.2844614088535309;0.30522993206977844;0.1531030684709549;0.254024863243103;0.2935960292816162;0.3084881901741028;0.17932704091072083;0.25795045495033264;0.28736650943756104;0.29775092005729675;-1.581791480020911e-07;-0.03554636985063553;-0.058148182928562164;-0.06992769986391068;-0.08017430454492569;-0.10350560396909714;-0.13140089809894562;-0.13601154088974;-0.13607536256313324;-0.09296043962240219;-0.1227947250008583;-0.12097262591123581;-0.11751984059810638;-0.08072168380022049;-0.10454099625349045;-0.09902677685022354;-0.09221392124891281;-0.06993533670902252;-0.087847501039505;-0.08751216530799866;-0.08516372740268707;0.9816846251487732;0.9918872714042664
1772029327.2;0.7147934436798096;0.6597169041633606;0.6053479313850403;0.5698522925376892;0.5512444972991943;0.6442065834999084;0.5717400312423706;0.5319730043411255;0.5073195099830627;0.6733826994895935;0.5920664072036743;0.5441462993621826;0.5162476301193237;0.6894620656967163;0.6139046549797058;0.571597158908844;0.546624481678009;0.692952036857605;0.6319032311439514;0.5981898903846741;0.5782746076583862;0.06868457049131393;0.05662861466407776;0.09557706117630005;0.15309984982013702;0.20002324879169464;0.12475676834583282;0.20524606108665466;0.24347354471683502;0.2694982886314392;0.1718154102563858;0.2596038281917572;0.28501877188682556;0.2898474931716919;0.2091546654701233;0.29210466146469116;0.3026278614997864;0.2980569303035736;0.23380859196186066;0.2892395853996277;0.29321664571762085;0.2860702872276306;6.586699896615755e-07;-0.02855752967298031;-0.04846229776740074;-0.05929652601480484;-0.06796707957983017;-0.08864438533782959;-0.11218278110027313;-0.11338934302330017;-0.1098947748541832;-0.07896633446216583;-0.10284660756587982;-0.09826907515525818;-0.09161758422851562;-0.06703156977891922;-0.08325446397066116;-0.07861058413982391;-0.0732148140668869;-0.05627204105257988;-0.06796664744615555;-0.06715793162584305;-0.06411175429821014;0.2617102861404419;0.3153642416000366;0.35336539149284363;0.3693583905696869;0.38644012808799744;0.2944672405719757;0.33930760622024536;0.36971747875213623;0.3902977406978607;0.2561963200569153;0.3019976019859314;0.3438425362110138;0.37161070108413696;0.2323986291885376;0.2748622000217438;0.31711849570274353;0.3455684781074524;0.22105559706687927;0.25237780809402466;0.285839319229126;0.310477077960968;0.05770896375179291;0.07068353146314621;0.13208340108394623;0.19672760367393494;0.24488437175750732;0.09764143079519272;0.20446914434432983;0.25710833072662354;0.2929261028766632;0.12343958020210266;0.23641538619995117;0.28297853469848633;0.302047461271286;0.1520470827817917;0.25479656457901;0.2931739389896393;0.3070228695869446;0.1766759306192398;0.2565773129463196;0.2859932780265808;0.2954855263233185;-1.3973404122680222e-07;-0.03429758548736572;-0.05564344301819801;-0.06635035574436188;-0.07524845749139786;-0.10041932016611099;-0.12681931257247925;-0.1301805078983307;-0.12935055792331696;-0.09009576588869095;-0.11893627047538757;-0.11635256558656693;-0.11205553263425827;-0.07802826166152954;-0.10067892074584961;-0.09466107934713364;-0.08731093257665634;-0.06731981784105301;-0.08382170647382736;-0.08286705613136292;-0.08001913130283356;0.9740016460418701;0.9941850900650024
1772029327.2333333;0.7136001586914062;0.6587294936180115;0.6059222221374512;0.5710605978965759;0.5504107475280762;0.6342546939849854;0.5611570477485657;0.5219130516052246;0.49677222967147827;0.6621925830841064;0.581554651260376;0.5362237691879272;0.5100395679473877;0.6807503700256348;0.6074855327606201;0.568753182888031;0.5474957227706909;0.688714861869812;0.6307133436203003;0.5984933376312256;0.5802001953125;0.06614856421947479;0.05571591854095459;0.09314265102148056;0.14747679233551025;0.18934941291809082;0.12374372780323029;0.20040592551231384;0.23750202357769012;0.26295211911201477;0.16981816291809082;0.2548501491546631;0.2794966995716095;0.2845301926136017;0.20619788765907288;0.28838562965393066;0.29785123467445374;0.29237353801727295;0.22999000549316406;0.28757819533348083;0.29447174072265625;0.2894015312194824;6.247261694625195e-07;-0.020616019144654274;-0.03694937750697136;-0.04616890475153923;-0.053743861615657806;-0.07600317150354385;-0.09615810960531235;-0.09598569571971893;-0.09178050607442856;-0.06950123608112335;-0.08987554907798767;-0.08417731523513794;-0.07670683413743973;-0.0603705532848835;-0.07330084592103958;-0.06667780131101608;-0.05996955931186676;-0.051819365471601486;-0.0603066086769104;-0.056971438229084015;-0.05208321660757065;0.26499640941619873;0.31691914796829224;0.3537111282348633;0.36931198835372925;0.3833801746368408;0.29552823305130005;0.3404785990715027;0.3715447783470154;0.3933190703392029;0.25809261202812195;0.30503568053245544;0.3469267785549164;0.3746521472930908;0.23421543836593628;0.2774583101272583;0.3204125463962555;0.34933385252952576;0.22303920984268188;0.25459977984428406;0.2887241542339325;0.3137904405593872;0.05807013064622879;0.07236185669898987;0.13243162631988525;0.19426122307777405;0.24179479479789734;0.09547937661409378;0.19845867156982422;0.25149768590927124;0.2866634428501129;0.12139523029327393;0.23147006332874298;0.2789568305015564;0.3001222610473633;0.15090805292129517;0.2511511445045471;0.28976327180862427;0.30485236644744873;0.1766028106212616;0.25625476241111755;0.28422337770462036;0.29212096333503723;-1.6196965191284107e-07;-0.034297529608011246;-0.05568208917975426;-0.06666868180036545;-0.07586098462343216;-0.09941965341567993;-0.12715323269367218;-0.13174307346343994;-0.13147559762001038;-0.08943836390972137;-0.1194482371211052;-0.11808700114488602;-0.11449283361434937;-0.07787058502435684;-0.10223183035850525;-0.09708607941865921;-0.08985406160354614;-0.06761620938777924;-0.08513636142015457;-0.08406943082809448;-0.08083870261907578;0.982231616973877;0.9933449625968933
1772029327.2666667;0.7126878499984741;0.657016932964325;0.6042405366897583;0.5661998987197876;0.5463396906852722;0.6278945803642273;0.5555105805397034;0.5171785354614258;0.49294134974479675;0.6554161310195923;0.5742495656013489;0.5296414494514465;0.5049089193344116;0.6746764779090881;0.6019437909126282;0.5644123554229736;0.5444668531417847;0.6835773587226868;0.627079427242279;0.5956919193267822;0.5775033831596375;0.06668994575738907;0.05442218482494354;0.08816292136907578;0.13997310400009155;0.18330486118793488;0.11833616346120834;0.1938527226448059;0.22968409955501556;0.2536146640777588;0.16558805108070374;0.2503594756126404;0.27389198541641235;0.27692940831184387;0.2037411332130432;0.28489476442337036;0.2953405976295471;0.28977206349372864;0.22889234125614166;0.28624436259269714;0.2942725419998169;0.28992894291877747;5.962764930700359e-07;-0.016266295686364174;-0.03144165128469467;-0.040343739092350006;-0.047928061336278915;-0.07210035622119904;-0.09196203202009201;-0.09190376847982407;-0.08741987496614456;-0.06747132539749146;-0.08619855344295502;-0.07969699800014496;-0.0717279240489006;-0.05999666079878807;-0.07091604173183441;-0.06332945078611374;-0.05616701394319534;-0.05275309458374977;-0.059125691652297974;-0.05455471947789192;-0.048952557146549225;0.26524484157562256;0.31810665130615234;0.35463419556617737;0.37199753522872925;0.38561031222343445;0.29788631200790405;0.34370991587638855;0.3753860294818878;0.39762866497039795;0.26019784808158875;0.30821844935417175;0.35154989361763;0.38090038299560547;0.2356971651315689;0.279321551322937;0.32251203060150146;0.3521994650363922;0.22330573201179504;0.2551060616970062;0.2893196940422058;0.3150584101676941;0.06031672656536102;0.07206320762634277;0.1313980221748352;0.19296152889728546;0.24212680757045746;0.09394975006580353;0.1955282986164093;0.24938535690307617;0.2861228883266449;0.11983300745487213;0.2276766002178192;0.27647507190704346;0.29874205589294434;0.14965835213661194;0.248060405254364;0.2872214913368225;0.30337250232696533;0.17612656950950623;0.2544567584991455;0.28332093358039856;0.29301682114601135;-1.9044817634039646e-07;-0.03520642966032028;-0.05659756809473038;-0.06767257302999496;-0.0770929604768753;-0.09977028518915176;-0.12752850353717804;-0.1324463188648224;-0.13272404670715332;-0.08949238061904907;-0.11992207169532776;-0.11942008137702942;-0.11677145212888718;-0.07768543064594269;-0.10264193266630173;-0.0982683077454567;-0.0917460098862648;-0.06724580377340317;-0.08539970219135284;-0.08485434204339981;-0.08211173862218857;0.9844695925712585;0.9916796684265137
1772029327.3;0.708707332611084;0.6539214253425598;0.600925087928772;0.5674915909767151;0.5550534725189209;0.6263735890388489;0.5593305826187134;0.5253697037696838;0.5030155181884766;0.6520573496818542;0.5745371580123901;0.5324630737304688;0.5083072781562805;0.6685914993286133;0.5979368686676025;0.5612348914146423;0.5398150086402893;0.6758713126182556;0.6196543574333191;0.5885691046714783;0.5695204138755798;0.07087662070989609;0.05700001120567322;0.08507643640041351;0.13390544056892395;0.17932163178920746;0.11575145274400711;0.1904463917016983;0.2244836390018463;0.2491782009601593;0.1654064655303955;0.24910283088684082;0.27304863929748535;0.2800180912017822;0.20582234859466553;0.28485989570617676;0.29295632243156433;0.28809666633605957;0.2318577766418457;0.28642427921295166;0.2907233238220215;0.2846619486808777;5.256449640000938e-07;-0.016614405438303947;-0.030984289944171906;-0.03889777511358261;-0.045269567519426346;-0.07132482528686523;-0.09100344777107239;-0.0909583792090416;-0.08676832914352417;-0.0667271688580513;-0.08647292107343674;-0.08115493506193161;-0.07397513091564178;-0.05937042832374573;-0.07142503559589386;-0.06514149904251099;-0.0585017129778862;-0.052340973168611526;-0.05900369957089424;-0.05518877133727074;-0.050256069749593735;0.2647952437400818;0.31775110960006714;0.35561859607696533;0.3740204870700836;0.3900451362133026;0.3011203110218048;0.34618449211120605;0.3755113482475281;0.3959149718284607;0.26273536682128906;0.3102908432483673;0.35130712389945984;0.3787052631378174;0.23753708600997925;0.28060439229011536;0.3226289749145508;0.3510335385799408;0.22469763457775116;0.25572752952575684;0.2889668941497803;0.31339651346206665;0.06036330759525299;0.07431139051914215;0.13337235152721405;0.1946074515581131;0.2429393231868744;0.09717923402786255;0.1993810087442398;0.2517413794994354;0.2869383692741394;0.12184284627437592;0.23066896200180054;0.2780102491378784;0.29919788241386414;0.1504613310098648;0.25059956312179565;0.2893316149711609;0.30480337142944336;0.1755284070968628;0.25538769364356995;0.2823644280433655;0.2894785702228546;-1.3731033732256037e-07;-0.034830447286367416;-0.05656352639198303;-0.06799720972776413;-0.07762521505355835;-0.09920835494995117;-0.12696152925491333;-0.13141533732414246;-0.13094566762447357;-0.08910569548606873;-0.11972862482070923;-0.11841700226068497;-0.11456049233675003;-0.07751384377479553;-0.10281030833721161;-0.09735558927059174;-0.08946050703525543;-0.06724736094474792;-0.08502008020877838;-0.0832555964589119;-0.07928966730833054;0.9809807538986206;0.9923616647720337
1772029327.3333333;0.7055858373641968;0.647109866142273;0.5881184339523315;0.555503785610199;0.5400881767272949;0.6276854872703552;0.564708948135376;0.5292315483093262;0.5063543915748596;0.6548675298690796;0.5781455636024475;0.5328190326690674;0.5073612928390503;0.6703439950942993;0.597934365272522;0.5590319633483887;0.536920964717865;0.6761119961738586;0.6179885268211365;0.5852648615837097;0.5650525093078613;0.0727987289428711;0.05904770642518997;0.09274567663669586;0.14799430966377258;0.19442060589790344;0.1148831695318222;0.2011127769947052;0.2325860857963562;0.2466948926448822;0.16503168642520905;0.2547597885131836;0.27784502506256104;0.27788209915161133;0.20561648905277252;0.286125123500824;0.29274725914001465;0.283807635307312;0.2319241166114807;0.2867503762245178;0.2905653417110443;0.2833624482154846;5.528097517526476e-07;-0.022151337936520576;-0.03867661952972412;-0.04682645574212074;-0.05300116166472435;-0.08671745657920837;-0.11157341301441193;-0.11183519661426544;-0.10581611096858978;-0.07915952056646347;-0.10327117890119553;-0.09626401215791702;-0.08634141087532043;-0.06898915767669678;-0.0840759202837944;-0.07562319189310074;-0.06591714173555374;-0.05955735966563225;-0.06798935681581497;-0.06379702687263489;-0.05751562491059303;0.26302221417427063;0.3162652850151062;0.3553248643875122;0.3747371435165405;0.3932933211326599;0.29820266366004944;0.3421855866909027;0.37169158458709717;0.3923112154006958;0.2598671019077301;0.3077397644519806;0.34961968660354614;0.37704190611839294;0.2360290139913559;0.27851954102516174;0.32064077258110046;0.34855011105537415;0.22452238202095032;0.25448301434516907;0.28796783089637756;0.31273379921913147;0.05824264883995056;0.06923317164182663;0.12859265506267548;0.19198791682720184;0.24065878987312317;0.09749668091535568;0.2018466740846634;0.2525196671485901;0.2878936231136322;0.12378790974617004;0.23479166626930237;0.27901971340179443;0.2978079617023468;0.15228229761123657;0.25475865602493286;0.2902396321296692;0.3019675612449646;0.17615662515163422;0.2577574551105499;0.2846776843070984;0.2909993529319763;-1.0850009601881538e-07;-0.033959534019231796;-0.05524211749434471;-0.06601902842521667;-0.0749962329864502;-0.10142303258180618;-0.12725111842155457;-0.12921607494354248;-0.12732097506523132;-0.09121391922235489;-0.12013060599565506;-0.11589720845222473;-0.11010883003473282;-0.07923420518636703;-0.10261575877666473;-0.09517841786146164;-0.08614183217287064;-0.06851410865783691;-0.08544324338436127;-0.08348293602466583;-0.07938769459724426;0.9757384061813354;0.9931605458259583
1772029327.3666666;0.7038148045539856;0.6453332901000977;0.583551824092865;0.5477949976921082;0.5246050357818604;0.6295954585075378;0.5645881295204163;0.5273910164833069;0.5049797892570496;0.6566284894943237;0.5778941512107849;0.5297064185142517;0.5019963979721069;0.6710169315338135;0.5986654162406921;0.5566062331199646;0.532315194606781;0.6753320693969727;0.61618572473526;0.5825992822647095;0.5620540976524353;0.07846526056528091;0.06017013639211655;0.10209265351295471;0.168096125125885;0.21824537217617035;0.13135801255702972;0.21561507880687714;0.23276804387569427;0.23034079372882843;0.18024320900440216;0.26472505927085876;0.2792819142341614;0.2722618281841278;0.2173001617193222;0.2939952611923218;0.29496538639068604;0.2812062203884125;0.2405063807964325;0.29295486211776733;0.292965292930603;0.28376296162605286;5.819886155222775e-07;-0.028930969536304474;-0.047102395445108414;-0.05550282076001167;-0.06100957468152046;-0.08737695217132568;-0.11124429851770401;-0.11012566834688187;-0.1032298356294632;-0.07595786452293396;-0.09776216745376587;-0.09049242734909058;-0.08141579478979111;-0.06276358664035797;-0.0773533284664154;-0.07008597999811172;-0.062223274260759354;-0.050832875072956085;-0.06115240603685379;-0.05895845964550972;-0.05442587658762932;0.26190999150276184;0.3156232237815857;0.35365602374076843;0.37251758575439453;0.3950437605381012;0.2944774031639099;0.33982110023498535;0.3703221082687378;0.3914388418197632;0.2572934627532959;0.30539944767951965;0.348204106092453;0.37578144669532776;0.23412135243415833;0.2766090929508209;0.31979066133499146;0.34787920117378235;0.22334422171115875;0.25297561287879944;0.286739319562912;0.3112516701221466;0.05630858242511749;0.06666061282157898;0.12827160954475403;0.19397059082984924;0.23966628313064575;0.09440042078495026;0.1975214183330536;0.24794334173202515;0.28061336278915405;0.12226273119449615;0.232310950756073;0.27620047330856323;0.2930411398410797;0.15191341936588287;0.25347521901130676;0.28853845596313477;0.2992634177207947;0.17639650404453278;0.25757890939712524;0.2843610644340515;0.2907038927078247;-1.4084075417031272e-07;-0.036099132150411606;-0.05883646383881569;-0.07074524462223053;-0.08117708563804626;-0.1046966090798378;-0.13393449783325195;-0.13888278603553772;-0.138541117310524;-0.09381067752838135;-0.12473487108945847;-0.12197492271661758;-0.11732533574104309;-0.08150456100702286;-0.10646423697471619;-0.10026048868894577;-0.092161163687706;-0.07064446806907654;-0.08866097033023834;-0.08789320290088654;-0.0849386602640152;0.9762619733810425;0.9909122586250305
1772029327.4;0.7038517594337463;0.6463603973388672;0.5866219401359558;0.5478978753089905;0.5092371702194214;0.6329492926597595;0.570237398147583;0.5291379690170288;0.5027025938034058;0.6586877107620239;0.578101396560669;0.5338159203529358;0.5118871331214905;0.6708751320838928;0.594819188117981;0.552230954170227;0.5283635854721069;0.6740189790725708;0.6137650609016418;0.5785297751426697;0.5566762089729309;0.08158345520496368;0.06586980074644089;0.1113089919090271;0.17238526046276093;0.2050226777791977;0.14460203051567078;0.22606950998306274;0.24876922369003296;0.2547662854194641;0.1926088035106659;0.2681785821914673;0.2715822160243988;0.2573038339614868;0.22784572839736938;0.2973385155200958;0.2921990752220154;0.2748165428638458;0.2501070499420166;0.29974186420440674;0.2963201701641083;0.2845189571380615;5.376784883992514e-07;-0.030139170587062836;-0.049650758504867554;-0.059447165578603745;-0.06653144210577011;-0.08586349338293076;-0.10793967545032501;-0.10688077658414841;-0.10135846585035324;-0.07413690537214279;-0.09505786746740341;-0.08773960918188095;-0.07895826548337936;-0.0606391541659832;-0.07375962287187576;-0.06581515073776245;-0.058462318032979965;-0.048730023205280304;-0.059870731085538864;-0.05893709138035774;-0.055542122572660446;0.26124149560928345;0.3152274191379547;0.35412272810935974;0.3731480538845062;0.3894723057746887;0.2951734960079193;0.34153053164482117;0.3737490773200989;0.39621779322624207;0.25903043150901794;0.3071742057800293;0.3517533242702484;0.3811195492744446;0.23607325553894043;0.27734073996543884;0.3211432099342346;0.350346177816391;0.22495964169502258;0.25358307361602783;0.2872200608253479;0.3124658763408661;0.05841202288866043;0.06523916870355606;0.12482166290283203;0.18747971951961517;0.23681770265102386;0.08948955684900284;0.1909547597169876;0.24318364262580872;0.27776336669921875;0.11865459382534027;0.22710788249969482;0.27333858609199524;0.2915801703929901;0.15012897551059723;0.2501017153263092;0.2868424952030182;0.29991409182548523;0.17612257599830627;0.2565016746520996;0.28431499004364014;0.29079070687294006;-1.8345792796026217e-07;-0.03583432361483574;-0.057771459221839905;-0.06911966949701309;-0.07857154309749603;-0.1024216040968895;-0.13202670216560364;-0.13766351342201233;-0.13793499767780304;-0.09210861474275589;-0.12428862601518631;-0.12264317274093628;-0.11848551779985428;-0.08060478419065475;-0.1076413244009018;-0.10292904824018478;-0.09520763158798218;-0.07041288167238235;-0.08972708880901337;-0.089340440928936;-0.08624972403049469;0.9754911065101624;0.9866285920143127
1772029327.4333334;0.7008121609687805;0.6411256194114685;0.5836759209632874;0.5458123087882996;0.5045340657234192;0.6336400508880615;0.5695000886917114;0.5329858660697937;0.5134895443916321;0.661282479763031;0.576869010925293;0.5450021028518677;0.5389203429222107;0.6747705340385437;0.5941519737243652;0.5653471350669861;0.5597720742225647;0.6791170835494995;0.6157982349395752;0.5892911553382874;0.5817182660102844;0.08740665018558502;0.07522495836019516;0.12087825685739517;0.1801435798406601;0.20305167138576508;0.1602228283882141;0.24201929569244385;0.26058292388916016;0.2589810788631439;0.20586533844470978;0.28401434421539307;0.2653391659259796;0.23702959716320038;0.23857197165489197;0.30848005414009094;0.2835331857204437;0.2554157078266144;0.2587181627750397;0.3075103461742401;0.2914077043533325;0.27282553911209106;4.2491160456847865e-07;-0.02848760224878788;-0.047534096986055374;-0.0572567917406559;-0.06384038180112839;-0.07961612939834595;-0.09576339274644852;-0.09025837481021881;-0.0827259048819542;-0.06791681051254272;-0.08369678258895874;-0.07329391688108444;-0.06334835290908813;-0.053991321474313736;-0.06262018531560898;-0.05069523677229881;-0.04210923612117767;-0.04155774787068367;-0.049107588827610016;-0.04533536359667778;-0.04137594997882843;0.2629053294658661;0.3174155354499817;0.35692429542541504;0.37471190094947815;0.38986945152282715;0.2961719334125519;0.34253400564193726;0.3733538091182709;0.39447781443595886;0.2594984471797943;0.30856946110725403;0.3522922694683075;0.3806387186050415;0.23642316460609436;0.27853748202323914;0.32196372747421265;0.35038796067237854;0.2253316342830658;0.2545163631439209;0.28765836358070374;0.3119286894798279;0.06291365623474121;0.06801985204219818;0.12458615750074387;0.18651071190834045;0.23646280169487;0.08774130791425705;0.19196878373622894;0.2424044907093048;0.27516239881515503;0.1172449067234993;0.22873200476169586;0.27315476536750793;0.28959977626800537;0.1492602676153183;0.2519637644290924;0.28763988614082336;0.2992737293243408;0.1755416989326477;0.2549607753753662;0.28264281153678894;0.2898682951927185;-1.217759262317486e-07;-0.037504568696022034;-0.061343830078840256;-0.07381588220596313;-0.08442746102809906;-0.11056099832057953;-0.14049029350280762;-0.14478473365306854;-0.1440579891204834;-0.0996522456407547;-0.13223715126514435;-0.12906445562839508;-0.12391673773527145;-0.0872146487236023;-0.1136585921049118;-0.10723505169153214;-0.09881260991096497;-0.076262466609478;-0.0959983617067337;-0.09579019993543625;-0.09297609329223633;0.9831417202949524;0.988990306854248
1772029327.4666667;0.6991447806358337;0.6380515694618225;0.5857454538345337;0.5482592582702637;0.5106719136238098;0.6346409320831299;0.567476212978363;0.5355926156044006;0.5214073657989502;0.6632567644119263;0.5814728736877441;0.5567165017127991;0.5559503436088562;0.6786237359046936;0.6011393666267395;0.5788424015045166;0.5794422030448914;0.6843549013137817;0.622920572757721;0.6018924117088318;0.6005108952522278;0.08584586530923843;0.08138351142406464;0.12592509388923645;0.18012681603431702;0.19854119420051575;0.17811347544193268;0.2539825439453125;0.25668853521347046;0.24202537536621094;0.21826617419719696;0.2883062958717346;0.2624579071998596;0.23517802357673645;0.24636489152908325;0.31407636404037476;0.283031702041626;0.2532070279121399;0.2623821794986725;0.31181448698043823;0.29158276319503784;0.2707645893096924;3.0370563308679266e-07;-0.025455249473452568;-0.04318741336464882;-0.053481120616197586;-0.06037528067827225;-0.066903255879879;-0.08221940696239471;-0.07836265116930008;-0.07214067876338959;-0.056770406663417816;-0.06902873516082764;-0.05914200842380524;-0.05097447335720062;-0.04511471465229988;-0.051943354308605194;-0.03924369812011719;-0.031005199998617172;-0.03505383059382439;-0.04163322597742081;-0.03643732890486717;-0.03187710419297218;0.26351580023765564;0.31739914417266846;0.35666710138320923;0.37653422355651855;0.3962365686893463;0.2953086197376251;0.3422195017337799;0.37524938583374023;0.3985007703304291;0.25968581438064575;0.30848777294158936;0.3533928394317627;0.3830091059207916;0.2374940812587738;0.2793165445327759;0.3231797218322754;0.35243120789527893;0.22690057754516602;0.2560881972312927;0.2891586422920227;0.31407058238983154;0.05746202915906906;0.0636882483959198;0.12195173650979996;0.18393920361995697;0.23027637600898743;0.08481922745704651;0.1861719787120819;0.23763719201087952;0.27111613750457764;0.1137973889708519;0.2219567596912384;0.2671664357185364;0.28457358479499817;0.14601294696331024;0.24560129642486572;0.282363623380661;0.2953602075576782;0.17305341362953186;0.25250041484832764;0.2809631824493408;0.28885698318481445;-1.617648592855403e-07;-0.03902905061841011;-0.0635870024561882;-0.07654288411140442;-0.08759362250566483;-0.11053206026554108;-0.14165456593036652;-0.1474156230688095;-0.147784024477005;-0.09887657314538956;-0.1334768831729889;-0.13207325339317322;-0.12804818153381348;-0.08589107543230057;-0.11471995711326599;-0.10999953746795654;-0.10221646726131439;-0.07436295598745346;-0.09521999210119247;-0.09567800909280777;-0.09327298402786255;0.9857248067855835;0.9871112108230591
1772029327.5;0.7020218968391418;0.6370457410812378;0.5874906182289124;0.5558879971504211;0.5277614593505859;0.6358185410499573;0.5696069002151489;0.5390405654907227;0.5306512713432312;0.6633727550506592;0.5828731060028076;0.556251049041748;0.557489275932312;0.6773459315299988;0.602513313293457;0.5781948566436768;0.579606294631958;0.6831713318824768;0.6233951449394226;0.6032294034957886;0.6034842729568481;0.0922783613204956;0.0863695740699768;0.1346810758113861;0.19025279581546783;0.20672757923603058;0.18723508715629578;0.2636336386203766;0.2606581151485443;0.23745191097259521;0.22593937814235687;0.2942195534706116;0.26650547981262207;0.23636820912361145;0.25233733654022217;0.317270964384079;0.28557920455932617;0.25386589765548706;0.266605019569397;0.31272050738334656;0.29295235872268677;0.27120310068130493;2.3087615375061432e-07;-0.024626202881336212;-0.03914009779691696;-0.046147771179676056;-0.04893486574292183;-0.06378217041492462;-0.07707231491804123;-0.07046937942504883;-0.06180229038000107;-0.05265580862760544;-0.06426510214805603;-0.054448164999485016;-0.045815929770469666;-0.03996193781495094;-0.04613684117794037;-0.03554834425449371;-0.02848849631845951;-0.028795834630727768;-0.035688646137714386;-0.033110298216342926;-0.030297933146357536;0.26548489928245544;0.318368136882782;0.3573078215122223;0.37798288464546204;0.39785856008529663;0.29636770486831665;0.34245339035987854;0.37531059980392456;0.3978797197341919;0.26068925857543945;0.30770453810691833;0.3523496389389038;0.38179221749305725;0.23844921588897705;0.27960166335105896;0.323254257440567;0.3527202904224396;0.22778166830539703;0.2563905119895935;0.28934526443481445;0.3149445950984955;0.06188856065273285;0.06574255973100662;0.1223355084657669;0.18253472447395325;0.229069322347641;0.08061159402132034;0.18275029957294464;0.23495210707187653;0.2677369713783264;0.11036118865013123;0.21875473856925964;0.26453813910484314;0.27974560856819153;0.14386330544948578;0.2424112856388092;0.2788825035095215;0.2901090681552887;0.17242076992988586;0.2507800757884979;0.2791973650455475;0.28635266423225403;-1.5688478072206635e-07;-0.0405876524746418;-0.0662238672375679;-0.08003459870815277;-0.09170074760913849;-0.11378524452447891;-0.14695031940937042;-0.1533481776714325;-0.1535932570695877;-0.10193994641304016;-0.13757820427417755;-0.13502919673919678;-0.12969517707824707;-0.08916783332824707;-0.11931245774030685;-0.1132369413971901;-0.10394410043954849;-0.07808335870504379;-0.10055920481681824;-0.1009063795208931;-0.0978609248995781;0.9847086071968079;0.9853543639183044
1772029327.5333333;0.7025062441825867;0.6384024024009705;0.5883587598800659;0.554190456867218;0.5255370140075684;0.6343387961387634;0.5749604105949402;0.5406054258346558;0.5251946449279785;0.6627594828605652;0.5843498110771179;0.5538418889045715;0.5487711429595947;0.6768438220024109;0.604030191898346;0.5757763981819153;0.5719538927078247;0.6833846569061279;0.6258921027183533;0.6020605564117432;0.5973466634750366;0.09257300198078156;0.086698979139328;0.13304290175437927;0.1883147805929184;0.19952452182769775;0.19385285675525665;0.2739419937133789;0.2812764644622803;0.2642482817173004;0.23269253969192505;0.30524975061416626;0.27856042981147766;0.24843931198120117;0.25713837146759033;0.32271429896354675;0.2918529510498047;0.25866422057151794;0.2676699757575989;0.3130941390991211;0.2929091453552246;0.26908814907073975;3.733703692887502e-07;-0.028747402131557465;-0.045992590487003326;-0.05455221235752106;-0.05929053947329521;-0.06752150505781174;-0.07796180248260498;-0.06901441514492035;-0.05916193872690201;-0.053919170051813126;-0.06403461843729019;-0.053194575011730194;-0.043188344687223434;-0.03843719884753227;-0.04380146786570549;-0.03340975567698479;-0.026043487712740898;-0.024697160348296165;-0.0315290167927742;-0.029129071161150932;-0.025862842798233032;0.2672014832496643;0.32012346386909485;0.35835033655166626;0.37795811891555786;0.3968549966812134;0.2987818717956543;0.34184011816978455;0.3737221956253052;0.39532074332237244;0.262450248003006;0.3071480691432953;0.35131382942199707;0.3807332217693329;0.23945088684558868;0.27930381894111633;0.3223080337047577;0.35214877128601074;0.2283078283071518;0.2567142844200134;0.2891993522644043;0.31518229842185974;0.05896583944559097;0.06493757665157318;0.12199672311544418;0.18315370380878448;0.23208802938461304;0.0804307758808136;0.18154150247573853;0.23445525765419006;0.26817017793655396;0.10917770862579346;0.2178194224834442;0.26553988456726074;0.28217703104019165;0.14192073047161102;0.24130451679229736;0.27886512875556946;0.29056766629219055;0.16959461569786072;0.24844835698604584;0.27882710099220276;0.2875823974609375;-1.6406379188538267e-07;-0.0409112349152565;-0.06738323718309402;-0.08191632479429245;-0.09434661269187927;-0.11649099737405777;-0.15007857978343964;-0.15625526010990143;-0.1563495546579361;-0.10452959686517715;-0.14013047516345978;-0.13726815581321716;-0.13198763132095337;-0.0914750024676323;-0.12148576974868774;-0.11517979949712753;-0.10593961924314499;-0.08007122576236725;-0.10283515602350235;-0.10353650152683258;-0.1007370725274086;0.981915295124054;0.9822182655334473
1772029327.5666666;0.708385169506073;0.644642174243927;0.5922993421554565;0.5507252812385559;0.5177298784255981;0.6329563856124878;0.576891303062439;0.5394136309623718;0.5158945918083191;0.6580129265785217;0.5839109420776367;0.5481763482093811;0.5331273674964905;0.6693590879440308;0.601405680179596;0.567176342010498;0.5526168942451477;0.6735172867774963;0.6215912103652954;0.5925703048706055;0.5776684284210205;0.08942241966724396;0.07771356403827667;0.11962176859378815;0.1720014363527298;0.1852399706840515;0.20052769780158997;0.27848803997039795;0.2972472012042999;0.29539304971694946;0.24087953567504883;0.31188204884529114;0.29429861903190613;0.26807817816734314;0.26363325119018555;0.322552889585495;0.301478773355484;0.2733469605445862;0.27128419280052185;0.3106829822063446;0.2967713475227356;0.2762831151485443;5.115717272019538e-07;-0.0390658937394619;-0.060044217854738235;-0.07020002603530884;-0.0766196921467781;-0.07162810862064362;-0.0824725329875946;-0.076344795525074;-0.06892668455839157;-0.05243630334734917;-0.062211643904447556;-0.05271781235933304;-0.04282622039318085;-0.03243952989578247;-0.03833341598510742;-0.03138386458158493;-0.02527925744652748;-0.015078060328960419;-0.022113295271992683;-0.022236647084355354;-0.01974736526608467;0.2675899565219879;0.320672869682312;0.3581955134868622;0.3767266273498535;0.3980705738067627;0.29818594455718994;0.34082210063934326;0.37224334478378296;0.393759548664093;0.26174864172935486;0.30619776248931885;0.34977179765701294;0.3785926401615143;0.23897206783294678;0.27847960591316223;0.3212842345237732;0.35017016530036926;0.22838124632835388;0.25637224316596985;0.2893815338611603;0.31479790806770325;0.057126231491565704;0.06449517607688904;0.12480529397726059;0.1875927448272705;0.23381303250789642;0.08154255896806717;0.18554221093654633;0.23851743340492249;0.27042677998542786;0.11046801507472992;0.21975257992744446;0.2670723795890808;0.28180623054504395;0.14246046543121338;0.24291852116584778;0.2798108160495758;0.2891324758529663;0.16961801052093506;0.2494083046913147;0.2793380618095398;0.28649476170539856;-1.6161129678948782e-07;-0.039106614887714386;-0.06417044252157211;-0.0777803435921669;-0.08943912386894226;-0.11222131550312042;-0.14546692371368408;-0.1521773338317871;-0.15230102837085724;-0.10064467042684555;-0.134919673204422;-0.13153791427612305;-0.12584184110164642;-0.0880979523062706;-0.11706764996051788;-0.11009359359741211;-0.10028362274169922;-0.07716520875692368;-0.0988745391368866;-0.09884814918041229;-0.09552490711212158;0.9890192151069641;0.9845877885818481
1772029327.6;0.7108030915260315;0.648303747177124;0.5913394689559937;0.5484746694564819;0.5062429904937744;0.6305943131446838;0.5776914954185486;0.5385444760322571;0.5132575631141663;0.6521798968315125;0.5825578570365906;0.5433258414268494;0.5224772691726685;0.6611916422843933;0.5966440439224243;0.5579977035522461;0.5355135798454285;0.6630107164382935;0.6113326549530029;0.5782590508460999;0.55678391456604;0.08723429590463638;0.07585214078426361;0.11464448273181915;0.16719406843185425;0.1894335299730301;0.1946096420288086;0.27366864681243896;0.29154205322265625;0.28944408893585205;0.2336582988500595;0.30855223536491394;0.3038250505924225;0.2847905457019806;0.2555170953273773;0.3215423822402954;0.3131754398345947;0.2931098937988281;0.2624254524707794;0.30961138010025024;0.30687618255615234;0.2938060164451599;4.888405555902864e-07;-0.03450514003634453;-0.053316399455070496;-0.06266585737466812;-0.06796585768461227;-0.06227376312017441;-0.07617167383432388;-0.07458441704511642;-0.07025742530822754;-0.046778932213783264;-0.060934122651815414;-0.05736507475376129;-0.051577817648649216;-0.03092089667916298;-0.03986211121082306;-0.03634502366185188;-0.03221971169114113;-0.01741780899465084;-0.02565813809633255;-0.026625826954841614;-0.024549372494220734;0.2637447416782379;0.3178275525569916;0.35541027784347534;0.37220102548599243;0.3907531499862671;0.29517272114753723;0.3350130021572113;0.36709004640579224;0.3887982666492462;0.25902295112609863;0.30026453733444214;0.3440929055213928;0.373279869556427;0.2368815839290619;0.27357929944992065;0.3164231479167938;0.34603413939476013;0.2265833616256714;0.2542012333869934;0.28706321120262146;0.31278982758522034;0.06559695303440094;0.06614723056554794;0.12148275226354599;0.18309730291366577;0.23136687278747559;0.08015812188386917;0.18546555936336517;0.23979276418685913;0.2711188793182373;0.11021391302347183;0.21657922863960266;0.2648165822029114;0.2809401750564575;0.14351117610931396;0.2405153512954712;0.2774261236190796;0.2875243127346039;0.17204533517360687;0.24888619780540466;0.2788330912590027;0.2873843312263489;-1.848585640118472e-07;-0.040302202105522156;-0.06589148938655853;-0.07993777096271515;-0.09209950268268585;-0.11233270168304443;-0.14559213817119598;-0.15326908230781555;-0.15444520115852356;-0.1001560315489769;-0.13269361853599548;-0.13012026250362396;-0.1263316124677658;-0.08727305382490158;-0.11419600248336792;-0.10869414359331131;-0.10153423994779587;-0.07626565545797348;-0.09770379960536957;-0.0995456874370575;-0.0985541120171547;0.9853509068489075;0.9882544875144958
1772029327.6333334;0.714091420173645;0.6504732966423035;0.591733455657959;0.5541922450065613;0.5139060020446777;0.6293595433235168;0.571018397808075;0.5319817662239075;0.5113704204559326;0.6495735049247742;0.5757966637611389;0.5365146994590759;0.5195949673652649;0.657275915145874;0.590088427066803;0.5520435571670532;0.5333607792854309;0.659092128276825;0.6039532423019409;0.5716472864151001;0.5534424781799316;0.08836132287979126;0.07353909313678741;0.11180897057056427;0.1709326207637787;0.20226116478443146;0.1940058171749115;0.2648090720176697;0.27174052596092224;0.2598695755004883;0.23344412446022034;0.3016919493675232;0.2917785346508026;0.26912927627563477;0.25332868099212646;0.31466877460479736;0.3013354241847992;0.27892962098121643;0.2578749358654022;0.30027318000793457;0.29328498244285583;0.2785150110721588;4.1919901150322403e-07;-0.03074299357831478;-0.044989150017499924;-0.04995713755488396;-0.05010151490569115;-0.05638140067458153;-0.06731276214122772;-0.062323857098817825;-0.05530247464776039;-0.04136081039905548;-0.05378042161464691;-0.049267690628767014;-0.04287932813167572;-0.025722727179527283;-0.03427739813923836;-0.03045733831822872;-0.026038605719804764;-0.01187036745250225;-0.02105562388896942;-0.02219191938638687;-0.019846906885504723;0.26495426893234253;0.31616249680519104;0.3525692820549011;0.369680792093277;0.38684186339378357;0.29182079434394836;0.33147403597831726;0.3628298342227936;0.38374578952789307;0.25617289543151855;0.2972392737865448;0.34036508202552795;0.3691582977771759;0.23416924476623535;0.27003195881843567;0.3119563162326813;0.341032475233078;0.22343780100345612;0.2511579692363739;0.2833918333053589;0.3090437650680542;0.06775402277708054;0.06968679279088974;0.12470810860395432;0.18475964665412903;0.2331102192401886;0.08047547191381454;0.18849119544029236;0.24090760946273804;0.267527312040329;0.10935527086257935;0.21887637674808502;0.26645320653915405;0.2805052399635315;0.14203014969825745;0.24036581814289093;0.27693164348602295;0.2861470878124237;0.17021648585796356;0.24785903096199036;0.2784099876880646;0.28727924823760986;-1.5268913955424068e-07;-0.04124769568443298;-0.06803524494171143;-0.0827043354511261;-0.09488019347190857;-0.11774058640003204;-0.1529363989830017;-0.1599147915840149;-0.15959258377552032;-0.1051815077662468;-0.14028654992580414;-0.13582003116607666;-0.12933790683746338;-0.0919329822063446;-0.12127823382616043;-0.1131976917386055;-0.10278619825839996;-0.0805487334728241;-0.10400765389204025;-0.10483018308877945;-0.10189512372016907;0.9792720079421997;0.9870680570602417
1772029327.6666667;0.7146910429000854;0.6508187651634216;0.5918112993240356;0.557313084602356;0.5276932120323181;0.6311154961585999;0.564788818359375;0.5266744494438171;0.5075668692588806;0.6511232852935791;0.5693851113319397;0.5319254398345947;0.5171828866004944;0.657598078250885;0.5825554728507996;0.547691285610199;0.5322576761245728;0.6574101448059082;0.597636342048645;0.5675714015960693;0.5523096919059753;0.09091323614120483;0.06851553916931152;0.10167834162712097;0.16423997282981873;0.21061578392982483;0.17415472865104675;0.24693746864795685;0.2537415325641632;0.24126315116882324;0.22033652663230896;0.289612352848053;0.27783530950546265;0.25255149602890015;0.24734744429588318;0.3082640767097473;0.2907930910587311;0.2654136121273041;0.2581978440284729;0.2981954514980316;0.2861471474170685;0.26761606335639954;4.331710954375012e-07;-0.032737668603658676;-0.04927355423569679;-0.05614619329571724;-0.05808543786406517;-0.06825269013643265;-0.08308000862598419;-0.0775003507733345;-0.06910070776939392;-0.05355631932616234;-0.07057741284370422;-0.06517162919044495;-0.057312045246362686;-0.0377507247030735;-0.04854404181241989;-0.042596422135829926;-0.03644693270325661;-0.023885857313871384;-0.033469196408987045;-0.03285003453493118;-0.029241196811199188;0.2636859118938446;0.31609421968460083;0.3518267273902893;0.3677232265472412;0.38276398181915283;0.28979742527008057;0.3304595351219177;0.36210161447525024;0.3831912577152252;0.2539219558238983;0.29502034187316895;0.33746951818466187;0.3671182692050934;0.23165050148963928;0.2678256332874298;0.31010428071022034;0.34075719118118286;0.22126221656799316;0.24867689609527588;0.2799936532974243;0.30514827370643616;0.0646415650844574;0.06845207512378693;0.1239386796951294;0.18617314100265503;0.23639245331287384;0.08035887777805328;0.18668676912784576;0.23901844024658203;0.2678118348121643;0.11045616865158081;0.21895751357078552;0.26632949709892273;0.27999967336654663;0.14346279203891754;0.24073216319084167;0.27866441011428833;0.29009702801704407;0.17247864603996277;0.24771316349506378;0.27985697984695435;0.2917420268058777;-2.4642594098622794e-07;-0.04047476127743721;-0.06697048991918564;-0.0817529559135437;-0.094480000436306;-0.11546282470226288;-0.1489569991827011;-0.1558219939470291;-0.15636247396469116;-0.10292608290910721;-0.1372523456811905;-0.135452538728714;-0.1318870633840561;-0.08921880275011063;-0.11777433007955551;-0.11383220553398132;-0.10752429068088531;-0.0770149677991867;-0.099573515355587;-0.10272811353206635;-0.10255029797554016;0.988167941570282;0.9915934801101685
1772029327.7;0.7117766737937927;0.6482661366462708;0.5901151895523071;0.5562909841537476;0.5238208770751953;0.6316280961036682;0.5661435127258301;0.5264866948127747;0.5075399875640869;0.6532865762710571;0.570854663848877;0.5359158515930176;0.525614321231842;0.661634087562561;0.586066484451294;0.5531370639801025;0.5424236059188843;0.6629933714866638;0.6018957495689392;0.5730141401290894;0.5614912509918213;0.09336555004119873;0.07201099395751953;0.10883379727602005;0.1735094040632248;0.21388126909732819;0.18236930668354034;0.261633962392807;0.2659984230995178;0.25344276428222656;0.22607870399951935;0.29465189576148987;0.2778102159500122;0.2525370717048645;0.2511180341243744;0.31226858496665955;0.29149332642555237;0.26450690627098083;0.26161453127861023;0.30375584959983826;0.29069656133651733;0.27289408445358276;4.1040883047571697e-07;-0.029230091720819473;-0.043678876012563705;-0.04940583556890488;-0.05051877722144127;-0.060196373611688614;-0.07343274354934692;-0.06865549832582474;-0.06129858270287514;-0.046777840703725815;-0.060578953474760056;-0.05526549741625786;-0.048566993325948715;-0.03237396106123924;-0.04117567092180252;-0.03486577793955803;-0.02927677147090435;-0.019707782194018364;-0.028725942596793175;-0.027800748124718666;-0.024562697857618332;0.26480481028556824;0.3164083957672119;0.3511629104614258;0.36569151282310486;0.3778962194919586;0.2889719605445862;0.32790282368659973;0.3589023947715759;0.3798079490661621;0.2532992362976074;0.2928052544593811;0.33493685722351074;0.3643519878387451;0.2311248630285263;0.26516711711883545;0.30693647265434265;0.33731549978256226;0.22095876932144165;0.24716538190841675;0.2787606418132782;0.3043123781681061;0.06726696342229843;0.07083690166473389;0.12296538054943085;0.18252384662628174;0.2333502471446991;0.079845130443573;0.18517592549324036;0.2381315529346466;0.2668139934539795;0.110318124294281;0.21863391995429993;0.2662416696548462;0.2796107530593872;0.14343123137950897;0.24040794372558594;0.2789612412452698;0.29081082344055176;0.172251895070076;0.24725788831710815;0.2793949544429779;0.2908700704574585;-2.4532997144888213e-07;-0.04076268896460533;-0.067796990275383;-0.0831373780965805;-0.09621115773916245;-0.1158846765756607;-0.15013158321380615;-0.1571294069290161;-0.15740416944026947;-0.10344470292329788;-0.13788048923015594;-0.13559700548648834;-0.13144534826278687;-0.08993493020534515;-0.11887063831090927;-0.11439791321754456;-0.1073981449007988;-0.07795204222202301;-0.10095671564340591;-0.10369639843702316;-0.10281854122877121;0.9794310927391052;0.990807056427002
1772029327.7333333;0.7041006684303284;0.6401349902153015;0.588848888874054;0.5575119853019714;0.5204744338989258;0.6343417167663574;0.5694427490234375;0.5299524068832397;0.5123401284217834;0.6588446497917175;0.5774288177490234;0.5440601110458374;0.5353751182556152;0.6686221361160278;0.594159722328186;0.5646839141845703;0.5562599897384644;0.6712647080421448;0.6114256978034973;0.5859712958335876;0.5775197148323059;0.09634112566709518;0.08495423197746277;0.1239636167883873;0.18575796484947205;0.21553733944892883;0.19480808079242706;0.2755366265773773;0.2753885090351105;0.2566664516925812;0.2374781370162964;0.3020501136779785;0.2791981101036072;0.25141972303390503;0.2617400884628296;0.3158995807170868;0.290160596370697;0.26126399636268616;0.27114805579185486;0.30664506554603577;0.28840354084968567;0.26802775263786316;4.3848910991073353e-07;-0.031926222145557404;-0.04867216944694519;-0.055690549314022064;-0.057677607983350754;-0.06816009432077408;-0.08106369525194168;-0.07402615994215012;-0.06483880430459976;-0.05236172676086426;-0.06519628316164017;-0.05760706216096878;-0.04975600913167;-0.03526665270328522;-0.0428580716252327;-0.03495551645755768;-0.028980422765016556;-0.02008509263396263;-0.02867763862013817;-0.027554702013731003;-0.024383941665291786;0.2632308006286621;0.31456825137138367;0.3489573895931244;0.36267995834350586;0.3765994906425476;0.28591880202293396;0.323943555355072;0.35609468817710876;0.3776431083679199;0.24930427968502045;0.2884848713874817;0.3311414420604706;0.3601427376270294;0.22747889161109924;0.2599635124206543;0.3023262023925781;0.3328220844268799;0.21776410937309265;0.242900550365448;0.2738727033138275;0.2985351085662842;0.0600007027387619;0.06518400460481644;0.12038779258728027;0.18320618569850922;0.23315204679965973;0.0792006179690361;0.18573243916034698;0.23723353445529938;0.26600509881973267;0.10958416759967804;0.21658992767333984;0.26139333844184875;0.27375417947769165;0.14134632050991058;0.2372838258743286;0.2754702568054199;0.28770631551742554;0.16907766461372375;0.24304386973381042;0.2751539349555969;0.2873338758945465;-3.024970567366836e-07;-0.03998168557882309;-0.06601410359144211;-0.08047997206449509;-0.09287568181753159;-0.11258171498775482;-0.14455311000347137;-0.1509237140417099;-0.15145637094974518;-0.09955348819494247;-0.13127900660037994;-0.12913548946380615;-0.1261294037103653;-0.08525162190198898;-0.11224132031202316;-0.10946549475193024;-0.10475815087556839;-0.07227348536252975;-0.09387176483869553;-0.09761244058609009;-0.09834202378988266;0.9870137572288513;0.9935355186462402
1772029327.7666667;0.6985673904418945;0.6337555050849915;0.5873515009880066;0.5575166940689087;0.5232305526733398;0.6310410499572754;0.5653977990150452;0.5335900187492371;0.52152419090271;0.656623363494873;0.577839195728302;0.5503888130187988;0.5443577170372009;0.6689590811729431;0.597142219543457;0.5715081095695496;0.5655799508094788;0.6743233799934387;0.6186972856521606;0.5971655249595642;0.5912289023399353;0.0982205793261528;0.09819890558719635;0.13912485539913177;0.19918903708457947;0.2287326604127884;0.21304094791412354;0.27592945098876953;0.27392512559890747;0.2535858154296875;0.25277504324913025;0.3029685616493225;0.27819564938545227;0.2519623041152954;0.27562931180000305;0.318916916847229;0.2928822338581085;0.26500922441482544;0.28418806195259094;0.316288560628891;0.2989481985569;0.2792530059814453;3.655891305243131e-07;-0.028269274160265923;-0.04467969387769699;-0.05210531875491142;-0.054733097553253174;-0.06019354239106178;-0.06811034679412842;-0.05874033272266388;-0.04903293773531914;-0.04579837992787361;-0.05230133235454559;-0.04289280250668526;-0.03525008261203766;-0.02990894392132759;-0.031922511756420135;-0.023078864440321922;-0.018125230446457863;-0.015762820839881897;-0.019800644367933273;-0.017287159338593483;-0.014227503910660744;0.2634167969226837;0.3152492642402649;0.34949278831481934;0.36277449131011963;0.37666839361190796;0.2861417531967163;0.32431960105895996;0.35796216130256653;0.3808457851409912;0.25054433941841125;0.2890010476112366;0.3323360085487366;0.3619536757469177;0.22954484820365906;0.263345867395401;0.3067813515663147;0.33778974413871765;0.21994580328464508;0.24647539854049683;0.27874815464019775;0.30409514904022217;0.05668282508850098;0.06289654225111008;0.11728943884372711;0.17947044968605042;0.22954021394252777;0.07758080959320068;0.18373005092144012;0.23534244298934937;0.2639733552932739;0.10886935144662857;0.2145131677389145;0.2582399547100067;0.2702804505825043;0.1410631239414215;0.23460566997528076;0.27158641815185547;0.283564031124115;0.16941644251346588;0.24220368266105652;0.27330201864242554;0.2849174737930298;-3.198953208993771e-07;-0.0398881770670414;-0.0657455250620842;-0.0805608257651329;-0.09331178665161133;-0.10793010145425797;-0.14108307659626007;-0.15000177919864655;-0.15221258997917175;-0.09526007622480392;-0.12703736126422882;-0.12652680277824402;-0.12469497323036194;-0.08174791932106018;-0.10837148129940033;-0.10665494948625565;-0.10289330035448074;-0.0697377622127533;-0.09038934111595154;-0.09400761127471924;-0.09488815069198608;0.9893876910209656;0.994130551815033
1772029327.8;0.6987972855567932;0.6343697905540466;0.5898879766464233;0.5619112253189087;0.5341143012046814;0.6313346028327942;0.5656980872154236;0.5348992347717285;0.5243876576423645;0.6561051607131958;0.5780026912689209;0.5508887767791748;0.5452712774276733;0.6679940819740295;0.5977033972740173;0.5720721483230591;0.5663443207740784;0.6734098196029663;0.6184371709823608;0.5971444845199585;0.5916679501533508;0.10317476838827133;0.10074016451835632;0.14277352392673492;0.2053392231464386;0.23124496638774872;0.22008788585662842;0.28407779335975647;0.2765943706035614;0.2522507309913635;0.25900599360466003;0.30592080950737;0.27828848361968994;0.2512376308441162;0.2810637652873993;0.31880220770835876;0.2910309433937073;0.2617305815219879;0.2888575792312622;0.3159506320953369;0.29684507846832275;0.2755417227745056;3.3040998914657393e-07;-0.029204782098531723;-0.04502362757921219;-0.05142893269658089;-0.0526733323931694;-0.0615810826420784;-0.06764138489961624;-0.05571238324046135;-0.04426423832774162;-0.0459539033472538;-0.05135902017354965;-0.04050920903682709;-0.0317634642124176;-0.028691289946436882;-0.030269000679254532;-0.021662147715687752;-0.016650699079036713;-0.01321765873581171;-0.017446426674723625;-0.01565464399755001;-0.01280979998409748;0.2641690969467163;0.3167927861213684;0.35177841782569885;0.36607202887535095;0.3797494173049927;0.28603947162628174;0.3234485685825348;0.3571632504463196;0.38006746768951416;0.2506297826766968;0.2888372838497162;0.3339366018772125;0.36465826630592346;0.22979718446731567;0.262922078371048;0.30702006816864014;0.3378885090351105;0.22066983580589294;0.24638979136943817;0.27908867597579956;0.3043973445892334;0.056854248046875;0.06177676469087601;0.11949652433395386;0.18551447987556458;0.2377651333808899;0.07694234699010849;0.18158802390098572;0.23405492305755615;0.2660989761352539;0.10875503718852997;0.21499501168727875;0.2593054473400116;0.2724740505218506;0.14141945540905;0.23604857921600342;0.271487832069397;0.2821207046508789;0.16969069838523865;0.24319997429847717;0.27352437376976013;0.2835310101509094;-2.847492908131244e-07;-0.04328718036413193;-0.0699932649731636;-0.0846891775727272;-0.09729930013418198;-0.11329937726259232;-0.14717088639736176;-0.15614396333694458;-0.15869924426078796;-0.09927245229482651;-0.1325807422399521;-0.1318245679140091;-0.1295202076435089;-0.08450460433959961;-0.11296731978654861;-0.11020571738481522;-0.10507785528898239;-0.07147745043039322;-0.09382661432027817;-0.09721565991640091;-0.0974220559000969;0.9922630190849304;0.9910893440246582
1772029327.8333333;0.700812816619873;0.6384970545768738;0.5901659727096558;0.5545892119407654;0.5294830799102783;0.6285181045532227;0.5679341554641724;0.5346409678459167;0.5202530026435852;0.6544702053070068;0.5776351690292358;0.5481877326965332;0.5404078364372253;0.6675782203674316;0.5973674654960632;0.5692762732505798;0.5617585778236389;0.6742231845855713;0.6187092065811157;0.5952646136283875;0.58774733543396;0.1089894026517868;0.09818832576274872;0.1368340253829956;0.19253398478031158;0.20988713204860687;0.22354385256767273;0.29407405853271484;0.291787713766098;0.268653929233551;0.2614275813102722;0.31363174319267273;0.2855728268623352;0.25757527351379395;0.28186720609664917;0.32351312041282654;0.29584038257598877;0.26598963141441345;0.2876112461090088;0.3171394169330597;0.2976425886154175;0.27518072724342346;3.845046023798204e-07;-0.029638972133398056;-0.04673749953508377;-0.05478530377149582;-0.058494895696640015;-0.06136857345700264;-0.06801431626081467;-0.05827764421701431;-0.048382531851530075;-0.04598652198910713;-0.051150429993867874;-0.04052576795220375;-0.031712330877780914;-0.029050050303339958;-0.030313218012452126;-0.021486567333340645;-0.016306348145008087;-0.014046454802155495;-0.017562642693519592;-0.015095050446689129;-0.01195747870951891;0.2705446779727936;0.320095956325531;0.35403481125831604;0.36790743470191956;0.37763512134552;0.28956329822540283;0.3285103142261505;0.3626565933227539;0.3857792913913727;0.25333356857299805;0.2932318150997162;0.33634093403816223;0.365205854177475;0.23194599151611328;0.26722562313079834;0.31064140796661377;0.3411310613155365;0.22235184907913208;0.2505651116371155;0.28404468297958374;0.31002214550971985;0.05303984880447388;0.06247878819704056;0.12024727463722229;0.18555119633674622;0.2384238839149475;0.0767398551106453;0.18329373002052307;0.234730064868927;0.2649528682231903;0.10764162242412567;0.21567782759666443;0.2593339681625366;0.27301058173179626;0.14038676023483276;0.23701676726341248;0.2718237042427063;0.28236615657806396;0.16939011216163635;0.2424127757549286;0.27130889892578125;0.28120702505111694;-3.030982611562649e-07;-0.04311489313840866;-0.07027938216924667;-0.0851745754480362;-0.09777422249317169;-0.11554936319589615;-0.1485413759946823;-0.15579089522361755;-0.1570454090833664;-0.10119478404521942;-0.13308249413967133;-0.13127990067005157;-0.12876668572425842;-0.08580059558153152;-0.11291399598121643;-0.10986463725566864;-0.10524752736091614;-0.07206964492797852;-0.09365859627723694;-0.09711907058954239;-0.09780465066432953;0.9913886785507202;0.9910396933555603
1772029327.8666666;0.704150915145874;0.6423653364181519;0.5924274325370789;0.551734983921051;0.5156185030937195;0.623998761177063;0.5676243305206299;0.5309522747993469;0.5077824592590332;0.6491701602935791;0.5773152709007263;0.5421346426010132;0.5239198207855225;0.6612902879714966;0.5944641828536987;0.5615913271903992;0.5442338585853577;0.665813684463501;0.6131658554077148;0.5855079293251038;0.5696983933448792;0.10695620626211166;0.09239618480205536;0.1338379979133606;0.18722128868103027;0.20190435647964478;0.2225164920091629;0.2969200015068054;0.3102111220359802;0.3057229518890381;0.26176002621650696;0.32244253158569336;0.30703556537628174;0.2849016785621643;0.28248485922813416;0.3268738389015198;0.3082164525985718;0.2840996980667114;0.28811389207839966;0.3128000497817993;0.2979266047477722;0.2791564166545868;5.481155653797032e-07;-0.038973402231931686;-0.05794002115726471;-0.06558028608560562;-0.06935855001211166;-0.06797463446855545;-0.07560263574123383;-0.0680105984210968;-0.0598810575902462;-0.04685455933213234;-0.05278646573424339;-0.04231282323598862;-0.03240587189793587;-0.025001686066389084;-0.027142765000462532;-0.020365312695503235;-0.015250726602971554;-0.00599345238879323;-0.010136889293789864;-0.010264783166348934;-0.008040735498070717;0.2695670425891876;0.3205844461917877;0.35434678196907043;0.3688329756259918;0.37980642914772034;0.2921011447906494;0.330704927444458;0.36297091841697693;0.3849135935306549;0.25521212816238403;0.2959817349910736;0.33819082379341125;0.3671029210090637;0.2334413230419159;0.2693764567375183;0.31192269921302795;0.3421182632446289;0.22324423491954803;0.252140074968338;0.2853083312511444;0.3112320303916931;0.05551551282405853;0.06354803591966629;0.12097163498401642;0.18683820962905884;0.23980876803398132;0.07545868307352066;0.18061162531375885;0.23067191243171692;0.2582281827926636;0.10732309520244598;0.21260236203670502;0.25723713636398315;0.2701473832130432;0.14064279198646545;0.23622849583625793;0.2726514935493469;0.28354036808013916;0.1702592968940735;0.24254050850868225;0.2711259126663208;0.28061380982398987;-3.432105586398393e-07;-0.0426362045109272;-0.07011290639638901;-0.08543682098388672;-0.09846282750368118;-0.11642009019851685;-0.14913886785507202;-0.15548810362815857;-0.1560424268245697;-0.10211320221424103;-0.1332850456237793;-0.13035495579242706;-0.12763719260692596;-0.08678904175758362;-0.11438869684934616;-0.11209041625261307;-0.10847634077072144;-0.07283593714237213;-0.09506293386220932;-0.09915625303983688;-0.10073212534189224;0.9940459132194519;0.9930965900421143
1772029327.9;0.7080217003822327;0.6463940739631653;0.5886031985282898;0.5493600964546204;0.5079850554466248;0.619909405708313;0.5652427673339844;0.5292296409606934;0.5060232281684875;0.6428873538970947;0.5720482468605042;0.5368277430534363;0.5180326104164124;0.6538788676261902;0.58705735206604;0.5535833239555359;0.5346364378929138;0.6579296588897705;0.6032096743583679;0.5742457509040833;0.5570952296257019;0.10396647453308105;0.08846500515937805;0.12982013821601868;0.18659929931163788;0.20669731497764587;0.20401708781719208;0.276111364364624;0.2940773665904999;0.29410770535469055;0.24724729359149933;0.3154001235961914;0.3123151361942291;0.29664355516433716;0.27239471673965454;0.32931414246559143;0.32044270634651184;0.3029441237449646;0.28181496262550354;0.3199983835220337;0.31304311752319336;0.29910513758659363;4.442478314103937e-07;-0.029898924753069878;-0.045043833553791046;-0.05132059007883072;-0.05401404947042465;-0.05664205923676491;-0.06981385499238968;-0.06862305104732513;-0.06465132534503937;-0.042646605521440506;-0.05540260672569275;-0.05081557482481003;-0.044149577617645264;-0.028012849390506744;-0.0353834293782711;-0.029859144240617752;-0.024232657626271248;-0.015485542826354504;-0.021806055679917336;-0.020560380071401596;-0.01669413223862648;0.2662588655948639;0.31730759143829346;0.3524357080459595;0.3683304190635681;0.38111698627471924;0.29048460721969604;0.33091938495635986;0.3639358878135681;0.38560950756073;0.2534515857696533;0.2944685220718384;0.3367674946784973;0.36465752124786377;0.23126515746116638;0.26642075181007385;0.308906614780426;0.3379879593849182;0.22091084718704224;0.24831929802894592;0.28157323598861694;0.3070131242275238;0.05638135224580765;0.06337858736515045;0.11866912245750427;0.18233434855937958;0.23362912237644196;0.07674743235111237;0.18268844485282898;0.23414084315299988;0.26304784417152405;0.10894525796175003;0.21473881602287292;0.25821682810783386;0.26975151896476746;0.1413271427154541;0.23631800711154938;0.27114447951316833;0.2801772952079773;0.16937200725078583;0.2423383891582489;0.2702956199645996;0.2779829204082489;-3.148797986796126e-07;-0.04101279005408287;-0.06719217449426651;-0.08184488117694855;-0.09436050057411194;-0.1109904870390892;-0.14337673783302307;-0.15059451758861542;-0.15174025297164917;-0.09762002527713776;-0.12847237288951874;-0.12628275156021118;-0.12355465441942215;-0.08330713212490082;-0.11006121337413788;-0.10700768977403641;-0.10233515501022339;-0.07044539600610733;-0.09150756895542145;-0.09417101740837097;-0.09431221336126328;0.988750696182251;0.9938575029373169
1772029327.9333334;0.7052040696144104;0.6443560719490051;0.5854781866073608;0.5485895276069641;0.5141358971595764;0.6160484552383423;0.5479804277420044;0.5147072076797485;0.4974774122238159;0.6390194892883301;0.5565685033798218;0.5218780040740967;0.5091331601142883;0.6513649821281433;0.5740818977355957;0.5434972643852234;0.5317658185958862;0.6570743918418884;0.5943718552589417;0.5684452652931213;0.5578703284263611;0.10793410241603851;0.08953510224819183;0.12116881459951401;0.18008866906166077;0.21717846393585205;0.1855066418647766;0.2537340521812439;0.2666020691394806;0.264140784740448;0.2338983416557312;0.29706045985221863;0.29103711247444153;0.27352285385131836;0.26489147543907166;0.3201383948326111;0.30513396859169006;0.28473377227783203;0.28106653690338135;0.31916147470474243;0.3088640570640564;0.2950347065925598;3.875857714774611e-07;-0.024012543261051178;-0.03804401680827141;-0.04402080923318863;-0.04638772830367088;-0.05997033417224884;-0.07269307225942612;-0.06935662031173706;-0.06371565908193588;-0.04948399215936661;-0.060872238129377365;-0.05405973270535469;-0.04719027504324913;-0.03736523166298866;-0.0429118275642395;-0.03452155739068985;-0.028434069827198982;-0.026635853573679924;-0.030953828245401382;-0.026401203125715256;-0.021389633417129517;0.26577499508857727;0.3173573613166809;0.3532179892063141;0.3668532371520996;0.3732263445854187;0.28915494680404663;0.33120501041412354;0.36482003331184387;0.3866346776485443;0.2532324492931366;0.2948303818702698;0.33863702416419983;0.3681583106517792;0.23148582875728607;0.26675480604171753;0.310621440410614;0.34080004692077637;0.22159717977046967;0.24845066666603088;0.2823614776134491;0.30830514430999756;0.05883989483118057;0.061777666211128235;0.11289677023887634;0.1751946359872818;0.2273140549659729;0.07467557489871979;0.18165817856788635;0.23187081515789032;0.2592443823814392;0.10898061841726303;0.2163373827934265;0.2590771019458771;0.2698286175727844;0.14283694326877594;0.23897695541381836;0.27205944061279297;0.28056082129478455;0.1710827350616455;0.24400430917739868;0.27101922035217285;0.27835822105407715;-2.9183382821429404e-07;-0.041776303201913834;-0.06861365586519241;-0.08363841474056244;-0.09626524150371552;-0.11379464715719223;-0.14669398963451385;-0.15354900062084198;-0.15429963171482086;-0.10052777826786041;-0.1328500211238861;-0.1311199814081192;-0.12816546857357025;-0.08622273802757263;-0.11336664110422134;-0.11008813977241516;-0.10500471293926239;-0.07350422441959381;-0.0948881059885025;-0.09783323109149933;-0.09786924719810486;0.9856393337249756;0.9919438362121582
1772029327.9666667;0.7025830745697021;0.6400318741798401;0.5761361718177795;0.5387355089187622;0.5096401572227478;0.6119179129600525;0.5387839078903198;0.5059819221496582;0.4901570975780487;0.6356425285339355;0.5491387248039246;0.5160826444625854;0.5059560537338257;0.6491027474403381;0.5677589178085327;0.5389078855514526;0.5300178527832031;0.65549635887146;0.5909731388092041;0.5656982660293579;0.556593120098114;0.10701543092727661;0.08804365992546082;0.11994479596614838;0.18108311295509338;0.2234027236700058;0.1717570722103119;0.2430315613746643;0.2552163600921631;0.2533520460128784;0.22165918350219727;0.2847515344619751;0.2780366837978363;0.261422336101532;0.2567536234855652;0.31075915694236755;0.29422804713249207;0.27435529232025146;0.2779240012168884;0.3110107481479645;0.2998051941394806;0.2883407175540924;3.6764063793270907e-07;-0.020593123510479927;-0.033197782933712006;-0.03776909410953522;-0.03883632272481918;-0.06330128014087677;-0.07516075670719147;-0.06924736499786377;-0.06161675229668617;-0.05423750728368759;-0.06411697715520859;-0.054737336933612823;-0.046630263328552246;-0.042878083884716034;-0.046133991330862045;-0.03560733422636986;-0.029032152146100998;-0.03258008509874344;-0.035256095230579376;-0.02990768477320671;-0.025026416406035423;0.26820358633995056;0.31791919469833374;0.3537362813949585;0.3696945011615753;0.3781004846096039;0.290073424577713;0.33242693543434143;0.3660137355327606;0.3887360692024231;0.2537708878517151;0.29671329259872437;0.3386482894420624;0.3674236536026001;0.23188050091266632;0.26830556988716125;0.3102063536643982;0.3400726020336151;0.22179031372070312;0.25025442242622375;0.2831166088581085;0.308931827545166;0.05509893596172333;0.06248893588781357;0.11762181669473648;0.1827429085969925;0.23606956005096436;0.07505105435848236;0.1833430975675583;0.23319511115550995;0.25987955927848816;0.10821503400802612;0.21458026766777039;0.25728294253349304;0.2689695656299591;0.14156155288219452;0.23720505833625793;0.2709059417247772;0.28011929988861084;0.16997595131397247;0.24199336767196655;0.27007338404655457;0.2793920636177063;-3.1768041708346573e-07;-0.04067846015095711;-0.06647050380706787;-0.08050724864006042;-0.09214770048856735;-0.11149071902036667;-0.14284634590148926;-0.1490611732006073;-0.14956629276275635;-0.09806154668331146;-0.12812653183937073;-0.12612485885620117;-0.1237996444106102;-0.08346409350633621;-0.10857803374528885;-0.10517044365406036;-0.10078804194927216;-0.07041174173355103;-0.09068582952022552;-0.09366199374198914;-0.09418806433677673;0.9860041737556458;0.9901309013366699
1772029328.0;0.6974307298660278;0.6353170871734619;0.5788363814353943;0.5441195368766785;0.5084769129753113;0.6121106743812561;0.5484588146209717;0.515670657157898;0.49870315194129944;0.6370568871498108;0.5578542947769165;0.5330939888954163;0.5301855206489563;0.652460515499115;0.5797743201255798;0.5584726929664612;0.5571526288986206;0.6630420684814453;0.606387734413147;0.5861943364143372;0.5823124647140503;0.10128600895404816;0.08646495640277863;0.11890096962451935;0.18105867505073547;0.21392008662223816;0.18260177969932556;0.2546950578689575;0.2679019570350647;0.2693447768688202;0.22859634459018707;0.2901439070701599;0.2711266875267029;0.24905186891555786;0.2582574784755707;0.31364524364471436;0.28894874453544617;0.26374611258506775;0.27382519841194153;0.31256335973739624;0.29582878947257996;0.2783795893192291;3.506213204218511e-07;-0.02212989702820778;-0.037209607660770416;-0.04403684288263321;-0.04799368232488632;-0.06393981724977493;-0.07256235927343369;-0.06415077298879623;-0.05583009868860245;-0.05363397300243378;-0.0610429085791111;-0.0495639368891716;-0.040619250386953354;-0.04069770872592926;-0.04292444512248039;-0.02985861897468567;-0.022132474929094315;-0.028798019513487816;-0.03193579986691475;-0.025563647970557213;-0.020114686340093613;0.26838165521621704;0.3140977621078491;0.34874477982521057;0.3645462393760681;0.3717876672744751;0.28830987215042114;0.32874077558517456;0.36220782995224;0.3852601945400238;0.25239816308021545;0.2930162250995636;0.3342662453651428;0.3630443215370178;0.23097839951515198;0.26414382457733154;0.30455607175827026;0.33414241671562195;0.2212529480457306;0.24826548993587494;0.2800084352493286;0.30521515011787415;0.058734819293022156;0.06690577417612076;0.11734677851200104;0.17622430622577667;0.22525399923324585;0.07481124252080917;0.17765139043331146;0.2274807244539261;0.25559067726135254;0.10612192749977112;0.21029363572597504;0.25362738966941833;0.26644423604011536;0.13835476338863373;0.23422124981880188;0.27002811431884766;0.2818496823310852;0.1668478548526764;0.23887094855308533;0.2679442763328552;0.27881622314453125;-3.351477175783657e-07;-0.03840941935777664;-0.0644078254699707;-0.07949694991111755;-0.09257292747497559;-0.10842854529619217;-0.14078879356384277;-0.14903736114501953;-0.15103542804718018;-0.09663263708353043;-0.12787531316280365;-0.12757046520709991;-0.12614846229553223;-0.08356355130672455;-0.10997936129570007;-0.1082136482000351;-0.10459576547145844;-0.07167535275220871;-0.09255833923816681;-0.09568049013614655;-0.09613323211669922;0.9788831472396851;0.9909502863883972
1772029328.0333333;0.6903405785560608;0.6276416182518005;0.577143669128418;0.5451866984367371;0.5134034752845764;0.6107397675514221;0.5475029945373535;0.5208951830863953;0.515313982963562;0.6373283863067627;0.5619565844535828;0.5415623784065247;0.5438641905784607;0.6538882255554199;0.5836777091026306;0.5669582486152649;0.571591317653656;0.6654362082481384;0.609907329082489;0.5954896807670593;0.5987114906311035;0.10413456708192825;0.09419276565313339;0.12556865811347961;0.1839972883462906;0.21449433267116547;0.1942138820886612;0.2616729140281677;0.2608717679977417;0.24399493634700775;0.2366209626197815;0.29254186153411865;0.2693285048007965;0.2474430501461029;0.264108270406723;0.3133949339389801;0.2848033010959625;0.2591923773288727;0.27824562788009644;0.3149142861366272;0.2953000068664551;0.2765711545944214;2.7617770115284657e-07;-0.02185528352856636;-0.036850981414318085;-0.04402716085314751;-0.04705192893743515;-0.060020044445991516;-0.06804899871349335;-0.05788732320070267;-0.04732521250844002;-0.04934517666697502;-0.05492917075753212;-0.042632028460502625;-0.03355094790458679;-0.03642936050891876;-0.03749479725956917;-0.023690178990364075;-0.015745019540190697;-0.024653304368257523;-0.02703038975596428;-0.0199731532484293;-0.014095119200646877;0.2644682228565216;0.31317830085754395;0.3485974669456482;0.3638535141944885;0.3719804584980011;0.2870338559150696;0.32758966088294983;0.3619511127471924;0.3860011398792267;0.2514937222003937;0.29242345690727234;0.33654049038887024;0.3674899637699127;0.23099564015865326;0.2641254961490631;0.3067415654659271;0.33718419075012207;0.22218604385852814;0.2503618001937866;0.2827835977077484;0.3074559271335602;0.05988474190235138;0.06355734914541245;0.11519382148981094;0.17685356736183167;0.2254934012889862;0.07113806903362274;0.17132258415222168;0.22173051536083221;0.2516096532344818;0.10502681136131287;0.20735810697078705;0.2507016956806183;0.2635500133037567;0.13820500671863556;0.23442654311656952;0.2685739994049072;0.27888429164886475;0.1675608903169632;0.2386774867773056;0.26626312732696533;0.2760035991668701;-3.509208283958287e-07;-0.04172750189900398;-0.06992526352405548;-0.08630286157131195;-0.10104010254144669;-0.11676029860973358;-0.15282423794269562;-0.1635509878396988;-0.16707955300807953;-0.10371669381856918;-0.13781623542308807;-0.13765008747577667;-0.1362493932247162;-0.08945351094007492;-0.12007974833250046;-0.11918030679225922;-0.11559011042118073;-0.07619375735521317;-0.10009627789258957;-0.1038469448685646;-0.10444604605436325;0.9844713807106018;0.992263913154602
1772029328.0666666;0.6850020885467529;0.6228222250938416;0.5768833160400391;0.547365665435791;0.5184882879257202;0.6109619736671448;0.5461142659187317;0.5227307081222534;0.5214122533798218;0.6374373435974121;0.562474250793457;0.5442717671394348;0.5470791459083557;0.6535050868988037;0.5837913155555725;0.567253589630127;0.5712171792984009;0.6641649603843689;0.6090156435966492;0.5939806699752808;0.5959352254867554;0.10832177847623825;0.10067830234766006;0.13393616676330566;0.1926184594631195;0.21773958206176758;0.20678189396858215;0.2683519124984741;0.25629788637161255;0.231389582157135;0.24616852402687073;0.29353904724121094;0.2645229995250702;0.24098749458789825;0.27047064900398254;0.3121711015701294;0.282839834690094;0.2562720775604248;0.2823241055011749;0.3134858012199402;0.29347822070121765;0.2744193971157074;2.529479274926416e-07;-0.024565793573856354;-0.0407642126083374;-0.04916970059275627;-0.052806153893470764;-0.0584857203066349;-0.06628444790840149;-0.05552985891699791;-0.044463157653808594;-0.046520888805389404;-0.05133596062660217;-0.03908945992588997;-0.03011048398911953;-0.032970309257507324;-0.03381853923201561;-0.021545981988310814;-0.014707449823617935;-0.02089823968708515;-0.02351738139986992;-0.018189357593655586;-0.01358165591955185;0.26793840527534485;0.3160361051559448;0.3508250117301941;0.36698681116104126;0.37665843963623047;0.2875750660896301;0.3297785818576813;0.36376041173934937;0.3871529698371887;0.2518291771411896;0.29511961340904236;0.3397502303123474;0.3703179359436035;0.23038122057914734;0.26579588651657104;0.30953067541122437;0.34044355154037476;0.22117474675178528;0.24810636043548584;0.2809451222419739;0.30626946687698364;0.059944041073322296;0.06305566430091858;0.11330708861351013;0.17331257462501526;0.2224460244178772;0.0706532895565033;0.1666102111339569;0.2159292846918106;0.24492038786411285;0.10513588786125183;0.2045014202594757;0.24683412909507751;0.2572186291217804;0.13865098357200623;0.23045819997787476;0.26519709825515747;0.27463987469673157;0.1673930287361145;0.23755484819412231;0.2649277150630951;0.2725559175014496;-3.298584374533675e-07;-0.040528226643800735;-0.06756627559661865;-0.08328147232532501;-0.09727678447961807;-0.11345229297876358;-0.1488839089870453;-0.15890298783779144;-0.16175098717212677;-0.10128103941679001;-0.1356774866580963;-0.13547612726688385;-0.13347426056861877;-0.08810940384864807;-0.11864173412322998;-0.11764820665121078;-0.11348429322242737;-0.07602089643478394;-0.09915716201066971;-0.10234569758176804;-0.10235586762428284;0.9837117195129395;0.9906096458435059
1772029328.1;0.6883008480072021;0.6277395486831665;0.5784657001495361;0.5458448529243469;0.5186238288879395;0.6116951704025269;0.5486565828323364;0.5229685306549072;0.518770158290863;0.6381285786628723;0.5603774189949036;0.540039598941803;0.5418193936347961;0.6538842916488647;0.5828086137771606;0.5637473464012146;0.5663524270057678;0.6651254892349243;0.6096930503845215;0.592231273651123;0.5926061868667603;0.11276892572641373;0.10025002807378769;0.13016776740550995;0.18529124557971954;0.20253780484199524;0.2101699411869049;0.2720644772052765;0.26675811409950256;0.24347777664661407;0.24959389865398407;0.2953897714614868;0.2659675180912018;0.24103380739688873;0.27363499999046326;0.3136058449745178;0.28484562039375305;0.257196307182312;0.2848016917705536;0.3168351948261261;0.2980686128139496;0.2784762978553772;2.9156225878068653e-07;-0.02471407689154148;-0.04218195378780365;-0.052182987332344055;-0.05797906965017319;-0.05888018012046814;-0.06697655469179153;-0.05680220574140549;-0.046235788613557816;-0.047636404633522034;-0.053436458110809326;-0.04159867390990257;-0.03227503225207329;-0.034757353365421295;-0.03641729801893234;-0.024825574830174446;-0.01794043928384781;-0.023353740572929382;-0.025960400700569153;-0.020777754485607147;-0.016118153929710388;0.26872798800468445;0.31746429204940796;0.3520098626613617;0.36696475744247437;0.37480512261390686;0.28940141201019287;0.3307488262653351;0.3643132448196411;0.3880080580711365;0.2534356713294983;0.29448264837265015;0.33814355731010437;0.36979222297668457;0.23290757834911346;0.2669418752193451;0.30887073278427124;0.3391565978527069;0.2241072654724121;0.25015926361083984;0.28122395277023315;0.3055644631385803;0.05949952453374863;0.061604633927345276;0.11156310886144638;0.17348310351371765;0.224118173122406;0.06780774891376495;0.17052219808101654;0.2220952957868576;0.2506347596645355;0.10261033475399017;0.2040286362171173;0.24976849555969238;0.2608664929866791;0.13698238134384155;0.23039834201335907;0.26692110300064087;0.2764888405799866;0.1674296259880066;0.23666739463806152;0.26522862911224365;0.273983895778656;-3.457089405856095e-07;-0.044872067868709564;-0.07457268238067627;-0.0918659046292305;-0.10701096802949905;-0.12120286375284195;-0.15896600484848022;-0.16954858601093292;-0.1722702980041504;-0.10692361742258072;-0.14276617765426636;-0.14175961911678314;-0.1392398625612259;-0.09190338104963303;-0.12437129020690918;-0.12346907705068588;-0.11934822052717209;-0.07817480713129044;-0.1033894345164299;-0.10738983750343323;-0.10778068751096725;0.9827911853790283;0.9921738505363464
1772029328.1333334;0.690538763999939;0.633140504360199;0.5837193727493286;0.541315495967865;0.5091286897659302;0.6133165955543518;0.5520342588424683;0.5171046853065491;0.4974342882633209;0.6379865407943726;0.5593689680099487;0.5309916734695435;0.522742748260498;0.6527223587036133;0.5811519026756287;0.5561243891716003;0.5501163005828857;0.6623113751411438;0.607795000076294;0.5862441658973694;0.580177366733551;0.11482437700033188;0.09643810987472534;0.12400807440280914;0.16871464252471924;0.17800790071487427;0.2035161554813385;0.2750350832939148;0.2873358726501465;0.28393983840942383;0.24670808017253876;0.302402526140213;0.27694809436798096;0.25239405035972595;0.2730619013309479;0.3186051845550537;0.2910061180591583;0.26514387130737305;0.2859373688697815;0.31452107429504395;0.29605793952941895;0.27830302715301514;5.231835871200019e-07;-0.03678896278142929;-0.05973188206553459;-0.07178464531898499;-0.0803174078464508;-0.07882890850305557;-0.08742809295654297;-0.07710669934749603;-0.06710825860500336;-0.06030694395303726;-0.06551168113946915;-0.050196219235658646;-0.03788472339510918;-0.04015438258647919;-0.040994174778461456;-0.028165340423583984;-0.020166315138339996;-0.022535599768161774;-0.025307925418019295;-0.021429674699902534;-0.017516082152724266;0.26679345965385437;0.31500470638275146;0.35069987177848816;0.36754855513572693;0.37684547901153564;0.2910013198852539;0.3298894762992859;0.3630571961402893;0.3857695460319519;0.2538849115371704;0.2941531538963318;0.3378981649875641;0.36871346831321716;0.23163041472434998;0.2653632164001465;0.3074471056461334;0.33738797903060913;0.22112634778022766;0.2483328878879547;0.27998197078704834;0.3044002652168274;0.0581473782658577;0.06224033981561661;0.11651100218296051;0.18102151155471802;0.23294256627559662;0.06935787945985794;0.17041732370853424;0.22202958166599274;0.2516776919364929;0.10131166875362396;0.20424909889698029;0.25030311942100525;0.26294606924057007;0.1346711814403534;0.22965869307518005;0.2666998505592346;0.2779790759086609;0.1644020974636078;0.23647978901863098;0.26583778858184814;0.2760058641433716;-3.6455344343266916e-07;-0.042092908173799515;-0.06992960721254349;-0.08595409989356995;-0.10000333935022354;-0.11521260440349579;-0.15137122571468353;-0.1617414802312851;-0.1647678017616272;-0.10210557281970978;-0.13607029616832733;-0.13520777225494385;-0.13321644067764282;-0.0882311761379242;-0.11846022307872772;-0.11695866286754608;-0.112892284989357;-0.07561345398426056;-0.09895779937505722;-0.10233402252197266;-0.10272939503192902;0.9820231795310974;0.9909946322441101
1772029328.1666667;0.6966314911842346;0.6380874514579773;0.5827794671058655;0.5370280742645264;0.49598461389541626;0.6082927584648132;0.5527257323265076;0.5163859128952026;0.4978756010532379;0.6316048502922058;0.5578190088272095;0.525489866733551;0.513874351978302;0.6450139284133911;0.5756857991218567;0.5451817512512207;0.5350421667098999;0.6532668471336365;0.5977481007575989;0.5710316896438599;0.5599958300590515;0.11713314056396484;0.09442588686943054;0.12250752747058868;0.16611595451831818;0.17381876707077026;0.19939754903316498;0.27065309882164;0.2856452465057373;0.2755473852157593;0.24283954501152039;0.3061203956604004;0.2958926856517792;0.27637842297554016;0.2693314552307129;0.3228492736816406;0.307677298784256;0.28493940830230713;0.2812402844429016;0.31723159551620483;0.30799347162246704;0.29247763752937317;4.941530846735986e-07;-0.030278362333774567;-0.050048213452100754;-0.06163179501891136;-0.06975465267896652;-0.06300392001867294;-0.07809390127658844;-0.07486919313669205;-0.06748790293931961;-0.04928731918334961;-0.0605793371796608;-0.050357211381196976;-0.038786351680755615;-0.03493155539035797;-0.041362449526786804;-0.029896020889282227;-0.01945054903626442;-0.022696826606988907;-0.028669457882642746;-0.02427649311721325;-0.01731197163462639;0.26520898938179016;0.31368809938430786;0.3490581810474396;0.3625323176383972;0.36806339025497437;0.2883237600326538;0.3281679153442383;0.36114701628685;0.38407954573631287;0.2512878179550171;0.29212307929992676;0.3344466984272003;0.3640134334564209;0.22884482145309448;0.2632136344909668;0.3049449920654297;0.3345710039138794;0.21854209899902344;0.24463850259780884;0.27683189511299133;0.3017688989639282;0.05491403490304947;0.059330374002456665;0.1099969670176506;0.17129959166049957;0.2219853699207306;0.0712207555770874;0.17367498576641083;0.22265085577964783;0.24776744842529297;0.10388167947530746;0.20780828595161438;0.2506907880306244;0.2601633667945862;0.13690540194511414;0.23125767707824707;0.26675736904144287;0.2763412892818451;0.1649467647075653;0.23715585470199585;0.26548856496810913;0.2740109860897064;-3.209680699001183e-07;-0.04111594706773758;-0.06884823739528656;-0.08469081670045853;-0.09817235171794891;-0.11700715124607086;-0.15115925669670105;-0.15830087661743164;-0.15891872346401215;-0.1040424108505249;-0.13764479756355286;-0.13543429970741272;-0.13182878494262695;-0.08983855694532394;-0.11859306693077087;-0.11532893776893616;-0.10983987897634506;-0.07691236585378647;-0.09973309934139252;-0.10266884416341782;-0.1022750660777092;0.9825016260147095;0.9929861426353455
1772029328.2;0.6988978385925293;0.6402363181114197;0.5818954110145569;0.54041987657547;0.5005499124526978;0.6080362200737;0.5483651161193848;0.5152023434638977;0.5035330057144165;0.6304570436477661;0.5538848638534546;0.5214930772781372;0.513538122177124;0.642967700958252;0.5720219016075134;0.5413002967834473;0.5321849584579468;0.6507163047790527;0.5929469466209412;0.5663173198699951;0.5558255314826965;0.11134655028581619;0.08807156980037689;0.11897001415491104;0.17205646634101868;0.19254782795906067;0.18367843329906464;0.25293055176734924;0.264229416847229;0.25086069107055664;0.2313975989818573;0.29583731293678284;0.28785625100135803;0.26617318391799927;0.2611987590789795;0.3175548017024994;0.3043716847896576;0.2827887535095215;0.27560994029045105;0.3121132254600525;0.30320340394973755;0.2883574664592743;3.944629440866265e-07;-0.024121101945638657;-0.0398315005004406;-0.0481288805603981;-0.052545495331287384;-0.05989684909582138;-0.07530177384614944;-0.07050357013940811;-0.0614008828997612;-0.049276165664196014;-0.06306492537260056;-0.05379435792565346;-0.042257316410541534;-0.03742619603872299;-0.04590756818652153;-0.03467082232236862;-0.023830844089388847;-0.02684769034385681;-0.03431239724159241;-0.029544400051236153;-0.021886514499783516;0.26366955041885376;0.3125959038734436;0.3480004668235779;0.36224427819252014;0.36895227432250977;0.2852227985858917;0.3243289291858673;0.3575495481491089;0.37957149744033813;0.2489926666021347;0.28855833411216736;0.3319922089576721;0.3612487316131592;0.22689443826675415;0.25960081815719604;0.3024800419807434;0.33207041025161743;0.21683740615844727;0.24162210524082184;0.2743857204914093;0.2996957004070282;0.05680108070373535;0.06258789449930191;0.1134602427482605;0.17398814857006073;0.22458437085151672;0.07290370762348175;0.17356844246387482;0.22200444340705872;0.24871163070201874;0.10475626587867737;0.2088080197572708;0.25105029344558716;0.26179301738739014;0.13772480189800262;0.2317233681678772;0.26672080159187317;0.2768952548503876;0.16585810482501984;0.23873621225357056;0.267560213804245;0.2763926386833191;-3.274384994256252e-07;-0.040500737726688385;-0.06737025082111359;-0.08287442475557327;-0.09604399651288986;-0.11204253137111664;-0.1451752632856369;-0.1527131348848343;-0.1539316624403;-0.09951815009117126;-0.13206028938293457;-0.13063983619213104;-0.12786749005317688;-0.0859467014670372;-0.11341733485460281;-0.11049925535917282;-0.10553161799907684;-0.07381543517112732;-0.09534143656492233;-0.09821133315563202;-0.09805989265441895;0.9833899140357971;0.9922487139701843
1772029328.2333333;0.6962262988090515;0.6370641589164734;0.578367292881012;0.5400850176811218;0.506181001663208;0.6074998378753662;0.5410090684890747;0.5090959668159485;0.5018327832221985;0.6312840580940247;0.5471911430358887;0.5169830918312073;0.5141350030899048;0.6440842747688293;0.5650284290313721;0.5378857254981995;0.534191370010376;0.6523171067237854;0.5901036262512207;0.5660517811775208;0.559756338596344;0.1075594425201416;0.08454839885234833;0.11195778101682663;0.1675693690776825;0.2021932452917099;0.17142817378044128;0.24940496683120728;0.25408145785331726;0.23742687702178955;0.2208072394132614;0.2889004647731781;0.27363160252571106;0.24948057532310486;0.2538580894470215;0.3103736639022827;0.28945133090019226;0.2659280002117157;0.27125129103660583;0.30761954188346863;0.2941233217716217;0.27901217341423035;3.4486083677620627e-07;-0.021525342017412186;-0.03639495372772217;-0.04296354204416275;-0.04506855458021164;-0.06906836479902267;-0.08238878101110458;-0.07273032516241074;-0.06011653691530228;-0.05886323004961014;-0.07251147925853729;-0.06065072864294052;-0.048014502972364426;-0.046004027128219604;-0.05202808603644371;-0.038544707000255585;-0.027659406885504723;-0.033966194838285446;-0.03798522427678108;-0.03112770803272724;-0.023476367816329002;0.26172900199890137;0.3100205063819885;0.3460107445716858;0.3619881272315979;0.36778122186660767;0.28274548053741455;0.32402995228767395;0.35874831676483154;0.38164621591567993;0.24695540964603424;0.28773757815361023;0.33200129866600037;0.3623366951942444;0.2260018140077591;0.2589493989944458;0.30176451802253723;0.33175796270370483;0.2167617678642273;0.24254463613033295;0.27526918053627014;0.300674170255661;0.05897004157304764;0.06161993741989136;0.10983423888683319;0.1704004853963852;0.22199848294258118;0.07146217674016953;0.1740805059671402;0.221896231174469;0.24730007350444794;0.10577234625816345;0.20857328176498413;0.2507648169994354;0.26144683361053467;0.13965511322021484;0.23232556879520416;0.26728934049606323;0.2779005765914917;0.16845065355300903;0.23838947713375092;0.26682013273239136;0.27594107389450073;-3.479976840026211e-07;-0.04174032062292099;-0.06948905438184738;-0.08552715182304382;-0.09913241118192673;-0.11403827369213104;-0.14810015261173248;-0.15657590329647064;-0.15832394361495972;-0.10069271177053452;-0.1330011934041977;-0.13175798952579498;-0.12961643934249878;-0.08632677793502808;-0.11393633484840393;-0.1120106652379036;-0.10825778543949127;-0.07334232330322266;-0.09491126239299774;-0.09819663316011429;-0.09870150685310364;0.9862717986106873;0.9929525256156921
1772029328.2666667;0.6943182349205017;0.6351529359817505;0.5789416432380676;0.5422080755233765;0.5049988627433777;0.612581729888916;0.5457348823547363;0.5112756490707397;0.4993077516555786;0.6366819739341736;0.5517271757125854;0.523461103439331;0.5215586423873901;0.649715781211853;0.5702733993530273;0.5466684103012085;0.5463832020759583;0.6572052240371704;0.5945910811424255;0.5730900764465332;0.5704132318496704;0.1054721474647522;0.08373843133449554;0.11666526645421982;0.17644014954566956;0.2078181654214859;0.18011118471622467;0.2613258361816406;0.2663755416870117;0.2544134259223938;0.22743165493011475;0.29246819019317627;0.2701760530471802;0.24584652483463287;0.2579221725463867;0.31374499201774597;0.2854122519493103;0.2589050829410553;0.27380380034446716;0.30819571018218994;0.2884211540222168;0.270370751619339;3.775341497203044e-07;-0.026302341371774673;-0.04334164038300514;-0.05132024735212326;-0.05519215762615204;-0.07197822630405426;-0.08478840440511703;-0.0763251930475235;-0.06606554239988327;-0.05978482589125633;-0.07163812965154648;-0.060359880328178406;-0.050134554505348206;-0.045312318950891495;-0.05076055973768234;-0.03751806542277336;-0.028493739664554596;-0.0322008840739727;-0.03775855898857117;-0.032192979007959366;-0.026545600965619087;0.2629755139350891;0.31132739782333374;0.3469216823577881;0.3636990189552307;0.372063010931015;0.28510957956314087;0.3249641954898834;0.3584398627281189;0.38059765100479126;0.2486208975315094;0.28942450881004333;0.33224692940711975;0.3615536391735077;0.226748526096344;0.26157230138778687;0.3037361204624176;0.33343109488487244;0.2165471911430359;0.243473619222641;0.27588796615600586;0.30146947503089905;0.054419323801994324;0.060889557003974915;0.11576548218727112;0.18038706481456757;0.23339176177978516;0.07089841365814209;0.17526809871196747;0.22327929735183716;0.24821628630161285;0.10307711362838745;0.20827487111091614;0.25185734033584595;0.2627156972885132;0.13680154085159302;0.2313269078731537;0.2671298682689667;0.27733734250068665;0.16657093167304993;0.2374519407749176;0.2664465308189392;0.27621057629585266;-3.51326235659144e-07;-0.04044849053025246;-0.06735973060131073;-0.08242865651845932;-0.09511912614107132;-0.11360328644514084;-0.14647741615772247;-0.15355482697486877;-0.1543010175228119;-0.10028903931379318;-0.13147146999835968;-0.12910780310630798;-0.12627026438713074;-0.08576177805662155;-0.11225135624408722;-0.10934806615114212;-0.10502561181783676;-0.07253941893577576;-0.09358101338148117;-0.09655188024044037;-0.0968812108039856;0.9796391129493713;0.9914112687110901
1772029328.3;0.6936545372009277;0.6305365562438965;0.5793616771697998;0.5472221374511719;0.5134994387626648;0.6123196482658386;0.5489500164985657;0.5210806727409363;0.5159105062484741;0.6386316418647766;0.5610486268997192;0.541141152381897;0.545990526676178;0.6542608737945557;0.5812519192695618;0.5657378435134888;0.5726942420005798;0.6645345091819763;0.6049801707267761;0.5910336971282959;0.5958205461502075;0.10471562296152115;0.09129061549901962;0.12750497460365295;0.18477638065814972;0.2113555371761322;0.19755004346370697;0.26718127727508545;0.2653985023498535;0.2488647997379303;0.23966945707798004;0.296100378036499;0.2675321102142334;0.24264949560165405;0.2668148875236511;0.3149338364601135;0.28295743465423584;0.2559919059276581;0.2801778316497803;0.31199225783348083;0.29037439823150635;0.272312730550766;2.3448329500297405e-07;-0.018894296139478683;-0.031675804406404495;-0.03746404871344566;-0.039247360080480576;-0.056026391685009;-0.06440427154302597;-0.054849181324243546;-0.044514238834381104;-0.046576231718063354;-0.05350085720419884;-0.041930217295885086;-0.032598309218883514;-0.03487203270196915;-0.036561187356710434;-0.022860979661345482;-0.014538673684000969;-0.024088876321911812;-0.02668236941099167;-0.019968027248978615;-0.014244112186133862;0.26206424832344055;0.3107369840145111;0.34678196907043457;0.36172425746917725;0.366743803024292;0.2854825556278229;0.32595354318618774;0.3599901497364044;0.3829874098300934;0.24931685626506805;0.2896507978439331;0.3323732316493988;0.3616775572299957;0.22711330652236938;0.25982654094696045;0.3016183078289032;0.3310590982437134;0.21671782433986664;0.24182602763175964;0.27377164363861084;0.2987159490585327;0.05462781339883804;0.05913536250591278;0.10883821547031403;0.16815997660160065;0.21762381494045258;0.07045441120862961;0.17271143198013306;0.2205873429775238;0.2455439567565918;0.10297983884811401;0.2057294100522995;0.24829521775245667;0.2584381103515625;0.13593615591526031;0.22943656146526337;0.26432955265045166;0.2739217281341553;0.16395512223243713;0.23489104211330414;0.2637488842010498;0.27286839485168457;-3.48971099128903e-07;-0.038671575486660004;-0.06505265831947327;-0.08039405196905136;-0.09341520816087723;-0.1107417419552803;-0.143824502825737;-0.15132936835289001;-0.15224589407444;-0.09873681515455246;-0.13018105924129486;-0.12797588109970093;-0.12478665262460709;-0.08557768911123276;-0.11179061979055405;-0.10820787400007248;-0.10304424911737442;-0.07376217097043991;-0.09422250837087631;-0.09644623845815659;-0.09590578824281693;0.9812390208244324;0.9907718300819397
1772029328.3333333;0.6922650337219238;0.6301858425140381;0.5822106599807739;0.5526471138000488;0.5212138295173645;0.6171184778213501;0.5517987012863159;0.524651288986206;0.5202007293701172;0.643291175365448;0.566288411617279;0.5439687967300415;0.5455037951469421;0.6582610011100769;0.5864293575286865;0.5676352977752686;0.571045458316803;0.6672238707542419;0.6093052625656128;0.5941692590713501;0.5965377688407898;0.1076490506529808;0.09814924746751785;0.13649629056453705;0.19557376205921173;0.2189282476902008;0.20881244540214539;0.2715124189853668;0.2623177170753479;0.23800459504127502;0.24870236217975616;0.2987401485443115;0.26948779821395874;0.24251534044742584;0.2735078036785126;0.31828221678733826;0.2869434058666229;0.2581138014793396;0.28495216369628906;0.3163849711418152;0.2953539490699768;0.2758277952671051;2.6923333962258766e-07;-0.023922208696603775;-0.03782404959201813;-0.04388171061873436;-0.04532511904835701;-0.05613219738006592;-0.06513135135173798;-0.05636279284954071;-0.04642510414123535;-0.04391700029373169;-0.05081634223461151;-0.04049646854400635;-0.032153889536857605;-0.030230971053242683;-0.032916899770498276;-0.022121276706457138;-0.015530786477029324;-0.017963819205760956;-0.022038927301764488;-0.018041417002677917;-0.014044263400137424;0.26400110125541687;0.3125966787338257;0.348736047744751;0.36275023221969604;0.36540183424949646;0.2859325110912323;0.3289068341255188;0.36323389410972595;0.38591843843460083;0.2504086196422577;0.2926476001739502;0.3363925516605377;0.3663252890110016;0.22859244048595428;0.26346713304519653;0.30625155568122864;0.3360532522201538;0.21836599707603455;0.24347952008247375;0.2757537364959717;0.3006855547428131;0.058192089200019836;0.05969155579805374;0.10508697479963303;0.1615014225244522;0.20831796526908875;0.07036217302083969;0.16962194442749023;0.21622011065483093;0.23961710929870605;0.10443903505802155;0.20443211495876312;0.24549347162246704;0.25406548380851746;0.13744261860847473;0.22779950499534607;0.2614262104034424;0.2698240578174591;0.1647673398256302;0.23532389104366302;0.2630584239959717;0.2699648141860962;-3.1789733156983857e-07;-0.03934826701879501;-0.0667504072189331;-0.08306172490119934;-0.09709688276052475;-0.11387694627046585;-0.14854513108730316;-0.1565258502960205;-0.15738359093666077;-0.10205370932817459;-0.13564567267894745;-0.1335192769765854;-0.1296229362487793;-0.08911258727312088;-0.11765977740287781;-0.1142498105764389;-0.108271524310112;-0.07740086317062378;-0.09884177148342133;-0.10060428828001022;-0.09923295676708221;0.9857622385025024;0.9916345477104187
1772029328.3666666;0.6942275762557983;0.6318182945251465;0.5845422148704529;0.553784191608429;0.5265036225318909;0.6190390586853027;0.5542052388191223;0.5270446538925171;0.5211897492408752;0.6442306041717529;0.5659867525100708;0.5432506799697876;0.5435508489608765;0.6581579446792603;0.5865526795387268;0.5654182434082031;0.5657902359962463;0.6671677231788635;0.6108828783035278;0.5923016667366028;0.5909302830696106;0.11172986775636673;0.10196604579687119;0.14137744903564453;0.20003202557563782;0.21354401111602783;0.21196146309375763;0.27630072832107544;0.272086501121521;0.25011146068573;0.2528424561023712;0.2987487018108368;0.2676374018192291;0.2395179569721222;0.2785223126411438;0.31828200817108154;0.2872558534145355;0.25765347480773926;0.29093724489212036;0.3180002272129059;0.2978668212890625;0.2779999375343323;2.849981228791876e-07;-0.025869764387607574;-0.04164930805563927;-0.04887325316667557;-0.0517638735473156;-0.06312847882509232;-0.06998945772647858;-0.05829012766480446;-0.04702945798635483;-0.04977269470691681;-0.0552663579583168;-0.043222613632678986;-0.03402070701122284;-0.034374888986349106;-0.03501899167895317;-0.02461089938879013;-0.01905149593949318;-0.020530542358756065;-0.022888444364070892;-0.019813014194369316;-0.017098451033234596;0.2681742012500763;0.3163144588470459;0.3515431582927704;0.3666123151779175;0.3721269965171814;0.2890397012233734;0.33077389001846313;0.3647925853729248;0.38708338141441345;0.25299757719039917;0.2942155599594116;0.33780840039253235;0.3674928545951843;0.2310226857662201;0.2644903361797333;0.30685970187187195;0.33642736077308655;0.22089314460754395;0.24568282067775726;0.2776229679584503;0.3025572597980499;0.06007588654756546;0.06230904161930084;0.1082148402929306;0.1656283438205719;0.21525895595550537;0.06671197712421417;0.16884145140647888;0.21783028542995453;0.24367430806159973;0.09998340904712677;0.20328779518604279;0.2468561828136444;0.25699537992477417;0.1333930343389511;0.22806978225708008;0.2633282542228699;0.27254754304885864;0.16255253553390503;0.234786719083786;0.2636324465274811;0.27137619256973267;-3.0603644063376123e-07;-0.041700687259435654;-0.0710911676287651;-0.08870608359575272;-0.10416754335165024;-0.12118824571371078;-0.15801005065441132;-0.16691964864730835;-0.1682024449110031;-0.10857529938220978;-0.14436522126197815;-0.142214834690094;-0.1382848471403122;-0.0947180911898613;-0.12564875185489655;-0.12202613055706024;-0.11567702144384384;-0.08203995227813721;-0.1051466315984726;-0.10686063766479492;-0.10536950826644897;0.9877777695655823;0.9893845319747925
1772029328.4;0.6940789222717285;0.6360748410224915;0.5870294570922852;0.5471600294113159;0.517333447933197;0.6204425096511841;0.5563417673110962;0.5195197463035583;0.49528712034225464;0.6447283029556274;0.5645061731338501;0.5327922105789185;0.5206831693649292;0.6580608487129211;0.5846561193466187;0.5577751398086548;0.5490936040878296;0.66497802734375;0.6089168787002563;0.5868006348609924;0.5791914463043213;0.114548459649086;0.098995640873909;0.13266921043395996;0.17816486954689026;0.18107756972312927;0.21421712636947632;0.28291386365890503;0.29817265272140503;0.30133309960365295;0.25526273250579834;0.30807045102119446;0.2825409770011902;0.25776514410972595;0.28010961413383484;0.32265305519104004;0.2944577932357788;0.2680221498012543;0.2915510833263397;0.31950435042381287;0.29993563890457153;0.2803586423397064;5.624913228530204e-07;-0.03686137497425079;-0.05849333852529526;-0.06999320536851883;-0.07848012447357178;-0.07119323313236237;-0.08158043026924133;-0.07678881287574768;-0.07130845636129379;-0.053298018872737885;-0.06135018169879913;-0.051047585904598236;-0.041963621973991394;-0.03442181646823883;-0.03752320632338524;-0.028356432914733887;-0.022256402298808098;-0.018316281959414482;-0.021689586341381073;-0.019258007407188416;-0.01634182780981064;0.26780083775520325;0.31622013449668884;0.351802796125412;0.36585888266563416;0.3699643015861511;0.2923157811164856;0.33096063137054443;0.36418628692626953;0.3865543007850647;0.2538585662841797;0.2939538359642029;0.3361312747001648;0.3652121424674988;0.2302825152873993;0.2635396420955658;0.3046287000179291;0.33351263403892517;0.21900492906570435;0.24353083968162537;0.27406376600265503;0.2976367771625519;0.055959805846214294;0.05896609276533127;0.10541238635778427;0.16284582018852234;0.2119833081960678;0.06431093066930771;0.16787602007389069;0.2195795774459839;0.24822953343391418;0.09632282704114914;0.19806230068206787;0.24552111327648163;0.25862160325050354;0.12880967557430267;0.2239721119403839;0.26267555356025696;0.2741725742816925;0.1578119397163391;0.2304144650697708;0.26175573468208313;0.27136775851249695;-3.6118805724072445e-07;-0.04184601828455925;-0.07074044644832611;-0.08829281479120255;-0.10358873754739761;-0.11756101250648499;-0.15455037355422974;-0.16436928510665894;-0.16656935214996338;-0.10504258424043655;-0.14025311172008514;-0.1389501690864563;-0.13612841069698334;-0.09165878593921661;-0.12284357845783234;-0.12090764194726944;-0.11601544171571732;-0.07954098284244537;-0.10323195159435272;-0.10625004023313522;-0.10584311187267303;0.9798057079315186;0.9942044019699097
1772029328.4333334;0.7004063725471497;0.6396718621253967;0.5859912037849426;0.5392654538154602;0.4993981122970581;0.6134667992591858;0.555877685546875;0.5194776654243469;0.49588873982429504;0.6371151804924011;0.563585102558136;0.5292294025421143;0.5119970440864563;0.6519142389297485;0.5825746655464172;0.5510401725769043;0.5363926291465759;0.6610074043273926;0.6071552038192749;0.5801989436149597;0.5664801597595215;0.11652091890573502;0.09931990504264832;0.13218271732330322;0.17450428009033203;0.17487385869026184;0.2055167704820633;0.2733151912689209;0.2928864061832428;0.29554513096809387;0.24669615924358368;0.3108219802379608;0.30534225702285767;0.29260948300361633;0.27240967750549316;0.3265436887741089;0.31475830078125;0.2973361611366272;0.2844714820384979;0.32289206981658936;0.3159348964691162;0.3035288453102112;5.395672815211583e-07;-0.029367435723543167;-0.048434700816869736;-0.05948249250650406;-0.0679534301161766;-0.061220817267894745;-0.07432401180267334;-0.07251810282468796;-0.06802871078252792;-0.048212744295597076;-0.05690623074769974;-0.047208502888679504;-0.03767704963684082;-0.03438955917954445;-0.03800905495882034;-0.02735859900712967;-0.01895204558968544;-0.022902073338627815;-0.025520071387290955;-0.020479798316955566;-0.014567338861525059;0.26372361183166504;0.3123089075088501;0.3488278090953827;0.3647081255912781;0.37059852480888367;0.29085877537727356;0.3296428918838501;0.3627653419971466;0.3849329352378845;0.25267481803894043;0.2924859821796417;0.33602097630500793;0.3658842444419861;0.22890621423721313;0.2624095678329468;0.3046015501022339;0.3336884081363678;0.21702873706817627;0.24306116998195648;0.27536916732788086;0.29988694190979004;0.056337058544158936;0.05830910801887512;0.10457704216241837;0.1628635823726654;0.21419671177864075;0.06768672913312912;0.16765986382961273;0.21719205379486084;0.24400465190410614;0.09913425892591476;0.19999562203884125;0.24465881288051605;0.2569524943828583;0.131257563829422;0.2244585156440735;0.2606578469276428;0.2718948423862457;0.15963438153266907;0.23216181993484497;0.26153361797332764;0.2705094516277313;-3.497986824640975e-07;-0.03951925411820412;-0.06713144481182098;-0.08405004441738129;-0.09878261387348175;-0.11096714437007904;-0.1462090164422989;-0.15555934607982635;-0.15763521194458008;-0.09950859099626541;-0.13336153328418732;-0.13254769146442413;-0.13010486960411072;-0.08722730726003647;-0.11647586524486542;-0.11433715373277664;-0.10967087745666504;-0.07620096206665039;-0.09830639511346817;-0.1007557213306427;-0.1002376526594162;0.9788559675216675;0.9939453601837158
1772029328.4666667;0.6997019648551941;0.6408037543296814;0.5836594104766846;0.5432854890823364;0.5019205808639526;0.6109421849250793;0.550086259841919;0.5182504653930664;0.50809645652771;0.6346679329872131;0.5574647784233093;0.5257436037063599;0.5186805725097656;0.6484838128089905;0.576030969619751;0.5460468530654907;0.5383404493331909;0.6571560502052307;0.5989227890968323;0.5725679397583008;0.5632951259613037;0.11337795853614807;0.09365314245223999;0.12658822536468506;0.18016208708286285;0.20003622770309448;0.18892039358615875;0.2571704685688019;0.2672571539878845;0.2533702552318573;0.23589923977851868;0.30046898126602173;0.29105398058891296;0.2698507010936737;0.2653662860393524;0.3231666088104248;0.3086514472961426;0.28674575686454773;0.2799423038959503;0.3200564980506897;0.3103758692741394;0.2948334217071533;3.785249305110483e-07;-0.023968083783984184;-0.04050439968705177;-0.04960402473807335;-0.05491187423467636;-0.061354074627161026;-0.0764293447136879;-0.07109565287828445;-0.06177665665745735;-0.05095252767205238;-0.06359115988016129;-0.05316004529595375;-0.04143308103084564;-0.03916453197598457;-0.04668096825480461;-0.0341760516166687;-0.022994674742221832;-0.028621533885598183;-0.035032398998737335;-0.029008368030190468;-0.02086903713643551;0.26297274231910706;0.31030890345573425;0.3456653952598572;0.36033177375793457;0.36432865262031555;0.28659549355506897;0.3280531167984009;0.3624930679798126;0.3847760260105133;0.24938634037971497;0.289027601480484;0.3322599530220032;0.3619091808795929;0.22630414366722107;0.26069632172584534;0.30236783623695374;0.33153024315834045;0.21531683206558228;0.24106337130069733;0.2728859782218933;0.2976846992969513;0.05867762863636017;0.06126569211483002;0.10493768751621246;0.1598929911851883;0.2090293914079666;0.06652424484491348;0.1705356389284134;0.22006531059741974;0.24540603160858154;0.09798519313335419;0.20110304653644562;0.2451578676700592;0.25596117973327637;0.1310088038444519;0.22314879298210144;0.25901585817337036;0.2690795660018921;0.15974058210849762;0.23187991976737976;0.26161855459213257;0.2707219123840332;-2.848736357918824e-07;-0.040567535907030106;-0.06928860396146774;-0.086823008954525;-0.10216431319713593;-0.11506751924753189;-0.15000629425048828;-0.15858784317970276;-0.16007936000823975;-0.10307054221630096;-0.1367192417383194;-0.1356285661458969;-0.1328452080488205;-0.09002777934074402;-0.11777865141630173;-0.11454489082098007;-0.10928545892238617;-0.0784582868218422;-0.09987589716911316;-0.10206541419029236;-0.10134333372116089;0.9798184633255005;0.9925774335861206
1772029328.5;0.696151077747345;0.6349514722824097;0.5789774060249329;0.5421809554100037;0.5062819123268127;0.6085650324821472;0.5403221845626831;0.5098398923873901;0.5007502436637878;0.633017897605896;0.5498725175857544;0.5203326344490051;0.515779435634613;0.6477303504943848;0.5697975158691406;0.5443531274795532;0.5412775874137878;0.65688157081604;0.5958444476127625;0.573243260383606;0.5682786107063293;0.1119329109787941;0.09317195415496826;0.12120962888002396;0.17679589986801147;0.20868586003780365;0.18022239208221436;0.25210699439048767;0.2581780254840851;0.24471062421798706;0.2273622304201126;0.29198914766311646;0.2792876362800598;0.25775325298309326;0.2589617371559143;0.3148197531700134;0.29416215419769287;0.2711082696914673;0.2754329442977905;0.31397169828414917;0.3006422519683838;0.28559601306915283;3.326636601741484e-07;-0.01822761818766594;-0.032069817185401917;-0.03875571861863136;-0.04179314523935318;-0.06108393520116806;-0.07320178300142288;-0.06616932898759842;-0.05663581192493439;-0.05277317389845848;-0.0639227032661438;-0.05435395613312721;-0.045110367238521576;-0.0418148972094059;-0.04610785096883774;-0.034638792276382446;-0.026594609022140503;-0.03143471106886864;-0.0338977687060833;-0.026958804577589035;-0.0203983373939991;0.2636626958847046;0.3106679916381836;0.34613800048828125;0.36031270027160645;0.36378195881843567;0.2856214642524719;0.32438209652900696;0.35817044973373413;0.38032448291778564;0.24886782467365265;0.28636398911476135;0.3295382857322693;0.35933417081832886;0.22665703296661377;0.2567993402481079;0.2977563440799713;0.3267655074596405;0.21574734151363373;0.23999299108982086;0.27115365862846375;0.29512426257133484;0.05702189356088638;0.05916383117437363;0.10500489920377731;0.1622297614812851;0.208828866481781;0.06648628413677216;0.169481560587883;0.21943634748458862;0.24532240629196167;0.09865343570709229;0.20029842853546143;0.24473366141319275;0.25654855370521545;0.13142134249210358;0.22435779869556427;0.26096853613853455;0.27227091789245605;0.16056324541568756;0.23118208348751068;0.26062965393066406;0.27060574293136597;-3.4130331982851203e-07;-0.04002286493778229;-0.06779652833938599;-0.08455316722393036;-0.09926748275756836;-0.11105562001466751;-0.14621233940124512;-0.1562865674495697;-0.1588907241821289;-0.0989246740937233;-0.13230766355991364;-0.13210518658161163;-0.13008902966976166;-0.0858812928199768;-0.11421724408864975;-0.11259166151285172;-0.1084149032831192;-0.07412542402744293;-0.09542696923017502;-0.09793394058942795;-0.09755934029817581;0.9871841669082642;0.9941472411155701
1772029328.5333333;0.6949766278266907;0.634577751159668;0.5770857334136963;0.5415354371070862;0.5067958831787109;0.609304666519165;0.5444215536117554;0.510539710521698;0.49772411584854126;0.6344163417816162;0.5514647960662842;0.5235145092010498;0.5203003287315369;0.6487444639205933;0.5699960589408875;0.546440601348877;0.5453236103057861;0.6580997705459595;0.596541702747345;0.5752899646759033;0.5725633502006531;0.11155370622873306;0.09218102693557739;0.12298097461462021;0.17993049323558807;0.2104751318693161;0.1820421814918518;0.25946488976478577;0.2688862979412079;0.2585999071598053;0.22854596376419067;0.2957952618598938;0.2775537967681885;0.2543853223323822;0.2592190206050873;0.3151446282863617;0.2893517315387726;0.26396116614341736;0.2753036320209503;0.3141820728778839;0.29641640186309814;0.2788780927658081;3.5300143963468145e-07;-0.02124600298702717;-0.03582848235964775;-0.04196058586239815;-0.044460270553827286;-0.0684492215514183;-0.07850614190101624;-0.0677667185664177;-0.05604689568281174;-0.05808260291814804;-0.06746551394462585;-0.05414482206106186;-0.04240727052092552;-0.04479401186108589;-0.04812878370285034;-0.033715009689331055;-0.023886272683739662;-0.032324329018592834;-0.035473547875881195;-0.02814726158976555;-0.02133432775735855;0.26363223791122437;0.31084710359573364;0.34584367275238037;0.3601406514644623;0.3640724718570709;0.28365465998649597;0.322496235370636;0.3561035692691803;0.3779439628124237;0.24720406532287598;0.2853298485279083;0.3286201059818268;0.35862627625465393;0.22531968355178833;0.25503647327423096;0.29626965522766113;0.32533979415893555;0.2145591676235199;0.23947887122631073;0.2709406614303589;0.2948935627937317;0.0565105676651001;0.05942140519618988;0.10821257531642914;0.16794052720069885;0.21744155883789062;0.06575587391853333;0.17084896564483643;0.22155943512916565;0.24856889247894287;0.09788020700216293;0.20237213373184204;0.2469259798526764;0.25871583819389343;0.13108797371387482;0.22664766013622284;0.26323091983795166;0.2750515937805176;0.16029751300811768;0.2323361188173294;0.26156020164489746;0.27179253101348877;-3.5514159435479087e-07;-0.041029807180166245;-0.06936459243297577;-0.08617742359638214;-0.10088841617107391;-0.11408104002475739;-0.14941152930259705;-0.15922383964061737;-0.16166190803050995;-0.10132750123739243;-0.13451825082302094;-0.1335826814174652;-0.13132017850875854;-0.0876191034913063;-0.11629693955183029;-0.11470043659210205;-0.11073048412799835;-0.07509493082761765;-0.09680186957120895;-0.09951451420783997;-0.09949201345443726;0.9799270629882812;0.9938992261886597
1772029328.5666666;0.6941580176353455;0.6336768269538879;0.5793848633766174;0.5450999140739441;0.5100765824317932;0.6098352670669556;0.5485255122184753;0.5166676640510559;0.5041407346725464;0.6352163553237915;0.5575792193412781;0.5352703928947449;0.5365400314331055;0.6502877473831177;0.5785754919052124;0.5608706474304199;0.5645572543144226;0.6606762409210205;0.6039236783981323;0.588362455368042;0.5907909870147705;0.11071120947599411;0.09346544742584229;0.1265820413827896;0.18502482771873474;0.21658575534820557;0.19516810774803162;0.26810815930366516;0.2714262902736664;0.2607400119304657;0.23992016911506653;0.2990168333053589;0.27269506454467773;0.2487419843673706;0.26792484521865845;0.31813931465148926;0.2873300313949585;0.26118582487106323;0.2815582752227783;0.3169068992137909;0.29549118876457214;0.2767138183116913;2.9451595651153184e-07;-0.02195785380899906;-0.035886142402887344;-0.041441190987825394;-0.043434396386146545;-0.06336550414562225;-0.07040194422006607;-0.05944489687681198;-0.04879776015877724;-0.05212152749300003;-0.05749360844492912;-0.04410278797149658;-0.03382253646850586;-0.03826693445444107;-0.03861057013273239;-0.023877665400505066;-0.015227262862026691;-0.02550724521279335;-0.027459463104605675;-0.0200336966663599;-0.013868534937500954;0.2650805115699768;0.312567800283432;0.3471142053604126;0.3619718551635742;0.36731427907943726;0.28406333923339844;0.32290759682655334;0.3562629818916321;0.3785848915576935;0.2470783293247223;0.28538602590560913;0.3282589614391327;0.35851648449897766;0.22521986067295074;0.25500667095184326;0.2957899272441864;0.3248422145843506;0.21468055248260498;0.23929938673973083;0.2704069912433624;0.29441168904304504;0.06505798548460007;0.06623391062021255;0.11407651007175446;0.17431046068668365;0.2260022908449173;0.0642300397157669;0.17083096504211426;0.22330233454704285;0.25106003880500793;0.09659899026155472;0.19942408800125122;0.2469085454940796;0.25969943404197693;0.13009458780288696;0.22557668387889862;0.2638849914073944;0.2751835584640503;0.16056528687477112;0.23156148195266724;0.26236334443092346;0.27326500415802;-3.564435075986694e-07;-0.04624168574810028;-0.07767237722873688;-0.09643162041902542;-0.11287477612495422;-0.12504437565803528;-0.1637057065963745;-0.17473997175693512;-0.1777050793170929;-0.1104695126414299;-0.1462090015411377;-0.14473843574523926;-0.1424805372953415;-0.09520206600427628;-0.12753328680992126;-0.125990092754364;-0.12194643914699554;-0.08133924007415771;-0.1067475900053978;-0.11073948442935944;-0.11146040260791779;0.9796198010444641;0.9931684732437134
1772029328.6;0.6883969902992249;0.6267831325531006;0.5774434804916382;0.5457178354263306;0.5148279070854187;0.6072697043418884;0.546383798122406;0.5213906168937683;0.5153617858886719;0.634149432182312;0.56207674741745;0.5438107252120972;0.546049952507019;0.650879442691803;0.5833256840705872;0.5681652426719666;0.5723531246185303;0.6619131565093994;0.6085423231124878;0.595390260219574;0.598178505897522;0.11298596113920212;0.10026116669178009;0.1336703896522522;0.19321197271347046;0.2260187566280365;0.20779649913311005;0.2724551558494568;0.2654171586036682;0.24667949974536896;0.24875350296497345;0.29925602674484253;0.27279871702194214;0.25066524744033813;0.273228257894516;0.3181677460670471;0.2888898551464081;0.2639579772949219;0.2841225862503052;0.3157444894313812;0.2959597706794739;0.2790386378765106;2.2762772289297573e-07;-0.02183184027671814;-0.034898556768894196;-0.04022009298205376;-0.041575755923986435;-0.054792020469903946;-0.061445463448762894;-0.05248941481113434;-0.043486423790454865;-0.04339614510536194;-0.04695689678192139;-0.03579496592283249;-0.028138624504208565;-0.030168574303388596;-0.030122822150588036;-0.01803698018193245;-0.011758250184357166;-0.018137231469154358;-0.020414259284734726;-0.014931995421648026;-0.010460017248988152;0.2703578770160675;0.3126262426376343;0.3458237648010254;0.3620551824569702;0.36956465244293213;0.2892512381076813;0.3248783051967621;0.3564039468765259;0.3786654472351074;0.25159844756126404;0.28776589035987854;0.33022987842559814;0.36182424426078796;0.22944438457489014;0.2576591968536377;0.2963219881057739;0.3237682580947876;0.21845079958438873;0.24503007531166077;0.2759683132171631;0.29961198568344116;0.055617354810237885;0.06327418237924576;0.11377514153718948;0.17602047324180603;0.22700762748718262;0.060364194214344025;0.16828541457653046;0.2211799919605255;0.2483694851398468;0.09189710021018982;0.19833533465862274;0.24446125328540802;0.2551416754722595;0.12668663263320923;0.2236233651638031;0.25918659567832947;0.266477108001709;0.15919217467308044;0.22751647233963013;0.2557761073112488;0.26417407393455505;-4.059641582898621e-07;-0.04514053836464882;-0.07817181944847107;-0.09820179641246796;-0.11593440175056458;-0.12787827849388123;-0.16688261926174164;-0.17710129916667938;-0.17934872210025787;-0.11389279365539551;-0.1511332243680954;-0.14841757714748383;-0.14453290402889252;-0.0986308827996254;-0.13245926797389984;-0.12975376844406128;-0.12443773448467255;-0.08439170569181442;-0.1116255670785904;-0.1147572472691536;-0.11408986151218414;0.9843833446502686;0.9945265650749207
1772029328.6333334;0.6863657236099243;0.6256394982337952;0.5784621834754944;0.5479851365089417;0.5173720121383667;0.6105795502662659;0.5460386276245117;0.5222601890563965;0.5175373554229736;0.6363649964332581;0.5616495609283447;0.543605625629425;0.5449482202529907;0.6514977812767029;0.5821751356124878;0.5660898685455322;0.5681232810020447;0.6602138876914978;0.605405867099762;0.5907020568847656;0.5910685658454895;0.11521965265274048;0.10455047339200974;0.13917705416679382;0.19905917346477509;0.23024697601795197;0.21645581722259521;0.27646511793136597;0.2627246081829071;0.23920637369155884;0.2564137279987335;0.29973745346069336;0.2702323794364929;0.24700865149497986;0.2796670198440552;0.316842257976532;0.2880628705024719;0.2635287046432495;0.29008933901786804;0.3175376057624817;0.29843762516975403;0.2819465100765228;2.3323187292589864e-07;-0.02346796914935112;-0.036813441663980484;-0.042515866458415985;-0.0436113104224205;-0.05141356587409973;-0.05854324623942375;-0.05032089352607727;-0.04160706698894501;-0.039077162742614746;-0.043149832636117935;-0.03312161564826965;-0.025798620656132698;-0.025525886565446854;-0.025768926367163658;-0.015246882103383541;-0.009610735811293125;-0.013431132771074772;-0.015430143103003502;-0.011052713729441166;-0.007140537723898888;0.2758828401565552;0.31889376044273376;0.3509787917137146;0.36628708243370056;0.3709351420402527;0.29382064938545227;0.32892388105392456;0.35991403460502625;0.38053321838378906;0.255521297454834;0.29030928015708923;0.3334192633628845;0.36417636275291443;0.23214150965213776;0.26027345657348633;0.3012877404689789;0.3300934135913849;0.2196483463048935;0.24503350257873535;0.27750125527381897;0.3027150332927704;0.059446267783641815;0.06482017785310745;0.11328794062137604;0.17522647976875305;0.22680872678756714;0.05960586667060852;0.16661760210990906;0.21982493996620178;0.2484506517648697;0.09076428413391113;0.19615055620670319;0.2445336878299713;0.25841403007507324;0.12496672570705414;0.22248311340808868;0.2602135241031647;0.2696133255958557;0.15754467248916626;0.22771859169006348;0.25654137134552;0.26512807607650757;-3.568355850802618e-07;-0.04705452546477318;-0.0806228518486023;-0.10087443143129349;-0.11886022984981537;-0.13041166961193085;-0.17015859484672546;-0.1805737167596817;-0.1830979436635971;-0.11608871817588806;-0.15492761135101318;-0.15350860357284546;-0.15036986768245697;-0.1007043793797493;-0.1365983933210373;-0.13559916615486145;-0.13097383081912994;-0.08634764701128006;-0.11490719765424728;-0.11923235654830933;-0.11931739002466202;0.9893004894256592;0.9956116080284119
1772029328.6666667;0.6880877017974854;0.626720666885376;0.5796106457710266;0.5483781695365906;0.5216494798660278;0.6116073131561279;0.5467292070388794;0.5238884091377258;0.5237055420875549;0.6370197534561157;0.5597365498542786;0.5417048335075378;0.5455282330513;0.6512267589569092;0.5792642831802368;0.5621318221092224;0.5665867924690247;0.6603752374649048;0.6038565635681152;0.5885294675827026;0.5906700491905212;0.11540041118860245;0.10292627662420273;0.13710874319076538;0.19402417540550232;0.22590897977352142;0.2123125046491623;0.2746868133544922;0.2595852315425873;0.2333155870437622;0.25251489877700806;0.2984272241592407;0.26632094383239746;0.24250410497188568;0.2771548926830292;0.3165532946586609;0.285699725151062;0.25920549035072327;0.28846704959869385;0.3154217004776001;0.2961733639240265;0.27934396266937256;1.9572280507418327e-07;-0.02291213721036911;-0.03707890585064888;-0.04317527636885643;-0.044030092656612396;-0.05824955925345421;-0.06354940682649612;-0.05017824470996857;-0.0373741090297699;-0.0458439476788044;-0.0494818277657032;-0.03575124219059944;-0.025469355285167694;-0.03147106245160103;-0.030842775478959084;-0.01799914613366127;-0.010863911360502243;-0.018360577523708344;-0.019278941676020622;-0.014009306207299232;-0.009689642116427422;0.2740965187549591;0.31575921177864075;0.3491670489311218;0.3667886257171631;0.37710168957710266;0.2950551509857178;0.33023345470428467;0.3596664369106293;0.38080331683158875;0.25722575187683105;0.2937173843383789;0.3345719575881958;0.3655930757522583;0.23555254936218262;0.26290348172187805;0.3017498552799225;0.3300864100456238;0.22518327832221985;0.2504267692565918;0.2818562984466553;0.30631503462791443;0.05954175442457199;0.0640568733215332;0.11113714426755905;0.17367972433567047;0.2252146303653717;0.061274684965610504;0.1686997413635254;0.2206585854291916;0.24770106375217438;0.09406639635562897;0.1992492526769638;0.24553361535072327;0.25763776898384094;0.12966908514499664;0.2253316193819046;0.26081183552742004;0.2691328823566437;0.16323193907737732;0.2307109534740448;0.25806036591529846;0.2664884328842163;-3.9603651202924084e-07;-0.046292420476675034;-0.07988867908716202;-0.10057923197746277;-0.11910361796617508;-0.12536409497261047;-0.16383546590805054;-0.1743183732032776;-0.17709651589393616;-0.11105338484048843;-0.1473017930984497;-0.14579135179519653;-0.14353018999099731;-0.09567366540431976;-0.12965048849582672;-0.12880757451057434;-0.12534259259700775;-0.08132189512252808;-0.10930416733026505;-0.11344707757234573;-0.1138313040137291;0.9859698414802551;0.9964342713356018
1772029328.7;0.6919604539871216;0.6336101293563843;0.5821492075920105;0.5434704422950745;0.512550950050354;0.6146706342697144;0.5516341328620911;0.516710102558136;0.49836233258247375;0.639626145362854;0.557797372341156;0.529140293598175;0.5208448171615601;0.6531434655189514;0.5779200792312622;0.551605761051178;0.5455945730209351;0.6609960198402405;0.6024395227432251;0.5796838998794556;0.5736846923828125;0.11650871485471725;0.09965437650680542;0.13236962258815765;0.18297003209590912;0.19473031163215637;0.21079090237617493;0.27607765793800354;0.2821734547615051;0.2700572907924652;0.25199094414711;0.3070273995399475;0.28126752376556396;0.25552624464035034;0.2770879566669464;0.3222998380661011;0.2951944172382355;0.2681851387023926;0.2885073125362396;0.3212137818336487;0.3031233549118042;0.28326576948165894;4.441422731815692e-07;-0.02838735282421112;-0.046722788363695145;-0.05666996166110039;-0.063362717628479;-0.06343407183885574;-0.07327799499034882;-0.0661381259560585;-0.05811530351638794;-0.05026447772979736;-0.05853041633963585;-0.047610606998205185;-0.037675641477108;-0.03560759872198105;-0.03896549716591835;-0.028641192242503166;-0.021620234474539757;-0.02281089685857296;-0.026466455310583115;-0.022572528570890427;-0.01835848018527031;0.2736881375312805;0.3196699023246765;0.35319745540618896;0.36917179822921753;0.37732642889022827;0.2949466109275818;0.33352237939834595;0.3660753667354584;0.38836678862571716;0.25670018792152405;0.29529884457588196;0.33786946535110474;0.368118017911911;0.23437944054603577;0.26498037576675415;0.30565619468688965;0.3347570300102234;0.2236340343952179;0.24873149394989014;0.2800110876560211;0.30416935682296753;0.05931892246007919;0.0638384148478508;0.11549541354179382;0.18019306659698486;0.23196150362491608;0.0686529129743576;0.17419500648975372;0.2257428914308548;0.25231054425239563;0.10094370692968369;0.20408645272254944;0.24820029735565186;0.25770366191864014;0.1338237226009369;0.2299443483352661;0.26472699642181396;0.27161264419555664;0.16387999057769775;0.23426149785518646;0.26212579011917114;0.26972436904907227;-3.664131611458288e-07;-0.04502492398023605;-0.07565411180257797;-0.09381820261478424;-0.10976877808570862;-0.12065460532903671;-0.15819652378559113;-0.16824975609779358;-0.17068319022655487;-0.10652421414852142;-0.14275847375392914;-0.14127229154109955;-0.13821272552013397;-0.09161422401666641;-0.12471899390220642;-0.12315427511930466;-0.11834840476512909;-0.0778697207570076;-0.10416566580533981;-0.10809396952390671;-0.10805734246969223;0.9776346683502197;0.9956664443016052
1772029328.7333333;0.6958489418029785;0.6358869075775146;0.5793907642364502;0.5328667759895325;0.49377942085266113;0.6078971028327942;0.548769474029541;0.5135985612869263;0.49601835012435913;0.6321153044700623;0.5561053156852722;0.5246819853782654;0.5134724974632263;0.6460703611373901;0.5750871300697327;0.5452011823654175;0.5354570150375366;0.6547901630401611;0.5987165570259094;0.5727538466453552;0.562008261680603;0.11684442311525345;0.09774748980998993;0.129766583442688;0.174244225025177;0.18118885159492493;0.2026052176952362;0.27469581365585327;0.2868960201740265;0.27503299713134766;0.245890274643898;0.31124791502952576;0.298654168844223;0.277292937040329;0.2729146480560303;0.327363520860672;0.30989938974380493;0.28574466705322266;0.2854897379875183;0.3208175599575043;0.3097621202468872;0.29342371225357056;4.604647472206125e-07;-0.02638377994298935;-0.04400821402668953;-0.05399005115032196;-0.06059204787015915;-0.06047433242201805;-0.07276534289121628;-0.06714895367622375;-0.05873473733663559;-0.048439543694257736;-0.0579427033662796;-0.046916715800762177;-0.035269446671009064;-0.03513163700699806;-0.039418965578079224;-0.027433590963482857;-0.017494184896349907;-0.023682190105319023;-0.028205804526805878;-0.02335268445312977;-0.016646428033709526;0.27256736159324646;0.32100895047187805;0.3544929325580597;0.36816707253456116;0.3738272190093994;0.2946321964263916;0.33151480555534363;0.3639339506626129;0.385746031999588;0.25630438327789307;0.29396766424179077;0.33555516600608826;0.36484843492507935;0.23305270075798035;0.26220405101776123;0.30212533473968506;0.3305976986885071;0.22157453000545502;0.24549908936023712;0.27626264095306396;0.29987698793411255;0.06135989725589752;0.0663369745016098;0.11932405829429626;0.18309266865253448;0.2347061038017273;0.06797575205564499;0.1748373657464981;0.22572025656700134;0.25301307439804077;0.09881368279457092;0.20384541153907776;0.2497434765100479;0.2619228661060333;0.13058149814605713;0.22855399549007416;0.2659338414669037;0.2762651741504669;0.15915124118328094;0.23292112350463867;0.2639909088611603;0.2747171223163605;-3.7925076412648195e-07;-0.04272288829088211;-0.07079525291919708;-0.08670274168252945;-0.10028911381959915;-0.11858853697776794;-0.15252923965454102;-0.1599697321653366;-0.16121360659599304;-0.10469508171081543;-0.13679274916648865;-0.1336810439825058;-0.1307094544172287;-0.08968311548233032;-0.1185687854886055;-0.11531489342451096;-0.11063412576913834;-0.07590482383966446;-0.09902989864349365;-0.1020979955792427;-0.10248478502035141;0.9798778295516968;0.9945750832557678
1772029328.7666667;0.6936376094818115;0.6348705887794495;0.5777873396873474;0.5353403091430664;0.4934982657432556;0.604335367679596;0.5409772396087646;0.5073626041412354;0.49345576763153076;0.6288986206054688;0.5495374202728271;0.5174862742424011;0.5073173642158508;0.643433153629303;0.5680819749832153;0.5390573740005493;0.5303654670715332;0.652694582939148;0.5925893783569336;0.566294252872467;0.5564402341842651;0.11081862449645996;0.09007461369037628;0.12100613117218018;0.1729629933834076;0.19162532687187195;0.18441863358020782;0.25476792454719543;0.2659294009208679;0.2543892562389374;0.23175792396068573;0.2984328866004944;0.2894864082336426;0.26960402727127075;0.2624257206916809;0.32006460428237915;0.30413663387298584;0.28189921379089355;0.27780577540397644;0.315585196018219;0.30478206276893616;0.2893525958061218;4.0275213564200385e-07;-0.021968327462673187;-0.03786086291074753;-0.04651518166065216;-0.051644716411828995;-0.06111960858106613;-0.07514921575784683;-0.06873039901256561;-0.05905633419752121;-0.05126671865582466;-0.06393789499998093;-0.05281607806682587;-0.04074937850236893;-0.039623524993658066;-0.046842463314533234;-0.03357546776533127;-0.022167136892676353;-0.028998274356126785;-0.034449510276317596;-0.027677783742547035;-0.01935677044093609;0.2704524099826813;0.3184041976928711;0.35247936844825745;0.3663347065448761;0.37281638383865356;0.29116392135620117;0.3273336887359619;0.36095401644706726;0.38415661454200745;0.2529400885105133;0.2901054322719574;0.3317902684211731;0.3604227900505066;0.2304805964231491;0.2596762180328369;0.29905807971954346;0.32636749744415283;0.21981680393218994;0.24409377574920654;0.27466779947280884;0.2977812886238098;0.058616720139980316;0.06419205665588379;0.11620402336120605;0.17982801795005798;0.23205247521400452;0.06764903664588928;0.17142325639724731;0.22321414947509766;0.2511506974697113;0.09919878095388412;0.2028714418411255;0.24791529774665833;0.2587810158729553;0.1309904009103775;0.22941720485687256;0.2649857699871063;0.272499680519104;0.15949031710624695;0.23332950472831726;0.26345929503440857;0.2723243832588196;-3.804440780186269e-07;-0.04434128850698471;-0.0740448534488678;-0.0914715975522995;-0.10648439079523087;-0.11973612010478973;-0.1554790884256363;-0.16434629261493683;-0.1664651334285736;-0.10573472082614899;-0.1385137289762497;-0.13535365462303162;-0.1323421746492386;-0.09094452112913132;-0.1209600567817688;-0.11754796653985977;-0.11264758557081223;-0.07751280069351196;-0.1016073152422905;-0.10454674810171127;-0.10464133322238922;0.9842555522918701;0.9936069250106812
1772029328.8;0.692798912525177;0.6335430145263672;0.5742697715759277;0.5345691442489624;0.49936118721961975;0.605204701423645;0.5348487496376038;0.5024582743644714;0.49157053232192993;0.6300235986709595;0.5433745980262756;0.5115353465080261;0.504702091217041;0.6438396573066711;0.5617427229881287;0.5338231325149536;0.5281446576118469;0.6523388624191284;0.5882070064544678;0.5645806193351746;0.5582138895988464;0.11119424551725388;0.08814714848995209;0.11731807887554169;0.1745888739824295;0.2087116688489914;0.17369815707206726;0.25043973326683044;0.258830189704895;0.24613668024539948;0.22336271405220032;0.2909263074398041;0.2794167995452881;0.25707700848579407;0.25686201453208923;0.31178057193756104;0.2921808063983917;0.2691582441329956;0.27440544962882996;0.31092074513435364;0.29732266068458557;0.28232908248901367;3.7392808849290304e-07;-0.022283080965280533;-0.03780694305896759;-0.04464082047343254;-0.04750064015388489;-0.07206650823354721;-0.08460438251495361;-0.07506296783685684;-0.06342404335737228;-0.06159767881035805;-0.07340336591005325;-0.06105821579694748;-0.04928767308592796;-0.04826425760984421;-0.0527615025639534;-0.03955718129873276;-0.03003915585577488;-0.03581932932138443;-0.0391538143157959;-0.03232601284980774;-0.025463856756687164;0.269724041223526;0.3161391019821167;0.35093116760253906;0.36578530073165894;0.3711075186729431;0.2914210855960846;0.3278021216392517;0.3604556918144226;0.3830593228340149;0.2533993721008301;0.2884582579135895;0.3294883072376251;0.35934197902679443;0.23106159269809723;0.25790831446647644;0.2957306504249573;0.323361873626709;0.22041764855384827;0.2432859241962433;0.27305397391319275;0.29647907614707947;0.061369895935058594;0.06660623103380203;0.11720530688762665;0.17957675457000732;0.2317827045917511;0.06940212100744247;0.173116996884346;0.22604219615459442;0.2538982033729553;0.10223120450973511;0.20332519710063934;0.24902796745300293;0.2599766254425049;0.1349850296974182;0.22979633510112762;0.26592016220092773;0.2744768261909485;0.1638944000005722;0.23413830995559692;0.2626792788505554;0.2711474895477295;-3.62982063961681e-07;-0.04413102939724922;-0.0741899311542511;-0.09209495037794113;-0.10782644897699356;-0.11887305229902267;-0.1563573032617569;-0.16786806285381317;-0.17148670554161072;-0.10510357469320297;-0.13991481065750122;-0.13905982673168182;-0.13705956935882568;-0.09055571258068085;-0.12154015153646469;-0.119876928627491;-0.11582852900028229;-0.0773022323846817;-0.10148344933986664;-0.1047525405883789;-0.1048978865146637;0.9804698824882507;0.9929810166358948
1772029328.8333333;0.6920602321624756;0.6317344307899475;0.5730991363525391;0.5355584025382996;0.5009900331497192;0.6002119183540344;0.5354142189025879;0.502727210521698;0.49046745896339417;0.6254889965057373;0.5460507273674011;0.5166991353034973;0.5110485553741455;0.6411605477333069;0.5672670006752014;0.5402608513832092;0.5343327522277832;0.6518368124961853;0.5943412184715271;0.5709209442138672;0.5643678903579712;0.11180631816387177;0.08907587826251984;0.1220114678144455;0.18343427777290344;0.21741200983524323;0.17849236726760864;0.2593773901462555;0.26806285977363586;0.25740721821784973;0.22571389377117157;0.2930810749530792;0.28127384185791016;0.2617015540599823;0.2564447820186615;0.3111930191516876;0.2936050295829773;0.2726951539516449;0.2730465233325958;0.30976638197898865;0.298023521900177;0.2846878468990326;3.4209401178486587e-07;-0.020360857248306274;-0.033751171082258224;-0.03929717838764191;-0.041603051126003265;-0.06402953714132309;-0.07518018037080765;-0.06702102720737457;-0.05685883015394211;-0.05416902154684067;-0.06209646910429001;-0.049627479165792465;-0.038606252521276474;-0.04187258332967758;-0.04353880509734154;-0.029738374054431915;-0.02049505151808262;-0.030612247064709663;-0.032727017998695374;-0.025597643107175827;-0.018704306334257126;0.26688826084136963;0.31610578298568726;0.35154563188552856;0.3652492165565491;0.3696114718914032;0.29224613308906555;0.3308650553226471;0.36318063735961914;0.38483086228370667;0.25443872809410095;0.29282718896865845;0.3325815498828888;0.3603772521018982;0.2319733202457428;0.2613121271133423;0.2995145320892334;0.3267100751399994;0.2214297503232956;0.24430513381958008;0.27432045340538025;0.29795417189598083;0.0617046132683754;0.06363113224506378;0.11049212515354156;0.1697484701871872;0.22054412961006165;0.06755299866199493;0.1723686009645462;0.22399647533893585;0.2508842647075653;0.1016809418797493;0.20056018233299255;0.24703726172447205;0.2595566213130951;0.13474714756011963;0.2263181209564209;0.2639705240726471;0.2744958996772766;0.16335047781467438;0.23227357864379883;0.26316916942596436;0.2730960547924042;-3.5314877777636866e-07;-0.042622365057468414;-0.07111383974552155;-0.08787079155445099;-0.10209232568740845;-0.11664669215679169;-0.15232156217098236;-0.16136150062084198;-0.16320012509822845;-0.10323312878608704;-0.13650184869766235;-0.1342136561870575;-0.1312241554260254;-0.08903606981039047;-0.11893773078918457;-0.1164335161447525;-0.1116487979888916;-0.07615399360656738;-0.0997667908668518;-0.10296760499477386;-0.10281960666179657;0.9795576930046082;0.9940780401229858
1772029328.8666666;0.689839780330658;0.6280114650726318;0.5714894533157349;0.5374674797058105;0.5053218603134155;0.5993899703025818;0.5385327935218811;0.5047730207443237;0.4871322214603424;0.6252891421318054;0.5492976903915405;0.5216091871261597;0.5154511332511902;0.641388475894928;0.5701635479927063;0.5466501116752625;0.543091356754303;0.6516302824020386;0.5967006683349609;0.5754278898239136;0.5706656575202942;0.11272870004177094;0.08933442831039429;0.12325040251016617;0.18805935978889465;0.22538480162620544;0.18636491894721985;0.2659390866756439;0.27479982376098633;0.2706129550933838;0.2330036461353302;0.29684972763061523;0.2801087498664856;0.2594223916530609;0.2623646557331085;0.3151998519897461;0.291963130235672;0.26795950531959534;0.2779349386692047;0.31140366196632385;0.29564905166625977;0.2799499034881592;3.730098967480444e-07;-0.023401405662298203;-0.03729429095983505;-0.04287700355052948;-0.04557675123214722;-0.06300684064626694;-0.0724710002541542;-0.06521953642368317;-0.0570712611079216;-0.051444750279188156;-0.057099293917417526;-0.04499107226729393;-0.035390764474868774;-0.03780427947640419;-0.03826621547341347;-0.025052396580576897;-0.017072610557079315;-0.02561504952609539;-0.027898935601115227;-0.021917618811130524;-0.01642663963139057;0.2726045846939087;0.32043641805648804;0.35396093130111694;0.3651396930217743;0.36398422718048096;0.2943294048309326;0.33342719078063965;0.3672839105129242;0.388980895280838;0.2574188709259033;0.29598772525787354;0.3383827209472656;0.36680281162261963;0.23409965634346008;0.26549890637397766;0.3058107793331146;0.3337066173553467;0.22244730591773987;0.2478763610124588;0.2798345386981964;0.3044726252555847;0.0641690269112587;0.06285365670919418;0.10169900208711624;0.15119114518165588;0.19286823272705078;0.061168231070041656;0.16560816764831543;0.21632614731788635;0.2421526163816452;0.09544215351343155;0.19644570350646973;0.24096131324768066;0.25143328309059143;0.129413902759552;0.22084729373455048;0.25681254267692566;0.2662327289581299;0.15946224331855774;0.22798624634742737;0.2577758729457855;0.26696962118148804;-2.972183210658841e-07;-0.041534896939992905;-0.07177361100912094;-0.09046855568885803;-0.10691948235034943;-0.121091328561306;-0.1576135903596878;-0.16635572910308838;-0.16776561737060547;-0.10916610807180405;-0.1444416642189026;-0.14222374558448792;-0.1383889615535736;-0.09601899236440659;-0.1258605271577835;-0.12175660580396652;-0.11551591753959656;-0.08421014249324799;-0.10665903985500336;-0.1082499697804451;-0.10685524344444275;0.9789217710494995;0.9946114420890808
1772029328.9;0.6868613362312317;0.6239634156227112;0.5682666301727295;0.537945568561554;0.5070691704750061;0.5955635905265808;0.5386948585510254;0.5087907314300537;0.49585774540901184;0.6216320395469666;0.5495707988739014;0.5243126153945923;0.5208015441894531;0.6380482912063599;0.5709401965141296;0.5485035181045532;0.5457022190093994;0.6490851044654846;0.5961763858795166;0.5759608745574951;0.571887195110321;0.11460492759943008;0.09306187927722931;0.12685711681842804;0.19301407039165497;0.23010705411434174;0.18890151381492615;0.2688513994216919;0.2763153314590454;0.268466979265213;0.23405496776103973;0.2977975308895111;0.2814444899559021;0.25997012853622437;0.2620120346546173;0.31377866864204407;0.29210588335990906;0.2688368260860443;0.27724432945251465;0.3086410164833069;0.29415446519851685;0.2796703577041626;3.0776610060456733e-07;-0.019368039444088936;-0.030297229066491127;-0.033636171370744705;-0.03392042964696884;-0.054626621305942535;-0.06087682023644447;-0.0518396832048893;-0.042555373162031174;-0.04393952339887619;-0.046689387410879135;-0.034852415323257446;-0.025772836059331894;-0.03101138025522232;-0.02905713953077793;-0.017180003225803375;-0.010616283863782883;-0.019125256687402725;-0.01963767036795616;-0.014131467789411545;-0.009260434657335281;0.27667754888534546;0.3216591477394104;0.35473114252090454;0.36967816948890686;0.3731611967086792;0.30090707540512085;0.33588308095932007;0.3665499687194824;0.38650572299957275;0.26292315125465393;0.299746036529541;0.3385268449783325;0.365682989358902;0.23915451765060425;0.26919129490852356;0.30622127652168274;0.3318427801132202;0.2268417775630951;0.2502458095550537;0.27908119559288025;0.30161893367767334;0.059661999344825745;0.06214514374732971;0.10485733300447464;0.16000911593437195;0.2093067616224289;0.049452438950538635;0.1564134657382965;0.21222302317619324;0.2424330711364746;0.08173353970050812;0.1848316341638565;0.23526546359062195;0.25054147839546204;0.1158330887556076;0.20998217165470123;0.2497534453868866;0.26091599464416504;0.1482214629650116;0.2166731059551239;0.25049006938934326;0.26195159554481506;-3.470379397185752e-07;-0.04422018676996231;-0.07551342248916626;-0.0953785851597786;-0.11288279294967651;-0.12081599980592728;-0.16103366017341614;-0.17363862693309784;-0.17789094150066376;-0.10884646326303482;-0.14783471822738647;-0.1481129378080368;-0.14642928540706635;-0.09648056328296661;-0.13131606578826904;-0.13042327761650085;-0.12611572444438934;-0.08556019514799118;-0.11234331130981445;-0.11663452535867691;-0.11716586351394653;0.9826604127883911;0.9955651760101318
1772029328.9333334;0.6845564842224121;0.6226019263267517;0.5675035715103149;0.5376566052436829;0.5090891122817993;0.5917078256607056;0.5339010953903198;0.5046334266662598;0.49279189109802246;0.6176952123641968;0.5457379221916199;0.5231270790100098;0.5209189653396606;0.6338128447532654;0.5667829513549805;0.546834409236908;0.5455938577651978;0.6445412039756775;0.5914323329925537;0.5735121965408325;0.5711957216262817;0.11958156526088715;0.09660152345895767;0.12915745377540588;0.19539020955562592;0.23406265676021576;0.1957586109638214;0.27441781759262085;0.275442898273468;0.2631203234195709;0.24124325811862946;0.2986680865287781;0.2762186825275421;0.2536076605319977;0.2683974504470825;0.3135277032852173;0.2876541316509247;0.26338431239128113;0.2821210026741028;0.3072536289691925;0.28893524408340454;0.27344781160354614;3.018699032963923e-07;-0.021584490314126015;-0.03289490565657616;-0.03606996312737465;-0.03582465648651123;-0.055642396211624146;-0.06065269187092781;-0.05037172511219978;-0.04044926166534424;-0.04340564087033272;-0.04488946124911308;-0.03256028890609741;-0.023652059957385063;-0.02911192923784256;-0.02622937224805355;-0.014487797394394875;-0.00866843294352293;-0.01611342839896679;-0.01655559614300728;-0.01167381089180708;-0.007618153002113104;0.2804465889930725;0.3229385316371918;0.3562353253364563;0.3713889420032501;0.37732845544815063;0.306115984916687;0.3402327001094818;0.3678227961063385;0.38648149371147156;0.2675560712814331;0.3053590953350067;0.34256213903427124;0.36880505084991455;0.24241596460342407;0.27236539125442505;0.3088042438030243;0.3337002396583557;0.22746562957763672;0.24938379228115082;0.2779620587825775;0.3007065951824188;0.06229979544878006;0.06341440230607986;0.1041378527879715;0.16051065921783447;0.21086394786834717;0.045822396874427795;0.14988161623477936;0.20745143294334412;0.239765927195549;0.07883507758378983;0.17949208617210388;0.23188650608062744;0.24792572855949402;0.11311382800340652;0.20424215495586395;0.24672776460647583;0.2586851716041565;0.1452779769897461;0.2123967558145523;0.24755096435546875;0.25900256633758545;-3.6039122619513364e-07;-0.045122578740119934;-0.07860695570707321;-0.10053709149360657;-0.12037918716669083;-0.12651918828487396;-0.17073993384838104;-0.18549029529094696;-0.19066797196865082;-0.11452417075634003;-0.1560898870229721;-0.15604588389396667;-0.15434598922729492;-0.10242033004760742;-0.14232169091701508;-0.14391914010047913;-0.14065644145011902;-0.09132102876901627;-0.12112174183130264;-0.126999169588089;-0.12877868115901947;0.9852830171585083;0.996180534362793
1772029328.9666667;0.6826984286308289;0.6221334934234619;0.5672788619995117;0.5379178524017334;0.5071742534637451;0.5909822583198547;0.5333042740821838;0.5068718194961548;0.49852317571640015;0.6158214807510376;0.5454933643341064;0.5241413712501526;0.5233533978462219;0.631525993347168;0.5654636025428772;0.5470297336578369;0.5470767617225647;0.6420227289199829;0.5888273119926453;0.572239875793457;0.5712005496025085;0.12064803391695023;0.09426780045032501;0.1256767362356186;0.19297051429748535;0.23037505149841309;0.19943049550056458;0.27750107645988464;0.27555376291275024;0.26130542159080505;0.2436985969543457;0.29903075098991394;0.27661892771720886;0.25492918491363525;0.26930665969848633;0.31129229068756104;0.2852608561515808;0.2618511915206909;0.28219425678253174;0.30526331067085266;0.28598058223724365;0.2706104815006256;2.69260368668256e-07;-0.02261156402528286;-0.03298820182681084;-0.0351845845580101;-0.03356542810797691;-0.05150480940937996;-0.0558893047273159;-0.04595067352056503;-0.03637148067355156;-0.03860246762633324;-0.03976146876811981;-0.028911707922816277;-0.021292880177497864;-0.024092497304081917;-0.02198447287082672;-0.011892388574779034;-0.007093556225299835;-0.010909782722592354;-0.012384963221848011;-0.008579492568969727;-0.005207833833992481;0.282624214887619;0.323873370885849;0.35593700408935547;0.37114134430885315;0.3796387016773224;0.30773594975471497;0.3396078944206238;0.3669954836368561;0.3866862952709198;0.2690868079662323;0.3068545460700989;0.3411577343940735;0.3651028275489807;0.2429979145526886;0.27208802103996277;0.3074573576450348;0.33157801628112793;0.22643285989761353;0.24753530323505402;0.2770712077617645;0.3010414242744446;0.05468325316905975;0.05995268374681473;0.10331825911998749;0.15960060060024261;0.20931638777256012;0.03945760428905487;0.14507731795310974;0.20276598632335663;0.23518994450569153;0.06917673349380493;0.17467482388019562;0.225699782371521;0.2424144744873047;0.10244838148355484;0.19800148904323578;0.2407255470752716;0.25403428077697754;0.133842334151268;0.20326340198516846;0.24033521115779877;0.2537474036216736;-4.273015861144813e-07;-0.04412060230970383;-0.07736757397651672;-0.09934978932142258;-0.11979617923498154;-0.1254420280456543;-0.16778115928173065;-0.18168193101882935;-0.1869615614414215;-0.11397647857666016;-0.1528981626033783;-0.15358547866344452;-0.15385839343070984;-0.10203029960393906;-0.1393885463476181;-0.14149907231330872;-0.14008542895317078;-0.09113210439682007;-0.12012772262096405;-0.12652689218521118;-0.12942162156105042;0.986215353012085;0.9962740540504456
1772029329.0;0.6801090240478516;0.6204355359077454;0.5683227777481079;0.5368492603302002;0.5064978003501892;0.588931679725647;0.5305029153823853;0.5051263570785522;0.497317910194397;0.6133118271827698;0.5435706973075867;0.5223461985588074;0.519579291343689;0.628905713558197;0.5638735890388489;0.5444443821907043;0.5414764285087585;0.6392430067062378;0.5879673361778259;0.570938766002655;0.5673580765724182;0.11909706145524979;0.095086470246315;0.12618935108184814;0.1914723515510559;0.22827580571174622;0.20252195000648499;0.2767373323440552;0.2723241150379181;0.2556919455528259;0.24722620844841003;0.2949724793434143;0.2722638249397278;0.2501281499862671;0.2720189690589905;0.3063676953315735;0.28201475739479065;0.259144127368927;0.2828289866447449;0.3005058169364929;0.2822829484939575;0.2672055959701538;2.6926406349048193e-07;-0.02127290517091751;-0.03159892186522484;-0.033332765102386475;-0.03121883049607277;-0.052378859370946884;-0.05520020052790642;-0.04408995434641838;-0.03368908166885376;-0.038923583924770355;-0.03779347985982895;-0.02569417655467987;-0.01760617084801197;-0.02346062660217285;-0.018477434292435646;-0.00825696811079979;-0.004131578374654055;-0.009203886613249779;-0.008233379572629929;-0.0042968206107616425;-0.0011643316829577088;0.28158897161483765;0.3221268355846405;0.3546558618545532;0.37180811166763306;0.3815431296825409;0.3126786947250366;0.3418608605861664;0.36749333143234253;0.3869154453277588;0.2738553583621979;0.30933278799057007;0.34194329380989075;0.366580992937088;0.24595507979393005;0.2739683985710144;0.3078685402870178;0.33216971158981323;0.22670237720012665;0.2499578893184662;0.279173880815506;0.30342018604278564;0.06149899214506149;0.06557825207710266;0.10398370027542114;0.15836411714553833;0.20617535710334778;0.03723524510860443;0.14091810584068298;0.19582706689834595;0.22713035345077515;0.06282760202884674;0.1680440455675125;0.2178432047367096;0.23570036888122559;0.09522166848182678;0.18983477354049683;0.23162324726581573;0.24643781781196594;0.12766270339488983;0.19497205317020416;0.23232989013195038;0.24953524768352509;-4.7020685656207206e-07;-0.041065312922000885;-0.07277586311101913;-0.09436793625354767;-0.11488217115402222;-0.1184922531247139;-0.15684080123901367;-0.1682533472776413;-0.17262479662895203;-0.10888484120368958;-0.1452500820159912;-0.1471090316772461;-0.1488257348537445;-0.09845925122499466;-0.1335206776857376;-0.1374800205230713;-0.13833655416965485;-0.0890178233385086;-0.11791207641363144;-0.1260545402765274;-0.1306987851858139;0.9936249852180481;0.9945685267448425
1772029329.0333333;0.6807472109794617;0.6221733093261719;0.5694067478179932;0.5368677377700806;0.5077109932899475;0.5895339250564575;0.5309463739395142;0.5058335661888123;0.4972640872001648;0.613452672958374;0.5438274145126343;0.5227717757225037;0.5191114544868469;0.6283867955207825;0.5642309188842773;0.5445989370346069;0.5405634641647339;0.6378828287124634;0.5869158506393433;0.5698680877685547;0.5655712485313416;0.11530835926532745;0.09251797199249268;0.12390897423028946;0.1874723732471466;0.22247007489204407;0.20375092327594757;0.2746165692806244;0.2696998715400696;0.25354859232902527;0.24789145588874817;0.29139310121536255;0.2660887539386749;0.2430165410041809;0.27155205607414246;0.3025014102458954;0.2766900062561035;0.25279369950294495;0.2808775007724762;0.29684144258499146;0.2768648862838745;0.2600087821483612;2.6280329734618135e-07;-0.021483568474650383;-0.03145938366651535;-0.03264795243740082;-0.029950276017189026;-0.05218059942126274;-0.05372049659490585;-0.04166686162352562;-0.03098192624747753;-0.03836371749639511;-0.03670494258403778;-0.024625569581985474;-0.016694210469722748;-0.02239847369492054;-0.017393598333001137;-0.007808677386492491;-0.0041751740500330925;-0.007618615869432688;-0.006809392478317022;-0.0032883621752262115;-0.00047440105117857456;0.2825683057308197;0.3225763440132141;0.34833258390426636;0.36464741826057434;0.3689693212509155;0.3060985505580902;0.3386291265487671;0.3632051944732666;0.38165444135665894;0.2694336175918579;0.30371901392936707;0.3393517732620239;0.3652398884296417;0.2438736855983734;0.2680538594722748;0.3056718111038208;0.33402666449546814;0.22735221683979034;0.24471686780452728;0.27377113699913025;0.2965227961540222;0.05799435079097748;0.052845656871795654;0.09246346354484558;0.15205489099025726;0.19597861170768738;0.027037084102630615;0.13123075664043427;0.18788105249404907;0.21763557195663452;0.04929971694946289;0.15768848359584808;0.21285368502140045;0.23859301209449768;0.08443993330001831;0.17982542514801025;0.22049480676651;0.23861917853355408;0.12298828363418579;0.18819665908813477;0.22497043013572693;0.24813680350780487;-5.175285195946344e-07;-0.04610954225063324;-0.07869964838027954;-0.09894540160894394;-0.11932481080293655;-0.12208172678947449;-0.14935772120952606;-0.15150368213653564;-0.15152324736118317;-0.10870813578367233;-0.13532042503356934;-0.13449245691299438;-0.1366967111825943;-0.09322727471590042;-0.12005333602428436;-0.1230127215385437;-0.12650923430919647;-0.07889870554208755;-0.10756360739469528;-0.11606241762638092;-0.12135599553585052;0.9948464035987854;0.993704080581665
1772029329.0666666;0.6794366836547852;0.6199566125869751;0.569806694984436;0.5382634401321411;0.5076936483383179;0.5897576212882996;0.5305896401405334;0.5055925846099854;0.49792659282684326;0.6135666370391846;0.5447821617126465;0.5239059925079346;0.5200367569923401;0.628212571144104;0.5652918219566345;0.5459778904914856;0.5417598485946655;0.6373631954193115;0.5876638293266296;0.571582555770874;0.567413866519928;0.11375753581523895;0.09019099175930023;0.12288819998502731;0.186107337474823;0.2184484750032425;0.20612606406211853;0.27492883801460266;0.2666642963886261;0.24753980338573456;0.24981990456581116;0.28875046968460083;0.2622668743133545;0.23852576315402985;0.27178242802619934;0.2977179288864136;0.2710954248905182;0.24616752564907074;0.27958908677101135;0.29246389865875244;0.2712544798851013;0.2525555491447449;2.651040915679914e-07;-0.023507632315158844;-0.033238328993320465;-0.033688854426145554;-0.029929660260677338;-0.05134212225675583;-0.0517466776072979;-0.038982536643743515;-0.027762895449995995;-0.035651300102472305;-0.032765474170446396;-0.020619556307792664;-0.012830379419028759;-0.018077746033668518;-0.012561875395476818;-0.003999780397862196;-0.0011319414479658008;-0.0018564414931461215;-0.0011939721880480647;0.001254602917470038;0.003347183810546994;0.2765967845916748;0.3186335265636444;0.3498586118221283;0.37116724252700806;0.38103801012039185;0.30491822957992554;0.338883638381958;0.36497312784194946;0.38800421357154846;0.26701030135154724;0.30272895097732544;0.3372279405593872;0.36468878388404846;0.24050965905189514;0.2651468515396118;0.29681864380836487;0.3261989951133728;0.22453221678733826;0.23822978138923645;0.2575719654560089;0.2774108350276947;0.04888097196817398;0.052264198660850525;0.07798271626234055;0.13006871938705444;0.1728857159614563;0.023615971207618713;0.11414090543985367;0.17493028938770294;0.2130945920944214;0.04608096927404404;0.1396552324295044;0.19579215347766876;0.22587180137634277;0.07818414270877838;0.15889447927474976;0.2063668966293335;0.2350296825170517;0.1124868094921112;0.1738130748271942;0.21459394693374634;0.24630114436149597;-5.186672069612541e-07;-0.03931595757603645;-0.07098183780908585;-0.09583308547735214;-0.12056410312652588;-0.09371168911457062;-0.12449232488870621;-0.13651728630065918;-0.141270712018013;-0.0857049748301506;-0.11153554171323776;-0.11436872184276581;-0.11726544052362442;-0.07717065513134003;-0.10201319307088852;-0.10348883271217346;-0.10358154773712158;-0.07064925879240036;-0.09140528738498688;-0.09339866787195206;-0.09351038187742233;0.9961214065551758;0.9978247284889221
1772029329.1;0.6808559894561768;0.6223406791687012;0.5727702379226685;0.5411962270736694;0.5100321769714355;0.5952975749969482;0.5353908538818359;0.5082967281341553;0.5002130270004272;0.6184410452842712;0.5477221012115479;0.5263725519180298;0.5223932266235352;0.63128262758255;0.5673635005950928;0.5469698905944824;0.5422726273536682;0.6389936804771423;0.5889297127723694;0.5715348124504089;0.5669054388999939;0.11235322803258896;0.09021724760532379;0.1235300675034523;0.18662263453006744;0.2190280705690384;0.2105787992477417;0.2771739661693573;0.26754721999168396;0.24589596688747406;0.2535146474838257;0.2903447449207306;0.2604851722717285;0.236086905002594;0.2742975652217865;0.29847732186317444;0.2695370316505432;0.24409328401088715;0.28055888414382935;0.2945621907711029;0.27192187309265137;0.2523212134838104;2.960640586024965e-07;-0.02611534111201763;-0.038050729781389236;-0.040435418486595154;-0.038360048085451126;-0.05430711433291435;-0.055943578481674194;-0.043014708906412125;-0.031231727451086044;-0.03794940188527107;-0.03639109805226326;-0.023616308346390724;-0.014700934290885925;-0.019961854442954063;-0.01593390293419361;-0.006564526353031397;-0.0024542564060539007;-0.003534218529239297;-0.003989725839346647;-0.0011257878504693508;0.0017998957773670554;0.2634762227535248;0.30451488494873047;0.3360694348812103;0.3640674948692322;0.3829278349876404;0.3017014265060425;0.3428361415863037;0.365631103515625;0.38198763132095337;0.2670048475265503;0.3042110502719879;0.33639785647392273;0.3607257604598999;0.23968996107578278;0.2622567415237427;0.2910343408584595;0.3156623840332031;0.2187265157699585;0.2271176129579544;0.2427986115217209;0.2566102147102356;0.04675561562180519;0.04519740864634514;0.06390167772769928;0.11252682656049728;0.15557453036308289;0.015897512435913086;0.1060209795832634;0.1661723256111145;0.20346572995185852;0.0318438783288002;0.12859782576560974;0.18993684649467468;0.22624364495277405;0.06138628348708153;0.14650902152061462;0.20017829537391663;0.23773407936096191;0.09911760687828064;0.1548842489719391;0.19170846045017242;0.2220279574394226;-5.473901296682016e-07;-0.0323810875415802;-0.060017477720975876;-0.08212387561798096;-0.10600170493125916;-0.08660545945167542;-0.1115918979048729;-0.11956476420164108;-0.12300365418195724;-0.08226736634969711;-0.10505198687314987;-0.10895450413227081;-0.11375692486763;-0.07640080899000168;-0.1012701764702797;-0.10645595192909241;-0.10985486209392548;-0.07128977030515671;-0.09201787412166595;-0.09427753835916519;-0.09569552540779114;0.9944921731948853;0.9702310562133789
1772029329.1333334;0.6835916638374329;0.6253002882003784;0.5792813897132874;0.5504586696624756;0.5185232758522034;0.6061255931854248;0.5454090237617493;0.515015184879303;0.5016674399375916;0.6281107068061829;0.5577722191810608;0.5336273908615112;0.5266586542129517;0.6390027403831482;0.5752615332603455;0.5530496835708618;0.5455840826034546;0.643783450126648;0.5937381982803345;0.574881374835968;0.567920982837677;0.11108747869729996;0.09200786054134369;0.1264711171388626;0.1888791024684906;0.22273866832256317;0.21859820187091827;0.2815925180912018;0.2690896689891815;0.24710063636302948;0.25831735134124756;0.2946299910545349;0.26474446058273315;0.23824702203273773;0.27566835284233093;0.2970764935016632;0.2679402232170105;0.24041113257408142;0.278692364692688;0.2921236455440521;0.26923051476478577;0.2474789172410965;3.3902858831424965e-07;-0.0316084548830986;-0.044411104172468185;-0.047396764159202576;-0.04578034207224846;-0.05216078460216522;-0.056777190417051315;-0.04826328530907631;-0.03981291875243187;-0.03397785499691963;-0.03637542948126793;-0.02809925191104412;-0.021739013493061066;-0.015282896347343922;-0.016019415110349655;-0.010171390138566494;-0.007069239858537912;0.0013258066028356552;-0.003916027024388313;-0.003870042972266674;-0.001857901574112475;0.2647712826728821;0.2947102189064026;0.32146114110946655;0.34628573060035706;0.3699151277542114;0.2798580229282379;0.31575649976730347;0.34557095170021057;0.37418651580810547;0.2533133327960968;0.28950953483581543;0.3217843174934387;0.3507511019706726;0.23811878263950348;0.2570558786392212;0.27987316250801086;0.300922691822052;0.23305463790893555;0.22391417622566223;0.22892996668815613;0.23828443884849548;0.01342570036649704;0.025575712323188782;0.06125392019748688;0.1015111654996872;0.1363363265991211;0.036312300711870193;0.10605917870998383;0.15489919483661652;0.19487673044204712;0.03176043927669525;0.10640189051628113;0.16837376356124878;0.2153356671333313;0.03647460415959358;0.10929490625858307;0.17057904601097107;0.21429041028022766;0.049932707101106644;0.10495659708976746;0.15007707476615906;0.1848829686641693;4.769436259266513e-07;-0.0213471669703722;-0.05238446593284607;-0.08246930688619614;-0.11607194691896439;-0.08852335065603256;-0.13874457776546478;-0.16978362202644348;-0.1894441395998001;-0.10034090280532837;-0.15464471280574799;-0.17377379536628723;-0.1861608624458313;-0.11112600564956665;-0.1613234281539917;-0.1656557321548462;-0.1644698530435562;-0.12281744927167892;-0.15760724246501923;-0.15910068154335022;-0.158688485622406;0.9919653534889221;0.9714931845664978
1772029329.1666667;0.6909999251365662;0.636189341545105;0.5922563076019287;0.5667720437049866;0.5350144505500793;0.6264724135398865;0.567333996295929;0.5321177840232849;0.5149991512298584;0.6470299363136292;0.5762441754341125;0.5445407032966614;0.532551109790802;0.6545783281326294;0.5899974703788757;0.561100423336029;0.5491565465927124;0.6562783718109131;0.6052078604698181;0.5804129838943481;0.5687127113342285;0.11330747604370117;0.0926697701215744;0.12688781321048737;0.1902550458908081;0.2272782325744629;0.2238997220993042;0.2913879156112671;0.2826195955276489;0.26067110896110535;0.26117223501205444;0.306532084941864;0.28070032596588135;0.25345534086227417;0.2774800956249237;0.30770838260650635;0.2820599675178528;0.2546221613883972;0.27979159355163574;0.2999497950077057;0.28097984194755554;0.259402871131897;4.343440025422751e-07;-0.04141274094581604;-0.0590767040848732;-0.06491030007600784;-0.06561008095741272;-0.06454437226057053;-0.07361898571252823;-0.06777413189411163;-0.06060866639018059;-0.042597729712724686;-0.05107253044843674;-0.0456886850297451;-0.04014084115624428;-0.02058429829776287;-0.026546098291873932;-0.02276802808046341;-0.019743770360946655;-0.0012791494373232126;-0.010310906916856766;-0.01221384946256876;-0.010835239663720131;;;;;;;;;;;;;;;;;;;;;;;;;;;;;;;;;;;;;;;;;;;;;;;;;;;;;;;;;;;;;;;;0.9928439855575562;
1772029329.2;0.707879364490509;0.6557995676994324;0.6123295426368713;0.587899386882782;0.5598596334457397;0.663226842880249;0.6052836179733276;0.5657334923744202;0.5397961139678955;0.6823771595954895;0.6129740476608276;0.5740041732788086;0.5514039993286133;0.6853667497634888;0.6206125617027283;0.5851227641105652;0.563401997089386;0.6803584694862366;0.6293063759803772;0.5984892249107361;0.5777923464775085;0.1121261790394783;0.09408347308635712;0.140137180685997;0.20629292726516724;0.2455296367406845;0.22900113463401794;0.3042182922363281;0.30466386675834656;0.29075178503990173;0.25978484749794006;0.31928157806396484;0.3072584271430969;0.2861790060997009;0.27341216802597046;0.31685635447502136;0.3035895824432373;0.2839582562446594;0.27450206875801086;0.30227360129356384;0.2943170666694641;0.28160297870635986;5.078694584881305e-07;-0.04361579194664955;-0.060588445514440536;-0.06543244421482086;-0.06571650505065918;-0.06693576276302338;-0.08109930902719498;-0.0812128409743309;-0.07810799777507782;-0.0442008413374424;-0.05847436562180519;-0.057129766792058945;-0.05320661887526512;-0.021823693066835403;-0.032717928290367126;-0.032257743179798126;-0.02993372268974781;-0.002199303125962615;-0.013279471546411514;-0.016849422827363014;-0.016066769137978554;0.28185003995895386;0.3185027539730072;0.3568274974822998;0.38848695158958435;0.4129117727279663;0.31814324855804443;0.34097668528556824;0.36164581775665283;0.3749631643295288;0.27991774678230286;0.2867456376552582;0.30137860774993896;0.3102225661277771;0.24672028422355652;0.23638767004013062;0.2372598797082901;0.2341475635766983;0.2212725132703781;0.20375926792621613;0.19164776802062988;0.17723432183265686;0.09271317720413208;0.1041332334280014;0.11802728474140167;0.1472664326429367;0.17440177500247955;0.023396486416459084;0.028949104249477386;0.07334169000387192;0.11367537081241608;0.02786923386156559;0.029083771631121635;0.07358155399560928;0.10984237492084503;0.049772586673498154;0.049239709973335266;0.07160181552171707;0.09223997592926025;0.08293275535106659;0.08803945779800415;0.09888061881065369;0.10609113425016403;1.3268605769667374e-08;-0.038941241800785065;-0.07600203156471252;-0.11036352068185806;-0.1462547332048416;-0.08124326169490814;-0.126864954829216;-0.15822091698646545;-0.1765826791524887;-0.08183611929416656;-0.12137390673160553;-0.14219532907009125;-0.15662334859371185;-0.08499547094106674;-0.1181645467877388;-0.13450004160404205;-0.14524975419044495;-0.09046334028244019;-0.11345653980970383;-0.12448026239871979;-0.13391588628292084;0.9937871098518372;0.9951517581939697
1772029329.2333333;0.72353196144104;0.6724247932434082;0.6373983025550842;0.6177340745925903;0.5957949757575989;0.7120621204376221;0.6643820405006409;0.6202680468559265;0.5856798887252808;0.7284249067306519;0.6672819256782532;0.6216353178024292;0.5896888971328735;0.7279037237167358;0.6682021617889404;0.6261597871780396;0.5972675681114197;0.7193038463592529;0.6704424619674683;0.6355337500572205;0.609693169593811;0.10414372384548187;0.09662576019763947;0.15210823714733124;0.22022798657417297;0.26698070764541626;0.2256663292646408;0.30676236748695374;0.3216090798377991;0.32103821635246277;0.25306403636932373;0.32618170976638794;0.3257042169570923;0.3133890926837921;0.267654687166214;0.32475006580352783;0.32017529010772705;0.3068380057811737;0.27156805992126465;0.30753761529922485;0.30467551946640015;0.29914578795433044;6.443102051889582e-07;-0.05221303552389145;-0.07354013621807098;-0.08114752918481827;-0.08463746309280396;-0.07820659130811691;-0.09994793683290482;-0.10735058784484863;-0.1094973236322403;-0.05349145829677582;-0.07395214587450027;-0.07784079760313034;-0.0778457298874855;-0.02990001067519188;-0.047505199909210205;-0.05093342438340187;-0.05092362314462662;-0.009642164222896099;-0.027724962681531906;-0.035584598779678345;-0.03758867830038071;0.2934013605117798;0.33115100860595703;0.3622235357761383;0.39142152667045593;0.4187941551208496;0.32340413331985474;0.3364749550819397;0.3564165532588959;0.37191736698150635;0.2823038697242737;0.2830677926540375;0.2913550138473511;0.2955271899700165;0.24783290922641754;0.2364135980606079;0.23209750652313232;0.22536244988441467;0.22311533987522125;0.2050369679927826;0.19235195219516754;0.17773674428462982;0.09906759113073349;0.1020280122756958;0.11540131270885468;0.14624881744384766;0.17276665568351746;0.024715043604373932;0.015720680356025696;0.05069670081138611;0.08779530227184296;0.03722047805786133;0.03046237677335739;0.06617379188537598;0.0965869203209877;0.062468964606523514;0.0575341135263443;0.06765397638082504;0.07592032104730606;0.09513746201992035;0.09609119594097137;0.10179310292005539;0.1041765958070755;1.1462608284773523e-07;-0.036148373037576675;-0.0699445903301239;-0.10197316855192184;-0.13561923801898956;-0.0770949274301529;-0.12186691164970398;-0.1519498974084854;-0.16890859603881836;-0.07816494256258011;-0.11757337301969528;-0.1373385488986969;-0.15057067573070526;-0.08162429183721542;-0.11342696845531464;-0.12894637882709503;-0.13906940817832947;-0.08756741136312485;-0.10975558310747147;-0.11945093423128128;-0.12747429311275482;0.9941808581352234;0.9909524917602539
1772029329.2666667;0.7416521310806274;0.7036822438240051;0.6757520437240601;0.657829761505127;0.6441816687583923;0.7650986313819885;0.7380637526512146;0.6968370079994202;0.6612818837165833;0.7630009651184082;0.7210320830345154;0.678429901599884;0.652395486831665;0.7509605288505554;0.704375684261322;0.6805675029754639;0.6741814017295837;0.7379416823387146;0.7005850672721863;0.6824777722358704;0.6758062243461609;0.10822510719299316;0.10861852765083313;0.15987199544906616;0.22924670577049255;0.2860092520713806;0.21577823162078857;0.29821670055389404;0.3265250325202942;0.3413124084472656;0.25695163011550903;0.33418530225753784;0.332588255405426;0.32381942868232727;0.28283873200416565;0.3304303288459778;0.29950281977653503;0.27570438385009766;0.29459917545318604;0.326727956533432;0.3054352402687073;0.28769737482070923;6.322397894109599e-07;-0.05691750720143318;-0.07683845609426498;-0.08270598948001862;-0.08361579477787018;-0.07194674015045166;-0.10000600665807724;-0.11471426486968994;-0.12223231792449951;-0.0478828139603138;-0.07511763274669647;-0.08318803459405899;-0.08460236340761185;-0.02691001631319523;-0.053318534046411514;-0.053209900856018066;-0.046943798661231995;-0.010041151195764542;-0.03180042654275894;-0.034353289753198624;-0.03047982230782509;0.296155720949173;0.3334217369556427;0.3690306842327118;0.39707422256469727;0.4187672734260559;0.3300955593585968;0.3400922417640686;0.3574920892715454;0.37161436676979065;0.2885766327381134;0.2868403494358063;0.29871875047683716;0.3081224262714386;0.25403115153312683;0.2416079044342041;0.23911170661449432;0.23631377518177032;0.22900904715061188;0.21180906891822815;0.19818779826164246;0.18353338539600372;0.09293274581432343;0.10157771408557892;0.11810001730918884;0.14463771879673004;0.17410582304000854;0.03618467226624489;0.028070103377103806;0.05852905660867691;0.0928918644785881;0.0455547571182251;0.04542221128940582;0.07745357602834702;0.10856214910745621;0.0679703950881958;0.07776104658842087;0.09090366959571838;0.10502389073371887;0.09796419739723206;0.10626821219921112;0.11765363067388535;0.12713640928268433;6.694210696878145e-08;-0.034625012427568436;-0.06748031824827194;-0.09844545274972916;-0.13060759007930756;-0.07250978797674179;-0.11414147913455963;-0.1409512460231781;-0.15521948039531708;-0.07161614298820496;-0.10658828169107437;-0.12197171896696091;-0.1321188509464264;-0.07337212562561035;-0.10183937847614288;-0.11533136665821075;-0.12416931241750717;-0.0776289701461792;-0.09709572046995163;-0.10664398968219757;-0.11494417488574982;0.988560676574707;0.993083655834198
1772029329.3;0.7626117467880249;0.7406304478645325;0.7215900421142578;0.7052279114723206;0.6961800456047058;0.8102707862854004;0.7967892289161682;0.7616574764251709;0.7260369062423706;0.7907153964042664;0.7802496552467346;0.7478209733963013;0.7179380655288696;0.7628931999206543;0.7435169219970703;0.7161651849746704;0.6950501799583435;0.7383927702903748;0.7138524055480957;0.6939566135406494;0.6782355308532715;0.09589128196239471;0.11622127890586853;0.16718611121177673;0.2374153435230255;0.29962870478630066;0.22423583269119263;0.28641465306282043;0.321633517742157;0.34136077761650085;0.25563421845436096;0.3244701325893402;0.34733816981315613;0.3588911294937134;0.2722308933734894;0.3292226791381836;0.3395175039768219;0.340958833694458;0.2735796570777893;0.31486088037490845;0.31848829984664917;0.3192959129810333;6.789514941374364e-07;-0.05972461774945259;-0.08327315002679825;-0.09498462826013565;-0.10237255692481995;-0.054957885295152664;-0.08447553962469101;-0.10683552175760269;-0.12088096141815186;-0.03259489685297012;-0.0632227286696434;-0.08374014496803284;-0.09544557332992554;-0.015105755999684334;-0.046798672527074814;-0.060994021594524384;-0.06610502302646637;-0.0017500754911452532;-0.02873651683330536;-0.04012294486165047;-0.04364373907446861;0.29912132024765015;0.33415159583091736;0.3684544563293457;0.39839231967926025;0.42254120111465454;0.3240639269351959;0.34330737590789795;0.36396852135658264;0.37769031524658203;0.2861303687095642;0.2973328232765198;0.3127031624317169;0.3226052224636078;0.25611501932144165;0.25421202182769775;0.2532893419265747;0.2505742311477661;0.23553450405597687;0.21782079339027405;0.20661060512065887;0.19652286171913147;0.08868808299303055;0.09297679364681244;0.11421604454517365;0.14602002501487732;0.17378731071949005;0.02219700813293457;0.03941790387034416;0.07361827045679092;0.11165867745876312;0.034438688308000565;0.06683492660522461;0.10690835863351822;0.14615768194198608;0.061411239206790924;0.0897483304142952;0.11412469297647476;0.1385747194290161;0.09380144625902176;0.1105988472700119;0.13021527230739594;0.1489851474761963;-2.840221835498369e-09;-0.029463259503245354;-0.0619380809366703;-0.09368917346000671;-0.12766805291175842;-0.06839427351951599;-0.109215147793293;-0.13802121579647064;-0.15350428223609924;-0.07070227712392807;-0.1042073518037796;-0.12235894799232483;-0.13525626063346863;-0.07469722628593445;-0.10339965671300888;-0.11902802437543869;-0.12903563678264618;-0.08058581501245499;-0.09980197995901108;-0.10813228040933609;-0.11510384827852249;0.9902203679084778;0.995680570602417
1772029329.3333333;0.7701109647750854;0.7703695297241211;0.7682957649230957;0.7539130449295044;0.7484553456306458;0.8630707263946533;0.8706204891204834;0.8409961462020874;0.8045327663421631;0.8352267146110535;0.8431709408760071;0.8151821494102478;0.7844260931015015;0.7990210056304932;0.7827203273773193;0.7540997266769409;0.7331907749176025;0.7648853659629822;0.7446699738502502;0.7262794375419617;0.7135812640190125;0.11049944162368774;0.11553777009248734;0.16512587666511536;0.23736588656902313;0.3019065260887146;0.21505685150623322;0.27302587032318115;0.3120743930339813;0.33536505699157715;0.2589510679244995;0.3224165737628937;0.35574570298194885;0.3751945495605469;0.28429457545280457;0.33507969975471497;0.3442857265472412;0.3444191515445709;0.2939697802066803;0.3293161988258362;0.32206636667251587;0.31304997205734253;7.707824352110038e-07;-0.07792093604803085;-0.11051242053508759;-0.12739089131355286;-0.13978388905525208;-0.09090873599052429;-0.1325646936893463;-0.16152353584766388;-0.17990270256996155;-0.06525693088769913;-0.1099487766623497;-0.1365385502576828;-0.1522371619939804;-0.0453854575753212;-0.09193294495344162;-0.11355851590633392;-0.12295348942279816;-0.03065774217247963;-0.07211937755346298;-0.09024730324745178;-0.09801888465881348;0.2938663363456726;0.33134549856185913;0.3679652512073517;0.3996348977088928;0.42977696657180786;0.32083743810653687;0.3488425314426422;0.37120527029037476;0.3881540596485138;0.28337374329566956;0.3001505434513092;0.31974294781684875;0.33554139733314514;0.2533722221851349;0.25738978385925293;0.26198810338974;0.26658105850219727;0.2334195375442505;0.2230600118637085;0.21947884559631348;0.2157454788684845;0.07529033720493317;0.08120010793209076;0.10492247343063354;0.14504176378250122;0.18129469454288483;0.02169051021337509;0.05283046513795853;0.0938047245144844;0.13639304041862488;0.0375082828104496;0.08354239910840988;0.13166075944900513;0.1752682626247406;0.06459275633096695;0.09954191744327545;0.12938913702964783;0.16193971037864685;0.09491574764251709;0.12488269805908203;0.15306338667869568;0.181077778339386;-7.092644693784678e-08;-0.028283191844820976;-0.06031590327620506;-0.09170229732990265;-0.12519486248493195;-0.06230799853801727;-0.10097704082727432;-0.12967735528945923;-0.14552468061447144;-0.06343928724527359;-0.09499992430210114;-0.11269629001617432;-0.12564386427402496;-0.06618750095367432;-0.09126165509223938;-0.10597698390483856;-0.1157643049955368;-0.07099588215351105;-0.08750340342521667;-0.09505902230739594;-0.10148598253726959;0.9834864735603333;0.9962093234062195
1772029329.3666666;0.7728431224822998;0.7848737239837646;0.7998023629188538;0.8036883473396301;0.8144350051879883;0.897313117980957;0.9250024557113647;0.907063901424408;0.8782498836517334;0.8760639429092407;0.9048322439193726;0.8878424763679504;0.8662904500961304;0.8463647365570068;0.8436205387115479;0.8125172257423401;0.7878462672233582;0.8144316077232361;0.8076446652412415;0.7893233895301819;0.7764958143234253;0.11549586057662964;0.11823147535324097;0.1608520746231079;0.23144717514514923;0.2904775142669678;0.20100989937782288;0.2581314742565155;0.29589372873306274;0.32233864068984985;0.24483822286128998;0.30015626549720764;0.3382272720336914;0.36613017320632935;0.2738840878009796;0.33081236481666565;0.3268660008907318;0.3079293370246887;0.2878354489803314;0.332205593585968;0.32034242153167725;0.29578086733818054;6.747091561010166e-07;-0.07671073079109192;-0.10488131642341614;-0.11904129385948181;-0.1279631108045578;-0.0659354105591774;-0.10297062247991562;-0.12989388406276703;-0.145574152469635;-0.04024345055222511;-0.08097942918539047;-0.10860267281532288;-0.12305152416229248;-0.02226732298731804;-0.07180377095937729;-0.0973677784204483;-0.1050640344619751;-0.009233899414539337;-0.05537685379385948;-0.07721411436796188;-0.08473457396030426;0.30079248547554016;0.3354913592338562;0.36982280015945435;0.40256792306900024;0.43249866366386414;0.3263533115386963;0.35359424352645874;0.37720805406570435;0.3946612477302551;0.28822073340415955;0.3113880455493927;0.3310736119747162;0.3455181121826172;0.25774523615837097;0.2686399519443512;0.27698999643325806;0.2845287621021271;0.23771849274635315;0.22993910312652588;0.22878602147102356;0.22786879539489746;0.09607676416635513;0.09931474924087524;0.11629993468523026;0.15195482969284058;0.18917253613471985;0.02624715119600296;0.06694678962230682;0.11017996817827225;0.15346898138523102;0.039341941475868225;0.10528697073459625;0.15812626481056213;0.20514917373657227;0.06834426522254944;0.11870209872722626;0.1590377688407898;0.19827941060066223;0.10075560957193375;0.13805031776428223;0.17151421308517456;0.20439915359020233;-1.4917891633103864e-07;-0.031470995396375656;-0.06514614075422287;-0.09778894484043121;-0.1319306641817093;-0.06648215651512146;-0.10759542137384415;-0.1366906315088272;-0.15216919779777527;-0.06686332821846008;-0.1024690642952919;-0.12066096067428589;-0.13300581276416779;-0.06894565373659134;-0.09856843203306198;-0.11178848892450333;-0.11898422241210938;-0.07337842881679535;-0.09340466558933258;-0.10021539777517319;-0.10460873693227768;0.9970207810401917;0.9980081915855408
1772029329.4;0.7817642688751221;0.8014344573020935;0.8314734697341919;0.850104033946991;0.8644388318061829;0.9360182285308838;0.9713042378425598;0.9518548250198364;0.9221560955047607;0.919336199760437;0.9576674699783325;0.9336764812469482;0.9056751728057861;0.891502857208252;0.9132862687110901;0.8855098485946655;0.8587042093276978;0.8568574786186218;0.8619438409805298;0.836348295211792;0.8129494786262512;0.12133300304412842;0.12602075934410095;0.16181975603103638;0.2309909164905548;0.2900834381580353;0.17970651388168335;0.23489944636821747;0.2758007049560547;0.3042658567428589;0.22907698154449463;0.2855207324028015;0.3231632113456726;0.34736552834510803;0.2635660767555237;0.32532644271850586;0.3378358483314514;0.3352753818035126;0.28269824385643005;0.3335379362106323;0.331786185503006;0.3165341913700104;6.315696623460099e-07;-0.06280524283647537;-0.08252565562725067;-0.09152241796255112;-0.09551430493593216;-0.032775670289993286;-0.05914163589477539;-0.08283621817827225;-0.0983286052942276;-0.011418214067816734;-0.04095570743083954;-0.06718458980321884;-0.0821307972073555;0.002559512387961149;-0.035693902522325516;-0.06083323806524277;-0.07162889838218689;0.012304972857236862;-0.030527297407388687;-0.052700940519571304;-0.06139155104756355;0.2997730076313019;0.3338736593723297;0.36844325065612793;0.39957135915756226;0.4219716191291809;0.32887589931488037;0.36082810163497925;0.38605499267578125;0.4048481285572052;0.2898922264575958;0.31552422046661377;0.3365528881549835;0.352402925491333;0.25849759578704834;0.27390727400779724;0.2846481502056122;0.29469799995422363;0.23836255073547363;0.23357777297496796;0.23438289761543274;0.23586401343345642;0.10019181668758392;0.09896396100521088;0.11311924457550049;0.14868062734603882;0.18820111453533173;0.029593072831630707;0.08002990484237671;0.13107091188430786;0.17758060991764069;0.04608352482318878;0.11566806584596634;0.1742245852947235;0.22301000356674194;0.07657532393932343;0.12842205166816711;0.17450430989265442;0.2160423845052719;0.10950267314910889;0.14848268032073975;0.18185420334339142;0.2136860191822052;-1.8402964485630946e-07;-0.027927614748477936;-0.058086324483156204;-0.08827918022871017;-0.12047252804040909;-0.05792096629738808;-0.09939710795879364;-0.12936793267726898;-0.1445181965827942;-0.059717535972595215;-0.09512609988451004;-0.11289416253566742;-0.12364187836647034;-0.06333232671022415;-0.09329422563314438;-0.1043902337551117;-0.10833480954170227;-0.0691206306219101;-0.08783411979675293;-0.09140908718109131;-0.0921621024608612;0.9977165460586548;0.9973394870758057
1772029329.4333334;0.7826683521270752;0.8145313858985901;0.8525968194007874;0.8769713640213013;0.8937090635299683;0.9596130847930908;0.9974648952484131;0.9778604507446289;0.9420832991600037;0.9390431642532349;0.9766876101493835;0.9527266025543213;0.9190834164619446;0.9078266024589539;0.924299955368042;0.8918702602386475;0.8579078912734985;0.869452953338623;0.8865927457809448;0.8660961985588074;0.8413029313087463;0.13009187579154968;0.13215506076812744;0.16283029317855835;0.23256485164165497;0.29420068860054016;0.16344723105430603;0.22998671233654022;0.2742096185684204;0.2970180809497833;0.21155540645122528;0.2757180333137512;0.3086906969547272;0.323237806558609;0.24802377820014954;0.3074304461479187;0.31566014885902405;0.30639469623565674;0.27187398076057434;0.32274550199508667;0.32323962450027466;0.3072670102119446;5.488582246471196e-07;-0.06175047904253006;-0.08506058901548386;-0.09905106574296951;-0.1075851246714592;-0.028974199667572975;-0.061173614114522934;-0.08961557596921921;-0.10516975075006485;-0.009022515267133713;-0.04480690881609917;-0.07682076096534729;-0.09237875044345856;0.0033500557765364647;-0.03721267729997635;-0.06275975704193115;-0.06984279304742813;0.011521904729306698;-0.023404179140925407;-0.03971634805202484;-0.043471239507198334;0.29810163378715515;0.3321690261363983;0.3680119812488556;0.3984590470790863;0.418983519077301;0.328684538602829;0.3654335141181946;0.391006737947464;0.4103625416755676;0.28932273387908936;0.3178390562534332;0.3407478630542755;0.35844454169273376;0.2578451931476593;0.2767944931983948;0.29212686419487;0.30519357323646545;0.23805734515190125;0.2368864119052887;0.24352553486824036;0.24996834993362427;0.10968906432390213;0.10521641373634338;0.11377067118883133;0.1398797184228897;0.1734665334224701;0.034025102853775024;0.09248471260070801;0.1466638743877411;0.19427284598350525;0.04963928088545799;0.1263863891363144;0.18709896504878998;0.2365512251853943;0.07950931787490845;0.140023335814476;0.1897737681865692;0.23239126801490784;0.11229050159454346;0.15580372512340546;0.19156065583229065;0.22422797977924347;-2.0167711056728876e-07;-0.02600455842912197;-0.05436953902244568;-0.08285683393478394;-0.11350502073764801;-0.05834633857011795;-0.10142046958208084;-0.13261641561985016;-0.1480623185634613;-0.06052958965301514;-0.0966082289814949;-0.11269768327474594;-0.1216462105512619;-0.06424829363822937;-0.09494069218635559;-0.10150786489248276;-0.10121039301156998;-0.07017288357019424;-0.08871227502822876;-0.08851601928472519;-0.08541110157966614;0.9969067573547363;0.9953476190567017
1772029329.4666667;0.7875415086746216;0.8260428309440613;0.8692117929458618;0.8947340250015259;0.9112022519111633;0.9708700776100159;1.0104200839996338;0.9887502789497375;0.9515267014503479;0.9503035545349121;0.9937297701835632;0.9614980816841125;0.9225531816482544;0.919956386089325;0.9419474601745605;0.906166136264801;0.8724058270454407;0.881342887878418;0.901423990726471;0.8767837882041931;0.8499965667724609;0.14920419454574585;0.14142760634422302;0.16726154088974;0.23620006442070007;0.29691416025161743;0.16636237502098083;0.2307031750679016;0.2745060622692108;0.2954970896244049;0.2165830135345459;0.27590212225914;0.3016575276851654;0.30931025743484497;0.25660598278045654;0.310560405254364;0.31466060876846313;0.3021920919418335;0.2832704782485962;0.32652467489242554;0.32154715061187744;0.3009932339191437;3.6464328445617866e-07;-0.062364913523197174;-0.0875130295753479;-0.10405513644218445;-0.115434929728508;-0.02951923757791519;-0.06808013468980789;-0.1021304652094841;-0.12051979452371597;-0.011583032086491585;-0.05309396609663963;-0.0885213166475296;-0.10444275289773941;-0.0015084659680724144;-0.04665223881602287;-0.07342181354761124;-0.07978451251983643;0.004319296684116125;-0.03284318000078201;-0.0487840361893177;-0.05169608071446419;0.29945582151412964;0.3346063792705536;0.37070232629776;0.3980436623096466;0.41596919298171997;0.3272048234939575;0.3641289472579956;0.3913654088973999;0.4117080867290497;0.2866770327091217;0.3171852231025696;0.3465789556503296;0.36860960721969604;0.2564026117324829;0.27901792526245117;0.30442723631858826;0.32451924681663513;0.23840948939323425;0.2456347942352295;0.2605588138103485;0.27282655239105225;0.11779133975505829;0.10943395644426346;0.1143549233675003;0.13617545366287231;0.16554272174835205;0.035864267498254776;0.10128592699766159;0.15903553366661072;0.20526279509067535;0.057089343667030334;0.1385568380355835;0.2046143114566803;0.2542327046394348;0.09006743133068085;0.1550544798374176;0.2094016969203949;0.25157052278518677;0.12476235628128052;0.1749122589826584;0.21317195892333984;0.2446487843990326;-2.000355436848622e-07;-0.02802187018096447;-0.0578073188662529;-0.08663339167833328;-0.11774549633264542;-0.06753229349851608;-0.11298081278800964;-0.14435620605945587;-0.15960480272769928;-0.06920307129621506;-0.10840722173452377;-0.12261239439249039;-0.12933841347694397;-0.07191520929336548;-0.1044907197356224;-0.1062380000948906;-0.1019304171204567;-0.0770094096660614;-0.09566707164049149;-0.09202641248703003;-0.08578682690858841;0.993528425693512;0.995651364326477
1772029329.5;0.7933690547943115;0.8316694498062134;0.8740255832672119;0.9011813998222351;0.9170624017715454;0.9818907380104065;1.0116260051727295;0.9867841005325317;0.9459488987922668;0.9612020254135132;0.9950970411300659;0.9561543464660645;0.9125353097915649;0.9320870637893677;0.9504849314689636;0.9152131080627441;0.8790789246559143;0.8948160409927368;0.9088301658630371;0.8843717575073242;0.8573089241981506;0.15000388026237488;0.1486101746559143;0.17876267433166504;0.24529024958610535;0.30524033308029175;0.17187099158763885;0.23844167590141296;0.28192877769470215;0.30546486377716064;0.22434726357460022;0.2913174331188202;0.31218379735946655;0.31783124804496765;0.26634934544563293;0.3210338354110718;0.32433679699897766;0.3134203553199768;0.29316771030426025;0.3349037766456604;0.3309462368488312;0.31302547454833984;3.020282406396291e-07;-0.06586826592683792;-0.09218502044677734;-0.10894256830215454;-0.12027020007371902;-0.030203502625226974;-0.07105478644371033;-0.10738396644592285;-0.1267780214548111;-0.009502369910478592;-0.0549062080681324;-0.09273555129766464;-0.10846755653619766;0.0031673370394855738;-0.04262666031718254;-0.07072315365076065;-0.07708939164876938;0.011303678154945374;-0.02500387467443943;-0.04191760718822479;-0.04498691111803055;0.29668304324150085;0.3330993354320526;0.3687540888786316;0.3937894105911255;0.4111579656600952;0.3259718120098114;0.3612336814403534;0.3888246715068817;0.4101583957672119;0.28642144799232483;0.32048916816711426;0.34905776381492615;0.3697184920310974;0.2567650079727173;0.28374412655830383;0.3087705373764038;0.32768553495407104;0.2388828694820404;0.2528316080570221;0.269115149974823;0.2815370261669159;0.11277248710393906;0.10180919617414474;0.10763193666934967;0.13523715734481812;0.1658933460712433;0.040651027113199234;0.10669362545013428;0.16660059988498688;0.2147446721792221;0.06316331028938293;0.15285009145736694;0.21906131505966187;0.2675996422767639;0.09615109115839005;0.17014285922050476;0.22710788249969482;0.2697350084781647;0.1308637261390686;0.1857668161392212;0.22524067759513855;0.25679489970207214;-2.555815399318817e-07;-0.02515542134642601;-0.053257059305906296;-0.08104544878005981;-0.11142174154520035;-0.06628131121397018;-0.11123055964708328;-0.14217408001422882;-0.15675897896289825;-0.06828081607818604;-0.10578759014606476;-0.11888446658849716;-0.12511980533599854;-0.07097361981868744;-0.10183452069759369;-0.10212109982967377;-0.09699606150388718;-0.07591835409402847;-0.09268417209386826;-0.08691992610692978;-0.07920155674219131;0.9931626915931702;0.9964005351066589
1772029329.5333333;0.7903432846069336;0.8240641355514526;0.8655885457992554;0.8910844326019287;0.9037735462188721;0.9778514504432678;1.0042017698287964;0.9756125211715698;0.9368594884872437;0.957997739315033;0.9842549562454224;0.9419944882392883;0.9010584950447083;0.9297688007354736;0.9374421834945679;0.8996773958206177;0.8718501925468445;0.8965188264846802;0.9011450409889221;0.8758115172386169;0.8564777374267578;0.15380118787288666;0.15755808353424072;0.19066037237644196;0.2593335807323456;0.32226061820983887;0.1837858408689499;0.2608932852745056;0.300417423248291;0.3154437839984894;0.23265358805656433;0.30862897634506226;0.3197546601295471;0.31373149156570435;0.27163276076316833;0.3330678939819336;0.325349360704422;0.3065086007118225;0.2954676151275635;0.3439456522464752;0.33457785844802856;0.3117421865463257;2.5010672288772184e-07;-0.07195624709129333;-0.09905599802732468;-0.11458633840084076;-0.12369880825281143;-0.036679722368717194;-0.07726529985666275;-0.1104491800069809;-0.12652629613876343;-0.011200977489352226;-0.05512964352965355;-0.08440496772527695;-0.09206845611333847;0.005344667471945286;-0.039529986679553986;-0.059262964874506;-0.057790301740169525;0.016750073060393333;-0.016040973365306854;-0.026984844356775284;-0.02450515888631344;0.28900277614593506;0.3284381628036499;0.3633882999420166;0.3862702548503876;0.4024019241333008;0.3235374987125397;0.3586328625679016;0.38645270466804504;0.4084574580192566;0.2853427827358246;0.32038024067878723;0.3505076766014099;0.3723684251308441;0.25598666071891785;0.2831946313381195;0.30996519327163696;0.3304649591445923;0.23815718293190002;0.24984797835350037;0.2662859857082367;0.2793530523777008;0.09600149095058441;0.0861724317073822;0.099184051156044;0.13364636898040771;0.1703302413225174;0.044099777936935425;0.11673316359519958;0.17644403874874115;0.22382491827011108;0.06646852195262909;0.16126510500907898;0.2266019582748413;0.2739674746990204;0.09965105354785919;0.17953701317310333;0.23837068676948547;0.28053972125053406;0.13459423184394836;0.19441115856170654;0.23424914479255676;0.2649022042751312;-2.1903694857883238e-07;-0.022763535380363464;-0.05040492117404938;-0.07839079201221466;-0.1098443940281868;-0.06624477356672287;-0.11021872609853745;-0.14036059379577637;-0.1549539715051651;-0.07041595876216888;-0.108415886759758;-0.12181396037340164;-0.12845906615257263;-0.07485037297010422;-0.10759413987398148;-0.10830523073673248;-0.10335073620080948;-0.08117309212684631;-0.10006356239318848;-0.0945340096950531;-0.08717131614685059;0.9941719174385071;0.997296929359436
1772029329.5666666;0.7896952629089355;0.8176514506340027;0.8577083349227905;0.8807754516601562;0.8860917687416077;0.9686672687530518;0.992966890335083;0.9590525031089783;0.9206825494766235;0.9535077810287476;0.9762861728668213;0.9312593340873718;0.8902695775032043;0.9297283887863159;0.9391791224479675;0.9022510647773743;0.8747535943984985;0.9001368880271912;0.9054685235023499;0.8824829459190369;0.8630208373069763;0.1579539030790329;0.16856765747070312;0.20678117871284485;0.27794569730758667;0.341888964176178;0.20401985943317413;0.2826646864414215;0.3205878734588623;0.33111274242401123;0.24483104050159454;0.3196862041950226;0.333171010017395;0.3259330987930298;0.2772256135940552;0.3386738896369934;0.33897921442985535;0.325027197599411;0.29756930470466614;0.3438401520252228;0.3439648151397705;0.3281055986881256;1.5572103961858375e-07;-0.07465267181396484;-0.09951905906200409;-0.1107446476817131;-0.11471593379974365;-0.042236436158418655;-0.07897721976041794;-0.10763079673051834;-0.12045064568519592;-0.012143803760409355;-0.0492766797542572;-0.0727723017334938;-0.0781470537185669;0.00882935244590044;-0.029718050733208656;-0.049209147691726685;-0.049587685614824295;0.024351809173822403;-0.004568413365632296;-0.017906447872519493;-0.018447207286953926;0.28105127811431885;0.3219713270664215;0.35918110609054565;0.3858126401901245;0.4032548666000366;0.3213474452495575;0.3589606285095215;0.38623711466789246;0.4079529941082001;0.28374195098876953;0.31888526678085327;0.3501622974872589;0.37268614768981934;0.2549408972263336;0.2813183665275574;0.3095090985298157;0.3313221335411072;0.23768866062164307;0.24902848899364471;0.2673036754131317;0.28256067633628845;0.06647530198097229;0.057628829032182693;0.08062689006328583;0.12677571177482605;0.17359787225723267;0.042894408106803894;0.1227925643324852;0.18189403414726257;0.22914612293243408;0.07061225175857544;0.16598756611347198;0.2310294806957245;0.2783993184566498;0.10447537153959274;0.18469801545143127;0.2455105483531952;0.28714221715927124;0.1368883103132248;0.1964908242225647;0.23619017004966736;0.26522502303123474;-8.69421370452983e-08;-0.020255107432603836;-0.04733450710773468;-0.0756898745894432;-0.10815201699733734;-0.06446578353643417;-0.10852714627981186;-0.13912445306777954;-0.1541687548160553;-0.07103756815195084;-0.11043240875005722;-0.12441612035036087;-0.1312231868505478;-0.0775282084941864;-0.11277405917644501;-0.11303964257240295;-0.10681261122226715;-0.08562417328357697;-0.1058666780591011;-0.09962970018386841;-0.09162744879722595;0.9916490912437439;0.9958840012550354
1772029329.6;0.7852636575698853;0.808923065662384;0.846075713634491;0.8665691018104553;0.866375744342804;0.9518558382987976;0.9768396019935608;0.9404634237289429;0.9033873081207275;0.9394406676292419;0.9664840698242188;0.9212048649787903;0.8817353844642639;0.9195980429649353;0.9341588616371155;0.8971836566925049;0.8689408302307129;0.8928496241569519;0.9034911394119263;0.8801774382591248;0.8579952716827393;0.15842658281326294;0.17493131756782532;0.22190506756305695;0.2944965362548828;0.3536127805709839;0.22212271392345428;0.30535367131233215;0.33866921067237854;0.34643131494522095;0.25909101963043213;0.3361421823501587;0.3500062823295593;0.3444996476173401;0.28875598311424255;0.3508469760417938;0.3579312562942505;0.3486633896827698;0.30787795782089233;0.35302650928497314;0.3601852059364319;0.348052442073822;4.7837612981993516e-08;-0.0686977356672287;-0.08888597041368484;-0.09563091397285461;-0.09505752474069595;-0.039623506367206573;-0.07279834896326065;-0.09827170521020889;-0.1091444343328476;-0.011003589257597923;-0.042794305831193924;-0.06366212666034698;-0.06834658980369568;0.009263464249670506;-0.024819711223244667;-0.04528609663248062;-0.04753567650914192;0.024677971377968788;-0.0015610953560099006;-0.01582261174917221;-0.018023952841758728;0.28185516595840454;0.33236828446388245;0.3762592375278473;0.400098592042923;0.41597819328308105;0.3253960609436035;0.36277589201927185;0.38583922386169434;0.40324273705482483;0.2840285897254944;0.3217356204986572;0.3491862714290619;0.36971795558929443;0.2538381814956665;0.28192469477653503;0.3074895739555359;0.3298822045326233;0.23736707866191864;0.25157564878463745;0.26646947860717773;0.2811533212661743;0.05090004950761795;0.05210007727146149;0.09323330223560333;0.14785948395729065;0.1962449699640274;0.04509776085615158;0.13207753002643585;0.18939730525016785;0.2360229343175888;0.06818222999572754;0.1661837100982666;0.23140202462673187;0.28101643919944763;0.09543803334236145;0.1845736801624298;0.24266529083251953;0.2845839560031891;0.12149757146835327;0.19114619493484497;0.23624125123023987;0.27127593755722046;6.595079184990027e-07;-0.032857514917850494;-0.056559208780527115;-0.07078246772289276;-0.08548277616500854;-0.10430919378995895;-0.13722512125968933;-0.14963530004024506;-0.15675166249275208;-0.09992013871669769;-0.1352955847978592;-0.14632056653499603;-0.154615119099617;-0.0934501364827156;-0.1245521530508995;-0.13588650524616241;-0.1429426670074463;-0.08725538849830627;-0.1130775660276413;-0.12462320178747177;-0.13323113322257996;0.9876533150672913;0.9617928862571716
1772029329.6333334;0.7888834476470947;0.8020074963569641;0.8303020596504211;0.8475208282470703;0.8545131683349609;0.9380725026130676;0.9682313203811646;0.9350995421409607;0.8968388438224792;0.9275336265563965;0.9607542753219604;0.923573911190033;0.885360598564148;0.9087404012680054;0.9319398999214172;0.9042350649833679;0.8753235340118408;0.8835048675537109;0.9027008414268494;0.8849275708198547;0.8624395132064819;0.15143850445747375;0.1778479814529419;0.23330026865005493;0.3067677319049835;0.3720891773700714;0.2273370623588562;0.31354159116744995;0.35210663080215454;0.36455756425857544;0.25931963324546814;0.3379586637020111;0.36803123354911804;0.3785794675350189;0.2857660949230194;0.35037359595298767;0.3753657341003418;0.3828887939453125;0.3046296536922455;0.35269874334335327;0.37184709310531616;0.37514013051986694;2.0806918143989606e-07;-0.0655357614159584;-0.08626718074083328;-0.09442034363746643;-0.09620124101638794;-0.036817435175180435;-0.0620277002453804;-0.08444396406412125;-0.09558741003274918;-0.00738696102052927;-0.029057875275611877;-0.050796639174222946;-0.06109277531504631;0.014970426447689533;-0.00597029086202383;-0.027003169059753418;-0.035865675657987595;0.03241703659296036;0.014190162532031536;-0.001023345161229372;-0.007652669213712215;0.27945569157600403;0.3321603834629059;0.3736022412776947;0.39759203791618347;0.4161774516105652;0.3243117928504944;0.3609216809272766;0.38551583886146545;0.4035415053367615;0.2839210331439972;0.3195793926715851;0.3498839735984802;0.3718736469745636;0.25521355867385864;0.28326350450515747;0.3080465793609619;0.32975929975509644;0.23811477422714233;0.25263044238090515;0.26879122853279114;0.2861085832118988;0.04196996986865997;0.0511024072766304;0.09630725532770157;0.15179231762886047;0.20210273563861847;0.05095164477825165;0.1341879963874817;0.19205617904663086;0.23991557955741882;0.07324698567390442;0.16607055068016052;0.23297318816184998;0.2839376926422119;0.10007426142692566;0.18462102115154266;0.2450195848941803;0.29025137424468994;0.12517055869102478;0.1935499906539917;0.23797830939292908;0.2719871997833252;2.9182405114625e-07;-0.03523848205804825;-0.058358900249004364;-0.07256319373846054;-0.08591675013303757;-0.09683718532323837;-0.13097503781318665;-0.14353115856647491;-0.14973649382591248;-0.09109215438365936;-0.1262795627117157;-0.136069655418396;-0.14227716624736786;-0.08485502749681473;-0.11663756519556046;-0.12667492032051086;-0.1308060735464096;-0.0796070471405983;-0.10584043711423874;-0.11695490777492523;-0.12353114783763885;0.9808379411697388;0.9859585762023926
1772029329.6666667;0.7912490963935852;0.7992449402809143;0.8235048055648804;0.8380606174468994;0.8477016687393188;0.929977536201477;0.9591987729072571;0.9258219003677368;0.8902532458305359;0.9204639792442322;0.9514818787574768;0.9126396775245667;0.8769665360450745;0.9019637703895569;0.9253283143043518;0.8960710763931274;0.8681298494338989;0.8751978874206543;0.896399199962616;0.8758595585823059;0.8523079752922058;0.15625575184822083;0.19015000760555267;0.25145769119262695;0.32650530338287354;0.3920619487762451;0.2466822862625122;0.3306617736816406;0.365721732378006;0.37720075249671936;0.2768487334251404;0.3567546606063843;0.38326093554496765;0.3922100365161896;0.2993950843811035;0.3657020926475525;0.38788002729415894;0.395352303981781;0.31585001945495605;0.3666814863681793;0.3847455680370331;0.3863063454627991;1.8772594501115236e-07;-0.06594109535217285;-0.08442170917987823;-0.08934491872787476;-0.08709432929754257;-0.035521361976861954;-0.05689799040555954;-0.07630928605794907;-0.08640286326408386;-0.005015852861106396;-0.022084573283791542;-0.0401037372648716;-0.04938524216413498;0.018225235864520073;-0.0002388680150033906;-0.018501553684473038;-0.026882948353886604;0.03642603009939194;0.019149338826537132;0.0057237641885876656;-0.00046820685383863747;0.2783222794532776;0.3304678797721863;0.3720993399620056;0.3954595625400543;0.41489505767822266;0.32363182306289673;0.36164695024490356;0.3860645890235901;0.4038578271865845;0.28341856598854065;0.32232430577278137;0.35260725021362305;0.3734438419342041;0.2543318569660187;0.28602951765060425;0.31041622161865234;0.3310167193412781;0.23622608184814453;0.2534431517124176;0.2691546082496643;0.28561708331108093;0.03574813902378082;0.04585468769073486;0.0950397402048111;0.15384021401405334;0.20531685650348663;0.05076712369918823;0.13558880984783173;0.19374437630176544;0.24138358235359192;0.0735052227973938;0.16643120348453522;0.23367467522621155;0.28498122096061707;0.10016624629497528;0.18522661924362183;0.2465803474187851;0.29253092408180237;0.12473510205745697;0.1930159032344818;0.23747147619724274;0.2726269066333771;2.614625316255115e-07;-0.03628605976700783;-0.059668514877557755;-0.07349194586277008;-0.08663326501846313;-0.09997639060020447;-0.1342470496892929;-0.14622846245765686;-0.15193283557891846;-0.09354305267333984;-0.12862980365753174;-0.13829176127910614;-0.14454011619091034;-0.08661971986293793;-0.11895635724067688;-0.13047559559345245;-0.13568119704723358;-0.0805191844701767;-0.10811662673950195;-0.12091279774904251;-0.12863226234912872;0.9784571528434753;0.9825425148010254
1772029329.7;0.7890296578407288;0.7944206595420837;0.8191087245941162;0.8347110748291016;0.8444750308990479;0.9232425689697266;0.9525101780891418;0.9176967144012451;0.8807393908500671;0.9164133667945862;0.9510229825973511;0.9101633429527283;0.8726547956466675;0.8988612294197083;0.9234148263931274;0.8929781913757324;0.8641824126243591;0.8732349276542664;0.8924514055252075;0.8712788224220276;0.8482125401496887;0.16267821192741394;0.20077264308929443;0.2635412812232971;0.33826395869255066;0.40387552976608276;0.24698783457279205;0.34038442373275757;0.3813611567020416;0.3948591947555542;0.27501627802848816;0.3648923337459564;0.3932463824748993;0.40089505910873413;0.29827556014060974;0.3718758821487427;0.39647138118743896;0.4042642116546631;0.31637293100357056;0.3718767762184143;0.39437514543533325;0.3989582359790802;2.5769423928068136e-07;-0.0664779394865036;-0.08487293124198914;-0.08870742470026016;-0.08496066927909851;-0.04286053031682968;-0.06424529105424881;-0.08120786398649216;-0.0893152579665184;-0.010831508785486221;-0.028721457347273827;-0.044992607086896896;-0.05267500504851341;0.014745687134563923;-0.0034605052787810564;-0.020274044945836067;-0.02783598005771637;0.035397473722696304;0.017856331542134285;0.004065134562551975;-0.0023726013023406267;0.2753157615661621;0.32745125889778137;0.36956822872161865;0.3940775692462921;0.41576945781707764;0.32342517375946045;0.36366528272628784;0.38770750164985657;0.4043007493019104;0.28451550006866455;0.3238418400287628;0.3524455428123474;0.3715888261795044;0.2558688819408417;0.2887780964374542;0.31092000007629395;0.3289099335670471;0.23765069246292114;0.2566438913345337;0.27135252952575684;0.2864826023578644;0.03399927169084549;0.0456453412771225;0.09565068781375885;0.15539106726646423;0.20518305897712708;0.05025321990251541;0.1361754685640335;0.1949765831232071;0.24328404664993286;0.0734805315732956;0.16855469346046448;0.23642030358314514;0.2870880663394928;0.10139871388673782;0.1850447803735733;0.24735476076602936;0.2945382595062256;0.1278170943260193;0.19535264372825623;0.2397342175245285;0.27588218450546265;2.6408415010337194e-07;-0.036406010389328;-0.05950072035193443;-0.07302027195692062;-0.0855698511004448;-0.09820041805505753;-0.13263966143131256;-0.14453667402267456;-0.14994673430919647;-0.09136943519115448;-0.1265404373407364;-0.13593202829360962;-0.14151644706726074;-0.08425074815750122;-0.11640717089176178;-0.12728267908096313;-0.1317507028579712;-0.07805687189102173;-0.10527074337005615;-0.11755930632352829;-0.12471655011177063;0.9713436365127563;0.9829094409942627
1772029329.7333333;0.7870966196060181;0.7891497611999512;0.8141839504241943;0.82881098985672;0.8374121189117432;0.9194057583808899;0.9460131525993347;0.9075558185577393;0.8711402416229248;0.9136322736740112;0.9407495856285095;0.8962830901145935;0.8588731288909912;0.8963621258735657;0.9144802689552307;0.8796163201332092;0.849102795124054;0.8715434074401855;0.8848479986190796;0.860152542591095;0.8346220254898071;0.16233347356319427;0.21045774221420288;0.27752217650413513;0.35217228531837463;0.41687318682670593;0.2628304064273834;0.35908934473991394;0.4008134603500366;0.4142664670944214;0.282549113035202;0.3750183582305908;0.4041416347026825;0.40934494137763977;0.2995759844779968;0.37659111618995667;0.40087828040122986;0.40503817796707153;0.3130578100681305;0.37019461393356323;0.3927259147167206;0.3955782949924469;2.427140088911983e-07;-0.06558757275342941;-0.08245706558227539;-0.08496695756912231;-0.0799914076924324;-0.04049673676490784;-0.05866428464651108;-0.07266116142272949;-0.07848790287971497;-0.007729694712907076;-0.022880099713802338;-0.03617621213197708;-0.04148189350962639;0.018661612644791603;0.0012868865160271525;-0.014727667905390263;-0.02081204205751419;0.040348414331674576;0.02320917882025242;0.009996696375310421;0.0048627969808876514;0.27678772807121277;0.3291531801223755;0.3700418174266815;0.39319032430648804;0.41221311688423157;0.3242931067943573;0.36228761076927185;0.3856097459793091;0.402995228767395;0.284929096698761;0.32402974367141724;0.3525752127170563;0.37342727184295654;0.25587910413742065;0.28797447681427;0.31256017088890076;0.3333647847175598;0.2377968728542328;0.25688785314559937;0.27241572737693787;0.2881156802177429;0.03665177524089813;0.04657214134931564;0.09475077688694;0.15340815484523773;0.20224511623382568;0.05309244990348816;0.1390657126903534;0.19723021984100342;0.24496807157993317;0.07520860433578491;0.17167510092258453;0.2397291362285614;0.2918188273906708;0.10215902328491211;0.18812896311283112;0.24908840656280518;0.29441261291503906;0.12800917029380798;0.1975969672203064;0.2421140819787979;0.27615371346473694;3.721157497693639e-07;-0.03681094944477081;-0.06074222922325134;-0.07487098127603531;-0.08822724968194962;-0.10108239948749542;-0.1360202133655548;-0.14848901331424713;-0.15403130650520325;-0.09391870349645615;-0.12902939319610596;-0.13867607712745667;-0.14439313113689423;-0.08603106439113617;-0.1171817034482956;-0.1270463764667511;-0.13090473413467407;-0.07911912351846695;-0.10492897033691406;-0.11551490426063538;-0.12140412628650665;0.9678367376327515;0.9855681657791138
1772029329.7666667;0.7896550297737122;0.79164719581604;0.8129022121429443;0.8260211944580078;0.8325247168540955;0.9162570238113403;0.9410304427146912;0.9048763513565063;0.8681012392044067;0.9101722836494446;0.9364070892333984;0.8942664265632629;0.8571967482566833;0.8926246166229248;0.9108829498291016;0.8796861171722412;0.8491849899291992;0.8671441078186035;0.8814605474472046;0.8597504496574402;0.8353204727172852;0.16571955382823944;0.2161017656326294;0.28523027896881104;0.3610050678253174;0.4269731044769287;0.27677300572395325;0.36778509616851807;0.4111652076244354;0.4264892637729645;0.29758670926094055;0.38526999950408936;0.416480153799057;0.42560526728630066;0.31440141797065735;0.38793838024139404;0.4152407944202423;0.4252426028251648;0.32741689682006836;0.38278764486312866;0.40703636407852173;0.41491907835006714;2.8299857035563036e-07;-0.06314878910779953;-0.08041291683912277;-0.0837908610701561;-0.08013715595006943;-0.03681807592511177;-0.05370717495679855;-0.0690261572599411;-0.07685922831296921;-0.0049157398752868176;-0.019521566107869148;-0.03496204689145088;-0.04275691136717796;0.02100672759115696;0.006163683719933033;-0.009717995300889015;-0.017320482060313225;0.04222564026713371;0.027502769604325294;0.014639373868703842;0.008649850264191628;0.2766498625278473;0.32830747961997986;0.3697938919067383;0.39329808950424194;0.41024184226989746;0.32463914155960083;0.3632958233356476;0.3865651488304138;0.40339648723602295;0.2852472960948944;0.32527217268943787;0.3537103533744812;0.37348201870918274;0.25616219639778137;0.2888603210449219;0.31292515993118286;0.3333743214607239;0.238648921251297;0.258151650428772;0.2742476463317871;0.2909172475337982;0.041206955909729004;0.04934214800596237;0.09543053805828094;0.1536431759595871;0.2035573273897171;0.054905012249946594;0.14173296093940735;0.19989228248596191;0.24758180975914001;0.07878059148788452;0.1744944453239441;0.24199292063713074;0.2931118607521057;0.1067599430680275;0.1924022138118744;0.2524058222770691;0.29676008224487305;0.13271014392375946;0.2013249397277832;0.2449404001235962;0.2781140208244324;3.5874418813364173e-07;-0.03677089139819145;-0.06143741309642792;-0.0763809010386467;-0.09058798849582672;-0.10328058898448944;-0.13910138607025146;-0.15171058475971222;-0.15734048187732697;-0.09652561694383621;-0.1328977793455124;-0.14288121461868286;-0.14876361191272736;-0.08894316107034683;-0.12167298048734665;-0.1320837289094925;-0.13615429401397705;-0.08221162855625153;-0.10976557433605194;-0.1211870014667511;-0.12745624780654907;0.9698593616485596;0.9887439608573914
1772029329.8;0.7898828983306885;0.7911768555641174;0.8116428852081299;0.8234258890151978;0.8285255432128906;0.9119333624839783;0.9365293979644775;0.8988777995109558;0.8622027039527893;0.9058194160461426;0.9324206113815308;0.8875163197517395;0.84967440366745;0.8889235258102417;0.9076718091964722;0.8740087151527405;0.8430905342102051;0.8648960590362549;0.8765301704406738;0.8534393906593323;0.8299161195755005;0.1730373501777649;0.2229391634464264;0.29409122467041016;0.3719145953655243;0.4372994601726532;0.28501200675964355;0.3841760456562042;0.42501452565193176;0.4370075762271881;0.30610859394073486;0.3989449441432953;0.42280229926109314;0.42428508400917053;0.32317185401916504;0.4013591408729553;0.42242035269737244;0.4253476858139038;0.33567407727241516;0.39254605770111084;0.41213375329971313;0.4134579598903656;2.808627641570638e-07;-0.0660385712981224;-0.08266270160675049;-0.08413517475128174;-0.07799706608057022;-0.042290493845939636;-0.058286841958761215;-0.0705873966217041;-0.07601331174373627;-0.007886678911745548;-0.02307409793138504;-0.036769431084394455;-0.04258487746119499;0.020714862272143364;0.005261416547000408;-0.009617441333830357;-0.016033895313739777;0.04443034902215004;0.028922386467456818;0.015759557485580444;0.00985697377473116;0.27481675148010254;0.32641369104385376;0.36740151047706604;0.39050939679145813;0.4071873128414154;0.32378652691841125;0.3631167411804199;0.38671717047691345;0.40368643403053284;0.28464579582214355;0.3248592019081116;0.35394808650016785;0.37470152974128723;0.25563764572143555;0.288720041513443;0.3130754232406616;0.33382803201675415;0.23811942338943481;0.2582557499408722;0.2743942141532898;0.29099613428115845;0.04305092990398407;0.05216022580862045;0.09774373471736908;0.15439511835575104;0.20249198377132416;0.055619239807128906;0.1420373171567917;0.20046663284301758;0.24813665449619293;0.07929892838001251;0.17537415027618408;0.2429736852645874;0.29421892762184143;0.10771196335554123;0.1942523717880249;0.25442075729370117;0.2982230484485626;0.1346728503704071;0.20422334969043732;0.24778041243553162;0.2799856960773468;3.7966282206980395e-07;-0.03651895001530647;-0.06145355477929115;-0.07668738067150116;-0.09120987355709076;-0.10316517949104309;-0.13903561234474182;-0.15211118757724762;-0.15801849961280823;-0.09653282910585403;-0.13272185623645782;-0.142822265625;-0.14872848987579346;-0.08899760991334915;-0.12114861607551575;-0.13113917410373688;-0.13496099412441254;-0.08233112096786499;-0.1089690625667572;-0.1195177286863327;-0.1252017617225647;0.9649180769920349;0.9866765737533569
1772029329.8333333;0.7940359115600586;0.7869789600372314;0.8067903518676758;0.8194764256477356;0.8220078945159912;0.910953164100647;0.9327337145805359;0.8922620415687561;0.8559324145317078;0.9095748066902161;0.9320570230484009;0.8838512897491455;0.8432323336601257;0.8949152827262878;0.9059396386146545;0.8680611252784729;0.8343288898468018;0.8721675276756287;0.8750747442245483;0.8493634462356567;0.8235774040222168;0.17718283832073212;0.23468978703022003;0.3096283972263336;0.38444340229034424;0.4476771354675293;0.30360183119773865;0.4022333025932312;0.4427199363708496;0.45056137442588806;0.3156459629535675;0.4119776487350464;0.4411624073982239;0.44156360626220703;0.3256247341632843;0.40681660175323486;0.4333367943763733;0.43674397468566895;0.3326532244682312;0.39109233021736145;0.4171510636806488;0.42222684621810913;3.2259029580927745e-07;-0.06787440925836563;-0.08432582020759583;-0.08403279632329941;-0.07605768740177155;-0.049820415675640106;-0.062471818178892136;-0.07085929811000824;-0.07351769506931305;-0.012947706505656242;-0.02410673163831234;-0.03507431223988533;-0.03958948329091072;0.01888696290552616;0.006918949540704489;-0.00866413488984108;-0.016289228573441505;0.04591565579175949;0.0316782109439373;0.016639329493045807;0.009127778932452202;0.27299928665161133;0.3272835612297058;0.370856910943985;0.39458680152893066;0.40965011715888977;0.3228715658187866;0.3627616763114929;0.38780537247657776;0.4066081941127777;0.28381025791168213;0.3248705267906189;0.3554917573928833;0.3784591257572174;0.2555619478225708;0.2885064482688904;0.3146047294139862;0.3377213776111603;0.2390710413455963;0.25882425904273987;0.2761583924293518;0.29429471492767334;0.04174891859292984;0.04520874470472336;0.09406728297472;0.15514230728149414;0.20520421862602234;0.059205107390880585;0.1457844078540802;0.20337218046188354;0.24966275691986084;0.08456429839134216;0.17879366874694824;0.24429889023303986;0.2945095896720886;0.11243323981761932;0.1974097192287445;0.25610804557800293;0.29965662956237793;0.13721483945846558;0.2057938575744629;0.24973902106285095;0.28340572118759155;3.633613516740297e-07;-0.03472138196229935;-0.057192862033843994;-0.06981346011161804;-0.08184559643268585;-0.10049159824848175;-0.13400757312774658;-0.1454351246356964;-0.15047341585159302;-0.09368420392274857;-0.12738320231437683;-0.13618215918540955;-0.14147663116455078;-0.08571401238441467;-0.11538951843976974;-0.12508174777030945;-0.12926222383975983;-0.07843669503927231;-0.10387027263641357;-0.11487109959125519;-0.12122907489538193;0.9754073023796082;0.9909324645996094
1772029329.8666666;0.7967751026153564;0.7872699499130249;0.8050912618637085;0.8177064061164856;0.820254921913147;0.9072530269622803;0.933083176612854;0.8907027840614319;0.8545313477516174;0.9080088138580322;0.937706708908081;0.8873039484024048;0.8483760952949524;0.8961735367774963;0.9097418189048767;0.8686193823814392;0.8343583345413208;0.8751839995384216;0.880377471446991;0.8521347045898438;0.8259596228599548;0.17721539735794067;0.23717467486858368;0.31257784366607666;0.38878586888313293;0.45194095373153687;0.3070952296257019;0.40685078501701355;0.4464501142501831;0.45243918895721436;0.3176484704017639;0.4173012673854828;0.4397403597831726;0.43291234970092773;0.32583993673324585;0.4087260961532593;0.4296339750289917;0.42531058192253113;0.3314562439918518;0.3899661600589752;0.41322270035743713;0.41283664107322693;2.517573705063114e-07;-0.06645669788122177;-0.08234988898038864;-0.08107025176286697;-0.07164386659860611;-0.05308322608470917;-0.06414458155632019;-0.06884188205003738;-0.06879939883947372;-0.01608993299305439;-0.02643139287829399;-0.03427845612168312;-0.03638391196727753;0.016413452103734016;0.004187021404504776;-0.009279482066631317;-0.014969759620726109;0.044487953186035156;0.029726432636380196;0.015261863358318806;0.008306688629090786;0.274955153465271;0.3282276391983032;0.37139761447906494;0.3951387405395508;0.40633055567741394;0.3217002749443054;0.36387231945991516;0.3899152874946594;0.4095304310321808;0.2825843393802643;0.3250606060028076;0.3562834858894348;0.37990882992744446;0.25439944863319397;0.28852126002311707;0.31471386551856995;0.33809593319892883;0.23847119510173798;0.25915637612342834;0.27640122175216675;0.29491958022117615;0.04233088344335556;0.043326206505298615;0.08704109489917755;0.1441507339477539;0.19456404447555542;0.055420465767383575;0.14531970024108887;0.2024124264717102;0.24801243841648102;0.08264455199241638;0.17962190508842468;0.2446478307247162;0.2931446433067322;0.11078502982854843;0.19791218638420105;0.25639280676841736;0.2992749810218811;0.13528133928775787;0.20590315759181976;0.24942877888679504;0.2813151478767395;3.438037197156518e-07;-0.034970760345458984;-0.05934932082891464;-0.07415181398391724;-0.08841453492641449;-0.10230981558561325;-0.1363658607006073;-0.14757739007472992;-0.15248361229896545;-0.09620004892349243;-0.13047067821025848;-0.13913241028785706;-0.14428363740444183;-0.08896996080875397;-0.119823157787323;-0.12967701256275177;-0.1337697058916092;-0.08235055208206177;-0.10889104753732681;-0.1197752133011818;-0.1258726716041565;0.9481700658798218;0.9904316663742065
1772029329.9;0.801840603351593;0.7856950759887695;0.8002516031265259;0.812178373336792;0.8154571652412415;0.9041779637336731;0.9290066957473755;0.8823004364967346;0.8475446105003357;0.9121789932250977;0.9445945620536804;0.8913122415542603;0.8511835336685181;0.9046757221221924;0.9218472838401794;0.8741323351860046;0.8372094035148621;0.889045238494873;0.8992009162902832;0.8665693998336792;0.8374144434928894;0.17443905770778656;0.23621949553489685;0.3160400986671448;0.3948109745979309;0.45872366428375244;0.30829453468322754;0.41639477014541626;0.4555942714214325;0.45692741870880127;0.3151260316371918;0.4238383173942566;0.45325008034706116;0.4450004994869232;0.3227097988128662;0.4133182466030121;0.4384843409061432;0.43082085251808167;0.3279188275337219;0.39540430903434753;0.42181557416915894;0.42020031809806824;2.636877525219461e-07;-0.06222616881132126;-0.08065249770879745;-0.08402077853679657;-0.07976476848125458;-0.058829594403505325;-0.07027363777160645;-0.07163302600383759;-0.06831341236829758;-0.026034923270344734;-0.03892102092504501;-0.0454350970685482;-0.045727867633104324;0.0036698481999337673;-0.01173580065369606;-0.023702742531895638;-0.027131641283631325;0.02973833680152893;0.013646050356328487;0.0019528361735865474;-0.0023212539963424206;0.27857089042663574;0.3297902047634125;0.37120500206947327;0.39416933059692383;0.40567657351493835;0.3243073523044586;0.3665785789489746;0.39291641116142273;0.4121323525905609;0.28443729877471924;0.3253551125526428;0.3567799925804138;0.3797253966331482;0.2565991282463074;0.28931760787963867;0.31524962186813354;0.3380493223667145;0.24110007286071777;0.2612464129924774;0.27758708596229553;0.2948635518550873;0.04764971137046814;0.05039775371551514;0.0886836051940918;0.13856439292430878;0.18554486334323883;0.05621567368507385;0.1458735167980194;0.20255745947360992;0.24844226241111755;0.08285057544708252;0.1787797212600708;0.24276107549667358;0.2900067865848541;0.11103713512420654;0.19720974564552307;0.2559538781642914;0.2985858917236328;0.13648834824562073;0.2063979208469391;0.25022801756858826;0.28311190009117126;2.9604390761051036e-07;-0.032693009823560715;-0.056566379964351654;-0.0716579407453537;-0.08610779047012329;-0.0978626012802124;-0.13050182163715363;-0.14094170928001404;-0.14554519951343536;-0.09279097616672516;-0.12635044753551483;-0.13423004746437073;-0.13876622915267944;-0.08673916012048721;-0.11794699728488922;-0.12746551632881165;-0.13090066611766815;-0.08108063042163849;-0.1078910231590271;-0.11864639818668365;-0.12437025457620621;0.9373987317085266;0.9899289608001709
1772029329.9333334;0.7996850609779358;0.7800202965736389;0.7879084348678589;0.7977235317230225;0.801557183265686;0.8942921757698059;0.8961575627326965;0.8574612140655518;0.8249404430389404;0.914473831653595;0.958465576171875;0.9226140975952148;0.8815852403640747;0.9137170314788818;0.9450882077217102;0.9109171628952026;0.8779456615447998;0.9032950401306152;0.9244934916496277;0.9015867710113525;0.8748359084129333;0.17929428815841675;0.24528691172599792;0.32413557171821594;0.4017816483974457;0.4628906846046448;0.32035091519355774;0.4243861138820648;0.4639419913291931;0.47066986560821533;0.3187447488307953;0.4180056154727936;0.4582839608192444;0.4627752900123596;0.316167414188385;0.3989700973033905;0.4282543957233429;0.430111825466156;0.3164313733577728;0.3704591393470764;0.3921000361442566;0.396884948015213;4.4017829736731073e-07;-0.06455831974744797;-0.08355387300252914;-0.08623333275318146;-0.08227358758449554;-0.05766676738858223;-0.06482238322496414;-0.06539261341094971;-0.06245211884379387;-0.023306824266910553;-0.03380846977233887;-0.03767029196023941;-0.03555559366941452;0.007964711636304855;-0.004168464802205563;-0.0137584637850523;-0.01564137637615204;0.035121556371450424;0.02199389412999153;0.01330842450261116;0.011557209305465221;0.28045496344566345;0.3309151530265808;0.3708284795284271;0.3918842375278473;0.40044188499450684;0.3256334960460663;0.36819058656692505;0.39487946033477783;0.41373974084854126;0.2857927680015564;0.32757091522216797;0.35917216539382935;0.38160908222198486;0.25772979855537415;0.29218989610671997;0.3186878561973572;0.34152838587760925;0.24202075600624084;0.2634309232234955;0.2801702320575714;0.2971821427345276;0.048851706087589264;0.052073292434215546;0.08811457455158234;0.13490545749664307;0.1803053319454193;0.05471980571746826;0.14636076986789703;0.20411378145217896;0.25103288888931274;0.08173435926437378;0.18025507032871246;0.24517583847045898;0.2931939661502838;0.11095556616783142;0.199159637093544;0.25794094800949097;0.3004770576953888;0.1373571753501892;0.20770904421806335;0.2510163486003876;0.2834394574165344;3.179504801664734e-07;-0.03323102369904518;-0.05841042101383209;-0.07469264417886734;-0.09028201550245285;-0.10098861157894135;-0.1348939836025238;-0.14576905965805054;-0.1505175083875656;-0.09603116661310196;-0.13140273094177246;-0.13982141017913818;-0.14428526163101196;-0.08988475799560547;-0.12243328243494034;-0.13165859878063202;-0.13444070518016815;-0.084109827876091;-0.1115603893995285;-0.12175334244966507;-0.12668414413928986;0.7774266600608826;0.9913931488990784
1772029329.9666667;0.7960689067840576;0.7736964821815491;0.7786514163017273;0.7861906290054321;0.7887579798698425;0.8796799778938293;0.884537935256958;0.8507868647575378;0.8204917311668396;0.9014971256256104;0.9574025273323059;0.9296679496765137;0.8922063708305359;0.9034318327903748;0.9478985667228699;0.9197657704353333;0.8887918591499329;0.8954329490661621;0.9211663007736206;0.900484561920166;0.8748465776443481;0.16725985705852509;0.23453815281391144;0.31907472014427185;0.39551955461502075;0.4561007618904114;0.3194241225719452;0.41547974944114685;0.46391913294792175;0.48234349489212036;0.3173635005950928;0.40302103757858276;0.4489975571632385;0.46065786480903625;0.31610530614852905;0.38997724652290344;0.42599987983703613;0.43349316716194153;0.3182796239852905;0.3721441626548767;0.39803165197372437;0.40529391169548035;3.643992272372998e-07;-0.05988740175962448;-0.07607623189687729;-0.07667514681816101;-0.0710146352648735;-0.05718148499727249;-0.06505610793828964;-0.06663771718740463;-0.06507337838411331;-0.025359271094202995;-0.03641148656606674;-0.03970887511968613;-0.03837500140070915;0.0037377572152763605;-0.009184390306472778;-0.019486762583255768;-0.022776544094085693;0.028908610343933105;0.013213136233389378;0.0023778844624757767;-0.0013583340914919972;0.27801400423049927;0.32985472679138184;0.37149906158447266;0.3928597867488861;0.39959678053855896;0.32539182901382446;0.36861076951026917;0.3951779901981354;0.4137735962867737;0.2851693332195282;0.32877179980278015;0.36124610900878906;0.38402658700942993;0.25667181611061096;0.2937527000904083;0.32130953669548035;0.34464284777641296;0.24090902507305145;0.26432153582572937;0.2819671332836151;0.2993355095386505;0.045735493302345276;0.04776717722415924;0.08688470721244812;0.13750939071178436;0.18478047847747803;0.054639145731925964;0.14737944304943085;0.2050095647573471;0.25087058544158936;0.08252261579036713;0.18265296518802643;0.24694515764713287;0.2930578291416168;0.11209294199943542;0.20218759775161743;0.2599807381629944;0.30036264657974243;0.13803231716156006;0.2092437744140625;0.25231093168258667;0.2831202745437622;3.1409285838890355e-07;-0.03380569443106651;-0.05945814400911331;-0.07576233893632889;-0.09153466671705246;-0.10524629056453705;-0.13957835733890533;-0.15006493031978607;-0.1544043868780136;-0.09988640993833542;-0.1358661949634552;-0.14385251700878143;-0.14785908162593842;-0.09303873032331467;-0.12558060884475708;-0.13436701893806458;-0.1369122415781021;-0.08652845025062561;-0.1140560582280159;-0.1240834891796112;-0.12882526218891144;0.7608128786087036;0.9916941523551941
1772029330.0;0.7943127751350403;0.764096200466156;0.7642685174942017;0.7708304524421692;0.779152512550354;0.867935061454773;0.8709546327590942;0.8387183547019958;0.811337411403656;0.8948954343795776;0.951546847820282;0.9210854172706604;0.8821961879730225;0.9029718637466431;0.9586972594261169;0.9332322478294373;0.9043998122215271;0.9008898735046387;0.9438840746879578;0.9303767085075378;0.9068936705589294;0.164587140083313;0.23073741793632507;0.31375083327293396;0.38969510793685913;0.4529181718826294;0.32051292061805725;0.4126950204372406;0.4643740952014923;0.48406317830085754;0.3133421242237091;0.39552435278892517;0.45549556612968445;0.4726978838443756;0.3083351254463196;0.37235164642333984;0.4231606423854828;0.44354331493377686;0.30904337763786316;0.35989364981651306;0.3952181041240692;0.41080912947654724;4.6117975216475315e-07;-0.056587666273117065;-0.0759669840335846;-0.08154089748859406;-0.08110073208808899;-0.06596550345420837;-0.0766075849533081;-0.07629526406526566;-0.07232794910669327;-0.0391334630548954;-0.057622410356998444;-0.0609729178249836;-0.05704252049326897;-0.01393132470548153;-0.031472235918045044;-0.03957578167319298;-0.039289217442274094;0.007808772847056389;-0.008215230889618397;-0.014755861833691597;-0.014225517399609089;0.27599969506263733;0.3297254145145416;0.3707497715950012;0.3908219337463379;0.3974403738975525;0.3278043866157532;0.36928361654281616;0.394817590713501;0.41312864422798157;0.2877696752548218;0.32886263728141785;0.3598085343837738;0.38247203826904297;0.2591467499732971;0.29408061504364014;0.3211992084980011;0.34507790207862854;0.24343368411064148;0.26483452320098877;0.28276652097702026;0.30080121755599976;0.04357109218835831;0.048166170716285706;0.08671966195106506;0.1380281150341034;0.18399269878864288;0.05765064060688019;0.14927354454994202;0.20671528577804565;0.2519681751728058;0.08505593240261078;0.18378791213035583;0.2480587661266327;0.29387712478637695;0.11429820209741592;0.20368492603302002;0.26184606552124023;0.3021279573440552;0.1399230659008026;0.2114095389842987;0.25478634238243103;0.284951388835907;3.519523659178958e-07;-0.032583072781562805;-0.057673994451761246;-0.07389607280492783;-0.08972172439098358;-0.10110011696815491;-0.13591426610946655;-0.14809727668762207;-0.1533542424440384;-0.09609661251306534;-0.13115659356117249;-0.13973219692707062;-0.14421561360359192;-0.08975183963775635;-0.1207130029797554;-0.12942256033420563;-0.13219182193279266;-0.08383651822805405;-0.10974530130624771;-0.11898433417081833;-0.12323228269815445;0.800503671169281;0.9916032552719116
1772029330.0333333;0.7886486649513245;0.752528727054596;0.7470253705978394;0.7536763548851013;0.7660581469535828;0.8495818376541138;0.8554628491401672;0.8288429975509644;0.8032615184783936;0.8800952434539795;0.9398725032806396;0.9140809774398804;0.8759627342224121;0.8920308947563171;0.9516971111297607;0.9294695854187012;0.9004340767860413;0.8932095766067505;0.9404230713844299;0.9302783608436584;0.9069358706474304;0.1503087431192398;0.21637119352817535;0.300661563873291;0.37685197591781616;0.4430474042892456;0.3054652810096741;0.401369571685791;0.45663562417030334;0.4801712930202484;0.2991083562374115;0.38439515233039856;0.44951507449150085;0.4711030125617981;0.29462000727653503;0.35786768794059753;0.41209518909454346;0.43529272079467773;0.292550265789032;0.34329360723495483;0.3849985897541046;0.40716552734375;5.363841637517908e-07;-0.05429480969905853;-0.07579746842384338;-0.08337590843439102;-0.08497699350118637;-0.07556121796369553;-0.0883568599820137;-0.0856141746044159;-0.07881475239992142;-0.049893394112586975;-0.07225043326616287;-0.07353917509317398;-0.06636792421340942;-0.024633098393678665;-0.04471629485487938;-0.04824370890855789;-0.042806874960660934;-0.0023174122907221317;-0.018805358558893204;-0.022032300010323524;-0.017368081957101822;0.2735584080219269;0.327008455991745;0.3688158392906189;0.3906712532043457;0.39841747283935547;0.3270955979824066;0.3682190477848053;0.3934840261936188;0.4115890562534332;0.28793567419052124;0.32949772477149963;0.3613332211971283;0.38513821363449097;0.2596198320388794;0.2958556115627289;0.3241100013256073;0.34851309657096863;0.24369239807128906;0.2660592198371887;0.2844308018684387;0.3030119240283966;0.04290498048067093;0.046062931418418884;0.08365914225578308;0.13635969161987305;0.1827932894229889;0.063789501786232;0.15540765225887299;0.2128746211528778;0.25717872381210327;0.09071804583072662;0.1893465518951416;0.2513023018836975;0.295379638671875;0.11866839230060577;0.20974966883659363;0.2673656642436981;0.3064410388469696;0.1420879364013672;0.21363821625709534;0.2564769387245178;0.2865387201309204;4.228942316331086e-07;-0.030089665204286575;-0.054051727056503296;-0.06968897581100464;-0.08531388640403748;-0.09454190731048584;-0.12755276262760162;-0.13994313776493073;-0.14521464705467224;-0.0904313400387764;-0.12250743061304092;-0.13153445720672607;-0.13646332919597626;-0.08468376845121384;-0.11176256835460663;-0.1201281026005745;-0.12342173606157303;-0.07929529994726181;-0.10191523283720016;-0.10958021879196167;-0.11294537782669067;0.6319257020950317;0.9950684309005737
1772029330.0666666;0.7834655046463013;0.739038348197937;0.7241820096969604;0.7283896207809448;0.7407577037811279;0.82582688331604;0.8234085440635681;0.7943576574325562;0.7641422152519226;0.8620555400848389;0.9198081493377686;0.8973265290260315;0.8609232902526855;0.8802595734596252;0.9379122257232666;0.9153433442115784;0.8848797678947449;0.8859483599662781;0.9302793741226196;0.9178298711776733;0.8928572535514832;0.13288068771362305;0.19703589379787445;0.2833419442176819;0.3621973693370819;0.43057334423065186;0.2911458909511566;0.3888759911060333;0.44865190982818604;0.47543126344680786;0.28736352920532227;0.37528327107429504;0.4463694095611572;0.47432929277420044;0.28572791814804077;0.35354945063591003;0.4090510606765747;0.4318164587020874;0.2881717383861542;0.343816339969635;0.38661065697669983;0.408913254737854;5.9834655985469e-07;-0.05567546188831329;-0.08080604672431946;-0.09161160886287689;-0.09638017416000366;-0.09315657615661621;-0.11235964298248291;-0.10938805341720581;-0.10128401964902878;-0.06888679414987564;-0.0984215959906578;-0.09776774048805237;-0.088394895195961;-0.044488973915576935;-0.07136803865432739;-0.07339094579219818;-0.06560275703668594;-0.02283918857574463;-0.04386028274893761;-0.046705085784196854;-0.040857527405023575;0.2729555666446686;0.3269858956336975;0.36986464262008667;0.39196422696113586;0.39991429448127747;0.3273453116416931;0.36866942048072815;0.3937613368034363;0.411991149187088;0.28793099522590637;0.3300279378890991;0.36195921897888184;0.38658446073532104;0.25951337814331055;0.2964869439601898;0.32535213232040405;0.3511832356452942;0.24361544847488403;0.26548197865486145;0.2840610444545746;0.30345603823661804;0.046404704451560974;0.04808752238750458;0.0863373801112175;0.1396414190530777;0.18726535141468048;0.06709027290344238;0.15995393693447113;0.21741461753845215;0.2616894841194153;0.09407714754343033;0.192925363779068;0.2555100917816162;0.300359845161438;0.12201589345932007;0.21367698907852173;0.2716887593269348;0.3118111491203308;0.14520058035850525;0.21627412736415863;0.26012757420539856;0.29123762249946594;4.308040786327183e-07;-0.02990678697824478;-0.0540153905749321;-0.0697590708732605;-0.08562035858631134;-0.09632774442434311;-0.12920328974723816;-0.14105769991874695;-0.14611411094665527;-0.09261088818311691;-0.1251964420080185;-0.1348111480474472;-0.14028722047805786;-0.08700563758611679;-0.11475962400436401;-0.12410613149404526;-0.12828034162521362;-0.08158722519874573;-0.10504205524921417;-0.11361101269721985;-0.11779315024614334;0.8660234808921814;0.9941768646240234
1772029330.1;0.7757859826087952;0.7255005240440369;0.6983307003974915;0.6923229694366455;0.6972382068634033;0.7851508855819702;0.7738280892372131;0.7464798092842102;0.7175721526145935;0.8275437951087952;0.8802428841590881;0.8545586466789246;0.8136794567108154;0.8516643047332764;0.907606840133667;0.8806521892547607;0.8451504707336426;0.8612142205238342;0.9054847955703735;0.891617476940155;0.8625951409339905;0.12897714972496033;0.1831556111574173;0.26427319645881653;0.34152647852897644;0.41058266162872314;0.27567002177238464;0.37399986386299133;0.4342999756336212;0.4633111357688904;0.27755701541900635;0.36660969257354736;0.4413244128227234;0.46725454926490784;0.27769970893859863;0.34667709469795227;0.40648916363716125;0.4301270842552185;0.2804435193538666;0.3305939733982086;0.3748010993003845;0.3949076533317566;6.231828137970297e-07;-0.04652674123644829;-0.07409139722585678;-0.0903378576040268;-0.10220938175916672;-0.10002335906028748;-0.12788772583007812;-0.12934981286525726;-0.12339005619287491;-0.08467791974544525;-0.12456376850605011;-0.12505663931369781;-0.11437292397022247;-0.06833615154027939;-0.10297665745019913;-0.10348523408174515;-0.09242913126945496;-0.053831785917282104;-0.07729069888591766;-0.07847639173269272;-0.07044196873903275;0.27478522062301636;0.33005908131599426;0.3729725480079651;0.3935123682022095;0.39929208159446716;0.3289698660373688;0.3712212145328522;0.39618489146232605;0.41381436586380005;0.28968048095703125;0.3336358666419983;0.36600011587142944;0.38996800780296326;0.2609201669692993;0.29928553104400635;0.3281608521938324;0.3530086874961853;0.24462825059890747;0.26691001653671265;0.28530243039131165;0.304044634103775;0.050649963319301605;0.05186682194471359;0.09375252574682236;0.15061074495315552;0.19884070754051208;0.07288017868995667;0.16836033761501312;0.2267501950263977;0.2716728746891022;0.10034581273794174;0.2026704102754593;0.2665712833404541;0.31213659048080444;0.12855148315429688;0.22207197546958923;0.2809489369392395;0.32137203216552734;0.1516987383365631;0.22397315502166748;0.2678241729736328;0.2987963557243347;4.6940252218519163e-07;-0.02957567386329174;-0.05316149443387985;-0.06826364248991013;-0.08354231715202332;-0.09614574164152145;-0.1285046637058258;-0.13993552327156067;-0.1445664018392563;-0.09237326681613922;-0.12428421527147293;-0.13365091383457184;-0.1387915164232254;-0.08654551208019257;-0.11347143352031708;-0.12286660820245743;-0.12702152132987976;-0.0808335393667221;-0.10311625897884369;-0.11101964861154556;-0.11478929221630096;0.9215458631515503;0.9949066638946533
1772029330.1333334;0.7706307768821716;0.7077894806861877;0.6683993339538574;0.6557756662368774;0.6514825224876404;0.7423838376998901;0.7126525044441223;0.6839509606361389;0.6569138765335083;0.7939814329147339;0.8013967275619507;0.7719905972480774;0.7374567985534668;0.8260893821716309;0.8388181924819946;0.8063266277313232;0.771973729133606;0.8399897217750549;0.8466215133666992;0.8228165507316589;0.7930672764778137;0.15140128135681152;0.1783229112625122;0.24199676513671875;0.319461852312088;0.38979291915893555;0.2450798898935318;0.34290462732315063;0.4036303758621216;0.44076937437057495;0.2659427225589752;0.3679785430431366;0.4347117841243744;0.4642610549926758;0.2875472605228424;0.37644296884536743;0.42769426107406616;0.45210564136505127;0.30898118019104004;0.37958824634552;0.4164089262485504;0.4354337751865387;6.969011110413703e-07;-0.050193771719932556;-0.08440142124891281;-0.10474704205989838;-0.12184428423643112;-0.12319762259721756;-0.1586361825466156;-0.16667266190052032;-0.16669835150241852;-0.10644134134054184;-0.14579211175441742;-0.14648732542991638;-0.14111328125;-0.08812802284955978;-0.12157858908176422;-0.12287326902151108;-0.11737463623285294;-0.07176212966442108;-0.09703785926103592;-0.10074169933795929;-0.09779886901378632;0.27717944979667664;0.33345261216163635;0.3773028254508972;0.4006488025188446;0.41070619225502014;0.33167779445648193;0.3727251887321472;0.3972286283969879;0.415086030960083;0.2918665111064911;0.3342879116535187;0.3674364686012268;0.3924766480922699;0.26261332631111145;0.3001650869846344;0.3298356235027313;0.3551584482192993;0.24560557305812836;0.26708999276161194;0.28589463233947754;0.30505406856536865;0.055049829185009;0.059027984738349915;0.10566144436597824;0.1693013459444046;0.22134459018707275;0.0822189599275589;0.1822444200515747;0.24119782447814941;0.28551048040390015;0.10949096083641052;0.21389436721801758;0.2778303623199463;0.32174527645111084;0.1375708431005478;0.2321876436471939;0.291620135307312;0.3322930335998535;0.16024687886238098;0.23168477416038513;0.27634161710739136;0.3085365891456604;4.485050340008456e-07;-0.02902199886739254;-0.050991084426641464;-0.06459353119134903;-0.0782453715801239;-0.09351816028356552;-0.12495791912078857;-0.1355678141117096;-0.13968874514102936;-0.0898393914103508;-0.12181151658296585;-0.131338968873024;-0.1364116370677948;-0.08418762683868408;-0.11138563603162766;-0.12166567891836166;-0.12642250955104828;-0.07853730022907257;-0.1015334501862526;-0.11060608923435211;-0.11513864248991013;0.9884614944458008;0.9953365921974182
1772029330.1666667;0.7379274964332581;0.6787779927253723;0.6320936679840088;0.6110626459121704;0.5932354927062988;0.6902292370796204;0.6540303826332092;0.6256693005561829;0.600662112236023;0.7352570295333862;0.7239386439323425;0.6976169943809509;0.671170711517334;0.7641266584396362;0.7641140818595886;0.7373506426811218;0.7101519703865051;0.7777934074401855;0.7821774482727051;0.7657104134559631;0.7441616654396057;0.14428158104419708;0.1613924205303192;0.2220820188522339;0.29349246621131897;0.35134029388427734;0.2376508116722107;0.3314777612686157;0.38644397258758545;0.4230826199054718;0.26138216257095337;0.3629937469959259;0.42316383123397827;0.45714637637138367;0.27827146649360657;0.3628138303756714;0.41208338737487793;0.44228535890579224;0.28908541798591614;0.3563982844352722;0.39505067467689514;0.4202383756637573;5.626598635899427e-07;-0.03668110817670822;-0.06138203293085098;-0.0760011151432991;-0.08891217410564423;-0.09059328585863113;-0.11860067397356033;-0.12697666883468628;-0.12944331765174866;-0.07961105555295944;-0.10629434138536453;-0.10763346403837204;-0.10634618252515793;-0.06789197772741318;-0.08931610733270645;-0.09217137843370438;-0.09195278584957123;-0.057788558304309845;-0.07420831173658371;-0.07807984203100204;-0.07881169021129608;0.2796351909637451;0.33741340041160583;0.3821091651916504;0.40455949306488037;0.4191390872001648;0.33643990755081177;0.37433695793151855;0.3979736268520355;0.4155161678791046;0.2959549129009247;0.33495405316352844;0.3658720850944519;0.38944321870803833;0.26586219668388367;0.3011971116065979;0.32915571331977844;0.35303330421447754;0.24711748957633972;0.2682304084300995;0.2868645489215851;0.30581098794937134;0.05890848487615585;0.06788317114114761;0.1182694062590599;0.18372826278209686;0.2361244559288025;0.1000884473323822;0.1973189413547516;0.25605449080467224;0.29996564984321594;0.12410349398851395;0.22819635272026062;0.29256749153137207;0.337296724319458;0.14893993735313416;0.2450147271156311;0.3049871325492859;0.3463524580001831;0.16894951462745667;0.24213531613349915;0.2869577407836914;0.3196524977684021;4.1249734294979135e-07;-0.027808865532279015;-0.048737358301877975;-0.06152713671326637;-0.0744905024766922;-0.08943518996238708;-0.12048205733299255;-0.13168984651565552;-0.13622501492500305;-0.08620847761631012;-0.11715574562549591;-0.12669843435287476;-0.13192793726921082;-0.08119027316570282;-0.10741940885782242;-0.11730118095874786;-0.12184718996286392;-0.07618650794029236;-0.09848268330097198;-0.10714084655046463;-0.1113286092877388;0.9684502482414246;0.9936041235923767
1772029330.2;0.7116466760635376;0.6519757509231567;0.6020040512084961;0.5711759328842163;0.5444678068161011;0.6410549283027649;0.5969225764274597;0.5686427354812622;0.5459241271018982;0.6826163530349731;0.6509837508201599;0.6215324401855469;0.596792459487915;0.713960587978363;0.6952539682388306;0.6681817770004272;0.642682671546936;0.7333326935768127;0.7231302261352539;0.7031325697898865;0.6810239553451538;0.146769717335701;0.15349525213241577;0.2033255249261856;0.2707938849925995;0.3190824091434479;0.22412197291851044;0.3112003207206726;0.36095234751701355;0.3925638794898987;0.25510287284851074;0.35353076457977295;0.40918564796447754;0.44413843750953674;0.27845239639282227;0.36532044410705566;0.4139152765274048;0.4455472230911255;0.2938917279243469;0.36130475997924805;0.3926469087600708;0.4122876822948456;6.165287800286023e-07;-0.027122264727950096;-0.0473933219909668;-0.05965055152773857;-0.0713455006480217;-0.0768481120467186;-0.10237082839012146;-0.10892321169376373;-0.10992411524057388;-0.06982079893350601;-0.09399832785129547;-0.09596521407365799;-0.09551289677619934;-0.06175435334444046;-0.08146952837705612;-0.08575348556041718;-0.08730924129486084;-0.05429442599415779;-0.06982705742120743;-0.07398393005132675;-0.07528609037399292;0.28290340304374695;0.3426574468612671;0.3868587613105774;0.40724948048591614;0.4198363721370697;0.34013280272483826;0.37684065103530884;0.39921513199806213;0.41561397910118103;0.299174964427948;0.335645854473114;0.3646699786186218;0.3870149254798889;0.26858219504356384;0.3013187348842621;0.3277565538883209;0.3504725396633148;0.24943983554840088;0.2676929831504822;0.2856476306915283;0.3041592836380005;0.06458592414855957;0.07400042563676834;0.12734414637088776;0.19603440165519714;0.24835923314094543;0.11685751378536224;0.2127116322517395;0.2705764174461365;0.3132147789001465;0.14070850610733032;0.2443426251411438;0.3086532652378082;0.35312965512275696;0.16352757811546326;0.25926512479782104;0.3182910680770874;0.359041690826416;0.1806173473596573;0.25273990631103516;0.29708439111709595;0.3297865390777588;3.9696394082966435e-07;-0.026177817955613136;-0.04498814791440964;-0.056148238480091095;-0.06757330149412155;-0.08249581605195999;-0.11093930155038834;-0.12129782885313034;-0.1253654509782791;-0.07946762442588806;-0.10727159678936005;-0.11631409823894501;-0.12126347422599792;-0.07471083104610443;-0.09808528423309326;-0.10744264721870422;-0.11200525611639023;-0.07000245153903961;-0.09014410525560379;-0.09775590151548386;-0.10124941170215607;0.9909502267837524;0.9954047203063965
1772029330.2333333;0.6815961599349976;0.619513213634491;0.5649580955505371;0.5313681364059448;0.5013146996498108;0.595964789390564;0.5472248196601868;0.5185348391532898;0.4964931905269623;0.633698582649231;0.5887298583984375;0.5553032755851746;0.5292050242424011;0.6641765832901001;0.6331586837768555;0.6019556522369385;0.5745508670806885;0.6853487491607666;0.6726231575012207;0.6569653749465942;0.6403166055679321;0.15239021182060242;0.15054059028625488;0.19176635146141052;0.2513263523578644;0.290038526058197;0.225651815533638;0.29983407258987427;0.3416978120803833;0.3685320317745209;0.25884148478507996;0.35068798065185547;0.40029239654541016;0.430919885635376;0.28194552659988403;0.3641713261604309;0.409271776676178;0.43777701258659363;0.29272225499153137;0.3530707061290741;0.3773018419742584;0.3920815587043762;5.834880312249879e-07;-0.018379634246230125;-0.033837851136922836;-0.043105967342853546;-0.053142085671424866;-0.06522704660892487;-0.08606300503015518;-0.09097069501876831;-0.09145280718803406;-0.06178754195570946;-0.08041747659444809;-0.08285815268754959;-0.08306627720594406;-0.056343816220760345;-0.07166691869497299;-0.07768706232309341;-0.08140105754137039;-0.050562646239995956;-0.06423360109329224;-0.06882175803184509;-0.070632703602314;0.2831159234046936;0.3438281714916229;0.387099027633667;0.4065268337726593;0.4222370982170105;0.34202906489372253;0.377360075712204;0.39940145611763;0.41463202238082886;0.30012765526771545;0.3355725109577179;0.36341366171836853;0.38392922282218933;0.2692696452140808;0.3000526428222656;0.3260798454284668;0.3478458821773529;0.24982483685016632;0.2685963213443756;0.2870542109012604;0.3053966760635376;0.07042334228754044;0.08036985993385315;0.13590779900550842;0.20625624060630798;0.25883516669273376;0.13111300766468048;0.22752591967582703;0.28243786096572876;0.32119932770729065;0.15303009748458862;0.2593958079814911;0.3223278820514679;0.364826500415802;0.17376676201820374;0.27154552936553955;0.3288293182849884;0.3675929307937622;0.18980763852596283;0.262798935174942;0.3064330816268921;0.33816468715667725;3.4468271792320593e-07;-0.024807080626487732;-0.04237951338291168;-0.05233252793550491;-0.061961475759744644;-0.07778266072273254;-0.10410649329423904;-0.1119692474603653;-0.11397837102413177;-0.07469426840543747;-0.10120197385549545;-0.10811623930931091;-0.11103923618793488;-0.07015913724899292;-0.09298062324523926;-0.10092741250991821;-0.10390960425138474;-0.06554871052503586;-0.08479936420917511;-0.09159327298402786;-0.09416285902261734;0.9988916516304016;0.9968860149383545
1772029330.2666667;0.6530353426933289;0.5929388999938965;0.5383015871047974;0.5046143531799316;0.4760817885398865;0.5531980991363525;0.5049475431442261;0.4782922863960266;0.4583764672279358;0.5869272351264954;0.5440472364425659;0.5168834924697876;0.4949667751789093;0.6184133887290955;0.5871623754501343;0.5630740523338318;0.5410816669464111;0.6465178728103638;0.6335653066635132;0.6210228204727173;0.6060089468955994;0.1494629979133606;0.14481720328330994;0.1799212396144867;0.23330914974212646;0.2653487026691437;0.23266316950321198;0.29528161883354187;0.33490389585494995;0.36160343885421753;0.2670232951641083;0.35020163655281067;0.3950607478618622;0.42525798082351685;0.28779342770576477;0.3633105456829071;0.4036112427711487;0.43077754974365234;0.29412201046943665;0.3493945002555847;0.37328824400901794;0.3894765377044678;4.868908831667795e-07;-0.011452269740402699;-0.020146118476986885;-0.024895407259464264;-0.030641596764326096;-0.0420943945646286;-0.05570776015520096;-0.05892329290509224;-0.05955621600151062;-0.04144073277711868;-0.054632578045129776;-0.05714145302772522;-0.05742555484175682;-0.03912334144115448;-0.05006181821227074;-0.05406571179628372;-0.05649767816066742;-0.036362770944833755;-0.04648197069764137;-0.04850070923566818;-0.04828449711203575;0.2844691276550293;0.3460808992385864;0.3882574737071991;0.40686243772506714;0.423774778842926;0.3443353474140167;0.3788416087627411;0.3992811441421509;0.4139781594276428;0.3010956346988678;0.3320741653442383;0.35729774832725525;0.3778158128261566;0.2701476216316223;0.2980412542819977;0.32276469469070435;0.3450309634208679;0.2517530024051666;0.2713715732097626;0.28902870416641235;0.3068186342716217;0.07015524059534073;0.08293180912733078;0.1397189199924469;0.20977969467639923;0.26268506050109863;0.14052091538906097;0.23565474152565002;0.2900598645210266;0.3276798129081726;0.16099326312541962;0.2654259204864502;0.32743650674819946;0.36881548166275024;0.17954784631729126;0.275963693857193;0.33294254541397095;0.3719906806945801;0.1935563087463379;0.26579955220222473;0.3092772364616394;0.3407459855079651;3.194466273725993e-07;-0.023719798773527145;-0.04012635350227356;-0.049116842448711395;-0.05749254301190376;-0.07207516580820084;-0.09502619504928589;-0.10062018036842346;-0.10128813982009888;-0.06856188923120499;-0.09286361187696457;-0.09857786446809769;-0.10052555054426193;-0.06367773562669754;-0.08499234914779663;-0.09239176660776138;-0.09483139961957932;-0.05863405764102936;-0.07680805027484894;-0.083235964179039;-0.08532901853322983;0.9921926259994507;0.9978121519088745
1772029330.3;0.6331416368484497;0.5725729465484619;0.5261455774307251;0.49307188391685486;0.46775752305984497;0.5310965180397034;0.4820074141025543;0.45584315061569214;0.4391203224658966;0.5617852210998535;0.5167301297187805;0.4915565848350525;0.47475796937942505;0.593889594078064;0.5610032677650452;0.5384969115257263;0.5201808214187622;0.6245101690292358;0.6114004254341125;0.5989073514938354;0.5859856009483337;0.1404941976070404;0.13939036428928375;0.1720104217529297;0.21806228160858154;0.25145062804222107;0.22400802373886108;0.28794631361961365;0.3276211619377136;0.3554222583770752;0.2573845684528351;0.34086790680885315;0.387418657541275;0.4183434844017029;0.27812281250953674;0.3599182069301605;0.40034979581832886;0.42537325620651245;0.28521478176116943;0.34504854679107666;0.36719703674316406;0.37786757946014404;3.9865631151769776e-07;-0.002426980994641781;-0.008343186229467392;-0.012722252868115902;-0.018644262105226517;-0.033053528517484665;-0.04604383930563927;-0.049509648233652115;-0.05003337934613228;-0.03720498085021973;-0.04969683289527893;-0.05285157263278961;-0.05362270772457123;-0.03914768248796463;-0.048826199024915695;-0.05301634967327118;-0.05565134435892105;-0.0399111770093441;-0.048858560621738434;-0.05020753666758537;-0.04941229894757271;0.28265950083732605;0.3441620171070099;0.388084352016449;0.406924843788147;0.4221567213535309;0.34251078963279724;0.38003551959991455;0.4009236693382263;0.4152158796787262;0.3001507520675659;0.3311876952648163;0.35604679584503174;0.37562888860702515;0.27049317955970764;0.297638863325119;0.3223550617694855;0.3440738320350647;0.25352609157562256;0.2742873430252075;0.2919507324695587;0.3090839385986328;0.07255128771066666;0.08438010513782501;0.14002519845962524;0.20823752880096436;0.2605303227901459;0.14265994727611542;0.23673255741596222;0.2891823351383209;0.32580357789993286;0.1617143303155899;0.2670993506908417;0.32717397809028625;0.3652234375476837;0.1798126995563507;0.27715834975242615;0.33267349004745483;0.3691929280757904;0.1939903199672699;0.26938581466674805;0.3121037483215332;0.34074610471725464;2.7886972020496614e-07;-0.023112257942557335;-0.039306990802288055;-0.04813876748085022;-0.055982593446969986;-0.07116783410310745;-0.09329497814178467;-0.09791100025177002;-0.09769786149263382;-0.06751590967178345;-0.09126076847314835;-0.0952552780508995;-0.0956222340464592;-0.06250467896461487;-0.08305928856134415;-0.0881398618221283;-0.08854657411575317;-0.05739281326532364;-0.07379799336194992;-0.07774989306926727;-0.077893927693367;0.9959531426429749;0.9982331991195679
1772029330.3333333;0.6300919055938721;0.5654526352882385;0.5182984471321106;0.4889224171638489;0.4678559899330139;0.523724377155304;0.47202974557876587;0.44790714979171753;0.43270039558410645;0.5547230839729309;0.5068010687828064;0.4827978014945984;0.4673781096935272;0.5864632725715637;0.5507126450538635;0.5291383862495422;0.5123744606971741;0.6163153648376465;0.6005775332450867;0.5873762965202332;0.5740244388580322;0.13668932020664215;0.13673613965511322;0.16688866913318634;0.21466198563575745;0.24989058077335358;0.21031422913074493;0.27638137340545654;0.3184421956539154;0.3487871289253235;0.24354295432567596;0.3288973867893219;0.37802714109420776;0.4097388982772827;0.26635539531707764;0.34848782420158386;0.3923949599266052;0.41766729950904846;0.2762399911880493;0.3412838876247406;0.36364853382110596;0.37147006392478943;3.366067744536849e-07;0.0027568317018449306;-0.0011762455105781555;-0.0040221428498625755;-0.008598897606134415;-0.03407974913716316;-0.04674617946147919;-0.04872579872608185;-0.04801666736602783;-0.03996376693248749;-0.05353924259543419;-0.05613934248685837;-0.056400496512651443;-0.04275759309530258;-0.05328868702054024;-0.05766109749674797;-0.05988644063472748;-0.043584078550338745;-0.0517946295440197;-0.052363552153110504;-0.05095628648996353;0.28166255354881287;0.3430112302303314;0.3875633180141449;0.4071122407913208;0.4223727285861969;0.3422352969646454;0.38079458475112915;0.40268951654434204;0.41752785444259644;0.30029234290122986;0.3322487473487854;0.35801568627357483;0.37802404165267944;0.27091822028160095;0.29939258098602295;0.3257785141468048;0.34869900345802307;0.2541331648826599;0.2757914066314697;0.29449981451034546;0.31251516938209534;0.06899990886449814;0.07970277220010757;0.13679665327072144;0.2067490518093109;0.2598671615123749;0.13980449736118317;0.23551210761070251;0.2881885766983032;0.3242511749267578;0.15961554646492004;0.26607272028923035;0.3250274658203125;0.3613142967224121;0.17807675898075104;0.2767024338245392;0.3312094509601593;0.36606675386428833;0.19231551885604858;0.2684023678302765;0.3112221956253052;0.33950668573379517;2.727304888594517e-07;-0.022246934473514557;-0.03798840939998627;-0.04639919847249985;-0.053853102028369904;-0.07061172276735306;-0.09213890135288239;-0.096217580139637;-0.09558623284101486;-0.06704042106866837;-0.09004698693752289;-0.09313464164733887;-0.09279254078865051;-0.0620209276676178;-0.08154886215925217;-0.08580517768859863;-0.08576172590255737;-0.05685814470052719;-0.07248188555240631;-0.07602003216743469;-0.07591333240270615;0.995761513710022;0.9981837272644043
1772029330.3666666;0.6272611618041992;0.5638313293457031;0.5168160200119019;0.4870463013648987;0.46577149629592896;0.5211150646209717;0.47095170617103577;0.44708749651908875;0.431484192609787;0.5538292527198792;0.5067005157470703;0.4823618233203888;0.46665364503860474;0.585552990436554;0.550441563129425;0.5284717679023743;0.51137375831604;0.6145108342170715;0.5979701280593872;0.5852579474449158;0.5720059275627136;0.1335228532552719;0.13332092761993408;0.16364631056785583;0.21431106328964233;0.2529565393924713;0.20832930505275726;0.27482151985168457;0.316563218832016;0.34724101424217224;0.24053074419498444;0.3264649212360382;0.37703007459640503;0.4094052314758301;0.2632935643196106;0.34715011715888977;0.39204835891723633;0.41655123233795166;0.27390289306640625;0.3417273759841919;0.36430972814559937;0.37080836296081543;3.322961958929227e-07;0.0018999489257112145;-0.002931744558736682;-0.006548102013766766;-0.01203762087970972;-0.03500444069504738;-0.04793795198202133;-0.05055874586105347;-0.05033726990222931;-0.04060044139623642;-0.053587671369314194;-0.05665283650159836;-0.05760861188173294;-0.04318144544959068;-0.052608244121074677;-0.057031162083148956;-0.05971159785985947;-0.04399704188108444;-0.051504455506801605;-0.052155863493680954;-0.05096382275223732;0.28361788392066956;0.34509384632110596;0.38971054553985596;0.4095890522003174;0.4248913526535034;0.34664446115493774;0.38398057222366333;0.40501850843429565;0.4197638928890228;0.3045058846473694;0.33714643120765686;0.36258000135421753;0.3827238082885742;0.2744996249675751;0.3043367266654968;0.33023425936698914;0.3531370162963867;0.25680479407310486;0.2783503532409668;0.2967430651187897;0.31510230898857117;0.07059892266988754;0.0813087448477745;0.13625387847423553;0.20411458611488342;0.25746065378189087;0.140957772731781;0.23673400282859802;0.28959375619888306;0.3245118260383606;0.16208460927009583;0.26784420013427734;0.3239106833934784;0.3566059470176697;0.181537926197052;0.27932414412498474;0.33185669779777527;0.3645106554031372;0.19598466157913208;0.2719131410121918;0.31239891052246094;0.3379402160644531;2.7154311510457774e-07;-0.02080625109374523;-0.03635801002383232;-0.04509475454688072;-0.05284888669848442;-0.06811027228832245;-0.08922240883111954;-0.09311231225728989;-0.09237451106309891;-0.06526327133178711;-0.08805935829877853;-0.09094379842281342;-0.09037134796380997;-0.0609586238861084;-0.07994933426380157;-0.08348103612661362;-0.08302930742502213;-0.05648140609264374;-0.07130488753318787;-0.07405729591846466;-0.07345740497112274;0.9972187876701355;0.9979477524757385
1772029330.4;0.6267078518867493;0.5626621246337891;0.5125020742416382;0.48026204109191895;0.46201857924461365;0.5237410068511963;0.4750444293022156;0.4489060342311859;0.4300754964351654;0.556395411491394;0.5122018456459045;0.4866832494735718;0.46866971254348755;0.5875818133354187;0.5571819543838501;0.5329518914222717;0.5118827819824219;0.6157008409500122;0.6057022213935852;0.5921956896781921;0.5760583877563477;0.13560041785240173;0.130628302693367;0.16235336661338806;0.21730230748653412;0.2622978389263153;0.21419711410999298;0.2807508111000061;0.3212524354457855;0.3504020869731903;0.2491602748632431;0.3323017358779907;0.382207453250885;0.41381603479385376;0.270896852016449;0.35024458169937134;0.3935600817203522;0.4173062741756439;0.27819201350212097;0.34076961874961853;0.3630375862121582;0.37006980180740356;3.7708218769694213e-07;-0.006390663795173168;-0.013083660043776035;-0.017349490895867348;-0.02332477644085884;-0.03860786557197571;-0.05223987624049187;-0.05597981438040733;-0.05708841234445572;-0.04084327071905136;-0.05412241071462631;-0.05863111838698387;-0.0610143318772316;-0.04090888425707817;-0.05093137547373772;-0.05682649463415146;-0.06124257296323776;-0.04021148011088371;-0.05060986801981926;-0.05433079972863197;-0.05555933341383934;0.286716103553772;0.34699547290802;0.3913692831993103;0.4121135175228119;0.4255058169364929;0.3517282009124756;0.38692718744277954;0.40747570991516113;0.4221855103969574;0.3098007142543793;0.3401939570903778;0.364981085062027;0.3856160044670105;0.27839329838752747;0.3067088723182678;0.3318176567554474;0.35502925515174866;0.2583519518375397;0.27864569425582886;0.29668426513671875;0.3153057396411896;0.07336460053920746;0.08768833428621292;0.14072977006435394;0.20662261545658112;0.25978222489356995;0.14474119246006012;0.23916128277778625;0.2920088768005371;0.32710132002830505;0.16544048488140106;0.2700430452823639;0.32762300968170166;0.3623508810997009;0.18267206847667694;0.2791573703289032;0.3329077959060669;0.36807894706726074;0.19441865384578705;0.26932358741760254;0.3115733861923218;0.3400237560272217;2.963580527648446e-07;-0.018325909972190857;-0.03377566114068031;-0.043315790593624115;-0.052214980125427246;-0.06458483636379242;-0.0871705412864685;-0.09309828281402588;-0.09380262345075607;-0.06373105943202972;-0.087457574903965;-0.09190983325242996;-0.0925244465470314;-0.061430275440216064;-0.08117742836475372;-0.08548960834741592;-0.08565074950456619;-0.0587589293718338;-0.0737348422408104;-0.07645945250988007;-0.07597135007381439;0.9955938458442688;0.9974054098129272
1772029330.4333334;0.6274220943450928;0.5631791949272156;0.5141410827636719;0.48168671131134033;0.4623635709285736;0.5255942344665527;0.47640252113342285;0.4504106044769287;0.43138188123703003;0.5576471090316772;0.5123686194419861;0.4855199456214905;0.46641361713409424;0.5886041522026062;0.5586568713188171;0.5353133082389832;0.5151411294937134;0.6162083148956299;0.6061822772026062;0.5933019518852234;0.5780109167098999;0.13760226964950562;0.13297992944717407;0.1641387939453125;0.21805065870285034;0.26224586367607117;0.21912984549999237;0.28254228830337524;0.3217012882232666;0.3496490716934204;0.2535206079483032;0.3354889154434204;0.38307133316993713;0.4126564860343933;0.2740865647792816;0.3554401397705078;0.3982008695602417;0.420426607131958;0.27960583567619324;0.34136882424354553;0.3634684085845947;0.3708832561969757;4.1502684666738787e-07;-0.005519173573702574;-0.011459194123744965;-0.014759448356926441;-0.019343441352248192;-0.03697807341814041;-0.04961952939629555;-0.05250561237335205;-0.05293283984065056;-0.03853926807641983;-0.05148317292332649;-0.05498765781521797;-0.05621534213423729;-0.03775560110807419;-0.04753430560231209;-0.052596595138311386;-0.055874936282634735;-0.0360201932489872;-0.04535394534468651;-0.04798595607280731;-0.0481516532599926;0.2875516712665558;0.3484472632408142;0.3918953835964203;0.41226017475128174;0.4268196225166321;0.35442742705345154;0.3895747661590576;0.4096781015396118;0.42322632670402527;0.31300294399261475;0.34500449895858765;0.3696155250072479;0.3897523283958435;0.281020849943161;0.31111323833465576;0.33605873584747314;0.3591533899307251;0.2593443989753723;0.28013092279434204;0.29819822311401367;0.31720227003097534;0.07461804896593094;0.08729925751686096;0.14304134249687195;0.21080434322357178;0.26428771018981934;0.14645814895629883;0.24340492486953735;0.2962578237056732;0.32947319746017456;0.16830845177173615;0.2739536464214325;0.3302752375602722;0.3635092079639435;0.18626876175403595;0.2837930917739868;0.3363305926322937;0.37021294236183167;0.19828316569328308;0.27244192361831665;0.3135536313056946;0.34110018610954285;2.991896508319769e-07;-0.016743335872888565;-0.03139638155698776;-0.04037470743060112;-0.048808321356773376;-0.06334289908409119;-0.08488009870052338;-0.08950880169868469;-0.08920102566480637;-0.06300295144319534;-0.08574394136667252;-0.08918900787830353;-0.0889957994222641;-0.06105370074510574;-0.07947848737239838;-0.08301302790641785;-0.08295794576406479;-0.05863594636321068;-0.07279998064041138;-0.0752890333533287;-0.07475633174180984;0.997352123260498;0.9960194230079651
1772029330.4666667;0.630243718624115;0.5660465359687805;0.5203486084938049;0.48848217725753784;0.4669177234172821;0.5277257561683655;0.47861984372138977;0.452501505613327;0.43309617042541504;0.558650553226471;0.5138344168663025;0.48663580417633057;0.4668230414390564;0.5893985629081726;0.5591188669204712;0.5357100367546082;0.5154408812522888;0.6167117953300476;0.6071593761444092;0.5934720039367676;0.5772265195846558;0.1356530785560608;0.1308487504720688;0.16216976940631866;0.21168848872184753;0.2520253360271454;0.21902909874916077;0.2801106870174408;0.3184819519519806;0.3468799293041229;0.25312286615371704;0.33294355869293213;0.37957334518432617;0.4098573923110962;0.2730903923511505;0.35383903980255127;0.3953162431716919;0.4170605540275574;0.2779693603515625;0.34186628460884094;0.36363303661346436;0.3699091672897339;4.0175524418373243e-07;-0.0041939555667340755;-0.009722182527184486;-0.013122806325554848;-0.017770327627658844;-0.034224413335323334;-0.04687121883034706;-0.05049848556518555;-0.051678262650966644;-0.036547210067510605;-0.049480874091386795;-0.05369952693581581;-0.05579548701643944;-0.03662783280014992;-0.04676743969321251;-0.052343789488077164;-0.05605033040046692;-0.035678137093782425;-0.045548904687166214;-0.048526547849178314;-0.04900204390287399;0.28770533204078674;0.34828460216522217;0.39262956380844116;0.4135311543941498;0.427459180355072;0.35543590784072876;0.38904717564582825;0.4088195562362671;0.42251116037368774;0.31457942724227905;0.3468515872955322;0.3722129464149475;0.3926071226596832;0.2829248607158661;0.3117992877960205;0.3371151387691498;0.36047548055648804;0.2610028386116028;0.2810348868370056;0.29982131719589233;0.3196147084236145;0.07237350195646286;0.08610081672668457;0.14249497652053833;0.21101616322994232;0.265579491853714;0.14937175810337067;0.2440415322780609;0.2956528961658478;0.3296501040458679;0.17173689603805542;0.27495065331459045;0.3298162817955017;0.36260396242141724;0.1894993633031845;0.28694915771484375;0.33760422468185425;0.369023859500885;0.20090390741825104;0.27707335352897644;0.3164118230342865;0.3407694101333618;2.7314266048961144e-07;-0.0157635360956192;-0.02962169237434864;-0.03811504691839218;-0.04606906697154045;-0.0606139600276947;-0.08150827884674072;-0.0864422544836998;-0.0866713747382164;-0.06053922697901726;-0.08277986943721771;-0.08649005740880966;-0.086695596575737;-0.05884891003370285;-0.0767141580581665;-0.07976198941469193;-0.07933611422777176;-0.056741565465927124;-0.06979046761989594;-0.07138125598430634;-0.07028423249721527;0.9970639944076538;0.9958317279815674
1772029330.5;0.6306491494178772;0.5661193132400513;0.5212723612785339;0.4883055090904236;0.46561890840530396;0.5275707244873047;0.47804924845695496;0.4513798654079437;0.4315783977508545;0.5594887733459473;0.5158047676086426;0.48839855194091797;0.4681604206562042;0.590880274772644;0.5609385371208191;0.536797046661377;0.5154940485954285;0.6184589862823486;0.6095240712165833;0.5959425568580627;0.5792813897132874;0.13508257269859314;0.12975430488586426;0.1623404175043106;0.21253424882888794;0.25292518734931946;0.22068099677562714;0.2844231426715851;0.322557270526886;0.34968826174736023;0.25441524386405945;0.3342103958129883;0.38112133741378784;0.41144633293151855;0.273804634809494;0.3539198338985443;0.3959020972251892;0.41881099343299866;0.27768778800964355;0.33972224593162537;0.3627540171146393;0.3718295395374298;4.1006424567058275e-07;-0.003579141804948449;-0.009098462760448456;-0.012526697479188442;-0.017222603783011436;-0.034542735666036606;-0.047582946717739105;-0.0511346161365509;-0.05200903117656708;-0.03673141077160835;-0.050298016518354416;-0.0545031763613224;-0.056373417377471924;-0.03660240024328232;-0.046716250479221344;-0.052078213542699814;-0.05560896918177605;-0.03537147492170334;-0.04510648176074028;-0.048272859305143356;-0.048851378262043;0.2878696918487549;0.3484645485877991;0.3925805687904358;0.41368919610977173;0.42772945761680603;0.356595516204834;0.38930773735046387;0.4087306559085846;0.4225294589996338;0.3153485953807831;0.34691229462623596;0.371836394071579;0.39207926392555237;0.2830204963684082;0.31200164556503296;0.3369850814342499;0.3601188063621521;0.2608373463153839;0.2800758481025696;0.29823213815689087;0.31737402081489563;0.07219614088535309;0.08853943645954132;0.14472545683383942;0.21201974153518677;0.2659217119216919;0.1501104086637497;0.24465835094451904;0.2958674430847168;0.3303954303264618;0.17244726419448853;0.2755547761917114;0.3304956555366516;0.363802969455719;0.18961653113365173;0.28748923540115356;0.338672935962677;0.37203046679496765;0.20033226907253265;0.2740161418914795;0.3141997456550598;0.34163808822631836;2.6531705543675344e-07;-0.014962906017899513;-0.028169790282845497;-0.03653980791568756;-0.044554732739925385;-0.05725422501564026;-0.07803894579410553;-0.08362923562526703;-0.0846051499247551;-0.058118317276239395;-0.079779714345932;-0.08453598618507385;-0.08584479242563248;-0.05752447992563248;-0.07489252090454102;-0.07888873666524887;-0.07964890450239182;-0.05657367408275604;-0.06993062049150467;-0.07254143059253693;-0.07248299568891525;0.9969449043273926;0.9961702823638916
1772029330.5333333;0.629762589931488;0.5667818188667297;0.5231624245643616;0.49010130763053894;0.46835973858833313;0.5277976989746094;0.4778027832508087;0.45158177614212036;0.432889461517334;0.5590815544128418;0.5143712759017944;0.4875023663043976;0.46833857893943787;0.5906417369842529;0.5602033734321594;0.5363844037055969;0.5160213708877563;0.6184459924697876;0.6076085567474365;0.593803882598877;0.5777463316917419;0.1365169733762741;0.13188090920448303;0.16163448989391327;0.2095094919204712;0.2505432367324829;0.21945242583751678;0.28293919563293457;0.32140493392944336;0.348982036113739;0.25293055176734924;0.33426427841186523;0.38064664602279663;0.40996021032333374;0.27273648977279663;0.3538306951522827;0.39619046449661255;0.41910091042518616;0.27729809284210205;0.3389473259449005;0.3620728552341461;0.3712976574897766;4.222850407131773e-07;-0.003721802029758692;-0.010335814207792282;-0.014784479513764381;-0.020550018176436424;-0.03637765347957611;-0.05001799017190933;-0.05370614305138588;-0.054525382816791534;-0.03890712559223175;-0.05294913426041603;-0.05674194544553757;-0.05816594138741493;-0.03907810524106026;-0.049585629254579544;-0.054426904767751694;-0.05746658891439438;-0.03813185915350914;-0.04783640056848526;-0.05037811025977135;-0.0504213310778141;0.2889784872531891;0.3497675359249115;0.39350318908691406;0.41424617171287537;0.42805784940719604;0.35639214515686035;0.3903685212135315;0.40982186794281006;0.42304208874702454;0.31495147943496704;0.34796321392059326;0.3728172779083252;0.392487496137619;0.28285545110702515;0.31242823600769043;0.33767542243003845;0.3607303202152252;0.2607564926147461;0.28066766262054443;0.29914385080337524;0.31846287846565247;0.07413219660520554;0.08981462568044662;0.14599938690662384;0.21419532597064972;0.2686174511909485;0.15040072798728943;0.24756766855716705;0.2988535165786743;0.3318614065647125;0.17170991003513336;0.27799126505851746;0.33220475912094116;0.36317166686058044;0.18902550637722015;0.2895966172218323;0.3399556577205658;0.37109482288360596;0.19978047907352448;0.2767401933670044;0.31621676683425903;0.3409920930862427;2.7529253543434606e-07;-0.014893915504217148;-0.02861599624156952;-0.036966655403375626;-0.044744137674570084;-0.06161811575293541;-0.08229248225688934;-0.08634644746780396;-0.08576725423336029;-0.06178760156035423;-0.08450264483690262;-0.08729279041290283;-0.08650685846805573;-0.06013289839029312;-0.07771462202072144;-0.07953926920890808;-0.0781593769788742;-0.058003589510917664;-0.07016114145517349;-0.07084693014621735;-0.06911598891019821;0.997775673866272;0.9966202974319458
1772029330.5666666;0.6294716000556946;0.56617671251297;0.5217807292938232;0.4884375333786011;0.4657077193260193;0.5277976393699646;0.478914350271225;0.45262980461120605;0.4332672357559204;0.5592535734176636;0.5151957273483276;0.4879569709300995;0.4679494798183441;0.5902426242828369;0.5602586269378662;0.5363289713859558;0.5153710246086121;0.617262065410614;0.6080002188682556;0.5944501757621765;0.5781253576278687;0.13705867528915405;0.13139402866363525;0.1616111695766449;0.21085615456104279;0.25203293561935425;0.2192198783159256;0.2823055684566498;0.3209575414657593;0.34900423884391785;0.25345170497894287;0.3342357277870178;0.38116925954818726;0.41123875975608826;0.2736937701702118;0.3540293872356415;0.39637935161590576;0.41906654834747314;0.27845776081085205;0.34004926681518555;0.36180511116981506;0.3686752915382385;4.157218995715084e-07;-0.0048341089859604836;-0.011498631909489632;-0.01575566828250885;-0.021248575299978256;-0.037100210785865784;-0.0507340207695961;-0.05447034165263176;-0.055504802614450455;-0.03908338025212288;-0.053411539644002914;-0.05763302743434906;-0.05943404510617256;-0.03874837979674339;-0.04977601766586304;-0.05537572503089905;-0.0589265450835228;-0.03737097978591919;-0.047749701887369156;-0.051046669483184814;-0.05161826312541962;0.28908777236938477;0.3497796058654785;0.3930671513080597;0.41333505511283875;0.4282529354095459;0.3561273217201233;0.38918036222457886;0.4086441397666931;0.4220165014266968;0.314692884683609;0.3476203978061676;0.3729960024356842;0.39272230863571167;0.28243130445480347;0.3121226131916046;0.33746665716171265;0.3602513074874878;0.2601633369922638;0.2796419858932495;0.2979826331138611;0.317304402589798;0.07226896286010742;0.0886344388127327;0.1450577974319458;0.21330800652503967;0.26781198382377625;0.14914745092391968;0.2460302710533142;0.29659706354141235;0.32949087023735046;0.17079252004623413;0.27657806873321533;0.3298594355583191;0.36079996824264526;0.18781904876232147;0.2888026535511017;0.3392779231071472;0.37106233835220337;0.19807204604148865;0.27497273683547974;0.31502190232276917;0.3412390947341919;2.5243980417144485e-07;-0.015444643795490265;-0.029295707121491432;-0.03784366324543953;-0.04591543972492218;-0.06112261116504669;-0.0823555439710617;-0.08720960468053818;-0.08727604150772095;-0.061375681310892105;-0.08432072401046753;-0.08780688792467117;-0.08763737976551056;-0.060004040598869324;-0.07776591181755066;-0.08027549833059311;-0.07956388592720032;-0.05826482176780701;-0.0709332749247551;-0.07241056114435196;-0.07139364629983902;0.9980482459068298;0.9964829087257385
